t = 0
b = 381 381 381
E = 0 0 0
-126.9580307006836 31.355918884277344 -2.6394011974334717 -0.15145149900597746 -0.2813106684307501 -0.9475899700165082 0.956746715546577 -0.28261764464495226 -0.06901441317708287 0 0 0 0 0 0
-126.6895980834961 30.891151428222656 -2.664642333984375 0.02254516317890415 0.309843403773019 -0.9505202684612183 0.9567561465003057 -0.2824932472474799 -0.06939194040708077 0 0 0 0 0 0
-126.41602325439453 30.49703025817871 -2.906557321548462 0.18814741174788652 0.78338963007345 -0.5923691745406359 0.9568455645232274 -0.28221175699641265 -0.06930432789677725 0 0 0 0 0 0
-126.09957885742188 30.281490325927734 -3.2834954261779785 0.2824622199214959 0.959234756031599 -0.009152985197165767 0.9567776169868993 -0.2824015474049651 -0.06946911296505642 0 0 0 0 0 0
-125.71870422363281 30.284584045410156 -3.662520408630371 0.2689694827570048 0.7707718136292765 0.5775519272412353 0.9568563653116879 -0.28227232235588345 -0.06890741755661627 0 0 0 0 0 0
-125.27655029296875 30.463411331176758 -3.9098987579345703 0.15373331886423933 0.28933240039471 0.9448030634755697 0.956770263418701 -0.28250012464682184 -0.06916894254099708 0 0 0 0 0 0
-124.79932403564453 30.7081356048584 -3.941908121109009 -0.019893840004992534 -0.3019123873240897 0.9531280845249102 0.9568534272511049 -0.2821602661906749 -0.06940535239462473 0 0 0 0 0 0
-124.32662963867188 30.88405990600586 -3.7566583156585693 -0.1861341541797484 -0.7785187847525273 0.5993851670130298 0.9568592055603322 -0.2821571193613455 -0.06933845057511509 0 0 0 0 0 0
-123.89643096923828 30.882532119750977 -3.4347891807556152 -0.281645798848338 -0.959352425963391 0.017848439406225942 0.9568469263877284 -0.28220015041186713 -0.06933278135107969 0 0 0 0 0 0
-123.53032684326172 30.662315368652344 -3.1088521480560303 -0.27024070298023384 -0.7756522315601592 -0.5703802048883658 0.9568354533236513 -0.28216735163632584 -0.06962399682196267 0 0 0 0 0 0
-123.22598266601562 30.265308380126953 -2.9129419326782227 -0.15590570446531907 -0.2973681015283427 -0.9419477817313451 0.9568532466236003 -0.2821900070066414 -0.06928682682492866 0 0 0 0 0 0
-122.9571533203125 29.80048370361328 -2.931746006011963 0.01758565037837622 0.2939969793191877 -0.9556445579042255 0.9567504264057315 -0.28253202515561104 -0.06931288721385388 0 0 0 0 0 0
-122.68428802490234 29.4027042388916 -3.16839337348938 0.1844242694532973 0.7735748367170729 -0.6062752352148086 0.9567514916342669 -0.28250189975218115 -0.06942088944989169 0 0 0 0 0 0
-122.36942291259766 29.181243896484375 -3.543238401412964 0.281098290209108 0.9593113331574808 -0.026561575953484802 0.9568102686112577 -0.28228910102660837 -0.06947642277522662 0 0 0 0 0 0
-121.99047088623047 29.17850112915039 -3.924135446548462 0.27113612672957127 0.7805296676702405 0.5632571692119593 0.9568170706127598 -0.28228091710997427 -0.06941597236637405 0 0 0 0 0 0
-121.54972076416016 29.353647232055664 -4.1766510009765625 0.15821053263610763 0.3052299826894261 0.9390442401880816 0.956821030688824 -0.28225667530264287 -0.0694599487379248 0 0 0 0 0 0
-121.07294464111328 29.598371505737305 -4.2150983810424805 -0.014896485463267443 -0.28597055896385243 0.9581226091303473 0.9567818557238381 -0.28240110015025865 -0.06941252906768677 0 0 0 0 0 0
-120.599609375 29.777915954589844 -4.035149097442627 -0.18231243356075258 -0.7686000743179038 0.6132015185301395 0.9568417280265841 -0.28223201675329856 -0.06927478781249446 0 0 0 0 0 0
-120.16778564453125 29.782262802124023 -3.7154200077056885 -0.28055696868848634 -0.9591895425011063 0.03525916727386022 0.9567708653873787 -0.28240592188256153 -0.06954427677061008 0 0 0 0 0 0
-119.7999496459961 29.567935943603516 -3.387665271759033 -0.2718471978307269 -0.785402054331943 -0.5560959576212954 0.9568492253571749 -0.2822418697863161 -0.06913094005507683 0 0 0 0 0 0
-119.4940414428711 29.17460823059082 -3.186652421951294 -0.16029304863569566 -0.31313315715306694 -0.93608427208795 0.9568773958430689 -0.28205510577849624 -0.06950227786819958 0 0 0 0 0 0
-119.22471618652344 28.709871292114258 -3.1990246772766113 0.012207256883761914 0.2779725909304754 -0.9605114375012783 0.9569364666795183 -0.28187652708086725 -0.0694134152721819 0 0 0 0 0 0
-118.95250701904297 28.30852508544922 -3.430338144302368 0.1801991505471497 0.7635860321097264 -0.6200521249935441 0.9569044722394496 -0.2820318050147319 -0.06922349289275105 0 0 0 0 0 0
-118.63922882080078 28.0811824798584 -3.8029844760894775 0.2796119516936842 0.9591061868949986 -0.043959967354229156 0.9568777230953809 -0.2821331149268898 -0.06918040550221104 0 0 0 0 0 0
-118.26214599609375 28.07251739501953 -4.185653209686279 0.2727966665970199 0.7901842893498386 0.5488084980740048 0.9568267744660662 -0.28232053314108185 -0.06912047621218292 0 0 0 0 0 0
-117.8228759765625 28.243959426879883 -4.443224906921387 0.16214808958932353 0.32111082087239873 0.9330572532064617 0.956804130398274 -0.28240591935900217 -0.06908511246136478 0 0 0 0 0 0
-117.34664916992188 28.48858070373535 -4.488109111785889 -0.009918173701227172 -0.27001751066316876 0.9628043278702572 0.9568271556479061 -0.28227357290104244 -0.06930674033900164 0 0 0 0 0 0
-116.87266540527344 28.671640396118164 -4.313520431518555 -0.1782100837147269 -0.7585039268971241 0.6268276947806569 0.9568838397692183 -0.28208435427327033 -0.06929454713575262 0 0 0 0 0 0
-116.43928527832031 28.68183708190918 -3.996047258377075 -0.2790625452346119 -0.9588280828526112 0.05265741524577905 0.9568127081577714 -0.2822895711475371 -0.06944090674185377 0 0 0 0 0 0
-116.06952667236328 28.473461151123047 -3.6665751934051514 -0.2737669482103471 -0.794869259005563 -0.5415113287416433 0.9568285365775194 -0.2822328301765028 -0.06945344600150367 0 0 0 0 0 0
-115.76219177246094 28.083860397338867 -3.4605400562286377 -0.16448972103186743 -0.3289222216134687 -0.9299211277327333 0.9568474919425811 -0.28217034523052464 -0.06944619093714607 0 0 0 0 0 0
-115.49234008789062 27.619306564331055 -3.4664793014526367 0.007457724900234125 0.2619597396701804 -0.9650499868562475 0.9567300061692264 -0.28260004644227743 -0.0693174512388808 0 0 0 0 0 0
-115.22073364257812 27.21445655822754 -3.6924023628234863 0.1762846257600704 0.7533344755721209 -0.633569963488729 0.9568940875404609 -0.2820828686442872 -0.06915895059584672 0 0 0 0 0 0
-114.90906524658203 26.981332778930664 -4.062747001647949 0.2784204884308926 0.9584984831030775 -0.06134076549084337 0.9567851263303478 -0.2823701456169344 -0.069493329876268 0 0 0 0 0 0
-114.53385925292969 26.966691970825195 -4.4470696449279785 0.2746105082421463 0.7995470526039695 0.5341475259095515 0.9568091566088449 -0.2823418068506248 -0.0692772829562145 0 0 0 0 0 0
-114.0960922241211 27.134319305419922 -4.709625720977783 0.16649770571970737 0.33675777510686944 0.92675385885096 0.9568046362123205 -0.2823522326192053 -0.06929722113879846 0 0 0 0 0 0
-113.62036895751953 27.378719329833984 -4.7609357833862305 -0.004768441919294718 -0.2538813846670893 0.9672236062468615 0.9568566015793175 -0.28216399730866015 -0.069346395990546 0 0 0 0 0 0
-113.14569854736328 27.56524085998535 -4.591773509979248 -0.17434555292464604 -0.7481400174879633 0.6402266336294588 0.9567993865133857 -0.28234836294373294 -0.06938541569092857 0 0 0 0 0 0
-112.71083068847656 27.581220626831055 -4.276666164398193 -0.27761796065149064 -0.9581348280244927 0.07004226759738205 0.9568183687886167 -0.2823031051623528 -0.06930776265603018 0 0 0 0 0 0
-112.33921813964844 27.378808975219727 -3.9455862045288086 -0.2753174326357975 -0.8041758047510419 -0.5267841933276349 0.956844953555365 -0.28223011804477977 -0.06923796158222033 0 0 0 0 0 0
-112.03030395507812 26.993072509765625 -3.7345948219299316 -0.16859059137757743 -0.34459600257617906 -0.9234883905645359 0.956873511155987 -0.2820871594073012 -0.06942563032146848 0 0 0 0 0 0
-111.75990295410156 26.5288028717041 -3.734109878540039 0.002174342025632851 0.24581985624440866 -0.9693130920980764 0.9568967056172742 -0.28202101752377967 -0.06937463840381113 0 0 0 0 0 0
-111.48895263671875 26.12053871154785 -3.954577684402466 0.1722013703625934 0.7428472994144651 -0.6469347554412894 0.9568948368582372 -0.2820736192172159 -0.06918630309352161 0 0 0 0 0 0
-111.17874908447266 25.88163948059082 -4.322510242462158 0.27680873568784964 0.957695851956965 -0.07871200030057139 0.9568389351883302 -0.2822513666959128 -0.06923451527924607 0 0 0 0 0 0
-110.80546569824219 25.860998153686523 -4.708382606506348 0.2761073658782401 0.8087145836721041 0.5193702385233819 0.9568521701786531 -0.2821980257006837 -0.06926903142846844 0 0 0 0 0 0
-110.36921691894531 26.024728775024414 -4.975862503051758 0.1707970224107848 0.3524369378690884 0.9201177000585687 0.9568162912457772 -0.2822648538409016 -0.0694919930125089 0 0 0 0 0 0
-109.89400482177734 26.2687931060791 -5.033595561981201 0.00024795365763854657 -0.23770649590267662 0.9713369962709413 0.9568462007320696 -0.2822090153705138 -0.06930670810397144 0 0 0 0 0 0
-109.41883087158203 26.458681106567383 -4.869916915893555 -0.17009487322483804 -0.7375562036203388 0.6535124946041809 0.9569146840160055 -0.28200184560674224 -0.06920438272927243 0 0 0 0 0 0
-108.98235321044922 26.480438232421875 -4.557262897491455 -0.2760992013921685 -0.9571493021459129 0.08737530768013939 0.956809399000601 -0.28232953005030154 -0.0693239529000227 0 0 0 0 0 0
-108.60894012451172 26.284015655517578 -4.224699974060059 -0.27686265551745 -0.8131827186598476 -0.5119384104096948 0.9568447253250815 -0.2822593398486629 -0.0691218972957677 0 0 0 0 0 0
-108.2985610961914 25.9022274017334 -4.008820056915283 -0.17243177584114994 -0.3602326781628316 -0.9167877073040963 0.9567787361201744 -0.282527357338742 -0.06894013681063227 0 0 0 0 0 0
-108.02750396728516 25.438337326049805 -4.001916408538818 -0.0028419507734761392 0.22956381893869424 -0.9732894617481912 0.9568501605678346 -0.28218467800462904 -0.06935111910224108 0 0 0 0 0 0
-107.75718688964844 25.026771545410156 -4.216878890991211 0.16814948944384941 0.7321683857365482 -0.6600418199839385 0.9567986406121715 -0.2823374526844093 -0.06944007585234906 0 0 0 0 0 0
-107.44847106933594 24.7820987701416 -4.582290172576904 0.2751557100654289 0.9565885726505213 -0.09606059490149003 0.9568648259381018 -0.28218069331591505 -0.06916473958742028 0 0 0 0 0 0
-107.07709503173828 24.755464553833008 -4.969602584838867 0.27782830993334057 0.8175499017949894 0.5044041913729371 0.9568075802280592 -0.2823053878179383 -0.06944726364004282 0 0 0 0 0 0
-106.64226531982422 24.91521453857422 -5.241927623748779 0.17474885737832624 0.3679892032120429 0.9132616181381625 0.9567908468786448 -0.28240138673073545 -0.06928731559097674 0 0 0 0 0 0
-106.1677017211914 25.158824920654297 -5.306075096130371 0.005302533373125771 -0.22141414758484615 0.9751654518024636 0.9567909989345066 -0.28239267888434966 -0.06932069871567742 0 0 0 0 0 0
-105.69188690185547 25.351978302001953 -5.147935390472412 -0.16614601741652565 -0.7267052473409532 0.6665545621955877 0.9567765148878369 -0.28241812854505627 -0.06941686558894165 0 0 0 0 0 0
-105.25399017333984 25.379472732543945 -4.8378496170043945 -0.2744389893260096 -0.9558874596770878 0.1047015070082676 0.9568093974933763 -0.282307005599201 -0.06941564274697003 0 0 0 0 0 0
-104.87865447998047 25.189044952392578 -4.503893852233887 -0.2783840200810479 -0.8219338261961299 -0.49691762166188586 0.9568437615323826 -0.28224524642763055 -0.06919275168373754 0 0 0 0 0 0
-104.56674194335938 24.811298370361328 -4.283214569091797 -0.17680763883347855 -0.3756971594209441 -0.9097201235837119 0.9568343486914084 -0.28222343372286907 -0.06941154530740648 0 0 0 0 0 0
-104.29515075683594 24.3478946685791 -4.269904136657715 -0.007705750116795786 0.21331004067125167 -0.9769541688144672 0.9568179035181815 -0.2823330615177099 -0.06919206516002556 0 0 0 0 0 0
-104.02528381347656 23.93311309814453 -4.479291915893555 0.16391913800305274 0.721237531428198 -0.6730133278440296 0.9569190425607188 -0.28200240043755365 -0.0691418262134801 0 0 0 0 0 0
-103.71812438964844 23.682737350463867 -4.842087268829346 0.27357319938568625 0.9551458350649908 -0.1133760924352257 0.9568405246759414 -0.28226671116593927 -0.06914993930173458 0 0 0 0 0 0
-103.34850311279297 23.650100708007812 -5.230731964111328 0.2791397772442887 0.8261986146381582 0.4893637031186486 0.956812855953191 -0.2823952220612255 -0.06900795055418753 0 0 0 0 0 0
-102.91535949707031 23.80575942993164 -5.507828712463379 0.17877712359370415 0.3833608670766947 0.9061308877164305 0.9568357110645934 -0.2822270704224535 -0.0693779702230733 0 0 0 0 0 0
-102.44144439697266 24.0488338470459 -5.578376293182373 0.010414136999289326 -0.20514514742830833 0.9786761539126095 0.9568486786584488 -0.2821939258081184 -0.06933393387500145 0 0 0 0 0 0
-101.96511840820312 24.245166778564453 -5.425830841064453 -0.16175818243143925 -0.7157337052142659 0.6793817436734192 0.9568702548084931 -0.28210996871581423 -0.06937781355658253 0 0 0 0 0 0
-101.52567291259766 24.27832794189453 -5.118415355682373 -0.2727402569838757 -0.9543191128238433 0.12201550360295257 0.9567973975634235 -0.28233193360448944 -0.06947963214504015 0 0 0 0 0 0
-101.1484375 24.093957901000977 -4.783187389373779 -0.2799363763465235 -0.8304156109261508 -0.481711052736104 0.9568285646257205 -0.2822112748191173 -0.06954059448446165 0 0 0 0 0 0
-100.83507537841797 23.720304489135742 -4.557765007019043 -0.1805144722766161 -0.3910797212937023 -0.9024805687057949 0.956768062023091 -0.28256698114772605 -0.06892587799687215 0 0 0 0 0 0
-100.56273651123047 23.257497787475586 -4.53806734085083 -0.012950958812261978 0.19692514618144152 -0.980332983973946 0.9568256630793117 -0.2822700645269726 -0.06934162634935995 0 0 0 0 0 0
-100.29341888427734 22.839599609375 -4.7418293952941895 0.1597757173875028 0.710088338833399 -0.6857450482403301 0.9568699832787647 -0.2821498475410039 -0.06921920710817929 0 0 0 0 0 0
-99.98767852783203 22.583566665649414 -5.1019110679626465 0.27179152969415676 0.9534448387625288 -0.130661026414175 0.9568631330295584 -0.2822235730234839 -0.06901303846894516 0 0 0 0 0 0
-99.62005615234375 22.54486846923828 -5.4917755126953125 0.2806456988270045 0.8345509304574471 0.4740914850559029 0.9568057331066996 -0.28231566610084624 -0.06943092803777633 0 0 0 0 0 0
-99.18840789794922 22.696399688720703 -5.7735700607299805 0.1826850326276904 0.39866745465920106 0.8987159948779 0.9568084053861163 -0.28235278484942816 -0.06924290772526766 0 0 0 0 0 0
-98.71508026123047 22.93879508972168 -5.850499153137207 0.015468647919675492 -0.1887470686203807 0.9819038980566023 0.9568322731040384 -0.2822506419647961 -0.06932947610518685 0 0 0 0 0 0
-98.23831176757812 23.13820457458496 -5.703611373901367 -0.15760660364559184 -0.7044183566363625 0.6920657030376725 0.9568765191255753 -0.2821215472510612 -0.06924420353206515 0 0 0 0 0 0
-97.79742431640625 23.1770076751709 -5.398959636688232 -0.2709695095882362 -0.952460591781512 0.13926358453207607 0.9567965352908074 -0.2823518751486488 -0.06941043621494307 0 0 0 0 0 0
-97.41832733154297 22.998706817626953 -5.062564373016357 -0.28120077819325484 -0.8386766002673175 -0.46642007086698384 0.9568131080061503 -0.2823640844073427 -0.0691317595929268 0 0 0 0 0 0
-97.10324096679688 22.629220962524414 -4.832489013671875 -0.1848555257799148 -0.40619770249018217 -0.8948920946574112 0.9568856288437224 -0.28198688067731914 -0.06966557570442854 0 0 0 0 0 0
-96.8304214477539 22.16715431213379 -4.806410312652588 -0.017795791020498525 0.1805185585913753 -0.9834105754088913 0.9567491941269954 -0.28256812887315874 -0.06918259956424692 0 0 0 0 0 0
-96.56157684326172 21.7462215423584 -5.00449275970459 0.15557585218090328 0.6987181018415228 -0.6982758540699837 0.9567782392823015 -0.28241147691170976 -0.0694201594956832 0 0 0 0 0 0
-96.2573013305664 21.484577178955078 -5.361756801605225 0.269943400891827 0.9514493928903884 -0.14790068655508476 0.9568148221982367 -0.2822687375731199 -0.06949644458987896 0 0 0 0 0 0
-95.89144134521484 21.439756393432617 -5.752724647521973 0.28168138595706826 0.842769611197628 0.4586883247338043 0.9568546347400355 -0.2822534176232971 -0.06900881260014538 0 0 0 0 0 0
-95.46136474609375 21.587108612060547 -6.039138317108154 0.1866010461950626 0.41379158705465485 0.8910424075439384 0.9567937465377538 -0.2824072399460123 -0.06922338775532601 0 0 0 0 0 0
-94.98877716064453 21.828744888305664 -6.122443199157715 0.020427955313612488 -0.17230245968769226 0.9848322501965887 0.9568064231568446 -0.28235850222749265 -0.06924698423507351 0 0 0 0 0 0
-94.51153564453125 22.031118392944336 -5.981256484985352 -0.15333337722075488 -0.6929470822776496 0.7044950082101151 0.9568360249600512 -0.2822326492991312 -0.06935094093263643 0 0 0 0 0 0
-94.0692138671875 22.075536727905273 -5.679480075836182 -0.26895589021139604 -0.9503530917452994 0.15649833906705232 0.9568527401560605 -0.28219970731281 -0.06925430563079014 0 0 0 0 0 0
-93.68818664550781 21.903324127197266 -5.342034816741943 -0.2823911792620286 -0.846711023528548 -0.4509275601582136 0.9568494795882861 -0.282184264966877 -0.06936219443421257 0 0 0 0 0 0
-93.37165069580078 21.538101196289062 -5.107374668121338 -0.18854187783880783 -0.4213581951245891 -0.8870790447882109 0.956833174538567 -0.28225540057286175 -0.06929765472150987 0 0 0 0 0 0
-93.09795379638672 21.076833724975586 -5.074934482574463 -0.023155324415437648 0.16404231271414454 -0.9861814998217167 0.956861117702461 -0.2821360784795592 -0.06939765593572528 0 0 0 0 0 0
-92.8296127319336 20.652973175048828 -5.267283916473389 0.15121733070512097 0.6871156812968312 -0.7106372910355953 0.9568199859400389 -0.28228905641369156 -0.06934265018566405 0 0 0 0 0 0
-92.52678680419922 20.385730743408203 -5.621621131896973 0.2681504560024414 0.9491265402381031 -0.1650882902005215 0.9567852063136112 -0.2823885020205611 -0.06941759795616718 0 0 0 0 0 0
-92.16282653808594 20.3348388671875 -6.013596534729004 0.2830229777083814 0.8505995345107563 0.44314605490646725 0.9568292884442278 -0.2822704863323429 -0.06928986448980651 0 0 0 0 0 0
-91.73438262939453 20.47785758972168 -6.304549694061279 0.19056161410593553 0.4288637667072326 0.8830414151301313 0.956872332580927 -0.28207254713146274 -0.06950120355723774 0 0 0 0 0 0
-91.26249694824219 20.718612670898438 -6.394209861755371 0.025634913102950612 -0.15576452221372483 0.987461525756692 0.9568554668120743 -0.2821669473127646 -0.06935005029589603 0 0 0 0 0 0
-90.7847900390625 20.923887252807617 -6.258780002593994 -0.149003851502058 -0.6812653694348128 0.716711482150524 0.9568609111183343 -0.28216569796015295 -0.06927998028616333 0 0 0 0 0 0
-90.34100341796875 20.973854064941406 -5.959972381591797 -0.2672367194034901 -0.947850172775422 0.17367954908987618 0.9567466987994251 -0.2824878883901635 -0.06954385126859611 0 0 0 0 0 0
-89.9581527709961 20.807758331298828 -5.621579170227051 -0.2836763627542857 -0.8544002841962143 -0.4353479936555667 0.9568053708738277 -0.28233345527680365 -0.06936355165689298 0 0 0 0 0 0
-89.63987731933594 20.446863174438477 -5.3824238777160645 -0.19254367849972784 -0.4362940574305745 -0.8789621307659164 0.9568690543607182 -0.28205849985123416 -0.06960327196688486 0 0 0 0 0 0
-89.36565399169922 19.986530303955078 -5.343632221221924 -0.027923495201844145 0.14756632616316098 -0.9886579073665573 0.9567383119273675 -0.2826000671164805 -0.06920263402596681 0 0 0 0 0 0
-89.09764862060547 19.559856414794922 -5.530206203460693 0.14690986051568353 0.6752999187525487 -0.7227638014013041 0.9568640327061697 -0.28218451882246015 -0.06916010591535189 0 0 0 0 0 0
-88.7962417602539 19.28708839416504 -5.881526947021484 0.26597344536879014 0.9465957534849586 -0.18224874716414058 0.9568306317380525 -0.28222315965470834 -0.06946387782346004 0 0 0 0 0 0
-88.43412780761719 19.230073928833008 -6.274388790130615 0.28408133298067206 0.8582140175550784 0.4275119838365893 0.9568346562438846 -0.28229323355094776 -0.06912286815517275 0 0 0 0 0 0
-88.00733184814453 19.368728637695312 -6.569797992706299 0.19441035545508978 0.4437555118813875 0.8748060695758308 0.956882742757167 -0.2820139469921793 -0.069595619944175 0 0 0 0 0 0
-87.53619384765625 19.608518600463867 -6.665787220001221 0.030689391734714893 -0.1392657512436425 0.9897793752980999 0.9568232555682799 -0.28226788229233013 -0.06938371732562147 0 0 0 0 0 0
-87.05805206298828 19.816545486450195 -6.536166667938232 -0.14471237009270693 -0.6693495486451616 0.728717717412353 0.9567800552658744 -0.2824102039199916 -0.0694003066801534 0 0 0 0 0 0
-86.6128921508789 19.872045516967773 -6.2404303550720215 -0.26512106387224194 -0.9451553530189692 0.1907673456093524 0.9567853287997691 -0.28239153974944525 -0.06940355085624546 0 0 0 0 0 0
-86.22816467285156 19.7120418548584 -5.901206970214844 -0.28479377532758365 -0.8618721346661095 -0.41960568277937516 0.9567993852161308 -0.28231541884742445 -0.0695193550821477 0 0 0 0 0 0
-85.90839385986328 19.355579376220703 -5.657632350921631 -0.19615260351389563 -0.451156710153241 -0.8706214900968303 0.9567896928383564 -0.28242313305609845 -0.06921457644933802 0 0 0 0 0 0
-85.63319396972656 18.896268844604492 -5.612515926361084 -0.03313063908464421 0.13096806751566464 -0.9908328446539584 0.95687615790275 -0.2821127976161065 -0.06928483137372354 0 0 0 0 0 0
-85.36561584472656 18.466829299926758 -5.793262958526611 0.14233286896415892 0.6633585299384932 -0.7346406027237213 0.9569025231804117 -0.2820276067217703 -0.06926752614142086 0 0 0 0 0 0
-85.06563568115234 18.18859100341797 -6.1414594650268555 0.26396755405687544 0.9437126149535526 -0.19931791385311556 0.9568159108806507 -0.28228965341295303 -0.06939642830597019 0 0 0 0 0 0
-84.70540618896484 18.125463485717773 -6.535096168518066 0.2851997277295799 0.8655457931005284 0.4116935697201876 0.9568115992497503 -0.2823473084260023 -0.06922110202624246 0 0 0 0 0 0
-84.2801513671875 18.259647369384766 -6.834886074066162 0.19789459752952823 0.45855277801528904 0.8663527445810323 0.9568001168831928 -0.2824230055077918 -0.0690708498011607 0 0 0 0 0 0
-83.80979919433594 18.49835968017578 -6.937192916870117 0.035724478523442106 -0.1226944149608501 0.9918013118420659 0.9568010652668831 -0.2823411008250496 -0.0693918171620895 0 0 0 0 0 0
-83.33130645751953 18.709081649780273 -6.813426494598389 -0.1402518989833552 -0.6572269219801412 0.7405283099626052 0.9567712486011819 -0.28242768878808594 -0.06945054683697979 0 0 0 0 0 0
-82.88484191894531 18.770004272460938 -6.52085018157959 -0.26283115685557906 -0.9421883719647942 0.20784815303554807 0.9568752641816324 -0.2821667287328652 -0.069077246568788 0 0 0 0 0 0
-82.49824523925781 18.616178512573242 -6.180909633636475 -0.28556583238304073 -0.8691571471627625 -0.40375488716703994 0.9568415303863287 -0.2822755448578866 -0.0690999457534664 0 0 0 0 0 0
-82.17671203613281 18.26421356201172 -5.933000564575195 -0.19992342382399464 -0.46589672521930137 -0.861957577863564 0.9568542264137849 -0.2821520182002408 -0.06942786198355948 0 0 0 0 0 0
-81.90087127685547 17.806047439575195 -5.881579875946045 -0.03824254759285708 0.11428895021266813 -0.9927112084654298 0.9568076373952132 -0.28232589378053463 -0.06936306454600086 0 0 0 0 0 0
-81.63372802734375 17.37394142150879 -6.056446552276611 0.1381264497542537 0.6511512005813617 -0.746272870912334 0.9567365881334672 -0.2825451126709764 -0.06945041563934504 0 0 0 0 0 0
-81.33502960205078 17.09027862548828 -6.401432514190674 0.26182380866747007 0.940554396230649 -0.21634629866503274 0.9568004372963758 -0.282324898272564 -0.06946635879942555 0 0 0 0 0 0
-80.97663116455078 17.021007537841797 -6.7957329750061035 0.28607380264141996 0.8726414502496975 0.3958013122115469 0.9568487299173035 -0.28214901686962623 -0.0695157560208218 0 0 0 0 0 0
-80.55307006835938 17.150665283203125 -7.099815845489502 0.20170190097994534 0.473188845005789 0.8575597122668275 0.9568878065422624 -0.2820347043973246 -0.06944171085343198 0 0 0 0 0 0
-80.08355712890625 17.388172149658203 -7.2084126472473145 0.04076015981674056 -0.10602505305629696 0.9935277034366597 0.9568901063706899 -0.2820479821135625 -0.06935603878219607 0 0 0 0 0 0
-79.60469818115234 17.601512908935547 -7.090539455413818 -0.13587434434125156 -0.6449978394646771 0.7520079451945528 0.9567614244365515 -0.2824717600459688 -0.06940663863546417 0 0 0 0 0 0
-79.1568832397461 17.667837142944336 -6.801242351531982 -0.2606321494368068 -0.9388908412889581 0.22484410337756872 0.9569039639065579 -0.2821227522915386 -0.0688589609227743 0 0 0 0 0 0
-78.76837921142578 17.520130157470703 -6.460684776306152 -0.28657376966402265 -0.8760717491946958 -0.3877805626942869 0.9568172293695156 -0.28230503524977807 -0.06931563066340493 0 0 0 0 0 0
-78.44526672363281 17.172739028930664 -6.208527088165283 -0.20340558338210005 -0.4804655797640106 -0.8530996397320892 0.9568128391952505 -0.28237227260041065 -0.06910202904114347 0 0 0 0 0 0
-78.16844177246094 16.715824127197266 -6.150825023651123 -0.043182408024853965 0.09773262310925429 -0.994275421609807 0.9568936509576912 -0.2820537973157186 -0.06928344807126517 0 0 0 0 0 0
-77.90147399902344 16.281173706054688 -6.319771766662598 0.13354990745451012 0.6387727168069315 -0.757716199168253 0.9568366574312044 -0.28224463925717436 -0.06929339511430796 0 0 0 0 0 0
-77.60443115234375 15.992128372192383 -6.661442756652832 0.2602538186885055 0.9369413973399547 -0.233256870871371 0.9565278958737934 -0.2831183627220511 -0.06998840693170998 0 0 0 0 0 0
-77.24791717529297 15.916703224182129 -7.056293964385986 0.28760438794888027 0.8792867244247696 0.3796558603299959 0.956677189319832 -0.28249816398330957 -0.07045241501300842 0 0 0 0 0 0
-76.82601928710938 16.04176902770996 -7.3645830154418945 0.2059671126994736 0.4876033005298117 0.8484224005757252 0.9568993087697335 -0.28176665396955014 -0.07036522995635076 0 0 0 0 0 0
-76.35724639892578 16.27797508239746 -7.479451656341553 0.046252060003682295 -0.08936184087927937 0.9949247249616838 0.9569412388315534 -0.28176635492668967 -0.0697938869447663 0 0 0 0 0 0
-75.87791442871094 16.493831634521484 -7.367523670196533 -0.131205393465649 -0.6325143275848552 0.7633549437354831 0.9569052627348636 -0.28203066352105116 -0.06921721595237265 0 0 0 0 0 0
-75.4286880493164 16.56548500061035 -7.081583499908447 -0.2588908090194572 -0.9351679549448139 0.24173631305533183 0.9566097045690924 -0.2828792413319458 -0.06983700987081629 0 0 0 0 0 0
-75.03839874267578 16.423952102661133 -6.740530967712402 -0.28795484277196537 -0.8826006629532112 -0.37161549789900417 0.9566834158109915 -0.2825001570061257 -0.0703598124196481 0 0 0 0 0 0
-74.71370697021484 16.081172943115234 -6.484203338623047 -0.20737725781827343 -0.49479540449809495 -0.8439029450282421 0.9567877994384307 -0.28234081612128387 -0.06957564514780085 0 0 0 0 0 0
-74.43621063232422 15.625626564025879 -6.420252323150635 -0.048217872068605186 0.08108394042628529 -0.9955402711182116 0.9568684454262009 -0.28212945882176454 -0.06932349250134442 0 0 0 0 0 0
-74.16952514648438 15.188542366027832 -6.58322811126709 0.1288646228776248 0.6261621864637074 -0.7689699767959716 0.9569139514072834 -0.2819904953861543 -0.06926074006225105 0 0 0 0 0 0
-73.87344360351562 14.894179344177246 -6.921492576599121 0.25708447811918816 0.9334357248137272 -0.25021054884168387 0.9568935516136153 -0.28208410033610765 -0.06916134193210761 0 0 0 0 0 0
-73.51882934570312 14.812582969665527 -7.316787242889404 0.2877167850700288 0.8860165441859452 0.3635845637781698 0.956818403210524 -0.28235594652432716 -0.06909169805421436 0 0 0 0 0 0
-73.0986328125 14.932966232299805 -7.629205703735352 0.20909171445522284 0.5019974888551212 0.8392134270430425 0.9568038477653885 -0.2822988688830005 -0.06952514314063664 0 0 0 0 0 0
-72.63074493408203 15.167776107788086 -7.75030517578125 0.05075474179615201 -0.0727131771560994 0.9960606156520153 0.9567954666409351 -0.28236619208461816 -0.06936691273934485 0 0 0 0 0 0
-72.15139770507812 15.386014938354492 -7.6443681716918945 -0.12657566973565743 -0.6198078276285043 0.7744784416892468 0.9569314863696083 -0.28193685899522997 -0.06923682498754645 0 0 0 0 0 0
-71.70085144042969 15.46297836303711 -7.361883640289307 -0.2559601701758282 -0.931453268683161 0.2586101303951877 0.9568321351021849 -0.28221909270690176 -0.06945969297000781 0 0 0 0 0 0
-71.3086929321289 15.327613830566406 -7.020444393157959 -0.2880279848532368 -0.8892012880179982 -0.35547285315269367 0.956851651425689 -0.2821198758128636 -0.06959377008947112 0 0 0 0 0 0
-70.98223876953125 14.989551544189453 -6.760043621063232 -0.21048669347672763 -0.5091331682323633 -0.8345530353877517 0.9568475352085514 -0.2822446238526911 -0.0691430883861348 0 0 0 0 0 0
-70.70375061035156 14.535451889038086 -6.6898651123046875 -0.05327230010597094 0.064344469891691 -0.9965048174674203 0.9568113323322719 -0.2823094348983005 -0.06937908393705586 0 0 0 0 0 0
-70.43743133544922 14.096012115478516 -6.846836566925049 0.12454949302097837 0.6133633379124995 -0.7799184825948505 0.9568306376753503 -0.2822874423661065 -0.06920210031628428 0 0 0 0 0 0
-70.14275360107422 13.796380043029785 -7.181588649749756 0.2548924833009674 0.9293710095963653 -0.26701937846998836 0.9568030149625952 -0.282343105855551 -0.06935676704063547 0 0 0 0 0 0
-69.78996276855469 13.708605766296387 -7.577213287353516 0.2884056448156904 0.8922984743540007 0.34731198756157095 0.9568267580084414 -0.28225632717115673 -0.06938242523078003 0 0 0 0 0 0
-69.37141418457031 13.824246406555176 -7.893667697906494 0.21243400682765573 0.5162224564819199 0.8296904050107606 0.956798065445 -0.2823768888889081 -0.06928747781617535 0 0 0 0 0 0
-68.90443420410156 14.05755615234375 -8.020980834960938 0.055695397358089364 -0.056022035604581584 0.9968748939760915 0.9567853013855626 -0.28241058150102194 -0.06932640556666134 0 0 0 0 0 0
-68.42485046386719 14.278082847595215 -7.9210662841796875 -0.12203842520466807 -0.6069137024015753 0.7853422060546452 0.9568846551013821 -0.2820809175003007 -0.0692972785446723 0 0 0 0 0 0
-67.97298431396484 14.360285758972168 -7.642134666442871 -0.25368475080614467 -0.9272601053848498 0.2753774576288 0.9567835058138477 -0.28238668865574496 -0.06944840583200047 0 0 0 0 0 0
-67.5790023803711 14.231099128723145 -7.300431251525879 -0.2887484641852703 -0.8953295668291786 -0.339130197994993 0.9568065643556155 -0.28238014407525186 -0.06915672518304873 0 0 0 0 0 0
-67.25084686279297 13.897818565368652 -7.0360260009765625 -0.21406321586210128 -0.5232632545717637 -0.8248469591565097 0.9568070961645305 -0.28237296997775413 -0.069178656789079 0 0 0 0 0 0
-66.97149658203125 13.445274353027344 -6.959656715393066 -0.058079129557460425 0.04762679359769415 -0.997175262048478 0.9568023317533599 -0.28238029893041044 -0.06921462798647134 0 0 0 0 0 0
-66.70527648925781 13.00358772277832 -7.110579490661621 0.11974616078126879 0.6004140786258322 -0.790672998885152 0.9568796028371278 -0.28209766310538203 -0.06929887549407242 0 0 0 0 0 0
-66.41185760498047 12.69875431060791 -7.44173526763916 0.2521478732905058 0.9251446432734054 -0.28377603672191665 0.9569357896947219 -0.2819790128839726 -0.06900529468322986 0 0 0 0 0 0
-66.06095123291016 12.604801177978516 -7.8375749588012695 0.289100470995381 0.898282253306312 0.33092281738372764 0.9567954146573707 -0.2823435617119342 -0.06945968363338074 0 0 0 0 0 0
-65.64405059814453 12.715632438659668 -8.157978057861328 0.21567280119834883 0.5302457062450605 0.8199541047107054 0.956799304957738 -0.28243793316231003 -0.0690210398602635 0 0 0 0 0 0
-65.17807006835938 12.947310447692871 -8.291476249694824 0.060749069893411896 -0.03926993446681269 0.9973802799103547 0.9568152076576764 -0.2822928682448486 -0.06939304672007367 0 0 0 0 0 0
-64.6982650756836 13.17005443572998 -8.197624206542969 -0.11743804175746424 -0.5938946868899277 0.795925503569327 0.9569146537175945 -0.28199680269091626 -0.0692253477610383 0 0 0 0 0 0
-64.24516296386719 13.257420539855957 -7.922342777252197 -0.25104606867563617 -0.9228546563441712 0.29208758047268835 0.9568248363262926 -0.28225586837727895 -0.0694107870273189 0 0 0 0 0 0
-63.849300384521484 13.134418487548828 -7.580471992492676 -0.2893895115456131 -0.901176161567481 -0.32269991699703426 0.9567922309916751 -0.282305422276436 -0.06965827493770141 0 0 0 0 0 0
-63.51942825317383 12.805983543395996 -7.31217098236084 -0.21758048141763187 -0.5371896623946122 -0.8149147199078159 0.9568068795350987 -0.2823307686916526 -0.0693536756364666 0 0 0 0 0 0
-63.23910140991211 12.355104446411133 -7.22962760925293 -0.06320930529059854 0.03089893620119784 -0.9975218491172583 0.9568699145928421 -0.2821125585120511 -0.06937197472230407 0 0 0 0 0 0
-62.97319412231445 11.911273956298828 -7.374472141265869 0.11514003752293991 0.5872590152033522 -0.8011676608685631 0.9568899939717818 -0.2820760964410731 -0.06924316033551786 0 0 0 0 0 0
-62.6810188293457 11.601298332214355 -7.7019362449646 0.24975164155080917 0.9205324031323328 -0.30040674480791635 0.9568439546023798 -0.2822184955240452 -0.06929911489350797 0 0 0 0 0 0
-62.33188247680664 11.501160621643066 -8.097877502441406 0.28936225597383747 0.9040889602125126 0.3144719969084513 0.9568591084110748 -0.2822144149325248 -0.06910622732472096 0 0 0 0 0 0
-61.91681671142578 11.607105255126953 -8.422133445739746 0.21931338700799807 0.5440945122109 0.809853567048428 0.9568320196179113 -0.28220497805105993 -0.06951860612174288 0 0 0 0 0 0
-61.45172119140625 11.837066650390625 -8.561777114868164 0.06563141319955561 -0.02255901016035292 0.9975888976236725 0.9568325345431753 -0.2822489645271019 -0.06933269692621317 0 0 0 0 0 0
-60.971683502197266 12.061906814575195 -8.47403621673584 -0.11293287479536401 -0.5806406278613778 0.8062894189230065 0.9567969361257336 -0.28236981734170424 -0.06933187776789174 0 0 0 0 0 0
-60.51740646362305 12.154380798339844 -8.20248031616211 -0.24846056409546008 -0.918139130224588 0.3086873590541132 0.9568293180858778 -0.2822518891230193 -0.06936517236914318 0 0 0 0 0 0
-60.11977005004883 12.03757381439209 -7.860578536987305 -0.2897183704853519 -0.9068147801457005 -0.3061865776166831 0.9568222281198587 -0.2822808934420396 -0.06934494194469602 0 0 0 0 0 0
-59.788124084472656 11.71406078338623 -7.588457107543945 -0.22085811412152723 -0.5509937408813398 -0.8047531242165321 0.9568246349185973 -0.282277719804995 -0.0693246486798606 0 0 0 0 0 0
-59.50685501098633 11.264947891235352 -7.499783515930176 -0.06809246539989786 0.014164472581960543 -0.9975784600081533 0.9568428567696015 -0.28221730775167037 -0.0693191074263588 0 0 0 0 0 0
-59.241092681884766 10.819059371948242 -7.638508319854736 0.1105420024221057 0.5739391120494127 -0.8114027121968738 0.9568349920597816 -0.28225049811642317 -0.06929252689135039 0 0 0 0 0 0
-58.950172424316406 10.504002571105957 -7.962188720703125 0.2472743970771064 0.915639573649716 -0.31695353558009065 0.9567692767678467 -0.2824294046977992 -0.06947073049261991 0 0 0 0 0 0
-58.60285186767578 10.39767074584961 -8.358119010925293 0.2898833437230178 0.9095200772022146 0.29789406875270275 0.956829868509388 -0.2822714271427128 -0.06927802066401544 0 0 0 0 0 0
-58.18947982788086 10.498668670654297 -8.686151504516602 0.22250105754304597 0.5578190490139068 0.7995818832048704 0.9568253476575372 -0.2822733106649892 -0.06933276401716455 0 0 0 0 0 0
-57.725399017333984 10.72681999206543 -8.8319091796875 0.07067704606502385 -0.005800743930515552 0.9974823840697012 0.9568799878977309 -0.2820615425009173 -0.06944044212734823 0 0 0 0 0 0
-57.245174407958984 10.953651428222656 -8.750300407409668 -0.10820323779368943 -0.5672182333751246 0.81642852415736 0.9568161576198 -0.28230641714610516 -0.06932479611085508 0 0 0 0 0 0
-56.7896728515625 11.051183700561523 -8.48258113861084 -0.24578541529143538 -0.9131430773583027 0.3252064727255985 0.9568426685696493 -0.28222493218263356 -0.06929065780478874 0 0 0 0 0 0
-56.39018630981445 10.94057846069336 -8.140729904174805 -0.29013938107165493 -0.9121261560705026 -0.289560036889427 0.9568067339719853 -0.2823179916048087 -0.06940767567127895 0 0 0 0 0 0
-56.056827545166016 10.622036933898926 -7.864893436431885 -0.22409193288233592 -0.5646381433801891 -0.7943340434963314 0.9568347580957766 -0.28224841096972164 -0.06930425820152691 0 0 0 0 0 0
-55.774566650390625 10.174790382385254 -7.770120620727539 -0.07296527601534669 -0.0025653717485463676 -0.9973311823881754 0.9568003042476572 -0.28237268669299576 -0.06927368621179268 0 0 0 0 0 0
-55.508914947509766 9.72696590423584 -7.9026923179626465 0.10579112622099696 0.5604292779372976 -0.8214178364532708 0.9568336908679864 -0.28224433789765235 -0.06933557344294948 0 0 0 0 0 0
-55.21918487548828 9.40688705444336 -8.222500801086426 0.2445549456647762 0.9105079883619465 -0.33341877823538923 0.9567741464401792 -0.28241621153425045 -0.06945729743020698 0 0 0 0 0 0
-54.873695373535156 9.294358253479004 -8.618309020996094 0.2902628380617167 0.9146898505526342 0.28122937637515233 0.9568144440265011 -0.2822975318147762 -0.06938460372116625 0 0 0 0 0 0
-54.462074279785156 9.390340805053711 -8.950019836425781 0.22571455780720623 0.5713578557574124 0.789052050918182 0.9568406396816896 -0.2822153150029309 -0.06935781305182152 0 0 0 0 0 0
-53.99898910522461 9.616580963134766 -9.101858139038086 0.07552940207943899 0.010947948685252016 0.9970834728552607 0.9568506184979588 -0.28217517136446213 -0.06938347458516586 0 0 0 0 0 0
-53.51865768432617 9.845294952392578 -9.026408195495605 -0.10344537160006806 -0.5536358713151887 0.8263088872132476 0.9568040051641638 -0.28233302141562666 -0.0693841532350044 0 0 0 0 0 0
-53.06195831298828 9.947813034057617 -8.762606620788574 -0.24303723689877935 -0.9078776911687283 0.3416006430888941 0.9568299662385643 -0.28224634076537614 -0.0693788067961904 0 0 0 0 0 0
-52.66067886352539 9.843398094177246 -8.420939445495605 -0.29041593086001727 -0.9171709500704933 -0.2728663325687111 0.9568072240836393 -0.28231266676528854 -0.06942257648079356 0 0 0 0 0 0
-52.3255615234375 9.529891967773438 -8.141474723815918 -0.2273180750595583 -0.5780731551947239 -0.7836822825574364 0.9568186253698678 -0.28230393455124614 -0.06930084185781878 0 0 0 0 0 0
-52.04225540161133 9.084640502929688 -8.040633201599121 -0.07791289873295638 -0.0193423300924258 -0.9967725189217566 0.9568314313827763 -0.2822573690305344 -0.06931370388277232 0 0 0 0 0 0
-51.77671432495117 8.634967803955078 -8.167016983032227 0.10101358354919775 0.5467460345800033 -0.8311829098397002 0.9568604648952143 -0.28215867324320787 -0.06931474470952848 0 0 0 0 0 0
-51.48815155029297 8.30992603302002 -8.482872009277344 0.24170918569216215 0.905121983727007 -0.3497582938632323 0.9568148230077964 -0.28230751268120047 -0.06933875363974629 0 0 0 0 0 0
-51.14448928833008 8.191216468811035 -8.87844181060791 0.2904718970337449 0.9196075327745478 0.26447696061836207 0.9568214622520617 -0.28228614689733084 -0.06933412322720466 0 0 0 0 0 0
-50.734615325927734 8.282127380371094 -9.21374225616455 0.22888882921094772 0.5847102994284249 0.7782825769633824 0.9568289958557007 -0.28225858087439115 -0.06934238395488285 0 0 0 0 0 0
-50.27256393432617 8.506322860717773 -9.371625900268555 0.08039385016753914 0.027696778095975743 0.9963783003148661 0.9568462692579341 -0.28219572834216095 -0.06935984366051229 0 0 0 0 0 0
-49.792205810546875 8.736844062805176 -9.302382469177246 -0.09869308750336325 -0.5398818961264158 0.8359349333016293 0.9568528206252461 -0.28219246102298073 -0.06928271503992936 0 0 0 0 0 0
-49.33430480957031 8.844287872314453 -9.042588233947754 -0.24031244585550138 -0.9022921764179722 0.3579368055144173 0.9568091265873845 -0.28233137548474935 -0.06932019688356533 0 0 0 0 0 0
-48.931217193603516 8.746050834655762 -8.701203346252441 -0.2905148418846166 -0.9219664273360759 -0.25608403603096497 0.9568334792126271 -0.2822605286330063 -0.06927255613643162 0 0 0 0 0 0
-48.59430694580078 8.437660217285156 -8.418190956115723 -0.2304463872665187 -0.5913175714316018 -0.7728117444190674 0.9568267530863974 -0.28226629876348563 -0.06934191488922743 0 0 0 0 0 0
-48.30999755859375 7.994467735290527 -8.3113374710083 -0.08277859171487868 -0.0360523178172966 -0.9959156265134622 0.9568180097894141 -0.28230391441687513 -0.06930942250181026 0 0 0 0 0 0
-48.04450988769531 7.543062686920166 -8.431509017944336 0.09632185826912086 0.5329233308158309 -0.840663323270228 0.9568335127543556 -0.28225427968944006 -0.06929755022478043 0 0 0 0 0 0
-47.7570686340332 7.213132381439209 -8.743295669555664 0.23878970124079496 0.8994369959597329 -0.3660499540776686 0.9568491221701231 -0.2822137982238834 -0.06924687353458062 0 0 0 0 0 0
-47.41520690917969 7.088230133056641 -9.13854694366455 0.2906537077865678 0.9242140378681866 0.2476869684850263 0.9568107280559274 -0.282310822699949 -0.06938177039802576 0 0 0 0 0 0
-47.00712203979492 7.17401123046875 -9.477323532104492 0.23193934126919405 0.5979149686999929 0.7672690741689638 0.9568369867495642 -0.28224200564247126 -0.06929957459414544 0 0 0 0 0 0
-46.546119689941406 7.396077632904053 -9.641210556030273 0.0851911146481843 0.04442540677255519 0.995373727410008 0.9568223605320446 -0.28229336378153735 -0.06929233111095931 0 0 0 0 0 0
-46.06570053100586 7.628276824951172 -9.578185081481934 -0.09392892446761913 -0.5259504777606587 0.8453126357104163 0.9568313091973472 -0.2822608749283558 -0.0693011127210075 0 0 0 0 0 0
-45.60669708251953 7.740584850311279 -9.322484016418457 -0.23738694959307313 -0.8964893069923408 0.3741047428345281 0.9568198963021326 -0.2822929053843347 -0.06932821655031719 0 0 0 0 0 0
-45.20179748535156 7.6485371589660645 -8.981507301330566 -0.290563489287376 -0.9264709412420699 -0.23921633248417148 0.9568498301735251 -0.28221174895370105 -0.06924544208386149 0 0 0 0 0 0
-44.86310958862305 7.345309257507324 -8.695051193237305 -0.2336018991953221 -0.6044017622821244 -0.7616617769342251 0.9568282514350516 -0.28222003552668273 -0.06950934327887172 0 0 0 0 0 0
-44.577754974365234 6.904300689697266 -8.582225799560547 -0.08756812382148149 -0.05277858236152867 -0.9947593904730395 0.9567735812525533 -0.2824721576110735 -0.06923723269822984 0 0 0 0 0 0
-44.31230163574219 6.451262474060059 -8.696146011352539 0.09156288293673429 0.5189143522167328 -0.8499083088967908 0.9567810136254582 -0.2824181424064224 -0.06935477492968233 0 0 0 0 0 0
-44.02592086791992 6.116499900817871 -9.003813743591309 0.23579779007816762 0.8935043459018615 -0.38216408262517176 0.9569050651394185 -0.2820689327784511 -0.06906383620789712 0 0 0 0 0 0
-43.6859130859375 5.9854230880737305 -9.39858627319336 0.290680930940758 0.9285779927479032 0.23075421506808774 0.9568198212939085 -0.2822654637883168 -0.06944089235788706 0 0 0 0 0 0
-43.27958297729492 6.066003799438477 -9.740762710571289 0.23499377616790337 0.6109113391315175 0.7560193521880807 0.9568448411684068 -0.2821942121810539 -0.06938570847747337 0 0 0 0 0 0
-42.81966781616211 6.285850524902344 -9.910601615905762 0.09009367951201389 0.06112103228458738 0.9940560086456159 0.9568265102397545 -0.2822616469689721 -0.06936419791777482 0 0 0 0 0 0
-42.339237213134766 6.519623279571533 -9.853852272033691 -0.0891285329905571 -0.5118584607748815 0.8544337427443512 0.9568177380626861 -0.28230482338489465 -0.06930947137461718 0 0 0 0 0 0
-41.8791389465332 6.636723518371582 -9.602325439453125 -0.2343980686988449 -0.8904012810839687 0.3901834235770137 0.9568426876758576 -0.28223485098530016 -0.06924998144798936 0 0 0 0 0 0
-41.47242736816406 6.550858974456787 -9.261859893798828 -0.2906968770875255 -0.9306434214698508 -0.22225694078352226 0.9568133034276912 -0.2822824633636776 -0.069461595584342 0 0 0 0 0 0
-41.13201904296875 6.252851486206055 -8.972062110900879 -0.23642331948049183 -0.6173555052584108 -0.7503173955953294 0.9568195064129857 -0.28232684477114733 -0.06919526623389205 0 0 0 0 0 0
-40.84548568725586 5.814121246337891 -8.853292465209961 -0.092479679704517 -0.06949685325015761 -0.9932863113071054 0.9568143755069831 -0.2823107746140031 -0.06933164760788034 0 0 0 0 0 0
-40.580020904541016 5.359550476074219 -8.9609375 0.08666873458382301 0.5047514433174448 -0.8589030858685949 0.9568558627546633 -0.28218333951062197 -0.06927785226652167 0 0 0 0 0 0
-40.2947998046875 5.020042419433594 -9.264386177062988 0.23282329400361326 0.887257930155692 -0.39820431834065334 0.9568707202808431 -0.28215041839419064 -0.0692066909279992 0 0 0 0 0 0
-39.95652389526367 4.88277530670166 -9.658590316772461 0.29062866136596155 0.9326462091586847 0.213789685753463 0.9568266327518526 -0.2822940140954688 -0.06923066128976936 0 0 0 0 0 0
-39.551944732666016 4.95811653137207 -10.004064559936523 0.2379149033199083 0.6237195683148736 0.7445605407751518 0.9568004499547877 -0.28239805745366287 -0.06916817268595081 0 0 0 0 0 0
-39.093177795410156 5.175623416900635 -10.179821968078613 0.0947494654002194 0.07782855558780478 0.9924541575012362 0.9568051176956001 -0.28237390277566266 -0.06920220937766138 0 0 0 0 0 0
-38.612770080566406 5.410884857177734 -10.129352569580078 -0.08434364579157619 -0.49763609330928776 0.8632754300050796 0.9567866812473542 -0.28240871821996877 -0.06931495120843655 0 0 0 0 0 0
-38.15156936645508 5.532698631286621 -9.882095336914062 -0.23139867395733899 -0.8840146505584197 0.40616837800210465 0.9567998316434936 -0.28234118459691826 -0.06940848397272145 0 0 0 0 0 0
-37.74312210083008 5.453007221221924 -9.542244911193848 -0.29053477413396234 -0.9345865850194254 -0.2052741097183366 0.9568401207970896 -0.28223399670256427 -0.06928891930394177 0 0 0 0 0 0
-37.400882720947266 5.160276889801025 -9.249197959899902 -0.23942866834716703 -0.630046393694982 -0.7387255610613794 0.9568258123690289 -0.28225938191644623 -0.06938303902607562 0 0 0 0 0 0
-37.11323547363281 4.723934650421143 -9.12453556060791 -0.09731234870462625 -0.0861878039414014 -0.9915149868969948 0.9568370980231155 -0.2822227122155006 -0.06937657065919277 0 0 0 0 0 0
-36.8477897644043 4.26793909072876 -9.225895881652832 0.08189082013226374 0.4904401354715785 -0.867618791345995 0.9567917829626235 -0.2823902718510582 -0.06931968276824062 0 0 0 0 0 0
-36.56362533569336 3.923739194869995 -9.5250244140625 0.2297997374794268 0.8807529607826835 -0.4140848979701184 0.956848236587479 -0.28221457173928616 -0.06925595741481905 0 0 0 0 0 0
-36.227108001708984 3.780306816101074 -9.91855239868164 0.29056778354446317 0.9364109240127281 0.19673572262221894 0.9568083475663429 -0.28232858482706014 -0.06934231188036706 0 0 0 0 0 0
-35.8243408203125 3.8503336906433105 -10.267226219177246 0.2407301633020487 0.636384888386471 0.7328460017697495 0.9568379081401773 -0.2822638666499998 -0.06919773933966891 0 0 0 0 0 0
-35.366722106933594 4.065415382385254 -10.448863983154297 0.0996014055797657 0.09451833882622154 0.9905280630209661 0.9568262552634147 -0.2822840725974834 -0.06927639999573912 0 0 0 0 0 0
-34.8863525390625 4.30203914642334 -10.404692649841309 -0.07942234449775343 -0.48323365836616416 0.8718814842721075 0.9568058506198427 -0.28234083437449664 -0.06932688846582243 0 0 0 0 0 0
-34.424102783203125 4.428512096405029 -10.161779403686523 -0.22827392313919648 -0.8773861683691887 0.4220006250813785 0.9568271012770183 -0.2822749411171877 -0.06930191829312518 0 0 0 0 0 0
-34.01388168334961 4.35498571395874 -9.822678565979004 -0.2902781082964407 -0.9382495223816062 -0.18821916372815933 0.9568707123640516 -0.28218026270043983 -0.06908501402057471 0 0 0 0 0 0
-33.66983413696289 4.067599296569824 -9.526473999023438 -0.24240273388168704 -0.6425659570476634 -0.7268768158705464 0.9568111562126083 -0.2822664275117932 -0.06955627395728933 0 0 0 0 0 0
-33.381004333496094 3.633725643157959 -9.395963668823242 -0.1021371633763675 -0.10283572053951585 -0.9894406573607878 0.956836946152273 -0.2822074160454952 -0.06944085833943289 0 0 0 0 0 0
-33.115482330322266 3.1764118671417236 -9.491004943847656 0.07697064468293953 0.4759804919814844 -0.8760810984778501 0.95681118642076 -0.2823233026453418 -0.06932464441686469 0 0 0 0 0 0
-32.832401275634766 2.8275973796844482 -9.785758018493652 0.22668858595491945 0.873981296885135 -0.42984762148084116 0.9568122989987521 -0.2823025589781437 -0.06939372939332909 0 0 0 0 0 0
-32.49763488769531 2.678007125854492 -10.178481101989746 0.2902546694668396 0.9399391062832485 0.17962934986283194 0.9568401239989988 -0.2822254944852619 -0.06932349795077017 0 0 0 0 0 0
-32.096675872802734 2.742673635482788 -10.53027057647705 0.24362534261296073 0.6487766906346496 0.7209268327131886 0.9568083098690778 -0.28235329761218575 -0.06924213668715978 0 0 0 0 0 0
-31.64019012451172 2.9552245140075684 -10.717719078063965 0.10436859722876443 0.11116044758867495 0.9883069112398158 0.9568050315994614 -0.2823541550061703 -0.06928392783831906 0 0 0 0 0 0
-31.159927368164062 3.1931145191192627 -10.679877281188965 -0.07449695822177746 -0.46868936567738845 0.8802161562460837 0.9568056382096302 -0.282334465797599 -0.06935575039639437 0 0 0 0 0 0
-30.696645736694336 3.3241701126098633 -10.441396713256836 -0.22506012706863993 -0.8704926883941049 0.4377104278587059 0.9568410777608262 -0.28222903776634495 -0.06929590284413359 0 0 0 0 0 0
-30.284622192382812 3.2567944526672363 -10.103147506713867 -0.29020225250729864 -0.9415533643114359 -0.17105529747279533 0.9568128769187215 -0.2822924947601434 -0.06942669489911005 0 0 0 0 0 0
-29.938800811767578 2.974794626235962 -9.80388069152832 -0.24501256945001124 -0.6549221314935955 -0.7148747040505694 0.9568220157995336 -0.28228693323684284 -0.0693232818399096 0 0 0 0 0 0
-29.648826599121094 2.543501615524292 -9.667579650878906 -0.10674484358076287 -0.11947461678920986 -0.987082242932163 0.9568145776787611 -0.2823177559925361 -0.06930042274584436 0 0 0 0 0 0
-29.383153915405273 2.084975481033325 -9.75627613067627 0.07203156983231522 0.46137743983923957 -0.8842750199767496 0.9568368075515666 -0.2822381737809646 -0.06931765269621128 0 0 0 0 0 0
-29.10107421875 1.7316182851791382 -10.046547889709473 0.2234535642843551 0.8669241440769808 -0.44554576984302235 0.9568430697029409 -0.2822294354338492 -0.06926677223708541 0 0 0 0 0 0
-28.768070220947266 1.5758799314498901 -10.438379287719727 0.290003286874977 0.9431317637359518 0.16248252162624294 0.956826629485615 -0.2822713727921034 -0.06932296307327895 0 0 0 0 0 0
-28.36895179748535 1.6351274251937866 -10.793169975280762 0.24635867221591268 0.6610181308577359 0.7087753066391052 0.956825527938028 -0.2822756016473182 -0.06932094777741274 0 0 0 0 0 0
-27.913644790649414 1.8450533151626587 -10.986393928527832 0.10905216893001311 0.12777479794370522 0.985789645645614 0.9568043082429798 -0.2823658206944653 -0.06924636475089727 0 0 0 0 0 0
-27.433500289916992 2.0841057300567627 -10.954907417297363 -0.06965161555547471 -0.4540164051448561 0.888266714624529 0.9567988433403392 -0.2823707678122352 -0.06930168012189948 0 0 0 0 0 0
-26.969200134277344 2.2196645736694336 -10.720926284790039 -0.22190920260032085 -0.8633119965053263 0.4532644950702372 0.9568032044871244 -0.28234643602291815 -0.06934059379848187 0 0 0 0 0 0
-26.555500030517578 2.158431053161621 -10.383635520935059 -0.28982542162441005 -0.9446234629479369 -0.15390821364852642 0.9568265975726714 -0.28228103194099663 -0.0692840615425458 0 0 0 0 0 0
-26.20783042907715 1.8818700313568115 -10.081427574157715 -0.24768988614248735 -0.6670759570288999 -0.7026089864616726 0.9568278547391659 -0.28226905633196164 -0.0693154833547996 0 0 0 0 0 0
-25.91665267944336 1.4532526731491089 -9.939373016357422 -0.11140118646177792 -0.1360655436154993 -0.9844165497875006 0.9568100450399764 -0.28234511883106134 -0.06925150960717323 0 0 0 0 0 0
-25.65086555480957 0.9936199188232422 -10.021717071533203 0.06713485234678054 0.44663017419021506 -0.8921963904338518 0.9568105406942503 -0.2823233950588333 -0.06933317978306049 0 0 0 0 0 0
-25.3697566986084 0.6357969045639038 -10.307440757751465 0.22019296605424427 0.8596425402105077 -0.4610095018116872 0.9568355299591055 -0.2822486742723522 -0.06929252830845445 0 0 0 0 0 0
-22.3372802734375 -0.1712646484375 -10.482680320739746 0.3254660222659646 0.9347039315029221 0.14283006960493883 0.945032474017219 -0.3165390512578581 -0.0819551833728026 0 0 0 0 0 0
-21.78167724609375 -0.3354644775390625 -10.641889572143555 0.3150174424854751 0.686873827729894 0.654956758656321 0.9041601332193409 -0.42699802061573466 0.012928413940954373 0 0 0 0 0 0
-21.341705322265625 -0.4190521240234375 -10.812719345092773 0.28068539602816667 0.257644626905985 0.9245728498517504 0.9180091226340635 -0.3532200631750237 -0.1802632456472181 0 0 0 0 0 0
-21.021240234375 -0.46826171875 -10.942403793334961 0.31051147034102616 -0.05969907261470589 0.9486931261032717 0.9441539814611637 0.13512762670747386 -0.3005225179440608 0 0 0 0 0 0
-20.742919921875 -0.0673828125 -11.221492767333984 0.29968768412953994 -0.5654239885651784 0.7684289200284682 0.9371193696805178 0.023452694679314233 -0.3482201287718273 0 0 0 0 0 0
-20.41546630859375 0.2508544921875 -11.223747253417969 0.3021188047026013 -0.8890761339903445 0.3439009389545985 0.9371707482369804 0.21099290848924138 -0.27783624892405395 0 0 0 0 0 0
-20.049652099609375 0.484405517578125 -11.081586837768555 0.30899832231479146 -0.9311149445752382 -0.193765313705253 0.930036391496871 0.33843266086103213 -0.1431629999476141 0 0 0 0 0 0
-19.72528076171875 0.56329345703125 -10.812067985534668 0.31876072237804426 -0.6640339749203705 -0.6763508571891368 0.9357802245229921 0.33392215923719337 0.1131872915219254 0 0 0 0 0 0
-19.396026611328125 0.4782562255859375 -10.557063102722168 0.3283665722382728 -0.15697356467942528 -0.931415425161255 0.9284012724238629 0.23520213402833956 0.2876647936579438 0 0 0 0 0 0
-19.064300537109375 0.2798004150390625 -10.399582862854004 0.3339467744075596 0.4185206833476509 -0.844582730981993 0.9179809541271192 0.059010403975275245 0.39221007136806 0 0 0 0 0 0
-18.731536865234375 0.0384674072265625 -10.368463516235352 0.3329435821263509 0.8380809463010919 -0.4321676741357923 0.9076411533570443 -0.16059900177791303 0.38780858340247226 0 0 0 0 0 0
-18.39996337890625 -0.18682861328125 -10.464097023010254 0.3255343420155352 0.934681038482149 0.14282418727388 0.9020035023366487 -0.3522881463871742 0.24956510911485308 0 0 0 0 0 0
-18.070953369140625 -0.3354644775390625 -10.674196243286133 0.3149447826180205 0.6868817533696798 0.6549833897050231 0.9041377923612923 -0.4270404445075357 0.01308858964347214 0 0 0 0 0 0
-17.632354736328125 -0.4298095703125 -10.862214088439941 0.2772523171518657 0.2598954370880106 0.9249786561941595 0.9173663617056613 -0.35778304121457627 -0.17444269497507353 0 0 0 0 0 0
-17.314971923828125 -0.4643402099609375 -10.980817794799805 0.3144082072461239 -0.059356851549984074 0.9474303369590565 0.9411137938200344 0.15018168076646934 -0.3029031030607317 0 0 0 0 0 0
-17.03033447265625 -0.0728759765625 -11.258712768554688 0.2996079334247056 -0.5654556146109513 0.7684367469960873 0.9379725038570301 0.027279857027039184 -0.3456347659144814 0 0 0 0 0 0
-16.705810546875 0.2488250732421875 -11.260436058044434 0.3020497210108662 -0.8890973538267565 0.34390676273594484 0.9371637316905256 0.21086378926730892 -0.2779579147635853 0 0 0 0 0 0
-16.381439208984375 0.482391357421875 -11.083521842956543 0.3090673310282914 -0.9310929913278866 -0.1937607452275535 0.9389133434547557 0.33115814284915873 -0.09368040300568929 0 0 0 0 0 0
-16.0546875 0.56329345703125 -10.812067985534668 0.31876072237804426 -0.6640339749203705 -0.6763508571891368 0.9357802245229921 0.33392215923719337 0.1131872915219254 0 0 0 0 0 0
-15.725433349609375 0.4782562255859375 -10.557063102722168 0.3283665722382728 -0.15697356467942528 -0.931415425161255 0.9284012724238629 0.23520213402833956 0.2876647936579438 0 0 0 0 0 0
-15.39373779296875 0.2798004150390625 -10.399582862854004 0.33401455908669825 0.41851001915716834 -0.844561210441958 0.9179903882107022 0.058842020324286856 0.3922132886541719 0 0 0 0 0 0
-15.21063232421875 0.768768310546875 -9.215678215026855 0.3328757435403051 -0.8381022330484188 0.4321786509323927 -0.3341523167371416 0.32373526743435144 0.8851766523346682 0 0 0 0 0 0
-14.745880126953125 0.155609130859375 -7.392387390136719 0.3254773502544746 -0.9346983164480939 -0.14284100146815445 0.9020047878048203 0.352241026129166 -0.2496269662689776 0 0 0 0 0 0
-14.416900634765625 0.3042449951171875 -7.182311534881592 0.3150174424854751 -0.686873827729894 -0.654956758656321 0.904136411122763 0.4270463633093808 -0.01299052217128294 0 0 0 0 0 0
-13.976959228515625 0.3878326416015625 -7.011479377746582 0.28068477729965663 -0.25764405896736625 -0.9245731959510086 0.9180091935468367 0.3532201120697309 0.18026278870841184 0 0 0 0 0 0
-13.65679931640625 0.4415740966796875 -6.873295307159424 0.31051147034102616 0.05969907261470589 -0.9486931261032717 0.9453729701619447 -0.12361018791247143 0.301646264242451 0 0 0 0 0 0
-13.378173828125 0.0402679443359375 -6.593869209289551 0.2997582230287367 0.5654131307879785 -0.7684093956083505 0.9371106698755755 -0.02355503932394908 0.3482366329492025 0 0 0 0 0 0
-13.050689697265625 -0.2779693603515625 -6.591597557067871 0.30204959717894697 0.8890969893217626 -0.3439078138440785 0.9371643948007008 -0.21086480460062992 0.2779549087506359 0 0 0 0 0 0
-12.726348876953125 -0.511566162109375 -6.7685465812683105 0.3089870615404569 0.9311191586593843 0.193763020667087 0.9389260978014432 -0.33109337979764136 0.09378143057945691 0 0 0 0 0 0
-12.39984130859375 -0.592437744140625 -7.04002046585083 0.31883260443532074 0.6640247840877755 0.6763259986620161 0.9357655062151906 -0.33393253788405336 -0.11327831884409095 0 0 0 0 0 0
-12.0703125 -0.5074462890625 -7.294991493225098 0.3283665722382728 0.15697356467942528 0.931415425161255 0.9283866720210137 -0.23528264015027764 -0.28764607846737983 0 0 0 0 0 0
-11.7386474609375 -0.3089599609375 -7.452504634857178 0.33393471837492694 -0.4185437205859833 0.8445760817249685 0.9180002529905801 -0.058941672975691674 -0.39217523467967436 0 0 0 0 0 0
-11.406097412109375 -0.0676116943359375 -7.48357629776001 0.33294323907480483 -0.8380800827765196 0.4321696130082253 0.9076425189272825 0.16060038439382338 -0.38780481478173273 0 0 0 0 0 0
-11.074310302734375 0.1576385498046875 -7.387990474700928 0.3254772394066937 -0.9346979981180039 -0.14284333705984917 0.9020096924025977 0.35224072681071966 -0.24960966565345005 0 0 0 0 0 0
-10.745391845703125 0.3062896728515625 -7.177881240844727 0.31493702208215146 -0.6869029743984134 -0.6549648661452301 0.9041619331134011 0.42699052452963165 -0.01304954675640805 0 0 0 0 0 0
-10.306671142578125 0.4006500244140625 -6.989859580993652 0.2771815799189432 -0.25990064739715935 -0.9249983920181568 0.917341901971273 0.357902682167966 0.17432585862316444 0 0 0 0 0 0
-9.98931884765625 0.4351806640625 -6.871264457702637 0.3144074985218568 0.05931857075970484 -0.9474329696797842 0.9411107047652211 -0.15019576217104247 0.3029057186686456 0 0 0 0 0 0
-9.704803466796875 0.043701171875 -6.593371391296387 0.29968740959955914 0.5654234706065002 -0.7684294082183516 0.9379618717256945 -0.027384091144457716 0.3456553756865704 0 0 0 0 0 0
-9.4578857421875 1.3201141357421875 -5.791780471801758 0.3021190524121463 -0.8890768629507442 0.34389883677507604 -0.07066454157224981 0.33887686012116736 0.9381732229384948 0 0 0 0 0 0
-9.039306640625 0.4844512939453125 -4.020275592803955 0.30899825093841987 -0.9311147294944385 -0.19376646106975243 0.938924324547569 0.33110278226941214 -0.09376598715070271 0 0 0 0 0 0
-8.712646484375 0.565338134765625 -3.74882173538208 0.31876354951919866 -0.66403986434666 -0.6763437425277112 0.9357669121071307 0.3339801304347317 0.11312629526456382 0 0 0 0 0 0
-8.383270263671875 0.4803314208984375 -3.4938175678253174 0.3282997785138374 -0.15697810697007217 -0.9314382047993618 0.9283969401650983 0.235341122010909 0.28756508442912476 0 0 0 0 0 0
-8.05157470703125 0.2818603515625 -3.3363265991210938 0.3339430758785935 0.4185160481453106 -0.8445864902528194 0.9179997245358662 0.05894032008215381 0.3921766750084548 0 0 0 0 0 0
-7.718902587890625 0.0405120849609375 -3.305236577987671 0.3328647582827771 0.8381127210899492 -0.4321667727169104 0.9076468326131926 -0.16049484266323108 0.3878384105858314 0 0 0 0 0 0
-7.387298583984375 -0.1847686767578125 -3.4008567333221436 0.3254659945582318 0.9347038519292491 0.14283065348462545 0.9020056663345736 -0.3522278745514614 0.2496423487497306 0 0 0 0 0 0
-7.058319091796875 -0.333404541015625 -3.6109426021575928 0.3149469958298896 0.6868865802946938 0.6549772634441509 0.9041379082292019 -0.42704020211723487 0.013088494130126013 0 0 0 0 0 0
-6.618408203125 -0.4169769287109375 -3.7817697525024414 0.2806866334926751 0.25764576279009616 0.9245721576463668 0.9180133277181223 -0.3532060092886273 -0.18026936826399942 0 0 0 0 0 0
-6.298828125 -0.46820068359375 -3.915888786315918 0.3104413022476073 -0.05970025043223218 0.9487160154425235 0.9447630670672729 0.1297361600390677 -0.30098384654987276 0 0 0 0 0 0
-6.020477294921875 -0.0673828125 -4.194950580596924 0.2997159402639733 -0.5654434749310011 0.7684035605133782 0.937115521194761 0.023502810660351287 -0.34822710668030304 0 0 0 0 0 0
-5.6930694580078125 0.2508697509765625 -4.197216510772705 0.302084387310714 -0.8890871088585443 0.3439027999372288 0.9371580050957682 0.21090737623251996 -0.27794415290780033 0 0 0 0 0 0
-5.3687286376953125 0.4844512939453125 -4.020275592803955 0.30903275589903123 -0.9311037533617522 -0.1937641769190248 0.9389187459660928 0.3311305878594014 -0.09372364833566378 0 0 0 0 0 0
-5.0420684814453125 0.565338134765625 -3.74882173538208 0.3187978205457321 -0.6640317891874546 -0.6763355177452972 0.9357737353311874 0.33392303370205423 0.11323834963268278 0 0 0 0 0 0
-4.7126922607421875 0.4803314208984375 -3.4938175678253174 0.3283338140566188 -0.15697614091355716 -0.9314265390952314 0.9283915209339358 0.23531246744343126 0.28760602657743084 0 0 0 0 0 0
-4.3809814453125 0.2818603515625 -3.3363265991210938 0.3339430758785935 0.4185160481453106 -0.8445864902528194 0.9179908521889052 0.05897790665909851 0.392191792142057 0 0 0 0 0 0
-4.197967529296875 0.7708282470703125 -2.1524405479431152 0.33287531479133614 -0.8381011535601255 0.432181074555279 -0.33415484137159507 0.3237366585643382 0.885175190507236 0 0 0 0 0 0
-3.7332000732421875 0.1576690673828125 -0.3291446268558502 0.32546586987209114 -0.9347034938438642 -0.14283328094137007 0.902005207758267 0.3522285407865756 -0.24964306566040584 0 0 0 0 0 0
-3.40423583984375 0.3062896728515625 -0.11906062066555023 0.31498148958589256 -0.6868786122663898 -0.6549690322673666 0.904148994922208 0.4270191738955986 -0.013008462886969331 0 0 0 0 0 0
-2.965484619140625 0.400665283203125 0.0689563900232315 0.27725182991887987 -0.2598949803573649 -0.9249789305663548 0.917354335946953 0.3578210062173597 0.17442806491193283 0 0 0 0 0 0
-2.648162841796875 0.4351806640625 0.18755830824375153 0.3144076760723697 0.05931860425776934 -0.9474329086619706 0.9411053835103271 -0.1502375523561861 0.3029015268860534 0 0 0 0 0 0
-2.3636322021484375 0.043701171875 0.4654513895511627 0.2996871951232403 0.5654230659517143 -0.7684297896157646 0.9379619271720021 -0.027383715184810108 0.3456552550135198 0 0 0 0 0 0
-2.0389862060546875 -0.277984619140625 0.4672103226184845 0.30208444923224886 0.8890872911044354 -0.3439022743871085 0.9371579110185421 -0.21090742106427066 0.277944436093585 0 0 0 0 0 0
-1.7146148681640625 -0.511566162109375 0.2902773916721344 0.30903273805330556 0.9311036995932702 0.1937644637569079 0.9389123273709369 -0.3311370877726143 0.09376497540319848 0 0 0 0 0 0
-1.3879852294921875 -0.5924530029296875 0.01881338842213154 0.3187974279649134 0.6640309714712513 0.6763365056315548 0.9357715818923248 -0.3339327510260431 -0.11322748921933654 0 0 0 0 0 0
-1.05859375 -0.5074310302734375 -0.23618267476558685 0.32833363177292035 0.1569760537638628 0.9314266180389785 0.9283917835798161 -0.23531130317678062 -0.2876061313302157 0 0 0 0 0 0
-0.71435546875 -0.313079833984375 -0.3865486681461334 0.33393779678340496 -0.4185475789704728 0.8445729524543165 0.918911376856547 -0.05503730245100991 -0.390605653853757 0 0 0 0 0 0
-0.38067626953125 -0.069671630859375 -0.41865864396095276 0.33289870417787054 -0.8381021461546916 0.43216113356894403 0.907644088157829 0.16054187562539174 -0.3878253671471537 0 0 0 0 0 0
-0.049041748046875 0.155609130859375 -0.32303866744041443 0.3254658767991566 -0.9347035137376623 -0.14283313497163014 0.9019938912330473 0.35223040612394224 -0.24968131924521003 0 0 0 0 0 0
0.2799224853515625 0.3042449951171875 -0.1129516214132309 0.3149810592015941 -0.68687767372943 -0.654970223503549 0.9041489749764126 0.42701921576035706 -0.013008474949529393 0 0 0 0 0 0
0.7186431884765625 0.3986053466796875 0.07506932318210602 0.27725213563351125 -0.2598952669332845 -0.924978758411421 0.9173706539104747 0.35776963709749593 0.17444761424276986 0 0 0 0 0 0
1.0360107421875 0.4331207275390625 0.193672314286232 0.31440634297393033 0.05935649959566071 -0.9474309776725214 0.9411089622677311 -0.1502246504152578 0.3028968067625805 0 0 0 0 0 0
1.3205108642578125 0.0416412353515625 0.47156229615211487 0.29968100552102 0.5654495347298981 -0.7684127267319641 0.93795444167247 -0.027347086211214636 0.3456784665301584 0 0 0 0 0 0
1.56744384765625 1.31805419921875 1.2731564044952393 0.30208506844378824 -0.889089113552137 0.34389701886813023 -0.0706974398094782 0.33886280126076257 0.9381758225013551 0 0 0 0 0 0
1.9860076904296875 0.4824066162109375 3.0446531772613525 0.3090562824165224 -0.9310978520741662 -0.19375501067521572 0.9389128664368708 0.33115087641016167 -0.09371086538966959 0 0 0 0 0 0
2.312652587890625 0.56329345703125 3.316117525100708 0.3188313191531507 -0.6640221072623708 -0.676329232692113 0.9357656671520492 0.3339323308653256 0.11327759964940623 0 0 0 0 0 0
2.6420440673828125 0.478271484375 3.571115255355835 0.32833363177292035 -0.1569760537638628 -0.9314266180389785 0.9283917239253693 0.2353116319635323 0.2876060548902616 0 0 0 0 0 0
2.9737548828125 0.2798004150390625 3.728600263595581 0.3339374080399008 0.4185470917310705 -0.8445733476229615 0.9179999870817069 0.05893594297797756 0.39217671825757644 0 0 0 0 0 0
3.3064117431640625 0.0384521484375 3.7596991062164307 0.33289867738155837 0.8381020786925885 -0.4321612850415588 0.9076438046644338 -0.1605411879258999 0.3878263152928281 0 0 0 0 0 0
3.638031005859375 -0.18682861328125 3.6640803813934326 0.3254660222659646 0.9347039315029221 0.14283006960493883 0.9019940784535988 -0.3522296870818845 0.2496816572614835 0 0 0 0 0 0
3.9669952392578125 -0.3354644775390625 3.4539902210235596 0.31497335165090573 0.6868990121324766 0.6549515515526494 0.9041493740309973 -0.4270176662943609 0.013031581326690555 0 0 0 0 0 0
4.40692138671875 -0.419036865234375 3.2831685543060303 0.28072208404330623 0.2576432878962482 0.9245620843039118 0.9180131576388229 -0.3531838762788503 -0.180313593327414 0 0 0 0 0 0
4.7264862060546875 -0.4702606201171875 3.149033308029175 0.3104421845709353 -0.05966227287649825 0.9487181157931134 0.9447610454886693 0.12974050961567102 -0.3009883172015529 0 0 0 0 0 0
5.004852294921875 -0.069427490234375 2.869971513748169 0.29968039644805283 -0.5654483855078268 0.7684138099431387 0.9371201855017308 0.023452288969480036 -0.3482179605754042 0 0 0 0 0 0
5.332244873046875 0.2488250732421875 2.867723226547241 0.3020848826810535 -0.8890885668199663 0.3438985955272171 0.9371575632833958 0.2109084581253857 -0.27794482163174095 0 0 0 0 0 0
5.656585693359375 0.4824066162109375 3.044654130935669 0.3090562824165224 -0.9310978520741662 -0.19375501067521572 0.938912876506711 0.3311508662378344 -0.09371080044384243 0 0 0 0 0 0
5.983245849609375 0.56329345703125 3.316115140914917 0.3188315762092474 -0.6640226426267491 -0.6763285858892224 0.9357656446247363 0.3339323293657418 0.11327779016392173 0 0 0 0 0 0
6.3126220703125 0.478271484375 3.5711162090301514 0.3283680306187475 -0.15697426184899463 -0.9314147935181879 0.9283934801662884 0.2352428367917464 0.2876566594447263 0 0 0 0 0 0
6.64434814453125 0.2798004150390625 3.7285993099212646 0.3339374080399008 0.4185470917310705 -0.8445733476229615 0.9180005566179287 0.058933530102277365 0.39217574769337415 0 0 0 0 0 0
6.8273468017578125 0.768768310546875 4.912497520446777 0.33287557204087354 -0.8381018012534943 0.43217962038267105 -0.33416017509933066 0.3237324137706561 0.8851747294471354 0 0 0 0 0 0
7.2921295166015625 0.155609130859375 6.735790729522705 0.3254656897660073 -0.9347029765982744 -0.14283707615133662 0.901993306650966 0.35223138827107275 -0.24968204555692372 0 0 0 0 0 0
7.62109375 0.3042449951171875 6.945864677429199 0.3149813589334746 -0.6868783273532933 -0.6549693938931523 0.9041489934020881 0.42701917736431094 -0.01300845467756962 0 0 0 0 0 0
8.059829711914062 0.3986053466796875 7.133894920349121 0.27721679623652007 -0.25989789909996025 -0.9249886107016598 0.9173585322769898 0.35782912149967155 0.17438934332515982 0 0 0 0 0 0
8.377182006835938 0.4331207275390625 7.252495765686035 0.31440607665103304 0.059356449316792945 -0.9474310692020859 0.9411090662447935 -0.15022448487807682 0.3028965658025351 0 0 0 0 0 0
8.66168212890625 0.0416412353515625 7.530386924743652 0.2996865860115882 0.5654219167341853 -0.7684308727799521 0.9379621087438185 -0.02738276140151524 0.3456548378641288 0 0 0 0 0 0
8.986343383789062 -0.280029296875 7.532135009765625 0.3020848826810535 0.8890885668199663 -0.3438985955272171 0.9371592404051329 -0.21091236075801306 0.2779362052751612 0 0 0 0 0 0
9.310699462890625 -0.51361083984375 7.355213165283203 0.3090326845159825 0.9311035382873842 0.19376532427025903 0.9389123105349081 -0.33113715667013527 0.09376490067407328 0 0 0 0 0 0
9.637344360351562 -0.594512939453125 7.083747863769531 0.3187975635106759 0.6640312538028401 0.6763361645459193 0.9357715759644184 -0.3339327238539973 -0.11322761834693407 0 0 0 0 0 0
9.966720581054688 -0.509490966796875 6.828751564025879 0.3283680306187475 0.15697426184899463 0.9314147935181879 0.9283934094813423 -0.23524322654586333 -0.2876565688384336 0 0 0 0 0 0
10.298431396484375 -0.3110198974609375 6.6712565422058105 0.33397163655134204 -0.4185421811811908 0.844562246700212 0.9179951258113365 -0.05889147711106781 -0.3921947767504115 0 0 0 0 0 0
10.631088256835938 -0.0696868896484375 6.640170574188232 0.3329094919669157 -0.8380911583033274 0.432174132187614 0.9076456544107709 0.1605549522855996 -0.3878162881130865 0 0 0 0 0 0
10.962722778320312 0.155609130859375 6.735790729522705 0.3254656897660073 -0.9347029765982744 -0.14283707615133662 0.901993306650966 0.35223138827107275 -0.24968204555692372 0 0 0 0 0 0
11.29168701171875 0.3042449951171875 6.945864677429199 0.3149813589334746 -0.6868783273532933 -0.6549693938931523 0.9041489934020881 0.42701917736431094 -0.01300845467756962 0 0 0 0 0 0
11.731613159179688 0.3878326416015625 7.1166887283325195 0.28068632412561195 -0.25764547881820915 -0.924572330698571 0.9180086966308479 0.3532210160069425 0.18026354806547898 0 0 0 0 0 0
12.051849365234375 0.4415740966796875 7.25489616394043 0.31044182889448807 0.05970035171047847 -0.9487158367384254 0.9454020759812182 -0.12354106643010815 0.30158335437440015 0 0 0 0 0 0
12.330459594726562 0.0402679443359375 7.534304618835449 0.29968121998371733 0.5654499393862833 -0.7684123453180064 0.937112159809666 -0.023417726859113617 0.3482418843356082 0 0 0 0 0 0
12.580123901367188 1.3201141357421875 8.336398124694824 0.3020841396238825 -0.8890863798729423 0.3439049021344782 -0.07068253949084644 0.3388759021068031 0.9381722131796622 0 0 0 0 0 0
12.998703002929688 0.4844512939453125 10.107900619506836 0.3090671882500103 -0.9310925611955382 -0.1937630399058746 0.9389131878671517 0.3311584382714634 -0.09368091807165557 0 0 0 0 0 0
13.325332641601562 0.565338134765625 10.37936019897461 0.31883234737854943 -0.6640242487219921 -0.6763266454711644 0.9357678066634101 0.3339224217067404 0.11328913581564914 0 0 0 0 0 0
13.65472412109375 0.4803314208984375 10.634359359741211 0.32836730142701454 -0.15697391326349497 -0.9314151093407735 0.928393585205411 0.23524339170839936 0.28765586663054843 0 0 0 0 0 0
13.986434936523438 0.2818603515625 10.791855812072754 0.3339420672002366 0.41851478401345626 -0.8445875154868219 0.9179999500990274 0.05894193578512358 0.39217590418597353 0 0 0 0 0 0
14.319107055664062 0.0405120849609375 10.822941780090332 0.33287505754133084 0.8381005058655786 -0.4321825287245155 0.9076480865541827 -0.1605052840634227 0.38783115496598636 0 0 0 0 0 0
14.650711059570312 -0.1847686767578125 10.727320671081543 0.3254660222659646 0.9347039315029221 0.14283006960493883 0.9020057724177004 -0.3522277257988375 0.24964217533046545 0 0 0 0 0 0
14.97967529296875 -0.333404541015625 10.517232894897461 0.3149811129996098 0.6868777910465028 0.6549700745992931 0.9041489717207064 -0.4270192222413008 0.013008488491130033 0 0 0 0 0 0
15.418411254882812 -0.4277801513671875 10.329206466674805 0.2772523171518657 0.2598954370880106 0.9249786561941595 0.917354126366979 -0.35782146191135505 -0.17442823232807753 0 0 0 0 0 0
15.735763549804688 -0.4622802734375 10.210618019104004 0.31440749704473475 -0.059356717471682516 0.9474305810417204 0.9411082209250364 0.1502276753748753 -0.3028976098597907 0 0 0 0 0 0
16.020278930664062 -0.07080078125 9.93272590637207 0.29968121998371733 -0.5654499393862833 0.7684123453180064 0.9379543862344846 0.027347462178397394 -0.3456785872105655 0 0 0 0 0 0
16.344924926757812 0.2508697509765625 9.930962562561035 0.302084387310714 -0.8890871088585443 0.3439027999372288 0.937158143231229 0.2109076976701826 -0.27794344323775344 0 0 0 0 0 0
16.669296264648438 0.4844512939453125 10.107900619506836 0.3090326845159825 -0.9311035382873842 -0.19376532427025903 0.9389187688476335 0.33113063389782943 -0.09372325645252465 0 0 0 0 0 0
16.99591064453125 0.565338134765625 10.37935733795166 0.3188338897217073 -0.664027460921962 -0.6763227645928076 0.9357651037819865 0.3339338174804102 0.11327787112604303 0 0 0 0 0 0
17.325363159179688 0.4803314208984375 10.634370803833008 0.3283318089462176 -0.1569751822718352 -0.931427407469218 0.9283993594871132 0.23527237717437122 0.287613521661689 0 0 0 0 0 0
17.656951904296875 0.2818450927734375 10.791851997375488 0.33397399021927343 0.41854513086075024 -0.8445598541783607 0.917985725274061 0.05892530493286683 0.3922116987439626 0 0 0 0 0 0
17.98974609375 0.0405120849609375 10.822956085205078 0.3328651012489515 0.8381135846367996 -0.4321648338513669 0.907636900241665 -0.16047599453066444 0.3878694529079289 0 0 0 0 0 0
18.321319580078125 -0.1847686767578125 10.727322578430176 0.3255001273521553 0.9346923263224963 0.14282829624262364 0.9020048273183865 -0.35225816668726057 0.24960263519534043 0 0 0 0 0 0
18.650283813476562 -0.3334197998046875 10.517230987548828 0.315016950574239 0.6868727551513378 0.6549581200975508 0.9041363837939245 -0.4270464203873456 0.012990547886822731 0 0 0 0 0 0
19.090240478515625 -0.4169921875 10.346402168273926 0.28068477729965663 0.25764405896736625 0.9245731959510086 0.9180094066348111 -0.3532194279552888 -0.18026304403548965 0 0 0 0 0 0
19.40966796875 -0.468170166015625 10.21229076385498 0.31047700132936257 -0.05969977971255098 0.9487043627747264 0.94474799205358 0.1297713028876725 -0.3010160136231376 0 0 0 0 0 0
19.688186645507812 -0.0673980712890625 9.933225631713867 0.299643753660602 -0.5654512234896376 0.7684260112374232 0.9371332327562347 0.023437180369275536 -0.3481838632679389 0 0 0 0 0 0
20.01544189453125 0.2508697509765625 9.930981636047363 0.3020841396238825 -0.8890863798729423 0.3439049021344782 0.9371666637892732 0.21092647224461553 -0.2779004634550382 0 0 0 0 0 0
20.350357055664062 0.1024932861328125 10.12948989868164 0.3255114008182668 -0.9346865513710505 -0.1428403956289053 0.9125604118683278 0.2710038241387743 0.30625221957215004 0 0 0 0 0 0
20.67913818359375 0.306304931640625 10.422734260559082 0.3149375138679657 -0.6869040470228268 -0.6549635047407809 0.9041501207349002 0.4270145891769974 -0.013080512416015452 0 0 0 0 0 0
21.117767333984375 0.4006500244140625 10.610791206359863 0.2772523171518657 -0.2598954370880106 -0.9249786561941595 0.9173544071786813 0.35782058018945284 0.17442856423973005 0 0 0 0 0 0
21.435150146484375 0.4351806640625 10.729390144348145 0.314408918931255 0.05931883874521979 -0.9474324815343826 0.9411101237575161 -0.15019685497890317 0.3029069819524789 0 0 0 0 0 0
21.719635009765625 0.0436859130859375 11.007287979125977 0.2997159402639733 0.5654434749310011 -0.7684035605133782 0.9379569768646444 -0.02743061882120712 0.34566496886728737 0 0 0 0 0 0
22.044357299804688 -0.2779693603515625 11.009039878845215 0.3020848826810535 0.8890885668199663 -0.3438985955272171 0.9371595166603364 -0.21091300361642604 0.2779347859453044 0 0 0 0 0 0
22.36871337890625 -0.511566162109375 10.832110404968262 0.3089870615404569 0.9311191586593843 0.193763020667087 0.9389260776388988 -0.3310934001567173 0.0937815605665456 0 0 0 0 0 0
22.695205688476562 -0.592437744140625 10.560623168945312 0.31883183326551273 0.6640231779914788 0.6763279390847675 0.9357656703966267 -0.33393211334953793 -0.11327821406194308 0 0 0 0 0 0
23.024749755859375 -0.5074462890625 10.305662155151367 0.3283318089462176 0.1569751822718352 0.931427407469218 0.9283995008644518 -0.23527159779416199 -0.28761370284814153 0 0 0 0 0 0
23.667510986328125 0.3541107177734375 10.303756713867188 -0.9115445989477912 0 -0.41120122097230005 0.2623821653957847 0.7699642481767427 -0.5816447849090046 0 0 0 0 0 0
20.4674072265625 0.632843017578125 7.975712776184082 0 1 0 0 0 1 0 0 0 0 0 0
20.964111328125 0.632843017578125 8.292500495910645 0 1 0 0 0 1 0 0 0 0 0 0
23.177642822265625 0.9014129638671875 10.979449272155762 -0.8894783656516309 0 -0.4569772828464276 0.024987302945804105 -0.9985039554368973 -0.04863625878257324 0 0 0 0 0 0
23.3070068359375 -0.3649139404296875 10.780804634094238 -0.32833253807465534 -0.15697553086757368 -0.9314270916987 -0.9439039543736427 0.09133454526512062 0.31733787318726064 0 0 0 0 0 0
22.751312255859375 -0.201202392578125 10.944719314575195 -0.31883183326551273 -0.6640231779914788 -0.6763279390847675 -0.9038695627974258 -0.0017376323806942266 0.4278046213893676 0 0 0 0 0 0
22.4244384765625 0.0746307373046875 10.946573257446289 -0.3089870615404569 -0.9311191586593843 -0.193763020667087 -0.9124927773668546 0.23280395954632482 0.3363915095136576 0 0 0 0 0 0
22.099822998046875 0.3094482421875 10.778541564941406 -0.3020848826810535 -0.8890885668199663 0.3438985955272171 -0.9238892892050607 0.3619462227475409 0.12419143743010318 0 0 0 0 0 0
21.776046752929688 0.398193359375 10.497110366821289 -0.299716489340446 -0.5654445108175424 0.7684025840688906 -0.9335837143141124 0.3396813190079226 -0.11418428037389448 0 0 0 0 0 0
21.408538818359375 0.276641845703125 10.373964309692383 -0.31444258276978904 -0.059356139608127106 0.9474189732277294 -0.9407935549483427 0.15261349204217556 -0.30268235662878107 0 0 0 0 0 0
20.945541381835938 0.45477294921875 10.175091743469238 -0.2772523171518657 0.2598954370880106 0.9249786561941595 -0.9523176626609129 0.05328657516715596 -0.3004190578026146 0 0 0 0 0 0
20.891067504882812 0.2007598876953125 9.283222198486328 -0.31883286149226076 -0.6640253194539104 -0.6763253518513034 0.752047723645704 0.2570592872526373 -0.6069141159970503 0 0 0 0 0 0
20.371597290039062 0.074615478515625 7.4247589111328125 -0.3090326845159825 -0.9311035382873842 -0.19376532427025903 -0.9124792031490087 0.23284556929018604 0.3363995313351071 0 0 0 0 0 0
20.045059204101562 0.3188934326171875 7.291440963745117 -0.30215495495973754 -0.8890702607305395 0.3438843623630033 -0.9040237090454492 0.3816910412514546 0.1924917725828549 0 0 0 0 0 0
19.7305908203125 0.398223876953125 7.024664878845215 -0.29964430262839103 -0.5654522594348365 0.7684250348618161 -0.9335912978047739 0.33969447526467955 -0.11408309312887789 0 0 0 0 0 0
19.363601684570312 0.2799530029296875 6.881861686706543 -0.310402447182618 -0.059661967235297354 0.9487311370713288 -0.9412991379332463 0.15859884144138758 -0.2979972154560796 0 0 0 0 0 0
18.900466918945312 0.450653076171875 6.701712608337402 -0.28068263718706804 0.2576802411251216 0.9245637622767895 -0.9539893382189999 0.030942733635143917 -0.29823965162207966 0 0 0 0 0 0
18.72393798828125 -0.01092529296875 6.568447589874268 -0.3150167046188136 0.6868722188624797 0.6549588008157741 -0.9479206442540076 -0.19351450782798815 -0.2529794210151466 0 0 0 0 0 0
18.35906982421875 -0.334808349609375 6.6559157371521 -0.32551145624637134 0.934686710529543 0.14283922784665584 -0.9296933188430423 -0.2888438747181893 -0.2285597272845606 0 0 0 0 0 0
18.028335571289062 -0.4874114990234375 6.857459545135498 -0.33287540054123393 0.838101369458046 -0.4321805898314509 -0.9187918527726283 -0.3913912565709368 -0.051326558022764424 0 0 0 0 0 0
17.696304321289062 -0.514404296875 7.09976863861084 -0.3339064922834837 0.4185180083219581 -0.8445999829038368 -0.9079728394947164 -0.38346078641217657 0.16894717524734532 0 0 0 0 0 0
17.364791870117188 -0.4150390625 7.325251579284668 -0.32833107982077103 -0.15697483367752676 -0.9314277232376322 -0.9020288390453364 -0.24046958425862666 0.35849456422239623 0 0 0 0 0 0
17.035491943359375 -0.201171875 7.472243309020996 -0.3187985916519126 -0.6640333953434058 -0.6763335773340441 -0.903854287946086 -0.001826312245998485 0.42783652338837797 0 0 0 0 0 0
16.708633422851562 0.0746307373046875 7.474102020263672 -0.3090562110347933 -0.9310976370215095 -0.19375615797640747 -0.9124888764088579 0.23288823003605993 0.3363437568036182 0 0 0 0 0 0
16.383895874023438 0.3094635009765625 7.306082725524902 -0.3020848826810535 -0.8890885668199663 0.3438985955272171 -0.9238796382422436 0.36195773445817225 0.12422967643557824 0 0 0 0 0 0
16.060134887695312 0.398193359375 7.024646759033203 -0.29968121998371733 -0.5654499393862833 0.7684123453180064 -0.9335820502599252 0.3397085331966197 -0.11411690455789433 0 0 0 0 0 0
15.692642211914062 0.276641845703125 6.901511192321777 -0.31440607665103304 -0.059356449316792945 0.9474310692020859 -0.9408008701532318 0.1526474526547725 -0.302642491922286 0 0 0 0 0 0
15.22967529296875 0.4547576904296875 6.70262336730957 -0.2772517057224872 0.2598948639360629 0.9249790005041341 -0.9523121805554197 0.05332975701375742 -0.3004287732269259 0 0 0 0 0 0
15.191146850585938 0.492950439453125 5.713918685913086 -0.3149811129996098 -0.6868777910465028 -0.6549700745992931 0.5358766123218213 0.44086579208925847 -0.7200511160549642 0 0 0 0 0 0
14.704971313476562 0.3076934814453125 3.752772092819214 -0.3254660222659646 -0.9347039315029221 -0.14283006960493883 -0.929700030000497 0.2887921166091244 0.22859782938929438 0 0 0 0 0 0
14.374252319335938 0.460296630859375 3.5512492656707764 -0.33290897742801406 -0.838089862964761 0.4321770405094911 -0.9188001513476586 0.3913848919415007 0.051226440862700846 0 0 0 0 0 0
14.042236328125 0.4872894287109375 3.3089325428009033 -0.3339424034258146 -0.41851520539006304 0.8445871737431867 -0.9079697704677662 0.3834468412545073 -0.16899531309670382 0 0 0 0 0 0
13.710708618164062 0.387908935546875 3.0834414958953857 -0.32833363177292035 0.1569760537638628 0.9314266180389785 -0.9020158964069034 0.24050999100633524 -0.35850002350820487 0 0 0 0 0 0
13.381332397460938 0.174072265625 2.9364593029022217 -0.31878974512555247 0.6640531151305035 0.6763183855908841 -0.9038566087228911 0.0018224206979304668 -0.42783163703816324 0 0 0 0 0 0
13.054550170898438 -0.1017303466796875 2.9346163272857666 -0.30903275589903123 0.9311037533617522 0.1937641769190248 -0.9124920211825787 -0.2328594965417576 -0.3363551191054651 0 0 0 0 0 0
12.729827880859375 -0.3365631103515625 3.1026322841644287 -0.302084387310714 0.8890871088585443 -0.3439027999372288 -0.9238793927265494 -0.36195834052416975 -0.12422973645714545 0 0 0 0 0 0
12.406036376953125 -0.4253082275390625 3.38405442237854 -0.29968121998371733 0.5654499393862833 -0.7684123453180064 -0.933590381510098 -0.33967666568629373 0.11414360402611991 0 0 0 0 0 0
12.0389404296875 -0.3070831298828125 3.5268523693084717 -0.3104759479407858 0.05969957716271407 -0.9487047202564471 -0.9412790060674757 -0.15858868511888807 0.29806620353352264 0 0 0 0 0 0
11.573776245117188 -0.479705810546875 3.7031142711639404 -0.28068632412561195 -0.25764547881820915 -0.924572330698571 -0.9539053053712815 -0.031709896224024724 0.29842779841359296 0 0 0 0 0 0
11.398269653320312 -0.01824951171875 3.8358371257781982 -0.31497335165090573 -0.6868990121324766 -0.6549515515526494 -0.9479326429576406 0.1934541756704084 0.2529806046538451 0 0 0 0 0 0
11.033462524414062 0.305633544921875 3.7483551502227783 -0.3254776273663275 -0.9346991122514952 -0.14283516247847772 -0.9296981907076257 0.288804512679716 0.228589649045619 0 0 0 0 0 0
10.702743530273438 0.458251953125 3.546830415725708 -0.33289867738155837 -0.8381020786925885 0.4321612850415588 -0.9187982128488447 0.3913847284567674 0.05126244626031398 0 0 0 0 0 0
10.3707275390625 0.4852447509765625 3.3045132160186768 -0.3339374080399008 -0.4185470917310705 0.8445733476229615 -0.9079810590019386 0.38341975450955074 -0.16899611932099018 0 0 0 0 0 0
10.039215087890625 0.3858642578125 3.079022169113159 -0.3283680306187475 0.15697426184899463 0.9314147935181879 -0.9020138890094409 0.24047229030530054 -0.3585303636087012 0 0 0 0 0 0
9.86962890625 0.1721038818359375 2.2786612510681152 -0.31879769202818287 -0.6640315214951034 -0.6763358411458037 0.831860270987712 0.1459897613833954 -0.5354395195757123 0 0 0 0 0 0
9.366546630859375 0.07257080078125 0.4108484089374542 -0.30903272020755557 -0.931103645824715 -0.1937647505947413 -0.9124811971285569 0.23284790902968483 0.33639250310810925 0 0 0 0 0 0
9.04180908203125 0.307403564453125 0.24284030497074127 -0.30208494073197506 -0.8890887376739667 0.3438981028215649 -0.9238895756046392 0.3619458443997917 0.12419040949607006 0 0 0 0 0 0
8.718048095703125 0.3961334228515625 -0.03860269486904144 -0.2996874010205026 -0.5654234544203016 0.7684294234742639 -0.9335892023254966 0.3396737295337701 -0.11416198476665801 0 0 0 0 0 0
8.350540161132812 0.2745819091796875 -0.16173766553401947 -0.3143726779842187 -0.059319198430464765 0.9474444849354489 -0.9408012213389769 0.15271588183971097 -0.30260687593147817 0 0 0 0 0 0
7.8875885009765625 0.45269775390625 -0.36061564087867737 -0.27724938554109996 0.25993083559122937 0.9249695881086728 -0.9523174017548222 0.053284260684660266 -0.30042029538337467 0 0 0 0 0 0
7.7132415771484375 -0.014312744140625 -0.4941146671772003 -0.31498108994331664 0.6868777407677559 0.6549701384154122 -0.9478325861433233 -0.19202990793496943 -0.2544364421684651 0 0 0 0 0 0
7.3463897705078125 -0.33685302734375 -0.407316654920578 -0.32546586987209114 0.9347034938438642 0.14283328094137007 -0.9297073864535571 -0.28879996373058947 -0.2285579937847431 0 0 0 0 0 0
7.0156707763671875 -0.489471435546875 -0.20578669011592865 -0.3328987256149166 0.838102200124365 -0.4321610123908259 -0.9187982182584833 -0.39138471461119256 -0.05126245501097489 0 0 0 0 0 0
6.6836395263671875 -0.5164642333984375 0.036522284150123596 -0.33397173111784606 0.41854229969446105 -0.8445621505730772 -0.9079781829891137 -0.3834058059208954 0.16904321104953154 0 0 0 0 0 0
6.3521270751953125 -0.4170684814453125 0.2620142996311188 -0.3283343495160643 -0.15697639691630125 -0.931426307197214 -0.9020154936545725 -0.24051029121825984 0.3585008354595648 0 0 0 0 0 0
6.022735595703125 -0.2032470703125 0.4090103209018707 -0.31879761973708004 -0.6640313709181945 -0.6763360230584169 -0.9038557885322221 -0.0018252717110407047 0.4278333576522241 0 0 0 0 0 0
5.6959686279296875 0.07257080078125 0.4108484089374542 -0.3090672239447267 -0.9310926687290655 -0.19376246623659243 -0.9124910556106427 0.23290191212335926 0.3363283704355877 0 0 0 0 0 0
5.3712158203125 0.307403564453125 0.24284030497074127 -0.30208494073197506 -0.8890887376739667 0.3438981028215649 -0.9238796751395747 0.36195765374315736 0.1242296372076429 0 0 0 0 0 0
5.047454833984375 0.3961334228515625 -0.03860269486904144 -0.2996874010205026 -0.5654234544203016 0.7684294234742639 -0.9335892023254966 0.3396737295337701 -0.11416198476665801 0 0 0 0 0 0
4.6803436279296875 0.277923583984375 -0.18138663470745087 -0.3104416972326096 -0.05970032639088647 0.9487158814145351 -0.9412853877993372 0.15862144432789557 -0.2980286162682765 0 0 0 0 0 0
4.217193603515625 0.4486083984375 -0.36155566573143005 -0.2806866419519395 0.2576457705549605 0.9245721529144625 -0.9539843601973954 0.03098760363143228 -0.2982509160420929 0 0 0 0 0 0
4.1773834228515625 0.4901123046875 -1.3491466045379639 -0.31498123596652616 -0.6868780591998631 -0.654969734246422 0.5363043931532918 0.4405497453588453 -0.7199260515835889 0 0 0 0 0 0
3.692291259765625 0.305633544921875 -3.3104686737060547 -0.32551173338037975 -0.9346875063033008 -0.14283338892646044 -0.929700050082001 0.28885377256792005 0.22851983491768346 0 0 0 0 0 0
3.361572265625 0.458251953125 -3.511993646621704 -0.3328990203739704 -0.8381029422065432 0.43215934618932705 -0.9187982658170485 0.3913846040219137 0.05126244693920165 0 0 0 0 0 0
3.029541015625 0.4852447509765625 -3.7543106079101562 -0.33393723993482555 -0.41854688103323123 0.8445735185062723 -0.9079707654613639 0.3834533029884543 -0.16897530439312575 0 0 0 0 0 0
2.698028564453125 0.3858489990234375 -3.9798026084899902 -0.32833184770158824 0.15701334787263124 0.9314209608843304 -0.9020151149727917 0.2405006536191633 -0.35850825369770334 0 0 0 0 0 0
2.36865234375 0.172027587890625 -4.126798629760742 -0.318831447681178 0.6640223749445161 0.6763289092908633 -0.9038669864920421 0.0017455327475701938 -0.4278100324270365 0 0 0 0 0 0
2.0418701171875 -0.103790283203125 -4.128622531890869 -0.30903275589903123 0.9311037533617522 0.1937641769190248 -0.9124925346431373 -0.23286003431333516 -0.3363533538410687 0 0 0 0 0 0
1.7171173095703125 -0.338623046875 -3.9606246948242188 -0.30208513036456136 0.8890892957957862 -0.3438964933144549 -0.9238697550731355 -0.36196936388895556 -0.12426928529178002 0 0 0 0 0 0
1.3933563232421875 -0.4273529052734375 -3.679182767868042 -0.29968039644805283 0.5654483855078268 -0.7684138099431387 -0.9335906619968224 -0.33967582984698086 0.11414379724759446 0 0 0 0 0 0
1.0258636474609375 -0.3058013916015625 -3.5560476779937744 -0.31440678832169594 0.059318436767803594 -0.9474332137500038 -0.9408000171030196 -0.15264018337464658 0.30264881007252 0 0 0 0 0 0
0.562896728515625 -0.4839324951171875 -3.357170581817627 -0.2772520114368678 -0.25989515051174744 -0.9249788283494316 -0.9523177160337808 -0.053287015847206784 0.3004188104468543 0 0 0 0 0 0
0.3885498046875 -0.0168914794921875 -3.223670721054077 -0.3149813589334746 -0.6868783273532933 -0.6549693938931523 -0.9478303792122795 0.1920000685989721 0.2544671803991563 0 0 0 0 0 0
0.021697998046875 0.305633544921875 -3.310469627380371 -0.3254775996556307 -0.9346990326725579 -0.1428357463781165 -0.9296982113908904 0.288804356885577 0.22858976175779971 0 0 0 0 0 0
-0.30902099609375 0.458251953125 -3.5119926929473877 -0.3328990203739704 -0.8381029422065432 0.43215934618932705 -0.918798288845791 0.39138456276393124 0.051262349186641853 0 0 0 0 0 0
-0.6410369873046875 0.4852447509765625 -3.754312753677368 -0.33393723993482555 -0.41854688103323123 0.8445735185062723 -0.9079810971720469 0.3834196976045679 -0.16899604334737547 0 0 0 0 0 0
-0.9836883544921875 0.3902130126953125 -3.9833297729492188 -0.32836606410587793 0.15701146838519905 0.9314092155111727 -0.9016969558439669 0.241541648977668 -0.35860874449861435 0 0 0 0 0 0
-1.15570068359375 0.174163818359375 -4.786275386810303 -0.31878974512555247 -0.6640531151305035 -0.6763183855908841 0.8318448088169546 0.1460077788952884 -0.5354586282303695 0 0 0 0 0 0
-1.6587677001953125 0.0746307373046875 -6.654088497161865 -0.30903275589903123 -0.9311037533617522 -0.1937641769190248 -0.9124779043397605 0.23284471234185092 0.3364036474626278 0 0 0 0 0 0
-1.9835205078125 0.3094635009765625 -6.822097301483154 -0.3020845111537144 -0.8890874733501226 0.34390174883666497 -0.9238695417270285 0.3619700100255131 0.12426898933853311 0 0 0 0 0 0
-2.3072967529296875 0.398193359375 -7.103525638580322 -0.29968094547150065 -0.565449421426178 0.7684128335277255 -0.9335904590303754 0.3396764481866629 -0.11414361723174271 0 0 0 0 0 0
-2.6747589111328125 0.276641845703125 -7.226667404174805 -0.31440714194517483 -0.05935665043274593 0.947430703082432 -0.9408006667055968 0.15264645106245045 -0.30264362954528506 0 0 0 0 0 0
-3.13775634765625 0.4547576904296875 -7.425544261932373 -0.2772492625423141 0.2599307202756368 0.9249696573816526 -0.952317521145808 0.05328369680269578 -0.30042001693253073 0 0 0 0 0 0
-3.31207275390625 -0.01226806640625 -7.559046268463135 -0.3149811129996098 0.6868777910465028 0.6549700745992931 -0.9478325730782435 -0.1920298686877498 -0.25443652045970505 0 0 0 0 0 0
-3.6789398193359375 -0.334808349609375 -7.472257614135742 -0.3254997948256132 0.9346913714534162 0.14283530270565242 -0.9297022224379029 -0.28883960616450555 -0.22852890299644318 0 0 0 0 0 0
-4.0096588134765625 -0.4874114990234375 -7.270712375640869 -0.3328752290413864 0.8381009376620742 -0.4321815592787324 -0.9187917839707849 -0.3913913945985553 -0.05132673710631556 0 0 0 0 0 0
-4.3416900634765625 -0.514404296875 -7.028414249420166 -0.3339374080399008 0.4185470917310705 -0.8445733476229615 -0.9079706064131848 -0.383453753039832 0.16897513772546865 0 0 0 0 0 0
-4.673187255859375 -0.4150238037109375 -6.8029093742370605 -0.32836766602250705 -0.15697408755606607 -0.9314149514297437 -0.9020134104292815 -0.24047447276596906 0.3585301038318343 0 0 0 0 0 0
-5.0025787353515625 -0.2011871337890625 -6.655927658081055 -0.31883209032194676 -0.6640237133565599 -0.6763272922787482 -0.9038674680938179 -0.0017423582443455694 0.4278090278493659 0 0 0 0 0 0
-5.3293609619140625 0.0746307373046875 -6.654088497161865 -0.30903275589903123 -0.9311037533617522 -0.1937641769190248 -0.9124779043397605 0.23284471234185092 0.3364036474626278 0 0 0 0 0 0
-5.6540985107421875 0.3094635009765625 -6.822097301483154 -0.3020845111537144 -0.8890874733501226 0.34390174883666497 -0.9238794437041568 0.36195820141316787 0.1242297626603331 0 0 0 0 0 0
-5.9778900146484375 0.398193359375 -7.103525638580322 -0.2996462240260003 -0.5654558852625592 0.7684216175049318 -0.933594022396996 0.33968350213501897 -0.11409346923415874 0 0 0 0 0 0
-6.344970703125 0.27996826171875 -7.2463226318359375 -0.31044182889448807 -0.05970035171047847 0.9487158367384254 -0.9412796750421502 0.15866356775841087 -0.2980242366297019 0 0 0 0 0 0
-6.808135986328125 0.4506683349609375 -7.426483631134033 -0.2806866334926751 0.25764576279009616 0.9245721576463668 -0.9539889717168323 0.030945406444226088 -0.29824054664425276 0 0 0 0 0 0
-6.847930908203125 0.4921722412109375 -8.414076805114746 -0.31501547484361325 -0.6868695374223904 -0.6549622043829736 0.5361790849032307 0.4406238245323451 -0.7199740510371352 0 0 0 0 0 0
-7.333038330078125 0.30767822265625 -10.375404357910156 -0.3254776273663275 -0.9346991122514952 -0.14283516247847772 -0.9297006922553412 0.28880751899269713 0.22857567629391906 0 0 0 0 0 0
-7.66375732421875 0.460296630859375 -10.57693099975586 -0.33287540054123393 -0.838101369458046 0.4321805898314509 -0.9188043493657344 0.3913688713581315 0.05127352258692425 0 0 0 0 0 0
-7.99578857421875 0.4873046875 -10.819233894348145 -0.3339374080399008 -0.4185470917310705 0.8445733476229615 -0.907976549720754 0.3834344222853178 -0.16898706744576597 0 0 0 0 0 0
-8.3272705078125 0.387908935546875 -11.04473876953125 -0.3283680306187475 0.15697426184899463 0.9314147935181879 -0.9020136755878179 0.24047301974293783 -0.3585304113018418 0 0 0 0 0 0
-8.65667724609375 0.174072265625 -11.191722869873047 -0.31875521777660903 0.6640606547457168 0.6763272565547512 -0.9038691998611946 0.0018418888394865422 -0.4278049520374755 0 0 0 0 0 0
-8.98345947265625 -0.1017303466796875 -11.193561553955078 -0.3089981795616586 0.9311145144124645 0.19376760843345672 -0.9124711550782528 -0.2327934682212754 -0.3364574152900622 0 0 0 0 0 0
-9.308197021484375 -0.3365631103515625 -11.02554988861084 -0.3021190524121463 0.8890768629507442 -0.34389883677507604 -0.9238869356421753 -0.36196797542110576 -0.12414553926443335 0 0 0 0 0 0
-9.6319580078125 -0.4253082275390625 -10.744121551513672 -0.29968121998371733 0.5654499393862833 -0.7684123453180064 -0.9335820502599252 -0.3397085331966197 0.11411690455789433 0 0 0 0 0 0
-9.99945068359375 -0.3037567138671875 -10.620981216430664 -0.31440607665103304 0.059356449316792945 -0.9474310692020859 -0.9408061540218905 -0.15260629224132097 0.30264682407535 0 0 0 0 0 0
-10.462432861328125 -0.4818572998046875 -10.42210578918457 -0.27725017966188 -0.2599315801067763 -0.9249691408585747 -0.9523117721161349 -0.05332467322712388 0.3004309702980827 0 0 0 0 0 0
-10.636749267578125 -0.0148468017578125 -10.288599967956543 -0.3150164586635167 -0.6868716825739019 -0.6549594815324029 -0.9478225960759512 0.19208122013143528 0.2544349253555092 0 0 0 0 0 0
-11.003662109375 0.3076934814453125 -10.375396728515625 -0.32547773820802894 -0.9346994305641262 -0.14283282687843113 -0.9296983585279698 0.28880543695354416 0.2285877987480326 0 0 0 0 0 0
-11.334381103515625 0.4603118896484375 -10.576924324035645 -0.33293293820682507 -0.8380922989622083 0.4321538581075157 -0.9187940892208918 0.3914005548810141 0.05121549815813819 0 0 0 0 0 0
-11.666412353515625 0.4873046875 -10.81923770904541 -0.33393539078792467 -0.4185445633681871 0.8445753982056602 -0.9079772495199471 0.3834329530279607 -0.16898664114790174 0 0 0 0 0 0
-11.997802734375 0.3878936767578125 -11.0447416305542 -0.3283665722382728 0.15697356467942528 0.931415425161255 -0.9020106991943799 0.24048537929781166 -0.3585296094925127 0 0 0 0 0 0
-12.327239990234375 0.1740875244140625 -11.191713333129883 -0.31883286149226076 0.6640253194539104 0.6763253518513034 -0.9038688084414501 0.0017365503172966502 -0.42780621958969783 0 0 0 0 0 0
-12.65411376953125 -0.1017303466796875 -11.193571090698242 -0.308998036806967 0.9311140842449939 0.19376990315848006 -0.912492707104658 -0.23281502886479905 -0.33638403918066034 0 0 0 0 0 0
-12.978729248046875 -0.3365631103515625 -11.025533676147461 -0.3020494733467508 0.8890966248159536 -0.3439088649509193 -0.9238713249323289 -0.3619494778958658 -0.12431552766526563 0 0 0 0 0 0
-13.302490234375 -0.42529296875 -10.744121551513672 -0.2997582230287367 0.5654131307879785 -0.7684093956083505 -0.9335900925289282 -0.3396285005932075 0.11428919772505548 0 0 0 0 0 0
-13.66961669921875 -0.3070831298828125 -10.601318359375 -0.31051147034102616 0.05969907261470589 -0.9486931261032717 -0.9412778002010351 -0.1585145449167341 0.29810944617462387 0 0 0 0 0 0
-14.134857177734375 -0.479736328125 -10.425068855285645 -0.28068539602816667 -0.257644626905985 -0.9245728498517504 -0.9539056027049064 -0.0317101914883747 0.2984268166300741 0 0 0 0 0 0
-14.31036376953125 -0.0182647705078125 -10.29233169555664 -0.3149447826180205 -0.6868817533696798 -0.6549833897050231 -0.9479431935192166 0.19344031110495222 0.25295167107613337 0 0 0 0 0 0
-14.675018310546875 0.3056488037109375 -10.37984848022461 -0.3255458381239292 -0.9346758994272922 -0.14283161523266016 -0.9297015968758829 0.2889026627938307 0.22845172837399907 0 0 0 0 0 0
-15.005828857421875 0.458251953125 -10.581344604492188 -0.33287540054123393 -0.838101369458046 0.4321805898314509 -0.9188006598191479 0.39137548119779525 0.051289182417863406 0 0 0 0 0 0
-15.33782958984375 0.4852447509765625 -10.823659896850586 -0.334013886519796 -0.41850917645142555 0.8445618940242867 -0.907973304265599 0.38338758980945037 -0.1691107173455032 0 0 0 0 0 0
-15.669464111328125 0.3858795166015625 -11.049163818359375 -0.3282977735610679 0.15697714829233025 0.9314390730417388 -0.9020174809971625 0.24055131452605058 -0.3584683096946268 0 0 0 0 0 0
-15.99884033203125 0.172027587890625 -11.196138381958008 -0.31875316182952373 0.6640563716046373 0.676332430950169 -0.9038707083623793 0.001844052942010058 -0.42780175552846667 0 0 0 0 0 0
-16.325469970703125 -0.103790283203125 -11.197955131530762 -0.3090673310282914 0.9310929913278866 0.1937607452275535 -0.9124652035311681 -0.23287559042262246 -0.33641672332114936 0 0 0 0 0 0
-16.650360107421875 -0.338623046875 -11.029986381530762 -0.3020494733467508 0.8890966248159536 -0.3439088649509193 -0.9238917132192102 -0.36192516514429074 -0.12423476598823145 0 0 0 0 0 0
-16.974090576171875 -0.4273529052734375 -10.748533248901367 -0.2996773768425778 0.5654426880012131 -0.7684191801319866 -0.9335966268965026 -0.33965387935039054 0.1141603280027842 0 0 0 0 0 0
-17.341522216796875 -0.3057861328125 -10.625411987304688 -0.3144082087250431 0.0593187047521769 -0.9474327256079104 -0.9407942188849616 -0.15268188701204077 0.3026457980727264 0 0 0 0 0 0
-17.8045654296875 -0.4839324951171875 -10.426519393920898 -0.2772523171518657 -0.2598954370880106 -0.9249786561941595 -0.9523231417036695 -0.05324509204502043 0.30040904438576754 0 0 0 0 0 0
-17.873565673828125 -0.5225067138671875 -9.437967300415039 -0.3150174424854751 0.686873827729894 0.654956758656321 0.5148384398947182 -0.45606300291957613 0.7259117840170055 0 0 0 0 0 0
-18.362213134765625 -0.33685302734375 -7.476686477661133 -0.3254773502544746 0.9346983164480939 0.14284100146815445 -0.9296987594523788 -0.2888033896736589 -0.22858875472278298 0 0 0 0 0 0
-18.69293212890625 -0.489471435546875 -7.275139331817627 -0.3328757435403051 0.8381022330484188 -0.4321786509323927 -0.9188006897715353 -0.39137539797420995 -0.05128928090624602 0 0 0 0 0 0
-19.024932861328125 -0.5164642333984375 -7.032834529876709 -0.33401422280297655 0.41850959780395797 -0.8445615522336384 -0.9079731673965848 -0.38338790043977583 0.16911074798543752 0 0 0 0 0 0
-19.3565673828125 -0.417083740234375 -6.807323455810547 -0.32829690098479375 -0.157014878509576 -0.9314330210650703 -0.9020171497358314 -0.24053907299435345 0.358477357646845 0 0 0 0 0 0
-19.685791015625 -0.203216552734375 -6.660346508026123 -0.3188242712671897 -0.6640455748048862 -0.6763095139305624 -0.9038650247154596 -0.00174789791192294 0.4278141675412485 0 0 0 0 0 0
-20.01263427734375 0.07257080078125 -6.658501625061035 -0.3090673310282914 -0.9310929913278866 -0.1937607452275535 -0.9124892883599347 0.23290081562898307 0.3363339244080715 0 0 0 0 0 0
-20.33148193359375 0.309722900390625 -6.828888416290283 -0.30212016709138734 -0.8890801432321925 0.3438893769032368 -0.9238235049841348 0.3620428980020325 0.12439884101195824 0 0 0 0 0 0
-20.655181884765625 0.3982086181640625 -7.10977840423584 -0.29968176900913623 -0.5654509753083536 0.7684113688945436 -0.9335789793770596 0.33972011976511973 -0.11410753477339147 0 0 0 0 0 0
-21.02276611328125 0.27667236328125 -7.232889652252197 -0.31433270684895026 -0.05935700143895226 0.9474553793109142 -0.9408211692267688 0.15267203984397718 -0.30256697735320526 0 0 0 0 0 0
-21.485565185546875 0.4547119140625 -7.431774616241455 -0.2772492625423141 0.2599307202756368 0.9249696573816526 -0.9523119321932636 0.053325995262411205 -0.3004302282254674 0 0 0 0 0 0
-21.659942626953125 -0.0122528076171875 -7.565271377563477 -0.3150174424854751 0.686873827729894 0.654956758656321 -0.9478223443781678 -0.1920839217286798 -0.25443382344099696 0 0 0 0 0 0
-22.02685546875 -0.334808349609375 -7.478492259979248 -0.3255342865919688 0.9346808793488414 0.14282535500650612 -0.9296890792174369 -0.28887336021912674 -0.22853970713979907 0 0 0 0 0 0
-22.357574462890625 -0.4874114990234375 -7.2769622802734375 -0.33294323907480483 0.8380800827765196 -0.4321696130082253 -0.9187922914544868 -0.39140741109375393 -0.05119534846739998 0 0 0 0 0 0
-22.689605712890625 -0.514404296875 -7.034640312194824 -0.3339400498581299 0.4185122557680539 -0.8445895659269566 -0.9079806361727311 -0.3834124394267549 0.16901498640117021 0 0 0 0 0 0
-23.02099609375 -0.415008544921875 -6.809151649475098 -0.3283731350446363 -0.15697670198753233 -0.9314125827011758 -0.9020112696459728 -0.24047358794999416 0.35853608316335034 0 0 0 0 0 0
-23.7001953125 -0.2594451904296875 -6.817845344543457 0.9729359934891746 0.02361198855052925 0.22986523567064857 -0.1740471240374068 0.7292227276669627 0.6617717220222261 0 0 0 0 0 0
-19.40447998046875 0.0994415283203125 -5.263875484466553 0 1 0 0 0 1 0 0 0 0 0 0
-19.838592529296875 0.0994415283203125 -5.724887371063232 0 1 0 0 0 1 0 0 0 0 0 0
-23.009521484375 0.08660888671875 -7.706156253814697 0.9616641049180946 0.022775050406065634 0.2732827224525567 -0.08456194524322055 -0.9233550745666681 0.3745192701165929 0 0 0 0 0 0
-23.31280517578125 -0.4735107421875 -7.277640342712402 0.3283731350446363 0.15697670198753233 0.9314125827011758 0.9359023455314928 0.0790410927964465 -0.3432773008490277 0 0 0 0 0 0
-22.745269775390625 -0.308990478515625 -7.458741664886475 0.33393471837492694 -0.4185437205859833 0.8445760817249685 0.9180010820630381 -0.05893816059488187 -0.39217382186574284 0 0 0 0 0 0
-22.41278076171875 -0.0676116943359375 -7.489816665649414 0.33294323907480483 -0.8380800827765196 0.4321696130082253 0.9076415384829578 0.16059838453558117 -0.38780793765065114 0 0 0 0 0 0
-22.08111572265625 0.15765380859375 -7.394209384918213 0.32547768278739536 -0.9346992714084342 -0.14283399467875268 0.9019870002727469 0.3522424380612984 -0.24968923919064687 0 0 0 0 0 0
-21.752166748046875 0.306304931640625 -7.184114456176758 0.3150174424854751 -0.686873827729894 -0.654956758656321 0.9041364164476791 0.4270463524595821 -0.012990508231608062 0 0 0 0 0 0
-21.313323974609375 0.4006805419921875 -6.996107578277588 0.2772523171518657 -0.2598954370880106 -0.9249786561941595 0.9173706178120381 0.3577696750443368 0.1744477262500985 0 0 0 0 0 0
-20.996002197265625 0.4351806640625 -6.877481460571289 0.31440217209439675 0.05931756583435901 -0.9474348001661178 0.9410914628876685 -0.15036157902517666 0.30288323498174013 0 0 0 0 0 0
-20.71160888671875 0.0436859130859375 -6.599618434906006 0.2997512084808917 0.5654380457256628 -0.7683937984264243 0.9379531459493133 -0.027485074697084 0.3456710382324238 0 0 0 0 0 0
-20.464630126953125 1.3201141357421875 -5.797998428344727 0.30212016709138734 -0.8890801432321925 0.3438893769032368 -0.07074401469879978 0.3388411985400808 0.9381801141338573 0 0 0 0 0 0
-20.051513671875 0.4830322265625 -4.023955345153809 0.3090672596393457 -0.9310927762622995 -0.19376189256711157 0.939453195004253 0.3306043986409602 -0.090157783887751 0 0 0 0 0 0
-19.72528076171875 0.56329345703125 -3.7532455921173096 0.31876085088401757 -0.6640342426206431 -0.6763505337995424 0.9357802494849841 0.3339219977396967 0.11318756159292018 0 0 0 0 0 0
-19.396026611328125 0.4782562255859375 -3.4982407093048096 0.3283665722382728 -0.15697356467942528 -0.931415425161255 0.9284013784312565 0.23520154936923812 0.28766492956433354 0 0 0 0 0 0
-19.064300537109375 0.2798004150390625 -3.3407537937164307 0.3339461019428785 0.41851984057748687 -0.8445834144950701 0.9179808279911105 0.05901265214093286 0.3922100283369214 0 0 0 0 0 0
-18.731536865234375 0.0384674072265625 -3.3096446990966797 0.3329435821263509 0.8380809463010919 -0.4321676741357923 0.9076412934176934 -0.1605992874627666 0.38780813729150715 0 0 0 0 0 0
-18.399932861328125 -0.18682861328125 -3.405273675918579 0.3254660499735888 0.934704011076283 0.14282948572510304 0.9019829408005039 -0.35223142326225054 0.2497194405157994 0 0 0 0 0 0
-18.070953369140625 -0.3354644775390625 -3.615372657775879 0.3149452744419811 0.6868828260177219 0.6549820283248795 0.9041378064824922 -0.4270404143277661 0.013088598847758474 0 0 0 0 0 0
-17.632354736328125 -0.4298095703125 -3.8033926486968994 0.27725216429428956 0.2598952937998067 0.9249787422718667 0.9173662553982459 -0.3577834385670816 -0.17444243905573972 0 0 0 0 0 0
-17.314971923828125 -0.4643402099609375 -3.9219937324523926 0.3144080296954929 -0.059356818030355134 0.9474303979798775 0.941113820195068 0.1501819113132071 -0.30290290680704535 0 0 0 0 0 0
-17.03033447265625 -0.0728759765625 -4.199888706207275 0.299608345110154 -0.5654563915925405 0.7684360147387019 0.9379725146088504 0.027281132153760972 -0.3456346360924483 0 0 0 0 0 0
-16.705810546875 0.2488250732421875 -4.20161247253418 0.30204959717894697 -0.8890969893217626 0.3439078138440785 0.9371637730532907 0.21086335803851372 -0.27795810244215247 0 0 0 0 0 0
-16.381439208984375 0.482391357421875 -4.024697780609131 0.3090673310282914 -0.9310929913278866 -0.1937607452275535 0.9389133434547557 0.33115814284915873 -0.09368040300568929 0 0 0 0 0 0
-16.0546875 0.56329345703125 -3.7532455921173096 0.31876085088401757 -0.6640342426206431 -0.6763505337995424 0.9357802494849841 0.3339219977396967 0.11318756159292018 0 0 0 0 0 0
-15.725433349609375 0.4782562255859375 -3.4982407093048096 0.3283665722382728 -0.15697356467942528 -0.931415425161255 0.9284013784312565 0.23520154936923812 0.28766492956433354 0 0 0 0 0 0
-15.39373779296875 0.2798004150390625 -3.3407537937164307 0.334013886519796 0.41850917645142555 -0.8445618940242867 0.9179902624210956 0.05884426855387744 0.3922132457712351 0 0 0 0 0 0
-15.21063232421875 0.768768310546875 -2.1568596363067627 0.3329434106006819 -0.8380805145390675 0.43216864357275797 -0.33409365348566383 0.3237399482558765 0.8851970834813476 0 0 0 0 0 0
-14.745880126953125 0.155609130859375 -0.33356764912605286 0.32547752345065484 -0.934698813828873 -0.1428373521013542 0.9020052314704213 0.35224013324577136 -0.24962662304127956 0 0 0 0 0 0
-14.41693115234375 0.3042449951171875 -0.12347970902919769 0.3150169275159125 -0.6868727048742456 -0.6549581839149521 0.9041601119525552 0.4269980654074907 -0.012928421875976245 0 0 0 0 0 0
-13.976959228515625 0.3878326416015625 0.04734338819980621 0.2806850963312329 -0.25764435181043044 -0.9245730174938644 0.9180135582857888 0.3532059561706202 0.18026829818096848 0 0 0 0 0 0
-13.65679931640625 0.4415740966796875 0.18552733957767487 0.31051147034102616 0.05969907261470589 -0.9486931261032717 0.9453729820092038 -0.12361006968662402 0.3016462755597917 0 0 0 0 0 0
-13.378173828125 0.0402679443359375 0.4649544060230255 0.2997580085112489 0.5654127261585303 -0.7684097770274326 0.9371106434652099 -0.02355428587739017 0.348236754982909 0 0 0 0 0 0
-13.050689697265625 -0.2779693603515625 0.4672243893146515 0.3020495662209238 0.8890968981953867 -0.3439080766209099 0.9371643662831718 -0.210864606385702 0.2779551552730478 0 0 0 0 0 0
-12.726348876953125 -0.511566162109375 0.2902773916721344 0.30898707938297726 0.9311192124270484 0.1937627338360264 0.9389260958519694 -0.3310933644624773 0.0937815042377544 0 0 0 0 0 0
-12.39984130859375 -0.592437744140625 0.018799321725964546 0.3188322760854903 0.6640241002417002 0.6763268248593619 0.9357655894217904 -0.3339322980492179 -0.11327833850148691 0 0 0 0 0 0
-12.0703125 -0.5074462890625 -0.23617063462734222 0.3283662076450238 0.15697339038792668 0.9314155830707069 0.9283868195238271 -0.23528239389509686 -0.2876458038237747 0 0 0 0 0 0
-11.7386474609375 -0.3089599609375 -0.3936786353588104 0.3339352331909342 -0.41854436584086474 0.8445755584058686 0.9180002199088703 -0.05894050076029449 -0.39217548829241183 0 0 0 0 0 0
-11.406097412109375 -0.0676116943359375 -0.42475464940071106 0.3329432605155509 -0.8380801367468669 0.43216949182887393 0.9076405096686213 0.16059637371633934 -0.38781117822678507 0 0 0 0 0 0
-11.074310302734375 0.1576385498046875 -0.3291686475276947 0.3254658283095558 -0.9347033744806663 -0.14283415675961386 0.9020107285375853 0.3522278109316382 -0.24962414708797853 0 0 0 0 0 0
-10.745391845703125 0.3062896728515625 -0.11905871331691742 0.3149376752352979 -0.6869043989779566 -0.6549630580285564 0.9041619440792481 0.426990500318278 -0.013049579180243312 0 0 0 0 0 0
-10.306671142578125 0.4006500244140625 0.06896437704563141 0.2771814366455942 -0.25990051305621154 -0.9249984726972271 0.9173419032009961 0.3579027377367733 0.17432573806554458 0 0 0 0 0 0
-9.98931884765625 0.4351806640625 0.18755830824375153 0.3144076760723697 0.05931860425776934 -0.9474329086619706 0.9411106404000441 -0.1501958332059072 0.30290588342487207 0 0 0 0 0 0
-9.704803466796875 0.043701171875 0.4654513895511627 0.2996871951232403 0.5654230659517143 -0.7684297896157646 0.9379619271720021 -0.027383715184810108 0.3456552550135198 0 0 0 0 0 0
-9.4578857421875 1.3201141357421875 1.2670423984527588 0.30211899048486396 -0.88907668071095 0.34389936232044144 -0.07066668096240414 0.3388767194097738 0.938173112620388 0 0 0 0 0 0
-9.039306640625 0.4844512939453125 3.038548231124878 0.30899825093841987 -0.9311147294944385 -0.19376646106975243 0.9389243346262448 0.33110277209125255 -0.09376592216872692 0 0 0 0 0 0
-8.712646484375 0.565338134765625 3.310002088546753 0.31876354951919866 -0.66403986434666 -0.6763437425277112 0.9357669362448636 0.3339800233329395 0.11312641179419804 0 0 0 0 0 0
-8.383270263671875 0.4803314208984375 3.5650064945220947 0.3282999607833927 -0.15697819412313047 -0.9314381258674479 0.9283968785900482 0.23534117813657582 0.2875652372898087 0 0 0 0 0 0
-8.05157470703125 0.2818603515625 3.7225024700164795 0.3339427396519336 0.4185156267673479 -0.8445868319985192 0.9179996615452766 0.0589414440789224 0.392176653528291 0 0 0 0 0 0
-7.718902587890625 0.0405120849609375 3.753587484359741 0.3328752290413864 0.8381009376620742 -0.4321815592787324 0.9076466866701509 -0.16050313077273962 0.3878353222552656 0 0 0 0 0 0
-7.387298583984375 -0.1847686767578125 3.657966375350952 0.3254660222659646 0.9347039315029221 0.14283006960493883 0.902005672150756 -0.3522277426190013 0.2496425138821225 0 0 0 0 0 0
-7.058319091796875 -0.333404541015625 3.447880506515503 0.3149467499169459 0.6868860439685717 0.6549779441461813 0.904137897143862 -0.4270402254055494 0.01308850006123329 0 0 0 0 0 0
-6.618408203125 -0.4169769287109375 3.277055501937866 0.2806869428603624 0.2576460467625561 0.9245719845935906 0.9180133632834363 -0.35320575680240296 -0.1802696818510399 0 0 0 0 0 0
-6.298828125 -0.46820068359375 3.1429340839385986 0.3104411266990221 -0.05970021667288886 0.9487160750103539 0.9447631416736173 0.12973597124550565 -0.30098369374433215 0 0 0 0 0 0
-6.020477294921875 -0.0673828125 2.863873243331909 0.2997159402639733 -0.5654434749310011 0.7684035605133782 0.937115521194761 0.023502810660351287 -0.34822710668030304 0 0 0 0 0 0
-5.6930694580078125 0.2508697509765625 2.861607313156128 0.302084387310714 -0.8890871088585443 0.3439027999372288 0.9371579705617009 0.2109072958728271 -0.27794433032585103 0 0 0 0 0 0
-5.3687286376953125 0.4844512939453125 3.038548231124878 0.30903275589903123 -0.9311037533617522 -0.1937641769190248 0.938918756037894 0.3311305776853376 -0.09372358338234951 0 0 0 0 0 0
-5.0420684814453125 0.565338134765625 3.310002088546753 0.3187978205457321 -0.6640317891874546 -0.6763355177452972 0.9357737594748919 0.3339229264862373 0.11323846627844382 0 0 0 0 0 0
-4.7126922607421875 0.4803314208984375 3.5650064945220947 0.32833399634050425 -0.15697622806334088 -0.9314264601513528 0.9283914593458508 0.23531252357781685 0.28760617945572897 0 0 0 0 0 0
-4.3809814453125 0.2818603515625 3.7225024700164795 0.3339427396519336 0.4185156267673479 -0.8445868319985192 0.9179907891574972 0.05897903069410867 0.39219177064336636 0 0 0 0 0 0
-4.197967529296875 0.7708282470703125 4.906384468078613 0.3328752290413864 -0.8381009376620742 0.4321815592787324 -0.3341239904520475 0.323752549649566 0.8851810241977658 0 0 0 0 0 0
-3.7332000732421875 0.1576690673828125 6.72968053817749 0.3254656897660073 -0.9347029765982744 -0.14283707615133662 0.9019930057611757 0.35223143873031704 -0.24968306135557256 0 0 0 0 0 0
-3.40423583984375 0.3062896728515625 6.939764022827148 0.31498086706587347 -0.6868772547399925 -0.6549707553038394 0.9041489820333233 0.42701920192721454 -0.01300843855156883 0 0 0 0 0 0
-2.965484619140625 0.400665283203125 7.127779960632324 0.2772517057224872 -0.2598948639360629 -0.9249790005041341 0.9173660768765659 0.35778418971001774 0.17444183726860021 0 0 0 0 0 0
-2.648162841796875 0.4351806640625 7.246382713317871 0.31444187398503715 0.05931785928020536 -0.9474216059681095 0.9410897433901761 -0.15027465182330974 0.3029317149213593 0 0 0 0 0 0
-2.3636322021484375 0.043701171875 7.524275779724121 0.29968713506990696 0.5654229526484421 -0.7684298964068934 0.9379618359445463 -0.027383105321521693 0.3456555508804776 0 0 0 0 0 0
-2.0389862060546875 -0.277984619140625 7.526035308837891 0.302084387310714 0.8890871088585443 -0.3439027999372288 0.9371580050957682 -0.21090737623251996 0.27794415290780033 0 0 0 0 0 0
-1.7146148681640625 -0.511566162109375 7.349102020263672 0.3090328272816903 0.9311039684349458 0.19376302956699548 0.9389123453522146 -0.33113698312063694 0.09376516493328878 0 0 0 0 0 0
-1.3879852294921875 -0.5924530029296875 7.077640533447266 0.31883183326551273 0.6640231779914788 0.6763279390847675 0.9357655254989952 -0.3339327568965915 -0.11327751391618562 0 0 0 0 0 0
-1.05859375 -0.5074310302734375 6.822643756866455 0.32833363177292035 0.1569760537638628 0.9314266180389785 0.9283917946269273 -0.23531124229032296 -0.2876061454857635 0 0 0 0 0 0
-0.71435546875 -0.313079833984375 6.672276496887207 0.33393808046155365 -0.4185479345241223 0.844572664087137 0.9189112490876687 -0.05503712320601479 -0.39060597968969496 0 0 0 0 0 0
-0.38067626953125 -0.0696868896484375 6.640170574188232 0.3329094919669157 -0.8380911583033274 0.432174132187614 0.9076456544107709 0.1605549522855996 -0.3878162881130865 0 0 0 0 0 0
-0.049041748046875 0.155609130859375 6.735790729522705 0.3254656897660073 -0.9347029765982744 -0.14283707615133662 0.901993306650966 0.35223138827107275 -0.24968204555692372 0 0 0 0 0 0
0.2799224853515625 0.3042449951171875 6.945864677429199 0.3149813589334746 -0.6868783273532933 -0.6549693938931523 0.9041489934020881 0.42701917736431094 -0.01300845467756962 0 0 0 0 0 0
0.7186431884765625 0.3986053466796875 7.133894920349121 0.2772520114368678 -0.25989515051174744 -0.9249788283494316 0.9173706859983997 0.357769587928255 0.1744475463412211 0 0 0 0 0 0
1.0360107421875 0.4331207275390625 7.252495765686035 0.31440607665103304 0.059356449316792945 -0.9474310692020859 0.9411090662447935 -0.15022448487807682 0.3028965658025351 0 0 0 0 0 0
1.3205108642578125 0.0416412353515625 7.530386924743652 0.2996865860115882 0.5654219167341853 -0.7684308727799521 0.93795463231898 -0.027347425984154013 0.3456779223546223 0 0 0 0 0 0
1.56744384765625 1.31805419921875 8.331979751586914 0.30208513036456136 -0.8890892957957862 0.3438964933144549 -0.07069423507984521 0.3388632867565622 0.9381758886344371 0 0 0 0 0 0
1.9860076904296875 0.4824066162109375 10.103476524353027 0.3090562110347933 -0.9310976370215095 -0.19375615797640747 0.9389128389605518 0.33115097330187826 -0.09371079829056866 0 0 0 0 0 0
2.312652587890625 0.56329345703125 10.374940872192383 0.3188313191531507 -0.6640221072623708 -0.676329232692113 0.9357656671520492 0.3339323308653256 0.11327759964940623 0 0 0 0 0 0
2.6420440673828125 0.478271484375 10.629940032958984 0.3283332672060842 -0.15697587946474226 -0.9314267759260783 0.9283917056976287 0.2353122990405897 0.28760556794345915 0 0 0 0 0 0
2.9737548828125 0.2798004150390625 10.787423133850098 0.33393808046155365 0.4185479345241223 -0.844572664087137 0.9179999354039041 0.05893444775029265 0.39217706392240237 0 0 0 0 0 0
3.3064117431640625 0.0384521484375 10.818523406982422 0.33289867738155837 0.8381020786925885 -0.4321612850415588 0.9076437346189129 -0.16054104508451708 0.3878265383521394 0 0 0 0 0 0
3.638031005859375 -0.18682861328125 10.722904205322266 0.3254660222659646 0.9347039315029221 0.14283006960493883 0.9019941787480092 -0.3522296702643891 0.24968131866470208 0 0 0 0 0 0
3.9669952392578125 -0.3354644775390625 10.51281452178955 0.31497335165090573 0.6868990121324766 0.6549515515526494 0.9041493740309973 -0.4270176662943609 0.013031581326690555 0 0 0 0 0 0
4.40692138671875 -0.419036865234375 10.341991424560547 0.2807217746435133 0.25764300393291056 0.9245622573766588 0.9180130155314189 -0.353184470980221 -0.1803131519699344 0 0 0 0 0 0
4.7264862060546875 -0.4702606201171875 10.207857131958008 0.31044183347117943 -0.05966220540045768 0.9487182349242614 0.9447612614768158 0.12973950344709603 -0.3009880729498042 0 0 0 0 0 0
5.004852294921875 -0.069427490234375 9.92879581451416 0.2996806709596125 -0.5654489034666925 0.7684133217361029 0.9371200922171509 0.02345266709671257 -0.34821818615484385 0 0 0 0 0 0
5.332244873046875 0.2488250732421875 9.92654800415039 0.30208513036456136 -0.8890892957957862 0.3438964933144549 0.9371576186503146 0.21090964194133116 -0.2779437366479973 0 0 0 0 0 0
5.656585693359375 0.4824066162109375 10.103477478027344 0.3090562110347933 -0.9310976370215095 -0.19375615797640747 0.9389128792398398 0.3311509326124016 -0.09371053850816853 0 0 0 0 0 0
5.983245849609375 0.56329345703125 10.374939918518066 0.3188313191531507 -0.6640221072623708 -0.676329232692113 0.9357656188528266 0.3339325453802532 0.11327736626904723 0 0 0 0 0 0
6.3126220703125 0.478271484375 10.6299409866333 0.3283680306187475 -0.15697426184899463 -0.9314147935181879 0.9283934801662884 0.2352428367917464 0.2876566594447263 0 0 0 0 0 0
6.64434814453125 0.2798004150390625 10.787423133850098 0.33393808046155365 0.4185479345241223 -0.844572664087137 0.9180005049228277 0.05893203493931713 0.3921760933806966 0 0 0 0 0 0
6.9770050048828125 0.0384521484375 10.818523406982422 0.33287540054123393 0.838101369458046 -0.4321805898314509 0.9076351077523885 -0.1604802226149922 0.3878718980858922 0 0 0 0 0 0
7.308624267578125 -0.18682861328125 10.722905158996582 0.32546591143438225 0.9347036132063605 0.14283240512279072 0.9019943560882804 -0.3522301644472121 0.249679980852247 0 0 0 0 0 0
7.6375885009765625 -0.3354644775390625 10.512813568115234 0.31497335165090573 0.6868990121324766 0.6549515515526494 0.9041493633468821 -0.4270176880629249 0.013031609295196858 0 0 0 0 0 0
8.076309204101562 -0.4298248291015625 10.324786186218262 0.2772517057224872 0.2598948639360629 0.9249790005041341 0.9173660768765659 -0.35778418971001774 -0.17444183726860021 0 0 0 0 0 0
8.3936767578125 -0.46435546875 10.206185340881348 0.31440678832169594 -0.059318436767803594 0.9474332137500038 0.9411059234775632 0.15023546631967172 -0.302900883879783 0 0 0 0 0 0
8.678176879882812 -0.072845458984375 9.928295135498047 0.29968012193682164 -0.5654478675495809 0.7684142981488328 0.9379545416412725 0.027344930341608783 -0.3456783658245378 0 0 0 0 0 0
9.002838134765625 0.2488250732421875 9.92654800415039 0.30208513036456136 -0.8890892957957862 0.3438964933144549 0.9371576186503146 0.21090964194133116 -0.2779437366479973 0 0 0 0 0 0
9.327178955078125 0.4824066162109375 10.103477478027344 0.30902170826745307 -0.9311086133934405 -0.19375844209739468 0.9389184588727469 0.33112312839435515 -0.09375287425120073 0 0 0 0 0 0
9.653839111328125 0.56329345703125 10.374939918518066 0.31879704944106946 -0.6640301830346651 -0.6763374581424699 0.9357651865219835 0.33396129353320864 0.11319615768701555 0 0 0 0 0 0
9.98321533203125 0.478271484375 10.6299409866333 0.32833399634050425 -0.15697622806334088 -0.9314264601513528 0.9283916007494118 0.23531174423150492 0.2876063606471036 0 0 0 0 0 0
10.31494140625 0.2798004150390625 10.787423133850098 0.33393808046155365 0.4185479345241223 -0.844572664087137 0.9179916330802916 0.05896961800961991 0.3921912106949604 0 0 0 0 0 0
10.6475830078125 0.0384521484375 10.818523406982422 0.3329093204541565 0.8380907265243288 -0.43217510162973805 0.9076429929703241 -0.1605488230546725 0.3878250542804473 0 0 0 0 0 0
10.979202270507812 -0.18682861328125 10.722905158996582 0.3255000165117115 0.9346920080377906 0.1428306317326858 0.9020046035404092 -0.35225872795468594 0.24960265177208343 0 0 0 0 0 0
11.30816650390625 -0.3354644775390625 10.512813568115234 0.31497335165090573 0.6868990121324766 0.6549515515526494 0.9041493633468821 -0.4270176880629249 0.013031609295196858 0 0 0 0 0 0
11.74810791015625 -0.419036865234375 10.341992378234863 0.2806860147591728 0.25764519484689496 0.9245725037502031 0.9180131500498916 -0.35320685631370174 -0.1802686134313662 0 0 0 0 0 0
12.068649291992188 -0.46826171875 10.212296485900879 0.3104411266990221 -0.05970021667288886 0.9487160750103539 0.9441845359531512 0.13505374592989897 -0.3004597273799523 0 0 0 0 0 0
12.346939086914062 -0.0673828125 9.933228492736816 0.29968121998371733 -0.5654499393862833 0.7684123453180064 0.9371198167441162 0.023453013600011285 -0.34821890416597406 0 0 0 0 0 0
12.565872192382812 -1.3508758544921875 9.127243995666504 0.3020848826810535 0.8890885668199663 -0.3438985955272171 -0.0916787628666696 -0.3319846752741143 -0.9388190346506498 0 0 0 0 0 0
12.982192993164062 -0.511566162109375 7.35963249206543 0.3090671882500103 0.9310925611955382 0.1937630399058746 0.9389131476075808 -0.3311584789514512 0.09368117776899736 0 0 0 0 0 0
13.308853149414062 -0.5924530029296875 7.0881757736206055 0.31879807758095685 0.6640323245724202 0.6763348709431105 0.9357714343696173 -0.3339331496960217 -0.1132275326584642 0 0 0 0 0 0
13.638229370117188 -0.5074310302734375 6.83317232131958 0.32833363177292035 0.1569760537638628 0.9314266180389785 0.9283917239253693 -0.2353116319635323 -0.2876060548902616 0 0 0 0 0 0
13.969955444335938 -0.3089752197265625 6.675678730010986 0.3339377442504567 -0.41854751312725735 0.8445730058555654 0.9179996355361292 -0.05893657523218074 -0.3921774461330429 0 0 0 0 0 0
14.302597045898438 -0.067626953125 6.644590377807617 0.33290914894118934 -0.8380902947448068 0.43217607107036377 0.9076454439184887 0.1605531202782502 -0.3878175391894075 0 0 0 0 0 0
14.634231567382812 0.15765380859375 6.74021053314209 0.32547729483080123 -0.9346981572836723 -0.1428421692643001 0.9019973093071041 0.35224254278921 -0.24965184768420168 0 0 0 0 0 0
14.963180541992188 0.3062896728515625 6.950295448303223 0.31501522888895855 -0.6868690011352128 -0.6549628850916301 0.904148176666086 0.42702239475069925 -0.012959514372467345 0 0 0 0 0 0
15.40191650390625 0.400665283203125 7.138312339782715 0.2772523171518657 -0.2598954370880106 -0.9249786561941595 0.9173660809050753 0.3577839230348268 0.1744423630391196 0 0 0 0 0 0
15.719284057617188 0.4351806640625 7.256914138793945 0.31440678684637113 0.05935658339395214 -0.94743082512273 0.9411131662128122 -0.15019018252263946 0.302900837659311 0 0 0 0 0 0
16.0037841796875 0.0436859130859375 7.534804344177246 0.29968121998371733 0.5654499393862833 -0.7684123453180064 0.9379543404562861 -0.02734724586245221 0.3456787285369931 0 0 0 0 0 0
16.328445434570312 -0.2779693603515625 7.536556243896484 0.30208513036456136 0.8890892957957862 -0.3438964933144549 0.9371594338930525 -0.2109138659817701 0.27793441061134816 0 0 0 0 0 0
16.652786254882812 -0.511566162109375 7.35963249206543 0.3090326845159825 0.9311035382873842 0.19376532427025903 0.9389122702195676 -0.3311371973805517 0.09376516059865402 0 0 0 0 0 0
16.97943115234375 -0.5924530029296875 7.088177680969238 0.31883286149226076 0.6640253194539104 0.6763253518513034 0.9357652904916158 -0.33393339444437237 -0.11327757583035193 0 0 0 0 0 0
17.308853149414062 -0.5074462890625 6.833163738250732 0.3283287489598131 0.15701186600657496 0.9314223030074047 0.9283922317881222 -0.2353282001810742 -0.2875908589559233 0 0 0 0 0 0
17.64056396484375 -0.308990478515625 6.675691604614258 0.3339400498581299 -0.4185122557680539 0.8445895659269566 0.9180018224562063 -0.058939145667843626 -0.3921719407033457 0 0 0 0 0 0
17.853668212890625 -0.79730224609375 5.492799758911133 0.33289884887786836 0.8381025104498276 -0.432160315616192 -0.3164745894024673 -0.3324161302518303 -0.8884499707979837 0 0 0 0 0 0
18.321319580078125 -0.1847686767578125 3.668499231338501 0.3255001273521553 0.9346923263224963 0.14282829624262364 0.9020049275568462 -0.3522581498687434 0.24960229669259543 0 0 0 0 0 0
18.650283813476562 -0.3334197998046875 3.4584062099456787 0.3150167046188136 0.6868722188624797 0.6549588008157741 0.9041363940917693 -0.42704640010194467 0.012990498015957067 0 0 0 0 0 0
19.090240478515625 -0.4169921875 3.287579298019409 0.28068477729965663 0.25764405896736625 0.9245731959510086 0.9180094066348111 -0.3532194279552888 -0.18026304403548965 0 0 0 0 0 0
19.40966796875 -0.468170166015625 3.1534664630889893 0.31047700132936257 -0.05969977971255098 0.9487043627747264 0.9447480143116328 0.12977109336722978 -0.30101603409204086 0 0 0 0 0 0
19.688186645507812 -0.0673980712890625 2.8744022846221924 0.2996440281443323 -0.5654517414619271 0.7684255230502905 0.9371331839392132 0.02343776331654292 -0.3481839554182108 0 0 0 0 0 0
20.01544189453125 0.2508697509765625 2.8721582889556885 0.3020841396238825 -0.8890863798729423 0.3439049021344782 0.9371666637892732 0.21092647224461553 -0.2779004634550382 0 0 0 0 0 0
20.352676391601562 0.0998992919921875 3.074463129043579 0.32551145624637134 -0.934686710529543 -0.14283922784665584 0.9107543972271667 0.2693409084573298 0.31302061108297746 0 0 0 0 0 0
20.683074951171875 0.306304931640625 3.3710501194000244 0.3150167046188136 -0.6868722188624797 -0.6549588008157741 0.9041482425163408 0.42702225639346697 -0.012959479127056138 0 0 0 0 0 0
21.121917724609375 0.4006805419921875 3.5590484142303467 0.2772520114368678 -0.25989515051174744 -0.9249788283494316 0.9173706158026258 0.35776980838171124 0.17444746335910152 0 0 0 0 0 0
21.439254760742188 0.4351806640625 3.677675485610962 0.31436815090852377 0.059318344213415176 -0.9474460405395837 0.9411175562897676 -0.15024114135679867 0.3028619234684062 0 0 0 0 0 0
21.723648071289062 0.0436859130859375 3.9555394649505615 0.2997170384182328 0.5654455467065629 -0.7684016076190366 0.9379572885626838 -0.02743535963833561 0.3456637468315901 0 0 0 0 0 0
22.048309326171875 -0.2779998779296875 3.957306146621704 0.30212016709138734 0.8890801432321925 -0.3438893769032368 0.9371451966116133 -0.21093923409375379 0.27796316300495855 0 0 0 0 0 0
22.372726440429688 -0.5115814208984375 3.7803971767425537 0.30903275589903123 0.9311037533617522 0.1937641769190248 0.9389100598907505 -0.33113936002061045 0.09377965494225352 0 0 0 0 0 0
22.699371337890625 -0.5924530029296875 3.5089271068573 0.3187975635106759 0.6640312538028401 0.6763361645459193 0.9357650449527437 -0.3339617192471942 -0.1131960720257012 0 0 0 0 0 0
23.028717041015625 -0.5074310302734375 3.253911256790161 0.32833253807465534 0.15697553086757368 0.9314270916987 0.9283994665760139 -0.23527065327421337 -0.28761458615532365 0 0 0 0 0 0
23.711181640625 0.337860107421875 3.2307674884796143 -0.9947951421629748 0 -0.10189516734834252 0.06671474975572741 0.7558549571035674 -0.6513312720781916 0 0 0 0 0 0
20.4708251953125 0.632843017578125 2.0992772579193115 0 1 0 0 0 1 0 0 0 0 0 0
20.9674072265625 0.632843017578125 2.416065216064453 0 1 0 0 0 1 0 0 0 0 0 0
23.197799682617188 0.8647613525390625 4.281741619110107 -0.984446519993183 0 -0.17568451631635493 0.04668043693838543 -0.9640540964365348 -0.2615733854029842 0 0 0 0 0 0
23.310958862304688 -0.3648529052734375 3.729128122329712 -0.32833253807465534 -0.15697553086757368 -0.9314270916987 -0.9439037648984788 0.0913398295989689 0.31733691581552376 0 0 0 0 0 0
22.755386352539062 -0.201171875 3.893003225326538 -0.31883183326551273 -0.6640231779914788 -0.6763279390847675 -0.9038535774396075 -0.001779530571062394 0.427838221551757 0 0 0 0 0 0
22.428543090820312 0.0746307373046875 3.894848108291626 -0.3090328272816903 -0.9311039684349458 -0.19376302956699548 -0.9124792377694982 0.23284661189817668 0.33639871576320796 0 0 0 0 0 0
22.103851318359375 0.3094635009765625 3.7268264293670654 -0.3021304138838173 -0.8890721497444753 0.3439010403519165 -0.9238670945545228 0.36199824027280886 0.12420493403554632 0 0 0 0 0 0
21.780059814453125 0.3982086181640625 3.445390462875366 -0.2997170384182328 -0.5654455467065629 0.7684016076190366 -0.9335782717012404 0.33970198234344395 -0.1141673061750148 0 0 0 0 0 0
21.4124755859375 0.27667236328125 3.322280168533325 -0.3143330618757873 -0.0593570684804278 0.9474552573252218 -0.9408156535781736 0.1527141199993984 -0.30256289186726704 0 0 0 0 0 0
20.949691772460938 0.4547271728515625 3.1233842372894287 -0.2772520114368678 0.25989515051174744 0.9249788283494316 -0.9523173013383747 0.05329015505007574 -0.3004195681814588 0 0 0 0 0 0
20.89501953125 0.200775146484375 2.2314982414245605 -0.3187526478444387 -0.6640553008228803 -0.6763337245333793 0.7518937587190697 0.25730731767090503 -0.6069997692522738 0 0 0 0 0 0
20.375762939453125 0.0746307373046875 0.3730023205280304 -0.3090672953338673 -0.9310928837952398 -0.19376131889743192 -0.9124761228982322 0.23288677449797027 0.33637936233446614 0 0 0 0 0 0
20.046707153320312 0.317169189453125 0.23526932299137115 -0.3021303790468862 -0.8890720472306478 0.34390133598183315 -0.9074809740450407 0.3787123812867742 0.18181092928194753 0 0 0 0 0 0
19.7305908203125 0.398223876953125 -0.034163698554039 -0.29964367646211204 -0.5654510778100429 0.7684261485398125 -0.9335913687580463 0.33969438400989344 -0.11408278420785885 0 0 0 0 0 0
19.363601684570312 0.2799530029296875 -0.17696164548397064 -0.3104026227118163 -0.05966200097348908 0.9487310775206351 -0.9412991115346807 0.15859863860800874 -0.2979974067935949 0 0 0 0 0 0
18.900466918945312 0.450653076171875 -0.35710564255714417 -0.2806851337933176 0.25764438619734537 0.9245729965386297 -0.9539896387351438 0.030944172150008435 -0.29823854109745856 0 0 0 0 0 0
18.72393798828125 -0.01092529296875 -0.49037662148475647 -0.3150168967714787 0.6868726378381261 0.6549582690047984 -0.9479205422694961 -0.19351425600178457 -0.2529799957853985 0 0 0 0 0 0
18.35906982421875 -0.334808349609375 -0.4029046595096588 -0.3255116294563989 0.9346872078917948 0.14283557852328138 -0.9296930747335643 -0.28884471029382464 -0.2285596642623714 0 0 0 0 0 0
18.028335571289062 -0.4874114990234375 -0.20136766135692596 -0.33287542733806635 0.8381014369261194 -0.43218043835517783 -0.9187918419005173 -0.39139127373031474 -0.05132662179431422 0 0 0 0 0 0
17.696304321289062 -0.514404296875 0.04094327986240387 -0.33390675493758787 0.4185183375323062 -0.8445997159342667 -0.9079728573078312 -0.3834606234789964 0.16894744932478958 0 0 0 0 0 0
17.364791870117188 -0.4150390625 0.26642730832099915 -0.3283309772877451 -0.15697478465656686 -0.9314277676423969 -0.9020287644750125 -0.2404699928814199 0.3584944777584341 0 0 0 0 0 0
17.035491943359375 -0.201171875 0.41342034935951233 -0.318798262325129 -0.6640327093805816 -0.6763344060530727 -0.9038546670193066 -0.0018262987375176182 0.4278357226089704 0 0 0 0 0 0
16.708633422851562 0.0746307373046875 0.41527631878852844 -0.3090562645711266 -0.9310977983111121 -0.19375529750058818 -0.9124889214476833 0.23288865453366586 0.33634334068737354 0 0 0 0 0 0
16.383895874023438 0.3094635009765625 0.24725832045078278 -0.30208494073197506 -0.8890887376739667 0.3438981028215649 -0.9238796959421164 0.36195762893246747 0.12422955479067319 0 0 0 0 0 0
16.060134887695312 0.398193359375 -0.03418169915676117 -0.2996809368929992 -0.5654494052399347 0.7684128487842576 -0.9335821122194831 0.3397083776923426 -0.11411686058354993 0 0 0 0 0 0
15.692642211914062 0.276641845703125 -0.1573166698217392 -0.31440634297393033 -0.05935649959566071 0.9474309776725214 -0.9408008779870524 0.15264674510116688 -0.3026428244462624 0 0 0 0 0 0
15.22967529296875 0.4547576904296875 -0.3561936318874359 -0.2772521726536843 0.2598953016358766 0.9249787375644958 -0.9523177115224364 0.05328660454439502 -0.3004188977025231 0 0 0 0 0 0
15.191146850585938 0.492950439453125 -1.3449116945266724 -0.3149814819004552 -0.6868785955067939 -0.6549690535394841 0.5358753904408998 0.44086550980519706 -0.7200521982356675 0 0 0 0 0 0
14.704971313476562 0.3076934814453125 -3.3060476779937744 -0.32546591143438225 -0.9347036132063605 -0.14283240512279072 -0.929700029195155 0.28879139306294416 0.22859874673167416 0 0 0 0 0 0
14.374252319335938 0.460296630859375 -3.5075736045837402 -0.3329094062105621 -0.8380909424138936 0.4321746169088634 -0.9188001925838951 0.39138478117367403 0.05122654754551211 0 0 0 0 0 0
14.042236328125 0.4872894287109375 -3.749891757965088 -0.3339425715388064 -0.4185154160786207 0.844587002870982 -0.907969641627673 0.383447193055263 -0.16899520709344196 0 0 0 0 0 0
13.710708618164062 0.387908935546875 -3.9753825664520264 -0.3283334494894088 0.15697596661425783 0.9314266969825941 -0.9020157638103856 0.24051071744418948 -0.35849986977968057 0 0 0 0 0 0
13.381332397460938 0.174072265625 -4.122364521026611 -0.3187898736333777 0.6640533828179775 0.6763180621843657 -0.9038566010958065 0.0018220583309483895 -0.42783165469489837 0 0 0 0 0 0
13.054550170898438 -0.1017303466796875 -4.12420654296875 -0.30903275589903123 0.9311037533617522 0.1937641769190248 -0.9124920211825787 -0.2328594965417576 -0.3363551191054651 0 0 0 0 0 0
12.729827880859375 -0.3365631103515625 -3.9561917781829834 -0.30208444923224886 0.8890872911044354 -0.3439022743871085 -0.9238793766097314 -0.3619583205909894 -0.12422991439329346 0 0 0 0 0 0
12.406036376953125 -0.4253082275390625 -3.6747686862945557 -0.29968121998371733 0.5654499393862833 -0.7684123453180064 -0.9335903974853521 -0.3396766045732754 0.1141436552275828 0 0 0 0 0 0
12.0389404296875 -0.3070831298828125 -3.5319716930389404 -0.31047577237667934 0.059699543404534115 -0.9487047798363801 -0.9412790653816999 -0.1585886436439844 0.2980660382890254 0 0 0 0 0 0
11.573776245117188 -0.479705810546875 -3.3557097911834717 -0.2806864788090655 -0.25764562080408104 -0.9245722441725404 -0.953905252097219 -0.03170988082170473 0.2984279703372569 0 0 0 0 0 0
11.398269653320312 -0.01824951171875 -3.2229785919189453 -0.31497298277896124 -0.686898207690536 -0.6549525726270974 -0.9479327133615583 0.19345279224375714 0.2529813987471961 0 0 0 0 0 0
11.033462524414062 0.305633544921875 -3.310469627380371 -0.3254775996556307 -0.9346990326725579 -0.1428357463781165 -0.9296982113908904 0.288804356885577 0.22858976175779971 0 0 0 0 0 0
10.702743530273438 0.458251953125 -3.5119926929473877 -0.3328990203739704 -0.8381029422065432 0.43215934618932705 -0.918798288845791 0.39138456276393124 0.051262349186641853 0 0 0 0 0 0
10.3707275390625 0.4852447509765625 -3.754312753677368 -0.33393723993482555 -0.41854688103323123 0.8445735185062723 -0.9079810971720469 0.3834196976045679 -0.16899604334737547 0 0 0 0 0 0
10.039215087890625 0.3858642578125 -3.9798007011413574 -0.3283680306187475 0.15697426184899463 0.9314147935181879 -0.902013960149853 0.24047204715943354 -0.3585303477109443 0 0 0 0 0 0
9.86962890625 0.1721038818359375 -4.780161380767822 -0.31879730647578836 -0.664030718418577 -0.6763368113449769 0.8318610525962905 0.1459896281874449 -0.5354383415810672 0 0 0 0 0 0
9.366546630859375 0.07257080078125 -6.647976398468018 -0.30903275589903123 -0.9311037533617522 -0.1937641769190248 -0.9124810051659852 0.23284795958422452 0.3363929888222063 0 0 0 0 0 0
9.04180908203125 0.307403564453125 -6.815983295440674 -0.3020850065229459 -0.8890889313082839 0.34389754442148235 -0.9238895480965522 0.36194583563157756 0.12419063969119355 0 0 0 0 0 0
8.718048095703125 0.3961334228515625 -7.097430229187012 -0.29968713506990696 -0.5654229526484421 0.7684298964068934 -0.9335893033982634 0.33967341947338936 -0.11416208076064663 0 0 0 0 0 0
8.350540161132812 0.2745819091796875 -7.220565319061279 -0.3143724116822449 -0.05931914818176081 0.9474445764434347 -0.94080226163089 0.15270843040228602 -0.3026074020811 0 0 0 0 0 0
7.8875885009765625 0.45269775390625 -7.419443607330322 -0.2772492625423141 0.2599307202756368 0.9249696573816526 -0.9523174130992853 0.05328451465575678 -0.30042021437610633 0 0 0 0 0 0
7.7132415771484375 -0.014312744140625 -7.552935600280762 -0.3149813589334746 0.6868783273532933 0.6549693938931523 -0.9478325101868027 -0.19203054410486736 -0.2544362449883534 0 0 0 0 0 0
7.3463897705078125 -0.33685302734375 -7.4661455154418945 -0.3254656897660073 0.9347029765982744 0.14283707615133662 -0.9297076635235711 -0.28879912268584107 -0.2285579294652256 0 0 0 0 0 0
7.0156707763671875 -0.489471435546875 -7.264603614807129 -0.33289884887786836 0.8381025104498276 -0.432160315616192 -0.9187982354948063 -0.3913846731157067 -0.05126246289188723 0 0 0 0 0 0
6.6836395263671875 -0.5164642333984375 -7.022299289703369 -0.33397163655134204 0.4185421811811908 -0.844562246700212 -0.9079780665667632 -0.3834062225478836 0.16904289143659781 0 0 0 0 0 0
6.3521270751953125 -0.4170684814453125 -6.796808242797852 -0.32833399634050425 -0.15697622806334088 -0.9314264601513528 -0.9020153790333982 -0.24051121245287954 0.3585005058178872 0 0 0 0 0 0
6.022735595703125 -0.2032470703125 -6.6498122215271 -0.31879730647578836 -0.664030718418577 -0.6763368113449769 -0.903856121298581 -0.001825331733010954 0.42783265438153445 0 0 0 0 0 0
5.6959686279296875 0.07257080078125 -6.647976398468018 -0.3090672596393457 -0.9310927762622995 -0.19376189256711157 -0.91249086371025 0.23290196266396077 0.3363288560807666 0 0 0 0 0 0
5.3712158203125 0.307403564453125 -6.815983295440674 -0.3020850065229459 -0.8890889313082839 0.34389754442148235 -0.9238796476145924 0.3619576449684912 0.12422986747316607 0 0 0 0 0 0
5.047454833984375 0.3961334228515625 -7.097430229187012 -0.29968713506990696 -0.5654229526484421 0.7684298964068934 -0.9335809405858784 0.33970540925897647 -0.11413528067595133 0 0 0 0 0 0
4.6803436279296875 0.277923583984375 -7.240208625793457 -0.31044147779638004 -0.059700284191611545 0.9487159558745919 -0.9412854498067048 0.15862148251204608 -0.2980284001028597 0 0 0 0 0 0
4.217193603515625 0.4486083984375 -7.420382499694824 -0.2806866334926751 0.25764576279009616 0.9245721576463668 -0.9539843037317691 0.030988148032284342 -0.2982510400902919 0 0 0 0 0 0
4.1773834228515625 0.4901123046875 -8.407978057861328 -0.3149820967358397 -0.6868799362753457 -0.6549673517651633 0.5362983366107037 0.44055145446601135 -0.7199295174643656 0 0 0 0 0 0
3.692291259765625 0.305633544921875 -10.369290351867676 -0.3255001273521553 -0.9346923263224963 -0.14282829624262364 -0.9297016403068072 0.2888410737281186 0.2285294163525125 0 0 0 0 0 0
3.361572265625 0.458251953125 -10.570816993713379 -0.33289867738155837 -0.8381020786925885 0.4321612850415588 -0.9187981974962239 0.39138475596233013 0.05126251142889201 0 0 0 0 0 0
3.029541015625 0.4852447509765625 -10.813131332397461 -0.3339374080399008 -0.4185470917310705 0.8445733476229615 -0.9079706668544449 0.3834535564624003 -0.1689752590417645 0 0 0 0 0 0
2.698028564453125 0.3858489990234375 -11.038626670837402 -0.3283313008608786 0.15701308636497924 0.93142119773234 -0.9020151440470168 0.24050137419862508 -0.35850769715364894 0 0 0 0 0 0
2.36865234375 0.172027587890625 -11.185622215270996 -0.3188313191531507 0.6640221072623708 0.676329232692113 -0.9038671674329306 0.0017454408909596678 -0.4278096505139487 0 0 0 0 0 0
2.0418701171875 -0.103790283203125 -11.187446594238281 -0.3090326845159825 0.9311035382873842 0.19376532427025903 -0.9124926778066472 -0.2328596811313494 -0.3363532099633665 0 0 0 0 0 0
1.7171173095703125 -0.338623046875 -11.019448280334473 -0.30208513036456136 0.8890892957957862 -0.3438964933144549 -0.9238697550731355 -0.36196936388895556 -0.12426928529178002 0 0 0 0 0 0
1.3933563232421875 -0.4273529052734375 -10.738006591796875 -0.29968012193682164 0.5654478675495809 -0.7684142981488328 -0.9335906596403523 -0.33967591791410284 0.11414355444572206 0 0 0 0 0 0
1.0258636474609375 -0.3058013916015625 -10.61487102508545 -0.31440678832169594 0.059318436767803594 -0.9474332137500038 -0.9407999366044907 -0.1526408103229654 0.30264874410599346 0 0 0 0 0 0
0.562896728515625 -0.4839324951171875 -10.415994644165039 -0.2772523171518657 -0.2598954370880106 -0.9249786561941595 -0.9523176626609129 -0.05328657516715596 0.3004190578026146 0 0 0 0 0 0
0.3885498046875 -0.0168914794921875 -10.282501220703125 -0.31498160486746785 -0.6868788636603641 -0.6549687131854172 -0.9478303251721623 0.19200087035743116 0.2544667767430989 0 0 0 0 0 0
0.021697998046875 0.305633544921875 -10.369291305541992 -0.3254776273663275 -0.9346991122514952 -0.14283516247847772 -0.9296981071884153 0.28880441231090925 0.22859011553439548 0 0 0 0 0 0
-0.30902099609375 0.458251953125 -10.570816040039062 -0.3328647582827771 -0.8381127210899492 0.4321667727169104 -0.9188023794626917 0.3913687903894211 0.051309428011013486 0 0 0 0 0 0
-0.6410369873046875 0.4852447509765625 -10.813133239746094 -0.3339374080399008 -0.4185470917310705 0.8445733476229615 -0.9079810590019386 0.38341975450955074 -0.16899611932099018 0 0 0 0 0 0
-0.9836883544921875 0.3902130126953125 -11.042153358459473 -0.32836606410587793 0.15701146838519905 0.9314092155111727 -0.9016969558439669 0.241541648977668 -0.35860874449861435 0 0 0 0 0 0
-1.31549072265625 0.174072265625 -11.191722869873047 -0.31882375719321987 0.6640445040942297 0.6763108075666447 -0.9038671348278412 0.0017438968852671458 -0.4278097256979594 0 0 0 0 0 0
-1.64227294921875 -0.1017303466796875 -11.193561553955078 -0.3090671882500103 0.9310925611955382 0.1937630399058746 -0.9124908785336001 -0.23290147508160122 -0.3363291535055996 0 0 0 0 0 0
-1.9670257568359375 -0.3365631103515625 -11.02554988861084 -0.302084387310714 0.8890871088585443 -0.3439027999372288 -0.9238792679091714 -0.36195848939172603 -0.12423023096200665 0 0 0 0 0 0
-2.2907867431640625 -0.4253082275390625 -10.744121551513672 -0.29968121998371733 0.5654499393862833 -0.7684123453180064 -0.9335904134606143 -0.33967654346019993 0.11414370642909082 0 0 0 0 0 0
-2.6582794189453125 -0.3037567138671875 -10.620981216430664 -0.31440607665103304 0.059356449316792945 -0.9474310692020859 -0.9408008164886597 -0.15264787062561183 0.3026424479278109 0 0 0 0 0 0
-3.121246337890625 -0.4818572998046875 -10.42210578918457 -0.27725017966188 -0.2599315801067763 -0.9249691408585747 -0.9523117721161349 -0.05332467322712388 0.3004309702980827 0 0 0 0 0 0
-3.29559326171875 -0.0148468017578125 -10.28859806060791 -0.3149811129996098 -0.6868777910465028 -0.6549700745992931 -0.9478304509156289 0.19199951934558063 0.25446732774197495 0 0 0 0 0 0
-3.662445068359375 0.30767822265625 -10.375404357910156 -0.3254776273663275 -0.9346991122514952 -0.14283516247847772 -0.9297079374795366 0.28881622715126365 0.22853520061832008 0 0 0 0 0 0
-3.9931640625 0.460296630859375 -10.57693099975586 -0.3329093204541565 -0.8380907265243288 0.43217510162973805 -0.9188001659291758 0.39138483631194265 0.051226604353530415 0 0 0 0 0 0
-4.3251953125 0.4873046875 -10.819233894348145 -0.3339374080399008 -0.4185470917310705 0.8445733476229615 -0.907976549720754 0.3834344222853178 -0.16898706744576597 0 0 0 0 0 0
-4.6566925048828125 0.387908935546875 -11.04473876953125 -0.3283680306187475 0.15697426184899463 0.9314147935181879 -0.9020136755878179 0.24047301974293783 -0.3585304113018418 0 0 0 0 0 0
-4.986083984375 0.174072265625 -11.191722869873047 -0.31878948811002855 0.6640525797558187 0.6763190324027472 -0.9038564506396534 0.0018235996376719278 -0.4278319659883416 0 0 0 0 0 0
-5.3128662109375 -0.1017303466796875 -11.193561553955078 -0.3090326845159825 0.9311035382873842 0.19376532427025903 -0.9124810199506952 -0.23284747189747257 -0.3363932862895675 0 0 0 0 0 0
-5.6376190185546875 -0.3365631103515625 -11.02554988861084 -0.302084387310714 0.8890871088585443 -0.3439027999372288 -0.9238693658566909 -0.3619702980842424 -0.12426945777768811 0 0 0 0 0 0
-5.96136474609375 -0.4253082275390625 -10.744121551513672 -0.29968121998371733 0.5654499393862833 -0.7684123453180064 -0.9335904134606143 -0.33967654346019993 0.11414370642909082 0 0 0 0 0 0
-6.3284912109375 -0.3070831298828125 -10.601325988769531 -0.3104411266990221 0.05970021667288886 -0.9487160750103539 -0.9412798568278107 -0.15866381340355304 0.2980235316991915 0 0 0 0 0 0
-6.7916259765625 -0.4777679443359375 -10.42116641998291 -0.2806866334926751 -0.25764576279009616 -0.9245721576463668 -0.9539890301999161 -0.030944870845177334 0.2982404151462355 0 0 0 0 0 0
-6.861907958984375 -0.519683837890625 -9.433747291564941 -0.31501547484361325 0.6868695374223904 0.6549622043829736 0.5150240446742552 -0.45593755523655316 0.725858925089639 0 0 0 0 0 0
-7.34954833984375 -0.334808349609375 -7.472257614135742 -0.3254656897660073 0.9347029765982744 0.14283707615133662 -0.9297003616926856 -0.28879034744760457 -0.22859871541542331 0 0 0 0 0 0
-7.68023681640625 -0.4874114990234375 -7.270712375640869 -0.3328752290413864 0.8381009376620742 -0.4321815592787324 -0.9188005910754473 -0.39137561912978985 -0.05128936137428978 0 0 0 0 0 0
-8.01226806640625 -0.514404296875 -7.028414249420166 -0.3339374080399008 0.4185470917310705 -0.8445733476229615 -0.9079809985614274 -0.38341995111725996 0.1689959979899858 0 0 0 0 0 0
-8.343780517578125 -0.4150238037109375 -6.8029093742370605 -0.32836766602250705 -0.15697408755606607 -0.9314149514297437 -0.9020134104292815 -0.24047447276596906 0.3585301038318343 0 0 0 0 0 0
-8.673187255859375 -0.2011871337890625 -6.655927658081055 -0.31876354951919866 -0.66403986434666 -0.6763437425277112 -0.9038460941423203 -0.0019017703824815468 0.42785350457029625 0 0 0 0 0 0
-8.99993896484375 0.0746307373046875 -6.654088497161865 -0.3090672596393457 -0.9310927762622995 -0.19376189256711157 -0.9124877630516902 0.2328987148057657 0.33633951733738543 0 0 0 0 0 0
-9.324676513671875 0.3094635009765625 -6.822097301483154 -0.30211917626650336 -0.8890772274297215 0.34389778568337576 -0.9238871112834333 0.36196768762682957 0.1241450712611632 0 0 0 0 0 0
-9.648468017578125 0.398193359375 -7.103525638580322 -0.29968094547150065 -0.565449421426178 0.7684128335277255 -0.9335988206996647 0.3396444572374864 -0.11417041935654132 0 0 0 0 0 0
-10.01593017578125 0.276641845703125 -7.226667404174805 -0.31440714194517483 -0.05935665043274593 0.947430703082432 -0.9407953276243829 0.15268802872732126 -0.30263925291259725 0 0 0 0 0 0
-10.47894287109375 0.4547576904296875 -7.425544261932373 -0.2771788316064526 0.2599362178043446 0.9249892204684625 -0.952322860173437 0.05341457801447658 -0.3003798476040292 0 0 0 0 0 0
-10.65325927734375 -0.01226806640625 -7.559048652648926 -0.3149452744419811 0.6868828260177219 0.6549820283248795 -0.9478426734079762 -0.1919771647752397 -0.2544386658345803 0 0 0 0 0 0
-11.020111083984375 -0.3347930908203125 -7.4722514152526855 -0.3254090236294089 0.9347212071474533 0.14284688393298162 -0.9297115778409415 -0.2887240287763206 -0.2286368676212945 0 0 0 0 0 0
-11.350830078125 -0.487396240234375 -7.270723342895508 -0.3328647582827771 0.8381127210899492 -0.4321667727169104 -0.918802533151623 -0.39136851509244935 -0.05130877574540487 0 0 0 0 0 0
-11.68292236328125 -0.514404296875 -7.0284104347229 -0.3339403860804619 0.4185126771405926 -0.8445892241895147 -0.9079805598222985 -0.3834125532458189 0.1690151383702284 0 0 0 0 0 0
-12.01434326171875 -0.415008544921875 -6.802905559539795 -0.3282985026321851 -0.1569774969011668 -0.9314387573190785 -0.9019936711932448 -0.24063156548785428 0.3584743600568909 0 0 0 0 0 0
-12.1546630859375 -0.200164794921875 -6.0024895668029785 -0.3187640635470557 0.6640409351560076 0.6763424489325681 0.8403329572532899 -0.13208144266390023 0.5257328346772376 0 0 0 0 0 0
-12.65411376953125 -0.1017303466796875 -4.134748458862305 -0.308998036806967 0.9311140842449939 0.19376990315848006 -0.9124925787091288 -0.23281489440814052 -0.33638448053156494 0 0 0 0 0 0
-12.978729248046875 -0.3365631103515625 -3.9667105674743652 -0.3020494733467508 0.8890966248159536 -0.3439088649509193 -0.9238713249323289 -0.3619494778958658 -0.12431552766526563 0 0 0 0 0 0
-13.302490234375 -0.42529296875 -3.6852986812591553 -0.2997582230287367 0.5654131307879785 -0.7684093956083505 -0.9335900925289282 -0.3396285005932075 0.11428919772505548 0 0 0 0 0 0
-13.66961669921875 -0.3070831298828125 -3.5424957275390625 -0.31051147034102616 0.05969907261470589 -0.9486931261032717 -0.9412778555787095 -0.15851413327408032 0.2981094902037062 0 0 0 0 0 0
-14.134857177734375 -0.479736328125 -3.366245746612549 -0.28068524134580514 -0.2576444849211155 -0.9245729363767794 -0.9539056336695206 -0.03171040974122565 0.29842669446213077 0 0 0 0 0 0
-14.31036376953125 -0.0182647705078125 -3.2335147857666016 -0.3149452744419811 -0.6868828260177219 -0.6549820283248795 -0.947943452992496 0.19344741779876082 0.2529452637936813 0 0 0 0 0 0
-14.675018310546875 0.3056488037109375 -3.3210246562957764 -0.32554586583894807 -0.9346759789999889 -0.1428310313467691 -0.9297014649757521 0.2889026847548685 0.22845223737877793 0 0 0 0 0 0
-15.005828857421875 0.458251953125 -3.5225207805633545 -0.3328756577906153 -0.838102017151022 0.43217913565771915 -0.9188006938049711 0.39137539814022665 0.051289207384042114 0 0 0 0 0 0
-15.33782958984375 0.4852447509765625 -3.7648377418518066 -0.3340137183784086 -0.4185089657754135 0.8445620649192236 -0.9079734331630596 0.38338723774814415 -0.16911082343225398 0 0 0 0 0 0
-15.669464111328125 0.3858795166015625 -3.990339756011963 -0.3282983203641253 0.1569774097488236 0.9314388362499407 -0.9020175942666154 0.24055010782139732 -0.358468834434155 0 0 0 0 0 0
-15.99884033203125 0.172027587890625 -4.13731575012207 -0.31875277634064675 0.6640555685181879 0.6763334011381634 -0.9038705578952979 0.0018455941406291421 -0.4278020667929399 0 0 0 0 0 0
-16.325469970703125 -0.103790283203125 -4.139131546020508 -0.3090673310282914 0.9310929913278866 0.1937607452275535 -0.9124650751196087 -0.23287545594661777 -0.3364171646997549 0 0 0 0 0 0
-16.650360107421875 -0.338623046875 -3.971163749694824 -0.30204959717894697 0.8890969893217626 -0.3439078138440785 -0.9238917225882839 -0.3619250756499855 -0.12423495703144935 0 0 0 0 0 0
-16.974090576171875 -0.4273529052734375 -3.6897096633911133 -0.29967778860462013 0.5654434649295169 -0.7684184478430661 -0.9335966384148126 -0.3396537166536682 0.11416071786701214 0 0 0 0 0 0
-17.341522216796875 -0.3057861328125 -3.5665886402130127 -0.3144087413794183 0.05931880524690554 -0.9474325425529194 -0.9407941171780759 -0.15268138622352478 0.3026463668772314 0 0 0 0 0 0
-17.8045654296875 -0.4839324951171875 -3.3676955699920654 -0.2772520114368678 -0.25989515051174744 -0.9249788283494316 -0.9523231680883861 -0.053245737175776915 0.30040884639888277 0 0 0 0 0 0
-17.873565673828125 -0.5225067138671875 -2.3791465759277344 -0.315016950574239 0.6868727551513378 0.6549581200975508 0.5148396063325266 -0.45606375078681194 0.7259104868850113 0 0 0 0 0 0
-18.362213134765625 -0.33685302734375 -0.4178566634654999 -0.32547752345065484 0.934698813828873 0.1428373521013542 -0.9296984596663987 -0.2888041584642176 -0.22858900268320204 0 0 0 0 0 0
-18.69293212890625 -0.489471435546875 -0.2163206785917282 -0.3328755774002339 0.8381018147470936 -0.4321795900873725 -0.9188006630216692 -0.39137546021563147 -0.05128928515727118 0 0 0 0 0 0
-19.024932861328125 -0.5164642333984375 0.025987284258008003 -0.3340143581045652 0.4185097673327073 -0.8445614147160162 -0.9079732060929866 -0.38338772031019214 0.16911094858872072 0 0 0 0 0 0
-19.3565673828125 -0.417083740234375 0.25149932503700256 -0.3282964339306985 -0.1570146551311591 -0.9314332233404763 -0.9020173079281709 -0.2405392326359572 0.35847685247574945 0 0 0 0 0 0
-19.685791015625 -0.203216552734375 0.39847639203071594 -0.31883246787389 -0.6640244996746594 -0.676326342279571 -0.9038647054445351 -0.0017484762364070507 0.4278148397175049 0 0 0 0 0 0
-20.01263427734375 0.07257080078125 0.40032437443733215 -0.3090672953338673 -0.9310928837952398 -0.19376131889743192 -0.9124893198383527 0.23290059704428656 0.33633399036873357 0 0 0 0 0 0
-20.310302734375 0.314666748046875 0.23358036577701569 -0.3020495623511698 -0.8890968868045863 0.34390810946800815 -0.9177243592608609 0.3688229309369726 0.14748439251088033 0 0 0 0 0 0
-20.62969970703125 0.398193359375 -0.03889070451259613 -0.29968210357214514 -0.5654516065745808 0.7684107738838644 -0.9335788270060563 0.33972060622417966 -0.11410733312400137 0 0 0 0 0 0
-20.997222900390625 0.276641845703125 -0.16204266250133514 -0.31440816285844847 -0.0593568431700735 0.9474303522142716 -0.9407949498478178 0.15268849255906378 -0.3026401932673232 0 0 0 0 0 0
-21.460205078125 0.45477294921875 -0.3609146773815155 -0.27725240194011896 0.25989551656824855 0.9249786084478698 -0.9523121434766401 0.053328114406423675 -0.30042918233883803 0 0 0 0 0 0
-21.634552001953125 -0.0122528076171875 -0.4944046437740326 -0.3150171119825567 0.6868731070910531 0.6549576733753503 -0.9478182262504525 -0.1920228930072138 -0.25449522303687006 0 0 0 0 0 0
-22.001434326171875 -0.334808349609375 -0.4076196253299713 -0.3255341341749222 0.9346804417258165 0.14282856626815268 -0.9297038622505349 -0.28889014034918065 -0.22845834483657856 0 0 0 0 0 0
-22.332183837890625 -0.4874114990234375 -0.20608167350292206 -0.3328754487755286 0.8381014909005688 -0.432180317174133 -0.9188006594705783 -0.3913754776644831 -0.05128921562402875 0 0 0 0 0 0
-22.664215087890625 -0.514404296875 0.03622831404209137 -0.33387281780393735 0.41852361564522356 -0.8446105165571336 -0.9079651932256303 -0.3835086669509196 0.16887957325938668 0 0 0 0 0 0
-22.99560546875 -0.415008544921875 0.26173439621925354 -0.32829803557065634 -0.15697727357346627 -0.93143895957915 -0.9020166756050267 -0.24055367369554254 0.3584687531738777 0 0 0 0 0 0
-23.70074462890625 -0.271514892578125 0.2699613869190216 0.9991987063354167 0.02426091384398431 -0.03183321091382754 0.0034016182455842868 0.7409942269671927 0.6715027807795021 0 0 0 0 0 0
-19.38330078125 0.0994415283203125 0.6285243034362793 0 1 0 0 0 1 0 0 0 0 0 0
-19.817413330078125 0.0994415283203125 0.16751231253147125 0 1 0 0 0 1 0 0 0 0 0 0
-23.092498779296875 0.072723388671875 -0.8714876770973206 0.9994584783809574 0.02365130750367151 0.022877186142270467 0.0067445367324751515 -0.8277310056572794 0.5610845689357828 0 0 0 0 0 0
-23.28741455078125 -0.473480224609375 -0.20679466426372528 0.3283661620709202 0.15697336860151445 0.9314156028093512 0.9358831845610841 0.07920999337414696 -0.34329060838518644 0 0 0 0 0 0
-22.71990966796875 -0.3089599609375 -0.3878626525402069 0.33386744508528937 -0.41855502827648483 0.8445970740043397 0.9180085068585109 -0.05903377104400977 -0.392142059988126 0 0 0 0 0 0
-22.387359619140625 -0.0676116943359375 -0.41893866658210754 0.33287542733806635 -0.8381014369261194 0.43218043835517783 0.9076457269605294 0.16050198468976049 -0.3878380425395892 0 0 0 0 0 0
-22.05572509765625 0.1576690673828125 -0.3233296573162079 0.3255341272467966 -0.9346804218336369 -0.142828712234484 0.902003062540169 0.35228923470437845 -0.24956516239162713 0 0 0 0 0 0
-21.72674560546875 0.306304931640625 -0.11324165761470795 0.31501708123811095 -0.6868730400549075 -0.6549577584653462 0.9041364006214125 0.42704638573016535 -0.012990516008217892 0 0 0 0 0 0
-21.28790283203125 0.4006805419921875 0.07475735247135162 0.27725236491988986 -0.25989548186560396 -0.9249786292948469 0.9173469050962686 0.3578441150998229 0.17441973798490432 0 0 0 0 0 0
-20.970611572265625 0.4351806640625 0.1933763176202774 0.3144776244675264 0.05931740733224207 -0.9474097682083726 0.9410681632657045 -0.15035498891502574 0.30295889060411435 0 0 0 0 0 0
-20.68609619140625 0.0436859130859375 0.4712733328342438 0.29968210357214514 0.5654516065745808 -0.7684107738838644 0.9379462885311126 -0.027311830785385124 0.3457033753521387 0 0 0 0 0 0
-20.439239501953125 1.3201141357421875 1.272867202758789 0.3021888125879548 -0.8890576439014722 0.34388723059608467 -0.07072772904594184 0.33884721616263475 0.9381791686255011 0 0 0 0 0 0
-20.04766845703125 0.4891510009765625 3.042558431625366 0.3090672596393457 -0.9310927762622995 -0.19376189256711157 0.9360644669333199 0.33383334471705917 -0.11107930365221319 0 0 0 0 0 0
-19.72528076171875 0.56329345703125 3.3055784702301025 0.3187609793900331 -0.6640345103210036 -0.6763502104095569 0.9357802261692078 0.3339220505761978 0.11318759848010651 0 0 0 0 0 0
-19.396026611328125 0.4782562255859375 3.5605833530426025 0.3283665722382728 -0.15697356467942528 -0.931415425161255 0.9284013430954858 0.2352017442556763 0.2876648842622011 0 0 0 0 0 0
-19.064300537109375 0.2798004150390625 3.718064546585083 0.3339461019428785 0.41851984057748687 -0.8445834144950701 0.9179808872353302 0.05901240122880748 0.3922099274264312 0 0 0 0 0 0
-18.731536865234375 0.0384674072265625 3.749183416366577 0.3329434106006819 0.8380805145390675 -0.43216864357275797 0.9076411181959508 -0.16059822866164425 0.38780898585611223 0 0 0 0 0 0
-18.39996337890625 -0.18682861328125 3.6535494327545166 0.3255342865919688 0.9346808793488414 0.14282535500650612 0.9020034906697525 -0.35228841015548706 0.24956477894466864 0 0 0 0 0 0
-18.070953369140625 -0.3354644775390625 3.4434502124786377 0.3149447826180205 0.6868817533696798 0.6549833897050231 0.9041377923612923 -0.4270404445075357 0.01308858964347214 0 0 0 0 0 0
-17.632354736328125 -0.4298095703125 3.255432367324829 0.2772520114368678 0.25989515051174744 0.9249788283494316 0.9173662894911011 -0.35778339500903994 -0.17444234910461065 0 0 0 0 0 0
-17.314971923828125 -0.4643402099609375 3.136829137802124 0.3144078521450511 -0.059356784510761894 0.9474304590005952 0.9411138994208185 0.1501817222781565 -0.3029027543792038 0 0 0 0 0 0
-17.03033447265625 -0.0728759765625 2.8589344024658203 0.299608345110154 -0.5654563915925405 0.7684360147387019 0.9379725146088504 0.027281132153760972 -0.3456346360924483 0 0 0 0 0 0
-16.705810546875 0.2488250732421875 2.857210397720337 0.30204959717894697 -0.8890969893217626 0.3439078138440785 0.9371637730532907 0.21086335803851372 -0.27795810244215247 0 0 0 0 0 0
-16.381439208984375 0.482391357421875 3.0341250896453857 0.3090673310282914 -0.9310929913278866 -0.1937607452275535 0.9389133535194043 0.33115813267944144 -0.09368033808228815 0 0 0 0 0 0
-16.0546875 0.56329345703125 3.3055784702301025 0.3187609793900331 -0.6640345103210036 -0.6763502104095569 0.9357802261692078 0.3339220505761978 0.11318759848010651 0 0 0 0 0 0
-15.725433349609375 0.4782562255859375 3.5605833530426025 0.3283665722382728 -0.15697356467942528 -0.931415425161255 0.9284013430954858 0.2352017442556763 0.2876648842622011 0 0 0 0 0 0
-15.39373779296875 0.2798004150390625 3.718064546585083 0.334013886519796 0.41850917645142555 -0.8445618940242867 0.9179903216274095 0.05884401762632659 0.3922131448434615 0 0 0 0 0 0
-15.21063232421875 0.768768310546875 4.901968479156494 0.3328757435403051 -0.8381022330484188 0.4321786509323927 -0.3341549507861995 0.3237339558522958 0.8851761376659995 0 0 0 0 0 0
-14.745880126953125 0.155609130859375 6.725259780883789 0.32547729483080123 -0.9346981572836723 -0.1428421692643001 0.9020047761654265 0.3522412899815282 -0.24962663601248156 0 0 0 0 0 0
-14.416900634765625 0.3042449951171875 6.935335159301758 0.3150174424854751 -0.686873827729894 -0.654956758656321 0.904136405797835 0.42704637415920266 -0.01299053611098768 0 0 0 0 0 0
-13.976959228515625 0.3878326416015625 7.106167793273926 0.28068477729965663 -0.25764405896736625 -0.9245731959510086 0.9180091225175279 0.35322034010740216 0.18026270359952343 0 0 0 0 0 0
-13.65679931640625 0.4415740966796875 7.244351387023926 0.31051147034102616 0.05969907261470589 -0.9486931261032717 0.9453729280382547 -0.12361060827095395 0.3016462240029896 0 0 0 0 0 0
-13.378173828125 0.0402679443359375 7.523777961730957 0.2997582230287367 0.5654131307879785 -0.7684093956083505 0.9371105810003879 -0.02355462950335993 0.3482368998341146 0 0 0 0 0 0
-13.050689697265625 -0.2779693603515625 7.526049613952637 0.3020494733467508 0.8890966248159536 -0.3439088649509193 0.9371643670825078 -0.21086421264935173 0.2779554512770197 0 0 0 0 0 0
-12.726348876953125 -0.511566162109375 7.349100112915039 0.3089870615404569 0.9311191586593843 0.193763020667087 0.9389261179639152 -0.3310933594386161 0.09378130059272691 0 0 0 0 0 0
-12.39984130859375 -0.592437744140625 7.0776262283325195 0.31883234737854943 0.6640242487219921 0.6763266454711644 0.9357655287429382 -0.33393253938332806 -0.11327812832780884 0 0 0 0 0 0
-12.0703125 -0.5074462890625 6.82265567779541 0.3283665722382728 0.15697356467942528 0.931415425161255 0.9283867427185891 -0.23528225041712456 -0.287646169074128 0 0 0 0 0 0
-11.7386474609375 -0.3089599609375 6.66514253616333 0.3339350545811553 -0.41854414197674616 0.8445757399658305 0.9180001975463147 -0.05894105081040508 -0.3921754579703997 0 0 0 0 0 0
-11.406097412109375 -0.0676116943359375 6.63407039642334 0.33294323907480483 -0.8380800827765196 0.4321696130082253 0.9076423788655918 0.1606000987019054 -0.38780526090313394 0 0 0 0 0 0
-11.074310302734375 0.1576385498046875 6.72965669631958 0.3254772394066937 -0.9346979981180039 -0.14284333705984917 0.9020096924025977 0.35224072681071966 -0.24960966565345005 0 0 0 0 0 0
-10.745391845703125 0.3062896728515625 6.939766883850098 0.31493702208215146 -0.6869029743984134 -0.6549648661452301 0.9041619384628687 0.4269905136299825 -0.013049532752990029 0 0 0 0 0 0
-10.306671142578125 0.4006500244140625 7.1277875900268555 0.2771812742692958 -0.25990036080329093 -0.9249985641333551 0.9173418999156071 0.35790281540029256 0.17432559590538768 0 0 0 0 0 0
-9.98931884765625 0.4351806640625 7.246382713317871 0.3144074985218568 0.05931857075970484 -0.9474329696797842 0.9411107576313928 -0.15019534255104242 0.3029057624847052 0 0 0 0 0 0
-9.704803466796875 0.043701171875 7.524275779724121 0.29968713506990696 0.5654229526484421 -0.7684298964068934 0.9379618359445463 -0.027383105321521693 0.3456555508804776 0 0 0 0 0 0
-9.4578857421875 1.3201141357421875 8.32586669921875 0.3021190524121463 -0.8890768629507442 0.34389883677507604 -0.07066454157224981 0.33887686012116736 0.9381732229384948 0 0 0 0 0 0
-9.039306640625 0.4844512939453125 10.097371101379395 0.30899832231479146 -0.9311149445752382 -0.193765313705253 0.9389243419534703 0.33110269549197807 -0.09376611928190906 0 0 0 0 0 0
-8.712646484375 0.565338134765625 10.368825912475586 0.31876329250552304 -0.6640393289425132 -0.676344389322936 0.9357669345774774 0.33398013192327125 0.11312610499785418 0 0 0 0 0 0
-8.383270263671875 0.4803314208984375 10.62382984161377 0.3282999607833927 -0.15697819412313047 -0.9314381258674479 0.9283968785900482 0.23534117813657582 0.2875652372898087 0 0 0 0 0 0
-8.05157470703125 0.2818603515625 10.781325340270996 0.3339427396519336 0.4185156267673479 -0.8445868319985192 0.9179998392035565 0.05894069138540918 0.39217635079292384 0 0 0 0 0 0
-7.718902587890625 0.0405120849609375 10.812411308288574 0.33287540054123393 0.838101369458046 -0.4321805898314509 0.9076467219096507 -0.1605039039520402 0.3878349198084407 0 0 0 0 0 0
-7.387298583984375 -0.1847686767578125 10.716789245605469 0.3254660222659646 0.9347039315029221 0.14283006960493883 0.9020057724177004 -0.3522277257988375 0.24964217533046545 0 0 0 0 0 0
-7.058319091796875 -0.333404541015625 10.506704330444336 0.3149467499169459 0.6868860439685717 0.6549779441461813 0.9041379025102092 -0.4270402144742604 0.013088486016999277 0 0 0 0 0 0
-6.618408203125 -0.4169769287109375 10.3358793258667 0.2806866334926751 0.25764576279009616 0.9245721576463668 0.9180132922055517 -0.3532061233077114 -0.1802693257097894 0 0 0 0 0 0
-6.298828125 -0.46820068359375 10.20175838470459 0.3104411266990221 -0.05970021667288886 0.9487160750103539 0.9447631416736173 0.12973597124550565 -0.30098369374433215 0 0 0 0 0 0
-6.020477294921875 -0.0673828125 9.922696113586426 0.2997159402639733 -0.5654434749310011 0.7684035605133782 0.9371154323064002 0.023502400892785567 -0.34822737354415967 0 0 0 0 0 0
-5.6930694580078125 0.2508697509765625 9.920430183410645 0.3020841396238825 -0.8890863798729423 0.3439049021344782 0.9371579497273583 0.21090619240530056 -0.2779452378939288 0 0 0 0 0 0
-5.3687286376953125 0.4844512939453125 10.097371101379395 0.3090328272816903 -0.9311039684349458 -0.19376302956699548 0.9389187633716373 0.3311305011243482 -0.0937237804071826 0 0 0 0 0 0
-5.0420684814453125 0.565338134765625 10.368825912475586 0.3187975635106759 -0.6640312538028401 -0.6763361645459193 0.935773757843862 0.3339230351977993 0.11323815918261167 0 0 0 0 0 0
-4.7126922607421875 0.4803314208984375 10.62382984161377 0.32833399634050425 -0.15697622806334088 -0.9314264601513528 0.9283914593458508 0.23531252357781685 0.28760617945572897 0 0 0 0 0 0
-4.3809814453125 0.2818603515625 10.781325340270996 0.3339427396519336 0.4185156267673479 -0.8445868319985192 0.9179909668525286 0.05897827798088747 0.39219146791276455 0 0 0 0 0 0
-4.0483245849609375 0.0405120849609375 10.812411308288574 0.3329093204541565 0.8380907265243288 -0.43217510162973805 0.907644113652345 -0.1605511086074349 0.3878214853217559 0 0 0 0 0 0
-3.716705322265625 -0.1847686767578125 10.716789245605469 0.3254660222659646 0.9347039315029221 0.14283006960493883 0.9019941787480092 -0.3522296702643891 0.24968131866470208 0 0 0 0 0 0
-3.3877410888671875 -0.333404541015625 10.506704330444336 0.3149811129996098 0.6868777910465028 0.6549700745992931 0.9041489823853821 -0.427019200510924 0.013008460573389592 0 0 0 0 0 0
-2.949005126953125 -0.4277801513671875 10.318686485290527 0.2772523171518657 0.2598954370880106 0.9249786561941595 0.9173658001046712 -0.35778480485137554 -0.17444203110426032 0 0 0 0 0 0
-2.6316375732421875 -0.4622802734375 10.20008659362793 0.3143717000723263 -0.05935716118341702 0.9474424318183566 0.9411299688309648 0.1501460181011445 -0.3028705251697471 0 0 0 0 0 0
-2.347137451171875 -0.07080078125 9.922196388244629 0.29968121998371733 -0.5654499393862833 0.7684123453180064 0.9379543862344846 0.027347462178397394 -0.3456785872105655 0 0 0 0 0 0
-2.0224761962890625 0.2508697509765625 9.920430183410645 0.3020841396238825 -0.8890863798729423 0.3439049021344782 0.9371579497273583 0.21090619240530056 -0.2779452378939288 0 0 0 0 0 0
-1.6981353759765625 0.4844512939453125 10.097371101379395 0.3090328272816903 -0.9311039684349458 -0.19376302956699548 0.9389123050368005 0.331137023830667 -0.09376542485932898 0 0 0 0 0 0
-1.3714752197265625 0.565338134765625 10.368825912475586 0.3187975635106759 -0.6640312538028401 -0.6763361645459193 0.9357673724753622 0.33395138683293185 0.1132073135575544 0 0 0 0 0 0
-1.0421142578125 0.4803314208984375 10.62382984161377 0.3283680306187475 -0.15697426184899463 -0.9314147935181879 0.9283933387962874 0.2352436162996959 0.2876564782321505 0 0 0 0 0 0
-0.699432373046875 0.2834320068359375 10.785375595092773 0.3339427396519336 0.4185156267673479 -0.8445868319985192 0.9180143289349578 0.05887929286101583 0.39215165528438894 0 0 0 0 0 0
-0.3641815185546875 0.0384521484375 10.818523406982422 0.3329093204541565 0.8380907265243288 -0.43217510162973805 0.9076429929703241 -0.1605488230546725 0.3878250542804473 0 0 0 0 0 0
-0.032562255859375 -0.18682861328125 10.722905158996582 0.3255000165117115 0.9346920080377906 0.1428306317326858 0.9020046035404092 -0.35225872795468594 0.24960265177208343 0 0 0 0 0 0
0.2964019775390625 -0.3354644775390625 10.512813568115234 0.31497335165090573 0.6868990121324766 0.6549515515526494 0.9041493633468821 -0.4270176880629249 0.013031609295196858 0 0 0 0 0 0
0.735137939453125 -0.4298248291015625 10.324786186218262 0.2772517057224872 0.2598948639360629 0.9249790005041341 0.9173542627288189 -0.3578212876983627 -0.1744278725523843 0 0 0 0 0 0
1.0525054931640625 -0.46435546875 10.206185340881348 0.31440678832169594 -0.059318436767803594 0.9474332137500038 0.9411111802961232 0.15019374710237604 -0.3029052403854801 0 0 0 0 0 0
1.3369903564453125 -0.072845458984375 9.928295135498047 0.29968012193682164 -0.5654478675495809 0.7684142981488328 0.9379620180412913 0.027380262533664348 -0.3456552819435805 0 0 0 0 0 0
1.553192138671875 -1.352935791015625 9.12282657623291 0.3020848826810535 0.8890885668199663 -0.3438985955272171 -0.09165066717458528 -0.3319940061107349 -0.9388184782549813 0 0 0 0 0 0
1.969512939453125 -0.51361083984375 7.355213165283203 0.3090671882500103 0.9310925611955382 0.1937630399058746 0.9389131476075808 -0.3311584789514512 0.09368117776899736 0 0 0 0 0 0
2.296173095703125 -0.594512939453125 7.083746910095215 0.3187975635106759 0.6640312538028401 0.6763361645459193 0.9357651898166484 -0.3339610761938702 -0.1131967716626415 0 0 0 0 0 0
2.62554931640625 -0.509490966796875 6.828752517700195 0.3283680306187475 0.15697426184899463 0.9314147935181879 0.9283934094813423 -0.23524322654586333 -0.2876565688384336 0 0 0 0 0 0
2.9572601318359375 -0.3110198974609375 6.671257495880127 0.3339377442504567 -0.41854751312725735 0.8445730058555654 0.9179904077510076 -0.0589756652298253 -0.39219316948136485 0 0 0 0 0 0
3.2899169921875 -0.069671630859375 6.640170574188232 0.33289867738155837 -0.8381020786925885 0.4321612850415588 0.9076442949789159 0.1605421878106411 -0.3878247538840188 0 0 0 0 0 0
3.6215362548828125 0.155609130859375 6.735792636871338 0.3254656897660073 -0.9347029765982744 -0.14283707615133662 0.9019932063547539 0.35223140509081924 -0.24968238415558613 0 0 0 0 0 0
3.95050048828125 0.3042449951171875 6.945864677429199 0.31498160486746785 -0.6868788636603641 -0.6549687131854172 0.9041490044187832 0.42701915421771847 -0.013008448781755184 0 0 0 0 0 0
4.39044189453125 0.3878326416015625 7.1166887283325195 0.2806866334926751 -0.25764576279009616 -0.9245721576463668 0.9179971208760495 0.35325803857119353 0.18024994937063707 0 0 0 0 0 0
4.709991455078125 0.43902587890625 7.250823974609375 0.3104411266990221 0.05970021667288886 -0.9487160750103539 0.9447638444345678 -0.129729353859607 0.30098434011819397 0 0 0 0 0 0
4.9883575439453125 0.0382232666015625 7.529886245727539 0.29968713506990696 0.5654229526484421 -0.7684298964068934 0.9371199869642234 -0.02345392366271909 0.34821838477742295 0 0 0 0 0 0
5.3157501220703125 -0.280029296875 7.532135009765625 0.3020848826810535 0.8890885668199663 -0.3438985955272171 0.9371592404051329 -0.21091236075801306 0.2779362052751612 0 0 0 0 0 0
5.640106201171875 -0.51361083984375 7.355213165283203 0.3090326845159825 0.9311035382873842 0.19376532427025903 0.9389123105349081 -0.33113715667013527 0.09376490067407328 0 0 0 0 0 0
5.966766357421875 -0.594512939453125 7.083747863769531 0.3187975635106759 0.6640312538028401 0.6763361645459193 0.9357651898166484 -0.3339610761938702 -0.1131967716626415 0 0 0 0 0 0
6.2961273193359375 -0.509490966796875 6.828751564025879 0.3283680306187475 0.15697426184899463 0.9314147935181879 0.9283934094813423 -0.23524322654586333 -0.2876565688384336 0 0 0 0 0 0
6.6278533935546875 -0.3110198974609375 6.6712565422058105 0.3339377442504567 -0.41854751312725735 0.8445730058555654 0.9179904077510076 -0.0589756652298253 -0.39219316948136485 0 0 0 0 0 0
6.8409881591796875 -0.799346923828125 5.488377571105957 0.3328752290413864 0.8381009376620742 -0.4321815592787324 -0.31655875245740517 -0.33240202490972975 -0.8884252642054494 0 0 0 0 0 0
7.308624267578125 -0.18682861328125 3.6640822887420654 0.3254660222659646 0.9347039315029221 0.14283006960493883 0.9019941787480092 -0.3522296702643891 0.24968131866470208 0 0 0 0 0 0
7.6375885009765625 -0.3354644775390625 3.4539902210235596 0.314973105736244 0.6868984758377795 0.6549522322693466 0.9041493629946424 -0.42701768948199154 0.013031587234244248 0 0 0 0 0 0
8.076309204101562 -0.4298248291015625 3.2659623622894287 0.2772520114368678 0.25989515051174744 0.9249788283494316 0.9173661490909272 -0.35778383591833707 -0.174442183137116 0 0 0 0 0 0
8.3936767578125 -0.46435546875 3.1473615169525146 0.31440678832169594 -0.059318436767803594 0.9474332137500038 0.9411058970368963 0.15023567612395478 -0.30290086196965044 0 0 0 0 0 0
8.678176879882812 -0.072845458984375 2.869471311569214 0.29968039644805283 -0.5654483855078268 0.7684138099431387 0.9379545344030136 0.027345712680576624 -0.3456783235767284 0 0 0 0 0 0
9.002838134765625 0.2488250732421875 2.867723226547241 0.3020848826810535 -0.8890885668199663 0.3438985955272171 0.9371575632833958 0.2109084581253857 -0.27794482163174095 0 0 0 0 0 0
9.327178955078125 0.4824066162109375 3.044654130935669 0.30902177964289596 -0.9311088284537029 -0.193757294783733 0.9389184561262314 0.33112306198560304 -0.09375313630387463 0 0 0 0 0 0
9.653839111328125 0.56329345703125 3.316115140914917 0.31879730647578836 -0.664030718418577 -0.6763368113449769 0.9357652123134126 0.3339610776879135 0.1131965812803623 0 0 0 0 0 0
9.98321533203125 0.478271484375 3.5711162090301514 0.32833399634050425 -0.15697622806334088 -0.9314264601513528 0.9283916007494118 0.23531174423150492 0.2876063606471036 0 0 0 0 0 0
10.31494140625 0.2798004150390625 3.7285993099212646 0.3339374080399008 0.4185470917310705 -0.8445733476229615 0.9179916847305178 0.05897111322935243 0.39219086497535444 0 0 0 0 0 0
10.6475830078125 0.0384521484375 3.7596991062164307 0.3329093204541565 0.8380907265243288 -0.43217510162973805 0.9076430630140656 -0.1605489659030429 0.387824831218823 0 0 0 0 0 0
10.979202270507812 -0.18682861328125 3.6640822887420654 0.3255001273521553 0.9346923263224963 0.14282829624262364 0.9020044263607014 -0.3522582339613451 0.24960398921518978 0 0 0 0 0 0
11.30816650390625 -0.3354644775390625 3.4539902210235596 0.314973105736244 0.6868984758377795 0.6549522322693466 0.9041493629946424 -0.42701768948199154 0.013031587234244248 0 0 0 0 0 0
11.74810791015625 -0.419036865234375 3.2831695079803467 0.2806866334926751 0.25764576279009616 0.9245721576463668 0.9180132211804165 -0.35320635134570105 -0.18026924060142094 0 0 0 0 0 0
12.068649291992188 -0.46826171875 3.153473138809204 0.3104411266990221 -0.05970021667288886 0.9487160750103539 0.9441845824988672 0.13505332814689475 -0.3004597689007418 0 0 0 0 0 0
12.346939086914062 -0.0673828125 2.874404191970825 0.29968121998371733 -0.5654499393862833 0.7684123453180064 0.9371197278408055 0.023452603846755602 -0.3482191710178828 0 0 0 0 0 0
12.565872192382812 -1.3508758544921875 2.06842041015625 0.30208494460203433 0.8890887490642271 -0.34389806997451133 -0.09167769711077839 -0.33198447557209165 -0.9388192093430917 0 0 0 0 0 0
12.982192993164062 -0.511566162109375 0.3008092939853668 0.3090672239447267 0.9310926687290655 0.19376246623659243 0.9389131550520384 -0.3311584368765214 0.09368125189025835 0 0 0 0 0 0
13.308853149414062 -0.5924530029296875 0.029347317293286324 0.31879736370619793 0.6640308376251989 0.6763366673312595 0.9357715633749998 -0.33393285860808447 -0.11322732497300221 0 0 0 0 0 0
13.638229370117188 -0.5074310302734375 -0.22565369307994843 0.3283336773438274 0.15697607555127802 0.9314265983030541 0.9283918035335985 -0.235311122373514 -0.2876062148475747 0 0 0 0 0 0
13.969955444335938 -0.3089752197265625 -0.38314464688301086 0.3339375446253739 -0.41854726292318967 0.8445732087800814 0.9179997498854358 -0.05893659967912225 -0.39217717479289965 0 0 0 0 0 0
14.302597045898438 -0.067626953125 -0.4142356216907501 0.33290921861835726 -0.8380904701553007 0.43217567723529027 0.9076454035009882 0.1605533227735896 -0.3878175499508605 0 0 0 0 0 0
14.634231567382812 0.15765380859375 -0.318616658449173 0.32547748188395825 -0.9346986944585965 -0.14283822794991755 0.901997868727075 0.3522415649302398 -0.24965120618036346 0 0 0 0 0 0
14.963180541992188 0.3062896728515625 -0.10852871835231781 0.3150154825296983 -0.6868695541813693 -0.6549621831108023 0.9041481942917441 0.4270223581163524 -0.012959491800537825 0 0 0 0 0 0
15.40191650390625 0.400665283203125 0.07948936522006989 0.27725213563351125 -0.2598952669332845 -0.924978758411421 0.9173660468028522 0.3577841055421579 0.17444216805206642 0 0 0 0 0 0
15.719284057617188 0.4351806640625 0.1980912834405899 0.3144063873611212 0.059356507975479804 -0.9474309624175712 0.9411133725540052 -0.15018953426614054 0.302900517987253 0 0 0 0 0 0
16.0037841796875 0.0436859130859375 0.47598138451576233 0.2996809368929992 0.5654494052399347 -0.7684128487842576 0.9379543223564725 -0.02734631827080011 0.3456788510306099 0 0 0 0 0 0
16.328445434570312 -0.2779693603515625 0.4777313768863678 0.30209519039820354 0.8890807560829058 -0.34390973394383817 0.9371584002807665 -0.21092347939689216 0.2779306003704943 0 0 0 0 0 0
16.652786254882812 -0.511566162109375 0.3008092939853668 0.30903272020755557 0.931103645824715 0.1937647505947413 0.9389122776640066 -0.3311371552653761 0.09376523478636169 0 0 0 0 0 0
16.97943115234375 -0.5924530029296875 0.02934839017689228 0.31883253314221494 0.6640246356073864 0.6763261780506477 0.9357653978472916 -0.3339330473544145 -0.11327771217805513 0 0 0 0 0 0
17.308853149414062 -0.5074462890625 -0.2256626933813095 0.3283289312372455 0.15701195317445132 0.9314222240600403 0.9283922033487175 -0.23532807365354447 -0.28759105429728793 0 0 0 0 0 0
17.64056396484375 -0.308990478515625 -0.38313063979148865 0.3339405646987958 -0.4185129009950295 0.8445890426410788 0.9180017449556084 -0.05893816156989644 -0.39217227001563865 0 0 0 0 0 0
17.853668212890625 -0.79730224609375 -1.5660266876220703 0.3328990203739704 0.8381029422065432 -0.43215934618932705 -0.31647464033086276 -0.3324150461527918 -0.8884503582748382 0 0 0 0 0 0
18.321319580078125 -0.1847686767578125 -3.3903236389160156 0.3255000719321505 0.934692167180767 0.14282946398795296 0.9020046653099826 -0.35225845573042647 0.24960281273543697 0 0 0 0 0 0
18.650283813476562 -0.3334197998046875 -3.600414752960205 0.31501731950761797 0.68687355958515 0.6549570990172264 0.9041364082842599 -0.42704636944148444 0.012990518145388987 0 0 0 0 0 0
19.090240478515625 -0.4169921875 -3.7712457180023193 0.28068477729965663 0.25764405896736625 0.9245731959510086 0.9180094066348111 -0.3532194279552888 -0.18026304403548965 0 0 0 0 0 0
19.40966796875 -0.468170166015625 -3.9053566455841064 0.31047700132936257 -0.05969977971255098 0.9487043627747264 0.9447480143116328 0.12977109336722978 -0.30101603409204086 0 0 0 0 0 0
19.688186645507812 -0.0673980712890625 -4.184421539306641 0.2996440281443323 -0.5654517414619271 0.7684255230502905 0.9371331839392132 0.02343776331654292 -0.3481839554182108 0 0 0 0 0 0
20.01544189453125 0.2508697509765625 -4.1866655349731445 0.3020841396238825 -0.8890863798729423 0.3439049021344782 0.9371666637892732 0.21092647224461553 -0.2779004634550382 0 0 0 0 0 0
20.367034912109375 0.0965118408203125 -3.986450672149658 0.32549985024778916 -0.9346915306013803 -0.1428341349633055 0.9136737697797888 0.27203197747681135 0.30199146618148853 0 0 0 0 0 0
20.699325561523438 0.306304931640625 -3.685199737548828 0.3150175654633644 -0.6868740958747082 -0.654956418295017 0.9041364166237267 0.42704635175237277 -0.012990519227333824 0 0 0 0 0 0
21.138031005859375 0.400665283203125 -3.4971537590026855 0.27725216429428956 -0.2598952937998067 -0.9249787422718667 0.9173541955589477 0.35782130814305585 0.17442818387287146 0 0 0 0 0 0
21.455337524414062 0.4351806640625 -3.3785736560821533 0.3144087413794183 0.05931880524690554 -0.9474325425529194 0.9411102294255786 -0.15019645611413018 0.30290685142678925 0 0 0 0 0 0
21.739974975585938 0.0437164306640625 -3.1006786823272705 0.2996434791772002 0.5654507055179679 -0.7684264994232143 0.9379679885109597 -0.027331859459432978 0.34564291109061396 0 0 0 0 0 0
22.064468383789062 -0.277984619140625 -3.098951578140259 0.30212004323924635 0.8890797787597366 -0.34389042800527847 0.9371456179182299 -0.21093968688690978 0.277961398961639 0 0 0 0 0 0
22.388961791992188 -0.5115814208984375 -3.275843620300293 0.30903297004583924 0.9311043985778106 0.19376073486055165 0.9389101826914291 -0.33113902840045845 0.09377959643945907 0 0 0 0 0 0
22.715606689453125 -0.5924530029296875 -3.5473146438598633 0.3187978205457321 0.6640317891874546 0.6763355177452972 0.9357650103839388 -0.33396177134176697 -0.11319620410339046 0 0 0 0 0 0
23.044952392578125 -0.5074310302734375 -3.8023297786712646 0.32833235579226544 0.15697544371850497 0.9314271706415267 0.928399457476184 -0.23527098682766953 -0.28761434267967556 0 0 0 0 0 0
23.750900268554688 0.31475830078125 -3.844278573989868 -0.9710105072430607 0 0.23903680642021186 -0.15025112489059095 0.7777538299773534 -0.6103470974983581 0 0 0 0 0 0
20.484359741210938 0.632843017578125 -3.7809226512908936 0 1 0 0 0 1 0 0 0 0 0 0
20.980941772460938 0.632843017578125 -3.464134693145752 0 1 0 0 0 1 0 0 0 0 0 0
23.345504760742188 0.83148193359375 -2.4682395458221436 -0.9879231403937624 0 0.15494472780487448 -0.0684474384074606 -0.8971362707675801 -0.43641890409180994 0 0 0 0 0 0
23.32720947265625 -0.3648529052734375 -3.3271186351776123 -0.32836638994155476 -0.15697347753363128 -0.9314155041160466 -0.9438907255762167 0.09138109251268138 0.31736381977533623 0 0 0 0 0 0
22.771621704101562 -0.201171875 -3.1632397174835205 -0.31883209032194676 -0.6640237133565599 -0.6763272922787482 -0.9038533021682829 -0.0017794871629243788 0.427838803271662 0 0 0 0 0 0
22.444778442382812 0.0746307373046875 -3.1613967418670654 -0.30902199376688644 -0.931109473627445 -0.19375385283797777 -0.9124792788937911 0.2328365167429556 0.3364055916010825 0 0 0 0 0 0
22.120086669921875 0.3094635009765625 -3.329413652420044 -0.3021302900190741 -0.8890717852505733 0.3439020914800445 -0.9238670019864024 0.3619984289660449 0.12420507262898878 0 0 0 0 0 0
21.796142578125 0.398223876953125 -3.6108317375183105 -0.29960875679634147 -0.5654571685755245 0.7684352824782981 -0.9335980705403135 0.33968948123697323 -0.11404253162903637 0 0 0 0 0 0
21.428802490234375 0.2766265869140625 -3.733978748321533 -0.31444311694866794 -0.05931809375896866 0.9474211787565276 -0.9407926014747839 0.1526074356657904 -0.3026883737275354 0 0 0 0 0 0
20.965728759765625 0.45477294921875 -3.932870626449585 -0.27725216429428956 0.2598952937998067 0.9249787422718667 -0.9523176623365249 0.05328699997936998 -0.3004189834798978 0 0 0 0 0 0
20.9112548828125 0.2007598876953125 -4.824739456176758 -0.31883260443532074 -0.6640247840877755 -0.6763259986620161 0.7520500896255232 0.25705716865731093 -0.6069120815539345 0 0 0 0 0 0
20.391921997070312 0.07464599609375 -6.683218479156494 -0.3090673310282914 -0.9310929913278866 -0.1937607452275535 -0.9124745508082331 0.23288537958535196 0.3363845925465375 0 0 0 0 0 0
20.048721313476562 0.31475830078125 -6.819504261016846 -0.30212016709138734 -0.8890801432321925 0.3438893769032368 -0.9099785995200584 0.37645878486771767 0.17383248175020394 0 0 0 0 0 0
19.7305908203125 0.398223876953125 -7.092982292175293 -0.2996440281443323 -0.5654517414619271 0.7684255230502905 -0.9335913114046746 0.33969450220110853 -0.11408290162877614 0 0 0 0 0 0
19.363601684570312 0.2799530029296875 -7.235785484313965 -0.310402447182618 -0.059661967235297354 0.9487311370713288 -0.9412991379332463 0.15859884144138758 -0.2979972154560796 0 0 0 0 0 0
18.900466918945312 0.450653076171875 -7.4159345626831055 -0.28068232783162317 0.2576799571218557 0.9245639353450359 -0.9539894003588956 0.03094317002320683 -0.2982394075768487 0 0 0 0 0 0
18.72393798828125 -0.01092529296875 -7.54919958114624 -0.3150167046188136 0.6868722188624797 0.6549588008157741 -0.9479206610969093 -0.19351475876525226 -0.25297916595171394 0 0 0 0 0 0
18.35906982421875 -0.334808349609375 -7.461731433868408 -0.32551145624637134 0.934686710529543 0.14283922784665584 -0.9296933188430423 -0.2888438747181893 -0.2285597272845606 0 0 0 0 0 0
18.028335571289062 -0.4874114990234375 -7.260188579559326 -0.33287540054123393 0.838101369458046 -0.4321805898314509 -0.9187918373967189 -0.3913912841095304 -0.0513266232695517 0 0 0 0 0 0
17.696304321289062 -0.514404296875 -7.017878532409668 -0.3339064922834837 0.4185180083219581 -0.8445999829038368 -0.90797289993143 -0.38346058987222864 0.1689472965304624 0 0 0 0 0 0
17.364791870117188 -0.4150390625 -6.79239559173584 -0.32833107982077103 -0.15697483367752676 -0.9314277232376322 -0.9020286967807764 -0.24047007050280006 0.35849459602112943 0 0 0 0 0 0
17.035491943359375 -0.201171875 -6.6454033851623535 -0.3187985916519126 -0.6640333953434058 -0.6763335773340441 -0.903854287946086 -0.001826312245998485 0.42783652338837797 0 0 0 0 0 0
16.708633422851562 0.0746307373046875 -6.643545627593994 -0.3090562824165224 -0.9310978520741662 -0.19375501067521572 -0.912489118290675 0.23288898648024378 0.33634257681315244 0 0 0 0 0 0
16.383895874023438 0.3094635009765625 -6.8115644454956055 -0.3020850065229459 -0.8890889313082839 0.34389754442148235 -0.9238796892197904 0.36195759534707517 0.12422970263872882 0 0 0 0 0 0
16.060134887695312 0.398193359375 -7.093001365661621 -0.29968121998371733 -0.5654499393862833 0.7684123453180064 -0.9335820502599252 0.3397085331966197 -0.11411690455789433 0 0 0 0 0 0
15.692642211914062 0.276641845703125 -7.216135501861572 -0.3144064317483239 -0.05935651635530114 0.9474309471626147 -0.9408008560021005 0.15264670081995765 -0.3026429151235782 0 0 0 0 0 0
15.22967529296875 0.4547576904296875 -7.415023326873779 -0.2772523171518657 0.2598954370880106 0.9249786561941595 -0.9523120738369532 0.05332887562282514 -0.30042926796363717 0 0 0 0 0 0
15.191146850585938 0.492950439453125 -8.403728485107422 -0.3149811129996098 -0.6868777910465028 -0.6549700745992931 0.5358766123218213 0.44086579208925847 -0.7200511160549642 0 0 0 0 0 0
14.704971313476562 0.3076934814453125 -10.364874839782715 -0.3254660222659646 -0.9347039315029221 -0.14283006960493883 -0.9297000021582253 0.2887920831528347 0.22859798488884792 0 0 0 0 0 0
14.374252319335938 0.460296630859375 -10.566397666931152 -0.33290897742801406 -0.838089862964761 0.4321770405094911 -0.9188001513476586 0.3913848919415007 0.051226440862700846 0 0 0 0 0 0
14.042236328125 0.4872894287109375 -10.808714866638184 -0.3339420672002366 -0.41851478401345626 0.8445875154868219 -0.907969665472855 0.38344731724947684 -0.16899479718408825 0 0 0 0 0 0
13.710708618164062 0.387908935546875 -11.034205436706543 -0.3283332672060842 0.15697587946474226 0.9314267759260783 -0.9020158446407189 0.24051071452156966 -0.35849966836444136 0 0 0 0 0 0
13.381332397460938 0.174072265625 -11.181187629699707 -0.31878948811002855 0.6640525797558187 0.6763190324027472 -0.9038564506396534 0.0018235996376719278 -0.4278319659883416 0 0 0 0 0 0
13.054550170898438 -0.1017303466796875 -11.183030128479004 -0.3090328272816903 0.9311039684349458 0.19376302956699548 -0.9124921347496182 -0.2328601186114039 -0.33635438034960635 0 0 0 0 0 0
12.729827880859375 -0.3365631103515625 -11.0150146484375 -0.302084387310714 0.8890871088585443 -0.3439027999372288 -0.923879351120896 -0.3619583901465682 -0.12422990129166568 0 0 0 0 0 0
12.406036376953125 -0.4253082275390625 -10.73359203338623 -0.29968121998371733 0.5654499393862833 -0.7684123453180064 -0.9335903495596145 -0.3396767879121593 0.11414350162332977 0 0 0 0 0 0
12.0389404296875 -0.3070831298828125 -10.590794563293457 -0.3104755968127604 0.059699509646390224 -0.9487048394162121 -0.941279069295548 -0.15858901374204182 0.2980658290150576 0 0 0 0 0 0
11.573776245117188 -0.479705810546875 -10.414532661437988 -0.2806866334926751 -0.25764576279009616 -0.9245721576463668 -0.9539052657498618 -0.03170925686455227 0.298427992996273 0 0 0 0 0 0
11.398269653320312 -0.01824951171875 -10.28180980682373 -0.31497335165090573 -0.6868990121324766 -0.6549515515526494 -0.9479326345276803 0.193454050206823 0.2529807321832781 0 0 0 0 0 0
11.033462524414062 0.305633544921875 -10.369291305541992 -0.3254776273663275 -0.9346991122514952 -0.14283516247847772 -0.9296981071884153 0.28880441231090925 0.22859011553439548 0 0 0 0 0 0
10.702743530273438 0.458251953125 -10.570816040039062 -0.33289867738155837 -0.8381020786925885 0.4321612850415588 -0.9187981974962239 0.39138475596233013 0.05126251142889201 0 0 0 0 0 0
10.3707275390625 0.4852447509765625 -10.813133239746094 -0.3339374080399008 -0.4185470917310705 0.8445733476229615 -0.9079810590019386 0.38341975450955074 -0.16899611932099018 0 0 0 0 0 0
10.039215087890625 0.3858642578125 -11.03862476348877 -0.3283680306187475 0.15697426184899463 0.9314147935181879 -0.902013960149853 0.24047204715943354 -0.3585303477109443 0 0 0 0 0 0
9.709823608398438 0.172027587890625 -11.185623168945312 -0.3187975635106759 0.6640312538028401 0.6763361645459193 -0.9038678238650385 0.0017938984240289612 -0.4278080631660933 0 0 0 0 0 0
9.383041381835938 -0.103790283203125 -11.187445640563965 -0.3090326845159825 0.9311035382873842 0.19376532427025903 -0.9124898340432384 -0.23285670274131187 -0.33636298660255115 0 0 0 0 0 0
9.05828857421875 -0.338623046875 -11.019449234008789 -0.302095128470922 0.8890805738279213 -0.34391025950958715 -0.9238787642044531 -0.36196607820461746 -0.12421186449458538 0 0 0 0 0 0
8.734542846679688 -0.4273529052734375 -10.738005638122559 -0.29968012193682164 0.5654478675495809 -0.7684142981488328 -0.9335906596403523 -0.33967591791410284 0.11414355444572206 0 0 0 0 0 0
8.367034912109375 -0.3058013916015625 -10.61487102508545 -0.31440678832169594 0.059318436767803594 -0.9474332137500038 -0.9407945974621109 -0.1526823865301528 0.3026443692348523 0 0 0 0 0 0
7.9040679931640625 -0.4839324951171875 -10.415994644165039 -0.2772523171518657 -0.2598954370880106 -0.9249786561941595 -0.9523176626609129 -0.05328657516715596 0.3004190578026146 0 0 0 0 0 0
7.729736328125 -0.0168914794921875 -10.282501220703125 -0.31501596675330806 -0.686870609997586 -0.6549608429608771 -0.9478228277285299 0.19208138414654177 0.25443393857943264 0 0 0 0 0 0
7.362884521484375 0.305633544921875 -10.369291305541992 -0.32551173338037975 -0.9346875063033008 -0.14283338892646044 -0.9296999666231401 0.2888536722362203 0.2285203012788634 0 0 0 0 0 0
7.0321502685546875 0.458251953125 -10.570816040039062 -0.3328647582827771 -0.8381127210899492 0.4321667727169104 -0.9187935718423069 0.39138456534923977 0.0513468046488044 0 0 0 0 0 0
6.70013427734375 0.4852447509765625 -10.813133239746094 -0.3339374080399008 -0.4185470917310705 0.8445733476229615 -0.9079706668544449 0.3834535564624003 -0.1689752590417645 0 0 0 0 0 0
6.368621826171875 0.3858642578125 -11.03862476348877 -0.3283680306187475 0.15697426184899463 0.9314147935181879 -0.902013960149853 0.24047204715943354 -0.3585303477109443 0 0 0 0 0 0
6.0392303466796875 0.172027587890625 -11.185623168945312 -0.3187975635106759 0.6640312538028401 0.6763361645459193 -0.9038561060452567 0.001824606958241389 -0.42783268969791666 0 0 0 0 0 0
5.7124481201171875 -0.103790283203125 -11.187445640563965 -0.3090326845159825 0.9311035382873842 0.19376532427025903 -0.9124786895465087 -0.23284503143680668 -0.33640129675534675 0 0 0 0 0 0
5.3876953125 -0.338623046875 -11.019449234008789 -0.3020604611859781 0.8890908194494072 -0.34391422267608496 -0.9238710916143331 -0.361956589542212 -0.12429655412082523 0 0 0 0 0 0
5.0639495849609375 -0.4273529052734375 -10.738005638122559 -0.29968012193682164 0.5654478675495809 -0.7684142981488328 -0.9335906596403523 -0.33967591791410284 0.11414355444572206 0 0 0 0 0 0
4.69683837890625 -0.3091278076171875 -10.595229148864746 -0.3104411266990221 0.05970021667288886 -0.9487160750103539 -0.9412855684108374 -0.15862139957576984 0.2980280696479963 0 0 0 0 0 0
4.2336883544921875 -0.479827880859375 -10.415054321289062 -0.2806866334926751 -0.25764576279009616 -0.9245721576463668 -0.9539889416102896 -0.030945682164539474 0.2982406143379053 0 0 0 0 0 0
4.1634063720703125 -0.5217437744140625 -9.427632331848145 -0.31498160486746785 0.6868788636603641 0.6549687131854172 0.5150200589117733 -0.45595669744731326 0.7258497289187706 0 0 0 0 0 0
3.6757965087890625 -0.33685302734375 -7.466146469116211 -0.3254997948256132 0.9346913714534162 0.14283530270565242 -0.9297022780821399 -0.28883967305496333 -0.22852859208068826 0 0 0 0 0 0
3.3450775146484375 -0.489471435546875 -7.2646026611328125 -0.33286492976596826 0.8381131528636361 -0.43216580328488774 -0.9188024021278898 -0.39136873499656694 -0.051309444658917736 0 0 0 0 0 0
3.0130462646484375 -0.5164642333984375 -7.022298336029053 -0.3339377442504567 0.41854751312725735 -0.8445730058555654 -0.9079704696405586 -0.3834540634097967 0.16897516833907636 0 0 0 0 0 0
2.681549072265625 -0.4170684814453125 -6.796809673309326 -0.3283680306187475 -0.15697426184899463 -0.9314147935181879 -0.9020141024304841 -0.24047156086771793 0.3585303159153655 0 0 0 0 0 0
2.3521575927734375 -0.2032470703125 -6.649813652038574 -0.31883183326551273 -0.6640231779914788 -0.6763279390847675 -0.9038669635357354 -0.001744445644712538 0.42781008536274867 0 0 0 0 0 0
2.0253753662109375 0.07257080078125 -6.647976398468018 -0.30903275589903123 -0.9311037533617522 -0.1937641769190248 -0.9124810051659852 0.23284795958422452 0.3363929888222063 0 0 0 0 0 0
1.70062255859375 0.307403564453125 -6.81598424911499 -0.3020850065229459 -0.8890889313082839 0.34389754442148235 -0.9238796892197904 0.36195759534707517 0.12422970263872882 0 0 0 0 0 0
1.3768768310546875 0.396148681640625 -7.097430229187012 -0.2996806709596125 -0.5654489034666925 0.7684133217361029 -0.9335875576548032 0.3396876259510182 -0.11413408328760044 0 0 0 0 0 0
1.009368896484375 0.2745819091796875 -7.220565319061279 -0.31440678832169594 -0.059318436767803594 0.9474332137500038 -0.940800856327597 0.15263364704499757 -0.3026494978072875 0 0 0 0 0 0
0.5464019775390625 0.45269775390625 -7.419443607330322 -0.2772140476329822 0.2599334691855154 0.9249794394429107 -0.9523173433545041 0.053370695317210566 -0.30040513715244166 0 0 0 0 0 0
0.3720703125 -0.014312744140625 -7.552935600280762 -0.31501572079839646 0.6868700737098483 0.6549615236727226 -0.9478229082863499 -0.1920809612158372 -0.25443395776901656 0 0 0 0 0 0
0.005218505859375 -0.33685302734375 -7.4661455154418945 -0.3254997948256132 0.9346913714534162 0.14283530270565242 -0.9297022780821399 -0.28883967305496333 -0.22852859208068826 0 0 0 0 0 0
-0.3255157470703125 -0.489471435546875 -7.264603614807129 -0.33286492976596826 0.8381131528636361 -0.43216580328488774 -0.9187936099070928 -0.3913844823680466 -0.051346756035698486 0 0 0 0 0 0
-0.6575469970703125 -0.5164642333984375 -7.022299289703369 -0.3339377442504567 0.41854751312725735 -0.8445730058555654 -0.9079704091993612 -0.38345425998671195 0.16897504702289 0 0 0 0 0 0
-1.0012054443359375 -0.41717529296875 -6.804988384246826 -0.32836766602250705 -0.15697408755606607 -0.9314149514297437 -0.9045298719248651 -0.23173571384197714 0.3579445064891155 0 0 0 0 0 0
-1.1428985595703125 -0.200164794921875 -6.002487659454346 -0.3187975635106759 0.6640312538028401 0.6763361645459193 0.8401739343080431 -0.13231210129274656 0.5259289571423523 0 0 0 0 0 0
-1.64227294921875 -0.1017303466796875 -4.134738445281982 -0.3090672596393457 0.9310927762622995 0.19376189256711157 -0.9124909920501876 -0.23290209709875093 -0.3363284147886836 0 0 0 0 0 0
-1.9670257568359375 -0.3365631103515625 -3.966726779937744 -0.302084387310714 0.8890871088585443 -0.3439027999372288 -0.9238793095151033 -0.3619584397690868 -0.12423006612661934 0 0 0 0 0 0
-2.2907867431640625 -0.4253082275390625 -3.6852986812591553 -0.29968121998371733 0.5654499393862833 -0.7684123453180064 -0.9335904294358846 -0.3396764823470673 0.11414375763064404 0 0 0 0 0 0
-2.6582794189453125 -0.3037567138671875 -3.56215763092041 -0.31440625419958396 0.05935648283602919 -0.947431008182402 -0.9408008362455518 -0.15264728572326655 0.30264268152557444 0 0 0 0 0 0
-3.121246337890625 -0.4818572998046875 -3.3632795810699463 -0.2772495682482188 -0.2599310068854379 -0.9249694852078629 -0.9523118518134026 -0.053325759053401006 0.30043052494230116 0 0 0 0 0 0
-3.29559326171875 -0.0148468017578125 -3.2297797203063965 -0.3149813589334746 -0.6868783273532933 -0.6549693938931523 -0.9478325101868027 0.19203054410486736 0.2544362449883534 0 0 0 0 0 0
-3.662445068359375 0.30767822265625 -3.3165807723999023 -0.32551173338037975 -0.9346875063033008 -0.14283338892646044 -0.9297024952614631 0.28885671217444864 0.22850617089342978 0 0 0 0 0 0
-3.9931640625 0.460296630859375 -3.5181076526641846 -0.3329093204541565 -0.8380907265243288 0.43217510162973805 -0.9188001812687304 0.39138480882471455 0.051226539233000495 0 0 0 0 0 0
-4.3251953125 0.4872894287109375 -3.760410785675049 -0.3339430758785935 -0.4185160481453106 0.8445864902528194 -0.9079797072324155 0.383414250322328 -0.1690158687931529 0 0 0 0 0 0
-4.6566925048828125 0.387908935546875 -3.9859156608581543 -0.3283680306187475 0.15697426184899463 0.9314147935181879 -0.9020136755878179 0.24047301974293783 -0.3585304113018418 0 0 0 0 0 0
-4.986083984375 0.174072265625 -4.132898330688477 -0.3187898736333777 0.6640533828179775 0.6763180621843657 -0.9038566010958065 0.0018220583309483895 -0.42783165469489837 0 0 0 0 0 0
-5.3128662109375 -0.1017303466796875 -4.134738445281982 -0.30903275589903123 0.9311037533617522 0.1937641769190248 -0.9124811335626175 -0.2328480940456289 -0.3363925474673878 0 0 0 0 0 0
-5.6376190185546875 -0.3365631103515625 -3.966726779937744 -0.302084387310714 0.8890871088585443 -0.3439027999372288 -0.9238694074822121 -0.361970248449169 -0.12426929289294752 0 0 0 0 0 0
-5.96136474609375 -0.4253082275390625 -3.6852986812591553 -0.29968121998371733 0.5654499393862833 -0.7684123453180064 -0.9335904294358846 -0.3396764823470673 0.11414375763064404 0 0 0 0 0 0
-6.3284912109375 -0.3070831298828125 -3.5425026416778564 -0.3104413022476073 0.05970025043223218 -0.9487160154425235 -0.9412798529489024 -0.15866344336350022 0.29802374095452555 0 0 0 0 0 0
-6.7916259765625 -0.4777679443359375 -3.3623406887054443 -0.2806866334926751 -0.25764576279009616 -0.9245721576463668 -0.9539890523471991 -0.03094466801550271 0.29824036534832676 0 0 0 0 0 0
-6.861907958984375 -0.519683837890625 -2.374922513961792 -0.31501596675330806 0.686870609997586 0.6549608429608771 0.5150244296659638 -0.4559357061847899 0.7258598133751626 0 0 0 0 0 0
-7.34954833984375 -0.3347930908203125 -0.4134296476840973 -0.32547748188395825 0.9346986944585965 0.14283822794991755 -0.9297007068929573 -0.28880658820936134 -0.22857679280627757 0 0 0 0 0 0
-7.68023681640625 -0.4874114990234375 -0.21189163625240326 -0.33287527727573957 0.8381010591047443 -0.432181286621836 -0.9188005945673868 -0.3913756087164986 -0.05128937828056419 0 0 0 0 0 0
-8.01226806640625 -0.514404296875 0.030408279970288277 -0.3339428749305637 0.418515796306056 -0.8445866944993968 -0.90797982228188 -0.3834139564806066 0.16901591731210805 0 0 0 0 0 0
-8.343780517578125 -0.4150238037109375 0.2559143602848053 -0.3283676546288866 -0.1569740821094178 -0.9314149563644712 -0.9020133665725791 -0.24047463974571476 0.35853010217214776 0 0 0 0 0 0
-8.673187255859375 -0.2011871337890625 0.40289631485939026 -0.3187630917137064 -0.664038910658268 -0.6763448946306168 -0.9038462837719522 -0.0019026356050510524 0.4278531001282873 0 0 0 0 0 0
-8.99993896484375 0.0746307373046875 0.4047333300113678 -0.3090672417920484 -0.9310927224957193 -0.19376217940187687 -0.9124877266492214 0.2328985508952996 0.33633972959703334 0 0 0 0 0 0
-9.324676513671875 0.3094635009765625 0.2367253452539444 -0.30211911046891066 -0.8890770338003662 0.34389834407600245 -0.9238871387719353 0.36196769638758897 0.12414484114802746 0 0 0 0 0 0
-9.648468017578125 0.398193359375 -0.04470466077327728 -0.2996871951232403 -0.5654230659517143 0.7684297896157646 -0.9335976057647407 0.33964163658728835 -0.11418874378261763 0 0 0 0 0 0
-10.01593017578125 0.276641845703125 -0.16784869134426117 -0.31440696439567845 -0.05935661691333119 0.9474307641026328 -0.9408060632399358 0.15260484365945076 -0.30264783670571466 0 0 0 0 0 0
-10.47894287109375 0.4547576904296875 -0.36672666668891907 -0.2771787253485331 0.2599361181564691 0.9249892803118901 -0.9523228077457134 0.053415267824874546 -0.3003798911553802 0 0 0 0 0 0
-10.65325927734375 -0.01226806640625 -0.500223696231842 -0.3149458815378911 0.6868841500691941 0.6549803478624694 -0.9478424724219611 -0.19197817738796444 -0.254438650522713 0 0 0 0 0 0
-11.020111083984375 -0.3347930908203125 -0.41342464089393616 -0.3253976143573426 0.9347265820161741 0.14283770315610203 -0.9297130164617478 -0.28871242097859995 -0.22864567565181262 0 0 0 0 0 0
-11.350830078125 -0.487396240234375 -0.21190164983272552 -0.3328647850770394 0.8381127885546222 -0.4321666212432556 -0.9188025338113947 -0.39136851159916786 -0.05130879057640208 0 0 0 0 0 0
-11.68292236328125 -0.514404296875 0.030412333086133003 -0.33394060541329035 0.41851295202070005 -0.8445890012586741 -0.9079805189877884 -0.38341259830792024 0.1690152555168798 0 0 0 0 0 0
-12.01434326171875 -0.415008544921875 0.2559182941913605 -0.32829812670451675 -0.15697731714955687 -0.931438920113838 -0.901993788960475 -0.24063172659767076 0.3584739555830384 0 0 0 0 0 0
-12.1546630859375 -0.200164794921875 1.056333303451538 -0.31876419205412543 0.664041202858564 0.6763421255328045 0.8403305945477557 -0.13208503276519706 0.525735709255546 0 0 0 0 0 0
-12.65411376953125 -0.1017303466796875 2.9240753650665283 -0.308998036806967 0.9311140842449939 0.19376990315848006 -0.9124925787091288 -0.23281489440814052 -0.33638448053156494 0 0 0 0 0 0
-12.978729248046875 -0.3365631103515625 3.0921132564544678 -0.3020494733467508 0.8890966248159536 -0.3439088649509193 -0.9238713249323289 -0.3619494778958658 -0.12431552766526563 0 0 0 0 0 0
-13.302490234375 -0.42529296875 3.373525381088257 -0.2997582230287367 0.5654131307879785 -0.7684093956083505 -0.9335900925289282 -0.3396285005932075 0.11428919772505548 0 0 0 0 0 0
-13.66961669921875 -0.3070831298828125 3.5163280963897705 -0.3105118215027157 0.05969914012920763 -0.9486930069178853 -0.9412778476797172 -0.15851339295781636 0.29810990879278104 0 0 0 0 0 0
-14.134857177734375 -0.479736328125 3.6925785541534424 -0.28068508666359965 -0.2576443429363892 -0.9245730229016655 -0.9539056423251492 -0.03171083084469083 0.2984266220486774 0 0 0 0 0 0
-14.31036376953125 -0.0182647705078125 3.8253161907196045 -0.31494502852993655 -0.6868822896935608 -0.6549827090157485 -0.9479431212978672 0.19344085696657634 0.25295152428893164 0 0 0 0 0 0
-14.675018310546875 0.3056488037109375 3.7377984523773193 -0.3255458381239292 -0.9346758994272922 -0.14283161523266016 -0.9297015690757524 0.28890262936177 0.22845188378724257 0 0 0 0 0 0
-15.005828857421875 0.458251953125 3.536302328109741 -0.33287557204087354 -0.8381018012534943 0.43217962038267105 -0.9188006824763605 0.39137542582609214 0.05128919906197986 0 0 0 0 0 0
-15.33782958984375 0.4852447509765625 3.293987512588501 -0.33401422280297655 -0.41850959780395797 0.8445615522336384 -0.9079734092486751 0.38338711345454873 -0.16911123361364033 0 0 0 0 0 0
-15.669464111328125 0.3858795166015625 3.0684831142425537 -0.3282981380962526 0.15697732259656977 0.9314389151806716 -0.9020176039398914 0.24055034799426445 -0.35846864892536406 0 0 0 0 0 0
-15.99884033203125 0.172027587890625 2.921508550643921 -0.3187529048368969 0.6640558362135832 0.6763330777425564 -0.9038707235999096 0.0018447776252666671 -0.42780172020982915 0 0 0 0 0 0
-16.325469970703125 -0.103790283203125 2.919691324234009 -0.3090672596393457 0.9310927762622995 0.19376189256711157 -0.9124650899164455 -0.2328749682328918 -0.3364174621720803 0 0 0 0 0 0
-16.650360107421875 -0.338623046875 3.087660551071167 -0.3020494733467508 0.8890966248159536 -0.3439088649509193 -0.9238917548254751 -0.3619251155181232 -0.12423460114918755 0 0 0 0 0 0
-16.974090576171875 -0.4273529052734375 3.3691132068634033 -0.29967792585879854 0.565443723905928 -0.7684182037460885 -0.9335966316032012 -0.3396537031723978 0.11416081368155041 0 0 0 0 0 0
-17.341522216796875 -0.3057861328125 3.492234468460083 -0.3144085638277708 0.059318771748626986 -0.9474326035713532 -0.9407941510804747 -0.15268155315324922 0.30264617727551174 0 0 0 0 0 0
-17.8045654296875 -0.4839324951171875 3.6911275386810303 -0.2772520114368678 -0.25989515051174744 -0.9249788283494316 -0.9523231680883861 -0.053245737175776915 0.30040884639888277 0 0 0 0 0 0
-17.873565673828125 -0.5225067138671875 4.6796793937683105 -0.3150171965297928 0.6868732914404758 0.6549574393777331 0.5148444579275924 -0.45605951960817015 0.7259097042442737 0 0 0 0 0 0
-18.362213134765625 -0.33685302734375 6.640960693359375 -0.3254773502544746 0.9346983164480939 0.14284100146815445 -0.9296987594523788 -0.2888033896736589 -0.22858875472278298 0 0 0 0 0 0
-18.69293212890625 -0.489471435546875 6.842507362365723 -0.3328757435403051 0.8381022330484188 -0.4321786509323927 -0.9188006744094426 -0.3913754254941361 -0.05128934610655049 0 0 0 0 0 0
-19.024932861328125 -0.5164642333984375 7.084812164306641 -0.33401455908669825 0.41851001915716834 -0.844561210441958 -0.9079731514533352 -0.38338781757858953 0.1691110214392456 0 0 0 0 0 0
-19.3565673828125 -0.417083740234375 7.310323715209961 -0.3282965364546631 -0.15701470416539545 -0.931433178938632 -0.9020170268009272 -0.2405400395124042 0.3584770184441209 0 0 0 0 0 0
-19.685791015625 -0.203216552734375 7.457300186157227 -0.3188242712671897 -0.6640455748048862 -0.6763095139305624 -0.9038650247154596 -0.00174789791192294 0.4278141675412485 0 0 0 0 0 0
-20.01263427734375 0.07257080078125 7.459146499633789 -0.3090673310282914 -0.9310929913278866 -0.1937607452275535 -0.9124892883599347 0.23290081562898307 0.3363339244080715 0 0 0 0 0 0
-20.323883056640625 0.3085479736328125 7.279685974121094 -0.3020599658106683 -0.8890893613517853 0.3439184272258939 -0.9271958417427895 0.35783743015218406 0.11072598898615081 0 0 0 0 0 0
-20.64874267578125 0.398193359375 6.99699592590332 -0.2997517576097263 -0.5654390815791515 0.7683928219555447 -0.933588351039466 0.3396427064140747 -0.1142612041908088 0 0 0 0 0 0
-21.01641845703125 0.27667236328125 6.873871803283691 -0.3143330618757873 -0.0593570684804278 0.9474552573252218 -0.9408103651052503 0.15275527961865668 -0.30255855872731785 0 0 0 0 0 0
-21.479217529296875 0.4547119140625 6.67498779296875 -0.2771791372476256 0.2599365044323315 0.9249890483341748 -0.9523227528096845 0.053414546269654514 -0.3003801936343204 0 0 0 0 0 0
-21.653594970703125 -0.0122528076171875 6.541475772857666 -0.3150167046188136 0.6868722188624797 0.6549588008157741 -0.9478225860540863 -0.19208265293805843 -0.2544338810104144 0 0 0 0 0 0
-22.0205078125 -0.334808349609375 6.628271579742432 -0.3254660776811044 0.9347040906493321 0.1428289018451181 -0.9296999607972286 -0.2887923947399088 -0.2285977594685054 0 0 0 0 0 0
-22.351226806640625 -0.4874114990234375 6.829799652099609 -0.33294323907480483 0.8380800827765196 -0.4321696130082253 -0.9187922914544868 -0.39140741109375393 -0.05119534846739998 0 0 0 0 0 0
-22.683258056640625 -0.514404296875 7.072111129760742 -0.3339407223033348 0.4185130985138093 -0.8445888824510406 -0.9079806043618545 -0.3834122738059285 0.16901553300702707 0 0 0 0 0 0
-23.0146484375 -0.415008544921875 7.297609329223633 -0.3283731350446363 -0.15697670198753233 -0.9314125827011758 -0.9019882153450622 -0.2405523716174361 0.3585412331766832 0 0 0 0 0 0
-23.735015869140625 -0.2857208251953125 7.318739891052246 0.9579120446844526 0.02327066297321848 -0.2861170929763515 0.16347700932196668 0.7750751994163809 0.6103553904675563 0 0 0 0 0 0
-19.399169921875 0.0994415283203125 6.491759777069092 0 1 0 0 0 1 0 0 0 0 0 0
-19.833282470703125 0.0994415283203125 6.030747413635254 0 1 0 0 0 1 0 0 0 0 0 0
-23.2520751953125 0.0612030029296875 5.988760471343994 0.9727465608041662 0.023040742067675153 -0.23072332489073819 0.17116516175323157 -0.742606486879668 0.647485979034471 0 0 0 0 0 0
-23.30645751953125 -0.4735107421875 6.829122543334961 0.3283731350446363 0.15697670198753233 0.9314125827011758 0.9359024080176279 0.07904061036104812 -0.34327724157094763 0 0 0 0 0 0
-22.738922119140625 -0.308990478515625 6.648007392883301 0.33393471837492694 -0.4185437205859833 0.8445760817249685 0.9180007267486902 -0.058939665897952825 -0.39217442735690256 0 0 0 0 0 0
-22.406402587890625 -0.0676116943359375 6.616945743560791 0.33287557204087354 -0.8381018012534943 0.43217962038267105 0.9076477019196729 0.16050660367655337 -0.3878315090037873 0 0 0 0 0 0
-22.07476806640625 0.15765380859375 6.71255350112915 0.32547768278739536 -0.9346992714084342 -0.14283399467875268 0.9020101865015658 0.3522385488480133 -0.2496109535914965 0 0 0 0 0 0
-21.745819091796875 0.306304931640625 6.9226484298706055 0.3150167046188136 -0.6868722188624797 -0.6549588008157741 0.9041307814947871 0.42705783563816135 -0.013005190259085538 0 0 0 0 0 0
-21.306976318359375 0.4006805419921875 7.110638618469238 0.2772523171518657 -0.2598954370880106 -0.9249786561941595 0.917370547616216 0.35776989549797583 0.1744476432678062 0 0 0 0 0 0
-20.9896240234375 0.4351806640625 7.229266166687012 0.3143341284260265 0.059319122536707666 -0.9474572799910955 0.9411331788396069 -0.1502037172680532 0.3028319385502716 0 0 0 0 0 0
-20.705230712890625 0.0436859130859375 7.507129669189453 0.2996823180358691 0.5654520112329031 -0.7684103924657143 0.937946661373058 -0.0273142300373607 0.3457021742144531 0 0 0 0 0 0
-20.458282470703125 1.3201141357421875 8.30875015258789 0.30211930012058336 -0.8890775919078835 0.3438967345903828 -0.07075479544180002 0.3388454342827807 0.9381777713139995 0 0 0 0 0 0
-20.05267333984375 0.4815673828125 10.09195327758789 0.30905635379786167 -0.9310980671256487 -0.193753863373229 0.9418272323045946 0.327936372680096 -0.07361521556640549 0 0 0 0 0 0
-19.72528076171875 0.56329345703125 10.364401817321777 0.31876072237804426 -0.6640339749203705 -0.6763508571891368 0.9357802728007408 0.3339219449032286 0.11318752470575748 0 0 0 0 0 0
-19.396026611328125 0.4782562255859375 10.619406700134277 0.3283665722382728 -0.15697356467942528 -0.931415425161255 0.9284014137669999 0.23520135448272877 0.28766497486646814 0 0 0 0 0 0
-19.064300537109375 0.2798004150390625 10.776888847351074 0.3339461019428785 0.41851984057748687 -0.8445834144950701 0.9179808279911105 0.05901265214093286 0.3922100283369214 0 0 0 0 0 0
-18.731536865234375 0.0384674072265625 10.80800724029541 0.3329435821263509 0.8380809463010919 -0.4321676741357923 0.9076411533570443 -0.16059900177791303 0.38780858340247226 0 0 0 0 0 0
-18.39996337890625 -0.18682861328125 10.712372779846191 0.3255343420155352 0.934681038482149 0.14282418727388 0.9020035023366487 -0.3522881463871742 0.24956510911485308 0 0 0 0 0 0
-18.070953369140625 -0.3354644775390625 10.502273559570312 0.3149447826180205 0.6868817533696798 0.6549833897050231 0.9041377923612923 -0.4270404445075357 0.01308858964347214 0 0 0 0 0 0
-17.632354736328125 -0.4298095703125 10.31425666809082 0.2772523171518657 0.2598954370880106 0.9249786561941595 0.9173663617056613 -0.35778304121457627 -0.17444269497507353 0 0 0 0 0 0
-17.314971923828125 -0.4643402099609375 10.195653915405273 0.3144082072461239 -0.059356851549984074 0.9474303369590565 0.9411136881181629 0.15018251993025844 -0.30290301540926734 0 0 0 0 0 0
-17.03033447265625 -0.0728759765625 9.91775894165039 0.29960848233880105 -0.5654566505867135 0.768435770652236 0.9379725756054329 0.027281828446601996 -0.3456344156022669 0 0 0 0 0 0
-16.705810546875 0.2488250732421875 9.916034698486328 0.3020497210108662 -0.8890973538267565 0.34390676273594484 0.9371637316905256 0.21086378926730892 -0.2779579147635853 0 0 0 0 0 0
-16.381439208984375 0.482391357421875 10.092949867248535 0.3090671882500103 -0.9310925611955382 -0.1937630399058746 0.9389133489025391 0.3311582755535334 -0.09367987929662029 0 0 0 0 0 0
-16.0546875 0.56329345703125 10.364401817321777 0.31876072237804426 -0.6640339749203705 -0.6763508571891368 0.9357802728007408 0.3339219449032286 0.11318752470575748 0 0 0 0 0 0
-15.725433349609375 0.4782562255859375 10.619406700134277 0.3283665722382728 -0.15697356467942528 -0.931415425161255 0.9284014137669999 0.23520135448272877 0.28766497486646814 0 0 0 0 0 0
-15.39373779296875 0.2798004150390625 10.776888847351074 0.334013886519796 0.41850917645142555 -0.8445618940242867 0.9179902624210956 0.05884426855387744 0.3922132457712351 0 0 0 0 0 0
-15.060943603515625 0.0384674072265625 10.80800724029541 0.3329435821263509 0.8380809463010919 -0.4321676741357923 0.9076411533570443 -0.16059900177791303 0.38780858340247226 0 0 0 0 0 0
-14.7293701171875 -0.18682861328125 10.712372779846191 0.3255343420155352 0.934681038482149 0.14282418727388 0.9020035023366487 -0.3522881463871742 0.24956510911485308 0 0 0 0 0 0
-14.400390625 -0.3354644775390625 10.502273559570312 0.3149447826180205 0.6868817533696798 0.6549833897050231 0.9041615153212608 -0.42699211301796225 0.013026497319589115 0 0 0 0 0 0
-13.96051025390625 -0.419036865234375 10.33147144317627 0.28068477729965663 0.25764405896736625 0.9245731959510086 0.9180094066348111 -0.3532194279552888 -0.18026304403548965 0 0 0 0 0 0
-13.63995361328125 -0.46826171875 10.201778411865234 0.3104425310929542 -0.05970048674864504 0.9487155984648797 0.9441935699720553 0.1349687202898971 -0.3004695441583606 0 0 0 0 0 0
-13.36163330078125 -0.0673675537109375 9.922691345214844 0.2996823180358691 -0.5654520112329031 0.7684103924657143 0.9371035944248394 0.023381494580220537 -0.3482673671581094 0 0 0 0 0 0
-13.0341796875 0.2508544921875 9.92042064666748 0.3020494733467508 -0.8890966248159536 0.3439088649509193 0.9371645052459283 0.21086453410498343 -0.2779547415746722 0 0 0 0 0 0
-12.7098388671875 0.4844512939453125 10.097368240356445 0.308998036806967 -0.9311140842449939 -0.19376990315848006 0.9389241110691809 0.3311032054547867 -0.09376663047435248 0 0 0 0 0 0
-12.383331298828125 0.5653228759765625 10.368842124938965 0.31883286149226076 -0.6640253194539104 -0.6763253518513034 0.9357654836873328 0.33393253638476145 0.1132785093610096 0 0 0 0 0 0
-12.053802490234375 0.4803466796875 10.623814582824707 0.3283646057516046 -0.15701077105873656 -0.9314098472000036 0.928402505557429 0.23521017346827977 0.28765424031588677 0 0 0 0 0 0
-11.722137451171875 0.2818450927734375 10.781328201293945 0.33393539078792467 0.4185445633681871 -0.8445753982056602 0.9180001421015821 0.058940428644383945 0.39217568126120667 0 0 0 0 0 0
-11.389556884765625 0.040496826171875 10.812399864196777 0.3328647582827771 0.8381127210899492 -0.4321667727169104 0.9076460619897835 -0.16049327137873495 0.38784086426856856 0 0 0 0 0 0
-11.05792236328125 -0.1847686767578125 10.716791152954102 0.3254660222659646 0.9347039315029221 0.14283006960493883 0.9020063740112888 -0.35222762487788883 0.24964014403915183 0 0 0 0 0 0
-10.728973388671875 -0.3334197998046875 10.506698608398438 0.315016950574239 0.6868727551513378 0.6549581200975508 0.9041363944438269 -0.4270463986876068 0.01299052000739256 0 0 0 0 0 0
-10.2901611328125 -0.42779541015625 10.318696975708008 0.2772529285837134 0.2598960102422729 0.924978311881907 0.917365804132409 -0.35778453817776484 -0.17444255687595928 0 0 0 0 0 0
-9.972808837890625 -0.4622802734375 10.20008659362793 0.31440607665103304 -0.059356449316792945 0.9474310692020859 0.9411142160153132 0.1501836081500062 -0.3029008356821223 0 0 0 0 0 0
-9.688323974609375 -0.07080078125 9.922196388244629 0.29968121998371733 -0.5654499393862833 0.7684123453180064 0.9379618628617875 0.02738279559302597 -0.3456555023753508 0 0 0 0 0 0
-9.472137451171875 -1.3508758544921875 9.116724967956543 0.3021190524121463 0.8890768629507442 -0.34389883677507604 -0.09168062800281088 -0.3319850247636073 -0.9388187289257267 0 0 0 0 0 0
-9.0557861328125 -0.511566162109375 7.349102020263672 0.30899832231479146 0.9311149445752382 0.193765313705253 0.9389114609803066 -0.3311156989086811 0.09384914691163486 0 0 0 0 0 0
-8.729156494140625 -0.5924530029296875 7.077640533447266 0.31883183326551273 0.6640231779914788 0.6763279390847675 0.9357655254989952 -0.3339327568965915 -0.11327751391618562 0 0 0 0 0 0
-8.3997802734375 -0.5074310302734375 6.822643756866455 0.32836766602250705 0.15697408755606607 0.9314149514297437 0.9283863731149296 -0.23528258727097584 -0.2876470864472342 0 0 0 0 0 0
-8.06805419921875 -0.3089752197265625 6.665144443511963 0.3339430758785935 -0.4185160481453106 0.8445864902528194 0.9179996653165112 -0.05894057097998202 -0.39217677592040995 0 0 0 0 0 0
-7.73541259765625 -0.067626953125 6.634058475494385 0.33294306754871983 -0.8380796510134481 0.4321705824421944 0.9076432540911893 0.16060118256458933 -0.387802763607497 0 0 0 0 0 0
-7.403778076171875 0.1576690673828125 6.72968053817749 0.3254656897660073 -0.9347029765982744 -0.14283707615133662 0.9019814106371925 0.35223338280221766 -0.24972220346746665 0 0 0 0 0 0
-7.0748291015625 0.3062896728515625 6.939764022827148 0.31501522888895855 -0.6868690011352128 -0.6549628850916301 0.904136338730082 0.4270465170863166 -0.012990505463951193 0 0 0 0 0 0
-6.6348876953125 0.3898773193359375 7.110576629638672 0.2806866334926751 -0.25764576279009616 -0.9245721576463668 0.9180130081050591 0.35320703545824184 0.1802689852767281 0 0 0 0 0 0
-6.315338134765625 0.4410858154296875 7.244710922241211 0.31044182889448807 0.05970035171047847 -0.9487158367384254 0.9447629322493514 -0.12973588838199862 0.3009843868265279 0 0 0 0 0 0
-6.036956787109375 0.0402679443359375 7.523775100708008 0.29968121998371733 0.5654499393862833 -0.7684123453180064 0.9371198167441162 -0.023453013600011285 0.34821890416597406 0 0 0 0 0 0
-5.7095794677734375 -0.277984619140625 7.526035308837891 0.302084387310714 0.8890871088585443 -0.3439027999372288 0.9371580050957682 -0.21090737623251996 0.27794415290780033 0 0 0 0 0 0
-5.3852081298828125 -0.511566162109375 7.349102020263672 0.3090328272816903 0.9311039684349458 0.19376302956699548 0.9389123453522146 -0.33113698312063694 0.09376516493328878 0 0 0 0 0 0
-5.058563232421875 -0.5924530029296875 7.077640533447266 0.3187975635106759 0.6640312538028401 0.6763361645459193 0.9357650932406092 -0.33396150489700377 -0.11319630523706532 0 0 0 0 0 0
-4.72918701171875 -0.5074310302734375 6.822643756866455 0.32836766602250705 0.15697408755606607 0.9314149514297437 0.9283936740556971 -0.23524233474271117 -0.2876564442493205 0 0 0 0 0 0
-4.3974609375 -0.3089752197265625 6.665144443511963 0.3339430758785935 -0.4185160481453106 0.8445864902528194 0.9179907929572998 -0.05897815756349604 -0.39219189305242363 0 0 0 0 0 0
-4.1843414306640625 -0.79730224609375 5.482265472412109 0.33289867738155837 0.8381020786925885 -0.4321612850415588 -0.3164637810437259 -0.3324224525111379 -0.8884514552602123 0 0 0 0 0 0
-3.716705322265625 -0.1847686767578125 3.657966375350952 0.3254660222659646 0.9347039315029221 0.14283006960493883 0.9019940784535988 -0.3522296870818845 0.2496816572614835 0 0 0 0 0 0
-3.3877410888671875 -0.333404541015625 3.447880506515503 0.3149811129996098 0.6868777910465028 0.6549700745992931 0.9041489770530502 -0.4270192113761008 0.013008474532244818 0 0 0 0 0 0
-2.949005126953125 -0.4277801513671875 3.2598631381988525 0.27725262286748087 0.2598957236648524 0.924978484038318 0.917365802118577 -0.3577846715147867 -0.17444229398972116 0 0 0 0 0 0
-2.6316375732421875 -0.4622802734375 3.1412622928619385 0.314372055139308 -0.05935722822433724 0.9474423098030886 0.9411298368345113 0.15014618637266386 -0.3028708519114895 0 0 0 0 0 0
-2.347137451171875 -0.07080078125 2.863372325897217 0.299681082727568 -0.5654496804061533 0.7684125894230338 0.9379544974983914 0.027347579660520736 -0.3456782760157942 0 0 0 0 0 0
-2.0224761962890625 0.2508697509765625 2.861607313156128 0.302084387310714 -0.8890871088585443 0.3439027999372288 0.9371579705617009 0.2109072958728271 -0.27794433032585103 0 0 0 0 0 0
-1.6981353759765625 0.4844512939453125 3.038548231124878 0.30903275589903123 -0.9311037533617522 -0.1937641769190248 0.938912297707043 0.3311371004281611 -0.09376522774734447 0 0 0 0 0 0
-1.3714752197265625 0.565338134765625 3.310002088546753 0.3187978205457321 -0.6640317891874546 -0.6763355177452972 0.9357673741176916 0.3339512781552267 0.11320762057110323 0 0 0 0 0 0
-1.0421142578125 0.4803314208984375 3.5650064945220947 0.3283680306187475 -0.15697426184899463 -0.9314147935181879 0.9283933387962874 0.2352436162996959 0.2876564782321505 0 0 0 0 0 0
-0.699432373046875 0.2834320068359375 3.7265512943267822 0.3339427396519336 0.4185156267673479 -0.8445868319985192 0.9180143880561249 0.05887904230492665 0.39215155450309447 0 0 0 0 0 0
-0.3641815185546875 0.0384521484375 3.7596991062164307 0.3329093204541565 0.8380907265243288 -0.43217510162973805 0.9076430630140656 -0.1605489659030429 0.387824831218823 0 0 0 0 0 0
-0.032562255859375 -0.18682861328125 3.6640822887420654 0.3255001273521553 0.9346923263224963 0.14282829624262364 0.9020044263607014 -0.3522582339613451 0.24960398921518978 0 0 0 0 0 0
0.2964019775390625 -0.3354644775390625 3.4539902210235596 0.314973105736244 0.6868984758377795 0.6549522322693466 0.9041493629946424 -0.42701768948199154 0.013031587234244248 0 0 0 0 0 0
0.735137939453125 -0.4298248291015625 3.2659623622894287 0.2772520114368678 0.25989515051174744 0.9249788283494316 0.9173543349537217 -0.35782093394465386 -0.17442821839539327 0 0 0 0 0 0
1.0525054931640625 -0.46435546875 3.1473615169525146 0.31440678832169594 -0.059318436767803594 0.9474332137500038 0.9411111538633865 0.15019395691219864 -0.30290521847763235 0 0 0 0 0 0
1.3369903564453125 -0.072845458984375 2.869471311569214 0.29968039644805283 -0.5654483855078268 0.7684138099431387 0.9379620107766691 0.027381044819334094 -0.3456552396888982 0 0 0 0 0 0
1.553192138671875 -1.352935791015625 2.064002275466919 0.30208494460203433 0.8890887490642271 -0.34389806997451133 -0.09165065640541634 -0.3319934560342576 -0.9388186738294492 0 0 0 0 0 0
1.969512939453125 -0.51361083984375 0.2963893711566925 0.3090672417920484 0.9310927224957193 0.19376217940187687 0.9389131594033278 -0.3311584152034065 0.09368128489314095 0 0 0 0 0 0
2.296173095703125 -0.594512939453125 0.024927394464612007 0.318797620741123 0.6640313730095403 0.6763360205318536 0.9357651245418296 -0.33396134338254835 -0.11319652299137896 0 0 0 0 0 0
2.62554931640625 -0.509490966796875 -0.2300756424665451 0.3283339507695154 0.1569762062758866 0.9314264798873348 0.9283988545112825 -0.23527183119966188 -0.28761559830109446 0 0 0 0 0 0
2.9572601318359375 -0.3110198974609375 -0.3875676691532135 0.33393779678340496 -0.4185475789704728 0.8445729524543165 0.917999397395214 -0.05893745019963973 -0.3921778720759107 0 0 0 0 0 0
3.2899169921875 -0.069671630859375 -0.41865864396095276 0.33289870417787054 -0.8381021461546916 0.43216113356894403 0.907644053135404 0.16054180420512118 -0.38782547867629946 0 0 0 0 0 0
3.6215362548828125 0.155609130859375 -0.32303765416145325 0.3254658767991566 -0.9347035137376623 -0.14283313497163014 0.9019937658644399 0.35223042714704095 -0.24968174249131458 0 0 0 0 0 0
3.95050048828125 0.3042449951171875 -0.1129516214132309 0.3149810592015941 -0.68687767372943 -0.654970223503549 0.9041489809752878 0.42701920353702916 -0.013008459245818338 0 0 0 0 0 0
4.39044189453125 0.3878326416015625 0.05786336958408356 0.2806866818313351 -0.2576458071607553 -0.9245721306069082 0.9180086989170531 0.3532208487797886 0.180263864099007 0 0 0 0 0 0
4.709991455078125 0.43902587890625 0.19200028479099274 0.3104416972326096 0.05970032639088647 -0.9487158814145351 0.9447635143668589 -0.12973079232213297 0.300984756166577 0 0 0 0 0 0
4.9883575439453125 0.0382232666015625 0.4710623323917389 0.29968746965296444 0.5654235839099082 -0.7684293014269294 0.937119957928774 -0.02345477475194889 0.34821840559181844 0 0 0 0 0 0
5.3157501220703125 -0.280029296875 0.4733124077320099 0.30208494460203433 0.8890887490642271 -0.34389806997451133 0.9371668391970183 -0.21093030902106963 0.2778969597634102 0 0 0 0 0 0
5.640106201171875 -0.51361083984375 0.2963893711566925 0.30903273805330556 0.9311036995932702 0.1937644637569079 0.9389122971344586 -0.33113711830528486 0.0937651703468092 0 0 0 0 0 0
5.966766357421875 -0.594512939453125 0.024928348138928413 0.318797620741123 0.6640313730095403 0.6763360205318536 0.9357651124698347 -0.33396139697037563 -0.11319646468822712 0 0 0 0 0 0
6.2961273193359375 -0.509490966796875 -0.2300766557455063 0.32836830406641854 0.15697439256892567 0.9314146750841759 0.9283933325399302 -0.23524322550878649 -0.28765681800997717 0 0 0 0 0 0
6.6278533935546875 -0.3110198974609375 -0.3875686228275299 0.33393779678340496 -0.4185475789704728 0.8445729524543165 0.9179904953426435 -0.05897516031111671 -0.3921930403855303 0 0 0 0 0 0
6.8409881591796875 -0.799346923828125 -1.5704526901245117 0.3328757435403051 0.8381022330484188 -0.4321786509323927 -0.31652689619532676 -0.332414359536181 -0.8884319994006877 0 0 0 0 0 0
7.308624267578125 -0.18682861328125 -3.3947396278381348 0.3254660222659646 0.9347039315029221 0.14283006960493883 0.9019941787480092 -0.3522296702643891 0.24968131866470208 0 0 0 0 0 0
7.6375885009765625 -0.3354644775390625 -3.604834794998169 0.31497298277896124 0.686898207690536 0.6549525726270974 0.9041493548054259 -0.42701770651796905 0.013031597180147996 0 0 0 0 0 0
8.076309204101562 -0.4298248291015625 -3.792858600616455 0.27725216429428956 0.2598952937998067 0.9249787422718667 0.9173661500980752 -0.35778376924927835 -0.17444231457996354 0 0 0 0 0 0
8.3936767578125 -0.46435546875 -3.911461591720581 0.31440678832169594 -0.059318436767803594 0.9474332137500038 0.9411059499181916 0.15023525651535152 -0.302900905789905 0 0 0 0 0 0
8.678176879882812 -0.072845458984375 -4.189351558685303 0.29968039644805283 -0.5654483855078268 0.7684138099431387 0.937954577460385 0.027345916139616868 -0.34567819065077837 0 0 0 0 0 0
9.002838134765625 0.2488250732421875 -4.191099643707275 0.3020848826810535 -0.8890885668199663 0.3438985955272171 0.9371575632833958 0.2109084581253857 -0.27794482163174095 0 0 0 0 0 0
9.327178955078125 0.4824066162109375 -4.014169692993164 0.30902177964289596 -0.9311088284537029 -0.193757294783733 0.9389184561262314 0.33112306198560304 -0.09375313630387463 0 0 0 0 0 0
9.653839111328125 0.56329345703125 -3.7427077293395996 0.31879730647578836 -0.664030718418577 -0.6763368113449769 0.9357652002413835 0.3339611312759114 0.11319652297715248 0 0 0 0 0 0
9.98321533203125 0.478271484375 -3.4877066612243652 0.32833399634050425 -0.15697622806334088 -0.9314264601513528 0.9283916007494118 0.23531174423150492 0.2876063606471036 0 0 0 0 0 0
10.31494140625 0.2798004150390625 -3.3302197456359863 0.33393723993482555 0.41854688103323123 -0.8445735185062723 0.9179916532214281 0.05897167519427819 0.392190854228614 0 0 0 0 0 0
10.6475830078125 0.0384521484375 -3.29913067817688 0.3329096634794669 0.8380915900818022 -0.4321731627439917 0.9076429232905281 -0.16055008367001405 0.3878246954929201 0 0 0 0 0 0
10.979202270507812 -0.18682861328125 -3.3947396278381348 0.3255001273521553 0.9346923263224963 0.14282829624262364 0.9020044263607014 -0.3522582339613451 0.24960398921518978 0 0 0 0 0 0
11.30816650390625 -0.3354644775390625 -3.604834794998169 0.31497298277896124 0.686898207690536 0.6549525726270974 0.9041493548054259 -0.42701770651796905 0.013031597180147996 0 0 0 0 0 0
11.74810791015625 -0.4190521240234375 -3.7756526470184326 0.28068371993603936 0.2576812351410636 0.9245631565334208 0.9180087283970756 -0.3532295151212379 -0.18024673154872878 0 0 0 0 0 0
12.068649291992188 -0.46826171875 -3.905350685119629 0.3104413022476073 -0.05970025043223218 0.9487160154425235 0.9441845071204741 0.13505351639609764 -0.30045992115874004 0 0 0 0 0 0
12.346939086914062 -0.0673828125 -4.184418678283691 0.29968121998371733 -0.5654499393862833 0.7684123453180064 0.9371197278408055 0.023452603846755602 -0.3482191710178828 0 0 0 0 0 0
12.565872192382812 -1.3508758544921875 -4.990403652191162 0.3020850065229459 0.8890889313082839 -0.34389754442148235 -0.09167663135437985 -0.33198427586959417 -0.9388193840344661 0 0 0 0 0 0
12.982192993164062 -0.511566162109375 -6.75801420211792 0.3090672596393457 0.9310927762622995 0.19376189256711157 0.9389131448828235 -0.331158412599002 0.09368143963003175 0 0 0 0 0 0
13.308853149414062 -0.5924530029296875 -7.029471397399902 0.3187978205457321 0.6640317891874546 0.6763355177452972 0.9357714568782758 -0.33393315119099615 -0.11322734222598692 0 0 0 0 0 0
13.638229370117188 -0.5074310302734375 -7.2844743728637695 0.32833363177292035 0.1569760537638628 0.9314266180389785 0.9283917946269273 -0.23531124229032296 -0.2876061454857635 0 0 0 0 0 0
13.969955444335938 -0.3089752197265625 -7.4419684410095215 0.3339374080399008 -0.4185470917310705 0.8445733476229615 0.9179995725441947 -0.05893769917438775 -0.3921774246749874 0 0 0 0 0 0
14.302597045898438 -0.067626953125 -7.473056316375732 0.3329093204541565 -0.8380907265243288 0.43217510162973805 0.907645549165363 0.16055403628350207 -0.3878169136504787 0 0 0 0 0 0
14.634231567382812 0.15765380859375 -7.377436637878418 0.32547729483080123 -0.9346981572836723 -0.1428421692643001 0.9019972090326283 0.35224255961113143 -0.24965218624307625 0 0 0 0 0 0
14.963180541992188 0.3062896728515625 -7.167351245880127 0.31501522888895855 -0.6868690011352128 -0.6549628850916301 0.9041481819777808 0.42702238392612374 -0.01295950046583191 0 0 0 0 0 0
15.40191650390625 0.400665283203125 -6.979334354400635 0.2772520114368678 -0.25989515051174744 -0.9249788283494316 0.9173660788908574 0.3577840563726387 0.1744421001534713 0 0 0 0 0 0
15.719284057617188 0.4351806640625 -6.860732555389404 0.3144064317483239 0.05935651635530114 -0.9474309471626147 0.941113324667462 -0.1501898044373084 0.3029005328097647 0 0 0 0 0 0
16.0037841796875 0.0436859130859375 -6.5828423500061035 0.29968121998371733 0.5654499393862833 -0.7684123453180064 0.9379542543414912 -0.027346838944613452 0.34567899438993227 0 0 0 0 0 0
16.328445434570312 -0.2779693603515625 -6.581090450286865 0.3020850065229459 0.8890889313082839 -0.34389754442148235 0.9371594062135731 -0.21091327408616156 0.2779349531089588 0 0 0 0 0 0
16.652786254882812 -0.511566162109375 -6.75801420211792 0.30903275589903123 0.9311037533617522 0.1937641769190248 0.938912267470374 -0.3311371309609233 0.09376542269199972 0 0 0 0 0 0
16.97943115234375 -0.5924530029296875 -7.0294694900512695 0.31883286149226076 0.6640253194539104 0.6763253518513034 0.9357652904916158 -0.33393339444437237 -0.11327757583035193 0 0 0 0 0 0
17.308853149414062 -0.5074462890625 -7.284483432769775 0.3283291135148649 0.1570120403424171 0.9314221451125446 0.9283921793283588 -0.23532792277079884 -0.28759125530224616 0 0 0 0 0 0
17.64056396484375 -0.308990478515625 -7.44195556640625 0.3339400498581299 -0.4185122557680539 0.8445895659269566 0.9180018224562063 -0.058939145667843626 -0.3921719407033457 0 0 0 0 0 0
17.853668212890625 -0.79730224609375 -8.624847412109375 0.33289867738155837 0.8381020786925885 -0.4321612850415588 -0.3164772278168531 -0.33241590480489863 -0.8884491153161785 0 0 0 0 0 0
18.321319580078125 -0.1847686767578125 -10.44914722442627 0.32550023819086216 0.9346926446022144 0.14282596075017562 0.9020048506186188 -0.3522576390553218 0.24960329562658792 0 0 0 0 0 0
18.650283813476562 -0.3334197998046875 -10.65924072265625 0.315016950574239 0.6868727551513378 0.6549581200975508 0.9041363944438269 -0.4270463986876068 0.01299052000739256 0 0 0 0 0 0
19.090240478515625 -0.4169921875 -10.83006763458252 0.28068477729965663 0.25764405896736625 0.9245731959510086 0.9180094066348111 -0.3532194279552888 -0.18026304403548965 0 0 0 0 0 0
19.40966796875 -0.468170166015625 -10.964179992675781 0.31047700132936257 -0.05969977971255098 0.9487043627747264 0.94474799205358 0.1297713028876725 -0.3010160136231376 0 0 0 0 0 0
19.688186645507812 -0.0673980712890625 -11.243244171142578 0.29964430262839103 -0.5654522594348365 0.7684250348618161 0.937133135121837 0.02343834626411067 -0.34818404756840926 0 0 0 0 0 0
20.01544189453125 0.2508697509765625 -11.245488166809082 0.3020841396238825 -0.8890863798729423 0.3439049021344782 0.9371666637892732 0.21092647224461553 -0.2779004634550382 0 0 0 0 0 0
20.321990966796875 0.4867706298828125 -11.06393051147461 0.3090673310282914 -0.9310929913278866 -0.1937607452275535 0.9391239092567859 0.3309441301506562 -0.09231611875007423 0 0 0 0 0 0
20.647369384765625 0.5653533935546875 -10.795499801635742 0.31882478534183406 -0.6640466455169476 -0.6763082202882225 0.9357610305423297 0.33396188793220005 0.11322875574304328 0 0 0 0 0 0
20.976699829101562 0.4803314208984375 -10.540478706359863 0.3284052016859557 -0.15701194216975184 -0.9313953368584627 0.9283802635503614 0.2352640474980977 0.28768196711816035 0 0 0 0 0 0
21.308563232421875 0.2818756103515625 -10.382976531982422 0.33393539078792467 0.4185445633681871 -0.8445753982056602 0.9180003789808708 0.058939425104594274 0.39217527759831766 0 0 0 0 0 0
21.95684814453125 0.9996490478515625 -9.7538480758667 -0.8924472598160984 0 0.4511517355022998 0.43797788120104386 -0.23989231417894463 0.8663873574657671 0 0 0 0 0 0
19.140228271484375 0.632843017578125 -7.689993381500244 0 1 0 0 0 1 0 0 0 0 0 0
19.487640380859375 0.632843017578125 -8.419416427612305 0 1 0 0 0 1 0 0 0 0 0 0
21.284713745117188 0.9895782470703125 -10.69363784790039 -0.8691596974581436 0 0.4945315159971794 -0.017103287502988517 0.9994017658883693 -0.030059738784619608 0 0 0 0 0 0
21.596771240234375 0.44329833984375 -10.80447006225586 -0.33390149737070235 -0.41854989479622373 0.8445861564219916 -0.9409872897197455 0.09548868460892901 -0.3246919027286396 0 0 0 0 0 0
21.032852172851562 0.3878936767578125 -11.032578468322754 -0.3284071684450812 0.15697473552694963 0.9314009148160249 -0.9020098482819272 0.24043442232215986 -0.358565924433742 0 0 0 0 0 0
20.703323364257812 0.1740875244140625 -11.179584503173828 -0.31883286149226076 0.6640253194539104 0.6763253518513034 -0.9038667290255361 0.0017420009239015567 -0.4278105907916021 0 0 0 0 0 0
20.376541137695312 -0.1017303466796875 -11.181413650512695 -0.3090328272816903 0.9311039684349458 0.19376302956699548 -0.9124794303669569 -0.23284681358880113 -0.33639805373803244 0 0 0 0 0 0
20.068878173828125 -0.339019775390625 -11.010753631591797 -0.3020841396238825 0.8890863798729423 -0.3439049021344782 -0.9222322918358546 -0.36388796199782725 -0.13066426829188973 0 0 0 0 0 0
19.747177124023438 -0.4253082275390625 -10.733585357666016 -0.299643753660602 0.5654512234896376 -0.7684260112374232 -0.9335916444349147 -0.3396933074998732 0.11408373363941318 0 0 0 0 0 0
19.380142211914062 -0.30706787109375 -10.590806007385254 -0.31047700132936257 0.05969977971255098 -0.9487043627747264 -0.9412787055805119 -0.15858852239433807 0.29806723903417637 0 0 0 0 0 0
18.916900634765625 -0.4777679443359375 -10.410626411437988 -0.28068477729965663 -0.25764405896736625 -0.9245731959510086 -0.9539941133335591 -0.030904343402846396 0.2982283576116722 0 0 0 0 0 0
18.740447998046875 -0.01617431640625 -10.277385711669922 -0.315016950574239 -0.6868727551513378 -0.6549581200975508 -0.9479184757078877 0.19348383569629077 0.2530110051675337 0 0 0 0 0 0
18.375595092773438 0.3076934814453125 -10.36486530303955 -0.32551173338037975 -0.9346875063033008 -0.14283338892646044 -0.929700189178861 0.28885393978635915 0.22851905765316105 0 0 0 0 0 0
18.04486083984375 0.4603118896484375 -10.56639289855957 -0.33289867738155837 -0.8381020786925885 0.4321612850415588 -0.9187982896112911 0.39138459092997224 0.05126212041990511 0 0 0 0 0 0
17.712844848632812 0.4873046875 -10.808709144592285 -0.333974662700694 -0.4185459736324402 0.844559170591398 -0.907962660377041 0.38345512792131436 -0.16901471010505237 0 0 0 0 0 0
17.3812255859375 0.3879241943359375 -11.034212112426758 -0.3283318089462176 0.1569751822718352 0.931427407469218 -0.9020164912785865 0.240510691140321 -0.35849805705006665 0 0 0 0 0 0
17.052001953125 0.1740570068359375 -11.181183815002441 -0.3188333756066467 0.6640263901872338 0.6763240582251845 -0.9038411841920302 0.0018074196081502593 -0.4278642857176895 0 0 0 0 0 0
16.72509765625 -0.1017303466796875 -11.183046340942383 -0.3090326845159825 0.9311035382873842 0.19376532427025903 -0.9124789463488512 -0.2328453003643088 -0.3364004140430651 0 0 0 0 0 0
16.400405883789062 -0.3365631103515625 -11.0150146484375 -0.302084387310714 0.8890871088585443 -0.3439027999372288 -0.923879351120896 -0.3619583901465682 -0.12422990129166568 0 0 0 0 0 0
16.076614379882812 -0.4253082275390625 -10.73359203338623 -0.29968121998371733 0.5654499393862833 -0.7684123453180064 -0.9335819863615813 -0.339708777584289 0.11411669980047803 0 0 0 0 0 0
15.709136962890625 -0.3037567138671875 -10.610445976257324 -0.31440678684637113 0.05935658339395214 -0.94743082512273 -0.9407952343842132 -0.15268961647037285 0.30263874170714467 0 0 0 0 0 0
15.24615478515625 -0.48187255859375 -10.411572456359863 -0.2772171019191531 -0.2598981856853158 -0.9249884385661408 -0.9523175932226785 -0.05337275990827798 0.3004039782332094 0 0 0 0 0 0
15.177078247070312 -0.5204620361328125 -9.423016548156738 -0.3149806211322656 0.6868767184337622 0.6549714360067913 0.5147261877068032 -0.4561684169290996 0.7259251525365547 0 0 0 0 0 0
14.688491821289062 -0.334808349609375 -7.461722373962402 -0.3254997948256132 0.9346913714534162 0.14283530270565242 -0.9297022224379029 -0.28883960616450555 -0.22852890299644318 0 0 0 0 0 0
14.357757568359375 -0.4874114990234375 -7.260184288024902 -0.3328645867993779 0.8381122893157382 -0.43216774214743464 -0.9188024029047187 -0.39136876319224934 -0.05130921568182574 0 0 0 0 0 0
14.025741577148438 -0.514404296875 -7.017879486083984 -0.3339374080399008 0.4185470917310705 -0.8445733476229615 -0.9079810590019386 -0.38341975450955074 0.16899611932099018 0 0 0 0 0 0
13.694229125976562 -0.4150238037109375 -6.792379379272461 -0.32836766602250705 -0.15697408755606607 -0.9314149514297437 -0.9020135527109919 -0.2404739864746696 0.35853007203674686 0 0 0 0 0 0
13.364837646484375 -0.2011871337890625 -6.645394325256348 -0.3187978205457321 -0.6640317891874546 -0.6763355177452972 -0.9038562641290209 -0.0018234279518994847 0.427832360750369 0 0 0 0 0 0
13.038055419921875 0.0746307373046875 -6.643554210662842 -0.3090326845159825 -0.9311035382873842 -0.19376532427025903 -0.9124781759352693 0.2328444935769276 0.33640306219288174 0 0 0 0 0 0
12.713302612304688 0.3094635009765625 -6.8115644454956055 -0.3020503401663079 -0.8890991763394972 0.34390150717588486 -0.9238819185041844 0.361936298086984 0.12427516561291513 0 0 0 0 0 0
12.389556884765625 0.398193359375 -7.093001365661621 -0.29968121998371733 -0.5654499393862833 0.7684123453180064 -0.9335904134606143 0.33967654346019993 -0.11414370642909082 0 0 0 0 0 0
12.022445678710938 0.27996826171875 -7.235790252685547 -0.31044147779638004 -0.059700284191611545 0.9487159558745919 -0.941286393418302 0.15861447404291276 -0.29802914989922735 0 0 0 0 0 0
11.559829711914062 0.449310302734375 -7.419557571411133 -0.2807214652443444 0.25764271997014565 0.9245624304488331 -0.9540537135453373 0.030248334610062887 -0.2981049310623182 0 0 0 0 0 0
11.38177490234375 -0.0129547119140625 -7.553626537322998 -0.3149813589334746 0.6868783273532933 0.6549693938931523 -0.9479311369361028 -0.1934698084735603 -0.25297429283670597 0 0 0 0 0 0
11.016983032226562 -0.33685302734375 -7.4661455154418945 -0.3254997948256132 0.9346913714534162 0.14283530270565242 -0.9297022780821399 -0.28883967305496333 -0.22852859208068826 0 0 0 0 0 0
10.686248779296875 -0.489471435546875 -7.264603614807129 -0.33286492976596826 0.8381131528636361 -0.43216580328488774 -0.9187936099070928 -0.3913844823680466 -0.051346756035698486 0 0 0 0 0 0
10.354217529296875 -0.5164642333984375 -7.022299289703369 -0.3339377442504567 0.41854751312725735 -0.8445730058555654 -0.9079704091993612 -0.38345425998671195 0.16897504702289 0 0 0 0 0 0
10.022720336914062 -0.4170684814453125 -6.796808242797852 -0.3283680306187475 -0.15697426184899463 -0.9314147935181879 -0.9020138178689643 -0.24047253345117361 0.3585303795064364 0 0 0 0 0 0
9.882415771484375 -0.2022247314453125 -5.996386528015137 -0.31879704944106946 0.6640301830346651 0.6763374581424699 0.8401738573177042 -0.13231373361121734 0.5259286694769073 0 0 0 0 0 0
9.383041381835938 -0.103790283203125 -4.128622531890869 -0.30903275589903123 0.9311037533617522 0.1937641769190248 -0.9124899476110109 -0.2328573248189624 -0.33636224786234725 0 0 0 0 0 0
9.05828857421875 -0.338623046875 -3.960625648498535 -0.30209525232541584 0.8890809383376868 -0.34390920837776606 -0.9238787319823193 -0.3619660383436745 -0.12421222031880598 0 0 0 0 0 0
8.734542846679688 -0.4273529052734375 -3.6791815757751465 -0.2996802591923962 0.5654481265286264 -0.7684140540461535 -0.9335906688062613 -0.33967584332388323 0.11414370144728486 0 0 0 0 0 0
8.367034912109375 -0.3058013916015625 -3.5560476779937744 -0.31440678832169594 0.059318436767803594 -0.9474332137500038 -0.9407946779842179 -0.15268175959854358 0.30264443520815687 0 0 0 0 0 0
7.9040679931640625 -0.4839324951171875 -3.357170581817627 -0.2772520114368678 -0.25989515051174744 -0.9249788283494316 -0.9523177160337808 -0.053287015847206784 0.3004188104468543 0 0 0 0 0 0
7.729736328125 -0.0168914794921875 -3.223670721054077 -0.3149813589334746 -0.6868783273532933 -0.6549693938931523 -0.9478324837166253 0.19203016539440435 0.25443662941913636 0 0 0 0 0 0
7.362884521484375 0.305633544921875 -3.310469627380371 -0.32551170566746757 -0.9346874267273281 -0.1428339728191511 -0.9297000707734006 0.28885361682693533 0.22851994759742975 0 0 0 0 0 0
7.0321502685546875 0.458251953125 -3.5119926929473877 -0.3328651012489515 -0.8381135846367996 0.4321648338513669 -0.9188024709000921 0.39136859701423765 0.05130926562515744 0 0 0 0 0 0
6.70013427734375 0.4852447509765625 -3.754312753677368 -0.33393723993482555 -0.41854688103323123 0.8445735185062723 -0.9079707050200724 0.3834534995661443 -0.16897518307677506 0 0 0 0 0 0
6.368621826171875 0.3858642578125 -3.9798007011413574 -0.3283680306187475 0.15697426184899463 0.9314147935181879 -0.902013960149853 0.24047204715943354 -0.3585303477109443 0 0 0 0 0 0
6.0392303466796875 0.172027587890625 -4.126799583435059 -0.31879717795840784 0.6640304507265772 0.676337134743919 -0.903855955586227 0.00182614835402272 -0.4278330009869477 0 0 0 0 0 0
5.7124481201171875 -0.103790283203125 -4.128622531890869 -0.30903275589903123 0.9311037533617522 0.1937641769190248 -0.9124788031594367 -0.23284565359243217 -0.33640055794816254 0 0 0 0 0 0
5.3876953125 -0.338623046875 -3.960625648498535 -0.3020605850291132 0.8890911839717747 -0.3439131715354006 -0.9238710593420597 -0.3619565496432811 -0.1242969101808707 0 0 0 0 0 0
5.0639495849609375 -0.4273529052734375 -3.6791815757751465 -0.2996802591923962 0.5654481265286264 -0.7684140540461535 -0.9335906688062613 -0.33967584332388323 0.11414370144728486 0 0 0 0 0 0
4.69683837890625 -0.3091278076171875 -3.536405563354492 -0.3104413022476073 0.05970025043223218 -0.9487160154425235 -0.9412856199235895 -0.15862061801004188 0.29802832292783205 0 0 0 0 0 0
4.2336883544921875 -0.479827880859375 -3.356231689453125 -0.2806866334926751 -0.25764576279009616 -0.9245721576463668 -0.9539890080525837 -0.030945073674918305 0.2982404649441477 0 0 0 0 0 0
4.1634063720703125 -0.5217437744140625 -2.3688125610351562 -0.31497285982171075 0.6868979395433626 0.6549529129844497 0.5149596635694688 -0.4559853091597347 0.7258746053740417 0 0 0 0 0 0
3.6757965087890625 -0.33685302734375 -0.4073176681995392 -0.32546586987209114 0.9347034938438642 0.14283328094137007 -0.9297073794957205 -0.2887999553682488 -0.22855803265363012 0 0 0 0 0 0
3.3450775146484375 -0.489471435546875 -0.20578567683696747 -0.3328648065124456 0.8381128425263514 -0.4321665000643054 -0.9188023944823925 -0.39136875932455933 -0.051309396002848826 0 0 0 0 0 0
3.0130462646484375 -0.5164642333984375 0.03652335703372955 -0.33393779678340496 0.4185475789704728 -0.8445729524543165 -0.9079705124886279 -0.3834539030418394 0.16897530202108926 0 0 0 0 0 0
2.681549072265625 -0.4170684814453125 0.26201334595680237 -0.32836801922510367 -0.1569742564023352 -0.931414798452932 -0.9020140941443568 -0.2404716062747772 0.358530306306962 0 0 0 0 0 0
2.3521575927734375 -0.2032470703125 0.4090103209018707 -0.3188318894965933 -0.6640232951025604 -0.6763277975960845 -0.9038666894233779 -0.001744996833660901 0.4278106622524429 0 0 0 0 0 0
2.0253753662109375 0.07257080078125 0.4108484089374542 -0.30903272020755557 -0.931103645824715 -0.1937647505947413 -0.9124810366328099 0.23284774095258556 0.3363930548016571 0 0 0 0 0 0
1.70062255859375 0.307403564453125 0.24283935129642487 -0.3020849716924417 -0.889088828796027 0.34389784004510093 -0.9238796982852278 0.3619576065600571 0.12422960254992241 0 0 0 0 0 0
1.3768768310546875 0.396148681640625 -0.03860269486904144 -0.2997156571469305 -0.565442940802972 0.76840406399047 -0.9335838834719091 0.3396809116468674 -0.11418410915824562 0 0 0 0 0 0
1.009368896484375 0.2745819091796875 -0.16173766553401947 -0.3144070546464017 -0.05931848701469967 0.9474331222238652 -0.9407998169811946 0.15264109544624235 -0.302648972159368 0 0 0 0 0 0
0.5464019775390625 0.45269775390625 -0.36061564087867737 -0.27721417061874654 0.2599335845047666 0.9249793701778778 -0.9523173320326161 0.05337044135906681 -0.3004052181627655 0 0 0 0 0 0
0.3720703125 -0.014312744140625 -0.4941146671772003 -0.31501545178535895 0.6868694871454557 0.6549622681994779 -0.9478229842729371 -0.19208032506208583 -0.25443415495563343 0 0 0 0 0 0
0.005218505859375 -0.33685302734375 -0.407316654920578 -0.32549997494609734 0.9346918886797402 0.142831507540844 -0.9297020010179592 -0.2888405139699378 -0.2285286563929891 0 0 0 0 0 0
-0.3255157470703125 -0.489471435546875 -0.20578669011592865 -0.3328648065124456 0.8381128425263514 -0.4321665000643054 -0.9187935926430594 -0.39138452393200107 -0.051346748140273804 0 0 0 0 0 0
-0.6575469970703125 -0.5164642333984375 0.036522284150123596 -0.33393783880977307 0.4185476316450571 -0.8445729097332992 -0.9079705256126586 -0.38345384354941586 0.1689753665060468 0 0 0 0 0 0
-1.0012054443359375 -0.41717529296875 0.25383439660072327 -0.3283676546288866 -0.1569740821094178 -0.9314149563644712 -0.9045298640518119 -0.23173575917278838 0.35794449703693204 0 0 0 0 0 0
-1.1428985595703125 -0.200164794921875 1.056335210800171 -0.31879769202818287 0.6640315214951034 0.6763358411458037 0.8401727616314701 -0.1323136925259586 0.5259304301737017 0 0 0 0 0 0
-1.64227294921875 -0.1017303466796875 2.9240853786468506 -0.3090672596393457 0.9310927762622995 0.19376189256711157 -0.9124909920501876 -0.23290209709875093 -0.3363284147886836 0 0 0 0 0 0
-1.9670257568359375 -0.3365631103515625 3.092097520828247 -0.3020842634674367 0.8890867443661508 -0.3439038510364999 -0.9238793417489424 -0.36195847963510475 -0.12422971025396608 0 0 0 0 0 0
-2.2907867431640625 -0.4253082275390625 3.373525381088257 -0.29968121998371733 0.5654499393862833 -0.7684123453180064 -0.9335904134606143 -0.33967654346019993 0.11414370642909082 0 0 0 0 0 0
-2.6582794189453125 -0.3037567138671875 3.4966652393341064 -0.3144064317483239 0.05935651635530114 -0.9474309471626147 -0.940800802337768 -0.1526471187915415 0.30264287112908067 0 0 0 0 0 0
-3.121246337890625 -0.4818572998046875 3.6955411434173584 -0.2772498739547407 -0.25993129349581773 -0.9249693130335034 -0.9523118524965699 -0.05332490943757773 0.3004306735804878 0 0 0 0 0 0
-3.29559326171875 -0.0148468017578125 3.8290483951568604 -0.3149811129996098 -0.6868777910465028 -0.6549700745992931 -0.9478304774110726 0.19199989810623014 0.25446694327141106 0 0 0 0 0 0
-3.662445068359375 0.30767822265625 3.7422420978546143 -0.3254776273663275 -0.9346991122514952 -0.14283516247847772 -0.9297079653043392 0.2888162605971905 0.2285350451557083 0 0 0 0 0 0
-3.9931640625 0.460296630859375 3.540715456008911 -0.3329093204541565 -0.8380907265243288 0.43217510162973805 -0.9188001659291758 0.39138483631194265 0.051226604353530415 0 0 0 0 0 0
-4.3251953125 0.4873046875 3.2984135150909424 -0.3339377442504567 -0.41854751312725735 0.8445730058555654 -0.9079765942692238 0.3834341428874107 -0.16898746204218276 0 0 0 0 0 0
-4.6566925048828125 0.387908935546875 3.0729081630706787 -0.3283680306187475 0.15697426184899463 0.9314147935181879 -0.902013604447148 0.24047326288882906 -0.35853042719951184 0 0 0 0 0 0
-4.986083984375 0.174072265625 2.92592453956604 -0.31878974512555247 0.6640531151305035 0.6763183855908841 -0.903856522054574 0.001822647800478377 -0.4278318191701093 0 0 0 0 0 0
-5.3128662109375 -0.1017303466796875 2.9240853786468506 -0.30903275589903123 0.9311037533617522 0.1937641769190248 -0.9124811335626175 -0.2328480940456289 -0.3363925474673878 0 0 0 0 0 0
-5.6376190185546875 -0.3365631103515625 3.092097520828247 -0.3020842634674367 0.8890867443661508 -0.3439038510364999 -0.9238694397386447 -0.36197028833318684 -0.12426893691100972 0 0 0 0 0 0
-5.96136474609375 -0.4253082275390625 3.373525381088257 -0.29968121998371733 0.5654499393862833 -0.7684123453180064 -0.9335904134606143 -0.33967654346019993 0.11414370642909082 0 0 0 0 0 0
-6.3284912109375 -0.3070831298828125 3.5163204669952393 -0.3104411266990221 0.05970021667288886 -0.9487160750103539 -0.9412798568278107 -0.15866381340355304 0.2980235316991915 0 0 0 0 0 0
-6.7916259765625 -0.4777679443359375 3.6964805126190186 -0.2806866334926751 -0.25764576279009616 -0.9245721576463668 -0.9539890523471991 -0.03094466801550271 0.29824036534832676 0 0 0 0 0 0
-6.861907958984375 -0.519683837890625 4.683899402618408 -0.31501547484361325 0.6868695374223904 0.6549622043829736 0.5150271452171677 -0.45593535395540674 0.7258581078303201 0 0 0 0 0 0
-7.34954833984375 -0.334808349609375 6.645389556884766 -0.3254656897660073 0.9347029765982744 0.14283707615133662 -0.9297003616926856 -0.28879034744760457 -0.22859871541542331 0 0 0 0 0 0
-7.68023681640625 -0.4874114990234375 6.846934795379639 -0.3328752290413864 0.8381009376620742 -0.4321815592787324 -0.9188006064376576 -0.39137559160961227 -0.05128929617394683 0 0 0 0 0 0
-8.01226806640625 -0.514404296875 7.089232444763184 -0.3339377442504567 0.41854751312725735 -0.8445730058555654 -0.9079810431021437 -0.3834196717115529 0.16899639259980753 0 0 0 0 0 0
-8.343780517578125 -0.4150238037109375 7.3147382736206055 -0.3283680306187475 -0.15697426184899463 -0.9314147935181879 -0.9020133910247516 -0.24047399232653913 0.35853047489239204 0 0 0 0 0 0
-8.673187255859375 -0.2011871337890625 7.4617204666137695 -0.31876380653304287 -0.6640403997511581 -0.676343095730922 -0.9038460789377603 -0.0019010455708794419 0.4278535399112339 0 0 0 0 0 0
-8.99993896484375 0.0746307373046875 7.463558197021484 -0.3090673310282914 -0.9310929913278866 -0.1937607452275535 -0.912487748226168 0.2328992023977403 0.3363392199248163 0 0 0 0 0 0
-9.324676513671875 0.3094635009765625 7.295549392700195 -0.3021190524121463 -0.8890768629507442 0.34389883677507604 -0.9238871850310711 0.3619676778626434 0.12414455089970292 0 0 0 0 0 0
-9.648468017578125 0.398193359375 7.01412296295166 -0.29968121998371733 -0.5654499393862833 0.7684123453180064 -0.9335988390235446 0.33964430801814344 -0.11417071342847258 0 0 0 0 0 0
-10.01593017578125 0.276641845703125 6.890979766845703 -0.31440678684637113 -0.05935658339395214 0.94743082512273 -0.94079539542503 0.15268836258815624 -0.3026388737046338 0 0 0 0 0 0
-10.47894287109375 0.4547576904296875 6.692102432250977 -0.2771785259658968 0.25993593117693653 0.9249893926021809 -0.9523228594105593 0.053415427481895844 -0.30037969896619593 0 0 0 0 0 0
-10.65325927734375 -0.01226806640625 6.558598518371582 -0.3149455203541541 0.6868833623421631 0.6549813476324159 -0.947842592890196 -0.19197758773131474 -0.25443864665584026 0 0 0 0 0 0
-11.020111083984375 -0.3347930908203125 6.645395755767822 -0.3254090790446521 0.9347213663249785 0.14284571610964356 -0.9297115922103524 -0.28872440737728505 -0.22863633109006817 0 0 0 0 0 0
-11.350830078125 -0.487396240234375 6.846923351287842 -0.33286492976596826 0.8381131528636361 -0.43216580328488774 -0.9188025404479045 -0.3913684872295373 -0.05130885761874359 0 0 0 0 0 0
-11.68292236328125 -0.514404296875 7.089236259460449 -0.3339403860804619 0.4185126771405926 -0.8445892241895147 -0.9079806202673556 -0.38341235661649126 0.1690152597036637 0 0 0 0 0 0
-12.01434326171875 -0.415008544921875 7.314741134643555 -0.3282985026321851 -0.1569774969011668 -0.9314387573190785 -0.9019936711932448 -0.24063156548785428 0.3584743600568909 0 0 0 0 0 0
-12.1546630859375 -0.200164794921875 8.115157127380371 -0.31876380653304287 0.6640403997511581 0.676343095730922 0.8403360946704067 -0.13207692787895015 0.525728954040148 0 0 0 0 0 0
-12.65411376953125 -0.1017303466796875 9.98289966583252 -0.308998036806967 0.9311140842449939 0.19376990315848006 -0.912492707104658 -0.23281502886479905 -0.33638403918066034 0 0 0 0 0 0
-12.978729248046875 -0.3365631103515625 10.150936126708984 -0.3020494733467508 0.8890966248159536 -0.3439088649509193 -0.9238713249323289 -0.3619494778958658 -0.12431552766526563 0 0 0 0 0 0
-13.302490234375 -0.42529296875 10.432348251342773 -0.2997582230287367 0.5654131307879785 -0.7684093956083505 -0.9335900925289282 -0.3396285005932075 0.11428919772505548 0 0 0 0 0 0
-13.66961669921875 -0.3070831298828125 10.575151443481445 -0.31051147034102616 0.05969907261470589 -0.9486931261032717 -0.9412779109562357 -0.15851372163127728 0.29810953423274944 0 0 0 0 0 0
-14.134857177734375 -0.479736328125 10.751401901245117 -0.28068477729965663 -0.25764405896736625 -0.9245731959510086 -0.9539057265628476 -0.03171106449869432 0.29842632795878704 0 0 0 0 0 0
-14.31036376953125 -0.0182647705078125 10.884140014648438 -0.3149447826180205 -0.6868817533696798 -0.6549833897050231 -0.9479431598171109 0.19343980927510673 0.25295218114015494 0 0 0 0 0 0
-14.675018310546875 0.3056488037109375 10.796621322631836 -0.3255459489833534 -0.9346762177162087 -0.14282927968820125 -0.929701514078528 0.2889032855491786 0.22845127777927332 0 0 0 0 0 0
-15.005828857421875 0.458251953125 10.595126152038574 -0.33287540054123393 -0.838101369458046 0.4321805898314509 -0.9188006905432122 0.3913754261580379 0.05128905201825137 0 0 0 0 0 0
-15.33782958984375 0.4852447509765625 10.352811813354492 -0.334013886519796 -0.41850917645142555 0.8445618940242867 -0.9079734251916295 0.38338719631702056 -0.16911096015916513 0 0 0 0 0 0
-15.669464111328125 0.3858795166015625 10.127307891845703 -0.3282985026321851 0.1569774969011668 0.9314387573190785 -0.9020177268818926 0.24054938146039304 -0.3584689881563617 0 0 0 0 0 0
-15.99884033203125 0.172027587890625 9.980331420898438 -0.3187526478444387 0.6640553008228803 0.6763337245333793 -0.9038707388369618 0.001845502308402619 -0.42780168489097226 0 0 0 0 0 0
-16.325469970703125 -0.103790283203125 9.978515625 -0.3090673310282914 0.9310929913278866 0.1937607452275535 -0.9124652035311681 -0.23287559042262246 -0.33641672332114936 0 0 0 0 0 0
-16.650360107421875 -0.338623046875 10.146483421325684 -0.3020497210108662 0.8890973538267565 -0.34390676273594484 -0.923891731957345 -0.361924986155389 -0.12423514807524937 0 0 0 0 0 0
-16.974090576171875 -0.4273529052734375 10.427937507629395 -0.29967792585879854 0.565443723905928 -0.7684182037460885 -0.9335966635562977 -0.33965358091862957 0.11416091610398559 0 0 0 0 0 0
-17.341522216796875 -0.3057861328125 10.551058769226074 -0.314408918931255 0.05931883874521979 -0.9474324815343826 -0.9407940832755735 -0.1526812192935813 0.3026465564791689 0 0 0 0 0 0
-17.8045654296875 -0.4839324951171875 10.749951362609863 -0.2772523171518657 -0.2598954370880106 -0.9249786561941595 -0.9523231417036695 -0.05324509204502043 0.30040904438576754 0 0 0 0 0 0
-17.97894287109375 -0.0168914794921875 10.883454322814941 -0.31493653029685087 -0.6869019017751203 -0.6549662275433017 -0.947844813652457 0.19196661235148235 0.2544386546388636 0 0 0 0 0 0
-18.345611572265625 0.3056488037109375 10.796621322631836 -0.3255459489833534 -0.9346762177162087 -0.14282927968820125 -0.9296870298041576 0.28888587009856104 0.22853223114326918 0 0 0 0 0 0
-18.676422119140625 0.458251953125 10.595126152038574 -0.33287540054123393 -0.838101369458046 0.4321805898314509 -0.9187830750909113 0.3914069758529349 0.05136380223609936 0 0 0 0 0 0
-19.0084228515625 0.4852447509765625 10.352811813354492 -0.3339461019428785 -0.41851984057748687 0.8445834144950701 -0.9079581146751559 0.3834832691902739 -0.16897527702796186 0 0 0 0 0 0
-19.34002685546875 0.3858795166015625 10.127307891845703 -0.3283665722382728 0.15697356467942528 0.931415425161255 -0.9020146068882691 0.24047202376036475 -0.3585287362943118 0 0 0 0 0 0
-19.66943359375 0.172027587890625 9.980331420898438 -0.3187526478444387 0.6640553008228803 0.6763337245333793 -0.9038707388369618 0.001845502308402619 -0.42780168489097226 0 0 0 0 0 0
-19.99603271484375 -0.103790283203125 9.978515625 -0.3090673310282914 0.9310929913278866 0.1937607452275535 -0.9124874915295627 -0.23289893352017996 -0.336340102526073 0 0 0 0 0 0
-20.312042236328125 -0.340301513671875 10.139907836914062 -0.3021991231342152 0.8890498313261826 -0.3438983678295054 -0.9189452196851087 -0.3676113741672471 -0.1428340323618837 0 0 0 0 0 0
-20.632476806640625 -0.425323486328125 10.415205955505371 -0.29960903125421035 0.5654576865649554 -0.7684347943030183 -0.9335895629148682 -0.3397219317561964 0.1140155125422132 0 0 0 0 0 0
-20.999847412109375 -0.303741455078125 10.538362503051758 -0.3143330618757873 0.0593570684804278 -0.9474552573252218 -0.9408106335816137 -0.15275319040932567 0.30255877868529163 0 0 0 0 0 0
-21.462799072265625 -0.48187255859375 10.73720932006836 -0.2772529285837134 -0.2598960102422729 -0.924978311881907 -0.95231229135792 -0.0533255405009031 0.3004291704527294 0 0 0 0 0 0
-21.6370849609375 -0.01483154296875 10.870745658874512 -0.3150252047605476 -0.6868526049544271 -0.6549752815434278 -0.9478208088035849 0.1920968687581209 0.2544297691156514 0 0 0 0 0 0
-22.003997802734375 0.3076934814453125 10.78394889831543 -0.3254776273663275 -0.9346991122514952 -0.14283516247847772 -0.9296983299050672 0.28880467995999975 0.22858887156843663 0 0 0 0 0 0
-22.334716796875 0.4603118896484375 10.58242130279541 -0.3328647582827771 -0.8381127210899492 0.4321667727169104 -0.9188024716765772 0.39136862521042276 0.0513090366496615 0 0 0 0 0 0
-22.666748046875 0.4873046875 10.340108871459961 -0.33393539078792467 -0.4185445633681871 0.8445753982056602 -0.9079773704068446 0.38343255982054797 -0.16898688380621107 0 0 0 0 0 0
-22.998260498046875 0.387908935546875 10.114627838134766 -0.3283646057516046 0.15701077105873656 0.9314098472000036 -0.9020183818724046 0.24044738649449512 -0.35853576264057113 0 0 0 0 0 0
-23.695465087890625 0.23065185546875 10.107949256896973 0.946765419929833 0.02296529868634698 -0.3211040869894587 -0.20818461983284237 -0.7171338802231655 -0.6651151493546975 0 0 0 0 0 0
-19.420928955078125 0.0994415283203125 7.708112716674805 0 1 0 0 0 1 0 0 0 0 0 0
-19.89093017578125 0.0994415283203125 8.165865898132324 0 1 0 0 0 1 0 0 0 0 0 0
-22.9803466796875 -0.0410308837890625 10.899983406066895 0.9329344117336872 0.02204923495183477 -0.3593705812127058 -0.128963800212935 0.9523618450218206 -0.2763607323432041 0 0 0 0 0 0
-23.290069580078125 0.4464263916015625 10.583074569702148 0.3282965364546631 -0.15701470416539545 -0.931433178938632 0.9359256873321308 -0.07906480672803953 0.34320819356323123 0 0 0 0 0 0
-22.72247314453125 0.2818756103515625 10.764187812805176 0.33393539078792467 0.4185445633681871 -0.8445753982056602 0.9180013264818939 0.05893541096537174 0.3921736629502629 0 0 0 0 0 0
-22.389892578125 0.040496826171875 10.79527473449707 0.3328647582827771 0.8381127210899492 -0.4321667727169104 0.9076463422185598 -0.1604938427573844 0.387839972017116 0 0 0 0 0 0
-22.058258056640625 -0.1847686767578125 10.699666976928711 0.3255343420155352 0.934681038482149 0.14282418727388 0.9020035023366487 -0.3522881463871742 0.24956510911485308 0 0 0 0 0 0
-21.729278564453125 -0.3334197998046875 10.48957347869873 0.31494822539653494 0.6868892619295067 0.6549738599100814 0.9041379582894709 -0.42704009660710845 0.013088478518858202 0 0 0 0 0 0
-21.290557861328125 -0.4277801513671875 10.301542282104492 0.2771818855692079 0.25990093399160663 0.9249982199023894 0.9173413425398381 -0.3579043112109408 -0.17432545793380103 0 0 0 0 0 0
-20.97314453125 -0.4623260498046875 10.182979583740234 0.3144018155425386 -0.059355644865832335 0.9474325336434867 0.9411050827744987 0.150266646042444 -0.30288802925034664 0 0 0 0 0 0
-20.688720703125 -0.07080078125 9.905083656311035 0.29967847487633326 -0.5654447598131221 0.768417227354824 0.9379778774929632 0.027450337728207756 -0.34560668438617176 0 0 0 0 0 0
-20.47247314453125 -1.3508758544921875 9.099611282348633 0.3020497210108662 0.8890973538267565 -0.34390676273594484 -0.09161521049930696 -0.33201366813064825 -0.9388149857025075 0 0 0 0 0 0
-20.065673828125 -0.5178985595703125 7.339346885681152 0.3090673310282914 0.9310929913278866 0.1937607452275535 0.9353495512694269 -0.33444839575551727 0.11517589815861276 0 0 0 0 0 0
-19.7418212890625 -0.594512939453125 7.073225975036621 0.31883234737854943 0.6640242487219921 0.6763266454711644 0.9357654321448499 -0.33393296841345615 -0.11327766156370028 0 0 0 0 0 0
-19.412445068359375 -0.509490966796875 6.8182053565979 0.3282988671688653 0.1569776712061214 0.9314385994569597 0.9283973187444015 -0.23534045177253182 -0.28756441071124755 0 0 0 0 0 0
-19.080841064453125 -0.311004638671875 6.66072940826416 0.3340085539362327 -0.4185406411361746 0.8445484104625066 0.9179900907096593 -0.05884087941343333 -0.39221415612994576 0 0 0 0 0 0
-18.748046875 -0.0696868896484375 6.6296234130859375 0.3328757435403051 -0.8381022330484188 0.4321786509323927 0.9076469324904312 0.1605057359995589 -0.3878336687962392 0 0 0 0 0 0
-18.416473388671875 0.155609130859375 6.725259780883789 0.32554550553523304 -0.9346749445306163 -0.14283862185172067 0.9020020801353357 0.352302306153974 -0.24955026048898304 0 0 0 0 0 0
-18.087493896484375 0.3042449951171875 6.935335159301758 0.3150174424854751 -0.686873827729894 -0.654956758656321 0.904136405797835 0.42704637415920266 -0.01299053611098768 0 0 0 0 0 0
-17.648773193359375 0.39862060546875 7.123382568359375 0.2771815799189432 -0.25990064739715935 -0.9249983920181568 0.9173416212279067 0.3579035633060275 0.17432552691962305 0 0 0 0 0 0
-17.331329345703125 0.43316650390625 7.241945266723633 0.3143330618757873 0.0593570684804278 -0.9474552573252218 0.9411479370705566 -0.15010137329047593 0.30283681791378847 0 0 0 0 0 0
-17.046905517578125 0.0416259765625 7.519842147827148 0.29960903125421035 0.5654576865649554 -0.7684347943030183 0.9379716139034725 -0.027278917327671064 0.3456372551979103 0 0 0 0 0 0
-16.72235107421875 -0.280029296875 7.521580696105957 0.3021302900190741 0.8890717852505733 -0.3439020914800445 0.937138837537181 -0.21093672096699198 0.27798650853441587 0 0 0 0 0 0
-16.397857666015625 -0.5136260986328125 7.344693183898926 0.3090671882500103 0.9310925611955382 0.1937630399058746 0.9389003129951469 -0.3311714429800078 0.09376394622750832 0 0 0 0 0 0
-16.07122802734375 -0.594512939453125 7.073225975036621 0.31883234737854943 0.6640242487219921 0.6763266454711644 0.9357654321448499 -0.33393296841345615 -0.11327766156370028 0 0 0 0 0 0
-15.74188232421875 -0.509490966796875 6.8182053565979 0.32836693683226975 0.15697373897128136 0.9314152672512772 0.9284010785459639 -0.23520263610506484 -0.28766500886260027 0 0 0 0 0 0
-15.410247802734375 -0.311004638671875 6.66072940826416 0.3340085539362327 -0.4185406411361746 0.8445484104625066 0.9179723508810128 -0.05891604615787677 -0.39224439132141836 0 0 0 0 0 0
-15.19696044921875 -0.799346923828125 5.477843761444092 0.33287557204087354 0.8381018012534943 -0.43217962038267105 -0.31650398543390273 -0.3324265749763893 -0.8884355910553805 0 0 0 0 0 0
-14.7293701171875 -0.18682861328125 3.6535494327545166 0.3255342865919688 0.9346808793488414 0.14282535500650612 0.9020034906697525 -0.35228841015548706 0.24956477894466864 0 0 0 0 0 0
-14.400390625 -0.3354644775390625 3.4434502124786377 0.3149447826180205 0.6868817533696798 0.6549833897050231 0.9041615153212608 -0.42699211301796225 0.013026497319589115 0 0 0 0 0 0
-13.96051025390625 -0.419036865234375 3.2726471424102783 0.28068508666359965 0.2576443429363892 0.9245730229016655 0.9180093356639584 -0.35321951752642683 -0.18026322995058128 0 0 0 0 0 0
-13.63995361328125 -0.46826171875 3.142954111099243 0.3104425310929542 -0.05970048674864504 0.9487155984648797 0.9441935932287401 0.13496851138699395 -0.3004695649142847 0 0 0 0 0 0
-13.36163330078125 -0.0673675537109375 2.8638672828674316 0.2996824552927576 -0.5654522702144279 0.7684101483576684 0.937103703454834 0.02338240083199186 -0.3482670129405986 0 0 0 0 0 0
-13.0341796875 0.2508544921875 2.8615963459014893 0.3020494733467508 -0.8890966248159536 0.3439088649509193 0.9371645052459283 0.21086453410498343 -0.2779547415746722 0 0 0 0 0 0
-12.7098388671875 0.4844512939453125 3.0385453701019287 0.308998036806967 -0.9311140842449939 -0.19376990315848006 0.9389241211481191 0.33110319527628 -0.09376656549148954 0 0 0 0 0 0
-12.383331298828125 0.5653228759765625 3.3100192546844482 0.31883286149226076 -0.6640253194539104 -0.6763253518513034 0.9357654836873328 0.33393253638476145 0.1132785093610096 0 0 0 0 0 0
-12.053802490234375 0.4803466796875 3.5649912357330322 0.3283646057516046 -0.15701077105873656 -0.9314098472000036 0.928402505557429 0.23521017346827977 0.28765424031588677 0 0 0 0 0 0
-11.722137451171875 0.2818450927734375 3.7225043773651123 0.3339350545811553 0.41854414197674616 -0.8445757399658305 0.9180000198855744 0.05894180346658432 0.39217576071729804 0 0 0 0 0 0
-11.389556884765625 0.040496826171875 3.753575086593628 0.3328651012489515 0.8381135846367996 -0.4321648338513669 0.9076463426637909 -0.16049524621409372 0.38783939020130725 0 0 0 0 0 0
-11.05792236328125 -0.1847686767578125 3.6579673290252686 0.3254660776811044 0.9347040906493321 0.1428289018451181 0.9020062853801952 -0.3522273778347895 0.24964081284567652 0 0 0 0 0 0
-10.728973388671875 -0.3334197998046875 3.4478743076324463 0.315016950574239 0.6868727551513378 0.6549581200975508 0.9041363944438269 -0.4270463986876068 0.01299052000739256 0 0 0 0 0 0
-10.2901611328125 -0.42779541015625 3.2598721981048584 0.27725262286748087 0.2598957236648524 0.924978484038318 0.9173657319184447 -0.3577848919687595 -0.17444221100593624 0 0 0 0 0 0
-9.972808837890625 -0.4622802734375 3.1412622928619385 0.3144064317483239 -0.05935651635530114 0.9474309471626147 0.9411140839906277 0.1501837764303432 -0.30290116244676657 0 0 0 0 0 0
-9.688323974609375 -0.07080078125 2.863372325897217 0.299681082727568 -0.5654496804061533 0.7684125894230338 0.9379619741077394 0.02738291307116169 -0.34565519119441807 0 0 0 0 0 0
-9.472137451171875 -1.3508758544921875 2.0579004287719727 0.3021190524121463 0.8890768629507442 -0.34389883677507604 -0.09168062800281088 -0.3319850247636073 -0.9388187289257267 0 0 0 0 0 0
-9.0557861328125 -0.511566162109375 0.2902773916721344 0.30899823309426605 0.9311146757240552 0.19376674791075305 0.9389114429999774 -0.3311158036608074 0.09384895721188258 0 0 0 0 0 0
-8.729156494140625 -0.5924530029296875 0.01881338842213154 0.31883169770847686 0.664022895670191 0.6763282801732494 0.9357656280339499 -0.33393235505245783 -0.11327785149510328 0 0 0 0 0 0
-8.3997802734375 -0.5074310302734375 -0.23618267476558685 0.32836766602250705 0.15697408755606607 0.9314149514297437 0.9283863620684127 -0.2352826481669746 -0.28764707228983544 0 0 0 0 0 0
-8.06805419921875 -0.3089752197265625 -0.39367666840553284 0.3339428762439489 -0.41851579795206345 0.8445866931644532 0.9179998832992741 -0.05894015635658425 -0.3921763279842127 0 0 0 0 0 0
-7.73541259765625 -0.067626953125 -0.4247666299343109 0.33294313187102614 -0.8380798129246614 0.4321702189046317 0.9076430746971079 0.1606010796632975 -0.38780322608942197 0 0 0 0 0 0
-7.403778076171875 0.1576690673828125 -0.3291446268558502 0.32546586987209114 -0.9347034938438642 -0.14283328094137007 0.9019820189701938 0.3522324293022003 -0.24972135111424432 0 0 0 0 0 0
-7.0748291015625 0.3062896728515625 -0.11906062066555023 0.3150158514619273 -0.6868703586126742 -0.6549611620447533 0.9041363516022508 0.4270464890943151 -0.01299052976556611 0 0 0 0 0 0
-6.6348876953125 0.3898773193359375 0.051753297448158264 0.28068672050227406 -0.2576458426572926 -0.9245721089753313 0.9180131168770506 0.3532066473326628 0.18026919182628737 0 0 0 0 0 0
-6.315338134765625 0.4410858154296875 0.18588627874851227 0.31044200444382336 0.059700385469966026 -0.9487157771701906 0.9447628145323144 -0.12973648310125024 0.3009844999821402 0 0 0 0 0 0
-6.036956787109375 0.0402679443359375 0.4649513065814972 0.29968073100906 0.565449016770277 -0.7684132149406351 0.9371199426240222 -0.023452154390053784 0.34821862326821995 0 0 0 0 0 0
-5.7095794677734375 -0.277984619140625 0.4672103226184845 0.30208444923224886 0.8890872911044354 -0.3439022743871085 0.9371579110185421 -0.21090742106427066 0.277944436093585 0 0 0 0 0 0
-5.3852081298828125 -0.511566162109375 0.2902773916721344 0.30903273805330556 0.9311036995932702 0.1937644637569079 0.9389123273709369 -0.3311370877726143 0.09376497540319848 0 0 0 0 0 0
-5.058563232421875 -0.5924530029296875 0.01881338842213154 0.3187974279649134 0.6640309714712513 0.6763365056315548 0.9357651957384878 -0.33396110335711865 -0.1131966425694933 0 0 0 0 0 0
-4.72918701171875 -0.5074310302734375 -0.23618267476558685 0.32836766602250705 0.15697408755606607 0.9314149514297437 0.9283936630112077 -0.2352423956417969 -0.28765643009211644 0 0 0 0 0 0
-4.3974609375 -0.3089752197265625 -0.39367666840553284 0.3339428762439489 -0.41851579795206345 0.8445866931644532 0.9179910109686567 -0.05897774293447393 -0.39219144511207626 0 0 0 0 0 0
-4.1843414306640625 -0.79730224609375 -1.5765596628189087 0.3328987202556554 0.8381021866319475 -0.43216104268535765 -0.31646446611734863 -0.332421854102962 -0.8884514351385847 0 0 0 0 0 0
-3.716705322265625 -0.1847686767578125 -3.4008567333221436 0.3254659945582318 0.9347038519292491 0.14283065348462545 0.9019940726421182 -0.3522298190371818 0.24968149210448012 0 0 0 0 0 0
-3.3877410888671875 -0.333404541015625 -3.6109426021575928 0.3149813589334746 0.6868783273532933 0.6549693938931523 0.9041489880697707 -0.427019188229458 0.013008468636412201 0 0 0 0 0 0
-2.949005126953125 -0.4277801513671875 -3.798961639404297 0.27725247000959613 0.2598955803763592 0.9249785701163099 0.9173659064118083 -0.3577844075020527 -0.17444228702251843 0 0 0 0 0 0
-2.6316375732421875 -0.4622802734375 -3.917560577392578 0.314372055139308 -0.05935722822433724 0.9474423098030886 0.9411298104181931 0.15014639614330894 -0.3028708300041331 0 0 0 0 0 0
-2.347137451171875 -0.07080078125 -4.195450782775879 0.299681082727568 -0.5654496804061533 0.7684125894230338 0.9379544113806715 0.027347172727357705 -0.34567854187866304 0 0 0 0 0 0
-2.0224761962890625 0.2508697509765625 -4.197216510772705 0.302084387310714 -0.8890871088585443 0.3439027999372288 0.9371580050957682 0.21090737623251996 -0.27794415290780033 0 0 0 0 0 0
-1.6981353759765625 0.4844512939453125 -4.020275592803955 0.30903275589903123 -0.9311037533617522 -0.1937641769190248 0.9389122876281714 0.3311371106057358 -0.09376529272880656 0 0 0 0 0 0
-1.3714752197265625 0.565338134765625 -3.74882173538208 0.3187978205457321 -0.6640317891874546 -0.6763355177452972 0.9357673499743745 0.3339513853388398 0.11320750395714291 0 0 0 0 0 0
-1.0421142578125 0.4803314208984375 -3.4938175678253174 0.3283678483205338 -0.15697417470248565 -0.9314148724740315 0.9283934003987088 0.23524356015179304 0.28765632533151925 0 0 0 0 0 0
-0.699432373046875 0.2834320068359375 -3.3322677612304688 0.3339425715388064 0.4185154160786207 -0.844587002870982 0.9180144158572714 0.05887935311448134 0.3921514427552874 0 0 0 0 0 0
-0.3641815185546875 0.0384521484375 -3.29913067817688 0.3329096634794669 0.8380915900818022 -0.4321731627439917 0.9076429232905281 -0.16055008367001405 0.3878246954929201 0 0 0 0 0 0
-0.032562255859375 -0.18682861328125 -3.3947396278381348 0.3255001273521553 0.9346923263224963 0.14282829624262364 0.9020044263607014 -0.3522582339613451 0.24960398921518978 0 0 0 0 0 0
0.2964019775390625 -0.3354644775390625 -3.604834794998169 0.31497298277896124 0.686898207690536 0.6549525726270974 0.9041493548054259 -0.42701770651796905 0.013031597180147996 0 0 0 0 0 0
0.735137939453125 -0.4298248291015625 -3.792858600616455 0.27725216429428956 0.2598952937998067 0.9249787422718667 0.9173543359647394 -0.3578208672825188 -0.17442834982845656 0 0 0 0 0 0
1.0525054931640625 -0.46435546875 -3.911461591720581 0.31440678832169594 -0.059318436767803594 0.9474332137500038 0.9411112067288213 0.15019353729251633 -0.30290526229331727 0 0 0 0 0 0
1.3369903564453125 -0.072845458984375 -4.189351558685303 0.29968039644805283 -0.5654483855078268 0.7684138099431387 0.9379620538215862 0.027381248266119804 -0.3456551067671087 0 0 0 0 0 0
1.553192138671875 -1.352935791015625 -4.994820594787598 0.3020850065229459 0.8890889313082839 -0.34389754442148235 -0.09164853568558377 -0.3319936066788534 -0.9388188275865877 0 0 0 0 0 0
1.969512939453125 -0.51361083984375 -6.7624335289001465 0.3090671882500103 0.9310925611955382 0.1937630399058746 0.9389131476075808 -0.3311584789514512 0.09368117776899736 0 0 0 0 0 0
2.296173095703125 -0.594512939453125 -7.033900260925293 0.3187975635106759 0.6640312538028401 0.6763361645459193 0.9357651898166484 -0.3339610761938702 -0.1131967716626415 0 0 0 0 0 0
2.62554931640625 -0.509490966796875 -7.2888946533203125 0.3283680306187475 0.15697426184899463 0.9314147935181879 0.9283934094813423 -0.23524322654586333 -0.2876565688384336 0 0 0 0 0 0
2.9572601318359375 -0.3110198974609375 -7.446389675140381 0.3339377442504567 -0.41854751312725735 0.8445730058555654 0.9179904077510076 -0.0589756652298253 -0.39219316948136485 0 0 0 0 0 0
3.2899169921875 -0.069671630859375 -7.477476596832275 0.33289867738155837 -0.8381020786925885 0.4321612850415588 0.9076442949789159 0.1605421878106411 -0.3878247538840188 0 0 0 0 0 0
3.6215362548828125 0.155609130859375 -7.38185453414917 0.3254656897660073 -0.9347029765982744 -0.14283707615133662 0.9019932063547539 0.35223140509081924 -0.24968238415558613 0 0 0 0 0 0
3.95050048828125 0.3042449951171875 -7.171782493591309 0.31498160486746785 -0.6868788636603641 -0.6549687131854172 0.9041489990864806 0.427019165082836 -0.0130084627405851 0 0 0 0 0 0
4.39044189453125 0.3878326416015625 -7.000958442687988 0.2806866334926751 -0.25764576279009616 -0.9245721576463668 0.9179971208760495 0.35325803857119353 0.18024994937063707 0 0 0 0 0 0
4.709991455078125 0.43902587890625 -6.866823673248291 0.31044182889448807 0.05970035171047847 -0.9487158367384254 0.9447634570225636 -0.12973094700559426 0.3009848694931465 0 0 0 0 0 0
4.9883575439453125 0.0382232666015625 -6.5877604484558105 0.2996868605405833 0.5654224346910037 -0.7684303845940935 0.9371199469000325 -0.023452930852468874 0.34821855946590435 0 0 0 0 0 0
5.3157501220703125 -0.280029296875 -6.585512638092041 0.3020850065229459 0.8890889313082839 -0.34389754442148235 0.9371593371500521 -0.21091311337246704 0.27793530794054955 0 0 0 0 0 0
5.640106201171875 -0.51361083984375 -6.7624335289001465 0.3090326845159825 0.9311035382873842 0.19376532427025903 0.9389122903772742 -0.33113717702531825 0.09376503063618434 0 0 0 0 0 0
5.966766357421875 -0.594512939453125 -7.033899307250977 0.3187975635106759 0.6640312538028401 0.6763361645459193 0.9357651656726 -0.3339611833699977 -0.11319665505589147 0 0 0 0 0 0
6.2961273193359375 -0.509490966796875 -7.288895606994629 0.3283680306187475 0.15697426184899463 0.9314147935181879 0.9283933387962874 -0.2352436162996959 -0.2876564782321505 0 0 0 0 0 0
6.6278533935546875 -0.3110198974609375 -7.446390628814697 0.3339377442504567 -0.41854751312725735 0.8445730058555654 0.9179904077510076 -0.0589756652298253 -0.39219316948136485 0 0 0 0 0 0
6.8409881591796875 -0.799346923828125 -8.62926959991455 0.33287540054123393 0.838101369458046 -0.4321805898314509 -0.31655880328439295 -0.33240094084616767 -0.8884256516939028 0 0 0 0 0 0
7.308624267578125 -0.18682861328125 -10.453564643859863 0.3254660222659646 0.9347039315029221 0.14283006960493883 0.9019941787480092 -0.3522296702643891 0.24968131866470208 0 0 0 0 0 0
7.6375885009765625 -0.3354644775390625 -10.663657188415527 0.31497335165090573 0.6868990121324766 0.6549515515526494 0.9041493633468821 -0.4270176880629249 0.013031609295196858 0 0 0 0 0 0
8.076309204101562 -0.4298248291015625 -10.8516845703125 0.2772523171518657 0.2598954370880106 0.9249786561941595 0.9173660809050753 -0.3577839230348268 -0.1744423630391196 0 0 0 0 0 0
8.3936767578125 -0.46435546875 -10.970285415649414 0.31440678832169594 -0.059318436767803594 0.9474332137500038 0.9411059234775632 0.15023546631967172 -0.302900883879783 0 0 0 0 0 0
8.678176879882812 -0.072845458984375 -11.248175621032715 0.29968012193682164 -0.5654478675495809 0.7684142981488328 0.9379545416412725 0.027344930341608783 -0.3456783658245378 0 0 0 0 0 0
9.002838134765625 0.2488250732421875 -11.249923706054688 0.3020848826810535 -0.8890885668199663 0.3438985955272171 0.9371575632833958 0.2109084581253857 -0.27794482163174095 0 0 0 0 0 0
9.327178955078125 0.4824066162109375 -11.072992324829102 0.30902170826745307 -0.9311086133934405 -0.19375844209739468 0.9389184588727469 0.33112312839435515 -0.09375287425120073 0 0 0 0 0 0
9.653839111328125 0.56329345703125 -10.801531791687012 0.3187975635106759 -0.6640312538028401 -0.6763361645459193 0.9357651898166484 0.3339610761938702 0.1131967716626415 0 0 0 0 0 0
9.98321533203125 0.478271484375 -10.546530723571777 0.32833399634050425 -0.15697622806334088 -0.9314264601513528 0.9283916007494118 0.23531174423150492 0.2876063606471036 0 0 0 0 0 0
10.31494140625 0.2798004150390625 -10.389047622680664 0.3339374080399008 0.4185470917310705 -0.8445733476229615 0.9179917439587602 0.058970862348929086 0.3921907640643488 0 0 0 0 0 0
10.6475830078125 0.0384521484375 -10.35794734954834 0.3329093204541565 0.8380907265243288 -0.43217510162973805 0.9076429929703241 -0.1605488230546725 0.3878250542804473 0 0 0 0 0 0
10.979202270507812 -0.18682861328125 -10.453564643859863 0.3255001273521553 0.9346923263224963 0.14282829624262364 0.9020044263607014 -0.3522582339613451 0.24960398921518978 0 0 0 0 0 0
11.30816650390625 -0.3354644775390625 -10.663657188415527 0.31497335165090573 0.6868990121324766 0.6549515515526494 0.9041493633468821 -0.4270176880629249 0.013031609295196858 0 0 0 0 0 0
11.74810791015625 -0.419036865234375 -10.834478378295898 0.2806866334926751 0.25764576279009616 0.9245721576463668 0.9180131501552893 -0.3532065793834526 -0.1802691554931212 0 0 0 0 0 0
12.068649291992188 -0.46826171875 -10.964173316955566 0.3104411266990221 -0.05970021667288886 0.9487160750103539 0.9441845359531512 0.13505374592989897 -0.3004597273799523 0 0 0 0 0 0
12.346939086914062 -0.0673828125 -11.243242263793945 0.29968121998371733 -0.5654499393862833 0.7684123453180064 0.9371198167441162 0.023453013600011285 -0.34821890416597406 0 0 0 0 0 0
12.674346923828125 0.2508697509765625 -11.24550724029541 0.302084387310714 -0.8890871088585443 0.3439027999372288 0.937158143231229 0.2109076976701826 -0.27794344323775344 0 0 0 0 0 0
12.998703002929688 0.4844512939453125 -11.068570137023926 0.3090671882500103 -0.9310925611955382 -0.1937630399058746 0.9389131878671517 0.3311584382714634 -0.09368091807165557 0 0 0 0 0 0
13.325332641601562 0.565338134765625 -10.797110557556152 0.31883234737854943 -0.6640242487219921 -0.6763266454711644 0.9357677583656229 0.3339226362382279 0.11328890241806278 0 0 0 0 0 0
13.65472412109375 0.4803314208984375 -10.54211139678955 0.32836730142701454 -0.15697391326349497 -0.9314151093407735 0.928393585205411 0.23524339170839936 0.28765586663054843 0 0 0 0 0 0
13.986434936523438 0.2818603515625 -10.384615898132324 0.3339427396519336 0.4185156267673479 -0.8445868319985192 0.9180000760798516 0.05893968779580268 0.3921759471460739 0 0 0 0 0 0
14.319107055664062 0.0405120849609375 -10.35352897644043 0.33287505754133084 0.8381005058655786 -0.4321825287245155 0.9076480865541827 -0.1605052840634227 0.38783115496598636 0 0 0 0 0 0
14.650711059570312 -0.1847686767578125 -10.449150085449219 0.3254660222659646 0.9347039315029221 0.14283006960493883 0.9020057724177004 -0.3522277257988375 0.24964217533046545 0 0 0 0 0 0
14.97967529296875 -0.333404541015625 -10.659238815307617 0.3149811129996098 0.6868777910465028 0.6549700745992931 0.9041489823853821 -0.427019200510924 0.013008460573389592 0 0 0 0 0 0
15.418411254882812 -0.4277801513671875 -10.84726333618164 0.2772523171518657 0.2598954370880106 0.9249786561941595 0.9173542667728074 -0.3578210210508666 -0.17442839828376697 0 0 0 0 0 0
15.735763549804688 -0.4622802734375 -10.965852737426758 0.31440678684637113 -0.05935658339395214 0.94743082512273 0.9411086435870533 0.15022608012395178 -0.30289708783071695 0 0 0 0 0 0
16.020278930664062 -0.07080078125 -11.243745803833008 0.29968121998371733 -0.5654499393862833 0.7684123453180064 0.9379543862344846 0.027347462178397394 -0.3456785872105655 0 0 0 0 0 0
16.344924926757812 0.2508697509765625 -11.24550724029541 0.302084387310714 -0.8890871088585443 0.3439027999372288 0.937158143231229 0.2109076976701826 -0.27794344323775344 0 0 0 0 0 0
16.669296264648438 0.4844512939453125 -11.068570137023926 0.3090326845159825 -0.9311035382873842 -0.19376532427025903 0.9389187688476335 0.33113063389782943 -0.09372325645252465 0 0 0 0 0 0
16.99591064453125 0.565338134765625 -10.797112464904785 0.3188338897217073 -0.664027460921962 -0.6763227645928076 0.9357651037819865 0.3339338174804102 0.11327787112604303 0 0 0 0 0 0
17.325363159179688 0.4803314208984375 -10.54210090637207 0.32833253807465534 -0.15697553086757368 -0.9314270916987 0.9283993958876062 0.23527104296605933 0.2876144955616643 0 0 0 0 0 0
17.656951904296875 0.2818450927734375 -10.384618759155273 0.333974662700694 0.4185459736324402 -0.844559170591398 0.9179858512187911 0.0589230569408717 0.3922117416942721 0 0 0 0 0 0
17.840057373046875 0.7708282470703125 -9.200729370117188 0.33289867738155837 -0.8381020786925885 0.4321612850415588 -0.334065067585659 0.3237556372575187 0.8852021339575314 0 0 0 0 0 0
18.3048095703125 0.1576690673828125 -7.377435207366943 0.3254656897660073 -0.9347029765982744 -0.14283707615133662 0.9019937078319659 0.3522313209921026 -0.24968069117114522 0 0 0 0 0 0
18.633758544921875 0.306304931640625 -7.167349338531494 0.3150167046188136 -0.6868722188624797 -0.6549588008157741 0.9041482478279483 0.42702224556906837 -0.012959465220496284 0 0 0 0 0 0
19.07373046875 0.389892578125 -6.996529579162598 0.28068508666359965 -0.2576443429363892 -0.9245730229016655 0.9180091225758382 0.35322020164143747 0.18026297462297164 0 0 0 0 0 0
19.393295288085938 0.4411163330078125 -6.862422466278076 0.310402447182618 0.059661967235297354 -0.9487311370713288 0.9447736004965759 -0.12974089351539161 0.30094874041033026 0 0 0 0 0 0
19.671600341796875 0.0402679443359375 -6.583357334136963 0.299643753660602 0.5654512234896376 -0.7684260112374232 0.9371327130771944 -0.02343478509644242 0.3481854231987041 0 0 0 0 0 0
19.998916625976562 -0.277984619140625 -6.581112384796143 0.30212016709138734 0.8890801432321925 -0.3438893769032368 0.9371457837407435 -0.21094060027875725 0.2779601467314786 0 0 0 0 0 0
20.328689575195312 -0.501312255859375 -6.7847795486450195 0.3090672596393457 0.9310927762622995 0.19376189256711157 0.9464142555846561 -0.32118337987840345 0.03378303296074182 0 0 0 0 0 0
20.662628173828125 -0.5924530029296875 -7.069150447845459 0.31883260443532074 0.6640247840877755 0.6763259986620161 0.9357655545143829 -0.3339323233672335 -0.11327855222835032 0 0 0 0 0 0
20.992095947265625 -0.5074462890625 -7.324116230010986 0.32833253807465534 0.15697553086757368 0.9314270916987 0.9283921641523749 -0.23531090548878564 -0.28760522821832973 0 0 0 0 0 0
21.32373046875 -0.3089599609375 -7.481622219085693 0.33397499894221566 -0.4185463950193022 0.8445588287963681 0.9179855588524883 -0.05892343832749978 -0.39221236869067555 0 0 0 0 0 0
21.656539916992188 -0.067626953125 -7.512733459472656 0.3328294661238506 -0.8381199083331945 0.43218001542791207 0.9076515013208778 0.16044623615439776 -0.3878475956530397 0 0 0 0 0 0
21.988037109375 0.1576385498046875 -7.417080402374268 0.3254430767331208 -0.9347094439239158 -0.14284627837617755 0.9020093211592206 0.3522107674115637 -0.2496532792919807 0 0 0 0 0 0
22.317001342773438 0.3062744140625 -7.207005500793457 0.3149447826180205 -0.6868817533696798 -0.6549833897050231 0.9041552775142151 0.4270048229723475 -0.013042825673415363 0 0 0 0 0 0
22.755706787109375 0.4006500244140625 -7.018988609313965 0.27721740760240343 -0.2598984722712501 -0.9249882664300523 0.9173539274009901 0.357843325040644 0.17438442191272482 0 0 0 0 0 0
23.073074340820312 0.4351806640625 -6.900388240814209 0.314408918931255 0.05931883874521979 -0.9474324815343826 0.9411102294907946 -0.15019601573570093 0.30290706958554997 0 0 0 0 0 0
23.854904174804688 0.67962646484375 -6.603546619415283 -0.9587408107698506 0 0.284281652176797 0.27639707958773635 -0.2338822635113945 0.9321500636754564 0 0 0 0 0 0
20.37506103515625 0.632843017578125 -5.309181213378906 0 1 0 0 0 1 0 0 0 0 0 0
20.89764404296875 0.632843017578125 -5.5489115715026855 0 1 0 0 0 1 0 0 0 0 0 0
23.158294677734375 0.64990234375 -7.5775465965271 -0.9413441842407074 0 0.33744796161215274 0.09116353717490248 0.9628166090567047 0.25430962784430533 0 0 0 0 0 0
23.00762939453125 0.2886810302734375 -7.262213230133057 -0.314408562347953 -0.05935691858934905 0.9474302149171044 -0.9492740811848149 0.014300708912377917 -0.31412451116608014 0 0 0 0 0 0
22.583465576171875 0.45477294921875 -7.4546732902526855 -0.27725262286748087 0.2598957236648524 0.924978484038318 -0.9523121285584699 0.0533276170162695 -0.3004293179165484 0 0 0 0 0 0
22.40911865234375 -0.0122528076171875 -7.588176250457764 -0.3149793914661529 0.6868740369068123 0.6549748394976337 -0.9478357360129475 -0.19206411349499725 -0.25439888726992294 0 0 0 0 0 0
22.042282104492188 -0.3347930908203125 -7.501373291015625 -0.3254315280223495 0.9347144216541589 0.14284001722476108 -0.9297151160604091 -0.28876069663118187 -0.2285761646582045 0 0 0 0 0 0
21.711563110351562 -0.487396240234375 -7.299838542938232 -0.3328294661238506 0.8381199083331945 -0.43218001542791207 -0.9188188595089539 -0.39133090963736405 -0.05130324135041152 0 0 0 0 0 0
21.379684448242188 -0.514373779296875 -7.057522296905518 -0.3339799948790418 0.4185145087170722 -0.8445726546685626 -0.9079658939420524 -0.38343484117917004 0.16904336132458564 0 0 0 0 0 0
21.048004150390625 -0.4150390625 -6.832029342651367 -0.32833253807465534 -0.15697553086757368 -0.9314270916987 -0.9020154565363872 -0.240513134024894 0.35849902165972036 0 0 0 0 0 0
20.8907470703125 -0.47393798828125 -5.956164360046387 -0.3150174424854751 0.686873827729894 0.654956758656321 0.6413657439969157 -0.3546084752377278 0.680369614045819 0 0 0 0 0 0
20.42462158203125 -0.334808349609375 -3.979576587677002 -0.32549985024778916 0.9346915306013803 0.1428341349633055 -0.9297022923488812 -0.2888400514278658 -0.22852805581018557 0 0 0 0 0 0
19.997268676757812 -0.3560943603515625 -3.977705717086792 -0.3020842015456942 0.8890865621196484 -0.34390437658565065 -0.9384576318950139 -0.3407333651849831 -0.056551277507407405 0 0 0 0 0 0
19.747177124023438 -0.4253082275390625 -3.6747617721557617 -0.2996440281443323 0.5654517414619271 -0.7684255230502905 -0.9335916148636904 -0.33969334164371706 0.11408387396618233 0 0 0 0 0 0
19.380142211914062 -0.30706787109375 -3.531982660293579 -0.31047700132936257 0.05969977971255098 -0.9487043627747264 -0.941278788680844 -0.15858790503181447 0.29806730507914364 0 0 0 0 0 0
18.916900634765625 -0.4777679443359375 -3.351801633834839 -0.28068477729965663 -0.25764405896736625 -0.9245731959510086 -0.9539941576092678 -0.030903937757151362 0.29822825801470537 0 0 0 0 0 0
18.740447998046875 -0.01617431640625 -3.2185676097869873 -0.31501731950761797 -0.68687355958515 -0.6549570990172264 -0.9479183378249987 0.19348421546865038 0.25301123133088943 0 0 0 0 0 0
18.375579833984375 0.3076934814453125 -3.3060386180877686 -0.32547757194482535 -0.9346989530933087 -0.14283633027760614 -0.9296983991111275 0.28880440182900136 0.22858894149630146 0 0 0 0 0 0
18.04486083984375 0.4603118896484375 -3.5075697898864746 -0.33289893462594533 -0.8381027263282508 0.43215983090294674 -0.91879829287528 0.39138456292915647 0.05126227570274574 0 0 0 0 0 0
17.712844848632812 0.4873046875 -3.7498867511749268 -0.333974494580136 -0.41854576293926354 0.8445593414885258 -0.9079625776492789 0.3834554642733279 -0.1690143914209789 0 0 0 0 0 0
17.3812255859375 0.3879241943359375 -3.9753897190093994 -0.3283318089462176 0.1569751822718352 0.931427407469218 -0.9020162778525906 0.24051142049680993 -0.35849810473636423 0 0 0 0 0 0
17.052001953125 0.1740570068359375 -4.122359752655029 -0.31883376119287893 0.6640271932381483 0.6763230880014887 -0.9038413346461273 0.0018058780969008267 -0.42786397440004986 0 0 0 0 0 0
16.72509765625 -0.1017303466796875 -4.124222755432129 -0.3090326845159825 0.9311035382873842 0.19376532427025903 -0.9124789463488512 -0.2328453003643088 -0.3364004140430651 0 0 0 0 0 0
16.400405883789062 -0.3365631103515625 -3.9561917781829834 -0.30208444923224886 0.8890872911044354 -0.3439022743871085 -0.9238793766097314 -0.3619583205909894 -0.12422991439329346 0 0 0 0 0 0
16.076614379882812 -0.4253082275390625 -3.6747686862945557 -0.29968121998371733 0.5654499393862833 -0.7684123453180064 -0.933582034285327 -0.33970859429362266 0.1141168533684725 0 0 0 0 0 0
15.709136962890625 -0.3037567138671875 -3.551623582839966 -0.31440678684637113 0.05935658339395214 -0.94743082512273 -0.9407953149047942 -0.15268898952943208 0.302638807705936 0 0 0 0 0 0
15.24615478515625 -0.48187255859375 -3.352747678756714 -0.2772169490777594 -0.2598980423925657 -0.9249885246339713 -0.9523176469134831 -0.05337277578021515 0.30040380520672766 0 0 0 0 0 0
15.177078247070312 -0.5204620361328125 -2.3641927242279053 -0.3149809900327256 0.6868775228932128 0.6549704149517657 0.5147264777237106 -0.45616702943868104 0.7259258187881406 0 0 0 0 0 0
14.688491821289062 -0.334808349609375 -0.40289565920829773 -0.32549997494609734 0.9346918886797402 0.142831507540844 -0.9297019453733489 -0.28884044708061135 -0.22852896730892383 0 0 0 0 0 0
14.357757568359375 -0.4874114990234375 -0.201363667845726 -0.33286465646453395 0.8381124647240747 -0.4321673483164649 -0.9188023957828372 -0.3913687699395212 -0.05130929174861922 0 0 0 0 0 0
14.025741577148438 -0.514404296875 0.04094232618808746 -0.3339375446253739 0.41854726292318967 -0.8445732087800814 -0.9079810072122626 -0.3834198683288311 0.16899613934201904 0 0 0 0 0 0
13.694229125976562 -0.4150238037109375 0.2664443552494049 -0.3283676546288866 -0.1569740821094178 -0.9314149563644712 -0.9020135088543717 -0.24047415345442374 0.35853007037709195 0 0 0 0 0 0
13.364837646484375 -0.2011871337890625 0.41342833638191223 -0.3187973627021556 -0.6640308355338544 -0.6763366698578167 -0.9038566704747157 -0.0018237253251942617 0.42783150101915085 0 0 0 0 0 0
13.038055419921875 0.0746307373046875 0.4152663052082062 -0.30903273805330556 -0.9311036995932702 -0.1937644637569079 -0.9124781568196957 0.2328448509447101 0.33640286668734987 0 0 0 0 0 0
12.713302612304688 0.3094635009765625 0.24725832045078278 -0.302050274381371 -0.8890989826984863 0.3439020655806758 -0.9238819252358464 0.36193633168719946 0.12427501771200691 0 0 0 0 0 0
12.389556884765625 0.398193359375 -0.03418169915676117 -0.2996809368929992 -0.5654494052399347 0.7684128487842576 -0.9335904754312506 0.33967638791581123 -0.11414366244570506 0 0 0 0 0 0
12.022445678710938 0.27996826171875 -0.17696665227413177 -0.3104413900219703 -0.05970026731191736 0.9487159856585704 -0.9412864421137999 0.15861431185646946 -0.2980290824182147 0 0 0 0 0 0
11.559829711914062 0.449310302734375 -0.3607296645641327 -0.2807215510542076 0.25764279872538637 0.9245623824484047 -0.954053732002754 0.030247884042365756 -0.2981049177094822 0 0 0 0 0 0
11.38177490234375 -0.0129547119140625 -0.4948066771030426 -0.3149810592015941 0.68687767372943 0.654970223503549 -0.9479308027846163 -0.19346285695258333 -0.2529808611572371 0 0 0 0 0 0
11.016983032226562 -0.33685302734375 -0.407316654920578 -0.32549997494609734 0.9346918886797402 0.142831507540844 -0.9297020010179592 -0.2888405139699378 -0.2285286563929891 0 0 0 0 0 0
10.686248779296875 -0.489471435546875 -0.20578669011592865 -0.3328648065124456 0.8381128425263514 -0.4321665000643054 -0.9187935926430594 -0.39138452393200107 -0.051346748140273804 0 0 0 0 0 0
10.354217529296875 -0.5164642333984375 0.036522284150123596 -0.33393783880977307 0.4185476316450571 -0.8445729097332992 -0.9079705256126586 -0.38345384354941586 0.1689753665060468 0 0 0 0 0 0
10.022720336914062 -0.4170684814453125 0.2620142996311188 -0.3283683838220685 -0.15697443069561012 -0.9314146405408665 -0.9020139324586257 -0.24047161212397777 0.35853070916313606 0 0 0 0 0 0
9.882415771484375 -0.2022247314453125 1.0624363422393799 -0.31879717795840784 0.6640304507265772 0.676337134743919 0.840171890015453 -0.13231665773056017 0.5259310765821654 0 0 0 0 0 0
9.383041381835938 -0.103790283203125 2.930201292037964 -0.30903275589903123 0.9311037533617522 0.1937641769190248 -0.9124898834261026 -0.23285725759659123 -0.33636246852110707 0 0 0 0 0 0
9.05828857421875 -0.338623046875 3.0981972217559814 -0.30209525232541584 0.8890809383376868 -0.34390920837776606 -0.9238787319823193 -0.3619660383436745 -0.12421222031880598 0 0 0 0 0 0
8.734542846679688 -0.4273529052734375 3.37964129447937 -0.29968039644805283 0.5654483855078268 -0.7684138099431387 -0.9335906779721681 -0.3396757687334619 0.11414384844922318 0 0 0 0 0 0
8.367034912109375 -0.3058013916015625 3.5027754306793213 -0.31440678832169594 0.059318436767803594 -0.9474332137500038 -0.9407946511435541 -0.1526819685757839 0.3026444132170658 0 0 0 0 0 0
7.9040679931640625 -0.4839324951171875 3.7016522884368896 -0.2772520114368678 -0.25989515051174744 -0.9249788283494316 -0.9523177430446137 -0.053286811375225424 0.3004187610917045 0 0 0 0 0 0
7.729736328125 -0.0168914794921875 3.8351452350616455 -0.31501596675330806 -0.686870609997586 -0.6549608429608771 -0.9478228365454321 0.1920815103809349 0.25443381043554353 0 0 0 0 0 0
7.362884521484375 0.305633544921875 3.7483551502227783 -0.32551173338037975 -0.9346875063033008 -0.14283338892646044 -0.929700050082001 0.28885377256792005 0.22851983491768346 0 0 0 0 0 0
7.0321502685546875 0.458251953125 3.546830415725708 -0.3328647582827771 -0.8381127210899492 0.4321667727169104 -0.9187935872252112 0.3913845378006245 0.05134673937476348 0 0 0 0 0 0
6.70013427734375 0.4852447509765625 3.3045132160186768 -0.3339374080399008 -0.4185470917310705 0.8445733476229615 -0.9079706668544449 0.3834535564624003 -0.1689752590417645 0 0 0 0 0 0
6.368621826171875 0.3858642578125 3.079022169113159 -0.3283680306187475 0.15697426184899463 0.9314147935181879 -0.9020138890094409 0.24047229030530054 -0.3585303636087012 0 0 0 0 0 0
6.0392303466796875 0.172027587890625 2.932023286819458 -0.31879704944106946 0.6640301830346651 0.6763374581424699 -0.9038560498820228 0.0018262836245440627 -0.4278328011966696 0 0 0 0 0 0
5.7124481201171875 -0.103790283203125 2.930201292037964 -0.30903275589903123 0.9311037533617522 0.1937641769190248 -0.9124787389589191 -0.23284558636090794 -0.3364007786260107 0 0 0 0 0 0
5.3876953125 -0.338623046875 3.0981972217559814 -0.3020605850291132 0.8890911839717747 -0.3439131715354006 -0.9238710593420597 -0.3619565496432811 -0.1242969101808707 0 0 0 0 0 0
5.0639495849609375 -0.4273529052734375 3.37964129447937 -0.29968039644805283 0.5654483855078268 -0.7684138099431387 -0.9335906779721681 -0.3396757687334619 0.11414384844922318 0 0 0 0 0 0
4.69683837890625 -0.3091278076171875 3.5224173069000244 -0.31044147779638004 0.059700284191611545 -0.9487159558745919 -0.9412856160287415 -0.15862024796039392 0.2980285321816958 0 0 0 0 0 0
4.2336883544921875 -0.479827880859375 3.702592134475708 -0.2806869428603624 -0.2576460467625561 -0.9245719845935906 -0.9539889902041205 -0.030944231605656833 0.29824060940733454 0 0 0 0 0 0
4.1634063720703125 -0.5217437744140625 4.690014362335205 -0.31498160486746785 0.6868788636603641 0.6549687131854172 0.5150200589117733 -0.45595669744731326 0.7258497289187706 0 0 0 0 0 0
3.6757965087890625 -0.33685302734375 6.651500701904297 -0.3254997948256132 0.9346913714534162 0.14283530270565242 -0.9297023337261285 -0.28883973994520895 -0.22852828116575538 0 0 0 0 0 0
3.3450775146484375 -0.489471435546875 6.853044509887695 -0.3328647582827771 0.8381127210899492 -0.4321667727169104 -0.9188023948317824 -0.39136876285941824 -0.05130936278370757 0 0 0 0 0 0
3.0130462646484375 -0.5164642333984375 7.095348358154297 -0.33393808046155365 0.4185479345241223 -0.844572664087137 -0.9079705141914969 -0.3834537840478959 0.1689755629023871 0 0 0 0 0 0
2.681549072265625 -0.4170684814453125 7.32083797454834 -0.3283680306187475 -0.15697426184899463 -0.9314147935181879 -0.902013960149853 -0.24047204715943354 0.3585303477109443 0 0 0 0 0 0
2.3521575927734375 -0.2032470703125 7.467833518981934 -0.31883183326551273 -0.6640231779914788 -0.6763279390847675 -0.9038671368242486 -0.001743991421701245 0.4278097210946194 0 0 0 0 0 0
2.0253753662109375 0.07257080078125 7.469670295715332 -0.3090328272816903 -0.9311039684349458 -0.19376302956699548 -0.9124809903810033 0.232848447270038 0.3363926913552611 0 0 0 0 0 0
1.70062255859375 0.307403564453125 7.301662445068359 -0.3020848826810535 -0.8890885668199663 0.3438985955272171 -0.9238797214523474 0.3619576352153563 0.12422934676814451 0 0 0 0 0 0
1.3768768310546875 0.396148681640625 7.0202178955078125 -0.2996806709596125 -0.5654489034666925 0.7684133217361029 -0.9335875896061906 0.33968750373113854 -0.11413418568602052 0 0 0 0 0 0
1.009368896484375 0.2745819091796875 6.89708137512207 -0.31440678832169594 -0.059318436767803594 0.9474332137500038 -0.9408008026668437 0.1526340649934582 -0.30264945383230984 0 0 0 0 0 0
0.5464019775390625 0.45269775390625 6.6982035636901855 -0.2772140476329822 0.2599334691855154 0.9249794394429107 -0.9523173433545041 0.053370695317210566 -0.30040513715244166 0 0 0 0 0 0
0.3720703125 -0.014312744140625 6.564711570739746 -0.31501596675330806 0.686870609997586 0.6549608429608771 -0.9478228100946063 -0.1920811316773553 -0.2544341948675733 0 0 0 0 0 0
0.005218505859375 -0.33685302734375 6.651501655578613 -0.3254997948256132 0.9346913714534162 0.14283530270565242 -0.9297023337261285 -0.28883973994520895 -0.22852828116575538 0 0 0 0 0 0
-0.3255157470703125 -0.489471435546875 6.853043556213379 -0.33286492976596826 0.8381131528636361 -0.43216580328488774 -0.9187936099070928 -0.3913844823680466 -0.051346756035698486 0 0 0 0 0 0
-0.6575469970703125 -0.5164642333984375 7.0953474044799805 -0.3339377442504567 0.41854751312725735 -0.8445730058555654 -0.9079705300817912 -0.3834538668325773 0.16897528965542724 0 0 0 0 0 0
-1.0012054443359375 -0.41717529296875 7.312658309936523 -0.3283680306187475 -0.15697426184899463 -0.9314147935181879 -0.9045299862995103 -0.23173474873165492 0.3579448422806013 0 0 0 0 0 0
-1.1428985595703125 -0.200164794921875 8.11515998840332 -0.31879807758095685 0.6640323245724202 0.6763348709431105 0.8401692435317031 -0.13231846627425128 0.5259348492980814 0 0 0 0 0 0
-1.64227294921875 -0.1017303466796875 9.982909202575684 -0.3090671882500103 0.9310925611955382 0.1937630399058746 -0.9124908785336001 -0.23290147508160122 -0.3363291535055996 0 0 0 0 0 0
-1.9670257568359375 -0.3365631103515625 10.150921821594238 -0.302084387310714 0.8890871088585443 -0.3439027999372288 -0.923879351120896 -0.3619583901465682 -0.12422990129166568 0 0 0 0 0 0
-2.2907867431640625 -0.4253082275390625 10.432348251342773 -0.29968121998371733 0.5654499393862833 -0.7684123453180064 -0.9335904134606143 -0.33967654346019993 0.11414370642909082 0 0 0 0 0 0
-2.6582794189453125 -0.3037567138671875 10.555489540100098 -0.31440607665103304 0.059356449316792945 -0.9474310692020859 -0.9408009238176506 -0.1526470346837842 0.30264253591671936 0 0 0 0 0 0
-3.121246337890625 -0.4818572998046875 10.754364967346191 -0.2772495682482188 -0.2599310068854379 -0.9249694852078629 -0.9523117707496369 -0.05332637245982809 0.30043067302119286 0 0 0 0 0 0
-3.29559326171875 -0.0148468017578125 10.887871742248535 -0.3149811129996098 -0.6868777910465028 -0.6549700745992931 -0.9478304509156289 0.19199951934558063 0.25446732774197495 0 0 0 0 0 0
-3.662445068359375 0.30767822265625 10.801066398620605 -0.3254776273663275 -0.9346991122514952 -0.14283516247847772 -0.9297079374795366 0.28881622715126365 0.22853520061832008 0 0 0 0 0 0
-3.9931640625 0.460296630859375 10.599539756774902 -0.3329093204541565 -0.8380907265243288 0.43217510162973805 -0.9188001659291758 0.39138483631194265 0.051226604353530415 0 0 0 0 0 0
-4.3251953125 0.4873046875 10.357236862182617 -0.3339374080399008 -0.4185470917310705 0.8445733476229615 -0.9079766706074591 0.3834340290792373 -0.16898731010539408 0 0 0 0 0 0
-4.6566925048828125 0.387908935546875 10.131732940673828 -0.3283680306187475 0.15697426184899463 0.9314147935181879 -0.9020136755878179 0.24047301974293783 -0.3585304113018418 0 0 0 0 0 0
-4.986083984375 0.174072265625 9.984748840332031 -0.31879000214124503 0.6640536505055394 0.6763177387774565 -0.9038564201320675 0.00182215016864628 -0.4278320366157806 0 0 0 0 0 0
-5.3128662109375 -0.1017303466796875 9.982909202575684 -0.3090326845159825 0.9311035382873842 0.19376532427025903 -0.9124810199506952 -0.23284747189747257 -0.3363932862895675 0 0 0 0 0 0
-5.6376190185546875 -0.3365631103515625 10.150921821594238 -0.302084387310714 0.8890871088585443 -0.3439027999372288 -0.9238694491075939 -0.36197019881421605 -0.1242691280086406 0 0 0 0 0 0
-5.96136474609375 -0.4253082275390625 10.432348251342773 -0.29968121998371733 0.5654499393862833 -0.7684123453180064 -0.9335904134606143 -0.33967654346019993 0.11414370642909082 0 0 0 0 0 0
-6.3284912109375 -0.3070831298828125 10.57514476776123 -0.3104411266990221 0.05970021667288886 -0.9487160750103539 -0.9412798568278107 -0.15866381340355304 0.2980235316991915 0 0 0 0 0 0
-6.7916259765625 -0.4777679443359375 10.755304336547852 -0.2806866334926751 -0.25764576279009616 -0.9245721576463668 -0.9539890301999161 -0.030944870845177334 0.2982404151462355 0 0 0 0 0 0
-6.968231201171875 -0.0161895751953125 10.888564109802246 -0.3150072209637159 -0.6868896861096673 -0.6549450433867559 -0.9479250754554907 0.19353270383537102 0.2529488957652774 0 0 0 0 0 0
-7.333038330078125 0.30767822265625 10.801066398620605 -0.3254776273663275 -0.9346991122514952 -0.14283516247847772 -0.9297006922553412 0.28880751899269713 0.22857567629391906 0 0 0 0 0 0
-7.66375732421875 0.460296630859375 10.599539756774902 -0.33287540054123393 -0.838101369458046 0.4321805898314509 -0.9188043493657344 0.3913688713581315 0.05127352258692425 0 0 0 0 0 0
-7.99578857421875 0.4873046875 10.357236862182617 -0.3339374080399008 -0.4185470917310705 0.8445733476229615 -0.9079766706074591 0.3834340290792373 -0.16898731010539408 0 0 0 0 0 0
-8.3272705078125 0.387908935546875 10.131732940673828 -0.3283680306187475 0.15697426184899463 0.9314147935181879 -0.9020136755878179 0.24047301974293783 -0.3585304113018418 0 0 0 0 0 0
-8.65667724609375 0.174072265625 9.984748840332031 -0.31875573176506666 0.6640617255344997 0.6763259629402524 -0.9038691693811406 0.0018404394614182048 -0.4278050226736896 0 0 0 0 0 0
-8.98345947265625 -0.1017303466796875 9.982909202575684 -0.3089981795616586 0.9311145144124645 0.19376760843345672 -0.9124711550782528 -0.2327934682212754 -0.3364574152900622 0 0 0 0 0 0
-9.308197021484375 -0.3365631103515625 10.150921821594238 -0.3021190524121463 0.8890768629507442 -0.34389883677507604 -0.9238870187723642 -0.3619678762344706 -0.12414520980779013 0 0 0 0 0 0
-9.6319580078125 -0.4253082275390625 10.432348251342773 -0.29968121998371733 0.5654499393862833 -0.7684123453180064 -0.9335820502599252 -0.3397085331966197 0.11411690455789433 0 0 0 0 0 0
-9.99945068359375 -0.3037567138671875 10.555489540100098 -0.31440607665103304 0.059356449316792945 -0.9474310692020859 -0.9408062613194406 -0.15260545627721192 0.30264691205522076 0 0 0 0 0 0
-10.462432861328125 -0.4818572998046875 10.754364967346191 -0.2772495682482188 -0.2599310068854379 -0.9249694852078629 -0.9523117707496369 -0.05332637245982809 0.30043067302119286 0 0 0 0 0 0
-10.636749267578125 -0.0148468017578125 10.887869834899902 -0.315016950574239 -0.6868727551513378 -0.6549581200975508 -0.9478224702278031 0.1920825709331885 0.2544343743973328 0 0 0 0 0 0
-11.003662109375 0.3076934814453125 10.801074028015137 -0.3254776273663275 -0.9346991122514952 -0.14283516247847772 -0.9296983299050672 0.28880467995999975 0.22858887156843663 0 0 0 0 0 0
-11.334381103515625 0.4603118896484375 10.5995454788208 -0.3329325951881792 -0.838091435481151 0.43215579694643447 -0.9187940746395279 0.3914006104976877 0.051215334708768434 0 0 0 0 0 0
-11.666412353515625 0.4873046875 10.357232093811035 -0.33393471837492694 -0.4185437205859833 0.8445760817249685 -0.9079772813070308 0.3834331186206386 -0.16898609462066538 0 0 0 0 0 0
-11.997802734375 0.3878936767578125 10.131728172302246 -0.3283658430525224 0.15697321609678552 0.9314157409796325 -0.9020107379796656 0.24048634021025042 -0.35852886737563927 0 0 0 0 0 0
-12.167449951171875 0.174163818359375 9.33137321472168 -0.31883286149226076 -0.6640253194539104 -0.6763253518513034 0.831764150916899 0.14610486071191175 -0.5355574356927957 0 0 0 0 0 0
-12.670623779296875 0.0746307373046875 7.463570594787598 -0.3089870615404569 -0.9311191586593843 -0.193763020667087 -0.9124927773668546 0.23280395954632482 0.3363915095136576 0 0 0 0 0 0
-12.9952392578125 0.3094482421875 7.295533180236816 -0.3020494733467508 -0.8890966248159536 0.3439088649509193 -0.92389121393316 0.36192576066768867 0.12423674409057471 0 0 0 0 0 0
-13.31903076171875 0.398193359375 7.014120101928711 -0.2996823180358691 -0.5654520112329031 0.7684103924657143 -0.9335786965634907 0.3397210433751216 -0.11410709886300963 0 0 0 0 0 0
-13.6861572265625 0.27996826171875 6.8713178634643555 -0.3104432378747036 -0.05966247530548494 0.9487177583972447 -0.9412793609811015 0.1586507148456097 -0.29803207087490796 0 0 0 0 0 0
-14.148834228515625 0.4493408203125 6.687561511993408 -0.28068508666359965 0.2576443429363892 0.9245730229016655 -0.9540558716731631 0.030336002502575385 -0.29808911532983695 0 0 0 0 0 0
-14.326751708984375 -0.0129852294921875 6.553496360778809 -0.3150171965297928 0.6868732914404758 0.6549574393777331 -0.9479184118862037 -0.1934845071634845 -0.2530107307899039 0 0 0 0 0 0
-14.691619873046875 -0.33685302734375 6.640960693359375 -0.3254773502544746 0.9346983164480939 0.14284100146815445 -0.9296987594523788 -0.2888033896736589 -0.22858875472278298 0 0 0 0 0 0
-15.0223388671875 -0.489471435546875 6.842507362365723 -0.3328757435403051 0.8381022330484188 -0.4321786509323927 -0.9188006744094426 -0.3913754254941361 -0.05128934610655049 0 0 0 0 0 0
-15.354339599609375 -0.5164642333984375 7.084812164306641 -0.33401455908669825 0.41851001915716834 -0.844561210441958 -0.9079731514533352 -0.38338781757858953 0.1691110214392456 0 0 0 0 0 0
-15.68597412109375 -0.417083740234375 7.310323715209961 -0.3282965364546631 -0.15701470416539545 -0.931433178938632 -0.9020170268009272 -0.2405400395124042 0.3584770184441209 0 0 0 0 0 0
-16.01519775390625 -0.203216552734375 7.457300186157227 -0.3188242712671897 -0.6640455748048862 -0.6763095139305624 -0.9038650247154596 -0.00174789791192294 0.4278141675412485 0 0 0 0 0 0
-16.342041015625 0.07257080078125 7.459146499633789 -0.3090673310282914 -0.9310929913278866 -0.1937607452275535 -0.9124892883599347 0.23290081562898307 0.3363339244080715 0 0 0 0 0 0
-16.666748046875 0.3074188232421875 7.2911224365234375 -0.30212004323924635 -0.8890797787597366 0.34389042800527847 -0.9238640801357703 0.36199461195758237 0.12423792636939252 0 0 0 0 0 0
-16.99066162109375 0.3961639404296875 7.009703636169434 -0.29967847487633326 -0.5654447598131221 0.768417227354824 -0.9335992948187806 0.3396433550464975 -0.11416982126041327 0 0 0 0 0 0
-17.3580322265625 0.2745819091796875 6.886551856994629 -0.3144018155425386 -0.059355644865832335 0.9474325336434867 -0.9408079872834704 0.152602357027055 -0.30264310944314066 0 0 0 0 0 0
-17.821014404296875 0.4527130126953125 6.687702655792236 -0.2772520114368678 0.25989515051174744 0.9249788283494316 -0.9523123973987646 0.053327271547654695 -0.30042852705743506 0 0 0 0 0 0
-17.859619140625 0.49090576171875 5.6989665031433105 -0.31493653029685087 -0.6869019017751203 -0.6549662275433017 0.5357462480668634 0.44097157115669816 -0.7200833501157154 0 0 0 0 0 0
-18.345611572265625 0.3056488037109375 3.7377984523773193 -0.3255458381239292 -0.9346758994272922 -0.14283161523266016 -0.9296870847645011 0.2888852136603475 0.22853283735712646 0 0 0 0 0 0
-18.676422119140625 0.458251953125 3.536302328109741 -0.33287557204087354 -0.8381018012534943 0.43217962038267105 -0.918783067002223 0.39140697551586806 0.05136394949290446 0 0 0 0 0 0
-19.0084228515625 0.4852447509765625 3.293987512588501 -0.33394643817494857 -0.4185202619622299 0.8445830727390478 -0.9079580987859236 0.38348318640977375 -0.1689755502729838 0 0 0 0 0 0
-19.34002685546875 0.3858795166015625 3.0684831142425537 -0.3283662076450238 0.15697339038792668 0.9314155830707069 -0.9020144840115951 0.24047299048864498 -0.3585283970325696 0 0 0 0 0 0
-19.66943359375 0.172027587890625 2.921508550643921 -0.3187529048368969 0.6640558362135832 0.6763330777425564 -0.9038707235999096 0.0018447776252666671 -0.42780172020982915 0 0 0 0 0 0
-19.99603271484375 -0.103790283203125 2.919691324234009 -0.3090672596393457 0.9310927762622995 0.19376189256711157 -0.9124873780051475 -0.23289831148640386 -0.3363408412430365 0 0 0 0 0 0
-20.2906494140625 -0.3383941650390625 3.101337194442749 -0.30218887452603777 0.8890578261270339 -0.34388670505699903 -0.9261074254121386 -0.35928632637945573 -0.11505812562898612 0 0 0 0 0 0
-20.613250732421875 -0.425323486328125 3.379350423812866 -0.2997517576097263 0.5654390815791515 -0.7683928219555447 -0.9335716944563173 -0.339706445547585 0.11420780255037838 0 0 0 0 0 0
-20.9808349609375 -0.30377197265625 3.5024664402008057 -0.31433377339602225 0.059319055537720225 -0.9474574019726327 -0.9408198463287196 -0.1526675704014932 0.30257334598690255 0 0 0 0 0 0
-21.443634033203125 -0.4818267822265625 3.701350450515747 -0.27725262286748087 -0.2598957236648524 -0.924978484038318 -0.9523121015382348 -0.053327821493667396 0.30042936727052916 0 0 0 0 0 0
-21.618011474609375 -0.014862060546875 3.834862470626831 -0.3150167046188136 -0.6868722188624797 -0.6549588008157741 -0.9478225772371814 0.19208252670423123 0.2544340091544084 0 0 0 0 0 0
-21.98492431640625 0.3076934814453125 3.7480661869049072 -0.32554589355385843 -0.9346760585723739 -0.14283044746072895 -0.9296875998040134 0.28888619408729804 0.2285295027702302 0 0 0 0 0 0
-22.315673828125 0.4603118896484375 3.5465381145477295 -0.33286492976596826 -0.8381131528636361 0.43216580328488774 -0.9187848470924953 0.39140017359142076 0.05138393587324663 0 0 0 0 0 0
-22.647674560546875 0.4873046875 3.304225206375122 -0.3339350545811553 -0.41854414197674616 0.8445757399658305 -0.9079772654135518 0.3834330358244493 -0.1689863678838486 0 0 0 0 0 0
-22.97906494140625 0.3878936767578125 3.0787293910980225 -0.3283731350446363 0.15697670198753233 0.9314125827011758 -0.9020113407881707 0.24047334480033336 -0.3585360672652988 0 0 0 0 0 0
-23.70513916015625 0.240570068359375 3.0551631450653076 0.9970891737122899 0.024185268043981627 -0.07230665581662586 -0.03300703778252576 -0.7179589951201889 -0.6953023923321648 0 0 0 0 0 0
-19.405059814453125 0.0994415283203125 1.8448772430419922 0 1 0 0 0 1 0 0 0 0 0 0
-19.87506103515625 0.0994415283203125 2.3026304244995117 0 1 0 0 0 1 0 0 0 0 0 0
-23.048492431640625 -0.0338134765625 4.118915557861328 0.9919681965339325 0.02346025384050025 -0.12429285399795521 -0.08407838493730618 0.8564306238759464 -0.5093696218599922 0 0 0 0 0 0
-23.270904541015625 0.4464111328125 3.5472195148468018 0.3284412005664659 -0.15697276891184753 -0.9313892460140422 0.9358591530214252 -0.07918223259529916 0.34336251942698215 0 0 0 0 0 0
-22.703338623046875 0.2818756103515625 3.7283313274383545 0.33393539078792467 0.4185445633681871 -0.8445753982056602 0.918000438200441 0.058939174219958375 0.3921751766826501 0 0 0 0 0 0
-22.370849609375 0.040496826171875 3.759392499923706 0.33293276669760613 0.8380918672219414 -0.43215482752772416 0.9076410199463621 -0.16058873416366984 0.38781314749559204 0 0 0 0 0 0
-22.0391845703125 -0.1847686767578125 3.663783311843872 0.3254660776811044 0.9347040906493321 0.1428289018451181 0.9019830970880895 -0.35223126606290744 0.24971909773803716 0 0 0 0 0 0
-21.710235595703125 -0.3334197998046875 3.453691244125366 0.315016950574239 0.6868727551513378 0.6549581200975508 0.9041363944438269 -0.4270463986876068 0.01299052000739256 0 0 0 0 0 0
-21.271392822265625 -0.42779541015625 3.2656962871551514 0.27725262286748087 0.2598957236648524 0.924978484038318 0.9173704092337656 -0.3577702030679944 -0.17444774019447754 0 0 0 0 0 0
-20.954071044921875 -0.4622802734375 3.1470701694488525 0.3144018155425386 -0.059355644865832335 0.9474325336434867 0.9411042365964417 0.15027335914809795 -0.30288732788047706 0 0 0 0 0 0
-20.669677734375 -0.07080078125 2.8692073822021484 0.29975189489214027 -0.5654393405429111 0.7683925778369864 0.9379531529463647 0.027487150362473123 -0.34567085419937343 0 0 0 0 0 0
-20.453369140625 -1.3508758544921875 2.063718318939209 0.3021188666300914 0.88907631623075 -0.3439004134102026 -0.09164412744671818 -0.3319988092192005 -0.9388174181285533 0 0 0 0 0 0
-20.067779541015625 -0.515533447265625 0.28313830494880676 0.3090672953338673 0.9310928837952398 0.19376131889743192 0.9408843609504978 -0.3290483424722716 0.08039780864566047 0 0 0 0 0 0
-19.741790771484375 -0.594512939453125 0.0144053865224123 0.31876399226580876 0.6640407866647837 0.6763426283182059 0.9357644601091993 -0.33399083535509866 -0.11311497290519111 0 0 0 0 0 0
-19.412445068359375 -0.509490966796875 -0.2406216710805893 0.3282984114981318 0.15697745332498403 0.9314387967845261 0.9283974527944949 -0.23534042103766128 -0.2875640030854174 0 0 0 0 0 0
-19.080841064453125 -0.311004638671875 -0.39809462428092957 0.3340089847785192 -0.418541181017578 0.8445479725152586 0.9179901009772558 -0.05883973722030031 -0.3922143034510776 0 0 0 0 0 0
-18.748046875 -0.0696868896484375 -0.42920467257499695 0.33287557204087354 -0.8381018012534943 0.43217962038267105 0.907646923522564 0.16050501639276202 -0.38783398759364035 0 0 0 0 0 0
-18.416473388671875 0.155609130859375 -0.33356764912605286 0.32554573419164123 -0.9346756010269034 -0.14283380480342342 0.9020025353635203 0.35230114982786104 -0.24955024750087576 0 0 0 0 0 0
-18.087493896484375 0.3042449951171875 -0.12347970902919769 0.3150169275159125 -0.6868727048742456 -0.6549581839149521 0.9041363950764387 0.4270463974639709 -0.01299051620323247 0 0 0 0 0 0
-17.648773193359375 0.39862060546875 0.06455828249454498 0.2772521738478836 -0.2598953027553152 -0.9249787368920142 0.917342312206597 0.35785861391252644 0.17441414702959132 0 0 0 0 0 0
-17.331329345703125 0.43316650390625 0.18312229216098785 0.31433315063261474 0.059357085240818994 -0.9474552268287341 0.9411479387371198 -0.15010114005681438 0.30283692833687764 0 0 0 0 0 0
-17.046905517578125 0.0416259765625 0.4610183537006378 0.2996089540629015 0.5654575408803653 -0.7684349316024514 0.9379715365293915 -0.027278322217619402 0.3456375121390681 0 0 0 0 0 0
-16.72235107421875 -0.280029296875 0.462758332490921 0.3021303829176575 0.8890720586210763 -0.34390130313406975 0.9371538433758335 -0.21097203891887936 0.27790910859544454 0 0 0 0 0 0
-16.397857666015625 -0.5136260986328125 0.28586938977241516 0.3090672953338673 0.9310928837952398 0.19376131889743192 0.938900317694484 -0.33117133444769625 0.0937642825031432 0 0 0 0 0 0
-16.07122802734375 -0.594512939453125 0.0144053865224123 0.31883253314221494 0.6640246356073864 0.6763261780506477 0.9357653313420699 -0.33393334272937236 -0.1132773908238267 0 0 0 0 0 0
-15.74188232421875 -0.509490966796875 -0.2406216710805893 0.32836648108989047 0.1569735211065171 0.9314154646386673 0.9284012126771746 -0.23520260534806878 -0.2876646011191371 0 0 0 0 0 0
-15.410247802734375 -0.311004638671875 -0.39809462428092957 0.3340089847785192 -0.418541181017578 0.8445479725152586 0.9179723612240986 -0.058914903882341434 -0.39224453868624787 0 0 0 0 0 0
-15.19696044921875 -0.799346923828125 -1.5809836387634277 0.3328757006654667 0.8381021250997368 -0.4321788932951028 -0.31650469590615654 -0.33242543453891865 -0.8884357646678586 0 0 0 0 0 0
-14.7293701171875 -0.18682861328125 -3.405273675918579 0.32553425888002285 0.9346807997817201 0.14282593887259556 0.9020034347301075 -0.35228855044770524 0.24956478308956925 0 0 0 0 0 0
-14.400390625 -0.3354644775390625 -3.615372657775879 0.31501399911761163 0.6868663197035257 0.6549662886109969 0.9041599614010861 -0.4269983804829906 0.012928544546458826 0 0 0 0 0 0
-13.96051025390625 -0.419036865234375 -3.786177635192871 0.28068508666359965 0.2576443429363892 0.9245730229016655 0.9180093356639584 -0.35321951752642683 -0.18026322995058128 0 0 0 0 0 0
-13.63995361328125 -0.46826171875 -3.9158687591552734 0.3104425310929542 -0.05970048674864504 0.9487155984648797 0.9441935699720553 0.1349687202898971 -0.3004695441583606 0 0 0 0 0 0
-13.36163330078125 -0.0673675537109375 -4.194955348968506 0.29968259254972823 -0.5654525291961077 0.7684099042492871 0.9371037235290844 0.023382897278808865 -0.3482669255941112 0 0 0 0 0 0
-13.0341796875 0.2508544921875 -4.197226524353027 0.3020494733467508 -0.8890966248159536 0.3439088649509193 0.9371645052459283 0.21086453410498343 -0.2779547415746722 0 0 0 0 0 0
-12.7098388671875 0.4844512939453125 -4.020278453826904 0.308998036806967 -0.9311140842449939 -0.19376990315848006 0.9389241312270392 0.331103185097786 -0.09376650050871624 0 0 0 0 0 0
-12.383331298828125 0.5653228759765625 -3.7488045692443848 0.31883260443532074 -0.6640247840877755 -0.6763259986620161 0.935765482065633 0.333932645142119 0.1132782021523175 0 0 0 0 0 0
-12.053802490234375 0.4803466796875 -3.493832588195801 0.3283644234581617 -0.15701068389333103 -0.9314099261605159 0.9284025318214423 0.23521031220039726 0.287654042109837 0 0 0 0 0 0
-11.722137451171875 0.2818450927734375 -3.336324691772461 0.33393522268447245 0.41854435267238194 -0.8445755690858745 0.9180001698240068 0.05894073972748625 0.392175569615793 0 0 0 0 0 0
-11.389556884765625 0.0405120849609375 -3.305248737335205 0.33287557204087354 0.8381018012534943 -0.43217962038267105 0.9076474217057843 -0.1605060322710801 0.3878324012707517 0 0 0 0 0 0
-11.05792236328125 -0.1847686767578125 -3.400855779647827 0.3254660499735888 0.934704011076283 0.14282948572510304 0.9020062795634401 -0.35222750976651146 0.2496406477154779 0 0 0 0 0 0
-10.728973388671875 -0.3334197998046875 -3.6109485626220703 0.3150171965297928 0.6868732914404758 0.6549574393777331 0.9041363974583577 -0.42704639184833526 0.012990535029040079 0 0 0 0 0 0
-10.2901611328125 -0.42779541015625 -3.7989516258239746 0.27725247000959613 0.2598955803763592 0.9249785701163099 0.9173658362116889 -0.3577846279561656 -0.17444220403875146 0 0 0 0 0 0
-9.972808837890625 -0.4622802734375 -3.917560577392578 0.3144064317483239 -0.05935651635530114 0.9474309471626147 0.9411140575649197 0.1501839862197793 -0.30290114053405337 0 0 0 0 0 0
-9.688323974609375 -0.07080078125 -4.195450782775879 0.299681082727568 -0.5654496804061533 0.7684125894230338 0.9379618880149296 0.02738250616250959 -0.345655457048965 0 0 0 0 0 0
-9.472137451171875 -1.3508758544921875 -5.000922679901123 0.30211917626650336 0.8890772274297215 -0.34389778568337576 -0.09167638690764783 -0.3319853261451841 -0.9388190365069484 0 0 0 0 0 0
-9.0557861328125 -0.511566162109375 -6.768545627593994 0.3089981795616586 0.9311145144124645 0.19376760843345672 0.9389114463416101 -0.3311158522526387 0.0938487523396803 0 0 0 0 0 0
-8.729156494140625 -0.5924530029296875 -7.040006637573242 0.31883209032194676 0.6640237133565599 0.6763272922787482 0.9357655271210121 -0.33393264814027246 -0.11327782112117014 0 0 0 0 0 0
-8.3997802734375 -0.5074310302734375 -7.295003414154053 0.32836766602250705 0.15697408755606607 0.9314149514297437 0.9283863731149296 -0.23528258727097584 -0.2876470864472342 0 0 0 0 0 0
-8.06805419921875 -0.3089752197265625 -7.452502250671387 0.3339430758785935 -0.4185160481453106 0.8445864902528194 0.9179996653165112 -0.05894057097998202 -0.39217677592040995 0 0 0 0 0 0
-7.73541259765625 -0.067626953125 -7.483588218688965 0.33294323907480483 -0.8380800827765196 0.4321696130082253 0.9076432192268139 0.16060181284283057 -0.3878025841883757 0 0 0 0 0 0
-7.403778076171875 0.1576690673828125 -7.387966632843018 0.3254656897660073 -0.9347029765982744 -0.14283707615133662 0.9019814106371925 0.35223338280221766 -0.24972220346746665 0 0 0 0 0 0
-7.0748291015625 0.3062896728515625 -7.177883625030518 0.31501547484361325 -0.6868695374223904 -0.6549622043829736 0.9041363337570367 0.4270465265221647 -0.012990541395128015 0 0 0 0 0 0
-6.6348876953125 0.3898773193359375 -7.007070541381836 0.2806866334926751 -0.25764576279009616 -0.9245721576463668 0.91801307913017 0.35320680742096616 0.1802690703848903 0 0 0 0 0 0
-6.315338134765625 0.4410858154296875 -6.872936248779297 0.31044182889448807 0.05970035171047847 -0.9487158367384254 0.9447628877484637 -0.12973630740149483 0.3009843458969399 0 0 0 0 0 0
-6.036956787109375 0.0402679443359375 -6.593871593475342 0.29968094547150065 0.565449421426178 -0.7684128335277255 0.9371198655777803 -0.023452430595220213 0.3482188120114412 0 0 0 0 0 0
-5.7095794677734375 -0.277984619140625 -6.591611385345459 0.302084387310714 0.8890871088585443 -0.3439027999372288 0.9371579360275533 -0.2109072155130235 0.27794450774411744 0 0 0 0 0 0
-5.3852081298828125 -0.511566162109375 -6.768545627593994 0.3090326845159825 0.9311035382873842 0.19376532427025903 0.9389123306924696 -0.33113713631500286 0.0937647707123208 0 0 0 0 0 0
-5.058563232421875 -0.5924530029296875 -7.040006637573242 0.3187978205457321 0.6640317891874546 0.6763355177452972 0.9357650948877152 -0.3339613962280712 -0.11319661222484949 0 0 0 0 0 0
-4.72918701171875 -0.5074310302734375 -7.295003414154053 0.32836766602250705 0.15697408755606607 0.9314149514297437 0.9283936740556971 -0.23524233474271117 -0.2876564442493205 0 0 0 0 0 0
-4.3974609375 -0.3089752197265625 -7.452502250671387 0.3339430758785935 -0.4185160481453106 0.8445864902528194 0.9179907929572998 -0.05897815756349604 -0.39219189305242363 0 0 0 0 0 0
-4.1843414306640625 -0.79730224609375 -8.635381698608398 0.33289867738155837 0.8381020786925885 -0.4321612850415588 -0.31646109167189823 -0.33242376204738294 -0.8884519232260661 0 0 0 0 0 0
-3.716705322265625 -0.1847686767578125 -10.459680557250977 0.3254660222659646 0.9347039315029221 0.14283006960493883 0.9019941787480092 -0.3522296702643891 0.24968131866470208 0 0 0 0 0 0
-3.3877410888671875 -0.333404541015625 -10.669766426086426 0.3149811129996098 0.6868777910465028 0.6549700745992931 0.9041489823853821 -0.427019200510924 0.013008460573389592 0 0 0 0 0 0
-2.949005126953125 -0.4277801513671875 -10.857783317565918 0.2772529285837134 0.2598960102422729 0.924978311881907 0.917365804132409 -0.35778453817776484 -0.17444255687595928 0 0 0 0 0 0
-2.6316375732421875 -0.4622802734375 -10.976384162902832 0.3143724102070461 -0.05935729526540028 0.9474421877874074 0.9411296520048571 0.15014677418619532 -0.3028711348390539 0 0 0 0 0 0
-2.347137451171875 -0.07080078125 -11.254274368286133 0.29968121998371733 -0.5654499393862833 0.7684123453180064 0.9379545584694308 0.02734827604374673 -0.3456780554849417 0 0 0 0 0 0
-2.0224761962890625 0.2508697509765625 -11.2560396194458 0.302084387310714 -0.8890871088585443 0.3439027999372288 0.9371580050957682 0.21090737623251996 -0.27794415290780033 0 0 0 0 0 0
-1.6981353759765625 0.4844512939453125 -11.07909870147705 0.3090328272816903 -0.9311039684349458 -0.19376302956699548 0.9389123050368005 0.331137023830667 -0.09376542485932898 0 0 0 0 0 0
-1.3714752197265625 0.565338134765625 -10.807644844055176 0.31879807758095685 -0.6640323245724202 -0.6763348709431105 0.9357673274732767 0.3339513838447304 0.11320769435736776 0 0 0 0 0 0
-1.0421142578125 0.4803314208984375 -10.552640914916992 0.3283680306187475 -0.15697426184899463 -0.9314147935181879 0.9283934801662884 0.2352428367917464 0.2876566594447263 0 0 0 0 0 0
-0.699432373046875 0.2834320068359375 -10.391095161437988 0.3339427396519336 0.4185156267673479 -0.8445868319985192 0.9180143289349578 0.05887929286101583 0.39215165528438894 0 0 0 0 0 0
-0.3641815185546875 0.0384521484375 -10.35794734954834 0.3329093204541565 0.8380907265243288 -0.43217510162973805 0.9076429929703241 -0.1605488230546725 0.3878250542804473 0 0 0 0 0 0
-0.032562255859375 -0.18682861328125 -10.453564643859863 0.3255001273521553 0.9346923263224963 0.14282829624262364 0.9020044263607014 -0.3522582339613451 0.24960398921518978 0 0 0 0 0 0
0.2964019775390625 -0.3354644775390625 -10.663657188415527 0.31497335165090573 0.6868990121324766 0.6549515515526494 0.9041493633468821 -0.4270176880629249 0.013031609295196858 0 0 0 0 0 0
0.735137939453125 -0.4298248291015625 -10.8516845703125 0.2772523171518657 0.2598954370880106 0.9249786561941595 0.9173542667728074 -0.3578210210508666 -0.17442839828376697 0 0 0 0 0 0
1.0525054931640625 -0.46435546875 -10.970285415649414 0.31440678832169594 -0.059318436767803594 0.9474332137500038 0.9411111802961232 0.15019374710237604 -0.3029052403854801 0 0 0 0 0 0
1.3369903564453125 -0.072845458984375 -11.248175621032715 0.29968012193682164 -0.5654478675495809 0.7684142981488328 0.9379620180412913 0.027380262533664348 -0.3456552819435805 0 0 0 0 0 0
1.661651611328125 0.2488250732421875 -11.249922752380371 0.3020848826810535 -0.8890885668199663 0.3438985955272171 0.9371575632833958 0.2109084581253857 -0.27794482163174095 0 0 0 0 0 0
1.9860076904296875 0.4824066162109375 -11.072993278503418 0.3090562110347933 -0.9310976370215095 -0.19375615797640747 0.9389128389605518 0.33115097330187826 -0.09371079829056866 0 0 0 0 0 0
2.312652587890625 0.56329345703125 -10.801529884338379 0.31883183326551273 -0.6640231779914788 -0.6763279390847675 0.9357656703966267 0.33393211334953793 0.11327821406194308 0 0 0 0 0 0
2.6420440673828125 0.478271484375 -10.546531677246094 0.32833399634050425 -0.15697622806334088 -0.9314264601513528 0.928391742152538 0.23531096488405565 0.2876065418385166 0 0 0 0 0 0
2.9737548828125 0.2798004150390625 -10.389046669006348 0.3339374080399008 0.4185470917310705 -0.8445733476229615 0.9179998094233781 0.05893669563283434 0.39217702100776414 0 0 0 0 0 0
3.3064117431640625 0.0384521484375 -10.35794734954834 0.33289867738155837 0.8381020786925885 -0.4321612850415588 0.9076434544353427 -0.1605404737172224 0.38782743059165914 0 0 0 0 0 0
3.638031005859375 -0.18682861328125 -10.453566551208496 0.3254660222659646 0.9347039315029221 0.14283006960493883 0.9019941787480092 -0.3522296702643891 0.24968131866470208 0 0 0 0 0 0
3.9669952392578125 -0.3354644775390625 -10.663656234741211 0.31497335165090573 0.6868990121324766 0.6549515515526494 0.9041493633468821 -0.4270176880629249 0.013031609295196858 0 0 0 0 0 0
4.40692138671875 -0.419036865234375 -10.834478378295898 0.2807217746435133 0.25764300393291056 0.9245622573766588 0.9180131576000992 -0.3531840147839072 -0.1803133222316549 0 0 0 0 0 0
4.7264862060546875 -0.4702606201171875 -10.968613624572754 0.31044183347117943 -0.05966220540045768 0.9487182349242614 0.9447611724576744 0.12974034152991884 -0.3009879911160919 0 0 0 0 0 0
5.004852294921875 -0.069427490234375 -11.247675895690918 0.29968012193682164 -0.5654478675495809 0.7684142981488328 0.9371201898832495 0.023451501090005294 -0.34821800184626867 0 0 0 0 0 0
5.332244873046875 0.2488250732421875 -11.249923706054688 0.3020848826810535 -0.8890885668199663 0.3438985955272171 0.9371575632833958 0.2109084581253857 -0.27794482163174095 0 0 0 0 0 0
5.656585693359375 0.4824066162109375 -11.072992324829102 0.3090562110347933 -0.9310976370215095 -0.19375615797640747 0.9389128792398398 0.3311509326124016 -0.09371053850816853 0 0 0 0 0 0
5.983245849609375 0.56329345703125 -10.801531791687012 0.31883183326551273 -0.6640231779914788 -0.6763279390847675 0.9357656220973134 0.3339323278661407 0.11327798067907391 0 0 0 0 0 0
6.3126220703125 0.478271484375 -10.546530723571777 0.3283680306187475 -0.15697426184899463 -0.9314147935181879 0.9283934801662884 0.2352428367917464 0.2876566594447263 0 0 0 0 0 0
6.64434814453125 0.2798004150390625 -10.389047622680664 0.3339374080399008 0.4185470917310705 -0.8445733476229615 0.9180006158339225 0.05893327922842312 0.39217564678078104 0 0 0 0 0 0
6.8273468017578125 0.768768310546875 -9.20514965057373 0.3328757435403051 -0.8381022330484188 0.4321786509323927 -0.3341575848292126 0.32373264426887666 0.8851756229900305 0 0 0 0 0 0
7.2921295166015625 0.155609130859375 -7.381856441497803 0.3254656897660073 -0.9347029765982744 -0.14283707615133662 0.901993306650966 0.35223138827107275 -0.24968204555692372 0 0 0 0 0 0
7.62109375 0.3042449951171875 -7.171782493591309 0.31498160486746785 -0.6868788636603641 -0.6549687131854172 0.9041489937541661 0.4270191759479767 -0.013008476699445033 0 0 0 0 0 0
8.059829711914062 0.3986053466796875 -6.983752250671387 0.27721679623652007 -0.25989789909996025 -0.9249886107016598 0.9173585322769898 0.35782912149967155 0.17438934332515982 0 0 0 0 0 0
8.377182006835938 0.4331207275390625 -6.865151405334473 0.31440607665103304 0.059356449316792945 -0.9474310692020859 0.9411090662447935 -0.15022448487807682 0.3028965658025351 0 0 0 0 0 0
8.66168212890625 0.0416412353515625 -6.5872602462768555 0.2996868605405833 0.5654224346910037 -0.7684303845940935 0.9379619723444053 -0.027382933361343564 0.3456551943719658 0 0 0 0 0 0
8.986343383789062 -0.280029296875 -6.585512638092041 0.3020850065229459 0.8890889313082839 -0.34389754442148235 0.9371593371500521 -0.21091311337246704 0.27793530794054955 0 0 0 0 0 0
9.310699462890625 -0.51361083984375 -6.7624335289001465 0.3090326845159825 0.9311035382873842 0.19376532427025903 0.9389122903772742 -0.33113717702531825 0.09376503063618434 0 0 0 0 0 0
9.637344360351562 -0.594512939453125 -7.033899307250977 0.3187975635106759 0.6640312538028401 0.6763361645459193 0.9357715518199813 -0.33393283106233046 -0.11322750170838099 0 0 0 0 0 0
9.966720581054688 -0.509490966796875 -7.288895606994629 0.3283680306187475 0.15697426184899463 0.9314147935181879 0.9283933387962874 -0.2352436162996959 -0.2876564782321505 0 0 0 0 0 0
10.298431396484375 -0.3110198974609375 -7.446390628814697 0.33397163655134204 -0.4185421811811908 0.844562246700212 0.9179951258113365 -0.05889147711106781 -0.3921947767504115 0 0 0 0 0 0
10.631088256835938 -0.0696868896484375 -7.477476596832275 0.3329094919669157 -0.8380911583033274 0.432174132187614 0.9076455143291099 0.1605546665917184 -0.38781673423650503 0 0 0 0 0 0
10.962722778320312 0.155609130859375 -7.381856441497803 0.3254656897660073 -0.9347029765982744 -0.14283707615133662 0.901993306650966 0.35223138827107275 -0.24968204555692372 0 0 0 0 0 0
11.29168701171875 0.3042449951171875 -7.171782493591309 0.31498160486746785 -0.6868788636603641 -0.6549687131854172 0.9041489937541661 0.4270191759479767 -0.013008476699445033 0 0 0 0 0 0
11.731613159179688 0.3878326416015625 -7.000958442687988 0.28068632412561195 -0.25764547881820915 -0.924572330698571 0.9180087676603915 0.35322078796856166 0.180263633175185 0 0 0 0 0 0
12.051849365234375 0.4415740966796875 -6.86275053024292 0.31044147779638004 0.059700284191611545 -0.9487159558745919 0.9454022233686417 -0.12354068771114582 0.30158304748358516 0 0 0 0 0 0
12.330459594726562 0.0402679443359375 -6.583342552185059 0.29968121998371733 0.5654499393862833 -0.7684123453180064 0.937112159809666 -0.023417726859113617 0.3482418843356082 0 0 0 0 0 0
12.580123901367188 1.3201141357421875 -5.781248569488525 0.3020842634674367 -0.8890867443661508 0.3439038510364999 -0.07067612997824167 0.33887687307822295 0.9381723453310831 0 0 0 0 0 0
12.998703002929688 0.4844512939453125 -4.009746551513672 0.3090672596393457 -0.9310927762622995 -0.19376189256711157 0.9389131851425758 0.3311583719191061 -0.09368117993124428 0 0 0 0 0 0
13.325332641601562 0.565338134765625 -3.7382867336273193 0.318832218850227 -0.6640239810392321 -0.6763269688751519 0.9357677937803986 0.33392252972252945 0.11328892384991496 0 0 0 0 0 0
13.65472412109375 0.4803314208984375 -3.4832875728607178 0.32836730142701454 -0.15697391326349497 -0.9314151093407735 0.928393585205411 0.23524339170839936 0.28765586663054843 0 0 0 0 0 0
13.986434936523438 0.2818603515625 -3.325798749923706 0.3339425715388064 0.4185154160786207 -0.844587002870982 0.9180001038040377 0.0589399988959877 0.39217583549463775 0 0 0 0 0 0
14.319107055664062 0.0405120849609375 -3.294707775115967 0.3328754862910797 0.8381015853558356 -0.43218010510724825 0.9076372961682445 -0.1604850352101367 0.38786478581846023 0 0 0 0 0 0
14.650711059570312 -0.1847686767578125 -3.390326738357544 0.32546591143438225 0.9347036132063605 0.14283240512279072 0.9019939047657816 -0.3522302401292972 0.24968150452894142 0 0 0 0 0 0
14.97967529296875 -0.333404541015625 -3.600412607192993 0.3149814819004552 0.6868785955067939 0.6549690535394841 0.90414898557964 -0.4270191929538864 0.013008486626808558 0 0 0 0 0 0
15.418411254882812 -0.4277801513671875 -3.7884416580200195 0.27725216429428956 0.2598952937998067 0.9249787422718667 0.9173542306603915 -0.35782119792800837 -0.17442822536174213 0 0 0 0 0 0
15.735763549804688 -0.4622802734375 -3.907029628753662 0.31440696439567845 -0.05935661691333119 0.9474307641026328 0.9411085643557567 0.1502262691520914 -0.30289724025301085 0 0 0 0 0 0
16.020278930664062 -0.07080078125 -4.184921741485596 0.29968121998371733 -0.5654499393862833 0.7684123453180064 0.9379543862344846 0.027347462178397394 -0.3456785872105655 0 0 0 0 0 0
16.344924926757812 0.2508697509765625 -4.186684608459473 0.3020842634674367 -0.8890867443661508 0.3439038510364999 0.9371581155482636 0.21090710576005714 -0.27794398572723916 0 0 0 0 0 0
16.669296264648438 0.4844512939453125 -4.009746551513672 0.30903275589903123 -0.9311037533617522 -0.1937641769190248 0.9389187661096774 0.3311305675112865 -0.0937235184291249 0 0 0 0 0 0
16.99591064453125 0.565338134765625 -3.7382895946502686 0.31883376119287893 -0.6640271932381483 -0.6763230880014887 0.9357651271207588 0.3339337646007904 0.11327783421399927 0 0 0 0 0 0
17.325363159179688 0.4803314208984375 -3.483276605606079 0.3283318089462176 -0.1569751822718352 -0.931427407469218 0.9283994301758368 0.23527198748440875 0.28761361225491044 0 0 0 0 0 0
17.656951904296875 0.2818450927734375 -3.3258025646209717 0.3339798267504311 0.4185142980330074 -0.8445728255548429 0.9179860272109629 0.05892686123139148 0.3922107582293603 0 0 0 0 0 0
17.840057373046875 0.7708282470703125 -2.141908645629883 0.33290936333236576 -0.8380908344691275 0.43217485926934746 -0.33409473515715726 0.3237529980537705 0.8851919024660496 0 0 0 0 0 0
18.3048095703125 0.1576690673828125 -0.3186156451702118 0.3254659183614071 -0.9347036331000419 -0.1428322591529949 0.9019941757594736 0.352230161941662 -0.24968063584214617 0 0 0 0 0 0
18.633758544921875 0.306304931640625 -0.10852669179439545 0.3150168967714787 -0.6868726378381261 -0.6549582690047984 0.9041482527504398 0.4270222349956371 -0.012959470192023913 0 0 0 0 0 0
19.07373046875 0.389892578125 0.062294378876686096 0.2806850963312329 -0.25764435181043044 -0.9245730174938644 0.918009089282646 0.353220304207152 0.18026294319758054 0 0 0 0 0 0
19.393295288085938 0.4411163330078125 0.19640029966831207 0.3104026227118163 0.05966200097348908 -0.9487310775206351 0.94477353841829 -0.12974096445261352 0.30094890471222785 0 0 0 0 0 0
19.671600341796875 0.0402679443359375 0.47546640038490295 0.29964367646211204 0.5654510778100429 -0.7684261485398125 0.9371328768168379 -0.02343531255572964 0.34818494699572056 0 0 0 0 0 0
19.998916625976562 -0.277984619140625 0.4777093231678009 0.30212013612837807 0.889080052114155 -0.3438896396788684 0.9371457552366346 -0.21094040206778228 0.2779603932531403 0 0 0 0 0 0
20.313674926757812 -0.5029754638671875 0.26934829354286194 0.3090563002618938 0.931097905837147 0.1937547238497936 0.946864260535002 -0.3203236529795562 0.028997059563635342 0 0 0 0 0 0
20.64654541015625 -0.59246826171875 -0.012885672971606255 0.31875264081730353 0.6640552861832958 0.6763337422190439 0.9357801537539405 -0.33393204261218307 -0.11315871489685111 0 0 0 0 0 0
20.975784301757812 -0.507415771484375 -0.2678876221179962 0.32836617346444497 0.15697337404811698 0.931415597874691 0.9283943440869583 -0.2352409615552076 -0.2876554047361673 0 0 0 0 0 0
21.3074951171875 -0.3089599609375 -0.4253786504268646 0.33397509351024124 -0.41854651353447936 0.8445587326663302 0.9179855950704279 -0.05892304379762119 -0.39221234319283726 0 0 0 0 0 0
21.640289306640625 -0.067626953125 -0.4564896523952484 0.33289869881860856 -0.8381021326622721 0.43216116386347 0.9076449647949865 0.16054364142187155 -0.38782258454261437 0 0 0 0 0 0
21.97186279296875 0.1576690673828125 -0.3608526289463043 0.3255000234392902 -0.934692027930731 -0.1428304857646268 0.9019928309811415 0.35226067011951545 -0.24964245060801635 0 0 0 0 0 0
22.30084228515625 0.306304931640625 -0.15075968205928802 0.3149452821267346 -0.6868828427778565 -0.6549820070532643 0.9041496645324965 0.4270162574666435 -0.013057564281111817 0 0 0 0 0 0
22.739471435546875 0.4006500244140625 0.03725232183933258 0.2772171878925049 -0.25989826628755136 -0.9249883901529236 0.9173539259384997 0.3578434208394992 0.17438423302324924 0 0 0 0 0 0
23.056838989257812 0.4351806640625 0.15585137903690338 0.31440909648328064 0.059318872243569694 -0.9474324205157422 0.9411101651248169 -0.15019608677097962 0.3029072343431638 0 0 0 0 0 0
23.875595092773438 0.6823577880859375 0.4742533266544342 -0.9986696337855356 0 -0.05156512925092206 -0.049931145162819233 -0.24974272803062628 0.9670240175603448 0 0 0 0 0 0
20.361526489257812 0.632843017578125 0.5710183382034302 0 1 0 0 0 1 0 0 0 0 0 0
20.884124755859375 0.632843017578125 0.3312883675098419 0 1 0 0 0 1 0 0 0 0 0 0
23.286331176757812 0.646148681640625 -0.7910166382789612 -0.9997476820871405 0 0.0224626837530609 0.01924637863407841 0.5156228935494096 0.8565994446397968 0 0 0 0 0 0
22.99139404296875 0.2886810302734375 -0.20597665011882782 -0.31440842918467843 -0.05935689344957045 0.9474302606828849 -0.9492741259969426 0.014300830089447788 -0.3141243702285661 0 0 0 0 0 0
22.567230224609375 0.45477294921875 -0.39843764901161194 -0.2772523637256891 0.259895480746164 0.9249786299673298 -0.9523121298813791 0.053328322851529567 -0.30042918843320504 0 0 0 0 0 0
22.39288330078125 -0.01226806640625 -0.5319326519966125 -0.3149713689676016 0.6868946882644545 0.6549570397856281 -0.9478371713381545 -0.19204806962178245 -0.25440565163579376 0 0 0 0 0 0
22.026199340820312 -0.3348236083984375 -0.44511064887046814 -0.3255000234392902 0.934692027930731 0.1428304857646268 -0.9297015126938896 -0.2888402430387812 -0.2285309854177144 0 0 0 0 0 0
21.695404052734375 -0.4874114990234375 -0.2436046451330185 -0.3329093472530388 0.8380907939898319 -0.4321749501545049 -0.9187964659047888 -0.3913914638358636 -0.051242328960440904 0 0 0 0 0 0
21.363388061523438 -0.514404296875 -0.0013027024688199162 -0.3339804244778102 0.41851504705266196 -0.8445722180229052 -0.9079655862262526 -0.38343567021124725 0.1690431336625928 0 0 0 0 0 0
21.031768798828125 -0.4150390625 0.22421135008335114 -0.32833212793954103 -0.1569753347822948 -0.9314272693198751 -0.9020156873146741 -0.24051296030148245 0.358498557549753 0 0 0 0 0 0
20.874526977539062 -0.47393798828125 1.100074291229248 -0.3150167046188136 0.6868722188624797 0.6549588008157741 0.6412850879062661 -0.3546839760417045 0.6804062853680146 0 0 0 0 0 0
20.40838623046875 -0.334808349609375 3.0766685009002686 -0.32551145624637134 0.934686710529543 0.14283922784665584 -0.9296933188430423 -0.2888438747181893 -0.2285597272845606 0 0 0 0 0 0
19.996307373046875 -0.358489990234375 3.0861165523529053 -0.3020493495142778 0.8890962603093296 -0.34390991605646754 -0.9394457736377998 -0.338881501932085 -0.0509996670805819 0 0 0 0 0 0
19.747177124023438 -0.4253082275390625 3.3840625286102295 -0.299643753660602 0.5654512234896376 -0.7684260112374232 -0.9335916124917257 -0.3396934296646561 0.1140836312875903 0 0 0 0 0 0
19.380142211914062 -0.30706787109375 3.5268404483795166 -0.31047700132936257 0.05969977971255098 -0.9487043627747264 -0.9412787609807702 -0.15858811081935964 0.29806728306416425 0 0 0 0 0 0
18.916900634765625 -0.4777679443359375 3.7070205211639404 -0.28068477729965663 -0.25764405896736625 -0.9245731959510086 -0.9539941354714382 -0.03090414057996568 0.2982283078131871 0 0 0 0 0 0
18.740447998046875 -0.01617431640625 3.840261220932007 -0.315016950574239 -0.6868727551513378 -0.6549581200975508 -0.947918467277786 0.1934837102102406 0.25301113271358816 0 0 0 0 0 0
18.375595092773438 0.3076934814453125 3.7527811527252197 -0.32551178880587867 -0.9346876654543115 -0.1428322211406318 -0.9297002312530659 0.28885435159620126 0.2285183659401011 0 0 0 0 0 0
18.04486083984375 0.4603118896484375 3.5512545108795166 -0.33289884887786836 -0.8381025104498276 0.432160315616192 -0.9187982661998673 0.3913846181049072 0.051262332555142745 0 0 0 0 0 0
17.712844848632812 0.4873046875 3.3089373111724854 -0.33397432645971326 -0.4185455522462563 0.8445595123853955 -0.9079626762809311 0.38345521073000766 -0.16901443679394568 0 0 0 0 0 0
17.3812255859375 0.3879241943359375 3.0834343433380127 -0.3283318089462176 0.1569751822718352 0.931427407469218 -0.9020164201366524 0.24051093425914458 -0.35849807294552083 0 0 0 0 0 0
17.052001953125 0.1740570068359375 2.9364631175994873 -0.31883363266409265 0.6640269255544222 0.6763234114097783 -0.9038412556024692 0.0018064676452965083 -0.4278641388870986 0 0 0 0 0 0
16.72509765625 -0.1017303466796875 2.9346001148223877 -0.3090326845159825 0.9311035382873842 0.19376532427025903 -0.9124789463488512 -0.2328453003643088 -0.3364004140430651 0 0 0 0 0 0
16.400405883789062 -0.3365631103515625 3.1026322841644287 -0.302084387310714 0.8890871088585443 -0.3439027999372288 -0.9238793927265494 -0.36195834052416975 -0.12422973645714545 0 0 0 0 0 0
16.076614379882812 -0.4253082275390625 3.38405442237854 -0.29968121998371733 0.5654499393862833 -0.7684123453180064 -0.933582018310737 -0.3397086553905685 0.11411680217909581 0 0 0 0 0 0
15.709136962890625 -0.3037567138671875 3.5072004795074463 -0.31440678684637113 0.05935658339395214 -0.94743082512273 -0.9407952880646389 -0.15268919850978294 0.3026387857063493 0 0 0 0 0 0
15.24615478515625 -0.48187255859375 3.7060744762420654 -0.2772171019191531 -0.2598981856853158 -0.9249884385661408 -0.9523176202481859 -0.05337255544980532 0.30040392888507556 0 0 0 0 0 0
15.177078247070312 -0.5204620361328125 4.6946306228637695 -0.31498086706587347 0.6868772547399925 0.6549707553038394 0.5147232747304632 -0.4561696959790168 0.7259264142605362 0 0 0 0 0 0
14.688491821289062 -0.334808349609375 6.6559247970581055 -0.3254997948256132 0.9346913714534162 0.14283530270565242 -0.9297022224379029 -0.28883960616450555 -0.22852890299644318 0 0 0 0 0 0
14.357757568359375 -0.4874114990234375 6.857463359832764 -0.3328647582827771 0.8381127210899492 -0.4321667727169104 -0.9188023948317824 -0.39136876285941824 -0.05130936278370757 0 0 0 0 0 0
14.025741577148438 -0.514404296875 7.099767684936523 -0.3339374080399008 0.4185470917310705 -0.8445733476229615 -0.9079810590019386 -0.38341975450955074 0.16899611932099018 0 0 0 0 0 0
13.694229125976562 -0.4150238037109375 7.325267791748047 -0.32836730142701454 -0.15697391326349497 -0.9314151093407735 -0.9020134298334385 -0.24047495320431586 0.3585297327719125 0 0 0 0 0 0
13.364837646484375 -0.2011871337890625 7.47225284576416 -0.3187975635106759 -0.6640312538028401 -0.6763361645459193 -0.9038561060452567 -0.001824606958241389 0.42783268969791666 0 0 0 0 0 0
13.038055419921875 0.0746307373046875 7.474092483520508 -0.3090326845159825 -0.9311035382873842 -0.19376532427025903 -0.9124784327419815 0.23284476250767966 0.3364021794719523 0 0 0 0 0 0
12.713302612304688 0.3094635009765625 7.306082725524902 -0.3020502163357735 -0.8890988118385795 0.34390255829048244 -0.9238818675118035 0.36193643725171093 0.12427513939819645 0 0 0 0 0 0
12.389556884765625 0.398193359375 7.024646759033203 -0.29968121998371733 -0.5654499393862833 0.7684123453180064 -0.9335904134606143 0.33967654346019993 -0.11414370642909082 0 0 0 0 0 0
12.022445678710938 0.27996826171875 6.881856918334961 -0.31044182889448807 -0.05970035171047847 0.9487158367384254 -0.9412863856191666 0.15861373397415393 -0.2980295684035094 0 0 0 0 0 0
11.559829711914062 0.449310302734375 6.698089599609375 -0.2807217746435133 0.25764300393291056 0.9245622573766588 -0.9540536951899775 0.03024749268100729 -0.29810507523499474 0 0 0 0 0 0
11.38177490234375 -0.0129547119140625 6.56402063369751 -0.31498160486746785 0.6868788636603641 0.6549687131854172 -0.9479310562718091 -0.19347022892476667 -0.2529742735441905 0 0 0 0 0 0
11.016983032226562 -0.33685302734375 6.651501655578613 -0.3254997948256132 0.9346913714534162 0.14283530270565242 -0.9297023337261285 -0.28883973994520895 -0.22852828116575538 0 0 0 0 0 0
10.686248779296875 -0.489471435546875 6.853043556213379 -0.33286492976596826 0.8381131528636361 -0.43216580328488774 -0.9187936099070928 -0.3913844823680466 -0.051346756035698486 0 0 0 0 0 0
10.354217529296875 -0.5164642333984375 7.0953474044799805 -0.3339377442504567 0.41854751312725735 -0.8445730058555654 -0.9079705300817912 -0.3834538668325773 0.16897528965542724 0 0 0 0 0 0
10.022720336914062 -0.4170684814453125 7.320838928222656 -0.3283680306187475 -0.15697426184899463 -0.9314147935181879 -0.9020136755878179 -0.24047301974293783 0.3585304113018418 0 0 0 0 0 0
9.882415771484375 -0.2022247314453125 8.121260643005371 -0.31879704944106946 0.6640301830346651 0.6763374581424699 0.8401722680797797 -0.13231639936902914 0.525930537626115 0 0 0 0 0 0
9.383041381835938 -0.103790283203125 9.98902416229248 -0.3090326845159825 0.9311035382873842 0.19376532427025903 -0.9124898340432384 -0.23285670274131187 -0.33636298660255115 0 0 0 0 0 0
9.05828857421875 -0.338623046875 10.157021522521973 -0.302095128470922 0.8890805738279213 -0.34391025950958715 -0.923878681010075 -0.3619661774377718 -0.12421219411221988 0 0 0 0 0 0
8.734542846679688 -0.4273529052734375 10.438465118408203 -0.2996806709596125 0.5654489034666925 -0.7684133217361029 -0.9335906963039767 -0.33967561955201536 0.11414414245422644 0 0 0 0 0 0
8.367034912109375 -0.3058013916015625 10.561599731445312 -0.31440678832169594 0.059318436767803594 -0.9474332137500038 -0.9407947048248437 -0.15268155062126607 0.30264445719923777 0 0 0 0 0 0
7.9040679931640625 -0.4839324951171875 10.760476112365723 -0.2772523171518657 -0.2598954370880106 -0.9249786561941595 -0.9523177707037669 -0.05328575727921919 0.3004188603816147 0 0 0 0 0 0
7.729736328125 -0.0168914794921875 10.893969535827637 -0.31501596675330806 -0.686870609997586 -0.6549608429608771 -0.9478228277285299 0.19208138414654177 0.25443393857943264 0 0 0 0 0 0
7.362884521484375 0.305633544921875 10.807178497314453 -0.32551173338037975 -0.9346875063033008 -0.14283338892646044 -0.9296999666231401 0.2888536722362203 0.2285203012788634 0 0 0 0 0 0
7.0321502685546875 0.458251953125 10.6056547164917 -0.3328647582827771 -0.8381127210899492 0.4321667727169104 -0.9187935718423069 0.39138456534923977 0.0513468046488044 0 0 0 0 0 0
6.70013427734375 0.4852447509765625 10.363336563110352 -0.3339374080399008 -0.4185470917310705 0.8445733476229615 -0.9079706668544449 0.3834535564624003 -0.1689752590417645 0 0 0 0 0 0
6.368621826171875 0.3858642578125 10.137845993041992 -0.3283680306187475 0.15697426184899463 0.9314147935181879 -0.902013960149853 0.24047204715943354 -0.3585303477109443 0 0 0 0 0 0
6.0392303466796875 0.172027587890625 9.99084758758545 -0.31879704944106946 0.6640301830346651 0.6763374581424699 -0.9038561365514267 0.0018260565076598076 -0.42783261906493264 0 0 0 0 0 0
5.7124481201171875 -0.103790283203125 9.98902416229248 -0.3090326845159825 0.9311035382873842 0.19376532427025903 -0.9124786895465087 -0.23284503143680668 -0.33640129675534675 0 0 0 0 0 0
5.3876953125 -0.338623046875 10.157021522521973 -0.3020604611859781 0.8890908194494072 -0.34391422267608496 -0.923871008338396 -0.36195668883387905 -0.1242968839521324 0 0 0 0 0 0
5.0639495849609375 -0.4273529052734375 10.438465118408203 -0.2996806709596125 0.5654489034666925 -0.7684133217361029 -0.9335906963039767 -0.33967561955201536 0.11414414245422644 0 0 0 0 0 0
4.69683837890625 -0.3091278076171875 10.581241607666016 -0.3104411266990221 0.05970021667288886 -0.9487160750103539 -0.9412856792255392 -0.15862057654236406 0.2980281577003817 0 0 0 0 0 0
4.2336883544921875 -0.479827880859375 10.7614164352417 -0.2806866334926751 -0.25764576279009616 -0.9245721576463668 -0.9539890301999161 -0.030944870845177334 0.2982404151462355 0 0 0 0 0 0
4.057098388671875 -0.01824951171875 10.894661903381348 -0.3150077128347453 -0.6868907586601185 -0.6549436819467377 -0.9479249477612882 0.19353404634211197 0.2529483471347627 0 0 0 0 0 0
3.692291259765625 0.305633544921875 10.80717945098877 -0.3255001273521553 -0.9346923263224963 -0.14282829624262364 -0.9297016403068072 0.2888410737281186 0.2285294163525125 0 0 0 0 0 0
3.361572265625 0.458251953125 10.605653762817383 -0.33289867738155837 -0.8381020786925885 0.4321612850415588 -0.9187981974962239 0.39138475596233013 0.05126251142889201 0 0 0 0 0 0
3.029541015625 0.4852447509765625 10.3633394241333 -0.3339374080399008 -0.4185470917310705 0.8445733476229615 -0.9079706668544449 0.3834535564624003 -0.1689752590417645 0 0 0 0 0 0
2.698028564453125 0.3858489990234375 10.13784408569336 -0.3283313008608786 0.15701308636497924 0.93142119773234 -0.9020148594766677 0.2405023466605224 -0.3585077607724404 0 0 0 0 0 0
2.36865234375 0.172027587890625 9.990848541259766 -0.3188313191531507 0.6640221072623708 0.676329232692113 -0.9038668208542506 0.0017463493400714173 -0.4278103790498924 0 0 0 0 0 0
2.0418701171875 -0.103790283203125 9.98902416229248 -0.3090326845159825 0.9311035382873842 0.19376532427025903 -0.9124924210780085 -0.23285941224557727 -0.3363540925926709 0 0 0 0 0 0
1.7171173095703125 -0.338623046875 10.157022476196289 -0.30208513036456136 0.8890892957957862 -0.3438964933144549 -0.9238697550731355 -0.36196936388895556 -0.12426928529178002 0 0 0 0 0 0
1.3933563232421875 -0.4273529052734375 10.438464164733887 -0.2996806709596125 0.5654489034666925 -0.7684133217361029 -0.9335906324025364 -0.33967586400667943 0.11414393764693871 0 0 0 0 0 0
1.0258636474609375 -0.3058013916015625 10.561599731445312 -0.31440678832169594 0.059318436767803594 -0.9474332137500038 -0.9408000439357862 -0.15263997439179924 0.3026488320613414 0 0 0 0 0 0
0.562896728515625 -0.4839324951171875 10.760476112365723 -0.2772523171518657 -0.2598954370880106 -0.9249786561941595 -0.9523177707037669 -0.05328575727921919 0.3004188603816147 0 0 0 0 0 0
0.3885498046875 -0.0168914794921875 10.893969535827637 -0.31498160486746785 -0.6868788636603641 -0.6549687131854172 -0.9478303251721623 0.19200087035743116 0.2544667767430989 0 0 0 0 0 0
0.021697998046875 0.305633544921875 10.807178497314453 -0.3254776273663275 -0.9346991122514952 -0.14283516247847772 -0.9296981071884153 0.28880441231090925 0.22859011553439548 0 0 0 0 0 0
-0.30902099609375 0.458251953125 10.6056547164917 -0.3328647582827771 -0.8381127210899492 0.4321667727169104 -0.9188023794626917 0.3913687903894211 0.051309428011013486 0 0 0 0 0 0
-0.6410369873046875 0.4852447509765625 10.363336563110352 -0.3339374080399008 -0.4185470917310705 0.8445733476229615 -0.9079810590019386 0.38341975450955074 -0.16899611932099018 0 0 0 0 0 0
-0.9836883544921875 0.3902130126953125 10.134317398071289 -0.32836606410587793 0.15701146838519905 0.9314092155111727 -0.9016969558439669 0.241541648977668 -0.35860874449861435 0 0 0 0 0 0
-1.15570068359375 0.174163818359375 9.331372261047363 -0.31879000214124503 -0.6640536505055394 -0.6763177387774565 0.8318431325754546 0.14600973209702633 -0.5354606996970083 0 0 0 0 0 0
-1.6587677001953125 0.0746307373046875 7.463558197021484 -0.3090328272816903 -0.9311039684349458 -0.19376302956699548 -0.9124778895528767 0.23284520003821282 0.3364033500075364 0 0 0 0 0 0
-1.9835205078125 0.3094635009765625 7.295549392700195 -0.302084387310714 -0.8890871088585443 0.3439027999372288 -0.9238696156077266 0.36197000027560755 0.12426846847574927 0 0 0 0 0 0
-2.3072967529296875 0.398193359375 7.01412296295166 -0.29968121998371733 -0.5654499393862833 0.7684123453180064 -0.9335904773617446 0.3396762990073274 -0.11414391123557475 0 0 0 0 0 0
-2.6747589111328125 0.276641845703125 6.890979766845703 -0.31440678684637113 -0.05935658339395214 0.94743082512273 -0.9408007345218896 0.15264678492743416 -0.30264325033674705 0 0 0 0 0 0
-3.13775634765625 0.4547576904296875 6.692102432250977 -0.27724895683702666 0.2599304336664144 0.9249698295548727 -0.9523175204944077 0.053284546390060784 -0.30041986830998585 0 0 0 0 0 0
-3.31207275390625 -0.01226806640625 6.558600425720215 -0.3149811129996098 0.6868777910465028 0.6549700745992931 -0.9478325554313152 -0.1920296162132414 -0.2544367767472667 0 0 0 0 0 0
-3.6789398193359375 -0.334808349609375 6.645389556884766 -0.3254997948256132 0.9346913714534162 0.14283530270565242 -0.9297022224379029 -0.28883960616450555 -0.22852890299644318 0 0 0 0 0 0
-4.0096588134765625 -0.4874114990234375 6.846934795379639 -0.3328752290413864 0.8381009376620742 -0.4321815592787324 -0.9187917993468067 -0.3913913670597645 -0.051326671859239455 0 0 0 0 0 0
-4.3416900634765625 -0.514404296875 7.089232444763184 -0.3339377442504567 0.41854751312725735 -0.8445730058555654 -0.9079706509643611 -0.38345347367722626 0.16897553228862272 0 0 0 0 0 0
-4.673187255859375 -0.4150238037109375 7.3147382736206055 -0.3283680306187475 -0.15697426184899463 -0.9314147935181879 -0.9020133910247516 -0.24047399232653913 0.35853047489239204 0 0 0 0 0 0
-5.0025787353515625 -0.2011871337890625 7.4617204666137695 -0.31883234737854943 -0.6640242487219921 -0.6763266454711644 -0.9038674527877681 -0.0017416335105732966 0.427809063138764 0 0 0 0 0 0
-5.3293609619140625 0.0746307373046875 7.463558197021484 -0.3090328272816903 -0.9311039684349458 -0.19376302956699548 -0.9124778895528767 0.23284520003821282 0.3364033500075364 0 0 0 0 0 0
-5.6540985107421875 0.3094635009765625 7.295549392700195 -0.302084387310714 -0.8890871088585443 0.3439027999372288 -0.9238795175426727 0.36195819165769644 0.124229241956186 0 0 0 0 0 0
-5.9778900146484375 0.398193359375 7.01412296295166 -0.299646498512687 -0.5654564032404277 0.7684211293057247 -0.933594040735061 0.33968335302670377 -0.11409376310963242 0 0 0 0 0 0
-6.344970703125 0.27996826171875 6.87132453918457 -0.31044182889448807 -0.05970035171047847 0.9487158367384254 -0.9412797304652893 0.15866315625244048 -0.2980242806604961 0 0 0 0 0 0
-6.808135986328125 0.4506683349609375 6.691163539886475 -0.2806869428603624 0.2576460467625561 0.9245719845935906 -0.9539889095761048 0.030944970014629564 -0.29824079069870435 0 0 0 0 0 0
-6.847930908203125 0.4921722412109375 5.703570365905762 -0.31501547484361325 -0.6868695374223904 -0.6549622043829736 0.5361790849032307 0.4406238245323451 -0.7199740510371352 0 0 0 0 0 0
-7.333038330078125 0.30767822265625 3.7422420978546143 -0.3254776273663275 -0.9346991122514952 -0.14283516247847772 -0.9297007200911642 0.28880755244624684 0.22857552080653618 0 0 0 0 0 0
-7.66375732421875 0.460296630859375 3.540715456008911 -0.33287540054123393 -0.838101369458046 0.4321805898314509 -0.9188043493657344 0.3913688713581315 0.05127352258692425 0 0 0 0 0 0
-7.99578857421875 0.4873046875 3.2984135150909424 -0.3339377442504567 -0.41854751312725735 0.8445730058555654 -0.9079765942692238 0.3834341428874107 -0.16898746204218276 0 0 0 0 0 0
-8.3272705078125 0.387908935546875 3.0729081630706787 -0.3283680306187475 0.15697426184899463 0.9314147935181879 -0.902013604447148 0.24047326288882906 -0.35853042719951184 0 0 0 0 0 0
-8.65667724609375 0.174072265625 2.92592453956604 -0.31875547477075356 0.6640611901399327 0.6763266097482841 -0.9038692712839397 0.0018409370638613884 -0.4278048052317401 0 0 0 0 0 0
-8.98345947265625 -0.1017303466796875 2.9240853786468506 -0.30899825093841987 0.9311147294944385 0.19376646106975243 -0.9124712687855321 -0.23279409050042668 -0.33645667636264937 0 0 0 0 0 0
-9.308197021484375 -0.3365631103515625 3.092097520828247 -0.3021189285575123 0.8890764984709519 -0.34389988786548364 -0.923887009391067 -0.3619679656557704 -0.124145018899082 0 0 0 0 0 0
-9.6319580078125 -0.4253082275390625 3.373525381088257 -0.29968121998371733 0.5654499393862833 -0.7684123453180064 -0.9335820502599252 -0.3397085331966197 0.11411690455789433 0 0 0 0 0 0
-9.99945068359375 -0.3037567138671875 3.4966652393341064 -0.3144064317483239 0.05935651635530114 -0.9474309471626147 -0.9408061398396322 -0.152605540391963 0.3026472472726748 0 0 0 0 0 0
-10.462432861328125 -0.4818572998046875 3.6955411434173584 -0.2772498739547407 -0.25993129349581773 -0.9249693130335034 -0.9523118524965699 -0.05332490943757773 0.3004306735804878 0 0 0 0 0 0
-10.636749267578125 -0.0148468017578125 3.8290464878082275 -0.3150167046188136 -0.6868722188624797 -0.6549588008157741 -0.9478225419691659 0.19208202176758873 0.2544345217315928 0 0 0 0 0 0
-11.003662109375 0.3076934814453125 3.7422502040863037 -0.32547768278739536 -0.9346992714084342 -0.14283399467875268 -0.9296983720558898 0.28880509191325626 0.22858817966291314 0 0 0 0 0 0
-11.334381103515625 0.4603118896484375 3.540722131729126 -0.33293276669760613 -0.8380918672219414 0.43215482752772416 -0.9187940972662012 0.3914005552085398 0.05121535132392803 0 0 0 0 0 0
-11.666412353515625 0.4873046875 3.2984092235565186 -0.3339350545811553 -0.41854414197674616 0.8445757399658305 -0.9079772654135518 0.3834330358244493 -0.1689863678838486 0 0 0 0 0 0
-11.997802734375 0.3878936767578125 3.0729053020477295 -0.3283665722382728 0.15697356467942528 0.931415425161255 -0.9020108414871575 0.2404848929873982 -0.35852957769822774 0 0 0 0 0 0
-12.167449951171875 0.174163818359375 2.272550344467163 -0.318832218850227 -0.6640239810392321 -0.6763269688751519 0.831766609480086 0.14610277446238262 -0.5355541864726636 0 0 0 0 0 0
-12.670623779296875 0.0746307373046875 0.4047453701496124 -0.3089870615404569 -0.9311191586593843 -0.193763020667087 -0.9124928335431113 0.23280401837020348 0.3363913164205494 0 0 0 0 0 0
-12.9952392578125 0.3094482421875 0.2367093712091446 -0.3020495623511698 -0.8890968868045863 0.34390810946800815 -0.9238911699565968 0.36192575682700595 0.12423708231212566 0 0 0 0 0 0
-13.31903076171875 0.398193359375 -0.044706687331199646 -0.29968210357214514 -0.5654516065745808 0.7684107738838644 -0.9335788270060563 0.33972060622417966 -0.11410733312400137 0 0 0 0 0 0
-13.6861572265625 0.27996826171875 -0.1875046342611313 -0.3104432378747036 -0.05966247530548494 0.9487177583972447 -0.9412793384668365 0.15865088201135502 -0.2980320529950661 0 0 0 0 0 0
-14.148834228515625 0.4493408203125 -0.37125661969184875 -0.28068513386884597 0.25764438626667374 0.9245729964963809 -0.9540558924386733 0.030335657075502124 -0.29808908402161316 0 0 0 0 0 0
-14.326751708984375 -0.0129852294921875 -0.5053286552429199 -0.31501688139926265 0.6868726043200682 0.6549583115497123 -0.9479185300121471 -0.19348418800353598 -0.2530105322950462 0 0 0 0 0 0
-14.691619873046875 -0.33685302734375 -0.4178566634654999 -0.32547752345065484 0.934698813828873 0.1428373521013542 -0.9296984596663987 -0.2888041584642176 -0.22858900268320204 0 0 0 0 0 0
-15.0223388671875 -0.489471435546875 -0.2163206785917282 -0.3328755774002339 0.8381018147470936 -0.4321795900873725 -0.9188006630216692 -0.39137546021563147 -0.05128928515727118 0 0 0 0 0 0
-15.354339599609375 -0.5164642333984375 0.025987284258008003 -0.3340143581045652 0.4185097673327073 -0.8445614147160162 -0.9079732060929866 -0.38338772031019214 0.16911094858872072 0 0 0 0 0 0
-15.68597412109375 -0.417083740234375 0.25149932503700256 -0.3282964339306985 -0.1570146551311591 -0.9314332233404763 -0.9020173079281709 -0.2405392326359572 0.35847685247574945 0 0 0 0 0 0
-16.01519775390625 -0.203216552734375 0.39847639203071594 -0.31883246787389 -0.6640244996746594 -0.676326342279571 -0.9038647054445351 -0.0017484762364070507 0.4278148397175049 0 0 0 0 0 0
-16.342041015625 0.07257080078125 0.40032437443733215 -0.3090672953338673 -0.9310928837952398 -0.19376131889743192 -0.9124893198383527 0.23290059704428656 0.33633399036873357 0 0 0 0 0 0
-16.666748046875 0.3074188232421875 0.232299342751503 -0.30212013225800066 -0.8890800407243966 0.34388967252581665 -0.9238640881752803 0.361994546080925 0.12423805853168793 0 0 0 0 0 0
-16.99066162109375 0.3961639404296875 -0.049114689230918884 -0.29967839767066307 -0.5654446141385233 0.76841736466017 -0.9335992267593755 0.33964363771103434 -0.11416953690329179 0 0 0 0 0 0
-17.3580322265625 0.274566650390625 -0.1722656935453415 -0.3144025715705532 -0.059317641202646224 0.94743466288287 -0.9408076342539735 0.1525910861250211 -0.30264988974825063 0 0 0 0 0 0
-17.821014404296875 0.4527130126953125 -0.37111565470695496 -0.2772520962995873 0.25989523006178983 0.9249787805612698 -0.9523123994742306 0.053327021417633416 -0.3004285648775043 0 0 0 0 0 0
-17.859619140625 0.49090576171875 -1.3598647117614746 -0.31493702208215146 -0.6869029743984134 -0.6549648661452301 0.5358032973612624 0.44092792564314287 -0.7200676294104839 0 0 0 0 0 0
-18.345611572265625 0.3056488037109375 -3.3210246562957764 -0.32554586583894807 -0.9346759789999889 -0.1428310313467691 -0.9296869806021086 0.2888852690665967 0.22853319105822367 0 0 0 0 0 0
-18.676422119140625 0.458251953125 -3.5225207805633545 -0.3328756577906153 -0.838102017151022 0.43217913565771915 -0.9187830783475414 0.3914069477902185 0.051363957828041706 0 0 0 0 0 0
-19.0084228515625 0.4852447509765625 -3.7648377418518066 -0.3339459338270464 -0.4185196298853696 0.8445835853726943 -0.907958122619725 0.3834833105804118 -0.1689751404057772 0 0 0 0 0 0
-19.34002685546875 0.3858795166015625 -3.990339756011963 -0.32836638994155476 0.15697347753363128 0.9314155041160466 -0.9020144743099526 0.240472750269435 -0.358528582560992 0 0 0 0 0 0
-19.66943359375 0.172027587890625 -4.13731575012207 -0.31875277634064675 0.6640555685181879 0.6763334011381634 -0.9038705578952979 0.0018455941406291421 -0.4278020667929399 0 0 0 0 0 0
-19.99603271484375 -0.103790283203125 -4.139131546020508 -0.3090673310282914 0.9310929913278866 0.1937607452275535 -0.9124873631804409 -0.2328987990807905 -0.33634054382832274 0 0 0 0 0 0
-20.315948486328125 -0.337677001953125 -3.971139669418335 -0.30213047581608493 0.8890723319911207 -0.34390051478736766 -0.9232706901464498 -0.3627048735939651 -0.12655594568286455 0 0 0 0 0 0
-20.638824462890625 -0.425323486328125 -3.6915407180786133 -0.29960875679634147 0.5654571685755245 -0.7684352824782981 -0.9335896882576168 -0.33972153138524686 0.11401567915119781 0 0 0 0 0 0
-21.006195068359375 -0.303741455078125 -3.568387746810913 -0.31433288436227425 0.05935703495967218 -0.9474553183181197 -0.9408214036644321 -0.15266978363596437 0.30256738682719214 0 0 0 0 0 0
-21.469146728515625 -0.48187255859375 -3.3695425987243652 -0.2772523171518657 -0.2598954370880106 -0.9249786561941595 -0.9523233307120831 -0.05324366077788241 0.3004086988893869 0 0 0 0 0 0
-21.6434326171875 -0.0148162841796875 -3.236015796661377 -0.3150175654633644 -0.6868740958747082 -0.654956418295017 -0.947822136571559 0.1920817347436738 0.2544362486022505 0 0 0 0 0 0
-22.010345458984375 0.3076934814453125 -3.322796583175659 -0.3254657174749341 -0.9347030561753762 -0.14283649227329032 -0.9297005359067037 0.2887907374440327 0.22859751420634494 0 0 0 0 0 0
-22.341064453125 0.4603118896484375 -3.5243446826934814 -0.3328645010576003 -0.8381120734284364 0.4321682268621349 -0.9188023762031265 0.3913688184185107 0.051309272584857735 0 0 0 0 0 0
-22.673065185546875 0.4873046875 -3.766645669937134 -0.3340087220697023 -0.41854085182146794 0.8445482395564652 -0.9079701262527655 0.3834076370613224 -0.16908232809962906 0 0 0 0 0 0
-23.00469970703125 0.3879241943359375 -3.9921467304229736 -0.32836675453517783 0.15697365182530865 0.9314153462063319 -0.9020143837662767 0.24047251297513483 -0.3585289695159484 0 0 0 0 0 0
-23.7506103515625 0.2539520263671875 -4.030318737030029 0.9811435584855227 0.023803793953925588 0.1918090118731773 0.14565307476256437 -0.7434060307752697 -0.6527883693963685 0 0 0 0 0 0
-19.426239013671875 0.0994415283203125 -4.047511577606201 0 1 0 0 0 1 0 0 0 0 0 0
-19.896240234375 0.0994415283203125 -3.5897586345672607 0 1 0 0 0 1 0 0 0 0 0 0
-23.2081298828125 -0.029937744140625 -2.750093698501587 0.9906016082343191 0.023422265382619836 0.1347584923035518 0.07038937832128536 0.7574558256198869 -0.6490808945378369 0 0 0 0 0 0
-23.2965087890625 0.4463958740234375 -3.5236656665802 0.32836675453517783 -0.15697365182530865 -0.9314153462063319 0.9358831828290471 -0.07920821853308266 0.3432910226245187 0 0 0 0 0 0
-22.728973388671875 0.2818450927734375 -3.342564582824707 0.3340085539362327 0.4185406411361746 -0.8445484104625066 0.9179902091187557 0.05884037760219367 0.39221395427207145 0 0 0 0 0 0
-22.39617919921875 0.04052734375 -3.3114547729492188 0.3328751432913847 0.8381007217638919 -0.43218204400181137 0.9076491899779431 -0.1605078848334775 0.387827496238556 0 0 0 0 0 0
-22.064605712890625 -0.1847686767578125 -3.4070987701416016 0.3254657174749341 0.9347030561753762 0.14283649227329032 0.9019822190289407 -0.3522331162892076 0.24971965950806024 0 0 0 0 0 0
-21.73565673828125 -0.3334197998046875 -3.6171717643737793 0.3150174424854751 0.686873827729894 0.654956758656321 0.9041601332193409 -0.42699802061573466 0.012928413940954373 0 0 0 0 0 0
-21.29693603515625 -0.4277801513671875 -3.805220603942871 0.27725247000959613 0.2598955803763592 0.9249785701163099 0.9173658713117472 -0.3577845177291381 -0.17444224553062643 0 0 0 0 0 0
-20.9794921875 -0.4623260498046875 -3.9237825870513916 0.31440163799871496 -0.05935561134748853 0.9474325946605863 0.9411050826814262 0.1502670863752013 -0.30288781108439145 0 0 0 0 0 0
-20.695068359375 -0.07080078125 -4.20167875289917 0.2996782003674016 -0.5654442418592152 0.768417715551127 0.9379630649003752 0.02737949410660842 -0.34565250206697573 0 0 0 0 0 0
-20.478973388671875 -1.35089111328125 -5.007164478302002 0.3021304138838173 0.8890721497444753 -0.3439010403519165 -0.09174095166957302 -0.33196755103903236 -0.9388190149565084 0 0 0 0 0 0
-20.067840576171875 -0.514678955078125 -6.774329662322998 0.30899825093841987 0.9311147294944385 0.19376646106975243 0.9382544537830827 -0.3317670851679546 0.09802643090191829 0 0 0 0 0 0
-19.7418212890625 -0.594512939453125 -7.044421672821045 0.31883209032194676 0.6640237133565599 0.6763272922787482 0.9357654063735791 -0.3339331844252647 -0.11327723766976584 0 0 0 0 0 0
-19.412445068359375 -0.509490966796875 -7.299441337585449 0.3282988671688653 0.1569776712061214 0.9314385994569597 0.9283973894497497 -0.2353400621614166 -0.287564501294493 0 0 0 0 0 0
-19.080841064453125 -0.311004638671875 -7.4569172859191895 0.3340092264709224 -0.41854148387836465 0.8445477268367919 0.9179899796637437 -0.05883963500647563 -0.3922146027231319 0 0 0 0 0 0
-18.748046875 -0.0696868896484375 -7.488023281097412 0.3328757435403051 -0.8381022330484188 0.4321786509323927 0.9076470725939088 0.16050602169295117 -0.3878332226769774 0 0 0 0 0 0
-18.416473388671875 0.155609130859375 -7.392387390136719 0.32554556096776815 -0.9346751036831797 -0.14283745408336854 0.9020020918084236 0.35230204239769153 -0.24955059065376575 0 0 0 0 0 0
-18.087493896484375 0.3042449951171875 -7.182311534881592 0.3150174424854751 -0.686873827729894 -0.654956758656321 0.904136411122763 0.4270463633093808 -0.01299052217128294 0 0 0 0 0 0
-17.648773193359375 0.39862060546875 -6.994264602661133 0.2771818855692079 -0.25990093399160663 -0.9249982199023894 0.9173416934691444 0.3579032097903408 0.1743258725632362 0 0 0 0 0 0
-17.331329345703125 0.43316650390625 -6.875701427459717 0.31433270684895026 0.05935700143895226 -0.9474553793109142 0.9411481482477656 -0.15010057578756741 0.3028365569049462 0 0 0 0 0 0
-17.046905517578125 0.0416259765625 -6.597804546356201 0.29960875679634147 0.5654571685755245 -0.7684352824782981 0.9379716641488044 -0.02727833849105759 0.3456371645281938 0 0 0 0 0 0
-16.72235107421875 -0.280029296875 -6.596066474914551 0.3021304138838173 0.8890721497444753 -0.3439010403519165 0.9371388652325197 -0.21093731300301594 0.2779859659295287 0 0 0 0 0 0
-16.397857666015625 -0.5136260986328125 -6.772953510284424 0.3090672596393457 0.9310927762622995 0.19376189256711157 0.938900310248653 -0.3311713765617593 0.09376420831624849 0 0 0 0 0 0
-16.07122802734375 -0.594512939453125 -7.044421672821045 0.31883209032194676 0.6640237133565599 0.6763272922787482 0.9357654063735791 -0.3339331844252647 -0.11327723766976584 0 0 0 0 0 0
-15.74188232421875 -0.509490966796875 -7.299441337585449 0.32836693683226975 0.15697373897128136 0.9314152672512772 0.9284011492177547 -0.23520224633231276 -0.28766509946704777 0 0 0 0 0 0
-15.410247802734375 -0.311004638671875 -7.4569172859191895 0.3340092264709224 -0.41854148387836465 0.8445477268367919 0.9179722399003505 -0.05891480165049591 -0.39224483797599724 0 0 0 0 0 0
-15.19696044921875 -0.799346923828125 -8.639803886413574 0.3328757435403051 0.8381022330484188 -0.4321786509323927 -0.31650134682198644 -0.3324268004813508 -0.8884364466756197 0 0 0 0 0 0
-14.7293701171875 -0.18682861328125 -10.464097023010254 0.3255343420155352 0.934681038482149 0.14282418727388 0.9020035023366487 -0.3522881463871742 0.24956510911485308 0 0 0 0 0 0
-14.400390625 -0.3354644775390625 -10.674196243286133 0.3149447826180205 0.6868817533696798 0.6549833897050231 0.9041615153212608 -0.42699211301796225 0.013026497319589115 0 0 0 0 0 0
-13.96051025390625 -0.419036865234375 -10.844999313354492 0.28068539602816667 0.257644626905985 0.9245728498517504 0.9180094067517999 -0.3532191510194899 -0.1802635860851528 0 0 0 0 0 0
-13.63995361328125 -0.46826171875 -10.974692344665527 0.3104425310929542 -0.05970048674864504 0.9487155984648797 0.9441935699720553 0.1349687202898971 -0.3004695441583606 0 0 0 0 0 0
-13.36163330078125 -0.0673675537109375 -11.253779411315918 0.2996823180358691 -0.5654520112329031 0.7684103924657143 0.9371037723354623 0.02338231418898501 -0.3482668334162959 0 0 0 0 0 0
-13.0341796875 0.2508544921875 -11.256050109863281 0.3020494733467508 -0.8890966248159536 0.3439088649509193 0.9371645052459283 0.21086453410498343 -0.2779547415746722 0 0 0 0 0 0
-12.7098388671875 0.4844512939453125 -11.0791015625 0.308998036806967 -0.9311140842449939 -0.19376990315848006 0.9389241110691809 0.3311032054547867 -0.09376663047435248 0 0 0 0 0 0
-12.383331298828125 0.5653228759765625 -10.80762767791748 0.31883286149226076 -0.6640253194539104 -0.6763253518513034 0.9357654836873328 0.33393253638476145 0.1132785093610096 0 0 0 0 0 0
-12.053802490234375 0.4803466796875 -10.552655220031738 0.3283646057516046 -0.15701077105873656 -0.9314098472000036 0.928402505557429 0.23521017346827977 0.28765424031588677 0 0 0 0 0 0
-11.722137451171875 0.2818450927734375 -10.395142555236816 0.33393539078792467 0.4185445633681871 -0.8445753982056602 0.9179999052206801 0.05894143218616716 0.3921760849244457 0 0 0 0 0 0
-11.389556884765625 0.040496826171875 -10.3640718460083 0.3328651012489515 0.8381135846367996 -0.4321648338513669 0.9076462726072249 -0.16049510337077036 0.3878396132632882 0 0 0 0 0 0
-11.05792236328125 -0.1847686767578125 -10.45967960357666 0.3254660222659646 0.9347039315029221 0.14283006960493883 0.9020063740112888 -0.35222762487788883 0.24964014403915183 0 0 0 0 0 0
-10.728973388671875 -0.3334197998046875 -10.669772148132324 0.315016950574239 0.6868727551513378 0.6549581200975508 0.9041363944438269 -0.4270463986876068 0.01299052000739256 0 0 0 0 0 0
-10.2901611328125 -0.42779541015625 -10.85777473449707 0.2772523171518657 0.2598954370880106 0.9249786561941595 0.9173656597045373 -0.35778524575826176 -0.17444186513724116 0 0 0 0 0 0
-9.972808837890625 -0.4622802734375 -10.976384162902832 0.31440678684637113 -0.05935658339395214 0.94743082512273 0.9411138991139617 0.15018436429027426 -0.302901445386519 0 0 0 0 0 0
-9.688323974609375 -0.07080078125 -11.254274368286133 0.29968121998371733 -0.5654499393862833 0.7684123453180064 0.9379620350469131 0.027383609409353363 -0.3456549706663707 0 0 0 0 0 0
-9.3636474609375 0.2508697509765625 -11.2560396194458 0.3020497210108662 -0.8890973538267565 0.34390676273594484 0.9371624691290913 0.21086085186690653 -0.2779643998893158 0 0 0 0 0 0
-9.039306640625 0.4844512939453125 -11.07909870147705 0.30899832231479146 -0.9311149445752382 -0.193765313705253 0.9389243419534703 0.33110269549197807 -0.09376611928190906 0 0 0 0 0 0
-8.712646484375 0.565338134765625 -10.807644844055176 0.31876380653304287 -0.6640403997511581 -0.676343095730922 0.9357668896366741 0.33398012894617485 0.11312648553190914 0 0 0 0 0 0
-8.383270263671875 0.4803314208984375 -10.552640914916992 0.3282999607833927 -0.15697819412313047 -0.9314381258674479 0.9283970200012096 0.2353403989123916 0.28756541845748834 0 0 0 0 0 0
-8.05157470703125 0.2818603515625 -10.39514446258545 0.3339427396519336 0.4185156267673479 -0.8445868319985192 0.9179996023256483 0.05894169497700934 0.39217675444012384 0 0 0 0 0 0
-7.718902587890625 0.0405120849609375 -10.364059448242188 0.33287540054123393 0.838101369458046 -0.4321805898314509 0.9076464416975057 -0.1605033325567248 0.3878358120545884 0 0 0 0 0 0
-7.387298583984375 -0.1847686767578125 -10.459680557250977 0.3254660222659646 0.9347039315029221 0.14283006960493883 0.9020057724177004 -0.3522277257988375 0.24964217533046545 0 0 0 0 0 0
-7.058319091796875 -0.333404541015625 -10.669766426086426 0.3149467499169459 0.6868860439685717 0.6549779441461813 0.9041379025102092 -0.4270402144742604 0.013088486016999277 0 0 0 0 0 0
-6.618408203125 -0.4169769287109375 -10.840591430664062 0.2806866334926751 0.25764576279009616 0.9245721576463668 0.9180134342558464 -0.35320566723101804 -0.1802694959267327 0 0 0 0 0 0
-6.298828125 -0.46820068359375 -10.974712371826172 0.3104411266990221 -0.05970021667288886 0.9487160750103539 0.9447631416736173 0.12973597124550565 -0.30098369374433215 0 0 0 0 0 0
-6.020477294921875 -0.0673828125 -11.253774642944336 0.2997159402639733 -0.5654434749310011 0.7684035605133782 0.9371154323064002 0.023502400892785567 -0.34822737354415967 0 0 0 0 0 0
-5.6930694580078125 0.2508697509765625 -11.2560396194458 0.302084387310714 -0.8890871088585443 0.3439027999372288 0.9371580050957682 0.21090737623251996 -0.27794415290780033 0 0 0 0 0 0
-5.3687286376953125 0.4844512939453125 -11.07909870147705 0.3090328272816903 -0.9311039684349458 -0.19376302956699548 0.9389187633716373 0.3311305011243482 -0.0937237804071826 0 0 0 0 0 0
-5.0420684814453125 0.565338134765625 -10.807644844055176 0.31879807758095685 -0.6640323245724202 -0.6763348709431105 0.9357737128184027 0.3339230322062918 0.11323854008339035 0 0 0 0 0 0
-4.7126922607421875 0.4803314208984375 -10.552640914916992 0.32833399634050425 -0.15697622806334088 -0.9314264601513528 0.9283916007494118 0.23531174423150492 0.2876063606471036 0 0 0 0 0 0
-4.3809814453125 0.2818603515625 -10.39514446258545 0.3339427396519336 0.4185156267673479 -0.8445868319985192 0.9179907299256186 0.05897928159876497 0.39219187155361085 0 0 0 0 0 0
-4.197967529296875 0.7708282470703125 -9.211262702941895 0.33287540054123393 -0.838101369458046 0.4321805898314509 -0.3341214001014053 0.32375278013151726 0.8851819176595229 0 0 0 0 0 0
-3.7332000732421875 0.1576690673828125 -7.387966632843018 0.3254656897660073 -0.9347029765982744 -0.14283707615133662 0.9019930057611757 0.35223143873031704 -0.24968306135557256 0 0 0 0 0 0
-3.40423583984375 0.3062896728515625 -7.177883625030518 0.3149811129996098 -0.6868777910465028 -0.6549700745992931 0.9041489770530502 0.4270192113761008 -0.013008474532244818 0 0 0 0 0 0
-2.965484619140625 0.400665283203125 -6.989867210388184 0.2772517057224872 -0.2598948639360629 -0.9249790005041341 0.9173660768765659 0.35778418971001774 0.17444183726860021 0 0 0 0 0 0
-2.648162841796875 0.4351806640625 -6.871264457702637 0.31444187398503715 0.05931785928020536 -0.9474216059681095 0.9410896904893582 -0.15027507146980895 0.3029316710900131 0 0 0 0 0 0
-2.3636322021484375 0.043701171875 -6.593371391296387 0.29968740959955914 0.5654234706065002 -0.7684294082183516 0.9379618717256945 -0.027384091144457716 0.3456553756865704 0 0 0 0 0 0
-2.0389862060546875 -0.277984619140625 -6.591611385345459 0.302084387310714 0.8890871088585443 -0.3439027999372288 0.9371579360275533 -0.2109072155130235 0.27794450774411744 0 0 0 0 0 0
-1.7146148681640625 -0.511566162109375 -6.768545627593994 0.3090326845159825 0.9311035382873842 0.19376532427025903 0.9389123306924696 -0.33113713631500286 0.0937647707123208 0 0 0 0 0 0
-1.3879852294921875 -0.5924530029296875 -7.040006637573242 0.31883209032194676 0.6640237133565599 0.6763272922787482 0.9357655271210121 -0.33393264814027246 -0.11327782112117014 0 0 0 0 0 0
-1.05859375 -0.5074310302734375 -7.295003414154053 0.32833363177292035 0.1569760537638628 0.9314266180389785 0.9283917946269273 -0.23531124229032296 -0.2876061454857635 0 0 0 0 0 0
-0.71435546875 -0.313079833984375 -7.445370674133301 0.3339377442504567 -0.41854751312725735 0.8445730058555654 0.9189113063638259 -0.05503774214324232 -0.3906057577359828 0 0 0 0 0 0
-0.38067626953125 -0.0696868896484375 -7.477476596832275 0.3329094919669157 -0.8380911583033274 0.432174132187614 0.9076455143291099 0.1605546665917184 -0.38781673423650503 0 0 0 0 0 0
-0.049041748046875 0.155609130859375 -7.381856441497803 0.3254656897660073 -0.9347029765982744 -0.14283707615133662 0.901993306650966 0.35223138827107275 -0.24968204555692372 0 0 0 0 0 0
0.2799224853515625 0.3042449951171875 -7.171782493591309 0.31498160486746785 -0.6868788636603641 -0.6549687131854172 0.9041489937541661 0.4270191759479767 -0.013008476699445033 0 0 0 0 0 0
0.7186431884765625 0.3986053466796875 -6.983752250671387 0.2772520114368678 -0.25989515051174744 -0.9249788283494316 0.9173706859983997 0.357769587928255 0.1744475463412211 0 0 0 0 0 0
1.0360107421875 0.4331207275390625 -6.865151405334473 0.31440607665103304 0.059356449316792945 -0.9474310692020859 0.9411090662447935 -0.15022448487807682 0.3028965658025351 0 0 0 0 0 0
1.3205108642578125 0.0416412353515625 -6.5872602462768555 0.2996868605405833 0.5654224346910037 -0.7684303845940935 0.9379544959085684 -0.02734759796051871 0.34567827888181446 0 0 0 0 0 0
1.56744384765625 1.31805419921875 -5.785667419433594 0.3020850065229459 -0.8890889313082839 0.34389754442148235 -0.07069851415543706 0.33886300535503944 0.9381756678245095 0 0 0 0 0 0
1.9860076904296875 0.4824066162109375 -4.0141706466674805 0.3090562824165224 -0.9310978520741662 -0.19375501067521572 0.9389128563670124 0.3311508865825016 -0.09371093033558639 0 0 0 0 0 0
2.312652587890625 0.56329345703125 -3.742706775665283 0.3188315762092474 -0.6640226426267491 -0.6763285858892224 0.9357656566995565 0.3339322757367718 0.11327784850935495 0 0 0 0 0 0
2.6420440673828125 0.478271484375 -3.4877076148986816 0.32833363177292035 -0.1569760537638628 -0.9314266180389785 0.9283917239253693 0.2353116319635323 0.2876060548902616 0 0 0 0 0 0
2.9737548828125 0.2798004150390625 -3.33021879196167 0.33393723993482555 0.41854688103323123 -0.8445735185062723 0.9179998963667837 0.05893675583305834 0.3921768084454373 0 0 0 0 0 0
3.3064117431640625 0.0384521484375 -3.2991297245025635 0.3328651012489515 0.8381135846367996 -0.4321648338513669 0.9076461324936471 -0.16049481768359466 0.3878400593879322 0 0 0 0 0 0
3.638031005859375 -0.18682861328125 -3.3947417736053467 0.3254659945582318 0.9347038519292491 0.14283065348462545 0.9019940726421182 -0.3522298190371818 0.24968149210448012 0 0 0 0 0 0
3.9669952392578125 -0.3354644775390625 -3.6048336029052734 0.314973105736244 0.6868984758377795 0.6549522322693466 0.9041493523104983 -0.4270177112506149 0.013031615202776018 0 0 0 0 0 0
4.40692138671875 -0.4190521240234375 -3.775653600692749 0.2807191701748695 0.25767875995804373 0.9245530834748308 0.9180087020509189 -0.35320692523156455 -0.18029112825441973 0 0 0 0 0 0
4.7264862060546875 -0.4702606201171875 -3.909789562225342 0.3104421845709353 -0.05966227287649825 0.9487181157931134 0.9447610232337407 0.12974071913650245 -0.3009882967430443 0 0 0 0 0 0
5.004852294921875 -0.069427490234375 -4.188851356506348 0.2996805337037916 -0.5654486444871821 0.7684135658397884 0.9371202055363552 0.023452785347135605 -0.34821787322732367 0 0 0 0 0 0
5.332244873046875 0.2488250732421875 -4.191099643707275 0.3020848826810535 -0.8890885668199663 0.3438985955272171 0.9371575632833958 0.2109084581253857 -0.27794482163174095 0 0 0 0 0 0
5.656585693359375 0.4824066162109375 -4.014169692993164 0.3090562824165224 -0.9310978520741662 -0.19375501067521572 0.938912876506711 0.3311508662378344 -0.09371080044384243 0 0 0 0 0 0
5.983245849609375 0.56329345703125 -3.7427077293395996 0.3188315762092474 -0.6640226426267491 -0.6763285858892224 0.9357656325499226 0.33393238299465444 0.1132777318185479 0 0 0 0 0 0
6.3126220703125 0.478271484375 -3.4877066612243652 0.3283680306187475 -0.15697426184899463 -0.9314147935181879 0.9283934801662884 0.2352428367917464 0.2876566594447263 0 0 0 0 0 0
6.64434814453125 0.2798004150390625 -3.3302197456359863 0.33393723993482555 0.41854688103323123 -0.8445735185062723 0.9180005251292443 0.05893409204808331 0.3921757369558954 0 0 0 0 0 0
6.8273468017578125 0.768768310546875 -2.146331548690796 0.3328754862910797 -0.8381015853558356 0.43218010510724825 -0.334160153215755 0.3237329543134305 0.8851745400170079 0 0 0 0 0 0
7.2921295166015625 0.155609130859375 -0.32303866744041443 0.3254658767991566 -0.9347035137376623 -0.14283313497163014 0.9020054849484357 0.35222846154533327 -0.2496421759245525 0 0 0 0 0 0
7.62109375 0.3042449951171875 -0.1129516214132309 0.3149810592015941 -0.68687767372943 -0.654970223503549 0.9041489749764126 0.42701921576035706 -0.013008474949529393 0 0 0 0 0 0
8.059829711914062 0.3986053466796875 0.07506932318210602 0.27725213563351125 -0.2598952669332845 -0.924978758411421 0.9173588408028084 0.35780673401888047 0.1744336501127862 0 0 0 0 0 0
8.377182006835938 0.4331207275390625 0.193672314286232 0.31440634297393033 0.05935649959566071 -0.9474309776725214 0.9411089622677311 -0.1502246504152578 0.3028968067625805 0 0 0 0 0 0
8.66168212890625 0.0416412353515625 0.47156229615211487 0.29968100552102 0.5654495347298981 -0.7684127267319641 0.9379619183059699 -0.0273824196533151 0.3456553817051238 0 0 0 0 0 0
8.986343383789062 -0.280029296875 0.4733124077320099 0.30208494460203433 0.8890887490642271 -0.34389806997451133 0.9371593880570915 -0.21091296809281151 0.2779352465354809 0 0 0 0 0 0
9.310699462890625 -0.51361083984375 0.2963893711566925 0.30903273805330556 0.9311036995932702 0.1937644637569079 0.9389122971344586 -0.33113711830528486 0.0937651703468092 0 0 0 0 0 0
9.637344360351562 -0.594512939453125 0.024928348138928413 0.318797620741123 0.6640313730095403 0.6763360205318536 0.935771498613838 -0.3339330447266258 -0.1132273112884757 0 0 0 0 0 0
9.966720581054688 -0.509490966796875 -0.2300766557455063 0.32836830406641854 0.15697439256892567 0.9314146750841759 0.9283933325399302 -0.23524322550878649 -0.28765681800997717 0 0 0 0 0 0
10.298431396484375 -0.3110198974609375 -0.3875686228275299 0.33393779678340496 -0.4185475789704728 0.8445729524543165 0.9179993677851493 -0.058937575642585345 -0.3921779225344546 0 0 0 0 0 0
10.631088256835938 -0.069671630859375 -0.41865864396095276 0.33289870417787054 -0.8381021461546916 0.43216113356894403 0.907644088157829 0.16054187562539174 -0.3878253671471537 0 0 0 0 0 0
10.962722778320312 0.155609130859375 -0.32303866744041443 0.3254658767991566 -0.9347035137376623 -0.14283313497163014 0.9019938912330473 0.35223040612394224 -0.24968131924521003 0 0 0 0 0 0
11.29168701171875 0.3042449951171875 -0.1129516214132309 0.3149810592015941 -0.68687767372943 -0.654970223503549 0.9041489749764126 0.42701921576035706 -0.013008474949529393 0 0 0 0 0 0
11.731613159179688 0.3878326416015625 0.05786336958408356 0.2806864111350354 -0.25764555868524447 -0.9245722820276964 0.9180087876536661 0.353220684889153 0.18026373333836238 0 0 0 0 0 0
12.051849365234375 0.4415740966796875 0.19607235491275787 0.31044134613478297 0.05970025887207364 -0.94871600055055 0.9454023220456321 -0.12354011226164675 0.30158297387801386 0 0 0 0 0 0
12.330459594726562 0.0402679443359375 0.4754813015460968 0.29968100552102 0.5654495347298981 -0.7684127267319641 0.937119849338994 -0.023452532517915917 0.348218848848476 0 0 0 0 0 0
12.580123901367188 1.3201141357421875 1.2775743007659912 0.30208432538911 -0.8890869266124494 0.3439033254870259 -0.0706750556498242 0.33887666897382446 0.9381724999881949 0 0 0 0 0 0
12.998703002929688 0.4844512939453125 3.0490763187408447 0.3090672596393457 -0.9310927762622995 -0.19376189256711157 0.9389131851425758 0.3311583719191061 -0.09368117993124428 0 0 0 0 0 0
13.325332641601562 0.565338134765625 3.3205363750457764 0.31883209032194676 -0.6640237133565599 -0.6763272922787482 0.9357678050462661 0.3339225304724555 0.11328882858325197 0 0 0 0 0 0
13.65472412109375 0.4803314208984375 3.575535535812378 0.32836730142701454 -0.15697391326349497 -0.9314151093407735 0.928393585205411 0.23524339170839936 0.28765586663054843 0 0 0 0 0 0
13.986434936523438 0.2818603515625 3.7330315113067627 0.3339420672002366 0.41851478401345626 -0.8445875154868219 0.9180000093183955 0.05894168488751593 0.3921758032745602 0 0 0 0 0 0
14.319107055664062 0.0405120849609375 3.764117479324341 0.33287505754133084 0.8381005058655786 -0.4321825287245155 0.9076481566070728 -0.16050542691499192 0.3878309319002532 0 0 0 0 0 0
14.650711059570312 -0.1847686767578125 3.6684963703155518 0.3254660222659646 0.9347039315029221 0.14283006960493883 0.9020057724177004 -0.3522277257988375 0.24964217533046545 0 0 0 0 0 0
14.97967529296875 -0.333404541015625 3.458409547805786 0.3149811129996098 0.6868777910465028 0.6549700745992931 0.9041489717207064 -0.4270192222413008 0.013008488491130033 0 0 0 0 0 0
15.418411254882812 -0.4277801513671875 3.27038311958313 0.2772523171518657 0.2598954370880106 0.9249786561941595 0.9173541965698874 -0.3578212414812264 -0.17442831530588804 0 0 0 0 0 0
15.735763549804688 -0.4622802734375 3.151794195175171 0.31440678684637113 -0.05935658339395214 0.94743082512273 0.9411086435870533 0.15022608012395178 -0.30289708783071695 0 0 0 0 0 0
16.020278930664062 -0.07080078125 2.873901128768921 0.29968121998371733 -0.5654499393862833 0.7684123453180064 0.9379543431755223 0.02734725871166465 -0.34567872014217443 0 0 0 0 0 0
16.344924926757812 0.2508697509765625 2.8721392154693604 0.3020842634674367 -0.8890867443661508 0.3439038510364999 0.9371581500821475 0.21090718611976092 -0.2779438083096141 0 0 0 0 0 0
16.669296264648438 0.4844512939453125 3.0490763187408447 0.30903275589903123 -0.9311037533617522 -0.1937641769190248 0.9389187661096774 0.3311305675112865 -0.0937235184291249 0 0 0 0 0 0
16.99591064453125 0.565338134765625 3.3205344676971436 0.31883363266409265 -0.6640269255544222 -0.6763234114097783 0.9357651263102487 0.3339338189775007 0.11327768061125802 0 0 0 0 0 0
17.325363159179688 0.4803314208984375 3.5755465030670166 0.3283318089462176 -0.1569751822718352 -0.931427407469218 0.9283994301758368 0.23527198748440875 0.28761361225491044 0 0 0 0 0 0
17.656951904296875 0.2818450927734375 3.7330281734466553 0.33397432645971326 0.4185455522462563 -0.8445595123853955 0.9179858474700202 0.05892393003973299 0.3922116192993541 0 0 0 0 0 0
17.840057373046875 0.7708282470703125 4.916917324066162 0.33289867738155837 -0.8381020786925885 0.4321612850415588 -0.334065067585659 0.3237556372575187 0.8852021339575314 0 0 0 0 0 0
18.3048095703125 0.1576690673828125 6.740211486816406 0.3254657451837524 -0.9347031357521665 -0.1428359083950949 0.901993619160089 0.35223107390375247 -0.24968136007938943 0 0 0 0 0 0
18.633758544921875 0.306304931640625 6.9502973556518555 0.3150167046188136 -0.6868722188624797 -0.6549588008157741 0.9041482425163408 0.42702225639346697 -0.012959479127056138 0 0 0 0 0 0
19.07373046875 0.389892578125 7.12111759185791 0.28068508666359965 -0.2576443429363892 -0.9245730229016655 0.9180091225758382 0.35322020164143747 0.18026297462297164 0 0 0 0 0 0
19.393295288085938 0.4411163330078125 7.255224227905273 0.3104031493005362 0.05966210218828052 -0.9487308988679478 0.9447733021134136 -0.12974164862570164 0.3009493515952503 0 0 0 0 0 0
19.671600341796875 0.0402679443359375 7.534290313720703 0.29964430262839103 0.5654522594348365 -0.7684250348618161 0.9371326154538083 -0.023435951038726886 0.34818560747339244 0 0 0 0 0 0
19.998916625976562 -0.277984619140625 7.536534309387207 0.30212029094325127 0.889080507703833 -0.3438883257999023 0.9371458114157304 -0.21094119221348412 0.2779596042116665 0 0 0 0 0 0
20.308914184570312 -0.5019683837890625 7.322371482849121 0.3090328272816903 0.9311039684349458 0.19376302956699548 0.9478296145276095 -0.31828177412437636 0.017768907807821428 0 0 0 0 0 0
20.642425537109375 -0.5924530029296875 7.038844108581543 0.31883234737854943 0.6640242487219921 0.6763266454711644 0.9357652872484884 -0.3339336119517615 -0.1132769614246625 0 0 0 0 0 0
20.971771240234375 -0.5074310302734375 6.783817768096924 0.32836693683226975 0.15697373897128136 0.9314152672512772 0.9283939911482665 -0.23524172040050767 -0.28765592325346306 0 0 0 0 0 0
21.303543090820312 -0.308990478515625 6.626348495483398 0.33393471837492694 -0.4185437205859833 0.8445760817249685 0.9180016742455517 -0.05893565176639821 -0.3921728127155604 0 0 0 0 0 0
21.636123657226562 -0.0676116943359375 6.5952606201171875 0.3329093204541565 -0.8380907265243288 0.43217510162973805 0.9076451289160417 0.16055317919493062 -0.3878182520271353 0 0 0 0 0 0
21.9677734375 0.1576690673828125 6.690869331359863 0.3254657451837524 -0.9347031357521665 -0.1428359083950949 0.901993619160089 0.35223107390375247 -0.24968136007938943 0 0 0 0 0 0
22.296722412109375 0.306304931640625 6.900956153869629 0.315016950574239 -0.6868727551513378 -0.6549581200975508 0.904148242868125 0.4270222549828076 -0.012959501066023543 0 0 0 0 0 0
22.735565185546875 0.4006805419921875 7.088954925537109 0.2772520114368678 -0.25989515051174744 -0.9249788283494316 0.917370405215372 0.3577704697406919 0.1744472144131534 0 0 0 0 0 0
23.052902221679688 0.4351806640625 7.207582473754883 0.31436815090852377 0.059318344213415176 -0.9474460405395837 0.9411175827290063 -0.15024093157995316 0.3028619453749515 0 0 0 0 0 0
23.892349243164062 0.685882568359375 7.53923225402832 -0.9285205855989748 0 -0.37128092075803876 -0.3542222669690511 -0.2996328379040512 0.8858593274515266 0 0 0 0 0 0
20.358230590820312 0.632843017578125 6.447453498840332 0 1 0 0 0 1 0 0 0 0 0 0
20.880706787109375 0.632843017578125 6.207724571228027 0 1 0 0 0 1 0 0 0 0 0 0
23.462554931640625 0.6438140869140625 6.076395511627197 -0.9541682422821527 0 -0.2992707226244947 -0.2827993477895763 0.32718118973832183 0.9016523709119867 0 0 0 0 0 0
22.987457275390625 0.28857421875 6.845726490020752 -0.3143341284260265 -0.059319122536707666 0.9474572799910955 -0.9492987119908606 0.01427940081349492 -0.31405103745235535 0 0 0 0 0 0
22.563339233398438 0.4547119140625 6.653303623199463 -0.2772498739547407 0.25993129349581773 0.9249693130335034 -0.9523173063549363 0.05328363333201052 -0.30042070906616714 0 0 0 0 0 0
22.388946533203125 -0.0122528076171875 6.5197906494140625 -0.3150167046188136 0.6868722188624797 0.6549588008157741 -0.9478204654640549 -0.1920523044085697 -0.25446468835353336 0 0 0 0 0 0
22.02203369140625 -0.334808349609375 6.606574535369873 -0.32551145624637134 0.934686710529543 0.14283922784665584 -0.9296933188430423 -0.2888438747181893 -0.2285597272845606 0 0 0 0 0 0
21.691314697265625 -0.4874114990234375 6.808117389678955 -0.3329094919669157 0.8380911583033274 -0.432174132187614 -0.91879646870087 -0.39139144637360324 -0.05124241220307738 0 0 0 0 0 0
21.359283447265625 -0.514404296875 7.050427436828613 -0.3339403860804619 0.4185126771405926 -0.8445892241895147 -0.9079806202673556 -0.38341235661649126 0.1690152597036637 0 0 0 0 0 0
21.027755737304688 -0.4150390625 7.275908470153809 -0.32833253807465534 -0.15697553086757368 -0.9314270916987 -0.902016737095547 -0.24050875787633902 0.35849873554070383 0 0 0 0 0 0
20.870407104492188 -0.47393798828125 8.151800155639648 -0.31493702208215146 0.6869029743984134 0.6549648661452301 0.6412918183050406 -0.3547209704316539 0.6803806558912743 0 0 0 0 0 0
20.404373168945312 -0.3347930908203125 10.128402709960938 -0.32549990566953085 0.9346916897480974 0.14283296722036207 -0.9297026961132517 -0.2888408980159491 -0.22852534317464893 0 0 0 0 0 0
19.998062133789062 -0.357666015625 10.144735336303711 -0.3020841396238825 0.8890863798729423 -0.3439049021344782 -0.9414456141654322 -0.3349151062808521 -0.03888479334596151 0 0 0 0 0 0
19.747177124023438 -0.4253082275390625 10.442885398864746 -0.29964430262839103 0.5654522594348365 -0.7684250348618161 -0.9335916172356029 -0.33969325362238095 0.11408411664579919 0 0 0 0 0 0
19.380142211914062 -0.30706787109375 10.585664749145508 -0.31047700132936257 0.05969977971255098 -0.9487043627747264 -0.941278816380881 -0.15858769924423194 0.2980673270941132 0 0 0 0 0 0
18.916900634765625 -0.4777679443359375 10.765844345092773 -0.28068477729965663 -0.25764405896736625 -0.9245731959510086 -0.9539942018847787 -0.030903532111721838 0.29822815841775246 0 0 0 0 0 0
18.740447998046875 -0.01617431640625 10.899085998535156 -0.3150164586635167 -0.6868716825739019 -0.6549594815324029 -0.947918603350163 0.1934824927572265 0.2530115539241764 0 0 0 0 0 0
18.375595092773438 0.3076934814453125 10.811605453491211 -0.32551173338037975 -0.9346875063033008 -0.14283338892646044 -0.929700189178861 0.28885393978635915 0.22851905765316105 0 0 0 0 0 0
18.04486083984375 0.4603118896484375 10.610077857971191 -0.3328990203739704 -0.8381029422065432 0.43215934618932705 -0.9187982734933069 0.3913845902692359 0.051262414354973695 0 0 0 0 0 0
17.712844848632812 0.4873046875 10.36776065826416 -0.33397399021927343 -0.41854513086075024 0.8445598541783607 -0.9079626921846955 0.38345529353840185 -0.169014163483709 0 0 0 0 0 0
17.3812255859375 0.3879241943359375 10.142258644104004 -0.3283318089462176 0.1569751822718352 0.931427407469218 -0.9020164912785865 0.240510691140321 -0.35849805705006665 0 0 0 0 0 0
17.052001953125 0.1740570068359375 9.995287895202637 -0.3188338897217073 0.664027460921962 0.6763227645928076 -0.9038415003665875 0.0018050614150139485 -0.4278636277698352 0 0 0 0 0 0
16.72509765625 -0.1017303466796875 9.993424415588379 -0.3090326845159825 0.9311035382873842 0.19376532427025903 -0.9124789463488512 -0.2328453003643088 -0.3364004140430651 0 0 0 0 0 0
16.400405883789062 -0.3365631103515625 10.161455154418945 -0.302084387310714 0.8890871088585443 -0.3439027999372288 -0.923879351120896 -0.3619583901465682 -0.12422990129166568 0 0 0 0 0 0
16.076614379882812 -0.4253082275390625 10.442878723144531 -0.29968121998371733 0.5654499393862833 -0.7684123453180064 -0.9335820502599252 -0.3397085331966197 0.11411690455789433 0 0 0 0 0 0
15.709136962890625 -0.3037567138671875 10.566023826599121 -0.31440678684637113 0.05935658339395214 -0.94743082512273 -0.940795341744911 -0.15268878054904403 0.30263882970551226 0 0 0 0 0 0
15.24615478515625 -0.48187255859375 10.764898300170898 -0.2772171019191531 -0.2598981856853158 -0.9249884385661408 -0.9523175932226785 -0.05337275990827798 0.3004039782332094 0 0 0 0 0 0
15.071823120117188 -0.0148468017578125 10.898402214050293 -0.3149811129996098 -0.6868777910465028 -0.6549700745992931 -0.9478325554313152 0.1920296162132414 0.2544367767472667 0 0 0 0 0 0
14.704971313476562 0.3076934814453125 10.811596870422363 -0.3254660222659646 -0.9347039315029221 -0.14283006960493883 -0.9296998907885178 0.28879194932714575 0.22859860688911798 0 0 0 0 0 0
14.374252319335938 0.460296630859375 10.61007308959961 -0.33290897742801406 -0.838089862964761 0.4321770405094911 -0.9188001513476586 0.3913848919415007 0.051226440862700846 0 0 0 0 0 0
14.042236328125 0.4872894287109375 10.367756843566895 -0.3339427396519336 -0.4185156267673479 0.8445868319985192 -0.9079697545709686 0.3834467584573484 -0.1689955863710272 0 0 0 0 0 0
13.710708618164062 0.387908935546875 10.142264366149902 -0.3283332672060842 0.15697587946474226 0.9314267759260783 -0.9020158446407189 0.24051071452156966 -0.35849966836444136 0 0 0 0 0 0
13.381332397460938 0.174072265625 9.995282173156738 -0.31878948811002855 0.6640525797558187 0.6763190324027472 -0.9038564506396534 0.0018235996376719278 -0.4278319659883416 0 0 0 0 0 0
13.054550170898438 -0.1017303466796875 9.993440628051758 -0.3090326845159825 0.9311035382873842 0.19376532427025903 -0.9124919076141776 -0.23285887446915862 -0.3363558578642508 0 0 0 0 0 0
12.729827880859375 -0.3365631103515625 10.161455154418945 -0.302084387310714 0.8890871088585443 -0.3439027999372288 -0.923879351120896 -0.3619583901465682 -0.12422990129166568 0 0 0 0 0 0
12.406036376953125 -0.4253082275390625 10.442878723144531 -0.29968121998371733 0.5654499393862833 -0.7684123453180064 -0.9335904134606143 -0.33967654346019993 0.11414370642909082 0 0 0 0 0 0
12.0389404296875 -0.3070831298828125 10.585675239562988 -0.3104762990695613 0.059699644679182144 -0.948704601096278 -0.941279053639102 -0.15858753334652215 0.2980666661123687 0 0 0 0 0 0
11.573776245117188 -0.479705810546875 10.761937141418457 -0.2806866334926751 -0.25764576279009616 -0.9245721576463668 -0.9539052657498618 -0.03170925686455227 0.298427992996273 0 0 0 0 0 0
11.398269653320312 -0.01824951171875 10.894661903381348 -0.31497285982171075 -0.6868979395433626 -0.6549529129844497 -0.9479327621197433 0.19345270749403762 0.2529812808554432 0 0 0 0 0 0
11.033462524414062 0.305633544921875 10.807178497314453 -0.3254776273663275 -0.9346991122514952 -0.14283516247847772 -0.9296981071884153 0.28880441231090925 0.22859011553439548 0 0 0 0 0 0
10.702743530273438 0.458251953125 10.6056547164917 -0.33289867738155837 -0.8381020786925885 0.4321612850415588 -0.9187981974962239 0.39138475596233013 0.05126251142889201 0 0 0 0 0 0
10.3707275390625 0.4852447509765625 10.363336563110352 -0.3339374080399008 -0.4185470917310705 0.8445733476229615 -0.9079810590019386 0.38341975450955074 -0.16899611932099018 0 0 0 0 0 0
10.039215087890625 0.3858642578125 10.137845993041992 -0.3283680306187475 0.15697426184899463 0.9314147935181879 -0.902013960149853 0.24047204715943354 -0.3585303477109443 0 0 0 0 0 0
9.86962890625 0.1721038818359375 9.337485313415527 -0.3187975635106759 -0.6640312538028401 -0.6763361645459193 0.8318576444610117 0.14599437728349457 -0.5354423415769264 0 0 0 0 0 0
9.366546630859375 0.07257080078125 7.469670295715332 -0.3090328272816903 -0.9311039684349458 -0.19376302956699548 -0.9124809903810033 0.232848447270038 0.3363926913552611 0 0 0 0 0 0
9.04180908203125 0.307403564453125 7.301663398742676 -0.3020848826810535 -0.8890885668199663 0.3438985955272171 -0.9238896218921356 0.3619458258728819 0.12419011914481877 0 0 0 0 0 0
8.718048095703125 0.3961334228515625 7.020216941833496 -0.29968713506990696 -0.5654229526484421 0.7684298964068934 -0.9335893353525099 0.33967329722705875 -0.11416218317357742 0 0 0 0 0 0
8.350540161132812 0.2745819091796875 6.89708137512207 -0.3143724116822449 -0.05931914818176081 0.9474445764434347 -0.940802207946449 0.15270884828330564 -0.3026073581046455 0 0 0 0 0 0
7.8875885009765625 0.45269775390625 6.6982035636901855 -0.2772492625423141 0.2599307202756368 0.9249696573816526 -0.9523174130992853 0.05328451465575678 -0.30042021437610633 0 0 0 0 0 0
7.7132415771484375 -0.014312744140625 6.564711570739746 -0.31498160486746785 0.6868788636603641 0.6549687131854172 -0.9478324120017074 -0.19203071457486812 -0.2544364820910931 0 0 0 0 0 0
7.3463897705078125 -0.33685302734375 6.651501655578613 -0.3254656897660073 0.9347029765982744 0.14283707615133662 -0.9297077191857501 -0.2887991895855779 -0.22855761851477166 0 0 0 0 0 0
7.0156707763671875 -0.489471435546875 6.853043556213379 -0.33289884887786836 0.8381025104498276 -0.432160315616192 -0.9187982354948063 -0.3913846731157067 -0.05126246289188723 0 0 0 0 0 0
6.6836395263671875 -0.5164642333984375 7.0953474044799805 -0.33397163655134204 0.4185421811811908 -0.844562246700212 -0.9079781874657992 -0.38340582921558436 0.16904313416945513 0 0 0 0 0 0
6.3521270751953125 -0.4170684814453125 7.320838928222656 -0.32833399634050425 -0.15697622806334088 -0.9314264601513528 -0.9020152367479531 -0.24051169869378253 0.3585005376090326 0 0 0 0 0 0
6.022735595703125 -0.2032470703125 7.46783447265625 -0.3187975635106759 -0.6640312538028401 -0.6763361645459193 -0.9038561060452567 -0.001824606958241389 0.42783268969791666 0 0 0 0 0 0
5.6959686279296875 0.07257080078125 7.469670295715332 -0.3090673310282914 -0.9310929913278866 -0.1937607452275535 -0.9124908488866285 0.2329024502453819 0.33632855865635014 0 0 0 0 0 0
5.3712158203125 0.307403564453125 7.301663398742676 -0.3020848826810535 -0.8890885668199663 0.3438985955272171 -0.9238797214523474 0.3619576352153563 0.12422934676814451 0 0 0 0 0 0
5.047454833984375 0.3961334228515625 7.020216941833496 -0.29968713506990696 -0.5654229526484421 0.7684298964068934 -0.9335809725387985 0.3397052870447894 -0.11413538306471305 0 0 0 0 0 0
4.6803436279296875 0.277923583984375 6.877438545227051 -0.31044182889448807 -0.05970035171047847 0.9487158367384254 -0.9412853866097486 0.15862115393097753 -0.2980287745848403 0 0 0 0 0 0
4.217193603515625 0.4486083984375 6.697264671325684 -0.2806866334926751 0.25764576279009616 0.9245721576463668 -0.9539843480475545 0.030987742343267753 -0.29825094049264905 0 0 0 0 0 0
4.1773834228515625 0.4901123046875 5.709669589996338 -0.31498160486746785 -0.6868788636603641 -0.6549687131854172 0.5363039134910661 0.44054891586932443 -0.7199269164995362 0 0 0 0 0 0
3.692291259765625 0.305633544921875 3.7483561038970947 -0.3255001273521553 -0.9346923263224963 -0.14282829624262364 -0.9297017237745759 0.28884117406099674 0.22852894997712522 0 0 0 0 0 0
3.361572265625 0.458251953125 3.5468294620513916 -0.33289867738155837 -0.8381020786925885 0.4321612850415588 -0.9187981974962239 0.39138475596233013 0.05126251142889201 0 0 0 0 0 0
3.029541015625 0.4852447509765625 3.3045151233673096 -0.3339374080399008 -0.4185470917310705 0.8445733476229615 -0.9079706064131848 0.383453753039832 -0.16897513772546865 0 0 0 0 0 0
2.698028564453125 0.3858489990234375 3.0790202617645264 -0.32833166542116476 0.15701326070332453 0.9314210398337983 -0.9020150535218269 0.24050113692830977 -0.3585080840876622 0 0 0 0 0 0
2.36865234375 0.172027587890625 2.9320242404937744 -0.3188313191531507 0.6640221072623708 0.676329232692113 -0.9038669074991563 0.0017461222275036651 -0.4278101969157331 0 0 0 0 0 0
2.0418701171875 -0.103790283203125 2.9302003383636475 -0.30903275589903123 0.9311037533617522 0.1937641769190248 -0.912492598825093 -0.23286010153432538 -0.33635313318423526 0 0 0 0 0 0
1.7171173095703125 -0.338623046875 3.098198175430298 -0.30208513036456136 0.8890892957957862 -0.3438964933144549 -0.9238697550731355 -0.36196936388895556 -0.12426928529178002 0 0 0 0 0 0
1.3933563232421875 -0.4273529052734375 3.3796403408050537 -0.29968039644805283 0.5654483855078268 -0.7684138099431387 -0.9335906460214848 -0.33967589096044276 0.11414374604601092 0 0 0 0 0 0
1.0258636474609375 -0.3058013916015625 3.5027754306793213 -0.31440678832169594 0.059318436767803594 -0.9474332137500038 -0.9407999902702149 -0.15264039235745672 0.30264878808368817 0 0 0 0 0 0
0.562896728515625 -0.4839324951171875 3.7016522884368896 -0.2772520114368678 -0.25989515051174744 -0.9249788283494316 -0.9523177430446137 -0.053286811375225424 0.3004187610917045 0 0 0 0 0 0
0.3885498046875 -0.0168914794921875 3.8351452350616455 -0.31498160486746785 -0.6868788636603641 -0.6549687131854172 -0.9478303340038331 0.19200099661011452 0.2544666485866174 0 0 0 0 0 0
0.021697998046875 0.305633544921875 3.7483551502227783 -0.3254776273663275 -0.9346991122514952 -0.14283516247847772 -0.9296981907076257 0.288804512679716 0.228589649045619 0 0 0 0 0 0
-0.30902099609375 0.458251953125 3.546830415725708 -0.3328647582827771 -0.8381127210899492 0.4321667727169104 -0.9188023948317824 0.39136876285941824 0.05130936278370757 0 0 0 0 0 0
-0.6410369873046875 0.4852447509765625 3.3045132160186768 -0.3339374080399008 -0.4185470917310705 0.8445733476229615 -0.9079810590019386 0.38341975450955074 -0.16899611932099018 0 0 0 0 0 0
-0.9836883544921875 0.3902130126953125 3.075493097305298 -0.32836569951618794 0.15701129405304712 0.9314093734341696 -0.9016968324447951 0.24154261409801525 -0.3586084047170678 0 0 0 0 0 0
-1.15570068359375 0.174163818359375 2.2725484371185303 -0.3187892310946732 -0.6640520443814851 -0.6763196792130458 0.8318446959553029 0.14600946566286724 -0.5354583436158913 0 0 0 0 0 0
-1.6587677001953125 0.0746307373046875 0.4047333300113678 -0.30903273805330556 -0.9311036995932702 -0.1937644637569079 -0.912477867909915 0.23284454839697155 0.33640385975250947 0 0 0 0 0 0
-1.9835205078125 0.3094635009765625 0.2367253452539444 -0.30208444536215495 -0.8890872797140731 0.34390230723400045 -0.9238695692692439 0.36197001880558594 0.12426875900300016 0 0 0 0 0 0
-2.3072967529296875 0.398193359375 -0.04470466077327728 -0.2996871951232403 -0.5654230659517143 0.7684297896157646 -0.933589244498057 0.33967362750674746 -0.11416194345732888 0 0 0 0 0 0
-2.6747589111328125 0.276641845703125 -0.16784869134426117 -0.31440696439567845 -0.05935661691333119 0.9474307641026328 -0.9408007257689095 0.15264642207047177 -0.3026434605633781 0 0 0 0 0 0
-3.13775634765625 0.4547576904296875 -0.36672666668891907 -0.27724915626189023 0.2599306206340837 0.9249697172388133 -0.9523174687954246 0.05328438671725057 -0.30042006051401104 0 0 0 0 0 0
-3.31207275390625 -0.01226806640625 -0.5002216696739197 -0.314981474215018 0.6868785787471979 0.6549690748116 -0.9478303436692991 -0.19200029844336539 -0.2544671393665539 0 0 0 0 0 0
-3.6789398193359375 -0.3347930908203125 -0.4134296476840973 -0.3255115878863791 0.934687088525965 0.14283645436142256 -0.9297025656412765 -0.2888558485944493 -0.22850697620162222 0 0 0 0 0 0
-4.0096588134765625 -0.4874114990234375 -0.21189163625240326 -0.33287527727573957 0.8381010591047443 -0.432181286621836 -0.9187917874648338 -0.3913913841775646 -0.0513267540250297 0 0 0 0 0 0
-4.3416900634765625 -0.514404296875 0.030408279970288277 -0.3339428749305637 0.418515796306056 -0.8445866944993968 -0.9079694305981989 -0.38344775805974574 0.16899505891634078 0 0 0 0 0 0
-4.673187255859375 -0.4150238037109375 0.2559143602848053 -0.3283676546288866 -0.1569740821094178 -0.9314149563644712 -0.9020133665725791 -0.24047463974571476 0.35853010217214776 0 0 0 0 0 0
-5.0025787353515625 -0.2011871337890625 0.40289631485939026 -0.31883163244029106 -0.6640227597377538 -0.6763284444008817 -0.9038676578129529 -0.00174322334373285 0.42780862348964027 0 0 0 0 0 0
-5.3293609619140625 0.0746307373046875 0.4047333300113678 -0.30903273805330556 -0.9311036995932702 -0.1937644637569079 -0.912477867909915 0.23284454839697155 0.33640385975250947 0 0 0 0 0 0
-5.6540985107421875 0.3094635009765625 0.2367253452539444 -0.30208444536215495 -0.8890872797140731 0.34390230723400045 -0.9238794712294722 0.3619582101867867 0.12422953239519563 0 0 0 0 0 0
-5.977874755859375 0.398193359375 -0.04470466077327728 -0.2996871951232403 -0.5654230659517143 0.7684297896157646 -0.933589244498057 0.33967362750674746 -0.11416194345732888 0 0 0 0 0 0
-6.344970703125 0.27996826171875 -0.18749766051769257 -0.3104419605564719 -0.05970037703009074 0.9487157920622586 -0.941279711968049 0.15866299445750828 -0.29802442521901357 0 0 0 0 0 0
-6.808135986328125 0.4506683349609375 -0.36766567826271057 -0.2806866806228684 0.2576458060514886 0.9245721312828947 -0.9539888930362012 0.030945973827592198 -0.2982407394495687 0 0 0 0 0 0
-6.847930908203125 0.4921722412109375 -1.3552566766738892 -0.3150156593096886 -0.6868699396379575 -0.6549616938504347 0.5361799561798422 0.4406225896895693 -0.7199741579016848 0 0 0 0 0 0
-7.333038330078125 0.30767822265625 -3.3165807723999023 -0.3254776273663275 -0.9346991122514952 -0.14283516247847772 -0.9297006365835087 0.2888074520854385 0.2285759872693015 0 0 0 0 0 0
-7.66375732421875 0.460296630859375 -3.5181076526641846 -0.33287540054123393 -0.838101369458046 0.4321805898314509 -0.9188043647217555 0.3913688438464609 0.05127345740766566 0 0 0 0 0 0
-7.99578857421875 0.4872894287109375 -3.760410785675049 -0.3339430758785935 -0.4185160481453106 0.8445864902528194 -0.9079797072324155 0.383414250322328 -0.1690158687931529 0 0 0 0 0 0
-8.3272705078125 0.387908935546875 -3.9859156608581543 -0.3283680306187475 0.15697426184899463 0.9314147935181879 -0.9020136755878179 0.24047301974293783 -0.3585304113018418 0 0 0 0 0 0
-8.65667724609375 0.174072265625 -4.132898330688477 -0.318755603267889 0.6640614578371723 0.6763262863444637 -0.9038693503261137 0.001840347633160474 -0.4278046407668323 0 0 0 0 0 0
-8.98345947265625 -0.1017303466796875 -4.134738445281982 -0.30899825093841987 0.9311147294944385 0.19376646106975243 -0.9124712687855321 -0.23279409050042668 -0.33645667636264937 0 0 0 0 0 0
-9.308197021484375 -0.3365631103515625 -3.966726779937744 -0.3021190524121463 0.8890768629507442 -0.34389883677507604 -0.9238869772073394 -0.361967925827728 -0.12414537453589511 0 0 0 0 0 0
-9.6319580078125 -0.4253082275390625 -3.6852986812591553 -0.29968121998371733 0.5654499393862833 -0.7684123453180064 -0.9335820662345318 -0.33970847209955973 0.11411695574736139 0 0 0 0 0 0
-9.99945068359375 -0.3037567138671875 -3.56215763092041 -0.31440625419958396 0.05935648283602919 -0.947431008182402 -0.9408061737552389 -0.15260570732576145 0.3026470576688815 0 0 0 0 0 0
-10.462432861328125 -0.4818572998046875 -3.3632795810699463 -0.2772495682482188 -0.2599310068854379 -0.9249694852078629 -0.9523118518134026 -0.053325759053401006 0.30043052494230116 0 0 0 0 0 0
-10.636749267578125 -0.0148468017578125 -3.2297816276550293 -0.31501707355199987 -0.6868730232958719 -0.6549577797378414 -0.9478224387655337 0.19208290863264832 0.25443423665807624 0 0 0 0 0 0
-11.003662109375 0.3076934814453125 -3.316572666168213 -0.3254776550769157 -0.9346991918301205 -0.14283457857868975 -0.9296982813823428 0.28880480229750816 0.22858891435197695 0 0 0 0 0 0
-11.334381103515625 0.4603118896484375 -3.5181007385253906 -0.33293276669760613 -0.8380918672219414 0.43215482752772416 -0.918794089598207 0.39140056894895986 0.05121538387860492 0 0 0 0 0 0
-11.666412353515625 0.4873046875 -3.7604146003723145 -0.33393539078792467 -0.4185445633681871 0.8445753982056602 -0.9079772495199471 0.3834329530279607 -0.16898664114790174 0 0 0 0 0 0
-11.997802734375 0.3878936767578125 -3.9859187602996826 -0.32836638994155476 0.15697347753363128 0.9314155041160466 -0.9020107800372745 0.24048537637124617 -0.35852940806596045 0 0 0 0 0 0
-12.167449951171875 0.174163818359375 -4.78627347946167 -0.31883260443532074 -0.6640247840877755 -0.6763259986620161 0.8317658275687675 0.1461029075983373 -0.5355553645330752 0 0 0 0 0 0
-12.670623779296875 0.0746307373046875 -6.65407657623291 -0.3089870615404569 -0.9311191586593843 -0.193763020667087 -0.9124929057695731 0.23280409400079025 0.33639106815828573 0 0 0 0 0 0
-12.9952392578125 0.3094482421875 -6.822113513946533 -0.30204959717894697 -0.8890969893217626 0.3439078138440785 -0.9238911816931663 0.36192572080043856 0.1242370999850203 0 0 0 0 0 0
-13.31903076171875 0.398193359375 -7.103526592254639 -0.2996823180358691 -0.5654520112329031 0.7684103924657143 -0.9335787604630362 0.3397207990025193 -0.11410730361107776 0 0 0 0 0 0
-13.6861572265625 0.27996826171875 -7.246329307556152 -0.3104432378747036 -0.05966247530548494 0.9487177583972447 -0.9412793055613282 0.15865112633047682 -0.2980320268629779 0 0 0 0 0 0
-14.148834228515625 0.4493408203125 -7.4300856590271 -0.28068477729965663 0.25764405896736625 0.9245731959510086 -0.9540559339844987 0.030336438822183277 -0.29808887149397867 0 0 0 0 0 0
-14.326751708984375 -0.0129852294921875 -7.564150333404541 -0.3150174424854751 0.686873827729894 0.654956758656321 -0.9479183649238841 -0.1934854295988312 -0.25301020132197377 0 0 0 0 0 0
-14.691619873046875 -0.33685302734375 -7.476686477661133 -0.3254773502544746 0.9346983164480939 0.14284100146815445 -0.9296987594523788 -0.2888033896736589 -0.22858875472278298 0 0 0 0 0 0
-15.0223388671875 -0.489471435546875 -7.275139331817627 -0.3328757435403051 0.8381022330484188 -0.4321786509323927 -0.9188006897715353 -0.39137539797420995 -0.05128928090624602 0 0 0 0 0 0
-15.354339599609375 -0.5164642333984375 -7.032834529876709 -0.33401422280297655 0.41850959780395797 -0.8445615522336384 -0.9079731673965848 -0.38338790043977583 0.16911074798543752 0 0 0 0 0 0
-15.68597412109375 -0.417083740234375 -6.807323455810547 -0.32829690098479375 -0.157014878509576 -0.9314330210650703 -0.9020171497358314 -0.24053907299435345 0.358477357646845 0 0 0 0 0 0
-16.01519775390625 -0.203216552734375 -6.660346508026123 -0.3188242712671897 -0.6640455748048862 -0.6763095139305624 -0.9038650247154596 -0.00174789791192294 0.4278141675412485 0 0 0 0 0 0
-16.342041015625 0.07257080078125 -6.658501625061035 -0.3090673310282914 -0.9310929913278866 -0.1937607452275535 -0.9124892883599347 0.23290081562898307 0.3363339244080715 0 0 0 0 0 0
-16.666748046875 0.3074188232421875 -6.826524257659912 -0.30212016709138734 -0.8890801432321925 0.3438893769032368 -0.9238640895120026 0.36199452246051395 0.12423811741467619 0 0 0 0 0 0
-16.99066162109375 0.3961639404296875 -7.107943534851074 -0.2996782003674016 -0.5654442418592152 0.768417715551127 -0.9335993084457735 0.33964338200871796 -0.11416962961862329 0 0 0 0 0 0
-17.3580322265625 0.2745819091796875 -7.231095314025879 -0.3144018155425386 -0.059355644865832335 0.9474325336434867 -0.9408079872834704 0.152602357027055 -0.30264310944314066 0 0 0 0 0 0
-17.821014404296875 0.4527130126953125 -7.4299445152282715 -0.2772520114368678 0.25989515051174744 0.9249788283494316 -0.9523123973987646 0.053327271547654695 -0.30042852705743506 0 0 0 0 0 0
-17.859619140625 0.49090576171875 -8.418681144714355 -0.31493702208215146 -0.6869029743984134 -0.6549648661452301 0.5357347204786999 0.44097849300906033 -0.7200876876999546 0 0 0 0 0 0
-18.345611572265625 0.3056488037109375 -10.37984848022461 -0.3255458381239292 -0.9346758994272922 -0.14283161523266016 -0.9296871125866663 0.28888524710765445 0.22853268189433407 0 0 0 0 0 0
-18.676422119140625 0.458251953125 -10.581344604492188 -0.33287540054123393 -0.838101369458046 0.4321805898314509 -0.9187830443115942 0.39140703096713886 0.051363932822637945 0 0 0 0 0 0
-19.0084228515625 0.4852447509765625 -10.823659896850586 -0.3339461019428785 -0.41851984057748687 0.8445834144950701 -0.9079579937823217 0.38348366232638903 -0.16897503441491565 0 0 0 0 0 0
-19.34002685546875 0.3858795166015625 -11.049163818359375 -0.3283658430525224 0.15697321609678552 0.9314157409796325 -0.9020143611341935 0.24047395721483958 -0.35852805777108754 0 0 0 0 0 0
-19.66943359375 0.172027587890625 -11.196138381958008 -0.31875316182952373 0.6640563716046373 0.676332430950169 -0.9038707083623793 0.001844052942010058 -0.42780175552846667 0 0 0 0 0 0
-19.99603271484375 -0.103790283203125 -11.197955131530762 -0.3090673310282914 0.9310929913278866 0.1937607452275535 -0.9124874915295627 -0.23289893352017996 -0.336340102526073 0 0 0 0 0 0
-20.349456787109375 -0.3258819580078125 -11.01137924194336 -0.3021188047026013 0.8890761339903445 -0.3439009389545985 -0.9363014819467137 -0.3445235597477945 -0.06813994190704706 0 0 0 0 0 0
-20.68377685546875 -0.42529296875 -10.711819648742676 -0.29968823319048715 0.5654250244843942 -0.7684279436446765 -0.9335806624526687 -0.33970615695354545 0.11413533029824578 0 0 0 0 0 0
-21.0509033203125 -0.3070831298828125 -10.569031715393066 -0.3104425310929542 0.05970048674864504 -0.9487155984648797 -0.941279493255074 -0.15866332211201292 0.29802494156337095 0 0 0 0 0 0
-21.516143798828125 -0.479736328125 -10.392768859863281 -0.2806151105969858 -0.2576501436884233 -0.9245926471489899 -0.9539181775637345 -0.03180030091922826 0.298377028899562 0 0 0 0 0 0
-21.691497802734375 -0.0182342529296875 -10.260048866271973 -0.315017934397225 -0.6868749003095704 -0.6549553972087133 -0.9479222258479446 0.19354619644636442 0.2529492510062518 0 0 0 0 0 0
-22.056365966796875 0.305633544921875 -10.347513198852539 -0.3254776273663275 -0.9346991122514952 -0.14283516247847772 -0.9296982185472382 0.2888045461358789 0.22858949354977137 0 0 0 0 0 0
-21.829307556152344 3.4776101112365723 -9.931673049926758 -0.97573381224188 0.10968272828799917 -0.18950785409377824 0.09375913926678806 0.991421256488964 0.0910665470180737 0 0 0 0 0 0
-21.83438491821289 3.901550531387329 -10.261713981628418 -0.9064192032321535 0.047111925025291664 0.41974360570757857 0.093717270299518 0.9914219901928898 0.09110164987296711 0 0 0 0 0 0
-22.046056747436523 4.3362274169921875 -10.496095657348633 -0.4926974526093414 -0.033318720664567564 0.8695625814428437 0.09370652802214614 0.9914247610056112 0.09108254427167393 0 0 0 0 0 0
-22.37005615234375 4.7633233070373535 -10.532246589660645 0.10817183686825982 -0.10109222235754181 0.9889788755516267 0.09374092167237921 0.9914209423431339 0.09108871877167633 0 0 0 0 0 0
-22.669404983520508 5.167361736297607 -10.342960357666016 0.6679672829382068 -0.13046187566841613 0.732665959302893 0.09370803835313544 0.9914226277740643 0.09110420783683006 0 0 0 0 0 0
-22.816484451293945 5.54167366027832 -9.986660957336426 0.97397235828631 -0.11029536726312343 0.19802216354362143 0.09375786586388819 0.9914220738980816 0.09105895879196162 0 0 0 0 0 0
-22.741535186767578 5.890829086303711 -9.585226058959961 0.9099712913292785 -0.04817180908990489 -0.4118637223227257 0.09372579515488322 0.9914194326064868 0.09112071099819763 0 0 0 0 0 0
-22.45918083190918 6.229019641876221 -9.277674674987793 0.5002096399093603 0.032204291818031465 -0.8653052638983811 0.09371554467839434 0.991424827246281 0.09107254583744744 0 0 0 0 0 0
-22.06281280517578 6.574544906616211 -9.1673583984375 -0.09946306534082763 0.10035951561572459 -0.9899672046378017 0.09373331928775726 0.9914215921596341 0.09108946950638927 0 0 0 0 0 0
-21.6890869140625 6.942958354949951 -9.282711029052734 -0.6614799624549195 0.13038171036407067 -0.7385423947703869 0.09370720407208082 0.9914234864571905 0.09109572111829793 0 0 0 0 0 0
-21.466150283813477 7.341080665588379 -9.566417694091797 -0.9721379688269421 0.1108834365626634 -0.20652513905353195 0.09373709982854557 0.9914235516131424 0.09106424887142135 0 0 0 0 0 0
-21.464862823486328 7.764491558074951 -9.897188186645508 -0.9134450944740337 0.04924349924869544 0.40397170341877553 0.09372799781789477 0.9914228500186271 0.09108125430620705 0 0 0 0 0 0
-21.671756744384766 8.199116706848145 -10.135879516601562 -0.5077004897102089 -0.031138785342146598 0.8609707247028959 0.09375044399376628 0.9914153563245663 0.09113970317487982 0 0 0 0 0 0
-21.994380950927734 8.626640319824219 -10.178333282470703 0.09083724088627007 -0.09960386909463792 0.9908721738597507 0.09367099042830127 0.9914290283795734 0.09107264813607013 0 0 0 0 0 0
-22.29631805419922 9.03148078918457 -9.994913101196289 0.6549568254180251 -0.13032284716721546 0.7443436789175906 0.09375027544834653 0.9914199376318407 0.09109002755206691 0 0 0 0 0 0
-22.44894790649414 9.406599044799805 -9.641819953918457 0.9702275843466395 -0.11146078244391117 0.21502308841116513 0.0937131414644589 0.9914253654039916 0.09106916025979551 0 0 0 0 0 0
-22.38040542602539 9.756307601928711 -9.239712715148926 0.9168876431023772 -0.05030005432956809 -0.3959633246408184 0.09372198066561695 0.9914236447181538 0.09107879574239955 0 0 0 0 0 0
-22.102848052978516 10.094552040100098 -8.927865982055664 0.515157174472902 0.02998360095788078 -0.8565711116204505 0.09372800581091242 0.9914235430183 0.09107370243791903 0 0 0 0 0 0
-21.707870483398438 10.439642906188965 -8.811271667480469 -0.0822729123584882 0.09885242529870285 -0.9916951980848837 0.09365033397280227 0.9914324333011701 0.09105682371631121 0 0 0 0 0 0
-21.331634521484375 10.807269096374512 -8.920734405517578 -0.6484042061546552 0.13020202124676197 -0.7500796085111294 0.09371508008392827 0.9914238331435469 0.09108384510888767 0 0 0 0 0 0
-21.103212356567383 11.204568862915039 -9.201179504394531 -0.9682340715384962 0.11207070721763313 -0.22352391213408412 0.09372055009051215 0.991420696890091 0.09111234970462713 0 0 0 0 0 0
-21.09549331665039 11.627426147460938 -9.532578468322754 -0.9202299025064531 0.05132415424680527 0.3879983991253237 0.09371613037098298 0.9914198942715436 0.09112562839777966 0 0 0 0 0 0
-21.297523498535156 12.061975479125977 -9.775529861450195 -0.5225933378805545 -0.028870571054964846 0.8520931247990566 0.09370450701190022 0.991426935288245 0.09106095403967045 0 0 0 0 0 0
-21.61869239807129 12.489948272705078 -9.824246406555176 0.07357056824281491 -0.09814177429344846 0.9924492750901495 0.0937103870035101 0.9914233854630083 0.09109354601024092 0 0 0 0 0 0
-21.923099517822266 12.89555549621582 -9.646730422973633 0.641783110764894 -0.1300970347643625 0.7557706003030654 0.09369470213983394 0.9914243970343272 0.0910986704406209 0 0 0 0 0 0
-22.081212997436523 13.27149772644043 -9.296931266784668 0.9661799120756253 -0.11265788810049611 0.23195813792637912 0.09374018113779878 0.9914237617221694 0.09105878943251942 0 0 0 0 0 0
-22.01908302307129 13.621767044067383 -8.89427375793457 0.9235109962375531 -0.052398412671845675 -0.37997611264103587 0.09372253875817813 0.991424325101548 0.09107081489512453 0 0 0 0 0 0
-21.746429443359375 13.96008586883545 -8.578227043151855 0.5300010623814937 0.02775939454289655 -0.8475425003438468 0.09370813165064705 0.9914256437268194 0.09107128539450375 0 0 0 0 0 0
-21.352975845336914 14.304732322692871 -8.45536994934082 -0.0648925880848142 0.097424712576595 -0.993125056269865 0.0938368550823264 0.9914085462190283 0.09112485452461036 0 0 0 0 0 0
-20.974323272705078 14.671599388122559 -8.558911323547363 -0.6351022115873661 0.1300069763009037 -0.7614088040927374 0.09373687576391919 0.99142091629096 0.09109316584032567 0 0 0 0 0 0
-20.740421295166016 15.068084716796875 -8.836008071899414 -0.9640529393813425 0.11322726219847246 -0.24037786330116204 0.09372785831263844 0.9914215582723468 0.09109545745512171 0 0 0 0 0 0
-20.726289749145508 15.490371704101562 -9.167901992797852 -0.9267131102341577 0.053446244821398724 0.3719493382634586 0.09373740732208802 0.9914213869060727 0.09108749669286378 0 0 0 0 0 0
-20.92339324951172 15.924851417541504 -9.415008544921875 -0.5373420154269098 -0.026647521569719723 0.8429433362042421 0.0937060630033367 0.9914254792520435 0.09107520434383158 0 0 0 0 0 0
-21.242998123168945 16.353252410888672 -9.469959259033203 0.056201111784656664 -0.09661860911086996 0.993733505225445 0.09371610840684014 0.9914228228399327 0.09109378341674641 0 0 0 0 0 0
-21.549776077270508 16.759618759155273 -9.298408508300781 0.6284130934995004 -0.12987871493087025 0.7669605617802613 0.09369656653118781 0.9914223723816631 0.0911187848985147 0 0 0 0 0 0
-21.71331787109375 17.136384963989258 -8.952004432678223 0.9618564243909128 -0.11375504388044004 0.24878104600167494 0.09369193630647424 0.9914254586846847 0.09108996071470286 0 0 0 0 0 0
-21.657602310180664 17.487226486206055 -8.54890251159668 0.9298574826699456 -0.054493578621621915 -0.363861940592474 0.09373223187225155 0.9914248921683745 0.0910546643350761 0 0 0 0 0 0
-21.389911651611328 17.825634002685547 -8.228726387023926 0.5446041635185294 0.02555774912629092 -0.8383037078158968 0.0937253842349706 0.991420033972396 0.09111459042426032 0 0 0 0 0 0
-20.99808692932129 18.169870376586914 -8.099654197692871 -0.04752709825878614 0.09586483228600748 -0.9942590753228635 0.09380160024507979 0.9914135589550618 0.09110661288578785 0 0 0 0 0 0
-20.617101669311523 18.535951614379883 -8.197212219238281 -0.6216503943347803 0.12977255361321272 -0.772469981003869 0.09380304902561687 0.9914171201708201 0.09106635946218461 0 0 0 0 0 0
-20.377811431884766 18.93160629272461 -8.470856666564941 -0.9595570392198144 0.11435014638445973 -0.257243721994447 0.09373045859005433 0.9914227823340762 0.09107945872400257 0 0 0 0 0 0
-20.357267379760742 19.353328704833984 -8.803144454956055 -0.9329297749717478 0.05550933830033742 0.3557537748677067 0.09372744115436069 0.9914214900502282 0.09109662914313187 0 0 0 0 0 0
-20.54938316345215 19.787694931030273 -9.054336547851562 -0.5518443423273395 -0.024366409654304887 0.8335910867576889 0.09365674023333928 0.9914387018476283 0.09098195143848399 0 0 0 0 0 0
-20.867280960083008 20.216514587402344 -9.115508079528809 0.03885763675065233 -0.09505791982135897 0.9947130621166038 0.09366401504993302 0.9914285403761596 0.09108513387114356 0 0 0 0 0 0
-21.17630958557129 20.623647689819336 -8.949946403503418 0.6147889334457791 -0.129585105148605 0.777973179381029 0.09369424876229553 0.9914245177350234 0.09109782315041985 0 0 0 0 0 0
-21.345216751098633 21.00126075744629 -8.607048988342285 0.9572046426606093 -0.1149204414217279 0.2656173266419382 0.09376383662656654 0.9914226463671841 0.09104657715343382 0 0 0 0 0 0
-21.295936584472656 21.352651596069336 -8.20360279083252 0.9359285775994919 -0.05650389307557954 -0.34762768546232814 0.09370847250899444 0.9914185989915756 0.09114759324092184 0 0 0 0 0 0
-21.03327751159668 21.691186904907227 -7.879390239715576 0.5590496855301401 0.02326492793222127 -0.8288076931574417 0.09371640189957968 0.99142740741037 0.0910435711653963 0 0 0 0 0 0
-20.64321517944336 22.035001754760742 -7.744108200073242 -0.030173679988078947 0.09431182308536876 -0.9950853375777834 0.09376048444928593 0.9914161267086758 0.09112099241010319 0 0 0 0 0 0
-20.260009765625 22.400327682495117 -7.835657596588135 -0.6079667942341066 0.12945264300008255 -0.7833379796288423 0.09373184031958035 0.9914214459099454 0.0910925831236436 0 0 0 0 0 0
-20.01538848876953 22.795150756835938 -8.105772018432617 -0.954782316832605 0.11544363926742929 -0.2739771771817039 0.09374255136580882 0.9914229628594384 0.09106504696337409 0 0 0 0 0 0
-19.988407135009766 23.2163028717041 -8.438332557678223 -0.9388538255220191 0.057552174841166134 0.33947200396162575 0.09371357832466352 0.9914227846010646 0.091096802421702 0 0 0 0 0 0
-20.175460815429688 23.65055274963379 -8.693514823913574 -0.5662290139272443 -0.022167941234780872 0.8239498080395382 0.09367886742046426 0.9914302494938467 0.09105125033401824 0 0 0 0 0 0
-20.491579055786133 24.07976722717285 -8.760875701904297 0.021519974001611677 -0.09350912700456569 0.9953858216218543 0.09375759682121193 0.991417472904479 0.0911093159781585 0 0 0 0 0 0
-20.802780151367188 24.48766326904297 -8.601346015930176 0.6010903520925619 -0.12930063284992188 0.7886518464860458 0.09374611154773506 0.9914199784790864 0.09109386830191908 0 0 0 0 0 0
-20.97696876525879 24.866086959838867 -8.262024879455566 0.9522869223547265 -0.11598996053798342 0.28230470517963435 0.0937609634274081 0.9914213854711559 0.09106326464397259 0 0 0 0 0 0
-20.934120178222656 25.218076705932617 -7.858358860015869 0.9417169378220448 -0.058563466112721924 -0.33126957218545605 0.0937127166751909 0.99141945529574 0.09113391462267781 0 0 0 0 0 0
-20.67657470703125 25.556726455688477 -7.530200958251953 0.5733469673233921 0.021042749224868006 -0.8190424029109413 0.09371926090690767 0.9914240648739392 0.09107702083345987 0 0 0 0 0 0
-20.2883243560791 25.9001522064209 -7.3887481689453125 -0.012869459761582523 0.09270397802322616 -0.9956105410571515 0.09374398996680548 0.9914194337987761 0.09110197929363469 0 0 0 0 0 0
-19.90303611755371 26.26473045349121 -7.474246501922607 -0.594094565505504 0.12910164916762462 -0.7939675128234316 0.09369467235245255 0.991424212318795 0.09110071130800074 0 0 0 0 0 0
-19.653135299682617 26.658733367919922 -7.740719795227051 -0.9497099448273122 0.11650723885602814 -0.2906494176671404 0.09373513571619477 0.9914179195347906 0.09112756530037526 0 0 0 0 0 0
-19.61973762512207 27.07927131652832 -8.073453903198242 -0.9444969777450226 0.05961695516375046 0.32306543870788995 0.09373078370406142 0.9914232691029697 0.0910738253693282 0 0 0 0 0 0
-19.8016414642334 27.513404846191406 -8.332539558410645 -0.5804463800597339 -0.01993186340570524 0.8140544949183237 0.09375025689939949 0.9914170562855358 0.09112140164318934 0 0 0 0 0 0
-20.115846633911133 27.943002700805664 -8.40605354309082 0.004100876454127829 -0.09190254872140192 0.9957595615161413 0.09377884882149291 0.9914149083106758 0.09111535047976349 0 0 0 0 0 0
-20.429122924804688 28.35164451599121 -8.252583503723145 0.5871642063253838 -0.1289476226891488 0.7991312191455788 0.09373887132041912 0.9914200655640729 0.09110037102286424 0 0 0 0 0 0
-20.608551025390625 28.73091697692871 -7.9169602394104 0.9470609661566897 -0.11702477855881152 0.2989660977194885 0.09374554803009848 0.9914188503525277 0.09110672527431225 0 0 0 0 0 0
-20.57210350036621 29.083494186401367 -7.513181686401367 0.9471921931055941 -0.06065123873731984 -0.31487835200191744 0.09374197818835903 0.991427107022393 0.09102050860406091 0 0 0 0 0 0
-20.31974220275879 29.422260284423828 -7.181171417236328 0.5874716936769417 0.018816718777642412 -0.8090259206124291 0.09367178241205555 0.9914284065727482 0.09107860242872637 0 0 0 0 0 0
-19.93346405029297 29.765300750732422 -7.0335822105407715 0.004553855050234855 0.09116293282763346 -0.9958255781422999 0.09388462048548353 0.9913983129750644 0.09118696763514568 0 0 0 0 0 0
-19.54615592956543 30.129114151000977 -7.112987041473389 -0.5800742316526275 0.12881531380593253 -0.8043136830252817 0.09389805122536174 0.9914087132787784 0.091059975900483 0 0 0 0 0 0
-19.291040420532227 30.522274017333984 -7.375735282897949 -0.9443542006792752 0.1174840100101825 -0.30723387028668353 0.0936872300053941 0.9914210368954683 0.09114291269775755 0 0 0 0 0 0
-19.251235961914062 30.942245483398438 -7.7085137367248535 -0.9498481123680133 0.06159416482151886 0.3065855872197216 0.09370213703923758 0.991421451540343 0.09112307578171189 0 0 0 0 0 0
-19.427919387817383 31.376197814941406 -7.971418380737305 -0.5944596883249251 -0.01762393422516723 0.803932258277437 0.09364190379659065 0.9914405490851101 0.09097709317825775 0 0 0 0 0 0
-19.740121841430664 31.806140899658203 -8.05107307434082 -0.013274406311967742 -0.09016964718592743 0.995837951106218 0.09357561519372416 0.9914429570693303 0.0910190481093847 0 0 0 0 0 0
-20.055339813232422 32.21555709838867 -7.90369176864624 0.5729888589093063 -0.1285271936939636 0.8094223421965603 0.09369434603193891 0.9914242198628732 0.09110096481893387 0 0 0 0 0 0
-20.239946365356445 32.59565353393555 -7.571835994720459 0.9415573189140362 -0.11800343081208782 0.31550753638540674 0.09375122993636806 0.9914257022660546 0.09102628066486433 0 0 0 0 0 0
-20.2099552154541 32.9488410949707 -7.168066501617432 0.9524175697634735 -0.0626165129323524 -0.29829506384456295 0.09372615080417274 0.9914174040776064 0.09114241354854345 0 0 0 0 0 0
-19.962800979614258 33.28775405883789 -6.832284450531006 0.6013940319123746 0.016575447044628513 -0.798780616274236 0.09372952859427588 0.9914172263511493 0.09114087317822399 0 0 0 0 0 0
-19.578590393066406 33.630470275878906 -6.678586483001709 0.021949166323333113 0.08951330658735807 -0.9957437431596085 0.09376345325115037 0.9914094551944197 0.09119049832917557 0 0 0 0 0 0
-19.18936538696289 33.9935188293457 -6.751861572265625 -0.5658797600842156 0.12835025347534434 -0.8144361912144166 0.0937662719648351 0.9914182741037596 0.09109166819714942 0 0 0 0 0 0
-18.92914581298828 34.38582992553711 -7.010807514190674 -0.938699459255667 0.1185438521411381 -0.3237138864995725 0.0938160623788553 0.9914209038212476 0.09101174597812933 0 0 0 0 0 0
-18.88288116455078 34.805206298828125 -7.343522071838379 -0.95491545877194 0.06352655761341795 0.290001453575951 0.0936727916109947 0.9914106271837314 0.09127089579358638 0 0 0 0 0 0
-19.054302215576172 35.239017486572266 -7.610141754150391 -0.6083395331358451 -0.01533448765560363 0.7935287429654974 0.09373393402687819 0.9914281324832693 0.09101762319782836 0 0 0 0 0 0
-19.364395141601562 35.66936111450195 -7.695886611938477 -0.03065949046872415 -0.08861212610742918 0.9955942380060862 0.09373552166611962 0.991417933329992 0.0911270182199997 0 0 0 0 0 0
-19.681472778320312 36.079463958740234 -7.554654598236084 0.5587284439756676 -0.1280614062353679 0.8194039309922485 0.09366148805190172 0.9914291207172565 0.09108141550124879 0 0 0 0 0 0
-19.871171951293945 36.460453033447266 -7.226658344268799 0.9357511289973538 -0.11914042372365903 0.3319267750801745 0.09401500070010411 0.991420197164837 0.09081394329614376 0 0 0 0 0 0
-19.84758186340332 36.81423568725586 -6.822988986968994 0.957325507228152 -0.06465741505503156 -0.2816865135017343 0.09375524454752808 0.991421854841105 0.09106404264722895 0 0 0 0 0 0
-19.60576820373535 37.15333557128906 -6.483543872833252 0.6152048992000265 0.014276373775993298 -0.7882379825611637 0.09369254514050156 0.991426156859002 0.09108173516619517 0 0 0 0 0 0
-19.22370719909668 37.49563217163086 -6.323777675628662 0.03924894604598538 0.08781540400715185 -0.9953632377445634 0.09379045311735627 0.9914092563618654 0.0911648907422937 0 0 0 0 0 0
-18.832704544067383 37.85798645019531 -6.390899181365967 -0.5514849116776783 0.12785664872619268 -0.8243282535303339 0.09376527184149293 0.9914227785177295 0.09104366003559083 0 0 0 0 0 0
