t = 0
b = 250 250 250
E = 0 0 0
-25.438942 -0.804110 -9.352440 0.325501 0.934692 0.142831 0.831579 -0.543240 -0.115612 0 0 0 0 0 0
-24.883318 -0.968311 -9.511649 0.315018 0.686873 0.654957 0.836651 -0.538596 -0.099648 0 0 0 0 0 0
-24.443356 -1.051903 -9.682479 0.280678 0.257647 0.924574 0.884417 -0.377771 -0.274036 0 0 0 0 0 0
-24.122877 -1.101116 -9.812163 0.310467 -0.059697 0.948708 0.909301 0.140228 -0.391800 0 0 0 0 0 0
-23.844562 -0.700223 -10.091252 0.299702 -0.565437 0.768414 0.859437 0.134714 -0.493173 0 0 0 0 0 0
-23.517100 -0.381986 -10.093507 0.302068 -0.889091 0.343907 0.865777 0.370548 -0.336339 0 0 0 0 0 0
-23.151311 -0.148439 -9.951346 0.309055 -0.931097 -0.193761 0.883981 0.452473 -0.117670 0 0 0 0 0 0
-22.826915 -0.069548 -9.681828 0.318753 -0.664049 -0.676340 0.877082 0.430151 0.213767 0 0 0 0 0 0
-22.497669 -0.154591 -9.426823 0.328341 -0.156983 -0.931423 0.874378 0.254631 0.413069 0 0 0 0 0 0
-22.165962 -0.353051 -9.269342 0.333986 0.418528 -0.844564 0.865299 0.002613 0.501249 0 0 0 0 0 0
-21.833171 -0.594380 -9.238223 0.332892 0.838099 -0.432173 0.852488 -0.275573 0.444211 0 0 0 0 0 0
-21.501596 -0.819672 -9.333857 0.325501 0.934692 0.142831 0.841305 -0.491637 0.224720 0 0 0 0 0 0
-21.172616 -0.968317 -9.543956 0.314954 0.686885 0.654976 0.836621 -0.538647 -0.099619 0 0 0 0 0 0
-20.733997 -1.062660 -9.731974 0.277243 0.259903 0.924979 0.878230 -0.385978 -0.282371 0 0 0 0 0 0
-20.416618 -1.097195 -9.850577 0.314419 -0.059332 0.947428 0.912838 0.154488 -0.377968 0 0 0 0 0 0
-20.131984 -0.705722 -10.128472 0.299642 -0.565446 0.768431 0.859014 0.139964 -0.492448 0 0 0 0 0 0
-19.807472 -0.384021 -10.130196 0.302067 -0.889092 0.343906 0.865727 0.370634 -0.336373 0 0 0 0 0 0
-19.483078 -0.150455 -9.953281 0.309055 -0.931097 -0.193761 0.873696 0.482775 -0.059859 0 0 0 0 0 0
-19.156327 -0.069548 -9.681828 0.318753 -0.664049 -0.676340 0.877082 0.430151 0.213767 0 0 0 0 0 0
-18.827080 -0.154591 -9.426823 0.328341 -0.156983 -0.931423 0.874378 0.254631 0.413069 0 0 0 0 0 0
-18.495374 -0.353051 -9.269342 0.333986 0.418528 -0.844564 0.865299 0.002613 0.501249 0 0 0 0 0 0
-18.312273 0.135924 -8.085438 0.332891 -0.838099 0.432172 0.164405 -0.628453 0.760275 0 0 0 0 0 0
-17.847527 -0.477239 -6.262147 0.325501 -0.934690 -0.142838 0.841301 0.491637 -0.224735 0 0 0 0 0 0
-17.518562 -0.328600 -6.052071 0.315018 -0.686873 -0.654958 0.836650 0.538598 0.099643 0 0 0 0 0 0
-17.078603 -0.245010 -5.881239 0.280678 -0.257646 -0.924575 0.884417 0.377770 0.274036 0 0 0 0 0 0
-16.758438 -0.191267 -5.743055 0.310467 0.059696 -0.948708 0.907609 -0.129146 0.399458 0 0 0 0 0 0
-16.479810 -0.592584 -5.463629 0.299704 0.565440 -0.768411 0.859436 -0.134707 0.493176 0 0 0 0 0 0
-16.152345 -0.910817 -5.461357 0.302068 0.889091 -0.343906 0.865772 -0.370546 0.336354 0 0 0 0 0 0
-15.828000 -1.144410 -5.638306 0.308994 0.931117 0.193765 0.873680 -0.482802 0.059879 0 0 0 0 0 0
-15.501494 -1.225283 -5.909780 0.318816 0.664033 0.676325 0.877053 -0.430175 -0.213841 0 0 0 0 0 0
-15.171957 -1.140295 -6.164751 0.328342 0.156978 0.931423 0.874421 -0.254628 -0.412980 0 0 0 0 0 0
-14.840295 -0.941808 -6.322264 0.333921 -0.418538 0.844585 0.865276 -0.002641 -0.501288 0 0 0 0 0 0
-14.507731 -0.700460 -6.353336 0.332892 -0.838098 0.432174 0.852448 0.275656 -0.444237 0 0 0 0 0 0
-14.175953 -0.475204 -6.257750 0.325449 -0.934708 -0.142840 0.841358 0.491531 -0.224754 0 0 0 0 0 0
-13.847039 -0.326563 -6.047641 0.314966 -0.686882 -0.654973 0.836650 0.538601 0.099627 0 0 0 0 0 0
-13.408329 -0.232193 -5.859619 0.277238 -0.259906 -0.924980 0.878227 0.385988 0.282368 0 0 0 0 0 0
-13.090978 -0.197671 -5.741024 0.314408 0.059338 -0.947432 0.912839 -0.154489 0.377966 0 0 0 0 0 0
-12.806449 -0.589152 -5.463131 0.299680 0.565444 -0.768417 0.858975 -0.140009 0.492504 0 0 0 0 0 0
-12.559521 0.687262 -4.661540 0.302080 -0.889087 0.343905 0.203438 -0.522132 0.828246 0 0 0 0 0 0
-12.140962 -0.148391 -2.890035 0.309043 -0.931101 -0.193762 0.873674 0.482814 -0.059860 0 0 0 0 0 0
-11.814302 -0.067503 -2.618581 0.318803 -0.664037 -0.676328 0.877079 0.430145 0.213792 0 0 0 0 0 0
-11.484930 -0.152519 -2.363577 0.328354 -0.156983 -0.931418 0.874383 0.254632 0.413057 0 0 0 0 0 0
-11.153216 -0.350990 -2.206086 0.333948 0.418535 -0.844575 0.865301 0.002646 0.501246 0 0 0 0 0 0
-10.820556 -0.592332 -2.174996 0.332885 0.838101 -0.432174 0.852470 -0.275615 0.444221 0 0 0 0 0 0
-10.488944 -0.817612 -2.270616 0.325483 0.934698 0.142832 0.841302 -0.491637 0.224731 0 0 0 0 0 0
-10.159971 -0.966258 -2.480702 0.314985 0.686880 0.654966 0.836655 -0.538596 -0.099615 0 0 0 0 0 0
-9.720054 -1.049828 -2.651529 0.280705 0.257641 0.924568 0.884432 -0.377732 -0.274040 0 0 0 0 0 0
-9.400475 -1.101049 -2.785648 0.310454 -0.059698 0.948712 0.908004 0.135175 -0.396555 0 0 0 0 0 0
-9.122116 -0.700228 -3.064710 0.299686 -0.565443 0.768416 0.859451 0.134688 -0.493157 0 0 0 0 0 0
-8.794715 -0.381981 -3.066976 0.302080 -0.889087 0.343905 0.865754 0.370583 -0.336359 0 0 0 0 0 0
-8.470374 -0.148391 -2.890035 0.309043 -0.931101 -0.193762 0.873674 0.482814 -0.059860 0 0 0 0 0 0
-8.143714 -0.067503 -2.618581 0.318803 -0.664037 -0.676328 0.877079 0.430145 0.213792 0 0 0 0 0 0
-7.814342 -0.152519 -2.363577 0.328354 -0.156983 -0.931418 0.874383 0.254632 0.413057 0 0 0 0 0 0
-7.482628 -0.350990 -2.206086 0.333948 0.418535 -0.844575 0.865301 0.002646 0.501246 0 0 0 0 0 0
-7.299618 0.137982 -1.022200 0.332885 -0.838100 0.432175 0.164401 -0.628453 0.760276 0 0 0 0 0 0
-6.834846 -0.475186 0.801096 0.325481 -0.934698 -0.142835 0.841299 0.491639 -0.224738 0 0 0 0 0 0
-6.505887 -0.326553 1.011180 0.314992 -0.686877 -0.654965 0.836655 0.538594 0.099626 0 0 0 0 0 0
-6.067131 -0.232179 1.199197 0.277238 -0.259905 -0.924980 0.878240 0.385981 0.282334 0 0 0 0 0 0
-5.749802 -0.197671 1.317799 0.314407 0.059337 -0.947432 0.912839 -0.154490 0.377966 0 0 0 0 0 0
-5.465273 -0.589153 1.595692 0.299679 0.565443 -0.768418 0.858975 -0.140010 0.492503 0 0 0 0 0 0
-5.140639 -0.910826 1.597451 0.302086 0.889086 -0.343904 0.865751 -0.370588 0.336363 0 0 0 0 0 0
-4.816269 -1.144413 1.420518 0.309043 0.931101 0.193762 0.873680 -0.482805 0.059862 0 0 0 0 0 0
-4.489629 -1.225301 1.149054 0.318803 0.664035 0.676330 0.877072 -0.430156 -0.213802 0 0 0 0 0 0
-4.160245 -1.140283 0.894058 0.328354 0.156977 0.931419 0.874390 -0.254634 -0.413043 0 0 0 0 0 0
-3.815998 -0.945925 0.743692 0.333946 -0.418536 0.844575 0.873353 -0.005520 -0.487056 0 0 0 0 0 0
-3.482316 -0.702526 0.711582 0.332884 -0.838101 0.432174 0.852469 0.275615 -0.444221 0 0 0 0 0 0
-3.150693 -0.477242 0.807202 0.325482 -0.934698 -0.142835 0.841307 0.491627 -0.224736 0 0 0 0 0 0
-2.821729 -0.328606 1.017289 0.314986 -0.686878 -0.654967 0.836652 0.538598 0.099626 0 0 0 0 0 0
-2.382997 -0.234235 1.205310 0.277244 -0.259905 -0.924979 0.878237 0.385980 0.282345 0 0 0 0 0 0
-2.065637 -0.199720 1.323913 0.314400 0.059338 -0.947434 0.912843 -0.154488 0.377956 0 0 0 0 0 0
-1.781140 -0.591209 1.601803 0.299685 0.565441 -0.768417 0.858972 -0.140016 0.492506 0 0 0 0 0 0
-1.534198 0.685209 2.403397 0.302082 -0.889090 0.343898 0.203437 -0.522135 0.828244 0 0 0 0 0 0
-1.115635 -0.150448 4.174894 0.309041 -0.931101 -0.193762 0.873676 0.482812 -0.059849 0 0 0 0 0 0
-0.788988 -0.069556 4.446358 0.318802 -0.664034 -0.676331 0.877074 0.430157 0.213787 0 0 0 0 0 0
-0.459607 -0.154570 4.701356 0.328353 -0.156982 -0.931419 0.874387 0.254627 0.413053 0 0 0 0 0 0
-0.127891 -0.353043 4.858841 0.333947 0.418534 -0.844576 0.865306 0.002640 0.501237 0 0 0 0 0 0
0.204768 -0.594390 4.889940 0.332884 0.838101 -0.432175 0.852464 -0.275610 0.444235 0 0 0 0 0 0
0.536382 -0.819671 4.794321 0.325482 0.934698 0.142832 0.841304 -0.491634 0.224730 0 0 0 0 0 0
0.865345 -0.968305 4.584231 0.314989 0.686880 0.654964 0.836656 -0.538591 -0.099631 0 0 0 0 0 0
1.305280 -1.051891 4.413409 0.280699 0.257646 0.924568 0.884432 -0.377742 -0.274029 0 0 0 0 0 0
1.624833 -1.103104 4.279274 0.310455 -0.059691 0.948712 0.907995 0.135184 -0.396573 0 0 0 0 0 0
1.903201 -0.702279 4.000212 0.299685 -0.565438 0.768420 0.859454 0.134698 -0.493149 0 0 0 0 0 0
2.230600 -0.384029 3.997964 0.302080 -0.889090 0.343899 0.865756 0.370574 -0.336366 0 0 0 0 0 0
2.554945 -0.150448 4.174895 0.309043 -0.931101 -0.193762 0.873675 0.482815 -0.059847 0 0 0 0 0 0
2.881604 -0.069556 4.446356 0.318802 -0.664034 -0.676331 0.877077 0.430154 0.213784 0 0 0 0 0 0
3.210975 -0.154571 4.701357 0.328354 -0.156982 -0.931418 0.874384 0.254628 0.413059 0 0 0 0 0 0
3.542704 -0.353040 4.858840 0.333947 0.418534 -0.844576 0.865311 0.002643 0.501229 0 0 0 0 0 0
3.725699 0.135928 6.042738 0.332884 -0.838101 0.432173 0.164397 -0.628453 0.760276 0 0 0 0 0 0
4.190483 -0.477242 7.866031 0.325482 -0.934697 -0.142839 0.841304 0.491627 -0.224744 0 0 0 0 0 0
4.519450 -0.328606 8.076105 0.314987 -0.686880 -0.654965 0.836654 0.538595 0.099626 0 0 0 0 0 0
4.958178 -0.234236 8.264135 0.277243 -0.259904 -0.924979 0.878236 0.385983 0.282345 0 0 0 0 0 0
5.275539 -0.199720 8.382736 0.314399 0.059337 -0.947435 0.912843 -0.154489 0.377956 0 0 0 0 0 0
5.560036 -0.591210 8.660627 0.299684 0.565440 -0.768419 0.858973 -0.140018 0.492505 0 0 0 0 0 0
5.884698 -0.912880 8.662375 0.302081 0.889090 -0.343899 0.865757 -0.370576 0.336361 0 0 0 0 0 0
6.209046 -1.146460 8.485454 0.309044 0.931101 0.193762 0.873674 -0.482814 0.059868 0 0 0 0 0 0
6.535701 -1.227362 8.213988 0.318801 0.664036 0.676330 0.877073 -0.430157 -0.213794 0 0 0 0 0 0
6.865075 -1.142341 7.958992 0.328356 0.156985 0.931417 0.874389 -0.254619 -0.413053 0 0 0 0 0 0
7.196790 -0.943868 7.801497 0.333947 -0.418536 0.844575 0.865298 -0.002651 -0.501251 0 0 0 0 0 0
7.529448 -0.702527 7.770411 0.332884 -0.838101 0.432173 0.852471 0.275617 -0.444217 0 0 0 0 0 0
7.861071 -0.477242 7.866031 0.325482 -0.934697 -0.142839 0.841304 0.491627 -0.224744 0 0 0 0 0 0
8.190038 -0.328606 8.076105 0.314987 -0.686880 -0.654965 0.836654 0.538595 0.099626 0 0 0 0 0 0
8.629967 -0.245022 8.246929 0.280698 -0.257645 -0.924569 0.884433 0.377741 0.274027 0 0 0 0 0 0
8.950196 -0.191268 8.385137 0.310454 0.059696 -0.948712 0.907596 -0.129161 0.399484 0 0 0 0 0 0
9.228806 -0.592578 8.664545 0.299686 0.565443 -0.768416 0.859451 -0.134689 0.493156 0 0 0 0 0 0
9.478483 0.687261 9.466639 0.302086 -0.889086 0.343905 0.203439 -0.522132 0.828246 0 0 0 0 0 0
9.897061 -0.148390 11.238141 0.309037 -0.931103 -0.193762 0.873678 0.482808 -0.059864 0 0 0 0 0 0
10.223691 -0.067505 11.509601 0.318803 -0.664037 -0.676328 0.877075 0.430151 0.213799 0 0 0 0 0 0
10.553084 -0.152517 11.764600 0.328348 -0.156983 -0.931420 0.874388 0.254633 0.413046 0 0 0 0 0 0
10.884791 -0.350990 11.922096 0.333945 0.418531 -0.844578 0.865302 0.002641 0.501243 0 0 0 0 0 0
11.217458 -0.592339 11.953182 0.332879 0.838103 -0.432176 0.852469 -0.275609 0.444226 0 0 0 0 0 0
11.549062 -0.817609 11.857561 0.325483 0.934698 0.142832 0.841305 -0.491633 0.224727 0 0 0 0 0 0
11.878031 -0.966259 11.647473 0.314985 0.686879 0.654967 0.836646 -0.538609 -0.099618 0 0 0 0 0 0
12.316761 -1.060626 11.459447 0.277243 0.259906 0.924978 0.878238 -0.385976 -0.282348 0 0 0 0 0 0
12.634120 -1.095134 11.340858 0.314408 -0.059340 0.947432 0.912848 0.154494 -0.377943 0 0 0 0 0 0
12.918629 -0.703652 11.062966 0.299686 -0.565443 0.768416 0.858969 0.140017 -0.492512 0 0 0 0 0 0
13.243283 -0.381982 11.061203 0.302086 -0.889086 0.343905 0.865756 0.370582 -0.336356 0 0 0 0 0 0
13.567649 -0.148390 11.238141 0.309037 -0.931103 -0.193762 0.873678 0.482808 -0.059864 0 0 0 0 0 0
13.894270 -0.067508 11.509598 0.318835 -0.664029 -0.676320 0.877082 0.430135 0.213801 0 0 0 0 0 0
14.223717 -0.152509 11.764611 0.328335 -0.156984 -0.931425 0.874375 0.254650 0.413065 0 0 0 0 0 0
14.555301 -0.351000 11.922092 0.333984 0.418525 -0.844566 0.865291 0.002610 0.501264 0 0 0 0 0 0
14.888097 -0.592329 11.953197 0.332892 0.838099 -0.432173 0.852494 -0.275574 0.444199 0 0 0 0 0 0
15.219675 -0.817612 11.857563 0.325502 0.934691 0.142831 0.841307 -0.491634 0.224719 0 0 0 0 0 0
15.548636 -0.966264 11.647471 0.315016 0.686872 0.654960 0.836642 -0.538612 -0.099635 0 0 0 0 0 0
15.988595 -1.049842 11.476643 0.280678 0.257643 0.924575 0.884422 -0.377758 -0.274040 0 0 0 0 0 0
16.308024 -1.101023 11.342531 0.310467 -0.059697 0.948708 0.907977 0.135203 -0.396608 0 0 0 0 0 0
16.586545 -0.700250 11.063466 0.299643 -0.565451 0.768427 0.859493 0.134629 -0.493099 0 0 0 0 0 0
16.913801 -0.381972 11.061222 0.302068 -0.889091 0.343907 0.865723 0.370637 -0.336380 0 0 0 0 0 0
17.248710 -0.530352 11.259730 0.325500 -0.934691 -0.142838 0.951570 0.125103 0.280827 0 0 0 0 0 0
17.577487 -0.326546 11.552975 0.314955 -0.686888 -0.654972 0.836703 0.538530 0.099562 0 0 0 0 0 0
18.016121 -0.232199 11.741032 0.277243 -0.259904 -0.924979 0.878228 0.385984 0.282367 0 0 0 0 0 0
18.333497 -0.197670 11.859631 0.314419 0.059337 -0.947428 0.912838 -0.154489 0.377967 0 0 0 0 0 0
18.617994 -0.589162 12.137528 0.299702 0.565437 -0.768414 0.858955 -0.140039 0.492529 0 0 0 0 0 0
18.942711 -0.910821 12.139280 0.302068 0.889093 -0.343900 0.865775 -0.370540 0.336354 0 0 0 0 0 0
19.267062 -1.144410 11.962351 0.308994 0.931117 0.193765 0.873677 -0.482806 0.059888 0 0 0 0 0 0
19.593563 -1.225282 11.690864 0.318815 0.664030 0.676329 0.877051 -0.430178 -0.213845 0 0 0 0 0 0
19.923103 -1.140296 11.435903 0.328342 0.156978 0.931423 0.874424 -0.254623 -0.412976 0 0 0 0 0 0
20.565870 -0.278739 11.433997 -0.911550 0.000000 -0.411190 -0.488895 0.524305 -0.697199 0 0 0 0 0 0
17.365765 -0.000000 9.105953 0.000000 1.000000 0.000000 0.000000 0.000000 1.000000 0 0 0 0 0 0
17.862471 0.000000 9.422741 0.000000 1.000000 0.000000 0.000000 0.000000 1.000000 0 0 0 0 0 0
20.075991 0.268571 12.109690 -0.889479 -0.000000 -0.456976 0.150319 -0.988502 0.016393 0 0 0 0 0 0
20.205360 -0.997767 11.911045 -0.328342 -0.156978 -0.931423 -0.830358 0.128035 0.542322 0 0 0 0 0 0
19.649659 -0.834044 12.074960 -0.318815 -0.664030 -0.676329 -0.836315 0.111425 0.536806 0 0 0 0 0 0
19.322786 -0.558215 12.076814 -0.308994 -0.931117 -0.193765 -0.839682 0.400843 0.366413 0 0 0 0 0 0
18.998172 -0.323398 11.908782 -0.302068 -0.889093 0.343900 -0.848903 0.525568 0.056049 0 0 0 0 0 0
18.674398 -0.234660 11.627351 -0.299702 -0.565437 0.768414 -0.860329 0.440209 -0.257004 0 0 0 0 0 0
18.306884 -0.356206 11.504205 -0.314419 -0.059337 0.947428 -0.929862 0.154548 -0.333874 0 0 0 0 0 0
17.843893 -0.178080 11.305332 -0.277243 0.259904 0.924979 -0.906762 0.018127 -0.421253 0 0 0 0 0 0
17.789415 -0.432081 10.413463 -0.318816 -0.664033 -0.676325 -0.166064 -0.601172 -0.781675 0 0 0 0 0 0
17.269957 -0.558227 8.554999 -0.309055 -0.931097 -0.193761 -0.839708 0.400837 0.366360 0 0 0 0 0 0
16.943405 -0.313957 8.421681 -0.302129 -0.889076 0.343894 -0.831103 0.542012 0.124463 0 0 0 0 0 0
16.628946 -0.234631 8.154905 -0.299643 -0.565451 0.768427 -0.860361 0.440193 -0.256922 0 0 0 0 0 0
16.261955 -0.352887 8.012102 -0.310402 -0.059697 0.948729 -0.923945 0.161499 -0.346762 0 0 0 0 0 0
15.798820 -0.182187 7.831953 -0.280678 0.257647 0.924574 -0.915523 0.001203 -0.402264 0 0 0 0 0 0
15.622289 -0.643775 7.698688 -0.315017 0.686870 0.654961 -0.888317 -0.296688 -0.350526 0 0 0 0 0 0
15.257422 -0.967657 7.786156 -0.325500 0.934691 0.142838 -0.875678 -0.415458 -0.246134 0 0 0 0 0 0
14.926696 -1.120260 7.987700 -0.332892 0.838098 -0.432174 -0.865775 -0.500381 0.007221 0 0 0 0 0 0
14.594665 -1.147257 8.230009 -0.333921 0.418538 -0.844585 -0.852264 -0.438281 0.285579 0 0 0 0 0 0
14.263145 -1.047879 8.455492 -0.328329 -0.156979 -0.931428 -0.840896 -0.213519 0.497297 0 0 0 0 0 0
13.933849 -0.834012 8.602484 -0.318822 -0.664032 -0.676324 -0.836242 0.111478 0.536910 0 0 0 0 0 0
13.606980 -0.558224 8.604342 -0.309043 -0.931101 -0.193762 -0.839701 0.400842 0.366372 0 0 0 0 0 0
13.282250 -0.323386 8.436323 -0.302081 -0.889090 0.343899 -0.848918 0.525543 0.056059 0 0 0 0 0 0
12.958493 -0.234654 8.154887 -0.299686 -0.565443 0.768416 -0.860328 0.440216 -0.256993 0 0 0 0 0 0
12.590993 -0.356207 8.031752 -0.314401 -0.059338 0.947434 -0.929872 0.154555 -0.333842 0 0 0 0 0 0
12.128032 -0.178088 7.832864 -0.277243 0.259904 0.924979 -0.906749 0.018123 -0.421282 0 0 0 0 0 0
12.089496 -0.139895 6.844159 -0.314985 -0.686879 -0.654967 -0.161180 -0.544948 -0.822832 0 0 0 0 0 0
11.603330 -0.325159 4.883013 -0.325483 -0.934698 -0.142832 -0.875681 0.415457 0.246126 0 0 0 0 0 0
11.272599 -0.172547 4.681490 -0.332879 -0.838103 0.432176 -0.865769 0.500393 -0.007213 0 0 0 0 0 0
10.940592 -0.145553 4.439173 -0.333945 -0.418531 0.844578 -0.852268 0.438265 -0.285592 0 0 0 0 0 0
10.609068 -0.244936 4.213682 -0.328348 0.156983 0.931420 -0.840865 0.213517 -0.497350 0 0 0 0 0 0
10.279688 -0.458769 4.066700 -0.318803 0.664037 0.676328 -0.836281 -0.111433 -0.536858 0 0 0 0 0 0
9.952899 -0.734585 4.064857 -0.309037 0.931103 0.193762 -0.839682 -0.400870 -0.366384 0 0 0 0 0 0
9.628174 -0.969414 4.232873 -0.302086 0.889086 -0.343905 -0.848913 -0.525551 -0.056067 0 0 0 0 0 0
9.304387 -1.058155 4.514295 -0.299686 0.565443 -0.768416 -0.860332 -0.440209 0.256992 0 0 0 0 0 0
8.937287 -0.939930 4.657093 -0.310454 0.059698 -0.948712 -0.923946 -0.161487 0.346764 0 0 0 0 0 0
8.472128 -1.112550 4.833355 -0.280698 -0.257646 -0.924569 -0.917196 -0.003133 0.398424 0 0 0 0 0 0
8.296621 -0.651104 4.966078 -0.314987 -0.686881 -0.654965 -0.888356 0.296612 0.350494 0 0 0 0 0 0
7.931821 -0.327213 4.878596 -0.325482 -0.934698 -0.142832 -0.875677 0.415457 0.246142 0 0 0 0 0 0
7.601095 -0.174602 4.677071 -0.332885 -0.838101 0.432175 -0.865770 0.500389 -0.007215 0 0 0 0 0 0
7.269078 -0.147603 4.434754 -0.333947 -0.418534 0.844576 -0.852268 0.438262 -0.285597 0 0 0 0 0 0
6.937563 -0.246990 4.209263 -0.328354 0.156982 0.931418 -0.840867 0.213514 -0.497347 0 0 0 0 0 0
6.767980 -0.460742 3.408902 -0.318802 -0.664037 -0.676329 -0.149159 -0.622416 -0.768342 0 0 0 0 0 0
6.264907 -0.560273 1.541089 -0.309044 -0.931101 -0.193762 -0.839686 0.400867 0.366379 0 0 0 0 0 0
5.940155 -0.325439 1.373081 -0.302081 -0.889090 0.343899 -0.848917 0.525544 0.056059 0 0 0 0 0 0
5.616400 -0.236707 1.091638 -0.299685 -0.565441 0.768417 -0.860326 0.440218 -0.256996 0 0 0 0 0 0
5.248899 -0.358260 0.968503 -0.314400 -0.059338 0.947434 -0.929873 0.154551 -0.333843 0 0 0 0 0 0
4.785936 -0.180144 0.769625 -0.277244 0.259905 0.924979 -0.906753 0.018120 -0.421273 0 0 0 0 0 0
4.611595 -0.647166 0.636126 -0.314986 0.686878 0.654967 -0.888901 -0.294263 -0.351091 0 0 0 0 0 0
4.244744 -0.969698 0.722924 -0.325482 0.934698 0.142835 -0.875680 -0.415456 -0.246133 0 0 0 0 0 0
3.914019 -1.122315 0.924454 -0.332884 0.838101 -0.432174 -0.865768 -0.500393 0.007216 0 0 0 0 0 0
3.581986 -1.149314 1.166763 -0.333946 0.418536 -0.844575 -0.852276 -0.438255 0.285582 0 0 0 0 0 0
3.250486 -1.049917 1.392255 -0.328355 -0.156985 -0.931417 -0.840860 -0.213515 0.497359 0 0 0 0 0 0
2.921095 -0.836091 1.539251 -0.318802 -0.664037 -0.676329 -0.836272 0.111428 0.536873 0 0 0 0 0 0
2.594319 -0.560273 1.541089 -0.309044 -0.931101 -0.193762 -0.839686 0.400867 0.366379 0 0 0 0 0 0
2.269567 -0.325439 1.373081 -0.302081 -0.889090 0.343899 -0.848917 0.525544 0.056059 0 0 0 0 0 0
1.945812 -0.236707 1.091638 -0.299685 -0.565441 0.768417 -0.860326 0.440218 -0.256996 0 0 0 0 0 0
1.578704 -0.354927 0.948854 -0.310456 -0.059697 0.948711 -0.923948 0.161485 -0.346761 0 0 0 0 0 0
1.115554 -0.184241 0.768685 -0.280701 0.257645 0.924568 -0.915510 0.001192 -0.402294 0 0 0 0 0 0
1.075735 -0.142731 -0.218906 -0.314988 -0.686878 -0.654966 -0.160843 -0.544768 -0.823018 0 0 0 0 0 0
0.590641 -0.327213 -2.180228 -0.325482 -0.934698 -0.142832 -0.875680 0.415453 0.246136 0 0 0 0 0 0
0.259921 -0.174601 -2.381753 -0.332884 -0.838102 0.432172 -0.865769 0.500392 -0.007222 0 0 0 0 0 0
-0.072102 -0.147604 -2.624070 -0.333946 -0.418533 0.844577 -0.852271 0.438261 -0.285588 0 0 0 0 0 0
-0.403612 -0.246991 -2.849562 -0.328353 0.156982 0.931419 -0.840862 0.213515 -0.497355 0 0 0 0 0 0
-0.733000 -0.460824 -2.996558 -0.318802 0.664034 0.676331 -0.836277 -0.111430 -0.536866 0 0 0 0 0 0
-1.059779 -0.736640 -2.998382 -0.309041 0.931101 0.193762 -0.839689 -0.400870 -0.366369 0 0 0 0 0 0
-1.384525 -0.971477 -2.830384 -0.302082 0.889090 -0.343898 -0.848912 -0.525550 -0.056078 0 0 0 0 0 0
-1.708287 -1.060199 -2.548942 -0.299685 0.565438 -0.768420 -0.860330 -0.440211 0.256996 0 0 0 0 0 0
-2.075789 -0.938650 -2.425807 -0.314399 0.059332 -0.947435 -0.929870 -0.154561 0.333844 0 0 0 0 0 0
-2.538753 -1.116774 -2.226930 -0.277243 -0.259903 -0.924979 -0.906754 -0.018115 0.421271 0 0 0 0 0 0
-2.713092 -0.649742 -2.093430 -0.314986 -0.686879 -0.654966 -0.888901 0.294259 0.351094 0 0 0 0 0 0
-3.079943 -0.327212 -2.180229 -0.325482 -0.934698 -0.142832 -0.875679 0.415456 0.246136 0 0 0 0 0 0
-3.410669 -0.174602 -2.381752 -0.332886 -0.838102 0.432172 -0.865772 0.500387 -0.007220 0 0 0 0 0 0
-3.742687 -0.147604 -2.624072 -0.333946 -0.418533 0.844577 -0.852267 0.438267 -0.285594 0 0 0 0 0 0
-4.085336 -0.242628 -2.853089 -0.328354 0.156983 0.931418 -0.845652 0.216707 -0.487762 0 0 0 0 0 0
-4.257350 -0.458688 -3.656035 -0.318804 -0.664036 -0.676328 -0.149163 -0.622415 -0.768342 0 0 0 0 0 0
-4.760414 -0.558217 -5.523848 -0.309043 -0.931101 -0.193762 -0.839677 0.400880 0.366385 0 0 0 0 0 0
-5.085160 -0.323387 -5.691857 -0.302086 -0.889086 0.343904 -0.848917 0.525544 0.056071 0 0 0 0 0 0
-5.408942 -0.234650 -5.973285 -0.299680 -0.565444 0.768417 -0.860332 0.440209 -0.256993 0 0 0 0 0 0
-5.776411 -0.356211 -6.096427 -0.314408 -0.059338 0.947432 -0.929870 0.154551 -0.333851 0 0 0 0 0 0
-6.239404 -0.178086 -6.295304 -0.277238 0.259906 0.924980 -0.906757 0.018126 -0.421263 0 0 0 0 0 0
-6.413715 -0.645113 -6.428806 -0.314992 0.686876 0.654967 -0.888896 -0.294271 -0.351096 0 0 0 0 0 0
-6.780594 -0.967651 -6.342017 -0.325481 0.934697 0.142839 -0.875682 -0.415449 -0.246136 0 0 0 0 0 0
-7.111298 -1.120256 -6.140472 -0.332885 0.838100 -0.432175 -0.865767 -0.500395 0.007227 0 0 0 0 0 0
-7.443333 -1.147253 -5.898174 -0.333947 0.418533 -0.844576 -0.852275 -0.438260 0.285579 0 0 0 0 0 0
-7.774834 -1.047873 -5.672669 -0.328354 -0.156977 -0.931419 -0.840856 -0.213517 0.497365 0 0 0 0 0 0
-8.104232 -0.834035 -5.525687 -0.318804 -0.664036 -0.676328 -0.836286 0.111426 0.536851 0 0 0 0 0 0
-8.431002 -0.558217 -5.523848 -0.309043 -0.931101 -0.193762 -0.839677 0.400880 0.366385 0 0 0 0 0 0
-8.755748 -0.323387 -5.691857 -0.302086 -0.889086 0.343904 -0.848917 0.525544 0.056071 0 0 0 0 0 0
-9.079530 -0.234650 -5.973285 -0.299680 -0.565444 0.768417 -0.860332 0.440209 -0.256993 0 0 0 0 0 0
-9.446606 -0.352879 -6.116082 -0.310461 -0.059696 0.948710 -0.923943 0.161487 -0.346773 0 0 0 0 0 0
-9.909783 -0.182183 -6.296243 -0.280700 0.257647 0.924568 -0.915517 0.001197 -0.402277 0 0 0 0 0 0
-9.949585 -0.140675 -7.283836 -0.314985 -0.686879 -0.654967 -0.160839 -0.544768 -0.823018 0 0 0 0 0 0
-10.434683 -0.325162 -9.245164 -0.325483 -0.934698 -0.142832 -0.875688 0.415445 0.246123 0 0 0 0 0 0
-10.765401 -0.172546 -9.446691 -0.332885 -0.838101 0.432175 -0.865764 0.500401 -0.007220 0 0 0 0 0 0
-11.097431 -0.145550 -9.688993 -0.333947 -0.418534 0.844576 -0.852276 0.438258 -0.285579 0 0 0 0 0 0
-11.428931 -0.244938 -9.914498 -0.328354 0.156983 0.931418 -0.840855 0.213520 -0.497365 0 0 0 0 0 0
-11.758320 -0.458770 -10.061482 -0.318803 0.664037 0.676328 -0.836279 -0.111433 -0.536862 0 0 0 0 0 0
-12.085099 -0.734584 -10.063321 -0.309043 0.931101 0.193762 -0.839685 -0.400869 -0.366379 0 0 0 0 0 0
-12.409849 -0.969415 -9.895309 -0.302080 0.889087 -0.343905 -0.848916 -0.525545 -0.056073 0 0 0 0 0 0
-12.733607 -1.058153 -9.613881 -0.299686 0.565443 -0.768416 -0.860327 -0.440215 0.256999 0 0 0 0 0 0
-13.101106 -0.936600 -9.490741 -0.314401 0.059340 -0.947434 -0.929873 -0.154552 0.333843 0 0 0 0 0 0
-13.564068 -1.114711 -9.291865 -0.277245 -0.259908 -0.924977 -0.906753 -0.018125 0.421272 0 0 0 0 0 0
-13.738401 -0.647697 -9.158360 -0.315016 -0.686872 -0.654960 -0.888904 0.294260 0.351086 0 0 0 0 0 0
-14.105305 -0.325155 -9.245156 -0.325502 -0.934691 -0.142831 -0.875682 0.415457 0.246124 0 0 0 0 0 0
-14.436037 -0.172542 -9.446684 -0.332892 -0.838099 0.432173 -0.865772 0.500387 -0.007214 0 0 0 0 0 0
-14.768064 -0.145546 -9.688997 -0.333921 -0.418538 0.844584 -0.852265 0.438279 -0.285579 0 0 0 0 0 0
-15.099457 -0.244954 -9.914501 -0.328341 0.156984 0.931423 -0.840823 0.213526 -0.497417 0 0 0 0 0 0
-15.428883 -0.458758 -10.061473 -0.318816 0.664034 0.676325 -0.836313 -0.111418 -0.536811 0 0 0 0 0 0
-15.755757 -0.734585 -10.063331 -0.308994 0.931117 0.193765 -0.839683 -0.400849 -0.366405 0 0 0 0 0 0
-16.080369 -0.969403 -9.895293 -0.302068 0.889091 -0.343907 -0.848901 -0.525570 -0.056063 0 0 0 0 0 0
-16.404147 -1.058146 -9.613881 -0.299704 0.565440 -0.768411 -0.860330 -0.440205 0.257005 0 0 0 0 0 0
-16.771279 -0.939932 -9.471078 -0.310467 0.059697 -0.948708 -0.923939 -0.161487 0.346784 0 0 0 0 0 0
-17.236509 -1.112578 -9.294828 -0.280678 -0.257647 -0.924574 -0.917227 -0.003167 0.398352 0 0 0 0 0 0
-17.412020 -0.651109 -9.162091 -0.314954 -0.686885 -0.654976 -0.888365 0.296588 0.350489 0 0 0 0 0 0
-17.776676 -0.327197 -9.249608 -0.325501 -0.934692 -0.142831 -0.875637 0.415544 0.246135 0 0 0 0 0 0
-18.107472 -0.174596 -9.451104 -0.332892 -0.838099 0.432173 -0.865772 0.500387 -0.007213 0 0 0 0 0 0
-18.439477 -0.147603 -9.693419 -0.333986 -0.418528 0.844564 -0.852285 0.438232 -0.285592 0 0 0 0 0 0
-18.771100 -0.246974 -9.918923 -0.328341 0.156983 0.931423 -0.840876 0.213529 -0.497325 0 0 0 0 0 0
-19.100479 -0.460817 -10.065898 -0.318753 0.664049 0.676340 -0.836287 -0.111398 -0.536856 0 0 0 0 0 0
-19.427107 -0.736641 -10.067715 -0.309055 0.931097 0.193761 -0.839657 -0.400924 -0.366383 0 0 0 0 0 0
-19.752011 -0.971473 -9.899746 -0.302067 0.889092 -0.343906 -0.848950 -0.525488 -0.056097 0 0 0 0 0 0
-20.075741 -1.060197 -9.618293 -0.299642 0.565446 -0.768431 -0.860312 -0.440242 0.257001 0 0 0 0 0 0
-20.443159 -0.938634 -9.495172 -0.314419 0.059332 -0.947428 -0.929871 -0.154544 0.333850 0 0 0 0 0 0
-20.906227 -1.116784 -9.296279 -0.277243 -0.259903 -0.924979 -0.906762 -0.018125 0.421253 0 0 0 0 0 0
-20.975205 -1.155358 -8.307727 -0.315018 0.686873 0.654958 -0.169876 0.544157 0.821605 0 0 0 0 0 0
-21.463851 -0.969700 -6.346446 -0.325501 0.934690 0.142838 -0.875680 -0.415460 -0.246124 0 0 0 0 0 0
-21.794574 -1.122321 -6.144899 -0.332891 0.838099 -0.432172 -0.865771 -0.500388 0.007217 0 0 0 0 0 0
-22.126585 -1.149314 -5.902594 -0.333986 0.418530 -0.844563 -0.852287 -0.438234 0.285584 0 0 0 0 0 0
-22.458203 -1.049936 -5.677083 -0.328341 -0.156985 -0.931422 -0.840873 -0.213532 0.497330 0 0 0 0 0 0
-22.787443 -0.836069 -5.530106 -0.318814 -0.664033 -0.676327 -0.836234 0.111484 0.536920 0 0 0 0 0 0
-23.114277 -0.560277 -5.528261 -0.309056 -0.931097 -0.193761 -0.839709 0.400833 0.366363 0 0 0 0 0 0
-23.433118 -0.323126 -5.698648 -0.302129 -0.889076 0.343894 -0.845272 0.531652 0.053491 0 0 0 0 0 0
-23.756833 -0.234638 -5.979538 -0.299702 -0.565437 0.768414 -0.860305 0.440245 -0.257023 0 0 0 0 0 0
-24.124416 -0.356180 -6.102649 -0.314353 -0.059338 0.947450 -0.929899 0.154576 -0.333757 0 0 0 0 0 0
-24.587203 -0.178128 -6.301534 -0.277243 0.259904 0.924979 -0.906713 0.018079 -0.421361 0 0 0 0 0 0
-24.761595 -0.645106 -6.435031 -0.315018 0.686873 0.654957 -0.888920 -0.294235 -0.351065 0 0 0 0 0 0
-25.128508 -0.967652 -6.348252 -0.325501 0.934692 0.142831 -0.875676 -0.415459 -0.246141 0 0 0 0 0 0
-25.459236 -1.120260 -6.146722 -0.332892 0.838098 -0.432174 -0.865774 -0.500383 0.007215 0 0 0 0 0 0
-25.791262 -1.147258 -5.904400 -0.333921 0.418538 -0.844585 -0.852264 -0.438276 0.285588 0 0 0 0 0 0
-26.122640 -1.047855 -5.678911 -0.328406 -0.156974 -0.931402 -0.840852 -0.213479 0.497388 0 0 0 0 0 0
-26.801840 -0.892298 -5.687605 0.972934 0.023613 0.229875 0.537731 0.548553 0.640261 0 0 0 0 0 0
-22.506118 -0.533413 -4.133635 0.000000 1.000000 0.000000 0.000000 0.000000 1.000000 0 0 0 0 0 0
-22.940235 -0.533413 -4.594647 0.000000 1.000000 0.000000 0.000000 0.000000 1.000000 0 0 0 0 0 0
-26.111184 -0.546235 -6.575916 0.961669 0.022747 0.273268 -0.166204 -0.921949 0.349837 0 0 0 0 0 0
-26.414466 -1.106364 -6.147400 0.328406 0.156974 0.931402 0.852017 0.046375 -0.521457 0 0 0 0 0 0
-25.846912 -0.941840 -6.328501 0.333921 -0.418538 0.844585 0.865326 -0.002673 -0.501202 0 0 0 0 0 0
-25.514413 -0.700457 -6.359576 0.332892 -0.838098 0.432174 0.852442 0.275647 -0.444254 0 0 0 0 0 0
-25.182772 -0.475187 -6.263969 0.325501 -0.934692 -0.142831 0.841305 0.491636 -0.224720 0 0 0 0 0 0
-24.853812 -0.326547 -6.053874 0.315018 -0.686873 -0.654957 0.836650 0.538597 0.099646 0 0 0 0 0 0
-24.414975 -0.232163 -5.865867 0.277243 -0.259904 -0.924979 0.878268 0.385958 0.282281 0 0 0 0 0 0
-24.097635 -0.197669 -5.747241 0.314353 0.059338 -0.947450 0.912831 -0.154509 0.377976 0 0 0 0 0 0
-23.813245 -0.589160 -5.469378 0.299702 0.565437 -0.768414 0.858982 -0.140028 0.492486 0 0 0 0 0 0
-23.566285 0.687266 -4.667758 0.302129 -0.889075 0.343894 0.203433 -0.522126 0.828251 0 0 0 0 0 0
-23.153150 -0.149819 -2.893715 0.309055 -0.931097 -0.193761 0.871724 0.486866 -0.055303 0 0 0 0 0 0
-22.826915 -0.069548 -2.623005 0.318753 -0.664049 -0.676340 0.877082 0.430151 0.213767 0 0 0 0 0 0
-22.497669 -0.154591 -2.368000 0.328341 -0.156983 -0.931423 0.874378 0.254631 0.413069 0 0 0 0 0 0
-22.165962 -0.353051 -2.210513 0.333985 0.418527 -0.844565 0.865297 0.002614 0.501252 0 0 0 0 0 0
-21.833173 -0.594380 -2.179404 0.332892 0.838099 -0.432172 0.852491 -0.275574 0.444204 0 0 0 0 0 0
-21.501595 -0.819672 -2.275033 0.325501 0.934692 0.142831 0.841304 -0.491637 0.224723 0 0 0 0 0 0
-21.172616 -0.968317 -2.485132 0.314955 0.686886 0.654974 0.836623 -0.538644 -0.099623 0 0 0 0 0 0
-20.733997 -1.062658 -2.673152 0.277243 0.259903 0.924979 0.878229 -0.385981 -0.282369 0 0 0 0 0 0
-20.416618 -1.097195 -2.791753 0.314419 -0.059332 0.947428 0.912838 0.154488 -0.377968 0 0 0 0 0 0
-20.131984 -0.705722 -3.069648 0.299642 -0.565446 0.768431 0.859014 0.139964 -0.492448 0 0 0 0 0 0
-19.807472 -0.384021 -3.071372 0.302067 -0.889092 0.343906 0.865727 0.370634 -0.336373 0 0 0 0 0 0
-19.483078 -0.150455 -2.894457 0.309055 -0.931097 -0.193761 0.873696 0.482775 -0.059859 0 0 0 0 0 0
-19.156327 -0.069548 -2.623005 0.318753 -0.664049 -0.676340 0.877082 0.430151 0.213767 0 0 0 0 0 0
-18.827080 -0.154591 -2.368000 0.328341 -0.156983 -0.931423 0.874378 0.254631 0.413069 0 0 0 0 0 0
-18.495374 -0.353051 -2.210513 0.333985 0.418527 -0.844565 0.865297 0.002614 0.501252 0 0 0 0 0 0
-18.312272 0.135923 -1.026619 0.332891 -0.838099 0.432173 0.164405 -0.628453 0.760275 0 0 0 0 0 0
-17.847527 -0.477240 0.796673 0.325501 -0.934691 -0.142834 0.841303 0.491636 -0.224727 0 0 0 0 0 0
-17.518564 -0.328601 1.006761 0.315017 -0.686871 -0.654960 0.836649 0.538600 0.099643 0 0 0 0 0 0
-17.078601 -0.245009 1.177584 0.280679 -0.257647 -0.924574 0.884419 0.377766 0.274035 0 0 0 0 0 0
-16.758438 -0.191267 1.315768 0.310467 0.059696 -0.948708 0.907609 -0.129145 0.399458 0 0 0 0 0 0
-16.479810 -0.592583 1.595195 0.299703 0.565439 -0.768412 0.859437 -0.134710 0.493175 0 0 0 0 0 0
-16.152345 -0.910819 1.597465 0.302068 0.889091 -0.343906 0.865772 -0.370544 0.336356 0 0 0 0 0 0
-15.828000 -1.144410 1.420518 0.308994 0.931117 0.193765 0.873680 -0.482802 0.059879 0 0 0 0 0 0
-15.501495 -1.225283 1.149040 0.318816 0.664032 0.676327 0.877052 -0.430176 -0.213842 0 0 0 0 0 0
-15.171957 -1.140296 0.894070 0.328341 0.156978 0.931424 0.874422 -0.254627 -0.412979 0 0 0 0 0 0
-14.840295 -0.941808 0.736562 0.333921 -0.418538 0.844584 0.865278 -0.002640 -0.501285 0 0 0 0 0 0
-14.507730 -0.700460 0.705486 0.332892 -0.838098 0.432174 0.852447 0.275656 -0.444240 0 0 0 0 0 0
-14.175952 -0.475204 0.801072 0.325449 -0.934709 -0.142836 0.841360 0.491530 -0.224746 0 0 0 0 0 0
-13.847039 -0.326563 1.011182 0.314967 -0.686883 -0.654971 0.836650 0.538601 0.099622 0 0 0 0 0 0
-13.408330 -0.232194 1.199205 0.277238 -0.259905 -0.924980 0.878225 0.385991 0.282369 0 0 0 0 0 0
-13.090978 -0.197671 1.317799 0.314407 0.059337 -0.947432 0.912839 -0.154490 0.377966 0 0 0 0 0 0
-12.806449 -0.589153 1.595692 0.299679 0.565443 -0.768418 0.858975 -0.140010 0.492503 0 0 0 0 0 0
-12.559521 0.687262 2.397283 0.302080 -0.889087 0.343905 0.203438 -0.522132 0.828246 0 0 0 0 0 0
-12.140962 -0.148391 4.168789 0.309043 -0.931101 -0.193762 0.873674 0.482814 -0.059860 0 0 0 0 0 0
-11.814302 -0.067503 4.440243 0.318803 -0.664037 -0.676328 0.877079 0.430145 0.213792 0 0 0 0 0 0
-11.484930 -0.152519 4.695247 0.328354 -0.156983 -0.931418 0.874383 0.254632 0.413057 0 0 0 0 0 0
-11.153216 -0.350990 4.852743 0.333947 0.418534 -0.844576 0.865299 0.002647 0.501249 0 0 0 0 0 0
-10.820556 -0.592333 4.883828 0.332885 0.838101 -0.432175 0.852471 -0.275616 0.444216 0 0 0 0 0 0
-10.488944 -0.817612 4.788207 0.325483 0.934698 0.142832 0.841303 -0.491637 0.224730 0 0 0 0 0 0
-10.159971 -0.966258 4.578121 0.314985 0.686879 0.654967 0.836654 -0.538598 -0.099612 0 0 0 0 0 0
-9.720054 -1.049828 4.407296 0.280705 0.257641 0.924568 0.884433 -0.377730 -0.274041 0 0 0 0 0 0
-9.400475 -1.101049 4.273175 0.310454 -0.059698 0.948712 0.908004 0.135175 -0.396555 0 0 0 0 0 0
-9.122116 -0.700228 3.994114 0.299686 -0.565443 0.768416 0.859451 0.134688 -0.493157 0 0 0 0 0 0
-8.794715 -0.381981 3.991848 0.302080 -0.889087 0.343905 0.865754 0.370583 -0.336359 0 0 0 0 0 0
-8.470374 -0.148391 4.168789 0.309043 -0.931101 -0.193762 0.873674 0.482814 -0.059860 0 0 0 0 0 0
-8.143714 -0.067503 4.440243 0.318803 -0.664037 -0.676328 0.877079 0.430145 0.213792 0 0 0 0 0 0
-7.814342 -0.152519 4.695247 0.328354 -0.156983 -0.931418 0.874383 0.254632 0.413057 0 0 0 0 0 0
-7.482628 -0.350990 4.852743 0.333947 0.418534 -0.844576 0.865299 0.002647 0.501249 0 0 0 0 0 0
-7.299618 0.137981 6.036625 0.332885 -0.838100 0.432175 0.164402 -0.628453 0.760276 0 0 0 0 0 0
-6.834846 -0.475186 7.859921 0.325481 -0.934697 -0.142839 0.841296 0.491640 -0.224746 0 0 0 0 0 0
-6.505887 -0.326553 8.070004 0.314992 -0.686876 -0.654967 0.836654 0.538594 0.099631 0 0 0 0 0 0
-6.067130 -0.232178 8.258020 0.277238 -0.259906 -0.924980 0.878242 0.385977 0.282333 0 0 0 0 0 0
-5.749802 -0.197671 8.376623 0.314408 0.059338 -0.947432 0.912839 -0.154489 0.377966 0 0 0 0 0 0
-5.465272 -0.589152 8.654516 0.299680 0.565444 -0.768417 0.858975 -0.140009 0.492504 0 0 0 0 0 0
-5.140639 -0.910825 8.656276 0.302086 0.889086 -0.343904 0.865751 -0.370590 0.336360 0 0 0 0 0 0
-4.816269 -1.144413 8.479342 0.309043 0.931101 0.193762 0.873680 -0.482805 0.059862 0 0 0 0 0 0
-4.489628 -1.225301 8.207881 0.318804 0.664036 0.676328 0.877073 -0.430155 -0.213800 0 0 0 0 0 0
-4.160245 -1.140282 7.952884 0.328354 0.156977 0.931419 0.874389 -0.254635 -0.413043 0 0 0 0 0 0
-3.815998 -0.945925 7.802517 0.333947 -0.418536 0.844575 0.873353 -0.005521 -0.487057 0 0 0 0 0 0
-3.482316 -0.702527 7.770411 0.332884 -0.838101 0.432173 0.852471 0.275617 -0.444217 0 0 0 0 0 0
-3.150693 -0.477242 7.866031 0.325482 -0.934697 -0.142839 0.841304 0.491627 -0.224744 0 0 0 0 0 0
-2.821727 -0.328606 8.076105 0.314987 -0.686880 -0.654965 0.836654 0.538595 0.099626 0 0 0 0 0 0
-2.382999 -0.234236 8.264135 0.277243 -0.259904 -0.924979 0.878236 0.385983 0.282345 0 0 0 0 0 0
-2.065637 -0.199720 8.382736 0.314399 0.059337 -0.947435 0.912843 -0.154489 0.377956 0 0 0 0 0 0
-1.781140 -0.591210 8.660627 0.299684 0.565440 -0.768419 0.858973 -0.140018 0.492505 0 0 0 0 0 0
-1.534199 0.685208 9.462220 0.302082 -0.889090 0.343898 0.203437 -0.522135 0.828244 0 0 0 0 0 0
-1.115635 -0.150448 11.233717 0.309041 -0.931101 -0.193762 0.873676 0.482812 -0.059849 0 0 0 0 0 0
-0.788988 -0.069556 11.505181 0.318802 -0.664034 -0.676331 0.877074 0.430157 0.213787 0 0 0 0 0 0
-0.459607 -0.154570 11.760180 0.328353 -0.156982 -0.931419 0.874387 0.254627 0.413053 0 0 0 0 0 0
-0.127891 -0.353043 11.917664 0.333947 0.418534 -0.844576 0.865306 0.002640 0.501237 0 0 0 0 0 0
0.204768 -0.594390 11.948764 0.332884 0.838101 -0.432175 0.852464 -0.275610 0.444235 0 0 0 0 0 0
0.536382 -0.819671 11.853145 0.325482 0.934698 0.142832 0.841304 -0.491634 0.224730 0 0 0 0 0 0
0.865345 -0.968305 11.643055 0.314989 0.686880 0.654964 0.836656 -0.538591 -0.099631 0 0 0 0 0 0
1.305280 -1.051891 11.472232 0.280699 0.257646 0.924568 0.884432 -0.377742 -0.274029 0 0 0 0 0 0
1.624833 -1.103104 11.338098 0.310455 -0.059691 0.948712 0.907995 0.135184 -0.396573 0 0 0 0 0 0
1.903201 -0.702279 11.059036 0.299685 -0.565438 0.768420 0.859454 0.134698 -0.493149 0 0 0 0 0 0
2.230600 -0.384029 11.056788 0.302080 -0.889090 0.343899 0.865756 0.370574 -0.336366 0 0 0 0 0 0
2.554945 -0.150448 11.233718 0.309043 -0.931101 -0.193762 0.873675 0.482815 -0.059847 0 0 0 0 0 0
2.881604 -0.069556 11.505180 0.318802 -0.664034 -0.676331 0.877077 0.430154 0.213784 0 0 0 0 0 0
3.210975 -0.154571 11.760181 0.328354 -0.156982 -0.931418 0.874384 0.254628 0.413059 0 0 0 0 0 0
3.542704 -0.353040 11.917664 0.333947 0.418534 -0.844576 0.865311 0.002643 0.501229 0 0 0 0 0 0
3.875352 -0.594393 11.948764 0.332885 0.838101 -0.432175 0.852458 -0.275617 0.444241 0 0 0 0 0 0
4.206973 -0.819670 11.853146 0.325482 0.934698 0.142832 0.841308 -0.491627 0.224729 0 0 0 0 0 0
4.535936 -0.968305 11.643054 0.314987 0.686881 0.654965 0.836654 -0.538594 -0.099631 0 0 0 0 0 0
4.974667 -1.062672 11.455027 0.277243 0.259903 0.924979 0.878236 -0.385982 -0.282345 0 0 0 0 0 0
5.292032 -1.097199 11.336426 0.314399 -0.059332 0.947435 0.912843 0.154486 -0.377958 0 0 0 0 0 0
5.576524 -0.705700 11.058536 0.299685 -0.565438 0.768420 0.858974 0.140022 -0.492501 0 0 0 0 0 0
5.901188 -0.384029 11.056788 0.302080 -0.889090 0.343899 0.865756 0.370574 -0.336366 0 0 0 0 0 0
6.225533 -0.150448 11.233718 0.309043 -0.931101 -0.193762 0.873675 0.482815 -0.059847 0 0 0 0 0 0
6.552192 -0.069556 11.505180 0.318802 -0.664034 -0.676331 0.877077 0.430154 0.213784 0 0 0 0 0 0
6.881563 -0.154571 11.760181 0.328354 -0.156982 -0.931418 0.874384 0.254628 0.413059 0 0 0 0 0 0
7.213292 -0.353040 11.917664 0.333947 0.418534 -0.844576 0.865311 0.002643 0.501229 0 0 0 0 0 0
7.545940 -0.594393 11.948764 0.332885 0.838101 -0.432175 0.852458 -0.275617 0.444241 0 0 0 0 0 0
7.877562 -0.819670 11.853146 0.325482 0.934698 0.142832 0.841308 -0.491627 0.224729 0 0 0 0 0 0
8.206524 -0.968305 11.643054 0.314987 0.686881 0.654965 0.836654 -0.538594 -0.099631 0 0 0 0 0 0
8.646457 -1.051891 11.472233 0.280698 0.257646 0.924569 0.884432 -0.377741 -0.274027 0 0 0 0 0 0
8.967002 -1.101113 11.342537 0.310454 -0.059698 0.948712 0.909292 0.140249 -0.391815 0 0 0 0 0 0
9.245296 -0.700228 11.063469 0.299686 -0.565443 0.768416 0.859451 0.134688 -0.493157 0 0 0 0 0 0
9.464231 -1.983726 10.257484 0.302081 0.889090 -0.343899 0.189599 0.521295 -0.832048 0 0 0 0 0 0
9.880552 -1.144413 8.489873 0.309043 0.931101 0.193762 0.873672 -0.482817 0.059869 0 0 0 0 0 0
10.207208 -1.225301 8.218416 0.318804 0.664036 0.676328 0.877079 -0.430146 -0.213792 0 0 0 0 0 0
10.536580 -1.140281 7.963413 0.328354 0.156977 0.931419 0.874383 -0.254638 -0.413055 0 0 0 0 0 0
10.868309 -0.941822 7.805919 0.333947 -0.418533 0.844576 0.865306 -0.002647 -0.501237 0 0 0 0 0 0
11.200956 -0.700467 7.774831 0.332885 -0.838100 0.432175 0.852464 0.275626 -0.444224 0 0 0 0 0 0
11.532578 -0.475188 7.870451 0.325481 -0.934697 -0.142839 0.841304 0.491627 -0.224745 0 0 0 0 0 0
11.861541 -0.326553 8.080536 0.314985 -0.686877 -0.654968 0.836652 0.538598 0.099629 0 0 0 0 0 0
12.300275 -0.232182 8.268553 0.277243 -0.259904 -0.924979 0.878239 0.385980 0.282340 0 0 0 0 0 0
12.617633 -0.197665 8.387155 0.314401 0.059338 -0.947434 0.912843 -0.154486 0.377956 0 0 0 0 0 0
12.902131 -0.589154 8.665045 0.299686 0.565443 -0.768416 0.858972 -0.140016 0.492507 0 0 0 0 0 0
13.226794 -0.910822 8.666797 0.302081 0.889090 -0.343899 0.865757 -0.370583 0.336354 0 0 0 0 0 0
13.551140 -1.144413 8.489873 0.309043 0.931101 0.193762 0.873672 -0.482817 0.059869 0 0 0 0 0 0
13.877791 -1.225299 8.218418 0.318822 0.664032 0.676324 0.877084 -0.430136 -0.213793 0 0 0 0 0 0
14.207200 -1.140287 7.963404 0.328329 0.156979 0.931428 0.874370 -0.254657 -0.413070 0 0 0 0 0 0
14.538921 -0.941831 7.805932 0.333921 -0.418538 0.844585 0.865335 -0.002670 -0.501186 0 0 0 0 0 0
14.752025 -1.430145 6.623040 0.332892 0.838099 -0.432173 0.173581 0.627719 -0.758840 0 0 0 0 0 0
15.219675 -0.817612 4.798740 0.325502 0.934691 0.142831 0.841307 -0.491634 0.224719 0 0 0 0 0 0
15.548636 -0.966264 4.588647 0.315016 0.686872 0.654960 0.836642 -0.538612 -0.099635 0 0 0 0 0 0
15.988595 -1.049842 4.417820 0.280678 0.257643 0.924575 0.884422 -0.377758 -0.274040 0 0 0 0 0 0
16.308024 -1.101023 4.283707 0.310467 -0.059697 0.948708 0.907977 0.135203 -0.396608 0 0 0 0 0 0
16.586545 -0.700250 4.004643 0.299643 -0.565451 0.768427 0.859493 0.134629 -0.493099 0 0 0 0 0 0
16.913801 -0.381972 4.002399 0.302068 -0.889091 0.343907 0.865723 0.370637 -0.336380 0 0 0 0 0 0
17.251028 -0.532944 4.204704 0.325500 -0.934691 -0.142838 0.950135 0.121599 0.287153 0 0 0 0 0 0
17.581435 -0.326547 4.501291 0.315017 -0.686870 -0.654961 0.836648 0.538601 0.099646 0 0 0 0 0 0
18.020275 -0.232162 4.689289 0.277243 -0.259904 -0.924979 0.878270 0.385955 0.282276 0 0 0 0 0 0
18.337611 -0.197670 4.807916 0.314355 0.059339 -0.947449 0.912832 -0.154508 0.377976 0 0 0 0 0 0
18.622003 -0.589158 5.085780 0.299704 0.565440 -0.768411 0.858981 -0.140024 0.492489 0 0 0 0 0 0
18.946659 -0.910840 5.087547 0.302129 0.889076 -0.343894 0.865721 -0.370652 0.336368 0 0 0 0 0 0
19.271074 -1.144425 4.910638 0.309055 0.931097 0.193761 0.873672 -0.482817 0.059874 0 0 0 0 0 0
19.597722 -1.225303 4.639168 0.318815 0.664030 0.676329 0.877096 -0.430121 -0.213773 0 0 0 0 0 0
19.927072 -1.140280 4.384152 0.328342 0.156978 0.931423 0.874359 -0.254653 -0.413096 0 0 0 0 0 0
20.609531 -0.294992 4.361008 -0.994795 0.000000 -0.101895 -0.592445 0.576529 -0.562693 0 0 0 0 0 0
17.369176 -0.000000 3.229518 0.000000 1.000000 0.000000 0.000000 0.000000 1.000000 0 0 0 0 0 0
17.865765 0.000000 3.546306 0.000000 1.000000 0.000000 0.000000 0.000000 1.000000 0 0 0 0 0 0
20.096158 0.231918 5.411982 -0.984447 -0.000000 -0.175680 0.225411 -0.947893 -0.225141 0 0 0 0 0 0
20.209319 -0.997705 4.859369 -0.328342 -0.156978 -0.931423 -0.830327 0.128051 0.542366 0 0 0 0 0 0
19.653736 -0.834012 5.023244 -0.318815 -0.664030 -0.676329 -0.836236 0.111486 0.536918 0 0 0 0 0 0
19.326899 -0.558222 5.025089 -0.309055 -0.931097 -0.193761 -0.839707 0.400831 0.366368 0 0 0 0 0 0
19.002206 -0.323381 4.857067 -0.302129 -0.889076 0.343894 -0.848900 0.525575 0.056030 0 0 0 0 0 0
18.678411 -0.234638 4.575631 -0.299704 -0.565440 0.768411 -0.860307 0.440243 -0.257018 0 0 0 0 0 0
18.310831 -0.356182 4.452521 -0.314355 -0.059339 0.947449 -0.929899 0.154578 -0.333756 0 0 0 0 0 0
17.848046 -0.178126 4.253625 -0.277243 0.259904 0.924979 -0.906708 0.018085 -0.421372 0 0 0 0 0 0
17.793366 -0.432076 3.361739 -0.318753 -0.664047 -0.676341 -0.166070 -0.601171 -0.781674 0 0 0 0 0 0
17.274117 -0.558214 1.503243 -0.309055 -0.931097 -0.193761 -0.839656 0.400923 0.366386 0 0 0 0 0 0
16.945055 -0.315675 1.365510 -0.302129 -0.889076 0.343894 -0.835673 0.537075 0.114895 0 0 0 0 0 0
16.628947 -0.234631 1.096077 -0.299643 -0.565450 0.768428 -0.860360 0.440194 -0.256924 0 0 0 0 0 0
16.261955 -0.352887 0.953279 -0.310402 -0.059697 0.948729 -0.923946 0.161497 -0.346759 0 0 0 0 0 0
15.798819 -0.182188 0.773135 -0.280679 0.257647 0.924574 -0.915525 0.001201 -0.402259 0 0 0 0 0 0
15.622289 -0.643774 0.639864 -0.315017 0.686871 0.654960 -0.888315 -0.296683 -0.350536 0 0 0 0 0 0
15.257422 -0.967654 0.727336 -0.325501 0.934691 0.142834 -0.875679 -0.415459 -0.246132 0 0 0 0 0 0
14.926695 -1.120260 0.928873 -0.332892 0.838098 -0.432174 -0.865774 -0.500382 0.007218 0 0 0 0 0 0
14.594665 -1.147258 1.171184 -0.333921 0.418538 -0.844584 -0.852265 -0.438279 0.285581 0 0 0 0 0 0
14.263145 -1.047879 1.396668 -0.328328 -0.156979 -0.931428 -0.840896 -0.213518 0.497297 0 0 0 0 0 0
13.933849 -0.834012 1.543661 -0.318822 -0.664030 -0.676326 -0.836243 0.111482 0.536908 0 0 0 0 0 0
13.606981 -0.558221 1.545517 -0.309043 -0.931101 -0.193762 -0.839700 0.400839 0.366376 0 0 0 0 0 0
13.282250 -0.323386 1.377499 -0.302081 -0.889090 0.343899 -0.848918 0.525543 0.056059 0 0 0 0 0 0
12.958494 -0.234654 1.096059 -0.299685 -0.565442 0.768417 -0.860327 0.440217 -0.256995 0 0 0 0 0 0
12.590993 -0.356206 0.972924 -0.314400 -0.059338 0.947434 -0.929872 0.154554 -0.333843 0 0 0 0 0 0
12.128030 -0.178090 0.774047 -0.277244 0.259905 0.924979 -0.906753 0.018119 -0.421273 0 0 0 0 0 0
12.089497 -0.139894 -0.214671 -0.314985 -0.686880 -0.654965 -0.161180 -0.544948 -0.822832 0 0 0 0 0 0
11.603328 -0.325159 -2.175807 -0.325483 -0.934697 -0.142834 -0.875679 0.415457 0.246132 0 0 0 0 0 0
11.272599 -0.172547 -2.377333 -0.332879 -0.838103 0.432174 -0.865770 0.500391 -0.007217 0 0 0 0 0 0
10.940592 -0.145553 -2.619651 -0.333946 -0.418532 0.844577 -0.852269 0.438262 -0.285593 0 0 0 0 0 0
10.609068 -0.244937 -2.845142 -0.328348 0.156983 0.931420 -0.840865 0.213518 -0.497350 0 0 0 0 0 0
10.279688 -0.458769 -2.992124 -0.318803 0.664037 0.676328 -0.836281 -0.111433 -0.536858 0 0 0 0 0 0
9.952899 -0.734585 -2.993966 -0.309037 0.931103 0.193762 -0.839682 -0.400870 -0.366384 0 0 0 0 0 0
9.628174 -0.969414 -2.825951 -0.302086 0.889086 -0.343905 -0.848913 -0.525551 -0.056067 0 0 0 0 0 0
9.304387 -1.058155 -2.544528 -0.299686 0.565443 -0.768416 -0.860332 -0.440209 0.256992 0 0 0 0 0 0
8.937287 -0.939930 -2.401731 -0.310454 0.059698 -0.948712 -0.923946 -0.161487 0.346764 0 0 0 0 0 0
8.472128 -1.112550 -2.225469 -0.280698 -0.257646 -0.924569 -0.917196 -0.003133 0.398424 0 0 0 0 0 0
8.296620 -0.651104 -2.092738 -0.314986 -0.686879 -0.654966 -0.888354 0.296612 0.350498 0 0 0 0 0 0
7.931822 -0.327212 -2.180229 -0.325482 -0.934698 -0.142832 -0.875679 0.415456 0.246136 0 0 0 0 0 0
7.601095 -0.174602 -2.381752 -0.332886 -0.838102 0.432172 -0.865772 0.500387 -0.007220 0 0 0 0 0 0
7.269078 -0.147604 -2.624072 -0.333946 -0.418533 0.844577 -0.852267 0.438267 -0.285594 0 0 0 0 0 0
6.937563 -0.246990 -2.849560 -0.328354 0.156982 0.931418 -0.840867 0.213513 -0.497347 0 0 0 0 0 0
6.767979 -0.460742 -3.649921 -0.318801 -0.664036 -0.676330 -0.149159 -0.622415 -0.768343 0 0 0 0 0 0
6.264907 -0.560271 -5.517736 -0.309044 -0.931101 -0.193762 -0.839685 0.400864 0.366383 0 0 0 0 0 0
5.940155 -0.325439 -5.685743 -0.302081 -0.889090 0.343899 -0.848917 0.525544 0.056059 0 0 0 0 0 0
5.616401 -0.236707 -5.967190 -0.299684 -0.565440 0.768419 -0.860325 0.440219 -0.256998 0 0 0 0 0 0
5.248899 -0.358259 -6.090325 -0.314399 -0.059337 0.947435 -0.929873 0.154550 -0.333843 0 0 0 0 0 0
4.785936 -0.180144 -6.289203 -0.277243 0.259904 0.924979 -0.906754 0.018119 -0.421271 0 0 0 0 0 0
4.611596 -0.647167 -6.422695 -0.314987 0.686880 0.654965 -0.888902 -0.294261 -0.351089 0 0 0 0 0 0
4.244742 -0.969695 -6.335905 -0.325482 0.934697 0.142839 -0.875680 -0.415460 -0.246126 0 0 0 0 0 0
3.914021 -1.122316 -6.134363 -0.332884 0.838101 -0.432173 -0.865769 -0.500391 0.007219 0 0 0 0 0 0
3.581986 -1.149314 -5.892059 -0.333947 0.418536 -0.844575 -0.852277 -0.438257 0.285579 0 0 0 0 0 0
3.250486 -1.049917 -5.666568 -0.328356 -0.156985 -0.931417 -0.840860 -0.213515 0.497358 0 0 0 0 0 0
2.921094 -0.836092 -5.519572 -0.318801 -0.664036 -0.676330 -0.836273 0.111434 0.536870 0 0 0 0 0 0
2.594319 -0.560271 -5.517736 -0.309044 -0.931101 -0.193762 -0.839685 0.400864 0.366383 0 0 0 0 0 0
2.269567 -0.325439 -5.685743 -0.302081 -0.889090 0.343899 -0.848917 0.525544 0.056059 0 0 0 0 0 0
1.945813 -0.236707 -5.967190 -0.299684 -0.565440 0.768419 -0.860325 0.440219 -0.256998 0 0 0 0 0 0
1.578703 -0.354927 -6.109968 -0.310456 -0.059697 0.948711 -0.923950 0.161482 -0.346757 0 0 0 0 0 0
1.115554 -0.184241 -6.290142 -0.280701 0.257645 0.924568 -0.915508 0.001194 -0.402298 0 0 0 0 0 0
1.075736 -0.142731 -7.277737 -0.314989 -0.686880 -0.654964 -0.160843 -0.544768 -0.823017 0 0 0 0 0 0
0.590640 -0.327214 -9.239050 -0.325482 -0.934698 -0.142832 -0.875678 0.415453 0.246142 0 0 0 0 0 0
0.259921 -0.174601 -9.440577 -0.332884 -0.838101 0.432175 -0.865767 0.500395 -0.007216 0 0 0 0 0 0
-0.072102 -0.147603 -9.682891 -0.333947 -0.418534 0.844576 -0.852273 0.438257 -0.285591 0 0 0 0 0 0
-0.403613 -0.246991 -9.908386 -0.328353 0.156982 0.931419 -0.840862 0.213516 -0.497355 0 0 0 0 0 0
-0.733000 -0.460824 -10.055382 -0.318802 0.664034 0.676331 -0.836277 -0.111430 -0.536866 0 0 0 0 0 0
-1.059779 -0.736640 -10.057206 -0.309041 0.931101 0.193762 -0.839689 -0.400870 -0.366369 0 0 0 0 0 0
-1.384525 -0.971477 -9.889208 -0.302082 0.889090 -0.343898 -0.848912 -0.525550 -0.056078 0 0 0 0 0 0
-1.708287 -1.060199 -9.607766 -0.299685 0.565438 -0.768420 -0.860330 -0.440211 0.256996 0 0 0 0 0 0
-2.075789 -0.938650 -9.484631 -0.314399 0.059332 -0.947435 -0.929870 -0.154561 0.333844 0 0 0 0 0 0
-2.538753 -1.116774 -9.285754 -0.277243 -0.259903 -0.924979 -0.906754 -0.018115 0.421271 0 0 0 0 0 0
-2.713091 -0.649743 -9.152261 -0.314987 -0.686881 -0.654965 -0.888902 0.294259 0.351090 0 0 0 0 0 0
-3.079944 -0.327213 -9.239051 -0.325482 -0.934698 -0.142832 -0.875677 0.415457 0.246142 0 0 0 0 0 0
-3.410669 -0.174602 -9.440576 -0.332885 -0.838101 0.432175 -0.865770 0.500389 -0.007215 0 0 0 0 0 0
-3.742687 -0.147603 -9.682893 -0.333947 -0.418534 0.844576 -0.852268 0.438262 -0.285597 0 0 0 0 0 0
-4.085337 -0.242629 -9.911913 -0.328354 0.156983 0.931418 -0.845651 0.216708 -0.487762 0 0 0 0 0 0
-4.417144 -0.458770 -10.061482 -0.318803 0.664037 0.676328 -0.836279 -0.111433 -0.536862 0 0 0 0 0 0
-4.743923 -0.734584 -10.063321 -0.309043 0.931101 0.193762 -0.839685 -0.400869 -0.366379 0 0 0 0 0 0
-5.068672 -0.969415 -9.895309 -0.302080 0.889087 -0.343905 -0.848916 -0.525545 -0.056073 0 0 0 0 0 0
-5.392430 -1.058153 -9.613881 -0.299686 0.565443 -0.768416 -0.860327 -0.440215 0.256999 0 0 0 0 0 0
-5.759930 -0.936600 -9.490741 -0.314401 0.059340 -0.947434 -0.929873 -0.154552 0.333843 0 0 0 0 0 0
-6.222891 -1.114711 -9.291865 -0.277245 -0.259908 -0.924977 -0.906753 -0.018125 0.421272 0 0 0 0 0 0
-6.397234 -0.647695 -9.158358 -0.314985 -0.686879 -0.654967 -0.888898 0.294265 0.351096 0 0 0 0 0 0
-6.764094 -0.325162 -9.245164 -0.325483 -0.934698 -0.142832 -0.875688 0.415445 0.246123 0 0 0 0 0 0
-7.094813 -0.172546 -9.446691 -0.332885 -0.838101 0.432175 -0.865764 0.500401 -0.007220 0 0 0 0 0 0
-7.426843 -0.145550 -9.688993 -0.333947 -0.418534 0.844576 -0.852276 0.438258 -0.285579 0 0 0 0 0 0
-7.758343 -0.244938 -9.914498 -0.328354 0.156983 0.931418 -0.840855 0.213520 -0.497365 0 0 0 0 0 0
-8.087732 -0.458770 -10.061482 -0.318803 0.664037 0.676328 -0.836279 -0.111433 -0.536862 0 0 0 0 0 0
-8.414511 -0.734584 -10.063321 -0.309043 0.931101 0.193762 -0.839685 -0.400869 -0.366379 0 0 0 0 0 0
-8.739261 -0.969415 -9.895309 -0.302080 0.889087 -0.343905 -0.848916 -0.525545 -0.056073 0 0 0 0 0 0
-9.063018 -1.058153 -9.613881 -0.299686 0.565443 -0.768416 -0.860327 -0.440215 0.256999 0 0 0 0 0 0
-9.430124 -0.939930 -9.471086 -0.310454 0.059698 -0.948712 -0.923946 -0.161487 0.346764 0 0 0 0 0 0
-9.893273 -1.110616 -9.290926 -0.280705 -0.257641 -0.924568 -0.915514 -0.001182 0.402283 0 0 0 0 0 0
-9.963555 -1.152529 -8.303507 -0.314992 0.686876 0.654967 -0.169577 0.543973 0.821789 0 0 0 0 0 0
-10.451182 -0.967651 -6.342017 -0.325481 0.934697 0.142839 -0.875682 -0.415449 -0.246136 0 0 0 0 0 0
-10.781887 -1.120256 -6.140472 -0.332885 0.838100 -0.432175 -0.865767 -0.500395 0.007227 0 0 0 0 0 0
-11.113921 -1.147253 -5.898174 -0.333947 0.418533 -0.844576 -0.852275 -0.438260 0.285579 0 0 0 0 0 0
-11.445422 -1.047873 -5.672669 -0.328354 -0.156977 -0.931419 -0.840856 -0.213517 0.497365 0 0 0 0 0 0
-11.774821 -0.834035 -5.525687 -0.318804 -0.664036 -0.676328 -0.836286 0.111426 0.536851 0 0 0 0 0 0
-12.101590 -0.558217 -5.523848 -0.309043 -0.931101 -0.193762 -0.839677 0.400880 0.366385 0 0 0 0 0 0
-12.426336 -0.323387 -5.691857 -0.302086 -0.889086 0.343904 -0.848917 0.525544 0.056071 0 0 0 0 0 0
-12.750118 -0.234650 -5.973285 -0.299680 -0.565444 0.768417 -0.860332 0.440209 -0.256993 0 0 0 0 0 0
-13.117587 -0.356211 -6.096427 -0.314408 -0.059338 0.947432 -0.929870 0.154551 -0.333851 0 0 0 0 0 0
-13.580580 -0.178086 -6.295304 -0.277238 0.259906 0.924980 -0.906757 0.018126 -0.421263 0 0 0 0 0 0
-13.754900 -0.645115 -6.428808 -0.314966 0.686882 0.654973 -0.888891 -0.294275 -0.351104 0 0 0 0 0 0
-14.121748 -0.967648 -6.342011 -0.325449 0.934708 0.142840 -0.875683 -0.415443 -0.246143 0 0 0 0 0 0
-14.452481 -1.120237 -6.140483 -0.332892 0.838098 -0.432174 -0.865808 -0.500325 0.007215 0 0 0 0 0 0
-14.784582 -1.147257 -5.898170 -0.333921 0.418538 -0.844585 -0.852264 -0.438281 0.285579 0 0 0 0 0 0
-15.115976 -1.047856 -5.672665 -0.328342 -0.156978 -0.931423 -0.840824 -0.213524 0.497416 0 0 0 0 0 0
-15.256299 -0.833014 -4.872249 -0.318816 0.664034 0.676325 -0.141510 0.623314 0.769061 0 0 0 0 0 0
-15.755757 -0.734585 -3.004508 -0.308994 0.931117 0.193765 -0.839683 -0.400849 -0.366405 0 0 0 0 0 0
-16.080369 -0.969403 -2.836470 -0.302068 0.889091 -0.343907 -0.848901 -0.525570 -0.056063 0 0 0 0 0 0
-16.404147 -1.058146 -2.555058 -0.299704 0.565440 -0.768411 -0.860330 -0.440205 0.257005 0 0 0 0 0 0
-16.771279 -0.939932 -2.412255 -0.310467 0.059697 -0.948708 -0.923939 -0.161487 0.346784 0 0 0 0 0 0
-17.236509 -1.112578 -2.236005 -0.280678 -0.257647 -0.924574 -0.917227 -0.003167 0.398352 0 0 0 0 0 0
-17.412019 -0.651109 -2.103274 -0.314955 -0.686886 -0.654974 -0.888367 0.296589 0.350484 0 0 0 0 0 0
-17.776678 -0.327198 -2.190784 -0.325501 -0.934692 -0.142831 -0.875635 0.415545 0.246141 0 0 0 0 0 0
-18.107472 -0.174596 -2.392280 -0.332892 -0.838099 0.432172 -0.865773 0.500385 -0.007217 0 0 0 0 0 0
-18.439477 -0.147603 -2.634597 -0.333985 -0.418527 0.844565 -0.852284 0.438236 -0.285589 0 0 0 0 0 0
-18.771100 -0.246974 -2.860099 -0.328341 0.156983 0.931423 -0.840877 0.213528 -0.497325 0 0 0 0 0 0
-19.100479 -0.460817 -3.007075 -0.318753 0.664049 0.676340 -0.836287 -0.111398 -0.536856 0 0 0 0 0 0
-19.427107 -0.736641 -3.008891 -0.309055 0.931097 0.193761 -0.839657 -0.400924 -0.366383 0 0 0 0 0 0
-19.752011 -0.971473 -2.840923 -0.302067 0.889092 -0.343906 -0.848950 -0.525488 -0.056097 0 0 0 0 0 0
-20.075741 -1.060197 -2.559469 -0.299642 0.565446 -0.768431 -0.860312 -0.440242 0.257001 0 0 0 0 0 0
-20.443159 -0.938634 -2.436348 -0.314419 0.059332 -0.947428 -0.929871 -0.154544 0.333850 0 0 0 0 0 0
-20.906227 -1.116784 -2.237455 -0.277243 -0.259903 -0.924979 -0.906762 -0.018125 0.421253 0 0 0 0 0 0
-20.975205 -1.155357 -1.248906 -0.315017 0.686871 0.654960 -0.169876 0.544156 0.821606 0 0 0 0 0 0
-21.463849 -0.969702 0.712384 -0.325501 0.934691 0.142834 -0.875680 -0.415456 -0.246131 0 0 0 0 0 0
-21.794576 -1.122321 0.913920 -0.332891 0.838099 -0.432173 -0.865770 -0.500390 0.007214 0 0 0 0 0 0
-22.126584 -1.149314 1.156228 -0.333986 0.418530 -0.844563 -0.852287 -0.438232 0.285586 0 0 0 0 0 0
-22.458203 -1.049936 1.381740 -0.328341 -0.156985 -0.931423 -0.840873 -0.213531 0.497330 0 0 0 0 0 0
-22.787442 -0.836067 1.528717 -0.318814 -0.664034 -0.676326 -0.836233 0.111479 0.536923 0 0 0 0 0 0
-23.114277 -0.560279 1.530565 -0.309056 -0.931097 -0.193761 -0.839709 0.400835 0.366360 0 0 0 0 0 0
-23.411943 -0.318181 1.363821 -0.302068 -0.889091 0.343906 -0.826834 0.558474 0.066730 0 0 0 0 0 0
-23.731345 -0.234659 1.091350 -0.299703 -0.565439 0.768412 -0.860331 0.440201 -0.257008 0 0 0 0 0 0
-24.098857 -0.356207 0.968198 -0.314420 -0.059337 0.947428 -0.929861 0.154550 -0.333874 0 0 0 0 0 0
-24.561849 -0.178080 0.769326 -0.277244 0.259905 0.924978 -0.906762 0.018128 -0.421254 0 0 0 0 0 0
-24.736185 -0.645104 0.635836 -0.315017 0.686871 0.654959 -0.888919 -0.294238 -0.351066 0 0 0 0 0 0
-25.103096 -0.967653 0.722621 -0.325501 0.934691 0.142834 -0.875679 -0.415460 -0.246131 0 0 0 0 0 0
-25.433823 -1.120260 0.924159 -0.332892 0.838098 -0.432174 -0.865775 -0.500382 0.007218 0 0 0 0 0 0
-25.765852 -1.147258 1.166469 -0.333921 0.418538 -0.844584 -0.852265 -0.438279 0.285580 0 0 0 0 0 0
-26.097247 -1.047856 1.391975 -0.328341 -0.156978 -0.931424 -0.840824 -0.213524 0.497416 0 0 0 0 0 0
-26.802392 -0.904363 1.400202 0.999198 0.024274 -0.031834 0.609861 0.603247 0.513968 0 0 0 0 0 0
-22.484941 -0.533413 1.758765 0.000000 1.000000 0.000000 0.000000 0.000000 1.000000 0 0 0 0 0 0
-22.919059 -0.533413 1.297753 0.000000 1.000000 0.000000 0.000000 0.000000 1.000000 0 0 0 0 0 0
-26.194141 -0.560128 0.258753 0.999458 0.023663 0.022877 -0.182878 -0.817185 0.546594 0 0 0 0 0 0
-26.389050 -1.106332 0.923446 0.328341 0.156978 0.931424 0.852003 0.046386 -0.521477 0 0 0 0 0 0
-25.821566 -0.941808 0.742378 0.333921 -0.418538 0.844584 0.865278 -0.002640 -0.501285 0 0 0 0 0 0
-25.489001 -0.700460 0.711302 0.332892 -0.838098 0.432174 0.852447 0.275656 -0.444240 0 0 0 0 0 0
-25.157361 -0.475186 0.806911 0.325501 -0.934691 -0.142834 0.841303 0.491636 -0.224728 0 0 0 0 0 0
-24.828400 -0.326547 1.016999 0.315017 -0.686871 -0.654959 0.836649 0.538601 0.099641 0 0 0 0 0 0
-24.389562 -0.232162 1.204998 0.277244 -0.259905 -0.924978 0.878270 0.385954 0.282278 0 0 0 0 0 0
-24.072244 -0.197670 1.323617 0.314420 0.059337 -0.947428 0.912839 -0.154488 0.377967 0 0 0 0 0 0
-23.787747 -0.589161 1.601514 0.299703 0.565439 -0.768412 0.858955 -0.140036 0.492531 0 0 0 0 0 0
-23.540873 0.687266 2.403108 0.302129 -0.889073 0.343900 0.203432 -0.522124 0.828252 0 0 0 0 0 0
-23.149319 -0.143699 4.172799 0.309055 -0.931097 -0.193761 0.855671 0.512738 -0.070194 0 0 0 0 0 0
-22.826915 -0.069548 4.435819 0.318753 -0.664049 -0.676340 0.877082 0.430151 0.213767 0 0 0 0 0 0
-22.497669 -0.154591 4.690824 0.328341 -0.156983 -0.931423 0.874378 0.254631 0.413069 0 0 0 0 0 0
-22.165962 -0.353051 4.848305 0.333986 0.418528 -0.844564 0.865299 0.002613 0.501249 0 0 0 0 0 0
-21.833171 -0.594380 4.879424 0.332892 0.838099 -0.432173 0.852488 -0.275573 0.444211 0 0 0 0 0 0
-21.501596 -0.819672 4.783790 0.325501 0.934692 0.142831 0.841305 -0.491637 0.224720 0 0 0 0 0 0
-21.172616 -0.968317 4.573691 0.314954 0.686885 0.654976 0.836621 -0.538647 -0.099619 0 0 0 0 0 0
-20.733997 -1.062660 4.385673 0.277243 0.259903 0.924979 0.878230 -0.385978 -0.282371 0 0 0 0 0 0
-20.416618 -1.097195 4.267070 0.314419 -0.059332 0.947428 0.912838 0.154488 -0.377968 0 0 0 0 0 0
-20.131984 -0.705722 3.989175 0.299642 -0.565446 0.768431 0.859014 0.139964 -0.492448 0 0 0 0 0 0
-19.807472 -0.384021 3.987451 0.302067 -0.889092 0.343906 0.865727 0.370634 -0.336373 0 0 0 0 0 0
-19.483078 -0.150455 4.164366 0.309055 -0.931097 -0.193761 0.873696 0.482775 -0.059859 0 0 0 0 0 0
-19.156327 -0.069548 4.435819 0.318753 -0.664049 -0.676340 0.877082 0.430151 0.213767 0 0 0 0 0 0
-18.827080 -0.154591 4.690824 0.328341 -0.156983 -0.931423 0.874378 0.254631 0.413069 0 0 0 0 0 0
-18.495374 -0.353051 4.848305 0.333986 0.418528 -0.844564 0.865299 0.002613 0.501249 0 0 0 0 0 0
-18.312273 0.135924 6.032209 0.332891 -0.838099 0.432172 0.164405 -0.628453 0.760275 0 0 0 0 0 0
-17.847527 -0.477239 7.855500 0.325501 -0.934690 -0.142838 0.841301 0.491637 -0.224735 0 0 0 0 0 0
-17.518562 -0.328600 8.065576 0.315018 -0.686873 -0.654958 0.836650 0.538598 0.099643 0 0 0 0 0 0
-17.078603 -0.245010 8.236408 0.280678 -0.257646 -0.924575 0.884417 0.377770 0.274036 0 0 0 0 0 0
-16.758438 -0.191267 8.374592 0.310467 0.059696 -0.948708 0.907609 -0.129146 0.399458 0 0 0 0 0 0
-16.479810 -0.592584 8.654018 0.299704 0.565440 -0.768411 0.859436 -0.134707 0.493176 0 0 0 0 0 0
-16.152345 -0.910817 8.656290 0.302068 0.889091 -0.343906 0.865772 -0.370546 0.336354 0 0 0 0 0 0
-15.828000 -1.144410 8.479341 0.308994 0.931117 0.193765 0.873680 -0.482802 0.059879 0 0 0 0 0 0
-15.501494 -1.225283 8.207867 0.318816 0.664033 0.676325 0.877053 -0.430175 -0.213841 0 0 0 0 0 0
-15.171957 -1.140295 7.952896 0.328342 0.156978 0.931423 0.874421 -0.254628 -0.412980 0 0 0 0 0 0
-14.840295 -0.941808 7.795383 0.333921 -0.418538 0.844585 0.865276 -0.002641 -0.501288 0 0 0 0 0 0
-14.507731 -0.700460 7.764311 0.332892 -0.838098 0.432174 0.852448 0.275656 -0.444237 0 0 0 0 0 0
-14.175953 -0.475204 7.859897 0.325449 -0.934708 -0.142840 0.841358 0.491531 -0.224754 0 0 0 0 0 0
-13.847039 -0.326563 8.070007 0.314966 -0.686882 -0.654973 0.836650 0.538601 0.099627 0 0 0 0 0 0
-13.408329 -0.232193 8.258028 0.277238 -0.259906 -0.924980 0.878227 0.385988 0.282368 0 0 0 0 0 0
-13.090978 -0.197671 8.376623 0.314408 0.059338 -0.947432 0.912839 -0.154489 0.377966 0 0 0 0 0 0
-12.806449 -0.589152 8.654516 0.299680 0.565444 -0.768417 0.858975 -0.140009 0.492504 0 0 0 0 0 0
-12.559521 0.687262 9.456107 0.302080 -0.889087 0.343905 0.203438 -0.522132 0.828246 0 0 0 0 0 0
-12.140962 -0.148391 11.227612 0.309043 -0.931101 -0.193762 0.873674 0.482814 -0.059860 0 0 0 0 0 0
-11.814302 -0.067503 11.499066 0.318803 -0.664037 -0.676328 0.877079 0.430145 0.213792 0 0 0 0 0 0
-11.484930 -0.152519 11.754070 0.328354 -0.156983 -0.931418 0.874383 0.254632 0.413057 0 0 0 0 0 0
-11.153216 -0.350990 11.911566 0.333947 0.418534 -0.844576 0.865299 0.002647 0.501249 0 0 0 0 0 0
-10.820556 -0.592333 11.942652 0.332885 0.838101 -0.432175 0.852471 -0.275616 0.444216 0 0 0 0 0 0
-10.488944 -0.817612 11.847030 0.325483 0.934698 0.142832 0.841303 -0.491637 0.224730 0 0 0 0 0 0
-10.159971 -0.966258 11.636945 0.314985 0.686879 0.654967 0.836654 -0.538598 -0.099612 0 0 0 0 0 0
-9.720054 -1.049828 11.466120 0.280705 0.257641 0.924568 0.884433 -0.377730 -0.274041 0 0 0 0 0 0
-9.400475 -1.101049 11.331999 0.310454 -0.059698 0.948712 0.908004 0.135175 -0.396555 0 0 0 0 0 0
-9.122116 -0.700228 11.052937 0.299686 -0.565443 0.768416 0.859451 0.134688 -0.493157 0 0 0 0 0 0
-8.794715 -0.381981 11.050671 0.302080 -0.889087 0.343905 0.865754 0.370583 -0.336359 0 0 0 0 0 0
-8.470374 -0.148391 11.227612 0.309043 -0.931101 -0.193762 0.873674 0.482814 -0.059860 0 0 0 0 0 0
-8.143714 -0.067503 11.499066 0.318803 -0.664037 -0.676328 0.877079 0.430145 0.213792 0 0 0 0 0 0
-7.814342 -0.152519 11.754070 0.328354 -0.156983 -0.931418 0.874383 0.254632 0.413057 0 0 0 0 0 0
-7.482628 -0.350990 11.911566 0.333947 0.418534 -0.844576 0.865299 0.002647 0.501249 0 0 0 0 0 0
-7.149968 -0.592333 11.942652 0.332885 0.838101 -0.432175 0.852471 -0.275616 0.444216 0 0 0 0 0 0
-6.818356 -0.817612 11.847030 0.325483 0.934698 0.142832 0.841303 -0.491637 0.224730 0 0 0 0 0 0
-6.489383 -0.966258 11.636945 0.314985 0.686879 0.654967 0.836654 -0.538598 -0.099612 0 0 0 0 0 0
-6.050649 -1.060626 11.448927 0.277245 0.259908 0.924977 0.878242 -0.385973 -0.282341 0 0 0 0 0 0
-5.733291 -1.095134 11.330327 0.314401 -0.059340 0.947434 0.912843 0.154489 -0.377955 0 0 0 0 0 0
-5.448791 -0.703652 11.052437 0.299686 -0.565443 0.768416 0.858972 0.140016 -0.492507 0 0 0 0 0 0
-5.124127 -0.381981 11.050671 0.302080 -0.889087 0.343905 0.865754 0.370583 -0.336359 0 0 0 0 0 0
-4.799785 -0.148391 11.227612 0.309043 -0.931101 -0.193762 0.873674 0.482814 -0.059860 0 0 0 0 0 0
-4.473126 -0.067503 11.499066 0.318803 -0.664037 -0.676328 0.877079 0.430145 0.213792 0 0 0 0 0 0
-4.143754 -0.152519 11.754070 0.328354 -0.156983 -0.931418 0.874383 0.254632 0.413057 0 0 0 0 0 0
-3.801081 -0.349423 11.915616 0.333947 0.418534 -0.844576 0.869895 0.006842 0.493189 0 0 0 0 0 0
-3.465825 -0.594393 11.948764 0.332885 0.838101 -0.432175 0.852458 -0.275617 0.444241 0 0 0 0 0 0
-3.134203 -0.819670 11.853146 0.325482 0.934698 0.142832 0.841308 -0.491627 0.224729 0 0 0 0 0 0
-2.805241 -0.968305 11.643054 0.314987 0.686881 0.654965 0.836654 -0.538594 -0.099631 0 0 0 0 0 0
-2.366510 -1.062672 11.455027 0.277243 0.259903 0.924979 0.878236 -0.385982 -0.282345 0 0 0 0 0 0
-2.049145 -1.097199 11.336426 0.314399 -0.059332 0.947435 0.912843 0.154486 -0.377958 0 0 0 0 0 0
-1.764652 -0.705700 11.058536 0.299685 -0.565438 0.768420 0.858974 0.140022 -0.492501 0 0 0 0 0 0
-1.548451 -1.985777 10.253067 0.302082 0.889090 -0.343899 0.189601 0.521293 -0.832049 0 0 0 0 0 0
-1.132129 -1.146461 8.485454 0.309043 0.931101 0.193762 0.873673 -0.482815 0.059868 0 0 0 0 0 0
-0.805480 -1.227361 8.213987 0.318801 0.664036 0.676330 0.877071 -0.430160 -0.213797 0 0 0 0 0 0
-0.476099 -1.142342 7.958993 0.328355 0.156985 0.931418 0.874392 -0.254619 -0.413047 0 0 0 0 0 0
-0.144384 -0.943869 7.801498 0.333947 -0.418536 0.844575 0.865300 -0.002652 -0.501248 0 0 0 0 0 0
0.188275 -0.702526 7.770411 0.332883 -0.838102 0.432174 0.852469 0.275619 -0.444219 0 0 0 0 0 0
0.519889 -0.477241 7.866033 0.325482 -0.934697 -0.142839 0.841300 0.491634 -0.224745 0 0 0 0 0 0
0.848855 -0.328606 8.076105 0.314989 -0.686880 -0.654964 0.836655 0.538594 0.099627 0 0 0 0 0 0
1.288788 -0.245022 8.246929 0.280701 -0.257645 -0.924568 0.884433 0.377740 0.274028 0 0 0 0 0 0
1.608340 -0.193814 8.381064 0.310456 0.059697 -0.948711 0.907996 -0.135179 0.396573 0 0 0 0 0 0
1.886715 -0.594629 8.660127 0.299684 0.565440 -0.768419 0.859453 -0.134694 0.493150 0 0 0 0 0 0
2.214110 -0.912880 8.662375 0.302081 0.889090 -0.343899 0.865757 -0.370576 0.336361 0 0 0 0 0 0
2.538458 -1.146460 8.485454 0.309044 0.931101 0.193762 0.873674 -0.482814 0.059868 0 0 0 0 0 0
2.865113 -1.227362 8.213988 0.318801 0.664036 0.676330 0.877073 -0.430157 -0.213794 0 0 0 0 0 0
3.194487 -1.142341 7.958992 0.328356 0.156985 0.931417 0.874389 -0.254619 -0.413053 0 0 0 0 0 0
3.526201 -0.943868 7.801497 0.333947 -0.418536 0.844575 0.865298 -0.002651 -0.501251 0 0 0 0 0 0
3.739334 -1.432199 6.618618 0.332885 0.838101 -0.432175 0.173582 0.627721 -0.758838 0 0 0 0 0 0
4.206973 -0.819670 4.794323 0.325482 0.934698 0.142832 0.841308 -0.491627 0.224729 0 0 0 0 0 0
4.535936 -0.968305 4.584231 0.314987 0.686881 0.654965 0.836654 -0.538594 -0.099631 0 0 0 0 0 0
4.974667 -1.062672 4.396203 0.277243 0.259903 0.924979 0.878236 -0.385982 -0.282345 0 0 0 0 0 0
5.292032 -1.097199 4.277602 0.314399 -0.059332 0.947435 0.912843 0.154486 -0.377958 0 0 0 0 0 0
5.576524 -0.705700 3.999712 0.299685 -0.565438 0.768420 0.858974 0.140022 -0.492501 0 0 0 0 0 0
5.901188 -0.384029 3.997964 0.302080 -0.889090 0.343899 0.865756 0.370574 -0.336366 0 0 0 0 0 0
6.225533 -0.150448 4.174895 0.309043 -0.931101 -0.193762 0.873675 0.482815 -0.059847 0 0 0 0 0 0
6.552192 -0.069556 4.446356 0.318802 -0.664034 -0.676331 0.877077 0.430154 0.213784 0 0 0 0 0 0
6.881563 -0.154571 4.701357 0.328354 -0.156982 -0.931418 0.874384 0.254628 0.413059 0 0 0 0 0 0
7.213292 -0.353040 4.858840 0.333947 0.418534 -0.844576 0.865311 0.002643 0.501229 0 0 0 0 0 0
7.545940 -0.594393 4.889940 0.332885 0.838101 -0.432175 0.852458 -0.275617 0.444241 0 0 0 0 0 0
7.877562 -0.819670 4.794323 0.325482 0.934698 0.142832 0.841308 -0.491627 0.224729 0 0 0 0 0 0
8.206524 -0.968305 4.584231 0.314987 0.686881 0.654965 0.836654 -0.538594 -0.099631 0 0 0 0 0 0
8.646457 -1.051891 4.413410 0.280698 0.257646 0.924569 0.884432 -0.377741 -0.274027 0 0 0 0 0 0
8.967002 -1.101113 4.283714 0.310454 -0.059698 0.948712 0.909292 0.140249 -0.391815 0 0 0 0 0 0
9.245296 -0.700228 4.004645 0.299686 -0.565443 0.768416 0.859451 0.134688 -0.493157 0 0 0 0 0 0
9.464231 -1.983726 3.198661 0.302081 0.889090 -0.343899 0.189599 0.521295 -0.832048 0 0 0 0 0 0
9.880552 -1.144413 1.431050 0.309043 0.931101 0.193762 0.873672 -0.482817 0.059869 0 0 0 0 0 0
10.207207 -1.225300 1.159588 0.318803 0.664035 0.676330 0.877078 -0.430147 -0.213794 0 0 0 0 0 0
10.536580 -1.140281 0.904587 0.328354 0.156977 0.931419 0.874383 -0.254636 -0.413054 0 0 0 0 0 0
10.868309 -0.941821 0.747096 0.333947 -0.418534 0.844576 0.865307 -0.002645 -0.501235 0 0 0 0 0 0
11.200956 -0.700467 0.716005 0.332885 -0.838100 0.432175 0.852463 0.275625 -0.444227 0 0 0 0 0 0
11.532578 -0.475189 0.811624 0.325481 -0.934698 -0.142835 0.841307 0.491627 -0.224736 0 0 0 0 0 0
11.861541 -0.326552 1.021712 0.314986 -0.686879 -0.654967 0.836652 0.538599 0.099624 0 0 0 0 0 0
12.300273 -0.232183 1.209730 0.277244 -0.259905 -0.924979 0.878238 0.385979 0.282343 0 0 0 0 0 0
12.617634 -0.197665 1.328332 0.314400 0.059338 -0.947434 0.912843 -0.154486 0.377957 0 0 0 0 0 0
12.902130 -0.589155 1.606222 0.299685 0.565442 -0.768417 0.858972 -0.140017 0.492506 0 0 0 0 0 0
13.226793 -0.910824 1.607972 0.302081 0.889090 -0.343899 0.865757 -0.370580 0.336357 0 0 0 0 0 0
13.551140 -1.144413 1.431050 0.309043 0.931101 0.193762 0.873672 -0.482817 0.059869 0 0 0 0 0 0
13.877790 -1.225299 1.159589 0.318822 0.664030 0.676326 0.877083 -0.430137 -0.213795 0 0 0 0 0 0
14.207201 -1.140287 0.904578 0.328328 0.156979 0.931428 0.874371 -0.254655 -0.413069 0 0 0 0 0 0
14.538921 -0.941831 0.747110 0.333921 -0.418538 0.844584 0.865337 -0.002669 -0.501184 0 0 0 0 0 0
14.752025 -1.430146 -0.435786 0.332892 0.838099 -0.432172 0.173581 0.627720 -0.758840 0 0 0 0 0 0
15.219675 -0.817612 -2.260083 0.325502 0.934691 0.142833 0.841306 -0.491634 0.224724 0 0 0 0 0 0
15.548636 -0.966264 -2.470174 0.315017 0.686873 0.654958 0.836644 -0.538608 -0.099641 0 0 0 0 0 0
15.988595 -1.049841 -2.641005 0.280678 0.257643 0.924575 0.884421 -0.377760 -0.274038 0 0 0 0 0 0
16.308024 -1.101023 -2.775116 0.310467 -0.059697 0.948708 0.907977 0.135203 -0.396608 0 0 0 0 0 0
16.586545 -0.700250 -3.054181 0.299643 -0.565451 0.768427 0.859493 0.134629 -0.493099 0 0 0 0 0 0
16.913801 -0.381972 -3.056425 0.302068 -0.889091 0.343907 0.865723 0.370637 -0.336380 0 0 0 0 0 0
17.265389 -0.536338 -2.856210 0.325500 -0.934691 -0.142838 0.954514 0.116066 0.274649 0 0 0 0 0 0
17.597673 -0.326546 -2.554959 0.315018 -0.686873 -0.654957 0.836650 0.538599 0.099641 0 0 0 0 0 0
18.036390 -0.232178 -2.366913 0.277243 -0.259904 -0.924979 0.878207 0.386017 0.282387 0 0 0 0 0 0
18.353685 -0.197670 -2.248333 0.314419 0.059337 -0.947428 0.912839 -0.154490 0.377966 0 0 0 0 0 0
18.638324 -0.589134 -1.970438 0.299642 0.565448 -0.768429 0.859013 -0.139961 0.492451 0 0 0 0 0 0
18.962816 -0.910831 -1.968711 0.302129 0.889075 -0.343895 0.865743 -0.370617 0.336351 0 0 0 0 0 0
19.287308 -1.144425 -2.145603 0.309055 0.931098 0.193758 0.873674 -0.482815 0.059864 0 0 0 0 0 0
19.613957 -1.225303 -2.417074 0.318815 0.664031 0.676328 0.877096 -0.430121 -0.213772 0 0 0 0 0 0
19.943307 -1.140280 -2.672089 0.328343 0.156979 0.931423 0.874359 -0.254652 -0.413096 0 0 0 0 0 0
20.649253 -0.318093 -2.714038 -0.971011 0.000000 0.239033 -0.653416 0.653108 -0.382751 0 0 0 0 0 0
17.382706 -0.000000 -2.650682 0.000000 1.000000 0.000000 0.000000 0.000000 1.000000 0 0 0 0 0 0
17.879294 0.000000 -2.333894 0.000000 1.000000 0.000000 0.000000 0.000000 1.000000 0 0 0 0 0 0
20.243851 0.198638 -1.337999 -0.987923 -0.000000 0.154946 0.207712 -0.862083 -0.462243 0 0 0 0 0 0
20.225555 -0.997706 -2.196878 -0.328343 -0.156979 -0.931423 -0.830325 0.128048 0.542370 0 0 0 0 0 0
19.669970 -0.834013 -2.032999 -0.318815 -0.664031 -0.676328 -0.836234 0.111484 0.536922 0 0 0 0 0 0
19.343135 -0.558223 -2.031156 -0.309055 -0.931098 -0.193758 -0.839707 0.400831 0.366368 0 0 0 0 0 0
19.018440 -0.323381 -2.199173 -0.302129 -0.889075 0.343895 -0.848898 0.525578 0.056038 0 0 0 0 0 0
18.694502 -0.234630 -2.480591 -0.299642 -0.565448 0.768429 -0.860359 0.440193 -0.256930 0 0 0 0 0 0
18.327148 -0.356221 -2.603738 -0.314419 -0.059337 0.947428 -0.929873 0.154536 -0.333849 0 0 0 0 0 0
17.864081 -0.178080 -2.802630 -0.277243 0.259904 0.924979 -0.906762 0.018126 -0.421253 0 0 0 0 0 0
17.809603 -0.432081 -3.694499 -0.318816 -0.664033 -0.676325 -0.166064 -0.601172 -0.781675 0 0 0 0 0 0
17.290271 -0.558197 -5.552978 -0.309055 -0.931097 -0.193761 -0.839628 0.400954 0.366415 0 0 0 0 0 0
16.947071 -0.318095 -5.689264 -0.302129 -0.889076 0.343894 -0.845542 0.521825 0.112951 0 0 0 0 0 0
16.628946 -0.234631 -5.962742 -0.299643 -0.565451 0.768427 -0.860361 0.440193 -0.256922 0 0 0 0 0 0
16.261955 -0.352887 -6.105545 -0.310402 -0.059697 0.948729 -0.923945 0.161499 -0.346762 0 0 0 0 0 0
15.798820 -0.182187 -6.285694 -0.280678 0.257647 0.924574 -0.915523 0.001203 -0.402264 0 0 0 0 0 0
15.622289 -0.643775 -6.418959 -0.315017 0.686870 0.654961 -0.888317 -0.296688 -0.350526 0 0 0 0 0 0
15.257422 -0.967657 -6.331491 -0.325500 0.934691 0.142838 -0.875678 -0.415458 -0.246134 0 0 0 0 0 0
14.926696 -1.120260 -6.129948 -0.332892 0.838098 -0.432174 -0.865775 -0.500381 0.007221 0 0 0 0 0 0
14.594665 -1.147257 -5.887638 -0.333921 0.418538 -0.844585 -0.852264 -0.438281 0.285579 0 0 0 0 0 0
14.263145 -1.047879 -5.662155 -0.328329 -0.156979 -0.931428 -0.840896 -0.213519 0.497297 0 0 0 0 0 0
13.933849 -0.834012 -5.515163 -0.318822 -0.664032 -0.676324 -0.836242 0.111478 0.536910 0 0 0 0 0 0
13.606980 -0.558224 -5.513305 -0.309043 -0.931101 -0.193762 -0.839701 0.400842 0.366372 0 0 0 0 0 0
13.282250 -0.323386 -5.681324 -0.302081 -0.889090 0.343899 -0.848918 0.525543 0.056059 0 0 0 0 0 0
12.958493 -0.234654 -5.962761 -0.299686 -0.565443 0.768416 -0.860328 0.440216 -0.256993 0 0 0 0 0 0
12.590993 -0.356207 -6.085895 -0.314401 -0.059338 0.947434 -0.929872 0.154555 -0.333842 0 0 0 0 0 0
12.128032 -0.178088 -6.284783 -0.277243 0.259904 0.924979 -0.906749 0.018123 -0.421282 0 0 0 0 0 0
12.089496 -0.139895 -7.273488 -0.314985 -0.686879 -0.654967 -0.161180 -0.544948 -0.822832 0 0 0 0 0 0
11.603330 -0.325159 -9.234634 -0.325483 -0.934698 -0.142832 -0.875681 0.415457 0.246126 0 0 0 0 0 0
11.272599 -0.172547 -9.436157 -0.332879 -0.838103 0.432176 -0.865769 0.500393 -0.007213 0 0 0 0 0 0
10.940592 -0.145553 -9.678474 -0.333945 -0.418531 0.844578 -0.852268 0.438265 -0.285592 0 0 0 0 0 0
10.609068 -0.244936 -9.903965 -0.328348 0.156983 0.931420 -0.840865 0.213517 -0.497350 0 0 0 0 0 0
10.279688 -0.458769 -10.050947 -0.318803 0.664037 0.676328 -0.836281 -0.111433 -0.536858 0 0 0 0 0 0
9.952899 -0.734585 -10.052790 -0.309037 0.931103 0.193762 -0.839682 -0.400870 -0.366384 0 0 0 0 0 0
9.628174 -0.969414 -9.884774 -0.302086 0.889086 -0.343905 -0.848913 -0.525551 -0.056067 0 0 0 0 0 0
9.304387 -1.058155 -9.603352 -0.299686 0.565443 -0.768416 -0.860332 -0.440209 0.256992 0 0 0 0 0 0
8.937287 -0.939930 -9.460554 -0.310454 0.059698 -0.948712 -0.923946 -0.161487 0.346764 0 0 0 0 0 0
8.472128 -1.112550 -9.284292 -0.280698 -0.257646 -0.924569 -0.917196 -0.003133 0.398424 0 0 0 0 0 0
8.296621 -0.651104 -9.151569 -0.314987 -0.686881 -0.654965 -0.888356 0.296612 0.350494 0 0 0 0 0 0
7.931821 -0.327213 -9.239051 -0.325482 -0.934698 -0.142832 -0.875677 0.415457 0.246142 0 0 0 0 0 0
7.601095 -0.174602 -9.440576 -0.332885 -0.838101 0.432175 -0.865770 0.500389 -0.007215 0 0 0 0 0 0
7.269078 -0.147603 -9.682893 -0.333947 -0.418534 0.844576 -0.852268 0.438262 -0.285597 0 0 0 0 0 0
6.937563 -0.246990 -9.908384 -0.328354 0.156982 0.931418 -0.840867 0.213514 -0.497347 0 0 0 0 0 0
6.608174 -0.460824 -10.055383 -0.318802 0.664034 0.676331 -0.836274 -0.111431 -0.536869 0 0 0 0 0 0
6.281398 -0.736639 -10.057205 -0.309043 0.931101 0.193762 -0.839690 -0.400869 -0.366367 0 0 0 0 0 0
5.956643 -0.971478 -9.889209 -0.302080 0.889090 -0.343899 -0.848913 -0.525549 -0.056080 0 0 0 0 0 0
5.632892 -1.060198 -9.607765 -0.299685 0.565438 -0.768420 -0.860328 -0.440213 0.256999 0 0 0 0 0 0
5.265387 -0.938650 -9.484631 -0.314399 0.059332 -0.947435 -0.929870 -0.154561 0.333844 0 0 0 0 0 0
4.802424 -1.116774 -9.285754 -0.277243 -0.259903 -0.924979 -0.906754 -0.018115 0.421271 0 0 0 0 0 0
4.628085 -0.649743 -9.152261 -0.314987 -0.686881 -0.654965 -0.888902 0.294259 0.351090 0 0 0 0 0 0
4.261232 -0.327213 -9.239051 -0.325482 -0.934698 -0.142832 -0.875677 0.415457 0.246142 0 0 0 0 0 0
3.930507 -0.174602 -9.440576 -0.332885 -0.838101 0.432175 -0.865770 0.500389 -0.007215 0 0 0 0 0 0
3.598489 -0.147603 -9.682893 -0.333947 -0.418534 0.844576 -0.852268 0.438262 -0.285597 0 0 0 0 0 0
3.266975 -0.246990 -9.908384 -0.328354 0.156982 0.931418 -0.840867 0.213514 -0.497347 0 0 0 0 0 0
2.937585 -0.460824 -10.055383 -0.318802 0.664034 0.676331 -0.836274 -0.111431 -0.536869 0 0 0 0 0 0
2.610809 -0.736639 -10.057205 -0.309043 0.931101 0.193762 -0.839690 -0.400869 -0.366367 0 0 0 0 0 0
2.286055 -0.971478 -9.889209 -0.302080 0.889090 -0.343899 -0.848913 -0.525549 -0.056080 0 0 0 0 0 0
1.962304 -1.060198 -9.607765 -0.299685 0.565438 -0.768420 -0.860328 -0.440213 0.256999 0 0 0 0 0 0
1.595192 -0.941979 -9.464989 -0.310455 0.059691 -0.948712 -0.923948 -0.161493 0.346757 0 0 0 0 0 0
1.132042 -1.112678 -9.284814 -0.280699 -0.257646 -0.924568 -0.915507 -0.001198 0.402299 0 0 0 0 0 0
1.061767 -1.154586 -8.297392 -0.314989 0.686880 0.654964 -0.169578 0.543975 0.821787 0 0 0 0 0 0
0.574146 -0.969695 -6.335906 -0.325482 0.934697 0.142839 -0.875681 -0.415457 -0.246126 0 0 0 0 0 0
0.243432 -1.122316 -6.134362 -0.332883 0.838102 -0.432174 -0.865766 -0.500396 0.007220 0 0 0 0 0 0
-0.088596 -1.149313 -5.892058 -0.333947 0.418536 -0.844575 -0.852274 -0.438259 0.285583 0 0 0 0 0 0
-0.420103 -1.049918 -5.666569 -0.328355 -0.156985 -0.931418 -0.840863 -0.213516 0.497353 0 0 0 0 0 0
-0.749496 -0.836093 -5.519573 -0.318801 -0.664036 -0.676330 -0.836276 0.111432 0.536866 0 0 0 0 0 0
-1.076271 -0.560270 -5.517736 -0.309043 -0.931101 -0.193762 -0.839684 0.400867 0.366384 0 0 0 0 0 0
-1.401018 -0.325439 -5.685744 -0.302082 -0.889090 0.343899 -0.848916 0.525547 0.056058 0 0 0 0 0 0
-1.724776 -0.236706 -5.967190 -0.299684 -0.565440 0.768419 -0.860326 0.440218 -0.256996 0 0 0 0 0 0
-2.092278 -0.358259 -6.090325 -0.314399 -0.059337 0.947435 -0.929873 0.154550 -0.333843 0 0 0 0 0 0
-2.555240 -0.180144 -6.289203 -0.277243 0.259904 0.924979 -0.906754 0.018119 -0.421271 0 0 0 0 0 0
-2.729581 -0.647167 -6.422695 -0.314987 0.686880 0.654965 -0.888902 -0.294261 -0.351089 0 0 0 0 0 0
-3.096434 -0.969695 -6.335905 -0.325482 0.934697 0.142839 -0.875680 -0.415460 -0.246126 0 0 0 0 0 0
-3.427155 -1.122316 -6.134363 -0.332884 0.838101 -0.432173 -0.865769 -0.500391 0.007219 0 0 0 0 0 0
-3.759191 -1.149314 -5.892059 -0.333947 0.418536 -0.844575 -0.852277 -0.438257 0.285579 0 0 0 0 0 0
-4.102858 -1.050029 -5.674748 -0.328354 -0.156977 -0.931419 -0.850400 -0.207831 0.483350 0 0 0 0 0 0
-4.244549 -0.833013 -4.872247 -0.318803 0.664037 0.676328 -0.141497 0.623315 0.769062 0 0 0 0 0 0
-4.743923 -0.734584 -3.004498 -0.309043 0.931101 0.193762 -0.839685 -0.400869 -0.366379 0 0 0 0 0 0
-5.068672 -0.969415 -2.836486 -0.302080 0.889087 -0.343905 -0.848916 -0.525545 -0.056073 0 0 0 0 0 0
-5.392430 -1.058153 -2.555058 -0.299686 0.565443 -0.768416 -0.860327 -0.440215 0.256999 0 0 0 0 0 0
-5.759930 -0.936600 -2.431917 -0.314401 0.059340 -0.947434 -0.929873 -0.154552 0.333843 0 0 0 0 0 0
-6.222891 -1.114712 -2.233039 -0.277245 -0.259907 -0.924978 -0.906752 -0.018125 0.421275 0 0 0 0 0 0
-6.397234 -0.647694 -2.099539 -0.314985 -0.686880 -0.654966 -0.888900 0.294265 0.351091 0 0 0 0 0 0
-6.764095 -0.325162 -2.186340 -0.325483 -0.934698 -0.142832 -0.875687 0.415445 0.246127 0 0 0 0 0 0
-7.094813 -0.172546 -2.387867 -0.332885 -0.838101 0.432174 -0.865764 0.500401 -0.007221 0 0 0 0 0 0
-7.426843 -0.145551 -2.630170 -0.333948 -0.418535 0.844575 -0.852277 0.438256 -0.285580 0 0 0 0 0 0
-7.758343 -0.244938 -2.855675 -0.328354 0.156983 0.931418 -0.840855 0.213520 -0.497365 0 0 0 0 0 0
-8.087732 -0.458770 -3.002658 -0.318803 0.664037 0.676328 -0.836279 -0.111433 -0.536862 0 0 0 0 0 0
-8.414511 -0.734584 -3.004498 -0.309043 0.931101 0.193762 -0.839685 -0.400869 -0.366379 0 0 0 0 0 0
-8.739261 -0.969415 -2.836486 -0.302080 0.889087 -0.343905 -0.848916 -0.525545 -0.056073 0 0 0 0 0 0
-9.063018 -1.058153 -2.555058 -0.299686 0.565443 -0.768416 -0.860327 -0.440215 0.256999 0 0 0 0 0 0
-9.430124 -0.939930 -2.412262 -0.310454 0.059698 -0.948712 -0.923946 -0.161487 0.346764 0 0 0 0 0 0
-9.893272 -1.110617 -2.232100 -0.280705 -0.257641 -0.924568 -0.915514 -0.001182 0.402285 0 0 0 0 0 0
-9.963555 -1.152529 -1.244682 -0.314992 0.686877 0.654965 -0.169578 0.543974 0.821788 0 0 0 0 0 0
-10.451182 -0.967648 0.716811 -0.325481 0.934698 0.142835 -0.875682 -0.415451 -0.246132 0 0 0 0 0 0
-10.781888 -1.120256 0.918349 -0.332885 0.838100 -0.432175 -0.865766 -0.500397 0.007224 0 0 0 0 0 0
-11.113921 -1.147254 1.160649 -0.333947 0.418534 -0.844576 -0.852276 -0.438258 0.285580 0 0 0 0 0 0
-11.445422 -1.047872 1.386155 -0.328354 -0.156977 -0.931419 -0.840856 -0.213517 0.497365 0 0 0 0 0 0
-11.774821 -0.834034 1.533137 -0.318803 -0.664035 -0.676330 -0.836287 0.111428 0.536849 0 0 0 0 0 0
-12.101589 -0.558215 1.534974 -0.309043 -0.931101 -0.193762 -0.839677 0.400878 0.366388 0 0 0 0 0 0
-12.426336 -0.323387 1.366966 -0.302086 -0.889086 0.343904 -0.848917 0.525544 0.056071 0 0 0 0 0 0
-12.750117 -0.234650 1.085536 -0.299679 -0.565443 0.768418 -0.860331 0.440210 -0.256994 0 0 0 0 0 0
-13.117587 -0.356210 0.962392 -0.314407 -0.059337 0.947432 -0.929869 0.154550 -0.333853 0 0 0 0 0 0
-13.580580 -0.178086 0.763514 -0.277238 0.259905 0.924980 -0.906757 0.018125 -0.421263 0 0 0 0 0 0
-13.754899 -0.645116 0.630017 -0.314967 0.686883 0.654971 -0.888893 -0.294274 -0.351101 0 0 0 0 0 0
-14.121748 -0.967644 0.716816 -0.325449 0.934709 0.142836 -0.875683 -0.415444 -0.246140 0 0 0 0 0 0
-14.452482 -1.120237 0.918339 -0.332892 0.838098 -0.432174 -0.865807 -0.500327 0.007212 0 0 0 0 0 0
-14.784582 -1.147258 1.160653 -0.333921 0.418538 -0.844584 -0.852265 -0.438279 0.285580 0 0 0 0 0 0
-15.115976 -1.047856 1.386159 -0.328341 -0.156978 -0.931424 -0.840824 -0.213524 0.497416 0 0 0 0 0 0
-15.256299 -0.833014 2.186574 -0.318816 0.664034 0.676325 -0.141510 0.623313 0.769061 0 0 0 0 0 0
-15.755757 -0.734585 4.054316 -0.308994 0.931117 0.193765 -0.839683 -0.400849 -0.366405 0 0 0 0 0 0
-16.080369 -0.969403 4.222354 -0.302068 0.889091 -0.343907 -0.848901 -0.525570 -0.056063 0 0 0 0 0 0
-16.404147 -1.058146 4.503766 -0.299704 0.565440 -0.768411 -0.860330 -0.440205 0.257005 0 0 0 0 0 0
-16.771279 -0.939932 4.646569 -0.310467 0.059697 -0.948708 -0.923939 -0.161487 0.346784 0 0 0 0 0 0
-17.236509 -1.112578 4.822819 -0.280678 -0.257647 -0.924574 -0.917227 -0.003167 0.398352 0 0 0 0 0 0
-17.412020 -0.651109 4.955557 -0.314954 -0.686885 -0.654976 -0.888365 0.296588 0.350489 0 0 0 0 0 0
-17.776676 -0.327197 4.868039 -0.325501 -0.934692 -0.142831 -0.875637 0.415544 0.246135 0 0 0 0 0 0
-18.107472 -0.174596 4.666543 -0.332892 -0.838099 0.432173 -0.865772 0.500387 -0.007213 0 0 0 0 0 0
-18.439477 -0.147603 4.424228 -0.333986 -0.418528 0.844564 -0.852285 0.438232 -0.285592 0 0 0 0 0 0
-18.771100 -0.246974 4.198724 -0.328341 0.156983 0.931423 -0.840876 0.213529 -0.497325 0 0 0 0 0 0
-19.100479 -0.460817 4.051749 -0.318753 0.664049 0.676340 -0.836287 -0.111398 -0.536856 0 0 0 0 0 0
-19.427107 -0.736641 4.049932 -0.309055 0.931097 0.193761 -0.839657 -0.400924 -0.366383 0 0 0 0 0 0
-19.752011 -0.971473 4.217901 -0.302067 0.889092 -0.343906 -0.848950 -0.525488 -0.056097 0 0 0 0 0 0
-20.075741 -1.060197 4.499354 -0.299642 0.565446 -0.768431 -0.860312 -0.440242 0.257001 0 0 0 0 0 0
-20.443159 -0.938634 4.622475 -0.314419 0.059332 -0.947428 -0.929871 -0.154544 0.333850 0 0 0 0 0 0
-20.906227 -1.116784 4.821368 -0.277243 -0.259903 -0.924979 -0.906762 -0.018125 0.421253 0 0 0 0 0 0
-20.975205 -1.155358 5.809920 -0.315018 0.686873 0.654958 -0.169876 0.544157 0.821605 0 0 0 0 0 0
-21.463851 -0.969700 7.771201 -0.325501 0.934690 0.142838 -0.875680 -0.415460 -0.246124 0 0 0 0 0 0
-21.794574 -1.122321 7.972748 -0.332891 0.838099 -0.432172 -0.865771 -0.500388 0.007217 0 0 0 0 0 0
-22.126585 -1.149314 8.215053 -0.333986 0.418530 -0.844563 -0.852287 -0.438234 0.285584 0 0 0 0 0 0
-22.458203 -1.049936 8.440564 -0.328341 -0.156985 -0.931422 -0.840873 -0.213532 0.497330 0 0 0 0 0 0
-22.787443 -0.836069 8.587541 -0.318814 -0.664033 -0.676327 -0.836234 0.111484 0.536920 0 0 0 0 0 0
-23.114277 -0.560277 8.589387 -0.309056 -0.931097 -0.193761 -0.839709 0.400833 0.366363 0 0 0 0 0 0
-23.425521 -0.324292 8.409926 -0.302068 -0.889091 0.343906 -0.844094 0.534935 0.036749 0 0 0 0 0 0
-23.750405 -0.234659 8.127236 -0.299704 -0.565440 0.768411 -0.860332 0.440201 -0.257006 0 0 0 0 0 0
-24.118063 -0.356182 8.004112 -0.314355 -0.059339 0.947449 -0.929899 0.154578 -0.333756 0 0 0 0 0 0
-24.580850 -0.178128 7.805228 -0.277245 0.259906 0.924978 -0.906712 0.018082 -0.421362 0 0 0 0 0 0
-24.755244 -0.645102 7.671716 -0.315017 0.686870 0.654961 -0.888917 -0.294240 -0.351069 0 0 0 0 0 0
-25.122153 -0.967654 7.758512 -0.325501 0.934692 0.142831 -0.875680 -0.415458 -0.246129 0 0 0 0 0 0
-25.452883 -1.120260 7.960040 -0.332892 0.838098 -0.432174 -0.865774 -0.500383 0.007215 0 0 0 0 0 0
-25.784911 -1.147257 8.202352 -0.333921 0.418538 -0.844585 -0.852264 -0.438281 0.285579 0 0 0 0 0 0
-26.116285 -1.047857 8.427850 -0.328406 -0.156974 -0.931402 -0.840848 -0.213483 0.497393 0 0 0 0 0 0
-26.836678 -0.918564 8.448980 0.957916 0.023254 -0.286105 0.645169 0.670208 0.366850 0 0 0 0 0 0
-22.500824 -0.533413 7.622000 0.000000 1.000000 0.000000 0.000000 0.000000 1.000000 0 0 0 0 0 0
-22.934941 -0.533413 7.160988 0.000000 1.000000 0.000000 0.000000 0.000000 1.000000 0 0 0 0 0 0
-26.353735 -0.571638 7.119001 0.972747 0.023014 -0.230724 -0.137724 -0.713409 0.687081 0 0 0 0 0 0
-26.408120 -1.106364 7.959363 0.328406 0.156974 0.931402 0.852012 0.046369 -0.521464 0 0 0 0 0 0
-25.840560 -0.941840 7.778248 0.333921 -0.418538 0.844585 0.865321 -0.002681 -0.501211 0 0 0 0 0 0
-25.508060 -0.700460 7.747186 0.332892 -0.838098 0.432174 0.852448 0.275656 -0.444237 0 0 0 0 0 0
-25.176419 -0.475187 7.842794 0.325501 -0.934692 -0.142831 0.841305 0.491636 -0.224720 0 0 0 0 0 0
-24.847459 -0.326547 8.052889 0.315017 -0.686870 -0.654961 0.836647 0.538605 0.099636 0 0 0 0 0 0
-24.408619 -0.232161 8.240879 0.277245 -0.259906 -0.924978 0.878272 0.385951 0.282277 0 0 0 0 0 0
-24.091282 -0.197670 8.359507 0.314355 0.059339 -0.947449 0.912832 -0.154507 0.377976 0 0 0 0 0 0
-23.806891 -0.589158 8.637370 0.299704 0.565440 -0.768411 0.858981 -0.140024 0.492489 0 0 0 0 0 0
-23.559931 0.687266 9.438991 0.302129 -0.889073 0.343900 0.203432 -0.522125 0.828252 0 0 0 0 0 0
-23.154312 -0.151287 11.222194 0.309055 -0.931097 -0.193761 0.870511 0.490727 -0.037394 0 0 0 0 0 0
-22.826915 -0.069548 11.494642 0.318753 -0.664049 -0.676340 0.877082 0.430151 0.213767 0 0 0 0 0 0
-22.497669 -0.154591 11.749647 0.328341 -0.156983 -0.931423 0.874378 0.254631 0.413069 0 0 0 0 0 0
-22.165962 -0.353051 11.907129 0.333986 0.418528 -0.844564 0.865299 0.002613 0.501249 0 0 0 0 0 0
-21.833171 -0.594380 11.938248 0.332892 0.838099 -0.432173 0.852488 -0.275573 0.444211 0 0 0 0 0 0
-21.501596 -0.819672 11.842613 0.325501 0.934692 0.142831 0.841305 -0.491637 0.224720 0 0 0 0 0 0
-21.172616 -0.968317 11.632514 0.314954 0.686885 0.654976 0.836621 -0.538647 -0.099619 0 0 0 0 0 0
-20.733997 -1.062660 11.444497 0.277243 0.259903 0.924979 0.878230 -0.385978 -0.282371 0 0 0 0 0 0
-20.416618 -1.097195 11.325894 0.314419 -0.059332 0.947428 0.912838 0.154488 -0.377968 0 0 0 0 0 0
-20.131984 -0.705722 11.047999 0.299642 -0.565446 0.768431 0.859014 0.139964 -0.492448 0 0 0 0 0 0
-19.807472 -0.384021 11.046275 0.302067 -0.889092 0.343906 0.865727 0.370634 -0.336373 0 0 0 0 0 0
-19.483078 -0.150455 11.223190 0.309055 -0.931097 -0.193761 0.873696 0.482775 -0.059859 0 0 0 0 0 0
-19.156327 -0.069548 11.494642 0.318753 -0.664049 -0.676340 0.877082 0.430151 0.213767 0 0 0 0 0 0
-18.827080 -0.154591 11.749647 0.328341 -0.156983 -0.931423 0.874378 0.254631 0.413069 0 0 0 0 0 0
-18.495374 -0.353051 11.907129 0.333986 0.418528 -0.844564 0.865299 0.002613 0.501249 0 0 0 0 0 0
-18.162583 -0.594380 11.938248 0.332892 0.838099 -0.432173 0.852488 -0.275573 0.444211 0 0 0 0 0 0
-17.831008 -0.819672 11.842613 0.325501 0.934692 0.142831 0.841305 -0.491637 0.224720 0 0 0 0 0 0
-17.502028 -0.968317 11.632514 0.314954 0.686885 0.654976 0.836621 -0.538647 -0.099619 0 0 0 0 0 0
-17.062166 -1.051883 11.461712 0.280678 0.257647 0.924574 0.884438 -0.377733 -0.274020 0 0 0 0 0 0
-16.741604 -1.101114 11.332019 0.310467 -0.059697 0.948708 0.909305 0.140233 -0.391790 0 0 0 0 0 0
-16.463292 -0.700222 11.052932 0.299704 -0.565440 0.768411 0.859436 0.134706 -0.493177 0 0 0 0 0 0
-16.135827 -0.381988 11.050661 0.302068 -0.889091 0.343907 0.865772 0.370547 -0.336352 0 0 0 0 0 0
-15.811483 -0.148393 11.227609 0.308994 -0.931117 -0.193765 0.873679 0.482803 -0.059879 0 0 0 0 0 0
-15.484976 -0.067521 11.499083 0.318816 -0.664034 -0.676325 0.877053 0.430175 0.213841 0 0 0 0 0 0
-15.155439 -0.152505 11.754055 0.328341 -0.156984 -0.931423 0.874422 0.254622 0.412982 0 0 0 0 0 0
-14.823779 -0.351001 11.911569 0.333921 0.418538 -0.844584 0.865276 0.002645 0.501288 0 0 0 0 0 0
-14.491213 -0.592344 11.942640 0.332892 0.838099 -0.432173 0.852448 -0.275656 0.444237 0 0 0 0 0 0
-14.159572 -0.817612 11.847032 0.325502 0.934691 0.142831 0.841307 -0.491634 0.224719 0 0 0 0 0 0
-13.830611 -0.966264 11.636939 0.315016 0.686872 0.654960 0.836642 -0.538612 -0.099635 0 0 0 0 0 0
-13.391797 -1.060644 11.448937 0.277245 0.259908 0.924977 0.878261 -0.385960 -0.282298 0 0 0 0 0 0
-13.074467 -1.095134 11.330327 0.314401 -0.059340 0.947434 0.912843 0.154489 -0.377955 0 0 0 0 0 0
-12.789967 -0.703652 11.052437 0.299686 -0.565443 0.768416 0.858972 0.140016 -0.492507 0 0 0 0 0 0
-12.573783 -1.983728 10.246965 0.302086 0.889086 -0.343904 0.189596 0.521291 -0.832051 0 0 0 0 0 0
-12.157445 -1.144413 8.479342 0.309043 0.931101 0.193762 0.873680 -0.482805 0.059862 0 0 0 0 0 0
-11.830804 -1.225301 8.207881 0.318804 0.664036 0.676328 0.877073 -0.430155 -0.213800 0 0 0 0 0 0
-11.501422 -1.140282 7.952884 0.328354 0.156977 0.931419 0.874389 -0.254635 -0.413043 0 0 0 0 0 0
-11.169704 -0.941819 7.795385 0.333947 -0.418533 0.844576 0.865299 -0.002643 -0.501249 0 0 0 0 0 0
-10.837046 -0.700471 7.764299 0.332885 -0.838100 0.432175 0.852472 0.275616 -0.444216 0 0 0 0 0 0
-10.505434 -0.475186 7.859921 0.325481 -0.934697 -0.142839 0.841296 0.491640 -0.224746 0 0 0 0 0 0
-10.176475 -0.326553 8.070004 0.314992 -0.686876 -0.654967 0.836654 0.538594 0.099631 0 0 0 0 0 0
-9.736530 -0.242964 8.240817 0.280700 -0.257647 -0.924568 0.884435 0.377737 0.274025 0 0 0 0 0 0
-9.416991 -0.191761 8.374951 0.310461 0.059696 -0.948710 0.907996 -0.135179 0.396573 0 0 0 0 0 0
-9.138598 -0.592575 8.654016 0.299680 0.565444 -0.768417 0.859454 -0.134682 0.493153 0 0 0 0 0 0
-8.811227 -0.910825 8.656276 0.302086 0.889086 -0.343904 0.865751 -0.370590 0.336360 0 0 0 0 0 0
-8.486857 -1.144413 8.479342 0.309043 0.931101 0.193762 0.873680 -0.482805 0.059862 0 0 0 0 0 0
-8.160216 -1.225301 8.207881 0.318804 0.664036 0.676328 0.877073 -0.430155 -0.213800 0 0 0 0 0 0
-7.830834 -1.140282 7.952884 0.328354 0.156977 0.931419 0.874389 -0.254635 -0.413043 0 0 0 0 0 0
-7.499115 -0.941819 7.795385 0.333947 -0.418533 0.844576 0.865299 -0.002643 -0.501249 0 0 0 0 0 0
-7.285983 -1.430143 6.612506 0.332885 0.838101 -0.432175 0.173582 0.627720 -0.758839 0 0 0 0 0 0
-6.818356 -0.817612 4.788207 0.325483 0.934698 0.142832 0.841303 -0.491637 0.224730 0 0 0 0 0 0
-6.489383 -0.966258 4.578121 0.314985 0.686879 0.654967 0.836654 -0.538598 -0.099612 0 0 0 0 0 0
-6.050649 -1.060626 4.390104 0.277245 0.259908 0.924977 0.878242 -0.385973 -0.282341 0 0 0 0 0 0
-5.733291 -1.095134 4.271503 0.314401 -0.059340 0.947434 0.912843 0.154489 -0.377955 0 0 0 0 0 0
-5.448791 -0.703652 3.993613 0.299686 -0.565443 0.768416 0.858972 0.140016 -0.492507 0 0 0 0 0 0
-5.124127 -0.381981 3.991848 0.302080 -0.889087 0.343905 0.865754 0.370583 -0.336359 0 0 0 0 0 0
-4.799785 -0.148391 4.168789 0.309043 -0.931101 -0.193762 0.873674 0.482814 -0.059860 0 0 0 0 0 0
-4.473126 -0.067503 4.440243 0.318803 -0.664037 -0.676328 0.877079 0.430145 0.213792 0 0 0 0 0 0
-4.143754 -0.152519 4.695247 0.328354 -0.156983 -0.931418 0.874383 0.254632 0.413057 0 0 0 0 0 0
-3.801081 -0.349423 4.856792 0.333947 0.418534 -0.844576 0.869895 0.006842 0.493189 0 0 0 0 0 0
-3.465825 -0.594393 4.889940 0.332885 0.838101 -0.432175 0.852458 -0.275617 0.444241 0 0 0 0 0 0
-3.134203 -0.819670 4.794323 0.325482 0.934698 0.142832 0.841308 -0.491627 0.224729 0 0 0 0 0 0
-2.805241 -0.968305 4.584231 0.314987 0.686881 0.654965 0.836654 -0.538594 -0.099631 0 0 0 0 0 0
-2.366510 -1.062672 4.396203 0.277243 0.259903 0.924979 0.878236 -0.385982 -0.282345 0 0 0 0 0 0
-2.049145 -1.097199 4.277602 0.314399 -0.059332 0.947435 0.912843 0.154486 -0.377958 0 0 0 0 0 0
-1.764652 -0.705700 3.999712 0.299685 -0.565438 0.768420 0.858974 0.140022 -0.492501 0 0 0 0 0 0
-1.548451 -1.985777 3.194243 0.302082 0.889090 -0.343899 0.189601 0.521293 -0.832049 0 0 0 0 0 0
-1.132129 -1.146461 1.426630 0.309043 0.931101 0.193762 0.873673 -0.482815 0.059868 0 0 0 0 0 0
-0.805479 -1.227362 1.155168 0.318802 0.664037 0.676329 0.877072 -0.430159 -0.213795 0 0 0 0 0 0
-0.476101 -1.142342 0.900165 0.328354 0.156985 0.931418 0.874389 -0.254622 -0.413051 0 0 0 0 0 0
-0.144384 -0.943868 0.742673 0.333946 -0.418536 0.844575 0.865301 -0.002650 -0.501245 0 0 0 0 0 0
0.188275 -0.702525 0.711582 0.332883 -0.838102 0.432174 0.852467 0.275617 -0.444224 0 0 0 0 0 0
0.519889 -0.477241 0.807203 0.325482 -0.934698 -0.142835 0.841303 0.491633 -0.224736 0 0 0 0 0 0
0.848853 -0.328607 1.017289 0.314989 -0.686878 -0.654967 0.836653 0.538596 0.099627 0 0 0 0 0 0
1.288789 -0.245020 1.188104 0.280701 -0.257645 -0.924568 0.884434 0.377737 0.274027 0 0 0 0 0 0
1.608341 -0.193814 1.322241 0.310456 0.059697 -0.948711 0.907996 -0.135179 0.396573 0 0 0 0 0 0
1.886714 -0.594629 1.601303 0.299685 0.565441 -0.768417 0.859453 -0.134691 0.493152 0 0 0 0 0 0
2.214111 -0.912878 1.603553 0.302081 0.889090 -0.343899 0.865757 -0.370579 0.336358 0 0 0 0 0 0
2.538458 -1.146460 1.426630 0.309044 0.931101 0.193762 0.873674 -0.482814 0.059868 0 0 0 0 0 0
2.865114 -1.227362 1.155169 0.318802 0.664037 0.676329 0.877074 -0.430156 -0.213792 0 0 0 0 0 0
3.194485 -1.142341 0.900164 0.328355 0.156985 0.931417 0.874387 -0.254622 -0.413057 0 0 0 0 0 0
3.526201 -0.943868 0.742672 0.333946 -0.418536 0.844575 0.865299 -0.002649 -0.501248 0 0 0 0 0 0
3.739334 -1.432199 -0.440212 0.332886 0.838102 -0.432172 0.173582 0.627721 -0.758838 0 0 0 0 0 0
4.206975 -0.819669 -2.264499 0.325482 0.934698 0.142832 0.841307 -0.491628 0.224733 0 0 0 0 0 0
4.535936 -0.968305 -2.474594 0.314986 0.686879 0.654966 0.836653 -0.538597 -0.099626 0 0 0 0 0 0
4.974667 -1.062674 -2.662618 0.277243 0.259903 0.924979 0.878237 -0.385980 -0.282347 0 0 0 0 0 0
5.292032 -1.097199 -2.781221 0.314399 -0.059332 0.947435 0.912843 0.154486 -0.377958 0 0 0 0 0 0
5.576524 -0.705700 -3.059111 0.299685 -0.565438 0.768420 0.858974 0.140022 -0.492501 0 0 0 0 0 0
5.901188 -0.384029 -3.060859 0.302080 -0.889090 0.343899 0.865756 0.370574 -0.336366 0 0 0 0 0 0
6.225533 -0.150448 -2.883929 0.309043 -0.931101 -0.193762 0.873675 0.482815 -0.059847 0 0 0 0 0 0
6.552192 -0.069556 -2.612467 0.318802 -0.664034 -0.676331 0.877077 0.430154 0.213784 0 0 0 0 0 0
6.881563 -0.154571 -2.357466 0.328354 -0.156982 -0.931418 0.874384 0.254628 0.413059 0 0 0 0 0 0
7.213292 -0.353040 -2.199979 0.333946 0.418533 -0.844577 0.865310 0.002644 0.501231 0 0 0 0 0 0
7.545939 -0.594393 -2.168890 0.332886 0.838102 -0.432172 0.852461 -0.275618 0.444235 0 0 0 0 0 0
7.877563 -0.819669 -2.264499 0.325482 0.934698 0.142832 0.841307 -0.491628 0.224733 0 0 0 0 0 0
8.206524 -0.968305 -2.474594 0.314986 0.686879 0.654966 0.836653 -0.538597 -0.099626 0 0 0 0 0 0
8.646457 -1.051892 -2.645412 0.280698 0.257646 0.924569 0.884433 -0.377739 -0.274029 0 0 0 0 0 0
8.967002 -1.101113 -2.775110 0.310454 -0.059698 0.948712 0.909292 0.140249 -0.391815 0 0 0 0 0 0
9.245296 -0.700228 -3.054178 0.299686 -0.565443 0.768416 0.859451 0.134688 -0.493157 0 0 0 0 0 0
9.464231 -1.983726 -3.860163 0.302081 0.889090 -0.343899 0.189599 0.521295 -0.832048 0 0 0 0 0 0
9.880552 -1.144413 -5.627774 0.309043 0.931101 0.193762 0.873672 -0.482817 0.059869 0 0 0 0 0 0
10.207208 -1.225301 -5.899231 0.318804 0.664036 0.676328 0.877079 -0.430146 -0.213792 0 0 0 0 0 0
10.536580 -1.140281 -6.154234 0.328354 0.156977 0.931419 0.874383 -0.254638 -0.413055 0 0 0 0 0 0
10.868309 -0.941822 -6.311728 0.333947 -0.418533 0.844576 0.865306 -0.002647 -0.501237 0 0 0 0 0 0
11.200956 -0.700467 -6.342816 0.332885 -0.838100 0.432175 0.852464 0.275626 -0.444224 0 0 0 0 0 0
11.532578 -0.475188 -6.247196 0.325481 -0.934697 -0.142839 0.841304 0.491627 -0.224745 0 0 0 0 0 0
11.861541 -0.326553 -6.037111 0.314985 -0.686877 -0.654968 0.836652 0.538598 0.099629 0 0 0 0 0 0
12.300275 -0.232182 -5.849094 0.277243 -0.259904 -0.924979 0.878239 0.385980 0.282340 0 0 0 0 0 0
12.617633 -0.197665 -5.730492 0.314401 0.059338 -0.947434 0.912843 -0.154486 0.377956 0 0 0 0 0 0
12.902131 -0.589154 -5.452602 0.299686 0.565443 -0.768416 0.858972 -0.140016 0.492507 0 0 0 0 0 0
13.226794 -0.910822 -5.450850 0.302081 0.889090 -0.343899 0.865757 -0.370583 0.336354 0 0 0 0 0 0
13.551140 -1.144413 -5.627774 0.309043 0.931101 0.193762 0.873672 -0.482817 0.059869 0 0 0 0 0 0
13.877791 -1.225299 -5.899229 0.318822 0.664032 0.676324 0.877084 -0.430136 -0.213793 0 0 0 0 0 0
14.207200 -1.140287 -6.154243 0.328329 0.156979 0.931428 0.874370 -0.254657 -0.413070 0 0 0 0 0 0
14.538921 -0.941831 -6.311715 0.333921 -0.418538 0.844585 0.865335 -0.002670 -0.501186 0 0 0 0 0 0
14.752025 -1.430145 -7.494607 0.332892 0.838099 -0.432173 0.173581 0.627719 -0.758840 0 0 0 0 0 0
15.219675 -0.817612 -9.318907 0.325502 0.934691 0.142831 0.841307 -0.491634 0.224719 0 0 0 0 0 0
15.548636 -0.966264 -9.529000 0.315016 0.686872 0.654960 0.836642 -0.538612 -0.099635 0 0 0 0 0 0
15.988595 -1.049842 -9.699827 0.280678 0.257643 0.924575 0.884422 -0.377758 -0.274040 0 0 0 0 0 0
16.308024 -1.101023 -9.833940 0.310467 -0.059697 0.948708 0.907977 0.135203 -0.396608 0 0 0 0 0 0
16.586545 -0.700250 -10.113004 0.299643 -0.565451 0.768427 0.859493 0.134629 -0.493099 0 0 0 0 0 0
16.913801 -0.381972 -10.115248 0.302068 -0.889091 0.343907 0.865723 0.370637 -0.336380 0 0 0 0 0 0
17.220345 -0.146075 -9.933690 0.309055 -0.931097 -0.193761 0.864235 0.500155 -0.054245 0 0 0 0 0 0
17.545724 -0.067500 -9.665259 0.318816 -0.664034 -0.676325 0.877098 0.430118 0.213770 0 0 0 0 0 0
17.875052 -0.152522 -9.410238 0.328405 -0.156980 -0.931401 0.874372 0.254620 0.413089 0 0 0 0 0 0
18.206921 -0.350968 -9.252736 0.333921 0.418538 -0.844584 0.865321 0.002685 0.501211 0 0 0 0 0 0
18.855197 0.366806 -8.623608 -0.892447 0.000000 0.451153 -0.420827 -0.150354 0.894594 0 0 0 0 0 0
16.038588 -0.000001 -6.559753 0.000000 1.000000 0.000000 0.000000 0.000000 1.000000 0 0 0 0 0 0
16.386000 -0.000001 -7.289176 0.000000 1.000000 0.000000 0.000000 0.000000 1.000000 0 0 0 0 0 0
18.183073 0.356736 -9.563397 -0.869166 0.000000 0.494520 -0.462537 0.856495 0.229076 0 0 0 0 0 0
18.495128 -0.189556 -9.674230 -0.333921 -0.418538 0.844584 -0.833601 0.192959 -0.517568 0 0 0 0 0 0
17.931199 -0.244954 -9.902338 -0.328405 0.156980 0.931401 -0.840847 0.213485 -0.497394 0 0 0 0 0 0
17.601669 -0.458763 -10.049344 -0.318816 0.664034 0.676325 -0.836285 -0.111422 -0.536854 0 0 0 0 0 0
17.274898 -0.734578 -10.051173 -0.309055 0.931097 0.193761 -0.839708 -0.400837 -0.366360 0 0 0 0 0 0
16.967225 -0.971871 -9.880513 -0.302068 0.889091 -0.343907 -0.837484 -0.543682 -0.055046 0 0 0 0 0 0
16.645529 -1.058151 -9.603345 -0.299643 0.565451 -0.768427 -0.860310 -0.440244 0.257006 0 0 0 0 0 0
16.278491 -0.939917 -9.460566 -0.310467 0.059697 -0.948708 -0.923951 -0.161473 0.346757 0 0 0 0 0 0
15.815251 -1.110622 -9.280386 -0.280678 -0.257643 -0.924575 -0.915514 -0.001192 0.402283 0 0 0 0 0 0
15.638807 -0.649024 -9.147145 -0.315016 -0.686872 -0.654960 -0.888314 0.296672 0.350549 0 0 0 0 0 0
15.273942 -0.325155 -9.234625 -0.325502 -0.934691 -0.142831 -0.875682 0.415457 0.246124 0 0 0 0 0 0
14.943210 -0.172542 -9.436152 -0.332892 -0.838099 0.432173 -0.865772 0.500387 -0.007214 0 0 0 0 0 0
14.611205 -0.145550 -9.678469 -0.333984 -0.418525 0.844566 -0.852283 0.438238 -0.285589 0 0 0 0 0 0
14.279581 -0.244920 -9.903972 -0.328335 0.156984 0.931425 -0.840874 0.213532 -0.497327 0 0 0 0 0 0
13.950361 -0.458789 -10.050943 -0.318835 0.664029 0.676320 -0.836244 -0.111484 -0.536905 0 0 0 0 0 0
13.623454 -0.734579 -10.052806 -0.309037 0.931103 0.193762 -0.839708 -0.400826 -0.366372 0 0 0 0 0 0
13.298762 -0.969414 -9.884774 -0.302086 0.889086 -0.343905 -0.848913 -0.525551 -0.056067 0 0 0 0 0 0
12.974975 -1.058155 -9.603352 -0.299686 0.565443 -0.768416 -0.860332 -0.440209 0.256992 0 0 0 0 0 0
12.607497 -0.936597 -9.480206 -0.314408 0.059340 -0.947432 -0.929869 -0.154549 0.333854 0 0 0 0 0 0
12.144514 -1.114717 -9.281332 -0.277243 -0.259906 -0.924978 -0.906758 -0.018126 0.421261 0 0 0 0 0 0
12.075434 -1.153308 -8.292776 -0.314985 0.686877 0.654968 -0.169883 0.544156 0.821604 0 0 0 0 0 0
11.586838 -0.967652 -6.331482 -0.325481 0.934697 0.142839 -0.875678 -0.415458 -0.246136 0 0 0 0 0 0
11.256115 -1.120255 -6.129944 -0.332885 0.838100 -0.432175 -0.865774 -0.500383 0.007223 0 0 0 0 0 0
10.924091 -1.147253 -5.887639 -0.333947 0.418533 -0.844576 -0.852268 -0.438267 0.285588 0 0 0 0 0 0
10.592580 -1.047875 -5.662139 -0.328354 -0.156977 -0.931419 -0.840864 -0.213516 0.497352 0 0 0 0 0 0
10.263192 -0.834032 -5.515154 -0.318804 -0.664036 -0.676328 -0.836278 0.111432 0.536862 0 0 0 0 0 0
9.936412 -0.558220 -5.513314 -0.309043 -0.931101 -0.193762 -0.839685 0.400868 0.366379 0 0 0 0 0 0
9.611662 -0.323386 -5.681324 -0.302081 -0.889090 0.343899 -0.848918 0.525543 0.056059 0 0 0 0 0 0
9.287905 -0.234654 -5.962761 -0.299686 -0.565443 0.768416 -0.860328 0.440216 -0.256993 0 0 0 0 0 0
8.920798 -0.352875 -6.105550 -0.310454 -0.059696 0.948712 -0.923946 0.161491 -0.346764 0 0 0 0 0 0
8.458180 -0.183539 -6.289317 -0.280698 0.257645 0.924569 -0.914624 -0.000077 -0.404306 0 0 0 0 0 0
8.280131 -0.645808 -6.423386 -0.314987 0.686880 0.654965 -0.888356 -0.296611 -0.350494 0 0 0 0 0 0
7.915331 -0.969695 -6.335905 -0.325482 0.934697 0.142839 -0.875680 -0.415460 -0.246126 0 0 0 0 0 0
7.584609 -1.122316 -6.134363 -0.332884 0.838101 -0.432173 -0.865769 -0.500391 0.007219 0 0 0 0 0 0
7.252574 -1.149314 -5.892059 -0.333947 0.418536 -0.844575 -0.852277 -0.438257 0.285579 0 0 0 0 0 0
6.921074 -1.049917 -5.666568 -0.328356 -0.156985 -0.931417 -0.840860 -0.213515 0.497358 0 0 0 0 0 0
6.780768 -0.835072 -4.866146 -0.318802 0.664034 0.676331 -0.141496 0.623314 0.769063 0 0 0 0 0 0
6.281398 -0.736639 -2.998382 -0.309043 0.931101 0.193762 -0.839690 -0.400869 -0.366367 0 0 0 0 0 0
5.956643 -0.971478 -2.830385 -0.302080 0.889090 -0.343899 -0.848913 -0.525549 -0.056080 0 0 0 0 0 0
5.632892 -1.060198 -2.548941 -0.299685 0.565438 -0.768420 -0.860328 -0.440213 0.256999 0 0 0 0 0 0
5.265387 -0.938650 -2.425807 -0.314399 0.059332 -0.947435 -0.929870 -0.154561 0.333844 0 0 0 0 0 0
4.802424 -1.116774 -2.226930 -0.277243 -0.259903 -0.924979 -0.906754 -0.018115 0.421271 0 0 0 0 0 0
4.628085 -0.649742 -2.093430 -0.314986 -0.686879 -0.654966 -0.888901 0.294259 0.351094 0 0 0 0 0 0
4.261234 -0.327212 -2.180229 -0.325482 -0.934698 -0.142832 -0.875679 0.415456 0.246136 0 0 0 0 0 0
3.930507 -0.174602 -2.381752 -0.332886 -0.838102 0.432172 -0.865772 0.500387 -0.007220 0 0 0 0 0 0
3.598489 -0.147604 -2.624072 -0.333946 -0.418533 0.844577 -0.852267 0.438267 -0.285594 0 0 0 0 0 0
3.266975 -0.246990 -2.849560 -0.328354 0.156982 0.931418 -0.840867 0.213513 -0.497347 0 0 0 0 0 0
2.937585 -0.460824 -2.996559 -0.318802 0.664034 0.676331 -0.836274 -0.111431 -0.536869 0 0 0 0 0 0
2.610809 -0.736639 -2.998382 -0.309043 0.931101 0.193762 -0.839690 -0.400869 -0.366367 0 0 0 0 0 0
2.286055 -0.971478 -2.830385 -0.302080 0.889090 -0.343899 -0.848913 -0.525549 -0.056080 0 0 0 0 0 0
1.962304 -1.060198 -2.548941 -0.299685 0.565438 -0.768420 -0.860328 -0.440213 0.256999 0 0 0 0 0 0
1.595192 -0.941979 -2.406165 -0.310455 0.059691 -0.948712 -0.923948 -0.161493 0.346757 0 0 0 0 0 0
1.132042 -1.112678 -2.225991 -0.280699 -0.257646 -0.924568 -0.915507 -0.001198 0.402299 0 0 0 0 0 0
1.061766 -1.154585 -1.238572 -0.314989 0.686878 0.654967 -0.169577 0.543974 0.821788 0 0 0 0 0 0
0.574148 -0.969697 0.722923 -0.325482 0.934698 0.142835 -0.875681 -0.415453 -0.246132 0 0 0 0 0 0
0.243430 -1.122316 0.924455 -0.332883 0.838102 -0.432174 -0.865765 -0.500398 0.007217 0 0 0 0 0 0
-0.088596 -1.149314 1.166764 -0.333946 0.418536 -0.844575 -0.852274 -0.438258 0.285586 0 0 0 0 0 0
-0.420103 -1.049918 1.392254 -0.328354 -0.156985 -0.931418 -0.840863 -0.213515 0.497354 0 0 0 0 0 0
-0.749495 -0.836092 1.539251 -0.318802 -0.664037 -0.676329 -0.836275 0.111427 0.536869 0 0 0 0 0 0
-1.076272 -0.560272 1.541089 -0.309043 -0.931101 -0.193762 -0.839684 0.400869 0.366381 0 0 0 0 0 0
-1.401018 -0.325439 1.373080 -0.302082 -0.889090 0.343899 -0.848916 0.525547 0.056058 0 0 0 0 0 0
-1.724777 -0.236706 1.091638 -0.299685 -0.565441 0.768417 -0.860327 0.440217 -0.256994 0 0 0 0 0 0
-2.092278 -0.358260 0.968503 -0.314400 -0.059338 0.947434 -0.929873 0.154551 -0.333843 0 0 0 0 0 0
-2.555240 -0.180144 0.769625 -0.277244 0.259905 0.924979 -0.906753 0.018120 -0.421273 0 0 0 0 0 0
-2.729582 -0.647166 0.636126 -0.314986 0.686878 0.654967 -0.888901 -0.294263 -0.351091 0 0 0 0 0 0
-3.096432 -0.969698 0.722924 -0.325482 0.934698 0.142835 -0.875680 -0.415456 -0.246133 0 0 0 0 0 0
-3.427157 -1.122315 0.924454 -0.332884 0.838101 -0.432174 -0.865768 -0.500393 0.007216 0 0 0 0 0 0
-3.759190 -1.149314 1.166763 -0.333946 0.418536 -0.844575 -0.852276 -0.438255 0.285582 0 0 0 0 0 0
-4.102858 -1.050029 1.384075 -0.328354 -0.156977 -0.931419 -0.850400 -0.207830 0.483350 0 0 0 0 0 0
-4.244549 -0.833013 2.186576 -0.318803 0.664037 0.676328 -0.141497 0.623315 0.769063 0 0 0 0 0 0
-4.743923 -0.734584 4.054326 -0.309043 0.931101 0.193762 -0.839685 -0.400869 -0.366379 0 0 0 0 0 0
-5.068672 -0.969415 4.222338 -0.302080 0.889087 -0.343905 -0.848916 -0.525545 -0.056073 0 0 0 0 0 0
-5.392430 -1.058153 4.503766 -0.299686 0.565443 -0.768416 -0.860327 -0.440215 0.256999 0 0 0 0 0 0
-5.759930 -0.936600 4.626906 -0.314401 0.059340 -0.947434 -0.929873 -0.154552 0.333843 0 0 0 0 0 0
-6.222891 -1.114711 4.825782 -0.277245 -0.259908 -0.924977 -0.906753 -0.018125 0.421272 0 0 0 0 0 0
-6.397234 -0.647695 4.959289 -0.314985 -0.686879 -0.654967 -0.888898 0.294265 0.351096 0 0 0 0 0 0
-6.764094 -0.325162 4.872483 -0.325483 -0.934698 -0.142832 -0.875688 0.415445 0.246123 0 0 0 0 0 0
-7.094813 -0.172546 4.670956 -0.332885 -0.838101 0.432175 -0.865764 0.500401 -0.007220 0 0 0 0 0 0
-7.426843 -0.145550 4.428654 -0.333947 -0.418534 0.844576 -0.852276 0.438258 -0.285579 0 0 0 0 0 0
-7.758343 -0.244938 4.203149 -0.328354 0.156983 0.931418 -0.840855 0.213520 -0.497365 0 0 0 0 0 0
-8.087732 -0.458770 4.056165 -0.318803 0.664037 0.676328 -0.836279 -0.111433 -0.536862 0 0 0 0 0 0
-8.414511 -0.734584 4.054326 -0.309043 0.931101 0.193762 -0.839685 -0.400869 -0.366379 0 0 0 0 0 0
-8.739261 -0.969415 4.222338 -0.302080 0.889087 -0.343905 -0.848916 -0.525545 -0.056073 0 0 0 0 0 0
-9.063018 -1.058153 4.503766 -0.299686 0.565443 -0.768416 -0.860327 -0.440215 0.256999 0 0 0 0 0 0
-9.430124 -0.939930 4.646561 -0.310454 0.059698 -0.948712 -0.923946 -0.161487 0.346764 0 0 0 0 0 0
-9.893273 -1.110616 4.826721 -0.280705 -0.257641 -0.924568 -0.915514 -0.001182 0.402283 0 0 0 0 0 0
-9.963555 -1.152529 5.814140 -0.314992 0.686876 0.654967 -0.169577 0.543973 0.821789 0 0 0 0 0 0
-10.451182 -0.967651 7.775630 -0.325481 0.934697 0.142839 -0.875682 -0.415449 -0.246136 0 0 0 0 0 0
-10.781887 -1.120256 7.977175 -0.332885 0.838100 -0.432175 -0.865767 -0.500395 0.007227 0 0 0 0 0 0
-11.113921 -1.147253 8.219473 -0.333947 0.418533 -0.844576 -0.852275 -0.438260 0.285579 0 0 0 0 0 0
-11.445422 -1.047873 8.444979 -0.328354 -0.156977 -0.931419 -0.840856 -0.213517 0.497365 0 0 0 0 0 0
-11.774821 -0.834035 8.591961 -0.318804 -0.664036 -0.676328 -0.836286 0.111426 0.536851 0 0 0 0 0 0
-12.101590 -0.558217 8.593799 -0.309043 -0.931101 -0.193762 -0.839677 0.400880 0.366385 0 0 0 0 0 0
-12.426336 -0.323387 8.425790 -0.302086 -0.889086 0.343904 -0.848917 0.525544 0.056071 0 0 0 0 0 0
-12.750118 -0.234650 8.144363 -0.299680 -0.565444 0.768417 -0.860332 0.440209 -0.256993 0 0 0 0 0 0
-13.117587 -0.356211 8.021220 -0.314408 -0.059338 0.947432 -0.929870 0.154551 -0.333851 0 0 0 0 0 0
-13.580580 -0.178086 7.822343 -0.277238 0.259906 0.924980 -0.906757 0.018126 -0.421263 0 0 0 0 0 0
-13.754900 -0.645115 7.688839 -0.314966 0.686882 0.654973 -0.888891 -0.294275 -0.351104 0 0 0 0 0 0
-14.121748 -0.967648 7.775636 -0.325449 0.934708 0.142840 -0.875683 -0.415443 -0.246143 0 0 0 0 0 0
-14.452481 -1.120237 7.977164 -0.332892 0.838098 -0.432174 -0.865808 -0.500325 0.007215 0 0 0 0 0 0
-14.784582 -1.147257 8.219477 -0.333921 0.418538 -0.844585 -0.852264 -0.438281 0.285579 0 0 0 0 0 0
-15.115976 -1.047856 8.444982 -0.328342 -0.156978 -0.931423 -0.840824 -0.213524 0.497416 0 0 0 0 0 0
-15.256299 -0.833014 9.245398 -0.318816 0.664034 0.676325 -0.141510 0.623314 0.769061 0 0 0 0 0 0
-15.755757 -0.734585 11.113140 -0.308994 0.931117 0.193765 -0.839683 -0.400849 -0.366405 0 0 0 0 0 0
-16.080369 -0.969403 11.281177 -0.302068 0.889091 -0.343907 -0.848901 -0.525570 -0.056063 0 0 0 0 0 0
-16.404147 -1.058146 11.562589 -0.299704 0.565440 -0.768411 -0.860330 -0.440205 0.257005 0 0 0 0 0 0
-16.771279 -0.939932 11.705392 -0.310467 0.059697 -0.948708 -0.923939 -0.161487 0.346784 0 0 0 0 0 0
-17.236509 -1.112578 11.881642 -0.280678 -0.257647 -0.924574 -0.917227 -0.003167 0.398352 0 0 0 0 0 0
-17.412020 -0.651109 12.014380 -0.314954 -0.686885 -0.654976 -0.888365 0.296588 0.350489 0 0 0 0 0 0
-17.776676 -0.327197 11.926862 -0.325501 -0.934692 -0.142831 -0.875637 0.415544 0.246135 0 0 0 0 0 0
-18.107472 -0.174596 11.725367 -0.332892 -0.838099 0.432173 -0.865772 0.500387 -0.007213 0 0 0 0 0 0
-18.439477 -0.147603 11.483052 -0.333986 -0.418528 0.844564 -0.852285 0.438232 -0.285592 0 0 0 0 0 0
-18.771100 -0.246974 11.257548 -0.328341 0.156983 0.931423 -0.840876 0.213529 -0.497325 0 0 0 0 0 0
-19.100479 -0.460817 11.110572 -0.318753 0.664049 0.676340 -0.836287 -0.111398 -0.536856 0 0 0 0 0 0
-19.427107 -0.736641 11.108756 -0.309055 0.931097 0.193761 -0.839657 -0.400924 -0.366383 0 0 0 0 0 0
-19.752011 -0.971473 11.276724 -0.302067 0.889092 -0.343906 -0.848950 -0.525488 -0.056097 0 0 0 0 0 0
-20.075741 -1.060197 11.558178 -0.299642 0.565446 -0.768431 -0.860312 -0.440242 0.257001 0 0 0 0 0 0
-20.443159 -0.938634 11.681299 -0.314419 0.059332 -0.947428 -0.929871 -0.154544 0.333850 0 0 0 0 0 0
-20.906227 -1.116784 11.880192 -0.277243 -0.259903 -0.924979 -0.906762 -0.018125 0.421253 0 0 0 0 0 0
-21.080581 -0.649746 12.013695 -0.314954 -0.686885 -0.654976 -0.888906 0.294243 0.351093 0 0 0 0 0 0
-21.447265 -0.327197 11.926862 -0.325501 -0.934692 -0.142831 -0.875637 0.415544 0.246135 0 0 0 0 0 0
-21.778060 -0.174596 11.725367 -0.332892 -0.838099 0.432173 -0.865772 0.500387 -0.007213 0 0 0 0 0 0
-22.110065 -0.147603 11.483052 -0.333986 -0.418528 0.844564 -0.852285 0.438232 -0.285592 0 0 0 0 0 0
-22.441688 -0.246974 11.257548 -0.328341 0.156983 0.931423 -0.840876 0.213529 -0.497325 0 0 0 0 0 0
-22.771067 -0.460817 11.110572 -0.318753 0.664049 0.676340 -0.836287 -0.111398 -0.536856 0 0 0 0 0 0
-23.097695 -0.736641 11.108756 -0.309055 0.931097 0.193761 -0.839657 -0.400924 -0.366383 0 0 0 0 0 0
-23.413703 -0.973152 11.270148 -0.302129 0.889073 -0.343900 -0.839518 -0.538674 -0.070990 0 0 0 0 0 0
-23.734113 -1.058176 11.545446 -0.299643 0.565451 -0.768427 -0.860360 -0.440191 0.256928 0 0 0 0 0 0
-24.101483 -0.936586 11.668603 -0.314355 0.059341 -0.947449 -0.929869 -0.154557 0.333851 0 0 0 0 0 0
-24.564445 -1.114716 11.867450 -0.277245 -0.259908 -0.924977 -0.906777 -0.018131 0.421220 0 0 0 0 0 0
-24.738743 -0.647672 12.000986 -0.315016 -0.686872 -0.654960 -0.888854 0.294340 0.351144 0 0 0 0 0 0
-25.105635 -0.325155 11.914189 -0.325502 -0.934691 -0.142831 -0.875682 0.415457 0.246124 0 0 0 0 0 0
-25.436366 -0.172542 11.712662 -0.332892 -0.838099 0.432173 -0.865772 0.500387 -0.007214 0 0 0 0 0 0
-25.768394 -0.145546 11.470349 -0.333921 -0.418538 0.844584 -0.852265 0.438279 -0.285579 0 0 0 0 0 0
-26.099908 -0.244931 11.244868 -0.328341 0.156984 0.931423 -0.840900 0.213513 -0.497293 0 0 0 0 0 0
-26.797124 -0.402192 11.238190 0.946769 0.022970 -0.321093 0.501513 -0.503887 -0.703265 0 0 0 0 0 0
-22.522588 -0.533413 8.838353 0.000000 1.000000 0.000000 0.000000 0.000000 1.000000 0 0 0 0 0 0
-22.992588 -0.533413 9.296106 0.000000 1.000000 0.000000 0.000000 0.000000 1.000000 0 0 0 0 0 0
-26.081992 -0.673886 12.030224 0.932936 0.022066 -0.359366 -0.128854 0.952369 -0.276386 0 0 0 0 0 0
-26.391728 -0.186427 11.713315 0.328341 -0.156984 -0.931423 0.852027 -0.046356 0.521442 0 0 0 0 0 0
-25.824127 -0.350971 11.894428 0.333921 0.418538 -0.844584 0.865344 0.002682 0.501171 0 0 0 0 0 0
-25.491542 -0.592344 11.925515 0.332892 0.838099 -0.432173 0.852448 -0.275656 0.444237 0 0 0 0 0 0
-25.159902 -0.817612 11.829907 0.325502 0.934691 0.142831 0.841307 -0.491634 0.224719 0 0 0 0 0 0
-24.830941 -0.966264 11.619814 0.315016 0.686872 0.654960 0.836642 -0.538612 -0.099635 0 0 0 0 0 0
-24.392220 -1.060632 11.431783 0.277245 0.259908 0.924977 0.878213 -0.386007 -0.282383 0 0 0 0 0 0
-24.074777 -1.095174 11.313220 0.314355 -0.059341 0.947449 0.912900 0.154430 -0.377842 0 0 0 0 0 0
-23.790354 -0.703645 11.035324 0.299643 -0.565451 0.768427 0.858960 0.140017 -0.492526 0 0 0 0 0 0
-23.574121 -1.983727 10.229852 0.302068 0.889091 -0.343906 0.189623 0.521292 -0.832044 0 0 0 0 0 0
-23.167326 -1.150744 8.469587 0.309056 0.931097 0.193761 0.864152 -0.497107 0.078270 0 0 0 0 0 0
-22.843454 -1.227364 8.203466 0.318814 0.664033 0.676327 0.877091 -0.430130 -0.213772 0 0 0 0 0 0
-22.514104 -1.142340 7.948446 0.328341 0.156985 0.931422 0.874361 -0.254643 -0.413097 0 0 0 0 0 0
-22.182482 -0.943859 7.790970 0.333986 -0.418530 0.844563 0.865293 -0.002626 -0.501260 0 0 0 0 0 0
-21.849689 -0.702537 7.759864 0.332891 -0.838099 0.432172 0.852494 0.275582 -0.444194 0 0 0 0 0 0
-21.518115 -0.477239 7.855500 0.325501 -0.934690 -0.142838 0.841301 0.491637 -0.224735 0 0 0 0 0 0
-21.189150 -0.328600 8.065576 0.315018 -0.686873 -0.654958 0.836650 0.538598 0.099643 0 0 0 0 0 0
-20.750433 -0.234230 8.253623 0.277243 -0.259904 -0.924979 0.878207 0.386018 0.282387 0 0 0 0 0 0
-20.432987 -0.199680 8.372186 0.314353 0.059338 -0.947450 0.912900 -0.154430 0.377843 0 0 0 0 0 0
-20.148566 -0.591217 8.650083 0.299642 0.565448 -0.768429 0.858962 -0.140019 0.492524 0 0 0 0 0 0
-19.824009 -0.912883 8.651821 0.302129 0.889076 -0.343894 0.865744 -0.370617 0.336347 0 0 0 0 0 0
-19.499514 -1.146473 8.474934 0.309056 0.931097 0.193761 0.873674 -0.482814 0.059873 0 0 0 0 0 0
-19.172865 -1.227364 8.203466 0.318814 0.664033 0.676327 0.877091 -0.430130 -0.213772 0 0 0 0 0 0
-18.843516 -1.142340 7.948446 0.328341 0.156985 0.931422 0.874361 -0.254643 -0.413097 0 0 0 0 0 0
-18.511894 -0.943859 7.790970 0.333986 -0.418530 0.844563 0.865293 -0.002626 -0.501260 0 0 0 0 0 0
-18.298614 -1.432194 6.608084 0.332892 0.838099 -0.432173 0.173601 0.627719 -0.758835 0 0 0 0 0 0
-17.831008 -0.819672 4.783790 0.325501 0.934692 0.142831 0.841305 -0.491637 0.224720 0 0 0 0 0 0
-17.502028 -0.968317 4.573691 0.314954 0.686885 0.654976 0.836621 -0.538647 -0.099619 0 0 0 0 0 0
-17.062166 -1.051883 4.402888 0.280678 0.257647 0.924574 0.884438 -0.377733 -0.274020 0 0 0 0 0 0
-16.741604 -1.101114 4.273195 0.310467 -0.059697 0.948708 0.909305 0.140233 -0.391790 0 0 0 0 0 0
-16.463292 -0.700222 3.994108 0.299704 -0.565440 0.768411 0.859436 0.134706 -0.493177 0 0 0 0 0 0
-16.135827 -0.381988 3.991837 0.302068 -0.889091 0.343907 0.865772 0.370547 -0.336352 0 0 0 0 0 0
-15.811483 -0.148393 4.168786 0.308994 -0.931117 -0.193765 0.873679 0.482803 -0.059879 0 0 0 0 0 0
-15.484976 -0.067521 4.440260 0.318816 -0.664034 -0.676325 0.877053 0.430175 0.213841 0 0 0 0 0 0
-15.155439 -0.152505 4.695232 0.328341 -0.156984 -0.931423 0.874422 0.254622 0.412982 0 0 0 0 0 0
-14.823779 -0.351001 4.852745 0.333921 0.418538 -0.844584 0.865276 0.002645 0.501288 0 0 0 0 0 0
-14.491213 -0.592344 4.883816 0.332892 0.838099 -0.432173 0.852448 -0.275656 0.444237 0 0 0 0 0 0
-14.159572 -0.817612 4.788208 0.325502 0.934691 0.142831 0.841307 -0.491634 0.224719 0 0 0 0 0 0
-13.830611 -0.966264 4.578115 0.315016 0.686872 0.654960 0.836642 -0.538612 -0.099635 0 0 0 0 0 0
-13.391797 -1.060644 4.390113 0.277245 0.259908 0.924977 0.878261 -0.385960 -0.282298 0 0 0 0 0 0
-13.074467 -1.095134 4.271503 0.314401 -0.059340 0.947434 0.912843 0.154489 -0.377955 0 0 0 0 0 0
-12.789967 -0.703652 3.993613 0.299686 -0.565443 0.768416 0.858972 0.140016 -0.492507 0 0 0 0 0 0
-12.573783 -1.983728 3.188141 0.302086 0.889086 -0.343904 0.189596 0.521291 -0.832051 0 0 0 0 0 0
-12.157445 -1.144413 1.420518 0.309043 0.931101 0.193762 0.873680 -0.482805 0.059862 0 0 0 0 0 0
-11.830805 -1.225301 1.149054 0.318803 0.664035 0.676330 0.877072 -0.430156 -0.213802 0 0 0 0 0 0
-11.501421 -1.140283 0.894058 0.328354 0.156977 0.931419 0.874390 -0.254634 -0.413043 0 0 0 0 0 0
-11.169704 -0.941818 0.736564 0.333947 -0.418534 0.844576 0.865301 -0.002642 -0.501246 0 0 0 0 0 0
-10.837045 -0.700471 0.705474 0.332885 -0.838100 0.432175 0.852470 0.275616 -0.444219 0 0 0 0 0 0
-10.505434 -0.475186 0.801096 0.325481 -0.934698 -0.142835 0.841299 0.491639 -0.224738 0 0 0 0 0 0
-10.176475 -0.326553 1.011180 0.314992 -0.686877 -0.654965 0.836655 0.538594 0.099626 0 0 0 0 0 0
-9.736531 -0.242965 1.181994 0.280699 -0.257646 -0.924568 0.884433 0.377740 0.274026 0 0 0 0 0 0
-9.416992 -0.191761 1.316127 0.310461 0.059696 -0.948710 0.907996 -0.135179 0.396572 0 0 0 0 0 0
-9.138597 -0.592575 1.595192 0.299679 0.565443 -0.768418 0.859454 -0.134685 0.493151 0 0 0 0 0 0
-8.811227 -0.910826 1.597451 0.302086 0.889086 -0.343904 0.865751 -0.370588 0.336363 0 0 0 0 0 0
-8.486857 -1.144413 1.420518 0.309043 0.931101 0.193762 0.873680 -0.482805 0.059862 0 0 0 0 0 0
-8.160217 -1.225301 1.149054 0.318803 0.664035 0.676330 0.877072 -0.430156 -0.213802 0 0 0 0 0 0
-7.830833 -1.140283 0.894058 0.328354 0.156977 0.931419 0.874390 -0.254634 -0.413043 0 0 0 0 0 0
-7.499115 -0.941818 0.736564 0.333947 -0.418534 0.844576 0.865301 -0.002642 -0.501246 0 0 0 0 0 0
-7.285984 -1.430143 -0.446319 0.332885 0.838101 -0.432174 0.173582 0.627720 -0.758839 0 0 0 0 0 0
-6.818356 -0.817612 -2.270616 0.325483 0.934698 0.142832 0.841302 -0.491637 0.224731 0 0 0 0 0 0
-6.489383 -0.966258 -2.480702 0.314985 0.686880 0.654966 0.836655 -0.538596 -0.099615 0 0 0 0 0 0
-6.050649 -1.060625 -2.668721 0.277245 0.259907 0.924978 0.878241 -0.385975 -0.282340 0 0 0 0 0 0
-5.733291 -1.095134 -2.787320 0.314401 -0.059340 0.947434 0.912843 0.154490 -0.377955 0 0 0 0 0 0
-5.448791 -0.703652 -3.065210 0.299686 -0.565443 0.768416 0.858972 0.140016 -0.492507 0 0 0 0 0 0
-5.124127 -0.381981 -3.066976 0.302080 -0.889087 0.343905 0.865754 0.370583 -0.336359 0 0 0 0 0 0
-4.799785 -0.148391 -2.890035 0.309043 -0.931101 -0.193762 0.873674 0.482814 -0.059860 0 0 0 0 0 0
-4.473126 -0.067503 -2.618581 0.318803 -0.664037 -0.676328 0.877079 0.430145 0.213792 0 0 0 0 0 0
-4.143754 -0.152519 -2.363577 0.328354 -0.156983 -0.931418 0.874383 0.254632 0.413057 0 0 0 0 0 0
-3.801081 -0.349423 -2.202027 0.333946 0.418533 -0.844577 0.869894 0.006842 0.493191 0 0 0 0 0 0
-3.465826 -0.594393 -2.168890 0.332886 0.838102 -0.432172 0.852461 -0.275618 0.444235 0 0 0 0 0 0
-3.134202 -0.819669 -2.264499 0.325482 0.934698 0.142832 0.841307 -0.491628 0.224733 0 0 0 0 0 0
-2.805241 -0.968305 -2.474594 0.314986 0.686879 0.654966 0.836653 -0.538597 -0.099626 0 0 0 0 0 0
-2.366510 -1.062674 -2.662618 0.277243 0.259903 0.924979 0.878237 -0.385980 -0.282347 0 0 0 0 0 0
-2.049145 -1.097199 -2.781221 0.314399 -0.059332 0.947435 0.912843 0.154486 -0.377958 0 0 0 0 0 0
-1.764652 -0.705700 -3.059111 0.299685 -0.565438 0.768420 0.858974 0.140022 -0.492501 0 0 0 0 0 0
-1.548451 -1.985777 -3.864580 0.302082 0.889090 -0.343899 0.189601 0.521293 -0.832049 0 0 0 0 0 0
-1.132129 -1.146461 -5.632193 0.309043 0.931101 0.193762 0.873673 -0.482815 0.059868 0 0 0 0 0 0
-0.805480 -1.227361 -5.903660 0.318801 0.664036 0.676330 0.877071 -0.430160 -0.213797 0 0 0 0 0 0
-0.476099 -1.142342 -6.158654 0.328355 0.156985 0.931418 0.874392 -0.254619 -0.413047 0 0 0 0 0 0
-0.144384 -0.943869 -6.316149 0.333947 -0.418536 0.844575 0.865300 -0.002652 -0.501248 0 0 0 0 0 0
0.188275 -0.702526 -6.347236 0.332883 -0.838102 0.432174 0.852469 0.275619 -0.444219 0 0 0 0 0 0
0.519889 -0.477241 -6.251614 0.325482 -0.934697 -0.142839 0.841300 0.491634 -0.224745 0 0 0 0 0 0
0.848855 -0.328606 -6.041542 0.314989 -0.686880 -0.654964 0.836655 0.538594 0.099627 0 0 0 0 0 0
1.288788 -0.245022 -5.870718 0.280701 -0.257645 -0.924568 0.884433 0.377740 0.274028 0 0 0 0 0 0
1.608340 -0.193814 -5.736583 0.310456 0.059697 -0.948711 0.907996 -0.135179 0.396573 0 0 0 0 0 0
1.886715 -0.594629 -5.457520 0.299684 0.565440 -0.768419 0.859453 -0.134694 0.493150 0 0 0 0 0 0
2.214110 -0.912880 -5.455272 0.302081 0.889090 -0.343899 0.865757 -0.370576 0.336361 0 0 0 0 0 0
2.538458 -1.146460 -5.632193 0.309044 0.931101 0.193762 0.873674 -0.482814 0.059868 0 0 0 0 0 0
2.865113 -1.227362 -5.903659 0.318801 0.664036 0.676330 0.877073 -0.430157 -0.213794 0 0 0 0 0 0
3.194487 -1.142341 -6.158655 0.328356 0.156985 0.931417 0.874389 -0.254619 -0.413053 0 0 0 0 0 0
3.526201 -0.943868 -6.316150 0.333947 -0.418536 0.844575 0.865298 -0.002651 -0.501251 0 0 0 0 0 0
3.739334 -1.432199 -7.499029 0.332885 0.838101 -0.432175 0.173582 0.627721 -0.758838 0 0 0 0 0 0
4.206973 -0.819670 -9.323324 0.325482 0.934698 0.142832 0.841308 -0.491627 0.224729 0 0 0 0 0 0
4.535936 -0.968305 -9.533417 0.314987 0.686881 0.654965 0.836654 -0.538594 -0.099631 0 0 0 0 0 0
4.974667 -1.062672 -9.721444 0.277243 0.259903 0.924979 0.878236 -0.385982 -0.282345 0 0 0 0 0 0
5.292032 -1.097199 -9.840045 0.314399 -0.059332 0.947435 0.912843 0.154486 -0.377958 0 0 0 0 0 0
5.576524 -0.705700 -10.117935 0.299685 -0.565438 0.768420 0.858974 0.140022 -0.492501 0 0 0 0 0 0
5.901188 -0.384029 -10.119683 0.302080 -0.889090 0.343899 0.865756 0.370574 -0.336366 0 0 0 0 0 0
6.225533 -0.150448 -9.942752 0.309043 -0.931101 -0.193762 0.873675 0.482815 -0.059847 0 0 0 0 0 0
6.552192 -0.069556 -9.671291 0.318802 -0.664034 -0.676331 0.877077 0.430154 0.213784 0 0 0 0 0 0
6.881563 -0.154571 -9.416290 0.328354 -0.156982 -0.931418 0.874384 0.254628 0.413059 0 0 0 0 0 0
7.213292 -0.353040 -9.258807 0.333947 0.418534 -0.844576 0.865311 0.002643 0.501229 0 0 0 0 0 0
7.545940 -0.594393 -9.227707 0.332885 0.838101 -0.432175 0.852458 -0.275617 0.444241 0 0 0 0 0 0
7.877562 -0.819670 -9.323324 0.325482 0.934698 0.142832 0.841308 -0.491627 0.224729 0 0 0 0 0 0
8.206524 -0.968305 -9.533417 0.314987 0.686881 0.654965 0.836654 -0.538594 -0.099631 0 0 0 0 0 0
8.646457 -1.051891 -9.704238 0.280698 0.257646 0.924569 0.884432 -0.377741 -0.274027 0 0 0 0 0 0
8.967002 -1.101113 -9.833933 0.310454 -0.059698 0.948712 0.909292 0.140249 -0.391815 0 0 0 0 0 0
9.245296 -0.700228 -10.113002 0.299686 -0.565443 0.768416 0.859451 0.134688 -0.493157 0 0 0 0 0 0
9.572695 -0.381982 -10.115267 0.302086 -0.889086 0.343905 0.865756 0.370582 -0.336356 0 0 0 0 0 0
9.897061 -0.148390 -9.938330 0.309037 -0.931103 -0.193762 0.873678 0.482808 -0.059864 0 0 0 0 0 0
10.223691 -0.067505 -9.666870 0.318803 -0.664037 -0.676328 0.877075 0.430151 0.213799 0 0 0 0 0 0
10.553084 -0.152517 -9.411871 0.328348 -0.156983 -0.931420 0.874388 0.254633 0.413046 0 0 0 0 0 0
10.884791 -0.350990 -9.254375 0.333945 0.418531 -0.844578 0.865302 0.002641 0.501243 0 0 0 0 0 0
11.217458 -0.592339 -9.223289 0.332879 0.838103 -0.432176 0.852469 -0.275609 0.444226 0 0 0 0 0 0
11.549062 -0.817609 -9.318910 0.325483 0.934698 0.142832 0.841305 -0.491633 0.224727 0 0 0 0 0 0
11.878031 -0.966259 -9.528998 0.314985 0.686879 0.654967 0.836646 -0.538609 -0.099618 0 0 0 0 0 0
12.316761 -1.060626 -9.717023 0.277243 0.259906 0.924978 0.878238 -0.385976 -0.282348 0 0 0 0 0 0
12.634120 -1.095134 -9.835612 0.314408 -0.059340 0.947432 0.912848 0.154494 -0.377943 0 0 0 0 0 0
12.918629 -0.703652 -10.113505 0.299686 -0.565443 0.768416 0.858969 0.140017 -0.492512 0 0 0 0 0 0
13.243283 -0.381982 -10.115267 0.302086 -0.889086 0.343905 0.865756 0.370582 -0.336356 0 0 0 0 0 0
13.567649 -0.148390 -9.938330 0.309037 -0.931103 -0.193762 0.873678 0.482808 -0.059864 0 0 0 0 0 0
13.894270 -0.067508 -9.666872 0.318835 -0.664029 -0.676320 0.877082 0.430135 0.213801 0 0 0 0 0 0
14.223717 -0.152509 -9.411860 0.328335 -0.156984 -0.931425 0.874375 0.254650 0.413065 0 0 0 0 0 0
14.555301 -0.351000 -9.254378 0.333984 0.418525 -0.844566 0.865291 0.002610 0.501264 0 0 0 0 0 0
14.738410 0.137976 -8.070489 0.332892 -0.838098 0.432174 0.164406 -0.628452 0.760275 0 0 0 0 0 0
15.203157 -0.475186 -6.247195 0.325500 -0.934691 -0.142838 0.841301 0.491636 -0.224736 0 0 0 0 0 0
15.532118 -0.326547 -6.037109 0.315017 -0.686870 -0.654961 0.836648 0.538601 0.099646 0 0 0 0 0 0
15.972083 -0.242955 -5.866289 0.280678 -0.257647 -0.924574 0.884420 0.377768 0.274031 0 0 0 0 0 0
16.291652 -0.191738 -5.732182 0.310402 0.059697 -0.948729 0.908036 -0.135145 0.396492 0 0 0 0 0 0
16.569959 -0.592585 -5.453117 0.299643 0.565451 -0.768427 0.859442 -0.134689 0.493171 0 0 0 0 0 0
16.897263 -0.910825 -5.450872 0.302129 0.889076 -0.343894 0.865745 -0.370623 0.336340 0 0 0 0 0 0
17.227041 -1.134158 -5.654539 0.309055 0.931097 0.193761 0.885762 -0.464131 0.002787 0 0 0 0 0 0
17.560985 -1.225306 -5.938910 0.318816 0.664033 0.676325 0.877032 -0.430210 -0.213857 0 0 0 0 0 0
17.890443 -1.140295 -6.193876 0.328342 0.156978 0.931423 0.874421 -0.254628 -0.412980 0 0 0 0 0 0
18.222085 -0.941811 -6.351382 0.333986 -0.418527 0.844564 0.865294 -0.002617 -0.501258 0 0 0 0 0 0
18.554895 -0.700474 -6.382493 0.332827 -0.838119 0.432184 0.852473 0.275576 -0.444238 0 0 0 0 0 0
18.886386 -0.475202 -6.286840 0.325436 -0.934713 -0.142841 0.841304 0.491622 -0.224756 0 0 0 0 0 0
19.215348 -0.326567 -6.076765 0.314954 -0.686885 -0.654976 0.836651 0.538601 0.099622 0 0 0 0 0 0
19.654053 -0.232197 -5.888748 0.277245 -0.259906 -0.924978 0.878233 0.385976 0.282364 0 0 0 0 0 0
19.971426 -0.197670 -5.770148 0.314421 0.059337 -0.947427 0.912839 -0.154487 0.377967 0 0 0 0 0 0
20.753263 0.046773 -5.473306 -0.958744 0.000000 0.284272 -0.425698 -0.175624 0.887658 0 0 0 0 0 0
17.273412 -0.000000 -4.178941 0.000000 1.000000 0.000000 0.000000 0.000000 1.000000 0 0 0 0 0 0
17.796000 0.000000 -4.418671 0.000000 1.000000 0.000000 0.000000 0.000000 1.000000 0 0 0 0 0 0
20.056654 0.017050 -6.447306 -0.941348 -0.000000 0.337437 -0.455830 0.794956 0.400330 0 0 0 0 0 0
19.905981 -0.344171 -6.131973 -0.314421 -0.059337 0.947427 -0.853107 0.027387 -0.521017 0 0 0 0 0 0
19.481822 -0.178080 -6.324433 -0.277245 0.259906 0.924978 -0.906762 0.018129 -0.421253 0 0 0 0 0 0
19.307465 -0.645107 -6.457936 -0.314954 0.686885 0.654976 -0.888906 -0.294250 -0.351089 0 0 0 0 0 0
18.940636 -0.967645 -6.371133 -0.325436 0.934713 0.142841 -0.875684 -0.415439 -0.246145 0 0 0 0 0 0
18.609912 -1.120242 -6.169598 -0.332827 0.838119 -0.432184 -0.865781 -0.500371 0.007199 0 0 0 0 0 0
18.278044 -1.147226 -5.927282 -0.333986 0.418527 -0.844564 -0.852239 -0.438279 0.285659 0 0 0 0 0 0
17.946359 -1.047891 -5.701789 -0.328342 -0.156978 -0.931423 -0.840873 -0.213531 0.497330 0 0 0 0 0 0
17.789107 -1.106781 -4.825924 -0.315018 0.686873 0.654957 -0.144382 0.576170 0.804476 0 0 0 0 0 0
17.322973 -0.967651 -2.849336 -0.325500 0.934691 0.142838 -0.875679 -0.415463 -0.246125 0 0 0 0 0 0
16.895620 -0.988939 -2.847465 -0.302068 0.889091 -0.343907 -0.936315 -0.346962 -0.054137 0 0 0 0 0 0
16.645529 -1.058151 -2.544521 -0.299643 0.565451 -0.768427 -0.860310 -0.440244 0.257006 0 0 0 0 0 0
16.278491 -0.939917 -2.401742 -0.310467 0.059697 -0.948708 -0.923951 -0.161473 0.346757 0 0 0 0 0 0
15.815251 -1.110622 -2.221561 -0.280678 -0.257643 -0.924575 -0.915514 -0.001192 0.402285 0 0 0 0 0 0
15.638808 -0.649024 -2.088327 -0.315017 -0.686873 -0.654958 -0.888315 0.296672 0.350544 0 0 0 0 0 0
15.273940 -0.325155 -2.175798 -0.325502 -0.934691 -0.142833 -0.875680 0.415457 0.246130 0 0 0 0 0 0
14.943211 -0.172542 -2.377329 -0.332892 -0.838099 0.432172 -0.865773 0.500385 -0.007218 0 0 0 0 0 0
14.611205 -0.145550 -2.619646 -0.333985 -0.418526 0.844565 -0.852284 0.438236 -0.285590 0 0 0 0 0 0
14.279581 -0.244921 -2.845149 -0.328335 0.156984 0.931425 -0.840874 0.213533 -0.497328 0 0 0 0 0 0
13.950361 -0.458789 -2.992119 -0.318835 0.664029 0.676320 -0.836244 -0.111484 -0.536905 0 0 0 0 0 0
13.623454 -0.734579 -2.993982 -0.309037 0.931103 0.193762 -0.839708 -0.400826 -0.366372 0 0 0 0 0 0
13.298762 -0.969414 -2.825951 -0.302086 0.889086 -0.343905 -0.848913 -0.525551 -0.056067 0 0 0 0 0 0
12.974975 -1.058155 -2.544528 -0.299686 0.565443 -0.768416 -0.860332 -0.440209 0.256992 0 0 0 0 0 0
12.607497 -0.936597 -2.421383 -0.314408 0.059340 -0.947432 -0.929869 -0.154549 0.333854 0 0 0 0 0 0
12.144514 -1.114717 -2.222507 -0.277243 -0.259906 -0.924979 -0.906758 -0.018126 0.421262 0 0 0 0 0 0
12.075434 -1.153308 -1.233952 -0.314986 0.686879 0.654967 -0.169883 0.544157 0.821604 0 0 0 0 0 0
11.586839 -0.967650 0.727345 -0.325481 0.934698 0.142835 -0.875678 -0.415459 -0.246134 0 0 0 0 0 0
11.256113 -1.120255 0.928877 -0.332885 0.838100 -0.432175 -0.865773 -0.500385 0.007220 0 0 0 0 0 0
10.924092 -1.147253 1.171183 -0.333947 0.418534 -0.844576 -0.852268 -0.438266 0.285590 0 0 0 0 0 0
10.592580 -1.047875 1.396685 -0.328354 -0.156977 -0.931419 -0.840864 -0.213516 0.497352 0 0 0 0 0 0
10.263192 -0.834031 1.543669 -0.318803 -0.664035 -0.676330 -0.836280 0.111435 0.536860 0 0 0 0 0 0
9.936412 -0.558218 1.545507 -0.309043 -0.931101 -0.193762 -0.839684 0.400866 0.366383 0 0 0 0 0 0
9.611662 -0.323386 1.377499 -0.302081 -0.889090 0.343899 -0.848918 0.525543 0.056059 0 0 0 0 0 0
9.287906 -0.234654 1.096059 -0.299685 -0.565442 0.768417 -0.860327 0.440217 -0.256995 0 0 0 0 0 0
8.920797 -0.352875 0.953274 -0.310454 -0.059696 0.948712 -0.923947 0.161488 -0.346761 0 0 0 0 0 0
8.458179 -0.183540 0.769511 -0.280699 0.257645 0.924569 -0.914625 -0.000078 -0.404302 0 0 0 0 0 0
8.280131 -0.645807 0.635434 -0.314986 0.686878 0.654967 -0.888354 -0.296613 -0.350496 0 0 0 0 0 0
7.915332 -0.969698 0.722924 -0.325482 0.934698 0.142835 -0.875680 -0.415456 -0.246133 0 0 0 0 0 0
7.584608 -1.122315 0.924454 -0.332884 0.838101 -0.432174 -0.865768 -0.500393 0.007216 0 0 0 0 0 0
7.252575 -1.149314 1.166763 -0.333946 0.418536 -0.844575 -0.852276 -0.438255 0.285582 0 0 0 0 0 0
6.921074 -1.049917 1.392255 -0.328355 -0.156985 -0.931417 -0.840860 -0.213515 0.497359 0 0 0 0 0 0
6.780768 -0.835071 2.192677 -0.318802 0.664034 0.676331 -0.141496 0.623314 0.769063 0 0 0 0 0 0
6.281398 -0.736639 4.060442 -0.309043 0.931101 0.193762 -0.839690 -0.400869 -0.366367 0 0 0 0 0 0
5.956643 -0.971478 4.228438 -0.302080 0.889090 -0.343899 -0.848913 -0.525549 -0.056080 0 0 0 0 0 0
5.632892 -1.060198 4.509882 -0.299685 0.565438 -0.768420 -0.860328 -0.440213 0.256999 0 0 0 0 0 0
5.265387 -0.938650 4.633016 -0.314399 0.059332 -0.947435 -0.929870 -0.154561 0.333844 0 0 0 0 0 0
4.802424 -1.116774 4.831893 -0.277243 -0.259903 -0.924979 -0.906754 -0.018115 0.421271 0 0 0 0 0 0
4.628085 -0.649743 4.965386 -0.314987 -0.686881 -0.654965 -0.888902 0.294259 0.351090 0 0 0 0 0 0
4.261232 -0.327213 4.878596 -0.325482 -0.934698 -0.142832 -0.875677 0.415457 0.246142 0 0 0 0 0 0
3.930507 -0.174602 4.677071 -0.332885 -0.838101 0.432175 -0.865770 0.500389 -0.007215 0 0 0 0 0 0
3.598489 -0.147603 4.434754 -0.333947 -0.418534 0.844576 -0.852268 0.438262 -0.285597 0 0 0 0 0 0
3.266975 -0.246990 4.209263 -0.328354 0.156982 0.931418 -0.840867 0.213514 -0.497347 0 0 0 0 0 0
2.937585 -0.460824 4.062264 -0.318802 0.664034 0.676331 -0.836274 -0.111431 -0.536869 0 0 0 0 0 0
2.610809 -0.736639 4.060442 -0.309043 0.931101 0.193762 -0.839690 -0.400869 -0.366367 0 0 0 0 0 0
2.286055 -0.971478 4.228438 -0.302080 0.889090 -0.343899 -0.848913 -0.525549 -0.056080 0 0 0 0 0 0
1.962304 -1.060198 4.509882 -0.299685 0.565438 -0.768420 -0.860328 -0.440213 0.256999 0 0 0 0 0 0
1.595192 -0.941979 4.652658 -0.310455 0.059691 -0.948712 -0.923948 -0.161493 0.346757 0 0 0 0 0 0
1.132042 -1.112678 4.832833 -0.280699 -0.257646 -0.924568 -0.915507 -0.001198 0.402299 0 0 0 0 0 0
1.061767 -1.154586 5.820255 -0.314989 0.686880 0.654964 -0.169578 0.543975 0.821787 0 0 0 0 0 0
0.574146 -0.969695 7.781741 -0.325482 0.934697 0.142839 -0.875681 -0.415457 -0.246126 0 0 0 0 0 0
0.243432 -1.122316 7.983285 -0.332883 0.838102 -0.432174 -0.865766 -0.500396 0.007220 0 0 0 0 0 0
-0.088596 -1.149313 8.225589 -0.333947 0.418536 -0.844575 -0.852274 -0.438259 0.285583 0 0 0 0 0 0
-0.420103 -1.049918 8.451078 -0.328355 -0.156985 -0.931418 -0.840863 -0.213516 0.497353 0 0 0 0 0 0
-0.749496 -0.836093 8.598074 -0.318801 -0.664036 -0.676330 -0.836276 0.111432 0.536866 0 0 0 0 0 0
-1.076271 -0.560270 8.599911 -0.309043 -0.931101 -0.193762 -0.839684 0.400867 0.366384 0 0 0 0 0 0
-1.401018 -0.325439 8.431903 -0.302082 -0.889090 0.343899 -0.848916 0.525547 0.056058 0 0 0 0 0 0
-1.724776 -0.236706 8.150458 -0.299684 -0.565440 0.768419 -0.860326 0.440218 -0.256996 0 0 0 0 0 0
-2.092278 -0.358259 8.027322 -0.314399 -0.059337 0.947435 -0.929873 0.154550 -0.333843 0 0 0 0 0 0
-2.555240 -0.180144 7.828444 -0.277243 0.259904 0.924979 -0.906754 0.018119 -0.421271 0 0 0 0 0 0
-2.729581 -0.647167 7.694952 -0.314987 0.686880 0.654965 -0.888902 -0.294261 -0.351089 0 0 0 0 0 0
-3.096434 -0.969695 7.781742 -0.325482 0.934697 0.142839 -0.875680 -0.415460 -0.246126 0 0 0 0 0 0
-3.427155 -1.122316 7.983284 -0.332884 0.838101 -0.432173 -0.865769 -0.500391 0.007219 0 0 0 0 0 0
-3.759191 -1.149314 8.225588 -0.333947 0.418536 -0.844575 -0.852277 -0.438257 0.285579 0 0 0 0 0 0
-4.102858 -1.050029 8.442899 -0.328354 -0.156977 -0.931419 -0.850400 -0.207831 0.483350 0 0 0 0 0 0
-4.244549 -0.833013 9.245400 -0.318803 0.664037 0.676328 -0.141497 0.623315 0.769062 0 0 0 0 0 0
-4.743923 -0.734584 11.113150 -0.309043 0.931101 0.193762 -0.839685 -0.400869 -0.366379 0 0 0 0 0 0
-5.068672 -0.969415 11.281162 -0.302080 0.889087 -0.343905 -0.848916 -0.525545 -0.056073 0 0 0 0 0 0
-5.392430 -1.058153 11.562589 -0.299686 0.565443 -0.768416 -0.860327 -0.440215 0.256999 0 0 0 0 0 0
-5.759930 -0.936600 11.685730 -0.314401 0.059340 -0.947434 -0.929873 -0.154552 0.333843 0 0 0 0 0 0
-6.222891 -1.114711 11.884605 -0.277245 -0.259908 -0.924977 -0.906753 -0.018125 0.421272 0 0 0 0 0 0
-6.397234 -0.647695 12.018112 -0.314985 -0.686879 -0.654967 -0.888898 0.294265 0.351096 0 0 0 0 0 0
-6.764094 -0.325162 11.931307 -0.325483 -0.934698 -0.142832 -0.875688 0.415445 0.246123 0 0 0 0 0 0
-7.094813 -0.172546 11.729780 -0.332885 -0.838101 0.432175 -0.865764 0.500401 -0.007220 0 0 0 0 0 0
-7.426843 -0.145550 11.487477 -0.333947 -0.418534 0.844576 -0.852276 0.438258 -0.285579 0 0 0 0 0 0
-7.758343 -0.244938 11.261973 -0.328354 0.156983 0.931418 -0.840855 0.213520 -0.497365 0 0 0 0 0 0
-8.087732 -0.458770 11.114989 -0.318803 0.664037 0.676328 -0.836279 -0.111433 -0.536862 0 0 0 0 0 0
-8.414511 -0.734584 11.113150 -0.309043 0.931101 0.193762 -0.839685 -0.400869 -0.366379 0 0 0 0 0 0
-8.739261 -0.969415 11.281162 -0.302080 0.889087 -0.343905 -0.848916 -0.525545 -0.056073 0 0 0 0 0 0
-9.063018 -1.058153 11.562589 -0.299686 0.565443 -0.768416 -0.860327 -0.440215 0.256999 0 0 0 0 0 0
-9.430124 -0.939930 11.705385 -0.310454 0.059698 -0.948712 -0.923946 -0.161487 0.346764 0 0 0 0 0 0
-9.893273 -1.110616 11.885545 -0.280705 -0.257641 -0.924568 -0.915514 -0.001182 0.402283 0 0 0 0 0 0
-10.069882 -0.649044 12.018805 -0.314985 -0.686879 -0.654967 -0.888350 0.296606 0.350512 0 0 0 0 0 0
-10.434683 -0.325162 11.931307 -0.325483 -0.934698 -0.142832 -0.875688 0.415445 0.246123 0 0 0 0 0 0
-10.765401 -0.172546 11.729780 -0.332885 -0.838101 0.432175 -0.865764 0.500401 -0.007220 0 0 0 0 0 0
-11.097431 -0.145550 11.487477 -0.333947 -0.418534 0.844576 -0.852276 0.438258 -0.285579 0 0 0 0 0 0
-11.428931 -0.244938 11.261973 -0.328354 0.156983 0.931418 -0.840855 0.213520 -0.497365 0 0 0 0 0 0
-11.758320 -0.458770 11.114989 -0.318803 0.664037 0.676328 -0.836279 -0.111433 -0.536862 0 0 0 0 0 0
-12.085099 -0.734584 11.113150 -0.309043 0.931101 0.193762 -0.839685 -0.400869 -0.366379 0 0 0 0 0 0
-12.409849 -0.969415 11.281162 -0.302080 0.889087 -0.343905 -0.848916 -0.525545 -0.056073 0 0 0 0 0 0
-12.733607 -1.058153 11.562589 -0.299686 0.565443 -0.768416 -0.860327 -0.440215 0.256999 0 0 0 0 0 0
-13.101106 -0.936600 11.685730 -0.314401 0.059340 -0.947434 -0.929873 -0.154552 0.333843 0 0 0 0 0 0
-13.564068 -1.114711 11.884605 -0.277245 -0.259908 -0.924977 -0.906753 -0.018125 0.421272 0 0 0 0 0 0
-13.738401 -0.647697 12.018110 -0.315016 -0.686872 -0.654960 -0.888904 0.294260 0.351086 0 0 0 0 0 0
-14.105305 -0.325155 11.931314 -0.325502 -0.934691 -0.142831 -0.875682 0.415457 0.246124 0 0 0 0 0 0
-14.436037 -0.172542 11.729786 -0.332892 -0.838099 0.432173 -0.865772 0.500387 -0.007214 0 0 0 0 0 0
-14.768064 -0.145546 11.487473 -0.333921 -0.418538 0.844584 -0.852265 0.438279 -0.285579 0 0 0 0 0 0
-15.099457 -0.244954 11.261969 -0.328341 0.156984 0.931423 -0.840823 0.213526 -0.497417 0 0 0 0 0 0
-15.269110 -0.458686 10.461614 -0.318816 -0.664033 -0.676325 -0.149186 -0.622413 -0.768340 0 0 0 0 0 0
-15.772274 -0.558220 8.593811 -0.308994 -0.931117 -0.193765 -0.839683 0.400849 0.366405 0 0 0 0 0 0
-16.096886 -0.323398 8.425774 -0.302068 -0.889091 0.343906 -0.848900 0.525572 0.056063 0 0 0 0 0 0
-16.420664 -0.234659 8.144361 -0.299704 -0.565440 0.768411 -0.860332 0.440201 -0.257006 0 0 0 0 0 0
-16.787797 -0.352873 8.001558 -0.310467 -0.059696 0.948708 -0.923939 0.161490 -0.346783 0 0 0 0 0 0
-17.250486 -0.183512 7.817802 -0.280678 0.257646 0.924575 -0.914655 -0.000043 -0.404234 0 0 0 0 0 0
-17.428392 -0.645829 7.683737 -0.315018 0.686873 0.654958 -0.888317 -0.296679 -0.350534 0 0 0 0 0 0
-17.793263 -0.969700 7.771201 -0.325501 0.934690 0.142838 -0.875680 -0.415460 -0.246124 0 0 0 0 0 0
-18.123986 -1.122321 7.972748 -0.332891 0.838099 -0.432172 -0.865771 -0.500388 0.007217 0 0 0 0 0 0
-18.455997 -1.149314 8.215053 -0.333986 0.418530 -0.844563 -0.852287 -0.438234 0.285584 0 0 0 0 0 0
-18.787614 -1.049936 8.440564 -0.328341 -0.156985 -0.931422 -0.840873 -0.213532 0.497330 0 0 0 0 0 0
-19.116854 -0.836069 8.587541 -0.318814 -0.664033 -0.676327 -0.836234 0.111484 0.536920 0 0 0 0 0 0
-19.443688 -0.560277 8.589387 -0.309056 -0.931097 -0.193761 -0.839709 0.400833 0.366363 0 0 0 0 0 0
-19.768383 -0.325433 8.421363 -0.302129 -0.889076 0.343894 -0.848900 0.525576 0.056030 0 0 0 0 0 0
-20.092322 -0.236683 8.139944 -0.299642 -0.565448 0.768429 -0.860358 0.440195 -0.256927 0 0 0 0 0 0
-20.459694 -0.358273 8.016792 -0.314353 -0.059338 0.947450 -0.929869 0.154555 -0.333852 0 0 0 0 0 0
-20.922657 -0.180140 7.817943 -0.277243 0.259904 0.924979 -0.906778 0.018125 -0.421219 0 0 0 0 0 0
-20.961264 -0.141949 6.829207 -0.314954 -0.686885 -0.654976 -0.161166 -0.544950 -0.822834 0 0 0 0 0 0
-21.447265 -0.327197 4.868039 -0.325501 -0.934692 -0.142831 -0.875637 0.415544 0.246135 0 0 0 0 0 0
-21.778060 -0.174596 4.666543 -0.332892 -0.838099 0.432173 -0.865772 0.500387 -0.007213 0 0 0 0 0 0
-22.110065 -0.147603 4.424228 -0.333986 -0.418528 0.844564 -0.852285 0.438232 -0.285592 0 0 0 0 0 0
-22.441688 -0.246974 4.198724 -0.328341 0.156983 0.931423 -0.840876 0.213529 -0.497325 0 0 0 0 0 0
-22.771067 -0.460817 4.051749 -0.318753 0.664049 0.676340 -0.836287 -0.111398 -0.536856 0 0 0 0 0 0
-23.097695 -0.736641 4.049932 -0.309055 0.931097 0.193761 -0.839657 -0.400924 -0.366383 0 0 0 0 0 0
-23.392312 -0.971236 4.231578 -0.302129 0.889073 -0.343900 -0.833527 -0.551417 -0.034222 0 0 0 0 0 0
-23.714907 -1.058169 4.509591 -0.299704 0.565440 -0.768411 -0.860306 -0.440241 0.257024 0 0 0 0 0 0
-24.082487 -0.936625 4.632707 -0.314355 0.059341 -0.947449 -0.929900 -0.154576 0.333756 0 0 0 0 0 0
-24.545273 -1.114674 4.831591 -0.277245 -0.259908 -0.924977 -0.906712 -0.018087 0.421363 0 0 0 0 0 0
-24.719668 -0.647704 4.965103 -0.315016 -0.686872 -0.654960 -0.888916 0.294240 0.351071 0 0 0 0 0 0
-25.086576 -0.325155 4.878307 -0.325502 -0.934691 -0.142831 -0.875682 0.415457 0.246124 0 0 0 0 0 0
-25.417308 -0.172542 4.676779 -0.332892 -0.838099 0.432173 -0.865772 0.500387 -0.007214 0 0 0 0 0 0
-25.749335 -0.145546 4.434466 -0.333921 -0.418538 0.844584 -0.852265 0.438279 -0.285579 0 0 0 0 0 0
-26.080707 -0.244954 4.208970 -0.328405 0.156980 0.931401 -0.840847 0.213485 -0.497394 0 0 0 0 0 0
-26.806791 -0.392280 4.185404 0.997089 0.024208 -0.072307 0.586167 -0.551840 -0.593196 0 0 0 0 0 0
-22.506706 -0.533413 2.975118 0.000000 1.000000 0.000000 0.000000 0.000000 1.000000 0 0 0 0 0 0
-22.976706 -0.533413 3.432871 0.000000 1.000000 0.000000 0.000000 0.000000 1.000000 0 0 0 0 0 0
-26.150141 -0.666668 5.249156 0.991968 0.023479 -0.124293 -0.177515 0.850391 -0.495302 0 0 0 0 0 0
-26.372546 -0.186439 4.677460 0.328405 -0.156980 -0.931401 0.852014 -0.046367 0.521462 0 0 0 0 0 0
-25.804985 -0.350968 4.858572 0.333921 0.418538 -0.844584 0.865321 0.002685 0.501211 0 0 0 0 0 0
-25.472484 -0.592344 4.889633 0.332892 0.838099 -0.432173 0.852448 -0.275656 0.444237 0 0 0 0 0 0
-25.140843 -0.817612 4.794024 0.325502 0.934691 0.142831 0.841307 -0.491634 0.224719 0 0 0 0 0 0
-24.811882 -0.966264 4.583932 0.315016 0.686872 0.654960 0.836642 -0.538612 -0.099635 0 0 0 0 0 0
-24.373044 -1.060646 4.395937 0.277245 0.259908 0.924977 0.878273 -0.385948 -0.282277 0 0 0 0 0 0
-24.055708 -1.095130 4.277311 0.314355 -0.059341 0.947449 0.912832 0.154512 -0.377974 0 0 0 0 0 0
-23.771314 -0.703648 3.999448 0.299704 -0.565440 0.768411 0.858981 0.140024 -0.492489 0 0 0 0 0 0
-23.555008 -1.983722 3.193959 0.302068 0.889091 -0.343906 0.189595 0.521296 -0.832048 0 0 0 0 0 0
-23.169421 -1.148386 1.413379 0.309056 0.931097 0.193761 0.858528 -0.511250 0.039425 0 0 0 0 0 0
-22.843453 -1.227364 1.144646 0.318814 0.664034 0.676326 0.877092 -0.430130 -0.213770 0 0 0 0 0 0
-22.514106 -1.142340 0.889619 0.328341 0.156985 0.931423 0.874359 -0.254645 -0.413101 0 0 0 0 0 0
-22.182482 -0.943859 0.732146 0.333986 -0.418530 0.844563 0.865294 -0.002625 -0.501257 0 0 0 0 0 0
-21.849689 -0.702536 0.701036 0.332891 -0.838099 0.432173 0.852492 0.275581 -0.444198 0 0 0 0 0 0
-21.518115 -0.477240 0.796673 0.325501 -0.934691 -0.142834 0.841303 0.491636 -0.224727 0 0 0 0 0 0
-21.189152 -0.328601 1.006761 0.315017 -0.686871 -0.654960 0.836649 0.538600 0.099643 0 0 0 0 0 0
-20.750432 -0.234229 1.194799 0.277244 -0.259905 -0.924979 0.878209 0.386014 0.282386 0 0 0 0 0 0
-20.432987 -0.199680 1.313363 0.314354 0.059339 -0.947449 0.912900 -0.154429 0.377843 0 0 0 0 0 0
-20.148566 -0.591216 1.591259 0.299643 0.565449 -0.768428 0.858961 -0.140018 0.492525 0 0 0 0 0 0
-19.824008 -0.912881 1.592999 0.302129 0.889076 -0.343894 0.865745 -0.370620 0.336343 0 0 0 0 0 0
-19.499514 -1.146473 1.416110 0.309056 0.931097 0.193761 0.873674 -0.482814 0.059873 0 0 0 0 0 0
-19.172864 -1.227364 1.144646 0.318814 0.664034 0.676326 0.877092 -0.430130 -0.213770 0 0 0 0 0 0
-18.843517 -1.142340 0.889619 0.328341 0.156985 0.931423 0.874359 -0.254645 -0.413101 0 0 0 0 0 0
-18.511894 -0.943859 0.732146 0.333986 -0.418530 0.844563 0.865294 -0.002625 -0.501257 0 0 0 0 0 0
-18.298615 -1.432195 -0.450743 0.332892 0.838099 -0.432172 0.173601 0.627720 -0.758835 0 0 0 0 0 0
-17.831007 -0.819672 -2.275033 0.325501 0.934692 0.142831 0.841304 -0.491637 0.224723 0 0 0 0 0 0
-17.502028 -0.968317 -2.485132 0.314955 0.686886 0.654974 0.836623 -0.538644 -0.099623 0 0 0 0 0 0
-17.062166 -1.051882 -2.655937 0.280678 0.257647 0.924574 0.884438 -0.377735 -0.274018 0 0 0 0 0 0
-16.741604 -1.101114 -2.785628 0.310467 -0.059697 0.948708 0.909305 0.140233 -0.391790 0 0 0 0 0 0
-16.463292 -0.700222 -3.064715 0.299704 -0.565440 0.768411 0.859436 0.134706 -0.493177 0 0 0 0 0 0
-16.135827 -0.381988 -3.066986 0.302068 -0.889091 0.343907 0.865772 0.370547 -0.336352 0 0 0 0 0 0
-15.811483 -0.148393 -2.890038 0.308994 -0.931117 -0.193765 0.873679 0.482803 -0.059879 0 0 0 0 0 0
-15.484976 -0.067521 -2.618564 0.318816 -0.664034 -0.676325 0.877053 0.430175 0.213841 0 0 0 0 0 0
-15.155439 -0.152505 -2.363592 0.328341 -0.156984 -0.931423 0.874422 0.254622 0.412982 0 0 0 0 0 0
-14.823779 -0.351001 -2.206084 0.333922 0.418539 -0.844584 0.865278 0.002645 0.501285 0 0 0 0 0 0
-14.491212 -0.592343 -2.175008 0.332892 0.838099 -0.432173 0.852446 -0.275655 0.444241 0 0 0 0 0 0
-14.159572 -0.817612 -2.270615 0.325502 0.934691 0.142831 0.841307 -0.491634 0.224720 0 0 0 0 0 0
-13.830611 -0.966264 -2.480708 0.315016 0.686873 0.654959 0.836643 -0.538609 -0.099638 0 0 0 0 0 0
-13.391796 -1.060643 -2.668711 0.277245 0.259907 0.924978 0.878260 -0.385962 -0.282297 0 0 0 0 0 0
-13.074468 -1.095134 -2.787320 0.314401 -0.059340 0.947434 0.912843 0.154490 -0.377955 0 0 0 0 0 0
-12.789967 -0.703652 -3.065210 0.299686 -0.565443 0.768416 0.858972 0.140016 -0.492507 0 0 0 0 0 0
-12.573783 -1.983728 -3.870682 0.302086 0.889086 -0.343904 0.189596 0.521291 -0.832051 0 0 0 0 0 0
-12.157445 -1.144413 -5.638305 0.309043 0.931101 0.193762 0.873680 -0.482805 0.059862 0 0 0 0 0 0
-11.830804 -1.225301 -5.909766 0.318804 0.664036 0.676328 0.877073 -0.430155 -0.213800 0 0 0 0 0 0
-11.501422 -1.140282 -6.164763 0.328354 0.156977 0.931419 0.874389 -0.254635 -0.413043 0 0 0 0 0 0
-11.169704 -0.941819 -6.322262 0.333947 -0.418533 0.844576 0.865299 -0.002643 -0.501249 0 0 0 0 0 0
-10.837046 -0.700471 -6.353348 0.332885 -0.838100 0.432175 0.852472 0.275616 -0.444216 0 0 0 0 0 0
-10.505434 -0.475186 -6.257726 0.325481 -0.934697 -0.142839 0.841296 0.491640 -0.224746 0 0 0 0 0 0
-10.176475 -0.326553 -6.047643 0.314992 -0.686876 -0.654967 0.836654 0.538594 0.099631 0 0 0 0 0 0
-9.736530 -0.242964 -5.876830 0.280700 -0.257647 -0.924568 0.884435 0.377737 0.274025 0 0 0 0 0 0
-9.416991 -0.191761 -5.742696 0.310461 0.059696 -0.948710 0.907996 -0.135179 0.396573 0 0 0 0 0 0
-9.138598 -0.592575 -5.463631 0.299680 0.565444 -0.768417 0.859454 -0.134682 0.493153 0 0 0 0 0 0
-8.811227 -0.910825 -5.461371 0.302086 0.889086 -0.343904 0.865751 -0.370590 0.336360 0 0 0 0 0 0
-8.486857 -1.144413 -5.638305 0.309043 0.931101 0.193762 0.873680 -0.482805 0.059862 0 0 0 0 0 0
-8.160216 -1.225301 -5.909766 0.318804 0.664036 0.676328 0.877073 -0.430155 -0.213800 0 0 0 0 0 0
-7.830834 -1.140282 -6.164763 0.328354 0.156977 0.931419 0.874389 -0.254635 -0.413043 0 0 0 0 0 0
-7.499115 -0.941819 -6.322262 0.333947 -0.418533 0.844576 0.865299 -0.002643 -0.501249 0 0 0 0 0 0
-7.285983 -1.430143 -7.505141 0.332885 0.838101 -0.432175 0.173582 0.627720 -0.758839 0 0 0 0 0 0
-6.818356 -0.817612 -9.329440 0.325483 0.934698 0.142832 0.841303 -0.491637 0.224730 0 0 0 0 0 0
-6.489383 -0.966258 -9.539526 0.314985 0.686879 0.654967 0.836654 -0.538598 -0.099612 0 0 0 0 0 0
-6.050649 -1.060626 -9.727543 0.277245 0.259908 0.924977 0.878242 -0.385973 -0.282341 0 0 0 0 0 0
-5.733291 -1.095134 -9.846144 0.314401 -0.059340 0.947434 0.912843 0.154489 -0.377955 0 0 0 0 0 0
-5.448791 -0.703652 -10.124034 0.299686 -0.565443 0.768416 0.858972 0.140016 -0.492507 0 0 0 0 0 0
-5.124127 -0.381981 -10.125799 0.302080 -0.889087 0.343905 0.865754 0.370583 -0.336359 0 0 0 0 0 0
-4.799785 -0.148391 -9.948858 0.309043 -0.931101 -0.193762 0.873674 0.482814 -0.059860 0 0 0 0 0 0
-4.473126 -0.067503 -9.677404 0.318803 -0.664037 -0.676328 0.877079 0.430145 0.213792 0 0 0 0 0 0
-4.143754 -0.152519 -9.422400 0.328354 -0.156983 -0.931418 0.874383 0.254632 0.413057 0 0 0 0 0 0
-3.801081 -0.349423 -9.260855 0.333947 0.418534 -0.844576 0.869895 0.006842 0.493189 0 0 0 0 0 0
-3.465825 -0.594393 -9.227707 0.332885 0.838101 -0.432175 0.852458 -0.275617 0.444241 0 0 0 0 0 0
-3.134203 -0.819670 -9.323324 0.325482 0.934698 0.142832 0.841308 -0.491627 0.224729 0 0 0 0 0 0
-2.805241 -0.968305 -9.533417 0.314987 0.686881 0.654965 0.836654 -0.538594 -0.099631 0 0 0 0 0 0
-2.366510 -1.062672 -9.721444 0.277243 0.259903 0.924979 0.878236 -0.385982 -0.282345 0 0 0 0 0 0
-2.049145 -1.097199 -9.840045 0.314399 -0.059332 0.947435 0.912843 0.154486 -0.377958 0 0 0 0 0 0
-1.764652 -0.705700 -10.117935 0.299685 -0.565438 0.768420 0.858974 0.140022 -0.492501 0 0 0 0 0 0
-1.439989 -0.384029 -10.119682 0.302082 -0.889090 0.343898 0.865756 0.370574 -0.336364 0 0 0 0 0 0
-1.115635 -0.150448 -9.942753 0.309041 -0.931101 -0.193762 0.873676 0.482812 -0.059849 0 0 0 0 0 0
-0.788988 -0.069556 -9.671289 0.318802 -0.664034 -0.676331 0.877074 0.430157 0.213787 0 0 0 0 0 0
-0.459607 -0.154570 -9.416291 0.328353 -0.156982 -0.931419 0.874387 0.254627 0.413053 0 0 0 0 0 0
-0.127891 -0.353043 -9.258806 0.333947 0.418534 -0.844576 0.865306 0.002640 0.501237 0 0 0 0 0 0
0.204768 -0.594390 -9.227707 0.332884 0.838101 -0.432175 0.852464 -0.275610 0.444235 0 0 0 0 0 0
0.536382 -0.819671 -9.323326 0.325482 0.934698 0.142832 0.841304 -0.491634 0.224730 0 0 0 0 0 0
0.865345 -0.968305 -9.533416 0.314989 0.686880 0.654964 0.836656 -0.538591 -0.099631 0 0 0 0 0 0
1.305280 -1.051891 -9.704238 0.280699 0.257646 0.924568 0.884432 -0.377742 -0.274029 0 0 0 0 0 0
1.624833 -1.103104 -9.838373 0.310455 -0.059691 0.948712 0.907995 0.135184 -0.396573 0 0 0 0 0 0
1.903201 -0.702279 -10.117435 0.299685 -0.565438 0.768420 0.859454 0.134698 -0.493149 0 0 0 0 0 0
2.230600 -0.384029 -10.119683 0.302080 -0.889090 0.343899 0.865756 0.370574 -0.336366 0 0 0 0 0 0
2.554945 -0.150448 -9.942752 0.309043 -0.931101 -0.193762 0.873675 0.482815 -0.059847 0 0 0 0 0 0
2.881604 -0.069556 -9.671291 0.318802 -0.664034 -0.676331 0.877077 0.430154 0.213784 0 0 0 0 0 0
3.210975 -0.154571 -9.416290 0.328354 -0.156982 -0.931418 0.874384 0.254628 0.413059 0 0 0 0 0 0
3.542704 -0.353040 -9.258807 0.333947 0.418534 -0.844576 0.865311 0.002643 0.501229 0 0 0 0 0 0
3.725699 0.135928 -8.074909 0.332884 -0.838101 0.432173 0.164397 -0.628453 0.760276 0 0 0 0 0 0
4.190483 -0.477242 -6.251616 0.325482 -0.934697 -0.142839 0.841304 0.491627 -0.224744 0 0 0 0 0 0
4.519450 -0.328606 -6.041542 0.314987 -0.686880 -0.654965 0.836654 0.538595 0.099626 0 0 0 0 0 0
4.958178 -0.234236 -5.853512 0.277243 -0.259904 -0.924979 0.878236 0.385983 0.282345 0 0 0 0 0 0
5.275539 -0.199720 -5.734911 0.314399 0.059337 -0.947435 0.912843 -0.154489 0.377956 0 0 0 0 0 0
5.560036 -0.591210 -5.457020 0.299684 0.565440 -0.768419 0.858973 -0.140018 0.492505 0 0 0 0 0 0
5.884698 -0.912880 -5.455272 0.302081 0.889090 -0.343899 0.865757 -0.370576 0.336361 0 0 0 0 0 0
6.209046 -1.146460 -5.632193 0.309044 0.931101 0.193762 0.873674 -0.482814 0.059868 0 0 0 0 0 0
6.535701 -1.227362 -5.903659 0.318801 0.664036 0.676330 0.877073 -0.430157 -0.213794 0 0 0 0 0 0
6.865075 -1.142341 -6.158655 0.328356 0.156985 0.931417 0.874389 -0.254619 -0.413053 0 0 0 0 0 0
7.196790 -0.943868 -6.316150 0.333947 -0.418536 0.844575 0.865298 -0.002651 -0.501251 0 0 0 0 0 0
7.529448 -0.702527 -6.347236 0.332884 -0.838101 0.432173 0.852471 0.275617 -0.444217 0 0 0 0 0 0
7.861071 -0.477242 -6.251616 0.325482 -0.934697 -0.142839 0.841304 0.491627 -0.224744 0 0 0 0 0 0
8.190038 -0.328606 -6.041542 0.314987 -0.686880 -0.654965 0.836654 0.538595 0.099626 0 0 0 0 0 0
8.629967 -0.245022 -5.870718 0.280698 -0.257645 -0.924569 0.884433 0.377741 0.274027 0 0 0 0 0 0
8.950196 -0.191268 -5.732510 0.310454 0.059696 -0.948712 0.907596 -0.129161 0.399484 0 0 0 0 0 0
9.228806 -0.592578 -5.453102 0.299686 0.565443 -0.768416 0.859451 -0.134689 0.493156 0 0 0 0 0 0
9.478483 0.687261 -4.651008 0.302086 -0.889086 0.343905 0.203439 -0.522132 0.828246 0 0 0 0 0 0
9.897061 -0.148390 -2.879506 0.309037 -0.931103 -0.193762 0.873678 0.482808 -0.059864 0 0 0 0 0 0
10.223691 -0.067505 -2.608046 0.318803 -0.664037 -0.676328 0.877075 0.430151 0.213799 0 0 0 0 0 0
10.553084 -0.152517 -2.353047 0.328348 -0.156983 -0.931420 0.874388 0.254633 0.413046 0 0 0 0 0 0
10.884791 -0.350990 -2.195558 0.333946 0.418532 -0.844577 0.865305 0.002640 0.501240 0 0 0 0 0 0
11.217459 -0.592337 -2.164467 0.332879 0.838103 -0.432174 0.852467 -0.275608 0.444231 0 0 0 0 0 0
11.549062 -0.817609 -2.260086 0.325483 0.934697 0.142834 0.841304 -0.491633 0.224732 0 0 0 0 0 0
11.878031 -0.966259 -2.470172 0.314985 0.686880 0.654965 0.836648 -0.538606 -0.099624 0 0 0 0 0 0
12.316761 -1.060625 -2.658201 0.277243 0.259906 0.924979 0.878238 -0.385978 -0.282347 0 0 0 0 0 0
12.634120 -1.095134 -2.776789 0.314408 -0.059340 0.947432 0.912848 0.154494 -0.377943 0 0 0 0 0 0
12.918629 -0.703652 -3.054681 0.299686 -0.565443 0.768416 0.858969 0.140017 -0.492512 0 0 0 0 0 0
13.243283 -0.381982 -3.056444 0.302086 -0.889086 0.343905 0.865756 0.370582 -0.336356 0 0 0 0 0 0
13.567649 -0.148390 -2.879506 0.309037 -0.931103 -0.193762 0.873678 0.482808 -0.059864 0 0 0 0 0 0
13.894270 -0.067508 -2.608049 0.318835 -0.664029 -0.676320 0.877082 0.430135 0.213801 0 0 0 0 0 0
14.223717 -0.152509 -2.353036 0.328335 -0.156984 -0.931425 0.874375 0.254650 0.413065 0 0 0 0 0 0
14.555301 -0.351001 -2.195562 0.333985 0.418526 -0.844565 0.865293 0.002609 0.501260 0 0 0 0 0 0
14.738410 0.137977 -1.011668 0.332892 -0.838098 0.432174 0.164405 -0.628452 0.760275 0 0 0 0 0 0
15.203157 -0.475186 0.811625 0.325501 -0.934691 -0.142834 0.841303 0.491636 -0.224728 0 0 0 0 0 0
15.532118 -0.326547 1.021714 0.315017 -0.686871 -0.654960 0.836648 0.538601 0.099641 0 0 0 0 0 0
15.972081 -0.242955 1.192535 0.280679 -0.257647 -0.924574 0.884420 0.377766 0.274034 0 0 0 0 0 0
16.291653 -0.191738 1.326641 0.310402 0.059697 -0.948729 0.908036 -0.135145 0.396492 0 0 0 0 0 0
16.569960 -0.592585 1.605707 0.299643 0.565450 -0.768428 0.859443 -0.134692 0.493169 0 0 0 0 0 0
16.897263 -0.910828 1.607950 0.302129 0.889076 -0.343894 0.865745 -0.370621 0.336343 0 0 0 0 0 0
17.212029 -1.135817 1.399589 0.309055 0.931097 0.193761 0.878517 -0.477682 -0.005211 0 0 0 0 0 0
17.544896 -1.225309 1.117355 0.318753 0.664047 0.676341 0.877082 -0.430152 -0.213767 0 0 0 0 0 0
17.874143 -1.140264 0.862353 0.328341 0.156978 0.931424 0.874378 -0.254635 -0.413068 0 0 0 0 0 0
18.205850 -0.941811 0.704862 0.333987 -0.418528 0.844563 0.865296 -0.002615 -0.501255 0 0 0 0 0 0
18.538641 -0.700481 0.673751 0.332892 -0.838098 0.432174 0.852493 0.275582 -0.444196 0 0 0 0 0 0
18.870216 -0.475186 0.769388 0.325501 -0.934691 -0.142834 0.841303 0.491636 -0.224728 0 0 0 0 0 0
19.199196 -0.326541 0.979481 0.314954 -0.686886 -0.654974 0.836622 0.538645 0.099622 0 0 0 0 0 0
19.637817 -0.232198 1.167493 0.277244 -0.259905 -0.924978 0.878232 0.385979 0.282364 0 0 0 0 0 0
19.955191 -0.197670 1.286092 0.314420 0.059337 -0.947427 0.912839 -0.154487 0.377967 0 0 0 0 0 0
20.773947 0.049513 1.604494 -0.998670 0.000000 -0.051566 -0.553536 -0.214627 0.804694 0 0 0 0 0 0
17.259882 -0.000000 1.701259 0.000000 1.000000 0.000000 0.000000 0.000000 1.000000 0 0 0 0 0 0
17.782471 0.000000 1.461529 0.000000 1.000000 0.000000 0.000000 0.000000 1.000000 0 0 0 0 0 0
20.184689 0.013294 0.339224 -0.999748 -0.000000 0.022462 -0.180446 0.505284 0.843876 0 0 0 0 0 0
19.889746 -0.344172 0.924264 -0.314420 -0.059337 0.947427 -0.853107 0.027387 -0.521017 0 0 0 0 0 0
19.465587 -0.178080 0.731803 -0.277244 0.259905 0.924978 -0.906761 0.018129 -0.421254 0 0 0 0 0 0
19.291230 -0.645108 0.598308 -0.314954 0.686886 0.654974 -0.888907 -0.294249 -0.351086 0 0 0 0 0 0
18.924546 -0.967664 0.685130 -0.325501 0.934691 0.142834 -0.875635 -0.415548 -0.246139 0 0 0 0 0 0
18.593754 -1.120260 0.886636 -0.332892 0.838098 -0.432174 -0.865774 -0.500382 0.007218 0 0 0 0 0 0
18.261744 -1.147253 1.128938 -0.333987 0.418528 -0.844563 -0.852286 -0.438235 0.285584 0 0 0 0 0 0
17.930123 -1.047890 1.354452 -0.328341 -0.156978 -0.931424 -0.840873 -0.213531 0.497330 0 0 0 0 0 0
17.772872 -1.106780 2.230315 -0.315017 0.686870 0.654961 -0.144382 0.576168 0.804478 0 0 0 0 0 0
17.306740 -0.967657 4.206909 -0.325500 0.934691 0.142838 -0.875678 -0.415458 -0.246134 0 0 0 0 0 0
16.894666 -0.991340 4.216357 -0.302068 0.889091 -0.343907 -0.931677 -0.360806 -0.042406 0 0 0 0 0 0
16.645529 -1.058151 4.514303 -0.299643 0.565451 -0.768427 -0.860310 -0.440244 0.257006 0 0 0 0 0 0
16.278491 -0.939917 4.657081 -0.310467 0.059697 -0.948708 -0.923951 -0.161473 0.346757 0 0 0 0 0 0
15.815251 -1.110622 4.837261 -0.280678 -0.257643 -0.924575 -0.915514 -0.001192 0.402283 0 0 0 0 0 0
15.638807 -0.649024 4.970502 -0.315016 -0.686872 -0.654960 -0.888314 0.296672 0.350549 0 0 0 0 0 0
15.273942 -0.325155 4.883022 -0.325502 -0.934691 -0.142831 -0.875682 0.415457 0.246124 0 0 0 0 0 0
14.943210 -0.172542 4.681495 -0.332892 -0.838099 0.432173 -0.865772 0.500387 -0.007214 0 0 0 0 0 0
14.611205 -0.145550 4.439178 -0.333984 -0.418525 0.844566 -0.852283 0.438238 -0.285589 0 0 0 0 0 0
14.279581 -0.244920 4.213675 -0.328335 0.156984 0.931425 -0.840874 0.213532 -0.497327 0 0 0 0 0 0
13.950361 -0.458789 4.066704 -0.318835 0.664029 0.676320 -0.836244 -0.111484 -0.536905 0 0 0 0 0 0
13.623454 -0.734579 4.064841 -0.309037 0.931103 0.193762 -0.839708 -0.400826 -0.366372 0 0 0 0 0 0
13.298762 -0.969414 4.232873 -0.302086 0.889086 -0.343905 -0.848913 -0.525551 -0.056067 0 0 0 0 0 0
12.974975 -1.058155 4.514295 -0.299686 0.565443 -0.768416 -0.860332 -0.440209 0.256992 0 0 0 0 0 0
12.607497 -0.936597 4.637441 -0.314408 0.059340 -0.947432 -0.929869 -0.154549 0.333854 0 0 0 0 0 0
12.144514 -1.114717 4.836315 -0.277243 -0.259906 -0.924978 -0.906758 -0.018126 0.421261 0 0 0 0 0 0
12.075434 -1.153308 5.824871 -0.314985 0.686877 0.654968 -0.169883 0.544156 0.821604 0 0 0 0 0 0
11.586838 -0.967652 7.786165 -0.325481 0.934697 0.142839 -0.875678 -0.415458 -0.246136 0 0 0 0 0 0
11.256115 -1.120255 7.987704 -0.332885 0.838100 -0.432175 -0.865774 -0.500383 0.007223 0 0 0 0 0 0
10.924091 -1.147253 8.230008 -0.333947 0.418533 -0.844576 -0.852268 -0.438267 0.285588 0 0 0 0 0 0
10.592580 -1.047875 8.455508 -0.328354 -0.156977 -0.931419 -0.840864 -0.213516 0.497352 0 0 0 0 0 0
10.263192 -0.834032 8.602493 -0.318804 -0.664036 -0.676328 -0.836278 0.111432 0.536862 0 0 0 0 0 0
9.936412 -0.558220 8.604333 -0.309043 -0.931101 -0.193762 -0.839685 0.400868 0.366379 0 0 0 0 0 0
9.611662 -0.323386 8.436323 -0.302081 -0.889090 0.343899 -0.848918 0.525543 0.056059 0 0 0 0 0 0
9.287905 -0.234654 8.154887 -0.299686 -0.565443 0.768416 -0.860328 0.440216 -0.256993 0 0 0 0 0 0
8.920798 -0.352875 8.012097 -0.310454 -0.059696 0.948712 -0.923946 0.161491 -0.346764 0 0 0 0 0 0
8.458180 -0.183539 7.828330 -0.280698 0.257645 0.924569 -0.914624 -0.000077 -0.404306 0 0 0 0 0 0
8.280131 -0.645808 7.694261 -0.314987 0.686880 0.654965 -0.888356 -0.296611 -0.350494 0 0 0 0 0 0
7.915331 -0.969695 7.781742 -0.325482 0.934697 0.142839 -0.875680 -0.415460 -0.246126 0 0 0 0 0 0
7.584609 -1.122316 7.983284 -0.332884 0.838101 -0.432173 -0.865769 -0.500391 0.007219 0 0 0 0 0 0
7.252574 -1.149314 8.225588 -0.333947 0.418536 -0.844575 -0.852277 -0.438257 0.285579 0 0 0 0 0 0
6.921074 -1.049917 8.451079 -0.328356 -0.156985 -0.931417 -0.840860 -0.213515 0.497358 0 0 0 0 0 0
6.780768 -0.835072 9.251501 -0.318802 0.664034 0.676331 -0.141496 0.623314 0.769063 0 0 0 0 0 0
6.281398 -0.736639 11.119265 -0.309043 0.931101 0.193762 -0.839690 -0.400869 -0.366367 0 0 0 0 0 0
5.956643 -0.971478 11.287262 -0.302080 0.889090 -0.343899 -0.848913 -0.525549 -0.056080 0 0 0 0 0 0
5.632892 -1.060198 11.568706 -0.299685 0.565438 -0.768420 -0.860328 -0.440213 0.256999 0 0 0 0 0 0
5.265387 -0.938650 11.691840 -0.314399 0.059332 -0.947435 -0.929870 -0.154561 0.333844 0 0 0 0 0 0
4.802424 -1.116774 11.890717 -0.277243 -0.259903 -0.924979 -0.906754 -0.018115 0.421271 0 0 0 0 0 0
4.628085 -0.649743 12.024210 -0.314987 -0.686881 -0.654965 -0.888902 0.294259 0.351090 0 0 0 0 0 0
4.261232 -0.327213 11.937419 -0.325482 -0.934698 -0.142832 -0.875677 0.415457 0.246142 0 0 0 0 0 0
3.930507 -0.174602 11.735895 -0.332885 -0.838101 0.432175 -0.865770 0.500389 -0.007215 0 0 0 0 0 0
3.598489 -0.147603 11.493577 -0.333947 -0.418534 0.844576 -0.852268 0.438262 -0.285597 0 0 0 0 0 0
3.266975 -0.246990 11.268086 -0.328354 0.156982 0.931418 -0.840867 0.213514 -0.497347 0 0 0 0 0 0
2.937585 -0.460824 11.121088 -0.318802 0.664034 0.676331 -0.836274 -0.111431 -0.536869 0 0 0 0 0 0
2.610809 -0.736639 11.119265 -0.309043 0.931101 0.193762 -0.839690 -0.400869 -0.366367 0 0 0 0 0 0
2.286055 -0.971478 11.287262 -0.302080 0.889090 -0.343899 -0.848913 -0.525549 -0.056080 0 0 0 0 0 0
1.962304 -1.060198 11.568706 -0.299685 0.565438 -0.768420 -0.860328 -0.440213 0.256999 0 0 0 0 0 0
1.595192 -0.941979 11.711482 -0.310455 0.059691 -0.948712 -0.923948 -0.161493 0.346757 0 0 0 0 0 0
1.132042 -1.112678 11.891657 -0.280699 -0.257646 -0.924568 -0.915507 -0.001198 0.402299 0 0 0 0 0 0
0.955446 -0.651103 12.024902 -0.314989 -0.686880 -0.654964 -0.888354 0.296614 0.350495 0 0 0 0 0 0
0.590640 -0.327214 11.937420 -0.325482 -0.934698 -0.142832 -0.875678 0.415453 0.246142 0 0 0 0 0 0
0.259921 -0.174601 11.735894 -0.332884 -0.838101 0.432175 -0.865767 0.500395 -0.007216 0 0 0 0 0 0
-0.072102 -0.147603 11.493580 -0.333947 -0.418534 0.844576 -0.852273 0.438257 -0.285591 0 0 0 0 0 0
-0.403613 -0.246991 11.268085 -0.328353 0.156982 0.931419 -0.840862 0.213516 -0.497355 0 0 0 0 0 0
-0.733000 -0.460824 11.121089 -0.318802 0.664034 0.676331 -0.836277 -0.111430 -0.536866 0 0 0 0 0 0
-1.059779 -0.736640 11.119265 -0.309041 0.931101 0.193762 -0.839689 -0.400870 -0.366369 0 0 0 0 0 0
-1.384525 -0.971477 11.287263 -0.302082 0.889090 -0.343898 -0.848912 -0.525550 -0.056078 0 0 0 0 0 0
-1.708287 -1.060199 11.568705 -0.299685 0.565438 -0.768420 -0.860330 -0.440211 0.256996 0 0 0 0 0 0
-2.075789 -0.938650 11.691840 -0.314399 0.059332 -0.947435 -0.929870 -0.154561 0.333844 0 0 0 0 0 0
-2.538753 -1.116774 11.890717 -0.277243 -0.259903 -0.924979 -0.906754 -0.018115 0.421271 0 0 0 0 0 0
-2.713091 -0.649743 12.024210 -0.314987 -0.686881 -0.654965 -0.888902 0.294259 0.351090 0 0 0 0 0 0
-3.079944 -0.327213 11.937419 -0.325482 -0.934698 -0.142832 -0.875677 0.415457 0.246142 0 0 0 0 0 0
-3.410669 -0.174602 11.735895 -0.332885 -0.838101 0.432175 -0.865770 0.500389 -0.007215 0 0 0 0 0 0
-3.742687 -0.147603 11.493577 -0.333947 -0.418534 0.844576 -0.852268 0.438262 -0.285597 0 0 0 0 0 0
-4.085337 -0.242629 11.264558 -0.328354 0.156983 0.931418 -0.845651 0.216708 -0.487762 0 0 0 0 0 0
-4.257350 -0.458688 10.461613 -0.318804 -0.664036 -0.676328 -0.149163 -0.622415 -0.768342 0 0 0 0 0 0
-4.760414 -0.558217 8.593799 -0.309043 -0.931101 -0.193762 -0.839677 0.400880 0.366385 0 0 0 0 0 0
-5.085160 -0.323387 8.425790 -0.302086 -0.889086 0.343904 -0.848917 0.525544 0.056071 0 0 0 0 0 0
-5.408942 -0.234650 8.144363 -0.299680 -0.565444 0.768417 -0.860332 0.440209 -0.256993 0 0 0 0 0 0
-5.776411 -0.356211 8.021220 -0.314408 -0.059338 0.947432 -0.929870 0.154551 -0.333851 0 0 0 0 0 0
-6.239404 -0.178086 7.822343 -0.277238 0.259906 0.924980 -0.906757 0.018126 -0.421263 0 0 0 0 0 0
-6.413715 -0.645113 7.688841 -0.314992 0.686876 0.654967 -0.888896 -0.294271 -0.351096 0 0 0 0 0 0
-6.780594 -0.967651 7.775630 -0.325481 0.934697 0.142839 -0.875682 -0.415449 -0.246136 0 0 0 0 0 0
-7.111298 -1.120256 7.977175 -0.332885 0.838100 -0.432175 -0.865767 -0.500395 0.007227 0 0 0 0 0 0
-7.443333 -1.147253 8.219473 -0.333947 0.418533 -0.844576 -0.852275 -0.438260 0.285579 0 0 0 0 0 0
-7.774834 -1.047873 8.444979 -0.328354 -0.156977 -0.931419 -0.840856 -0.213517 0.497365 0 0 0 0 0 0
-8.104232 -0.834035 8.591961 -0.318804 -0.664036 -0.676328 -0.836286 0.111426 0.536851 0 0 0 0 0 0
-8.431002 -0.558217 8.593799 -0.309043 -0.931101 -0.193762 -0.839677 0.400880 0.366385 0 0 0 0 0 0
-8.755748 -0.323387 8.425790 -0.302086 -0.889086 0.343904 -0.848917 0.525544 0.056071 0 0 0 0 0 0
-9.079530 -0.234650 8.144363 -0.299680 -0.565444 0.768417 -0.860332 0.440209 -0.256993 0 0 0 0 0 0
-9.446606 -0.352879 8.001565 -0.310461 -0.059696 0.948710 -0.923943 0.161487 -0.346773 0 0 0 0 0 0
-9.909783 -0.182183 7.821404 -0.280700 0.257647 0.924568 -0.915517 0.001197 -0.402277 0 0 0 0 0 0
-9.949585 -0.140675 6.833811 -0.314985 -0.686879 -0.654967 -0.160839 -0.544768 -0.823018 0 0 0 0 0 0
-10.434683 -0.325162 4.872483 -0.325483 -0.934698 -0.142832 -0.875688 0.415445 0.246123 0 0 0 0 0 0
-10.765401 -0.172546 4.670956 -0.332885 -0.838101 0.432175 -0.865764 0.500401 -0.007220 0 0 0 0 0 0
-11.097431 -0.145550 4.428654 -0.333947 -0.418534 0.844576 -0.852276 0.438258 -0.285579 0 0 0 0 0 0
-11.428931 -0.244938 4.203149 -0.328354 0.156983 0.931418 -0.840855 0.213520 -0.497365 0 0 0 0 0 0
-11.758320 -0.458770 4.056165 -0.318803 0.664037 0.676328 -0.836279 -0.111433 -0.536862 0 0 0 0 0 0
-12.085099 -0.734584 4.054326 -0.309043 0.931101 0.193762 -0.839685 -0.400869 -0.366379 0 0 0 0 0 0
-12.409849 -0.969415 4.222338 -0.302080 0.889087 -0.343905 -0.848916 -0.525545 -0.056073 0 0 0 0 0 0
-12.733607 -1.058153 4.503766 -0.299686 0.565443 -0.768416 -0.860327 -0.440215 0.256999 0 0 0 0 0 0
-13.101106 -0.936600 4.626906 -0.314401 0.059340 -0.947434 -0.929873 -0.154552 0.333843 0 0 0 0 0 0
-13.564068 -1.114711 4.825782 -0.277245 -0.259908 -0.924977 -0.906753 -0.018125 0.421272 0 0 0 0 0 0
-13.738401 -0.647697 4.959287 -0.315016 -0.686872 -0.654960 -0.888904 0.294260 0.351086 0 0 0 0 0 0
-14.105305 -0.325155 4.872491 -0.325502 -0.934691 -0.142831 -0.875682 0.415457 0.246124 0 0 0 0 0 0
-14.436037 -0.172542 4.670963 -0.332892 -0.838099 0.432173 -0.865772 0.500387 -0.007214 0 0 0 0 0 0
-14.768064 -0.145546 4.428650 -0.333921 -0.418538 0.844584 -0.852265 0.438279 -0.285579 0 0 0 0 0 0
-15.099457 -0.244954 4.203146 -0.328341 0.156984 0.931423 -0.840823 0.213526 -0.497417 0 0 0 0 0 0
-15.269110 -0.458686 3.402791 -0.318816 -0.664032 -0.676327 -0.149185 -0.622412 -0.768340 0 0 0 0 0 0
-15.772274 -0.558218 1.534986 -0.308994 -0.931117 -0.193765 -0.839683 0.400847 0.366408 0 0 0 0 0 0
-16.096886 -0.323398 1.366950 -0.302068 -0.889091 0.343906 -0.848900 0.525572 0.056063 0 0 0 0 0 0
-16.420663 -0.234659 1.085534 -0.299703 -0.565439 0.768412 -0.860331 0.440201 -0.257008 0 0 0 0 0 0
-16.787797 -0.352873 0.942736 -0.310467 -0.059696 0.948708 -0.923940 0.161488 -0.346780 0 0 0 0 0 0
-17.250486 -0.183513 0.758984 -0.280679 0.257647 0.924574 -0.914657 -0.000043 -0.404231 0 0 0 0 0 0
-17.428393 -0.645828 0.624912 -0.315017 0.686871 0.654960 -0.888316 -0.296682 -0.350536 0 0 0 0 0 0
-17.793261 -0.969702 0.712384 -0.325501 0.934691 0.142834 -0.875680 -0.415456 -0.246131 0 0 0 0 0 0
-18.123988 -1.122321 0.913920 -0.332891 0.838099 -0.432173 -0.865770 -0.500390 0.007214 0 0 0 0 0 0
-18.455996 -1.149314 1.156228 -0.333986 0.418530 -0.844563 -0.852287 -0.438232 0.285586 0 0 0 0 0 0
-18.787615 -1.049936 1.381740 -0.328341 -0.156985 -0.931423 -0.840873 -0.213531 0.497330 0 0 0 0 0 0
-19.116854 -0.836067 1.528717 -0.318814 -0.664034 -0.676326 -0.836233 0.111479 0.536923 0 0 0 0 0 0
-19.443689 -0.560279 1.530565 -0.309056 -0.931097 -0.193761 -0.839709 0.400835 0.366360 0 0 0 0 0 0
-19.768383 -0.325433 1.362540 -0.302129 -0.889076 0.343894 -0.848900 0.525576 0.056030 0 0 0 0 0 0
-20.092323 -0.236683 1.081126 -0.299643 -0.565449 0.768428 -0.860360 0.440194 -0.256924 0 0 0 0 0 0
-20.459694 -0.358274 0.957975 -0.314354 -0.059339 0.947449 -0.929869 0.154556 -0.333851 0 0 0 0 0 0
-20.922657 -0.180139 0.759125 -0.277244 0.259905 0.924979 -0.906777 0.018127 -0.421220 0 0 0 0 0 0
-20.961263 -0.141947 -0.229624 -0.314955 -0.686886 -0.654974 -0.161166 -0.544950 -0.822834 0 0 0 0 0 0
-21.447266 -0.327198 -2.190784 -0.325501 -0.934692 -0.142831 -0.875635 0.415545 0.246141 0 0 0 0 0 0
-21.778060 -0.174596 -2.392280 -0.332892 -0.838099 0.432172 -0.865773 0.500385 -0.007217 0 0 0 0 0 0
-22.110065 -0.147603 -2.634597 -0.333985 -0.418527 0.844565 -0.852284 0.438236 -0.285589 0 0 0 0 0 0
-22.441688 -0.246974 -2.860099 -0.328341 0.156983 0.931423 -0.840877 0.213528 -0.497325 0 0 0 0 0 0
-22.771067 -0.460817 -3.007075 -0.318753 0.664049 0.676340 -0.836287 -0.111398 -0.536856 0 0 0 0 0 0
-23.097695 -0.736641 -3.008891 -0.309055 0.931097 0.193761 -0.839657 -0.400924 -0.366383 0 0 0 0 0 0
-23.417587 -0.970528 -2.840899 -0.302129 0.889075 -0.343894 -0.845894 -0.530352 -0.056489 0 0 0 0 0 0
-23.740463 -1.058175 -2.561300 -0.299642 0.565448 -0.768429 -0.860357 -0.440199 0.256926 0 0 0 0 0 0
-24.107836 -0.936587 -2.438147 -0.314353 0.059341 -0.947450 -0.929869 -0.154555 0.333852 0 0 0 0 0 0
-24.570798 -1.114715 -2.239302 -0.277244 -0.259906 -0.924978 -0.906779 -0.018128 0.421216 0 0 0 0 0 0
-24.745095 -0.647669 -2.105775 -0.315017 -0.686874 -0.654957 -0.888856 0.294334 0.351145 0 0 0 0 0 0
-25.111991 -0.325157 -2.192556 -0.325502 -0.934690 -0.142838 -0.875681 0.415462 0.246118 0 0 0 0 0 0
-25.442716 -0.172542 -2.394104 -0.332891 -0.838097 0.432176 -0.865772 0.500386 -0.007214 0 0 0 0 0 0
-25.774726 -0.145550 -2.636405 -0.333986 -0.418527 0.844564 -0.852286 0.438234 -0.285586 0 0 0 0 0 0
-26.106346 -0.244921 -2.861906 -0.328344 0.156985 0.931422 -0.840876 0.213531 -0.497324 0 0 0 0 0 0
-26.852265 -0.378894 -2.900078 0.981144 0.023798 0.191808 0.643249 -0.617937 -0.452089 0 0 0 0 0 0
-22.527882 -0.533413 -2.917271 0.000000 1.000000 0.000000 0.000000 0.000000 1.000000 0 0 0 0 0 0
-22.997882 -0.533413 -2.459518 0.000000 1.000000 0.000000 0.000000 0.000000 1.000000 0 0 0 0 0 0
-26.309783 -0.662784 -1.619853 0.990602 0.023425 0.134758 -0.151847 0.733248 -0.662789 0 0 0 0 0 0
-26.398150 -0.186447 -2.393425 0.328344 -0.156985 -0.931422 0.851992 -0.046384 0.521495 0 0 0 0 0 0
-25.830621 -0.350997 -2.212324 0.333986 0.418527 -0.844564 0.865294 0.002619 0.501259 0 0 0 0 0 0
-25.497830 -0.592324 -2.181214 0.332891 0.838097 -0.432176 0.852494 -0.275581 0.444195 0 0 0 0 0 0
-25.166256 -0.817613 -2.276858 0.325502 0.934690 0.142838 0.841304 -0.491633 0.224731 0 0 0 0 0 0
-24.837290 -0.966265 -2.486931 0.315017 0.686874 0.654957 0.836645 -0.538607 -0.099638 0 0 0 0 0 0
-24.398575 -1.060631 -2.674980 0.277244 0.259906 0.924978 0.878209 -0.386013 -0.282388 0 0 0 0 0 0
-24.081130 -1.095174 -2.793542 0.314353 -0.059341 0.947450 0.912900 0.154432 -0.377842 0 0 0 0 0 0
-23.796707 -0.703643 -3.071438 0.299642 -0.565448 0.768429 0.858962 0.140021 -0.492523 0 0 0 0 0 0
-23.580618 -1.983742 -3.876924 0.302129 0.889076 -0.343894 0.189600 0.521281 -0.832056 0 0 0 0 0 0
-23.169500 -1.147525 -5.644089 0.309056 0.931097 0.193761 0.869761 -0.489497 0.062513 0 0 0 0 0 0
-22.843454 -1.227364 -5.914181 0.318814 0.664033 0.676327 0.877091 -0.430130 -0.213772 0 0 0 0 0 0
-22.514104 -1.142340 -6.169201 0.328341 0.156985 0.931422 0.874361 -0.254643 -0.413097 0 0 0 0 0 0
-22.182482 -0.943859 -6.326677 0.333986 -0.418530 0.844563 0.865293 -0.002626 -0.501260 0 0 0 0 0 0
-21.849689 -0.702537 -6.357783 0.332891 -0.838099 0.432172 0.852494 0.275582 -0.444194 0 0 0 0 0 0
-21.518115 -0.477239 -6.262147 0.325501 -0.934690 -0.142838 0.841301 0.491637 -0.224735 0 0 0 0 0 0
-21.189150 -0.328600 -6.052071 0.315018 -0.686873 -0.654958 0.836650 0.538598 0.099643 0 0 0 0 0 0
-20.750433 -0.234230 -5.864024 0.277243 -0.259904 -0.924979 0.878207 0.386018 0.282387 0 0 0 0 0 0
-20.432987 -0.199680 -5.745461 0.314353 0.059338 -0.947450 0.912900 -0.154430 0.377843 0 0 0 0 0 0
-20.148566 -0.591217 -5.467564 0.299642 0.565448 -0.768429 0.858962 -0.140019 0.492524 0 0 0 0 0 0
-19.824009 -0.912883 -5.465826 0.302129 0.889076 -0.343894 0.865744 -0.370617 0.336347 0 0 0 0 0 0
-19.499514 -1.146473 -5.642713 0.309056 0.931097 0.193761 0.873674 -0.482814 0.059873 0 0 0 0 0 0
-19.172865 -1.227364 -5.914181 0.318814 0.664033 0.676327 0.877091 -0.430130 -0.213772 0 0 0 0 0 0
-18.843516 -1.142340 -6.169201 0.328341 0.156985 0.931422 0.874361 -0.254643 -0.413097 0 0 0 0 0 0
-18.511894 -0.943859 -6.326677 0.333986 -0.418530 0.844563 0.865293 -0.002626 -0.501260 0 0 0 0 0 0
-18.298614 -1.432194 -7.509563 0.332892 0.838099 -0.432173 0.173601 0.627719 -0.758835 0 0 0 0 0 0
-17.831008 -0.819672 -9.333857 0.325501 0.934692 0.142831 0.841305 -0.491637 0.224720 0 0 0 0 0 0
-17.502028 -0.968317 -9.543956 0.314954 0.686885 0.654976 0.836621 -0.538647 -0.099619 0 0 0 0 0 0
-17.062166 -1.051883 -9.714759 0.280678 0.257647 0.924574 0.884438 -0.377733 -0.274020 0 0 0 0 0 0
-16.741604 -1.101114 -9.844452 0.310467 -0.059697 0.948708 0.909305 0.140233 -0.391790 0 0 0 0 0 0
-16.463292 -0.700222 -10.123539 0.299704 -0.565440 0.768411 0.859436 0.134706 -0.493177 0 0 0 0 0 0
-16.135827 -0.381988 -10.125810 0.302068 -0.889091 0.343907 0.865772 0.370547 -0.336352 0 0 0 0 0 0
-15.811483 -0.148393 -9.948861 0.308994 -0.931117 -0.193765 0.873679 0.482803 -0.059879 0 0 0 0 0 0
-15.484976 -0.067521 -9.677387 0.318816 -0.664034 -0.676325 0.877053 0.430175 0.213841 0 0 0 0 0 0
-15.155439 -0.152505 -9.422415 0.328341 -0.156984 -0.931423 0.874422 0.254622 0.412982 0 0 0 0 0 0
-14.823779 -0.351001 -9.264902 0.333921 0.418538 -0.844584 0.865276 0.002645 0.501288 0 0 0 0 0 0
-14.491213 -0.592344 -9.233831 0.332892 0.838099 -0.432173 0.852448 -0.275656 0.444237 0 0 0 0 0 0
-14.159572 -0.817612 -9.329439 0.325502 0.934691 0.142831 0.841307 -0.491634 0.224719 0 0 0 0 0 0
-13.830611 -0.966264 -9.539532 0.315016 0.686872 0.654960 0.836642 -0.538612 -0.099635 0 0 0 0 0 0
-13.391797 -1.060644 -9.727534 0.277245 0.259908 0.924977 0.878261 -0.385960 -0.282298 0 0 0 0 0 0
-13.074467 -1.095134 -9.846144 0.314401 -0.059340 0.947434 0.912843 0.154489 -0.377955 0 0 0 0 0 0
-12.789967 -0.703652 -10.124034 0.299686 -0.565443 0.768416 0.858972 0.140016 -0.492507 0 0 0 0 0 0
-12.465303 -0.381981 -10.125799 0.302080 -0.889087 0.343905 0.865754 0.370583 -0.336359 0 0 0 0 0 0
-12.140962 -0.148391 -9.948858 0.309043 -0.931101 -0.193762 0.873674 0.482814 -0.059860 0 0 0 0 0 0
-11.814302 -0.067503 -9.677404 0.318803 -0.664037 -0.676328 0.877079 0.430145 0.213792 0 0 0 0 0 0
-11.484930 -0.152519 -9.422400 0.328354 -0.156983 -0.931418 0.874383 0.254632 0.413057 0 0 0 0 0 0
-11.153216 -0.350990 -9.264904 0.333947 0.418534 -0.844576 0.865299 0.002647 0.501249 0 0 0 0 0 0
-10.820556 -0.592333 -9.233819 0.332885 0.838101 -0.432175 0.852471 -0.275616 0.444216 0 0 0 0 0 0
-10.488944 -0.817612 -9.329440 0.325483 0.934698 0.142832 0.841303 -0.491637 0.224730 0 0 0 0 0 0
-10.159971 -0.966258 -9.539526 0.314985 0.686879 0.654967 0.836654 -0.538598 -0.099612 0 0 0 0 0 0
-9.720054 -1.049828 -9.710351 0.280705 0.257641 0.924568 0.884433 -0.377730 -0.274041 0 0 0 0 0 0
-9.400475 -1.101049 -9.844472 0.310454 -0.059698 0.948712 0.908004 0.135175 -0.396555 0 0 0 0 0 0
-9.122116 -0.700228 -10.123534 0.299686 -0.565443 0.768416 0.859451 0.134688 -0.493157 0 0 0 0 0 0
-8.794715 -0.381981 -10.125799 0.302080 -0.889087 0.343905 0.865754 0.370583 -0.336359 0 0 0 0 0 0
-8.470374 -0.148391 -9.948858 0.309043 -0.931101 -0.193762 0.873674 0.482814 -0.059860 0 0 0 0 0 0
-8.143714 -0.067503 -9.677404 0.318803 -0.664037 -0.676328 0.877079 0.430145 0.213792 0 0 0 0 0 0
-7.814342 -0.152519 -9.422400 0.328354 -0.156983 -0.931418 0.874383 0.254632 0.413057 0 0 0 0 0 0
-7.482628 -0.350990 -9.264904 0.333947 0.418534 -0.844576 0.865299 0.002647 0.501249 0 0 0 0 0 0
-7.299618 0.137981 -8.081022 0.332885 -0.838100 0.432175 0.164402 -0.628453 0.760276 0 0 0 0 0 0
-6.834846 -0.475186 -6.257726 0.325481 -0.934697 -0.142839 0.841296 0.491640 -0.224746 0 0 0 0 0 0
-6.505887 -0.326553 -6.047643 0.314992 -0.686876 -0.654967 0.836654 0.538594 0.099631 0 0 0 0 0 0
-6.067130 -0.232178 -5.859627 0.277238 -0.259906 -0.924980 0.878242 0.385977 0.282333 0 0 0 0 0 0
-5.749802 -0.197671 -5.741024 0.314408 0.059338 -0.947432 0.912839 -0.154489 0.377966 0 0 0 0 0 0
-5.465272 -0.589152 -5.463131 0.299680 0.565444 -0.768417 0.858975 -0.140009 0.492504 0 0 0 0 0 0
-5.140639 -0.910825 -5.461371 0.302086 0.889086 -0.343904 0.865751 -0.370590 0.336360 0 0 0 0 0 0
-4.816269 -1.144413 -5.638305 0.309043 0.931101 0.193762 0.873680 -0.482805 0.059862 0 0 0 0 0 0
-4.489628 -1.225301 -5.909766 0.318804 0.664036 0.676328 0.877073 -0.430155 -0.213800 0 0 0 0 0 0
-4.160245 -1.140282 -6.164763 0.328354 0.156977 0.931419 0.874389 -0.254635 -0.413043 0 0 0 0 0 0
-3.815998 -0.945925 -6.315130 0.333947 -0.418536 0.844575 0.873353 -0.005521 -0.487057 0 0 0 0 0 0
-3.482316 -0.702527 -6.347236 0.332884 -0.838101 0.432173 0.852471 0.275617 -0.444217 0 0 0 0 0 0
-3.150693 -0.477242 -6.251616 0.325482 -0.934697 -0.142839 0.841304 0.491627 -0.224744 0 0 0 0 0 0
-2.821727 -0.328606 -6.041542 0.314987 -0.686880 -0.654965 0.836654 0.538595 0.099626 0 0 0 0 0 0
-2.382999 -0.234236 -5.853512 0.277243 -0.259904 -0.924979 0.878236 0.385983 0.282345 0 0 0 0 0 0
-2.065637 -0.199720 -5.734911 0.314399 0.059337 -0.947435 0.912843 -0.154489 0.377956 0 0 0 0 0 0
-1.781140 -0.591210 -5.457020 0.299684 0.565440 -0.768419 0.858973 -0.140018 0.492505 0 0 0 0 0 0
-1.534199 0.685208 -4.655427 0.302082 -0.889090 0.343898 0.203437 -0.522135 0.828244 0 0 0 0 0 0
-1.115635 -0.150448 -2.883930 0.309041 -0.931101 -0.193762 0.873676 0.482812 -0.059849 0 0 0 0 0 0
-0.788988 -0.069556 -2.612466 0.318802 -0.664034 -0.676331 0.877074 0.430157 0.213787 0 0 0 0 0 0
-0.459607 -0.154570 -2.357467 0.328353 -0.156982 -0.931419 0.874387 0.254627 0.413053 0 0 0 0 0 0
-0.127891 -0.353043 -2.199978 0.333946 0.418533 -0.844577 0.865305 0.002641 0.501239 0 0 0 0 0 0
0.204767 -0.594390 -2.168889 0.332884 0.838102 -0.432172 0.852466 -0.275611 0.444229 0 0 0 0 0 0
0.536383 -0.819670 -2.264501 0.325482 0.934698 0.142832 0.841303 -0.491635 0.224733 0 0 0 0 0 0
0.865345 -0.968305 -2.474593 0.314988 0.686878 0.654966 0.836654 -0.538595 -0.099626 0 0 0 0 0 0
1.305280 -1.051892 -2.645413 0.280699 0.257646 0.924568 0.884432 -0.377740 -0.274030 0 0 0 0 0 0
1.624833 -1.103104 -2.779549 0.310455 -0.059691 0.948712 0.907995 0.135184 -0.396573 0 0 0 0 0 0
1.903201 -0.702279 -3.058611 0.299685 -0.565438 0.768420 0.859454 0.134698 -0.493149 0 0 0 0 0 0
2.230600 -0.384029 -3.060859 0.302080 -0.889090 0.343899 0.865756 0.370574 -0.336366 0 0 0 0 0 0
2.554945 -0.150448 -2.883929 0.309043 -0.931101 -0.193762 0.873675 0.482815 -0.059847 0 0 0 0 0 0
2.881604 -0.069556 -2.612467 0.318802 -0.664034 -0.676331 0.877077 0.430154 0.213784 0 0 0 0 0 0
3.210975 -0.154571 -2.357466 0.328354 -0.156982 -0.931418 0.874384 0.254628 0.413059 0 0 0 0 0 0
3.542703 -0.353040 -2.199979 0.333946 0.418533 -0.844577 0.865310 0.002644 0.501231 0 0 0 0 0 0
3.725701 0.135927 -1.016091 0.332884 -0.838101 0.432174 0.164397 -0.628454 0.760276 0 0 0 0 0 0
4.190483 -0.477242 0.807202 0.325482 -0.934698 -0.142835 0.841307 0.491627 -0.224736 0 0 0 0 0 0
4.519447 -0.328606 1.017289 0.314986 -0.686878 -0.654967 0.836652 0.538598 0.099626 0 0 0 0 0 0
4.958179 -0.234235 1.205310 0.277244 -0.259905 -0.924979 0.878237 0.385980 0.282345 0 0 0 0 0 0
5.275539 -0.199720 1.323913 0.314400 0.059338 -0.947434 0.912843 -0.154488 0.377956 0 0 0 0 0 0
5.560037 -0.591209 1.601803 0.299685 0.565441 -0.768417 0.858972 -0.140016 0.492506 0 0 0 0 0 0
5.884699 -0.912878 1.603553 0.302081 0.889090 -0.343899 0.865757 -0.370579 0.336358 0 0 0 0 0 0
6.209046 -1.146460 1.426630 0.309044 0.931101 0.193762 0.873674 -0.482814 0.059868 0 0 0 0 0 0
6.535702 -1.227362 1.155169 0.318802 0.664037 0.676329 0.877074 -0.430156 -0.213792 0 0 0 0 0 0
6.865073 -1.142341 0.900164 0.328355 0.156985 0.931417 0.874387 -0.254622 -0.413057 0 0 0 0 0 0
7.196789 -0.943868 0.742672 0.333946 -0.418536 0.844575 0.865299 -0.002649 -0.501248 0 0 0 0 0 0
7.529448 -0.702526 0.711582 0.332884 -0.838101 0.432174 0.852469 0.275615 -0.444221 0 0 0 0 0 0
7.861071 -0.477242 0.807202 0.325482 -0.934698 -0.142835 0.841307 0.491627 -0.224736 0 0 0 0 0 0
8.190036 -0.328606 1.017289 0.314986 -0.686878 -0.654967 0.836652 0.538598 0.099626 0 0 0 0 0 0
8.629968 -0.245021 1.188104 0.280699 -0.257645 -0.924569 0.884434 0.377737 0.274026 0 0 0 0 0 0
8.950196 -0.191268 1.326313 0.310454 0.059696 -0.948712 0.907596 -0.129160 0.399484 0 0 0 0 0 0
9.228806 -0.592578 1.605722 0.299685 0.565442 -0.768417 0.859451 -0.134692 0.493155 0 0 0 0 0 0
9.478483 0.687261 2.407815 0.302086 -0.889086 0.343905 0.203439 -0.522131 0.828246 0 0 0 0 0 0
9.897061 -0.148390 4.179317 0.309037 -0.931103 -0.193762 0.873678 0.482808 -0.059864 0 0 0 0 0 0
10.223691 -0.067505 4.450777 0.318803 -0.664037 -0.676328 0.877075 0.430151 0.213799 0 0 0 0 0 0
10.553084 -0.152517 4.705776 0.328348 -0.156983 -0.931420 0.874388 0.254633 0.413046 0 0 0 0 0 0
10.884791 -0.350990 4.863272 0.333945 0.418531 -0.844578 0.865302 0.002641 0.501243 0 0 0 0 0 0
11.217458 -0.592339 4.894358 0.332879 0.838103 -0.432176 0.852469 -0.275609 0.444226 0 0 0 0 0 0
11.549062 -0.817609 4.798737 0.325483 0.934698 0.142832 0.841305 -0.491633 0.224727 0 0 0 0 0 0
11.878031 -0.966259 4.588650 0.314985 0.686879 0.654967 0.836646 -0.538609 -0.099618 0 0 0 0 0 0
12.316761 -1.060626 4.400624 0.277243 0.259906 0.924978 0.878238 -0.385976 -0.282348 0 0 0 0 0 0
12.634120 -1.095134 4.282035 0.314408 -0.059340 0.947432 0.912848 0.154494 -0.377943 0 0 0 0 0 0
12.918629 -0.703652 4.004142 0.299686 -0.565443 0.768416 0.858969 0.140017 -0.492512 0 0 0 0 0 0
13.243283 -0.381982 4.002380 0.302086 -0.889086 0.343905 0.865756 0.370582 -0.336356 0 0 0 0 0 0
13.567649 -0.148390 4.179317 0.309037 -0.931103 -0.193762 0.873678 0.482808 -0.059864 0 0 0 0 0 0
13.894270 -0.067508 4.450775 0.318835 -0.664029 -0.676320 0.877082 0.430135 0.213801 0 0 0 0 0 0
14.223717 -0.152509 4.705787 0.328335 -0.156984 -0.931425 0.874375 0.254650 0.413065 0 0 0 0 0 0
14.555301 -0.351000 4.863269 0.333984 0.418525 -0.844566 0.865291 0.002610 0.501264 0 0 0 0 0 0
14.738410 0.137976 6.047158 0.332892 -0.838098 0.432174 0.164406 -0.628452 0.760275 0 0 0 0 0 0
15.203157 -0.475186 7.870452 0.325500 -0.934691 -0.142838 0.841301 0.491636 -0.224736 0 0 0 0 0 0
15.532118 -0.326547 8.080538 0.315017 -0.686870 -0.654961 0.836648 0.538601 0.099646 0 0 0 0 0 0
15.972083 -0.242955 8.251358 0.280678 -0.257647 -0.924574 0.884420 0.377768 0.274031 0 0 0 0 0 0
16.291652 -0.191738 8.385465 0.310402 0.059697 -0.948729 0.908036 -0.135145 0.396492 0 0 0 0 0 0
16.569959 -0.592585 8.664531 0.299643 0.565451 -0.768427 0.859442 -0.134689 0.493171 0 0 0 0 0 0
16.897263 -0.910825 8.666775 0.302129 0.889076 -0.343894 0.865745 -0.370623 0.336340 0 0 0 0 0 0
17.207260 -1.134821 8.452612 0.309055 0.931097 0.193761 0.877302 -0.479631 -0.017195 0 0 0 0 0 0
17.540783 -1.225303 8.169085 0.318816 0.664033 0.676325 0.877098 -0.430119 -0.213769 0 0 0 0 0 0
17.870130 -1.140280 7.914058 0.328342 0.156978 0.931423 0.874356 -0.254657 -0.413100 0 0 0 0 0 0
18.201899 -0.941837 7.756589 0.333921 -0.418538 0.844585 0.865344 -0.002678 -0.501171 0 0 0 0 0 0
18.534481 -0.700460 7.725501 0.332892 -0.838098 0.432174 0.852448 0.275656 -0.444237 0 0 0 0 0 0
18.866121 -0.475186 7.821110 0.325500 -0.934691 -0.142838 0.841301 0.491636 -0.224736 0 0 0 0 0 0
19.195082 -0.326547 8.031197 0.315017 -0.686870 -0.654961 0.836648 0.538601 0.099646 0 0 0 0 0 0
19.633922 -0.232161 8.219195 0.277245 -0.259906 -0.924978 0.878272 0.385951 0.282277 0 0 0 0 0 0
19.951259 -0.197670 8.337823 0.314355 0.059339 -0.947449 0.912832 -0.154507 0.377976 0 0 0 0 0 0
20.790695 0.053036 8.669473 -0.928518 0.000000 -0.371287 -0.649661 -0.281681 0.706113 0 0 0 0 0 0
17.256588 -0.000000 7.577694 0.000000 1.000000 0.000000 0.000000 0.000000 1.000000 0 0 0 0 0 0
17.779059 0.000000 7.337965 0.000000 1.000000 0.000000 0.000000 0.000000 1.000000 0 0 0 0 0 0
20.360911 0.010969 7.206636 -0.954168 -0.000000 -0.299272 -0.170968 0.325008 0.930129 0 0 0 0 0 0
19.885812 -0.344271 7.975967 -0.314355 -0.059339 0.947449 -0.853072 0.027365 -0.521075 0 0 0 0 0 0
19.461691 -0.178128 7.783544 -0.277245 0.259906 0.924978 -0.906712 0.018082 -0.421362 0 0 0 0 0 0
19.287297 -0.645102 7.650031 -0.315017 0.686870 0.654961 -0.888917 -0.294240 -0.351069 0 0 0 0 0 0
18.920387 -0.967657 7.736815 -0.325500 0.934691 0.142838 -0.875678 -0.415458 -0.246134 0 0 0 0 0 0
18.589661 -1.120260 7.938358 -0.332892 0.838098 -0.432174 -0.865775 -0.500381 0.007221 0 0 0 0 0 0
18.257630 -1.147257 8.180668 -0.333921 0.418538 -0.844585 -0.852264 -0.438281 0.285579 0 0 0 0 0 0
17.926114 -1.047880 8.406149 -0.328342 -0.156978 -0.931423 -0.840901 -0.213510 0.497292 0 0 0 0 0 0
17.768764 -1.106783 9.282041 -0.314955 0.686888 0.654972 -0.144352 0.576174 0.804479 0 0 0 0 0 0
17.302725 -0.967633 11.258643 -0.325500 0.934691 0.142838 -0.875700 -0.415430 -0.246104 0 0 0 0 0 0
16.896410 -0.990507 11.274976 -0.302068 0.889091 -0.343907 -0.931602 -0.362385 -0.028181 0 0 0 0 0 0
16.645529 -1.058151 11.573126 -0.299643 0.565451 -0.768427 -0.860310 -0.440244 0.257006 0 0 0 0 0 0
16.278491 -0.939917 11.715905 -0.310467 0.059697 -0.948708 -0.923951 -0.161473 0.346757 0 0 0 0 0 0
15.815251 -1.110622 11.896085 -0.280678 -0.257643 -0.924575 -0.915514 -0.001192 0.402283 0 0 0 0 0 0
15.638807 -0.649024 12.029326 -0.315016 -0.686872 -0.654960 -0.888314 0.296672 0.350549 0 0 0 0 0 0
15.273942 -0.325155 11.941846 -0.325502 -0.934691 -0.142831 -0.875682 0.415457 0.246124 0 0 0 0 0 0
14.943210 -0.172542 11.740318 -0.332892 -0.838099 0.432173 -0.865772 0.500387 -0.007214 0 0 0 0 0 0
14.611205 -0.145550 11.498001 -0.333984 -0.418525 0.844566 -0.852283 0.438238 -0.285589 0 0 0 0 0 0
14.279581 -0.244920 11.272499 -0.328335 0.156984 0.931425 -0.840874 0.213532 -0.497327 0 0 0 0 0 0
13.950361 -0.458789 11.125528 -0.318835 0.664029 0.676320 -0.836244 -0.111484 -0.536905 0 0 0 0 0 0
13.623454 -0.734579 11.123665 -0.309037 0.931103 0.193762 -0.839708 -0.400826 -0.366372 0 0 0 0 0 0
13.298762 -0.969414 11.291696 -0.302086 0.889086 -0.343905 -0.848913 -0.525551 -0.056067 0 0 0 0 0 0
12.974975 -1.058155 11.573119 -0.299686 0.565443 -0.768416 -0.860332 -0.440209 0.256992 0 0 0 0 0 0
12.607497 -0.936597 11.696264 -0.314408 0.059340 -0.947432 -0.929869 -0.154549 0.333854 0 0 0 0 0 0
12.144514 -1.114717 11.895139 -0.277243 -0.259906 -0.924978 -0.906758 -0.018126 0.421261 0 0 0 0 0 0
11.970178 -0.647691 12.028643 -0.314985 -0.686879 -0.654967 -0.888899 0.294259 0.351099 0 0 0 0 0 0
11.603330 -0.325159 11.941837 -0.325483 -0.934698 -0.142832 -0.875681 0.415457 0.246126 0 0 0 0 0 0
11.272599 -0.172547 11.740314 -0.332879 -0.838103 0.432176 -0.865769 0.500393 -0.007213 0 0 0 0 0 0
10.940592 -0.145553 11.497997 -0.333945 -0.418531 0.844578 -0.852268 0.438265 -0.285592 0 0 0 0 0 0
10.609068 -0.244936 11.272505 -0.328348 0.156983 0.931420 -0.840865 0.213517 -0.497350 0 0 0 0 0 0
10.279688 -0.458769 11.125523 -0.318803 0.664037 0.676328 -0.836281 -0.111433 -0.536858 0 0 0 0 0 0
9.952899 -0.734585 11.123681 -0.309037 0.931103 0.193762 -0.839682 -0.400870 -0.366384 0 0 0 0 0 0
9.628174 -0.969414 11.291696 -0.302086 0.889086 -0.343905 -0.848913 -0.525551 -0.056067 0 0 0 0 0 0
9.304387 -1.058155 11.573119 -0.299686 0.565443 -0.768416 -0.860332 -0.440209 0.256992 0 0 0 0 0 0
8.937287 -0.939930 11.715916 -0.310454 0.059698 -0.948712 -0.923946 -0.161487 0.346764 0 0 0 0 0 0
8.472128 -1.112550 11.892178 -0.280698 -0.257646 -0.924569 -0.917196 -0.003133 0.398424 0 0 0 0 0 0
8.296621 -0.651104 12.024902 -0.314987 -0.686881 -0.654965 -0.888356 0.296612 0.350494 0 0 0 0 0 0
7.931821 -0.327213 11.937419 -0.325482 -0.934698 -0.142832 -0.875677 0.415457 0.246142 0 0 0 0 0 0
7.601095 -0.174602 11.735895 -0.332885 -0.838101 0.432175 -0.865770 0.500389 -0.007215 0 0 0 0 0 0
7.269078 -0.147603 11.493577 -0.333947 -0.418534 0.844576 -0.852268 0.438262 -0.285597 0 0 0 0 0 0
6.937563 -0.246990 11.268086 -0.328354 0.156982 0.931418 -0.840867 0.213514 -0.497347 0 0 0 0 0 0
6.767979 -0.460742 10.467726 -0.318801 -0.664036 -0.676330 -0.149159 -0.622415 -0.768343 0 0 0 0 0 0
6.264907 -0.560271 8.599911 -0.309044 -0.931101 -0.193762 -0.839685 0.400864 0.366383 0 0 0 0 0 0
5.940155 -0.325439 8.431904 -0.302081 -0.889090 0.343899 -0.848917 0.525544 0.056059 0 0 0 0 0 0
5.616401 -0.236707 8.150457 -0.299684 -0.565440 0.768419 -0.860325 0.440219 -0.256998 0 0 0 0 0 0
5.248899 -0.358259 8.027322 -0.314399 -0.059337 0.947435 -0.929873 0.154550 -0.333843 0 0 0 0 0 0
4.785936 -0.180144 7.828444 -0.277243 0.259904 0.924979 -0.906754 0.018119 -0.421271 0 0 0 0 0 0
4.611596 -0.647167 7.694952 -0.314987 0.686880 0.654965 -0.888902 -0.294261 -0.351089 0 0 0 0 0 0
4.244742 -0.969695 7.781742 -0.325482 0.934697 0.142839 -0.875680 -0.415460 -0.246126 0 0 0 0 0 0
3.914021 -1.122316 7.983284 -0.332884 0.838101 -0.432173 -0.865769 -0.500391 0.007219 0 0 0 0 0 0
3.581986 -1.149314 8.225588 -0.333947 0.418536 -0.844575 -0.852277 -0.438257 0.285579 0 0 0 0 0 0
3.250486 -1.049917 8.451079 -0.328356 -0.156985 -0.931417 -0.840860 -0.213515 0.497358 0 0 0 0 0 0
2.921094 -0.836092 8.598075 -0.318801 -0.664036 -0.676330 -0.836273 0.111434 0.536870 0 0 0 0 0 0
2.594319 -0.560271 8.599911 -0.309044 -0.931101 -0.193762 -0.839685 0.400864 0.366383 0 0 0 0 0 0
2.269567 -0.325439 8.431904 -0.302081 -0.889090 0.343899 -0.848917 0.525544 0.056059 0 0 0 0 0 0
1.945813 -0.236707 8.150457 -0.299684 -0.565440 0.768419 -0.860325 0.440219 -0.256998 0 0 0 0 0 0
1.578703 -0.354927 8.007679 -0.310456 -0.059697 0.948711 -0.923950 0.161482 -0.346757 0 0 0 0 0 0
1.115554 -0.184241 7.827505 -0.280701 0.257645 0.924568 -0.915508 0.001194 -0.402298 0 0 0 0 0 0
1.075736 -0.142731 6.839910 -0.314989 -0.686880 -0.654964 -0.160843 -0.544768 -0.823017 0 0 0 0 0 0
0.590640 -0.327214 4.878597 -0.325482 -0.934698 -0.142832 -0.875678 0.415453 0.246142 0 0 0 0 0 0
0.259921 -0.174601 4.677070 -0.332884 -0.838101 0.432175 -0.865767 0.500395 -0.007216 0 0 0 0 0 0
-0.072102 -0.147603 4.434756 -0.333947 -0.418534 0.844576 -0.852273 0.438257 -0.285591 0 0 0 0 0 0
-0.403613 -0.246991 4.209261 -0.328353 0.156982 0.931419 -0.840862 0.213516 -0.497355 0 0 0 0 0 0
-0.733000 -0.460824 4.062265 -0.318802 0.664034 0.676331 -0.836277 -0.111430 -0.536866 0 0 0 0 0 0
-1.059779 -0.736640 4.060441 -0.309041 0.931101 0.193762 -0.839689 -0.400870 -0.366369 0 0 0 0 0 0
-1.384525 -0.971477 4.228439 -0.302082 0.889090 -0.343898 -0.848912 -0.525550 -0.056078 0 0 0 0 0 0
-1.708287 -1.060199 4.509881 -0.299685 0.565438 -0.768420 -0.860330 -0.440211 0.256996 0 0 0 0 0 0
-2.075789 -0.938650 4.633016 -0.314399 0.059332 -0.947435 -0.929870 -0.154561 0.333844 0 0 0 0 0 0
-2.538753 -1.116774 4.831893 -0.277243 -0.259903 -0.924979 -0.906754 -0.018115 0.421271 0 0 0 0 0 0
-2.713091 -0.649743 4.965386 -0.314987 -0.686881 -0.654965 -0.888902 0.294259 0.351090 0 0 0 0 0 0
-3.079944 -0.327213 4.878596 -0.325482 -0.934698 -0.142832 -0.875677 0.415457 0.246142 0 0 0 0 0 0
-3.410669 -0.174602 4.677071 -0.332885 -0.838101 0.432175 -0.865770 0.500389 -0.007215 0 0 0 0 0 0
-3.742687 -0.147603 4.434754 -0.333947 -0.418534 0.844576 -0.852268 0.438262 -0.285597 0 0 0 0 0 0
-4.085337 -0.242629 4.205734 -0.328354 0.156983 0.931418 -0.845651 0.216708 -0.487762 0 0 0 0 0 0
-4.257350 -0.458688 3.402789 -0.318803 -0.664035 -0.676330 -0.149163 -0.622415 -0.768343 0 0 0 0 0 0
-4.760413 -0.558215 1.534974 -0.309043 -0.931101 -0.193762 -0.839677 0.400878 0.366388 0 0 0 0 0 0
-5.085160 -0.323387 1.366966 -0.302086 -0.889086 0.343904 -0.848917 0.525544 0.056071 0 0 0 0 0 0
-5.408941 -0.234650 1.085536 -0.299679 -0.565443 0.768418 -0.860331 0.440210 -0.256994 0 0 0 0 0 0
-5.776411 -0.356210 0.962392 -0.314407 -0.059337 0.947432 -0.929869 0.154550 -0.333853 0 0 0 0 0 0
-6.239403 -0.178086 0.763514 -0.277238 0.259905 0.924980 -0.906757 0.018125 -0.421263 0 0 0 0 0 0
-6.413714 -0.645115 0.630019 -0.314992 0.686877 0.654965 -0.888898 -0.294270 -0.351093 0 0 0 0 0 0
-6.780594 -0.967648 0.716811 -0.325481 0.934698 0.142835 -0.875682 -0.415451 -0.246132 0 0 0 0 0 0
-7.111300 -1.120256 0.918349 -0.332885 0.838100 -0.432175 -0.865766 -0.500397 0.007224 0 0 0 0 0 0
-7.443332 -1.147254 1.160649 -0.333947 0.418534 -0.844576 -0.852276 -0.438258 0.285580 0 0 0 0 0 0
-7.774834 -1.047872 1.386155 -0.328354 -0.156977 -0.931419 -0.840856 -0.213517 0.497365 0 0 0 0 0 0
-8.104232 -0.834034 1.533137 -0.318803 -0.664035 -0.676330 -0.836287 0.111428 0.536849 0 0 0 0 0 0
-8.431001 -0.558215 1.534974 -0.309043 -0.931101 -0.193762 -0.839677 0.400878 0.366388 0 0 0 0 0 0
-8.755748 -0.323387 1.366966 -0.302086 -0.889086 0.343904 -0.848917 0.525544 0.056071 0 0 0 0 0 0
-9.079529 -0.234650 1.085536 -0.299679 -0.565443 0.768418 -0.860331 0.440210 -0.256994 0 0 0 0 0 0
-9.446606 -0.352879 0.942743 -0.310461 -0.059696 0.948710 -0.923944 0.161485 -0.346770 0 0 0 0 0 0
-9.909783 -0.182182 0.762575 -0.280699 0.257646 0.924568 -0.915515 0.001199 -0.402282 0 0 0 0 0 0
-9.949585 -0.140676 -0.225016 -0.314985 -0.686880 -0.654966 -0.160839 -0.544768 -0.823018 0 0 0 0 0 0
-10.434683 -0.325162 -2.186340 -0.325483 -0.934698 -0.142832 -0.875687 0.415445 0.246127 0 0 0 0 0 0
-10.765401 -0.172546 -2.387867 -0.332885 -0.838101 0.432174 -0.865764 0.500401 -0.007221 0 0 0 0 0 0
-11.097431 -0.145551 -2.630170 -0.333948 -0.418535 0.844575 -0.852277 0.438256 -0.285580 0 0 0 0 0 0
-11.428931 -0.244938 -2.855675 -0.328354 0.156983 0.931418 -0.840855 0.213520 -0.497365 0 0 0 0 0 0
-11.758320 -0.458770 -3.002658 -0.318803 0.664037 0.676328 -0.836279 -0.111433 -0.536862 0 0 0 0 0 0
-12.085099 -0.734584 -3.004498 -0.309043 0.931101 0.193762 -0.839685 -0.400869 -0.366379 0 0 0 0 0 0
-12.409849 -0.969415 -2.836486 -0.302080 0.889087 -0.343905 -0.848916 -0.525545 -0.056073 0 0 0 0 0 0
-12.733607 -1.058153 -2.555058 -0.299686 0.565443 -0.768416 -0.860327 -0.440215 0.256999 0 0 0 0 0 0
-13.101106 -0.936600 -2.431917 -0.314401 0.059340 -0.947434 -0.929873 -0.154552 0.333843 0 0 0 0 0 0
-13.564068 -1.114712 -2.233039 -0.277245 -0.259907 -0.924978 -0.906752 -0.018125 0.421275 0 0 0 0 0 0
-13.738400 -0.647697 -2.099541 -0.315016 -0.686873 -0.654959 -0.888905 0.294261 0.351081 0 0 0 0 0 0
-14.105306 -0.325155 -2.186332 -0.325502 -0.934691 -0.142831 -0.875680 0.415457 0.246128 0 0 0 0 0 0
-14.436037 -0.172542 -2.387860 -0.332892 -0.838099 0.432173 -0.865772 0.500386 -0.007215 0 0 0 0 0 0
-14.768064 -0.145547 -2.630174 -0.333922 -0.418539 0.844584 -0.852266 0.438277 -0.285580 0 0 0 0 0 0
-15.099457 -0.244954 -2.855678 -0.328341 0.156984 0.931423 -0.840823 0.213527 -0.497417 0 0 0 0 0 0
-15.269110 -0.458686 -3.656033 -0.318816 -0.664033 -0.676325 -0.149186 -0.622413 -0.768340 0 0 0 0 0 0
-15.772274 -0.558220 -5.523836 -0.308994 -0.931117 -0.193765 -0.839683 0.400849 0.366405 0 0 0 0 0 0
-16.096886 -0.323398 -5.691873 -0.302068 -0.889091 0.343906 -0.848900 0.525572 0.056063 0 0 0 0 0 0
-16.420664 -0.234659 -5.973286 -0.299704 -0.565440 0.768411 -0.860332 0.440201 -0.257006 0 0 0 0 0 0
-16.787797 -0.352873 -6.116089 -0.310467 -0.059696 0.948708 -0.923939 0.161490 -0.346783 0 0 0 0 0 0
-17.250486 -0.183512 -6.299845 -0.280678 0.257646 0.924575 -0.914655 -0.000043 -0.404234 0 0 0 0 0 0
-17.428392 -0.645829 -6.433910 -0.315018 0.686873 0.654958 -0.888317 -0.296679 -0.350534 0 0 0 0 0 0
-17.793263 -0.969700 -6.346446 -0.325501 0.934690 0.142838 -0.875680 -0.415460 -0.246124 0 0 0 0 0 0
-18.123986 -1.122321 -6.144899 -0.332891 0.838099 -0.432172 -0.865771 -0.500388 0.007217 0 0 0 0 0 0
-18.455997 -1.149314 -5.902594 -0.333986 0.418530 -0.844563 -0.852287 -0.438234 0.285584 0 0 0 0 0 0
-18.787614 -1.049936 -5.677083 -0.328341 -0.156985 -0.931422 -0.840873 -0.213532 0.497330 0 0 0 0 0 0
-19.116854 -0.836069 -5.530106 -0.318814 -0.664033 -0.676327 -0.836234 0.111484 0.536920 0 0 0 0 0 0
-19.443688 -0.560277 -5.528261 -0.309056 -0.931097 -0.193761 -0.839709 0.400833 0.366363 0 0 0 0 0 0
-19.768383 -0.325433 -5.696284 -0.302129 -0.889076 0.343894 -0.848900 0.525576 0.056030 0 0 0 0 0 0
-20.092322 -0.236683 -5.977703 -0.299642 -0.565448 0.768429 -0.860358 0.440195 -0.256927 0 0 0 0 0 0
-20.459694 -0.358273 -6.100855 -0.314353 -0.059338 0.947450 -0.929869 0.154555 -0.333852 0 0 0 0 0 0
-20.922657 -0.180140 -6.299704 -0.277243 0.259904 0.924979 -0.906778 0.018125 -0.421219 0 0 0 0 0 0
-20.961264 -0.141949 -7.288440 -0.314954 -0.686885 -0.654976 -0.161166 -0.544950 -0.822834 0 0 0 0 0 0
-21.447265 -0.327197 -9.249608 -0.325501 -0.934692 -0.142831 -0.875637 0.415544 0.246135 0 0 0 0 0 0
-21.778060 -0.174596 -9.451104 -0.332892 -0.838099 0.432173 -0.865772 0.500387 -0.007213 0 0 0 0 0 0
-22.110065 -0.147603 -9.693419 -0.333986 -0.418528 0.844564 -0.852285 0.438232 -0.285592 0 0 0 0 0 0
-22.441688 -0.246974 -9.918923 -0.328341 0.156983 0.931423 -0.840876 0.213529 -0.497325 0 0 0 0 0 0
-22.771067 -0.460817 -10.065898 -0.318753 0.664049 0.676340 -0.836287 -0.111398 -0.536856 0 0 0 0 0 0
-23.097695 -0.736641 -10.067715 -0.309055 0.931097 0.193761 -0.839657 -0.400924 -0.366383 0 0 0 0 0 0
-23.451112 -0.958723 -9.881139 -0.302068 0.889091 -0.343907 -0.876358 -0.481493 -0.012702 0 0 0 0 0 0
-23.785417 -1.058146 -9.581579 -0.299702 0.565437 -0.768414 -0.860328 -0.440213 0.256998 0 0 0 0 0 0
-24.152551 -0.939933 -9.438791 -0.310467 0.059697 -0.948708 -0.923943 -0.161481 0.346776 0 0 0 0 0 0
-24.617777 -1.112579 -9.262528 -0.280678 -0.257647 -0.924574 -0.917222 -0.003174 0.398363 0 0 0 0 0 0
-24.793145 -0.651083 -9.129808 -0.315018 -0.686873 -0.654957 -0.888317 0.296680 0.350534 0 0 0 0 0 0
-25.158015 -0.327209 -9.217273 -0.325501 -0.934692 -0.142831 -0.875677 0.415457 0.246140 0 0 0 0 0 0
