t = 10000000
b = 250 250 250
E = -1.25605593325674 -1.54738413498562 0.291328201728877
-15.5032806396484 -5.51832294464111 37.5842666625977 -0.64906542327188 0.276549414763931 -0.708685048174873 0.54027073104882 -0.488261100436789 -0.685352927309886 -0.0980329960584641 -0.184348568320274 0.73156601190567 0.296788901090622 -0.242398887872696 -0.186911717057228
-15.4201049804688 -6.12857055664062 37.4030456542969 -0.349386498797716 0.728524148902792 -0.589221213911495 0.45673178933394 -0.416662907493533 -0.785994970805064 0.102858871221542 0.315555602312088 -0.379172593355179 0.604812979698181 0.123974829912186 -0.295980751514435
-15.3589324951172 -6.52481174468994 36.9477157592773 0.113366587920302 0.987754649159557 -0.10718567911334 0.597702596969808 -0.153977904032792 -0.786792482580518 -0.105713814496994 0.440105587244034 -0.288125246763229 -0.089908204972744 -0.436345964670181 0.295751512050629
-15.4832458496094 -6.70596599578857 36.4210777282715 0.650223850200786 0.747569122750822 0.135459777571177 0.487768190917841 -0.274067732807567 -0.828835972772934 -0.218122988939285 0.41692915558815 0.296926558017731 0.667573928833008 0.553263187408447 -0.333227396011353
-15.6139068603516 -6.62534379959106 35.8089904785156 0.843865550510562 0.336554353593257 0.417878091958566 0.480284041389005 -0.126596802632349 -0.867928850281122 -0.0686264187097549 -0.214006155729294 0.245471775531769 0.192183002829552 -0.0504015199840069 -0.598957717418671
-15.6218109130859 -6.37127256393433 35.3052597045898 0.861571420881878 -0.168778660328021 0.478757193718758 0.504625742182348 0.182194253011295 -0.843894611012875 0.398955821990967 -0.288012713193893 -0.0527742840349674 -0.0301315505057573 0.209380105137825 0.0363631471991539
-15.5140228271484 -5.94122505187988 34.9595832824707 0.713120945976507 -0.636127009712255 0.294619999192377 0.529245914655747 0.212911732368675 -0.821320495324433 0.0920619368553162 0.0258285105228424 -0.654159784317017 0.41776630282402 -0.261284708976746 0.084221325814724
-15.24072265625 -5.49234533309937 34.7764511108398 0.290536762122583 -0.950990012861105 -0.10586021582144 0.649963518937437 0.277332284210812 -0.707555106111798 -0.0663803964853287 -0.00935515202581882 -0.032797034829855 -0.57536780834198 0.195936486124992 0.543072938919067
-14.8426666259766 -5.15819215774536 34.7582626342773 0.00294061512097741 -0.864851868969633 -0.50201852308699 0.673631117866825 0.372739155411981 -0.638190127676898 0.727641940116882 0.168223083019257 -0.22119976580143 0.126701429486275 0.164234533905983 -0.252525180578232
-14.2449340820312 -4.99245548248291 34.6702766418457 -0.457762739154221 -0.621571807361818 -0.6356899896451 0.605192790444851 0.305937781854837 -0.734944732634582 0.400810837745667 0.0825586691498756 -0.14277483522892 0.296455591917038 -0.347046077251434 0.222826704382896
-13.6886901855469 -5.10775566101074 34.522632598877 -0.737441692527719 -0.160863576415203 -0.655974587849837 0.670779184351672 -0.060887485006833 -0.739153569977206 0.383505165576935 0.110871322453022 0.0889305397868156 0.765794456005096 -0.47036224603653 0.10551867634058
-13.2667541503906 -5.47596883773804 34.3848419189453 -0.672580062673776 0.370784021753162 -0.64043365660019 0.615094176769867 -0.201075597059989 -0.762382947061887 0.373518198728561 0.444126933813095 0.571479499340057 0.351589649915695 0.0540951900184155 0.203360214829445
-13.0730133056641 -5.90811109542847 34.0574684143066 -0.325599830454647 0.834246696032009 -0.444991236506498 0.551777472042001 -0.214530949365509 -0.805926853449661 0.396411538124084 -0.305765271186829 0.0471041239798069 -0.313451856374741 0.174803599715233 -0.372473061084747
-12.9915771484375 -6.29181003570557 33.6563758850098 0.172243213495108 0.975223789289987 -0.138819437427756 0.399276868420109 -0.197949179757686 -0.895206179926106 0.0890537649393082 0.244063600897789 0.310694187879562 -0.551794826984406 0.308621793985367 0.309344798326492
-13.1626892089844 -6.51122522354126 33.1546440124512 0.646008905264673 0.755125346619757 0.111616330396273 0.333431356359075 -0.147615908241528 -0.93114610788564 -0.23776338994503 0.286121875047684 0.226723104715347 -0.0721356421709061 -0.192182496190071 0.374589681625366
-13.384765625 -6.53534173965454 32.6005477905273 0.854521192354448 0.443763673964617 0.269939499678275 0.286063087129488 0.031706798794517 -0.957686059777499 0.370738565921783 0.237494140863419 -0.0678049474954605 -0.362048506736755 -0.018004035577178 -0.0374369844794273
-13.6096649169922 -6.31313753128052 32.0996894836426 0.978870189489642 0.00804854908569642 0.204324186003828 0.198889973459397 0.194622021545464 -0.960502497230943 -0.402025401592255 -0.777707099914551 -0.317057996988297 0.163245901465416 -0.24528181552887 -0.26378533244133
-13.7087860107422 -5.87769985198975 31.7019748687744 0.877981647573322 -0.455332902404168 0.147716534323791 0.319326984491712 0.327210880730484 -0.889361184506616 -0.0999187827110291 0.435549259185791 -0.256749033927917 -0.279984802007675 -0.284288644790649 0.305956453084946
-13.5731048583984 -5.35261154174805 31.4439678192139 0.454071682609348 -0.861345943937295 -0.227820262301415 0.301087752854056 0.389002848043845 -0.870645133963931 0.716433823108673 0.257991105318069 -0.209418848156929 0.359580338001251 -0.211440026760101 0.290762096643448
-13.2298278808594 -4.90604400634766 31.2573299407959 -0.0776397987082746 -0.905152675847641 -0.417936233249037 0.442661967633656 0.344318295895027 -0.827946431553784 -0.761444509029388 0.380188226699829 -0.0666716396808624 0.125514253973961 0.229443475604057 0.0512360483407974
-12.70703125 -4.61380863189697 31.1118049621582 -0.385551331565596 -0.814484302592239 -0.43354987205491 0.575980892245262 0.154628677071524 -0.802705415451685 -0.140879228711128 0.133525297045708 0.23718336224556 0.0864484384655952 -0.123535886406898 -0.118654146790504
-12.1630096435547 -3.48084783554077 31.6130218505859 0.978837609580272 0.18997710699781 0.0760633478616478 0.0830243814994008 -0.0289436149975534 -0.996127109975186 -0.0585320107638836 0.149039059877396 0.325664222240448 -0.0418037734925747 -0.423119604587555 0.046979296952486
-12.3557586669922 -3.09887075424194 31.2506408691406 0.953063300973715 -0.251314849855262 -0.168852570543992 -0.0471876795587739 0.427582345201744 -0.902743962023361 0.100212581455708 0.0824838429689407 -0.0224759671837091 -0.0416169166564941 -0.00534439971670508 0.0804049596190453
-12.4436187744141 -2.46507930755615 31.0565643310547 0.636752159124477 -0.653584718113163 -0.409113314497651 -0.115035041810465 0.444119452674662 -0.8885521092832 -0.039906594902277 0.0649567395448685 -0.0074250316247344 0.0998653694987297 -0.104962185025215 -0.441316604614258
-12.2440948486328 -1.94356644153595 30.8674201965332 0.0900936853769413 -0.852265881527613 -0.515292145330357 0.41187397056415 0.502962339236439 -0.759860985760903 -0.48228856921196 -0.0509360320866108 0.426273822784424 0.0711036249995232 -0.0100002782419324 0.0431844294071198
-11.7655639648438 -1.62549865245819 30.6813716888428 -0.329265409586135 -0.780126040618172 -0.5319658361206 0.513583599325432 0.324791370561514 -0.79419295647387 -0.0708255767822266 -0.196689739823341 -0.529428422451019 -0.0479503944516182 0.180991038680077 -0.589464843273163
-11.2225799560547 -1.57950782775879 30.4509410858154 -0.746743952594672 -0.377530401484867 -0.547580373295064 0.511209176413953 0.200890519453517 -0.835648357351263 0.937435150146484 0.0970495939254761 -0.194244265556335 0.403685182332993 -0.245515272021294 0.387874275445938
-10.7051544189453 -1.68513262271881 30.2192916870117 -0.825363517913732 0.156491257347712 -0.542480921020086 0.563100634855822 0.298174331888104 -0.770720275345117 -0.39840504527092 0.0737786665558815 0.512406647205353 -0.659533202648163 -0.0191228985786438 0.161672949790955
-10.3476715087891 -1.99764633178711 29.8478031158447 -0.722872567097652 0.609515392478531 -0.325493837221832 0.441935136680795 0.0457064280949247 -0.895881832273504 0.161561101675034 0.273418515920639 0.160428792238235 0.292194962501526 -0.01309425663203 -0.167451947927475
-10.21484375 -2.32626152038574 29.3613109588623 -0.299050389297146 0.951971090622277 0.065726001556897 0.427346146105639 0.195193606556695 -0.882765386367209 -0.206303223967552 -0.293193399906158 -0.219140410423279 0.218324139714241 -0.674581170082092 -0.0658905953168869
-10.2025756835938 -2.47882723808289 28.8114128112793 0.0306050774603804 0.940839852971236 0.337466591375662 0.497139270918172 0.278573751925413 -0.821735486667788 -0.0173151586204767 0.207018032670021 0.0840285494923592 -0.00924187805503607 0.00893595721572638 0.0478718541562557
-10.3144989013672 -2.38461184501648 28.2727890014648 0.56184724660492 0.604467225972654 0.564753967854493 0.350587857132267 0.444364686628051 -0.82439564513003 -0.0325637347996235 -0.0556335374712944 -0.471556514501572 0.0108890263363719 0.0967307463288307 -0.152306139469147
-10.4669189453125 -1.98455357551575 27.8292446136475 0.81866103656312 0.139149950256579 0.557163708937498 0.439825678056185 0.471902554796027 -0.764108206800188 -0.429453641176224 -0.0144870523363352 -0.559888601303101 0.00366243370808661 -0.339820057153702 0.266051322221756
-10.5400390625 -1.49578440189362 27.4765663146973 0.88498945028557 -0.345668085441023 0.311941096347984 0.465425042757307 0.675687310213255 -0.571687142055107 0.028796099126339 0.253383338451385 -0.129940688610077 0.240676358342171 0.285913467407227 0.36159810423851
-10.3910675048828 -0.953197479248047 27.4341602325439 0.674924363392559 -0.722795162924175 -0.148473082249156 0.563913642040533 0.635018690397008 -0.527970327922933 -0.0974529758095741 0.300019919872284 -0.0121043846011162 -0.0100995805114508 0.24457859992981 -0.269628673791885
-10.0572662353516 -0.514438509941101 27.5215091705322 0.341004648407257 -0.786922493833204 -0.514265319133979 0.750795063175582 0.557186116668517 -0.354754005619432 -0.144190892577171 0.0777011513710022 -0.0553298257291317 0.472385615110397 0.327271461486816 -0.162424609065056
-9.54112243652344 -0.206964373588562 27.7079181671143 0.14035939445135 -0.664158775413348 -0.73429718876671 0.629404553527105 0.632352269208972 -0.451642021545394 -0.243017837405205 -0.280178070068359 0.00839619897305965 -0.259702414274216 -0.122687742114067 0.225247293710709
-8.99855041503906 -0.0978905260562897 27.822774887085 -0.24139315617533 -0.290014599950706 -0.92607822346017 0.908732206858767 0.267279080680286 -0.320573968450803 0.0328052118420601 -0.0881718173623085 0.0985033065080643 -0.277834922075272 -0.289040297269821 -0.365337699651718
-8.11795043945312 0.366013914346695 28.7942523956299 0.787487770896102 -0.156529021119177 0.596122199080492 0.525807112166921 0.675223317353873 -0.517301026962362 0.454959213733673 -0.401225537061691 0.0803613737225533 0.101967379450798 -0.0725608766078949 0.206006288528442
-8.08999633789062 0.925405323505402 28.6719150543213 0.788141770387807 -0.552548568903405 0.271150564765727 0.608298541682987 0.632104708296871 -0.480017210040722 -0.0117752524092793 0.206833139061928 0.0517533719539642 0.37824147939682 -0.314230680465698 -0.0543422624468803
-7.86639404296875 1.38364219665527 28.7029342651367 0.653176189660586 -0.724537897084719 -0.220012956319696 0.601006902168874 0.672813338301666 -0.431408061293181 0.272860765457153 0.154182955622673 0.135678589344025 -0.210258647799492 -0.307056754827499 -0.295120447874069
-7.5999755859375 1.7913533449173 28.9251155853271 0.387896110427764 -0.52527304084484 -0.757380248010619 0.649753126534494 0.738646371873079 -0.179506021841575 -0.263343185186386 -0.336270600557327 0.153660133481026 0.556845545768738 0.0198664925992489 0.0823662057518959
-7.10877990722656 2.0538854598999 29.1705131530762 -0.044972652638047 -0.353925769311137 -0.934191634693984 0.797653214413212 0.550274403099989 -0.246875334590601 0.742051899433136 0.105211935937405 0.167225107550621 0.0647733360528946 0.404651939868927 0.24239955842495
-6.56472778320312 2.09344816207886 29.3673801422119 -0.348553063772427 0.0604709810254989 -0.935336315016512 0.828462916667045 0.486592019233619 -0.277267745195294 0.00371267413720489 0.532741665840149 0.336259007453918 -0.113076247274876 0.138885483145714 0.160286888480186
-6.00718688964844 1.9842711687088 29.3290195465088 -0.517439286523891 0.650908130512991 -0.555495445880279 0.854882007429095 0.42192814557152 -0.301916202527423 0.0623008497059345 -0.0920129492878914 0.0985740646719933 -0.8664271235466 0.0233392100781202 -0.259641587734222
-5.54289245605469 1.82258093357086 29.0712013244629 -0.559835302254886 0.827223344681158 0.0478118433413465 0.670983744979198 0.486441813615739 -0.559602694721819 0.0939807817339897 -0.152041286230087 0.284867525100708 -0.128965899348259 0.371490806341171 0.24668762087822
-5.44853210449219 1.72725558280945 28.5365238189697 -0.168969237841219 0.945370915628497 0.278788860156023 0.342761684271205 0.321562311009402 -0.882673273603466 -0.268123358488083 -0.468213737010956 0.02345229126513 0.1467544734478 0.080988772213459 0.141360387206078
-5.60804748535156 1.69046902656555 28.0302715301514 0.431890192108405 0.80035039001165 0.415824620686131 0.185277280008387 0.372479242838935 -0.909357764120826 0.22954073548317 0.00612739101052284 0.673764944076538 0.0707086250185966 0.000105560175143182 -0.00130280759185553
-5.88471984863281 2.01060223579407 27.5797023773193 0.77669253146224 0.396249436047769 0.489627507399862 0.256905668539975 0.510453959635404 -0.820631605877184 -0.0929904654622078 -0.4088214635849 0.375997215509415 0.0895244628190994 0.0572580769658089 0.16421377658844
-6.07904052734375 2.48116946220398 27.2518348693848 0.971705681924789 -0.152240359088065 0.180584995998613 0.231615046104208 0.464339952067543 -0.854835001232435 -0.184553548693657 0.506071329116821 0.0876580476760864 -0.00146934809163213 0.518297433853149 0.160697355866432
-6.10255432128906 2.99197030067444 26.9917545318604 0.891174129676748 -0.444787069111797 0.0892924058687394 0.361506004201078 0.577337727632702 -0.732116491535656 -0.284639298915863 -0.363037467002869 -0.286850810050964 0.0651406347751617 0.00810772553086281 -0.479133009910583
-5.88946533203125 3.51150512695312 26.8957118988037 0.617373094643723 -0.726110313947927 -0.302678499382555 0.445163492122368 0.639694316257053 -0.626594483721202 -0.115034855902195 0.499845385551453 -0.471767425537109 -0.220912516117096 -0.0203256998211145 -0.629302680492401
-5.541259765625 3.97170877456665 26.9243183135986 0.0937409259335732 -0.700531520730902 -0.707437790386947 0.453889074385491 0.662498073599703 -0.59588674312336 -0.40397909283638 -0.116975970566273 -0.450029402971268 0.295740365982056 0.162078529596329 0.304777592420578
-5.05137634277344 4.2047815322876 27.0190162658691 -0.229315177654346 -0.39292865510379 -0.890517614253465 0.902517049431629 0.256797745691366 -0.34571360009849 0.307604253292084 -0.0498221069574356 0.113506510853767 0.453428953886032 0.0941576734185219 -0.636685192584991
-3.81637573242188 4.49743366241455 27.8530120849609 0.840227715931108 -0.102385167937375 0.532479729912443 0.4427243311303 0.696521326106922 -0.564670885475321 -0.288687169551849 0.158698603510857 -0.25011357665062 0.0196998566389084 -0.164673790335655 0.649079263210297
-3.7596435546875 5.0827784538269 27.7211055755615 0.80340616659517 -0.586657026307082 0.101843335380305 0.50678781243095 0.583934463426124 -0.634181878954845 -0.0237420760095119 -0.209993243217468 -0.490400910377502 -0.153814509510994 0.533631086349487 -0.0941672101616859
-3.62606811523438 5.6479811668396 27.754508972168 0.594740601784247 -0.754986804229996 -0.276185702069984 0.540111017061676 0.629718620099409 -0.558331934201062 -0.0836216434836388 -0.00384514825418591 0.207561165094376 -0.132633879780769 -0.325308740139008 0.283855259418488
-3.25738525390625 6.0853443145752 27.9185848236084 0.399701910030783 -0.756665338070777 -0.5173934182805 0.821433547602893 0.546166301904755 -0.164162412068687 0.000989012187346816 -0.214636355638504 -0.330799251794815 0.263678669929504 -0.290743231773376 0.407428979873657
-2.82217407226562 6.25062656402588 28.2110500335693 0.00999598526574409 -0.330161070035695 -0.94387167989693 0.948562993501916 0.301830573725669 -0.0955329897109807 -0.44263955950737 -0.193353295326233 0.252740561962128 -0.156153872609138 0.12143037468195 0.59916353225708
-2.2403564453125 6.12751340866089 28.3976707458496 -0.331536014054906 0.37102210589265 -0.867425194655751 0.901654105985681 0.395213046363898 -0.175574830607718 0.00571419019252062 0.0485250353813171 0.194160684943199 0.0600964911282063 -0.242794916033745 0.258790671825409
-1.67195129394531 5.88614225387573 28.2865772247314 -0.40107955493381 0.743103012584177 -0.535661369992663 0.915995264268371 0.331326232261744 -0.226220254736736 -0.0303377062082291 0.0192698631435633 0.218181625008583 -0.106146760284901 -0.139627769589424 -0.156498536467552
-1.273681640625 5.70729541778564 27.9956226348877 -0.324655766956659 0.943402561839743 -0.0677513047549176 0.82556428962834 0.247689953771271 -0.507043677104093 0.476548552513123 -0.313832610845566 -0.341790288686752 0.0104205003008246 0.497994720935822 -0.247399792075157
-1.02381896972656 5.65604639053345 27.4249019622803 0.0394703921362934 0.871347950129028 0.48907549309953 0.804691991111771 0.262451606004116 -0.532531645957716 0.0480812042951584 -0.347298115491867 -0.366012752056122 0.0323883146047592 -0.01551010645926 -0.162646293640137
-0.865493774414062 5.751784324646 26.9017810821533 0.437512380189507 0.495658235149105 0.750270505291116 0.619085184787619 0.439096431079084 -0.651097426035529 -0.52286171913147 -0.429464757442474 -0.587330877780914 0.561111807823181 -0.150764331221581 -0.383338958024979
-0.900543212890625 6.16338348388672 26.5383548736572 0.785595248572542 -0.0373602885155844 0.617611782807192 0.495442809183511 0.635918246046541 -0.591730012060773 0.26402759552002 0.213173195719719 -0.283501505851746 0.314211905002594 -0.206646889448166 -0.392238229513168
-1.03068542480469 6.70921850204468 26.385684967041 0.902831477584844 -0.300868809059899 0.307202348325732 0.418995804973287 0.776110298070762 -0.471269902119051 0.0403913073241711 0.173777267336845 -0.0587258413434029 -0.242468774318695 0.114720351994038 -0.221137091517448
-1.01292419433594 7.30770778656006 26.4428977966309 0.755895129618797 -0.622067459419713 -0.20409465683767 0.510726639280064 0.755331404391044 -0.410649204882153 0.0507099032402039 -0.567512989044189 -0.0487037338316441 0.153179854154587 0.106540270149708 0.374436020851135
-0.689666748046875 7.78037977218628 26.654317855835 0.400069987328689 -0.643913183363785 -0.652165483239599 0.553898186599031 0.736808943113651 -0.387697537044086 0.422050058841705 0.443972766399384 0.291643142700195 -0.496165931224823 0.226702898740768 0.0657962784171104
-0.253494262695312 8.17041873931885 26.8104228973389 -0.0964989748591661 -0.514635090455358 -0.851961660829368 0.546035364223988 0.688282707311145 -0.477611029848785 0.380506157875061 0.0536017045378685 0.0443900227546692 -0.2859907746315 -0.512877464294434 0.459545761346817
0.300933837890625 8.38519859313965 26.8069648742676 -0.41307518838869 -0.29336561062617 -0.862151672990073 0.781047652897919 0.372720709114825 -0.501042749572923 -0.288065820932388 0.231036975979805 0.0643175765872002 0.324006050825119 -0.159757405519485 -0.506341338157654
0.85833740234375 8.1861743927002 26.8497924804688 -0.45290828184208 0.0857315591891754 -0.887425595753158 0.878139506434695 0.214932426322529 -0.427405029630842 -0.391427218914032 -0.477208852767944 0.0413519479334354 -0.429523795843124 0.22741411626339 -0.0494062788784504
1.75010681152344 8.14305400848389 27.8762187957764 0.386677758980578 -0.395021994742449 0.833329427285185 0.844672035477223 0.514386502571511 -0.148106983140615 0.0661982893943787 0.263167560100555 -0.273274123668671 0.296007722616196 -0.0105280755087733 -0.285064160823822
1.91835021972656 8.65479946136475 27.9144382476807 0.455525164282439 -0.784147124422814 0.421438147258752 0.8650837172108 0.501624604844873 -0.00170822450781325 -0.0548542626202106 0.266703844070435 0.00501712784171104 0.241770878434181 0.243072748184204 -0.0597095936536789
2.11691284179688 9.05642127990723 28.2434043884277 0.555303463689462 -0.760620294273687 -0.336295749532306 0.819186807291551 0.570005752549468 0.0634540528255759 -0.0780444592237473 0.036836352199316 -0.181428462266922 0.000166291574714705 -0.858938157558441 -0.325030267238617
2.44926452636719 9.35494518280029 28.7069110870361 0.367186639241434 -0.415775190937675 -0.83204865396401 0.872143233788292 0.464844214442476 0.152597627952268 0.235229089856148 -0.757887721061707 -0.246139734983444 -0.651503920555115 -0.513160765171051 0.0978023335337639
2.93421936035156 9.33384418487549 29.0860462188721 0.08393510155487 -0.106518964046545 -0.990761630779788 0.913753389855814 0.404853787180447 0.0338844143030145 0.283538371324539 0.0458709262311459 -0.0330498702824116 -0.277145147323608 -0.205401018261909 0.714828014373779
3.38174438476562 9.13125324249268 29.2824859619141 0.0731270353704469 0.45300763265826 -0.888502403739736 0.962192904417983 0.202322345483376 0.182347150254099 -0.273905783891678 0.163456752896309 0.378728836774826 0.0818123444914818 0.383542150259018 -0.271600723266602
3.85484313964844 8.76781463623047 29.2314414978027 -0.0868215266722714 0.836883599780086 -0.540451536148637 0.993157922902951 0.0301814677804315 -0.112811431946035 -0.497609108686447 -0.556715488433838 -0.262711763381958 0.148222759366035 0.337785065174103 0.208180725574493
4.22515869140625 8.42263603210449 29.0032615661621 0.0180126115127013 0.987180287353389 -0.158589489208373 0.96733833822806 -0.0573185395905441 -0.246923316868583 0.00120496307499707 -0.197104468941689 -0.419211685657501 0.255848318338394 -0.0602414309978485 0.119097262620926
4.53507995605469 8.24260807037354 28.5374965667725 0.11413021407701 0.907345162142447 0.404597393678497 0.8514268340075 0.120515260716516 -0.51043943643335 -0.65631103515625 -0.202041670680046 0.589058697223663 0.187671482563019 -0.102173417806625 -0.306828171014786
4.72610473632812 8.21999645233154 28.0145874023438 0.356717605365842 0.64046755769435 0.680113121151984 0.723194593089966 0.271539376455576 -0.635024367689583 -0.11981625854969 0.46860408782959 0.060449656099081 0.257684618234634 0.358206570148468 -0.478662312030792
4.75105285644531 8.50882434844971 27.4776439666748 0.623134951708903 0.226211686127532 0.748686252724118 0.605317708383467 0.466691828002488 -0.644817190832475 -0.17300845682621 0.481954157352448 0.282957673072815 0.213875442743301 0.563000202178955 0.11037815362215
4.65313720703125 9.00474548339844 27.1285934448242 0.798599447217305 -0.272394089808652 0.536693937679131 0.591985090928002 0.516394776533705 -0.618781130035225 0.350230753421783 -0.0758847147226334 -0.334220141172409 0.235407635569572 -0.239324763417244 -0.0388450920581818
4.72085571289062 9.56474494934082 27.0156002044678 0.754128902889967 -0.648749595443349 0.102046853151218 0.580728988254781 0.58620037878708 -0.564909690225316 -0.354300707578659 -0.165819853544235 -0.416777998209 0.303677976131439 0.169774979352951 0.112854830920696
4.94207763671875 10.0735445022583 27.0332908630371 0.54154010959998 -0.794329376518103 -0.275272866978936 0.73167849184166 0.606589562606662 -0.31095930137716 -0.448205351829529 0.0756553560495377 -0.245882764458656 0.24655793607235 0.339811116456985 -0.736912369728088
5.33464050292969 10.408576965332 27.2288703918457 0.175666955104033 -0.628720657981773 -0.757529837769737 0.756123737259093 0.578930708421264 -0.305149354907059 0.472629696130753 0.158829301595688 0.0034756688401103 -0.372971385717392 -0.120986379683018 -0.383740812540054
5.84506225585938 10.5226392745972 27.4543380737305 -0.137709414679357 -0.224929068457466 -0.964594749763612 0.763070824858256 0.59679781455284 -0.24810337521907 0.16214220225811 0.203786477446556 -0.151605635881424 0.144197508692741 0.135567739605904 -0.0136983618140221
6.93231201171875 10.81409740448 28.4363708496094 0.726411193530879 -0.167561011903857 0.666520881295402 0.677531274439606 0.337206490036885 -0.653638397918335 0.307505786418915 0.28395676612854 -0.0328061543405056 -0.0990575030446053 -0.136784285306931 0.109077416360378
7.12313842773438 11.3163356781006 28.0633773803711 0.661640713794962 -0.548892791404814 0.510830959704602 0.749465681974033 0.463141109825671 -0.473076636426534 -0.285490185022354 -0.661921560764313 -0.170306131243706 0.181669607758522 0.298934280872345 -0.090381495654583
7.34298706054688 11.8427934646606 28.033878326416 0.498022763208067 -0.854010415102307 0.150464408493791 0.855300073646957 0.455154760644032 -0.247580144362557 -0.717363774776459 -0.322070628404617 -0.0884354189038277 -0.331844180822372 -0.0296604577451944 -0.218914091587067
7.57464599609375 12.2784404754639 28.2960300445557 0.471441569447074 -0.781986788355345 -0.407724796198332 0.826780135739244 0.552786376612475 -0.10422009872692 0.466862440109253 0.205661803483963 -0.173497796058655 -0.0454781204462051 -0.290309846401215 0.0978187918663025
7.98089599609375 12.4711351394653 28.6782169342041 0.226553259331784 -0.44468929380904 -0.866559318603039 0.897584016182135 0.440761865357668 0.00848009084728862 -0.270449131727219 0.000889253511559218 0.297748446464539 0.361805945634842 -0.314928025007248 -0.158401742577553
8.52914428710938 12.4555015563965 28.9346523284912 -0.135354963599874 -0.066973606195808 -0.988531016155793 0.75386317804974 0.640464203837335 -0.146614843667869 -0.416500627994537 0.247531965374947 -0.0243889875710011 0.0130019374191761 0.00218783784657717 -0.325282514095306
9.09976196289062 12.383246421814 29.0395221710205 -0.328523014682045 0.338104333135154 -0.881905940982061 0.884845688280694 0.436744761637699 -0.162179286942241 0.10339018702507 1.1049530506134 -0.122675627470016 -0.339192152023315 0.0251252856105566 -0.604057729244232
9.61007690429688 12.0938348770142 28.873706817627 -0.350466996654372 0.722479479071729 -0.595983461663415 0.896762872446226 0.0752999150235892 -0.436057649169732 -0.174225360155106 -0.414326369762421 0.00451459921896458 -0.030065955594182 -0.196436554193497 -0.683551132678986
9.91183471679688 11.7647953033447 28.5523853302002 -0.1691066797329 0.983142781159554 -0.0695212393702222 0.689502823632789 0.0676059660622164 -0.721120856413962 0.0211032703518867 -0.0521297678351402 -0.565487325191498 -0.390408754348755 -0.388835966587067 0.524362027645111
10.03466796875 11.6248893737793 27.9716205596924 0.279829070595017 0.840855511562512 0.463311666078975 0.384402425213702 0.344085760171357 -0.856644480013222 -0.281909644603729 -0.291513949632645 -0.222316548228264 -0.184529036283493 0.02280168607831 -0.0786040425300598
9.865234375 11.8640851974487 27.4469451904297 0.762117154246282 0.366689688027698 0.533587964536025 0.42776394856171 0.333463362919196 -0.840131055194078 -0.42996409535408 0.129180043935776 0.625841319561005 0.341178566217422 -0.112555116415024 0.324487239122391
9.85568237304688 12.3156671524048 26.9867687225342 0.861113359137319 -0.0347694802444713 0.507222698583937 0.489297676169793 0.327669201886152 -0.808220686588838 0.147609770298004 -0.104820154607296 -0.171457812190056 -0.242081254720688 -0.392980992794037 -0.035817738622427
9.88040161132812 12.7646837234497 26.7443084716797 0.837155304816069 -0.527045928323401 0.146265460912815 0.41055398087114 0.428793880738835 -0.804724323375272 -0.108793675899506 0.150905728340149 0.0351242758333683 -0.064872182905674 0.373453944921494 0.00406343210488558
9.9991455078125 13.2847261428833 26.5675830841064 0.663469808206407 -0.74541930973029 -0.0644815189009332 0.605642275756642 0.585659278998857 -0.538702740608264 0.878141045570374 -0.108553126454353 -0.153547272086143 0.0140164792537689 0.0659928992390633 0.0669505670666695
10.276611328125 13.7224540710449 26.6166896820068 0.341104923962943 -0.738555306453076 -0.581535459072134 0.485073231648532 0.668203068412658 -0.564099830971398 -0.0641604587435722 0.0153897562995553 0.244469717144966 -0.0456259809434414 -0.118909955024719 -0.580709338188171
10.7505798339844 14.062536239624 26.7500286102295 -0.0379327203039524 -0.505968569413896 -0.861717422068045 0.742270222234828 0.563075499853174 -0.363291754170883 -0.198240220546722 0.500259160995483 0.00818209163844585 -0.019997188821435 0.243197590112686 -0.0508872978389263
11.2667236328125 14.1922016143799 26.8379917144775 -0.363151601738178 -0.142212310710611 -0.920812995584524 0.66017995420652 0.658115414273667 -0.362003493849545 -0.330836325883865 0.425262033939362 -0.330476403236389 0.136214658617973 -0.107644446194172 -0.0277358517050743
12.1650390625 14.2234525680542 27.8327980041504 0.53968763543281 -0.670385750737427 0.509234917664882 0.839134085238327 0.379679048461435 -0.389484026823507 0.00602107727900147 -0.180929198861122 0.603114366531372 0.0561116337776184 0.00697825662791729 -0.236637383699417
12.4849853515625 14.763222694397 27.9228038787842 0.476716194961515 -0.878803511565575 -0.0211200738973152 0.810103540888909 0.448523225555104 -0.377570085119169 -0.356044769287109 -0.846073091030121 0.384397089481354 -0.337547302246094 -0.227382943034172 0.0770390778779984
12.8840026855469 15.1142234802246 27.9956512451172 0.204836634533431 -0.904172184128636 -0.37485279057394 0.911862489337163 0.315469303166188 -0.262651707208752 -0.0255819037556648 -0.570748388767242 -0.123658679425716 -0.0448405556380749 -0.319155156612396 0.871891677379608
13.3741760253906 15.2067823410034 28.1582336425781 -0.192314631436959 -0.48202742414242 -0.85478924005271 0.898748782323719 0.263240260472477 -0.350649670665773 -0.104540266096592 0.205271705985069 0.486930102109909 0.50984799861908 0.212996363639832 -0.488751083612442
13.9234924316406 15.0545072555542 28.2661609649658 -0.33601697039007 -0.088364039323384 -0.937701654133304 0.94175285254181 -0.0462504390560818 -0.333110284465196 0.133514866232872 0.0682005360722542 0.550180375576019 -0.199619188904762 0.0641913563013077 0.460521012544632
14.3617858886719 14.6547746658325 28.3849830627441 -0.214649494628366 0.343010801812602 -0.914477547179625 0.821646667706531 -0.442782851579907 -0.358943031404036 0.0041098166257143 -0.285728842020035 -0.0860935971140862 -0.0120590748265386 -0.416682451963425 0.13413143157959
14.6590576171875 14.135516166687 28.3211460113525 -0.0916040893212001 0.787030671071819 -0.610074924588674 0.904223187643004 -0.190886076930904 -0.38202478003744 -0.0119110606610775 0.423648625612259 0.103083081543446 0.174249589443207 -0.201406195759773 0.293420135974884
14.7627258300781 13.7490768432617 27.9410095214844 0.341151645241093 0.905830541267735 -0.251170431093905 0.635122238231139 -0.419104939002881 -0.648822620295917 -0.140261620283127 -0.11184100061655 0.04634715244174 0.403866589069366 -0.00868207961320877 -0.253130525350571
14.7073974609375 13.4669589996338 27.450252532959 0.492403253443362 0.863710834265601 0.107436636072674 0.499470146024482 -0.179320108762379 -0.847569390565593 -0.101599775254726 0.109275788068771 0.380997896194458 -0.0298779383301735 -0.0606740303337574 0.120578475296497
14.6164855957031 13.4654016494751 26.9408435821533 0.845602099009072 0.420052807031254 0.329412703848252 0.430178713544899 -0.170830351335967 -0.88643288830869 0.267992079257965 0.0248383656144142 0.520422220230103 0.482019186019897 0.185127764940262 -0.14962200820446
14.5320434570312 13.6955537796021 26.4058475494385 0.897284435178809 -0.0424628975608334 0.439405899728923 0.439663547077242 0.175487058572106 -0.880852006664666 0.377556204795837 -0.0324549339711666 0.475801229476929 -0.235438272356987 -0.170787468552589 0.128860399127007
14.618408203125 14.1791515350342 26.0722274780273 0.699430507029326 -0.604178815461945 0.381791729590496 0.646452402160776 0.306996132185015 -0.69846450630222 0.202578812837601 -0.4332155585289 0.113464273512363 -0.199015825986862 0.159370303153992 0.687048017978668
14.8782958984375 14.6881647109985 25.9280776977539 0.353271232800208 -0.932747316117893 -0.0719852787081429 0.594879838777415 0.283358906103416 -0.75221387101544 -0.160419225692749 -0.0299328416585922 0.572140336036682 -0.0192851554602385 0.111758850514889 0.229611456394196
15.3499450683594 15.0012531280518 25.8556709289551 -0.107036275654718 -0.908227062344938 -0.404557584180858 0.811128441561262 0.155546333466808 -0.563804921435979 0.00558226648718119 0.0904161334037781 0.0500228330492973 0.360560446977615 0.798120975494385 -0.503272712230682
15.9960632324219 15.1044692993164 25.9596900939941 -0.416734215561393 -0.631745619049793 -0.653628385546271 0.868038040140159 -0.0630717840019492 -0.492475289666845 0.0903372019529343 -0.185168385505676 0.557701706886292 0.614593625068665 0.2967149913311 -0.119874820113182
16.5623168945312 14.8766498565674 25.9659824371338 -0.516384370633042 -0.000100025161581989 -0.856356918440485 0.848361170493634 0.136273305517155 -0.511578841042219 -0.0034435554407537 0.576270043849945 0.287765353918076 0.00236803852021694 0.600673198699951 0.018237229436636
17.0267639160156 14.5731525421143 25.8918552398682 -0.480036856689401 0.49567741160403 -0.723787620677011 0.780793528219357 -0.134704058743297 -0.610095306365203 -0.0262071341276169 0.457188367843628 -0.203057363629341 0.397927582263947 0.1110670119524 0.168709188699722
17.3233947753906 14.1536474227905 25.5726795196533 -0.328943972640573 0.833880931692729 -0.443213779820421 0.688254313370948 -0.109663358863749 -0.717133145133458 -0.124106988310814 -0.2445417791605 -0.291057765483856 0.0707400366663933 0.19682203233242 0.219862252473831
17.417724609375 13.7655563354492 25.1537418365479 0.123949084480025 0.986288713801048 -0.108955025057308 0.809268673934659 -0.164016014918111 -0.564077087141838 -0.314892053604126 0.879847705364227 0.1189339235425 0.455811202526093 0.224310651421547 0.147870257496834
17.4960021972656 13.5956354141235 24.6295871734619 0.487217528898587 0.804910970783447 0.338729108058938 0.697986296796631 -0.125824001807569 -0.704970531336774 -0.31398344039917 0.663521289825439 0.0927885547280312 -0.202097788453102 0.430596858263016 0.633684635162354
17.4466857910156 13.6733665466309 24.0622882843018 0.811407743533078 0.291999448714974 0.506313929973006 0.533922621273375 -0.0178743763187339 -0.845344392046097 0.326170474290848 -0.636373817920685 -0.614884376525879 -0.769261717796326 0.0886305347084999 -0.285564005374908
17.4810180664062 13.9811534881592 23.6013050079346 0.843524756275656 -0.228177459662394 0.486210892979695 0.522400312158674 0.138285686023747 -0.841412492715351 0.839317917823792 -0.326982945203781 0.0639718100428581 0.158200070261955 0.216922745108604 0.421453773975372
17.6195068359375 14.4151954650879 23.245433807373 0.660486041827749 -0.577115497587604 0.480308120892125 0.688036550121895 0.209096879618145 -0.694898698106649 -0.317650735378265 -0.0446162261068821 0.448452472686768 -0.210503160953522 0.099466934800148 0.406152099370956
17.9309997558594 14.849705696106 22.987735748291 0.249110356637196 -0.94581379099393 0.2082793868384 0.708037804698853 0.0311275956477578 -0.705488157169501 0.184858530759811 -0.421903997659683 0.464793920516968 0.00124283018521965 0.114827461540699 0.269055068492889
17.4965209960938 15.6267318725586 21.7316398620605 -0.680503130682897 0.463888666150088 -0.567206130563014 -0.273845642586697 0.556986460626118 0.784075663896967 -0.128413483500481 -0.160372048616409 0.596058964729309 0.492580413818359 -0.207401186227798 -0.178997591137886
17.729736328125 16.09303855896 22.0923976898193 -0.864303895965902 -0.180098810806559 -0.469620265495673 -0.46784176948676 0.630680877502627 0.619165332908758 0.171104043722153 -0.220820277929306 -0.195568516850471 -0.0405744127929211 -0.612648069858551 0.294471234083176
17.5863342285156 16.631175994873 22.2541885375977 -0.605954152038295 -0.79472712180438 -0.0350480740708732 -0.596089272956886 0.424441702926359 0.681562043751487 -0.102228954434395 -0.0500006228685379 0.530196189880371 -0.00635742954909801 -0.258417665958405 0.212663590908051
17.220703125 17.121732711792 22.32448387146 -0.128205353524519 -0.956319717575468 0.262708936094742 -0.819765346251831 0.251272585144519 0.514632747733184 0.287036538124084 -0.247119396924973 -0.0425541736185551 0.59200245141983 0.240709960460663 0.536372065544128
16.7129516601562 17.3802032470703 22.2591075897217 0.165092833741072 -0.814652002802826 0.555955457367483 -0.983772334123743 -0.0958625230359308 0.151665326590849 0.135841324925423 -0.0407127477228642 0.0411371551454067 -0.200520247220993 -0.048881109803915 -0.101583957672119
16.2116394042969 17.2440509796143 21.9722003936768 0.232087833914101 -0.565175353281641 0.791651474698325 -0.888722976217929 -0.454013936221789 -0.0635831523183954 0.430118650197983 0.322120696306229 -0.341665387153625 -0.443095177412033 -0.836765885353088 -0.0904392600059509
16.0125122070312 16.8962249755859 21.5818843841553 -0.0851533650104644 -0.131991210946919 0.987586565653948 -0.714180627563401 -0.683064046877554 -0.152870988341169 -0.0398540496826172 0.450929641723633 -0.26868537068367 0.244155839085579 0.14556385576725 0.326768219470978
15.9620666503906 16.3584423065186 21.2827281951904 -0.451044046729566 0.369313274163851 0.812506599010859 -0.595687919706079 -0.802492678605601 0.0340793647336724 -0.370044946670532 0.143684670329094 0.0672444477677345 -0.0916553437709808 -0.330840617418289 -0.408713638782501
16.031982421875 15.7818737030029 21.4464263916016 -0.791419173975107 0.510578803437871 0.336102627994057 -0.523376016820851 -0.850060317035415 0.0589491511252649 0.0642961338162422 0.109801605343819 0.217116475105286 0.00502888672053814 -0.160355061292648 -0.397615551948547
16.032958984375 15.1918249130249 21.7354526519775 -0.684295044361214 0.728471367869528 -0.0327071621664635 -0.685560814536547 -0.627406659940396 0.369279369359328 0.422695189714432 0.00479017570614815 0.553032636642456 -0.636351644992828 0.133023545145988 -0.411308884620667
15.8939819335938 15.0209283828735 22.2439956665039 -0.747047933422897 0.329923754957275 -0.577121911803278 -0.653033883211544 -0.526623367387192 0.544255984165012 0.255915135145187 -0.278164893388748 0.559571862220764 0.400602281093597 0.594065546989441 -0.21177065372467
15.640625 14.9755420684814 22.7488098144531 -0.565911819818876 -0.148252753246597 -0.811027085456517 -0.79011714663191 -0.183458800586181 0.584857044999655 0.478919953107834 -0.145025610923767 -0.304964154958725 0.727466523647308 -0.0414245203137398 0.00388743309304118
15.3225708007812 15.2054138183594 23.1224842071533 -0.378817517254326 -0.610167305304923 -0.695839886869241 -0.81243759868731 -0.140829925364801 0.565784482255339 0.558296084403992 -0.275937616825104 -0.361639797687531 0.0235256534069777 -0.253840774297714 -0.323166191577911
14.7927551269531 15.5570793151855 23.3273582458496 -0.0111927646567702 -0.910200465182005 -0.414016708843737 -0.894888205046018 -0.175618739395883 0.410284241523504 0.390704870223999 -0.0553003884851933 -0.168247938156128 0.0391277112066746 0.0695113837718964 -0.0398306958377361
14.2269592285156 15.756308555603 23.3047409057617 0.206721444964105 -0.978321887551264 -0.0123502441305525 -0.893678471735896 -0.193944111811601 0.404628806005458 -0.4561567902565 -0.341190904378891 -0.305858254432678 0.296856075525284 -0.234349936246872 -0.228821486234665
13.631591796875 15.8297691345215 23.1259708404541 0.448626732878257 -0.727066968263833 0.519718845344883 -0.868867398590619 -0.218639966267976 0.444146382194776 0.0522236861288548 0.33837366104126 0.420273035764694 0.538169622421265 0.681870698928833 -0.295803934335709
13.0426635742188 15.5845432281494 23.0686054229736 0.600396695700116 -0.309983261171449 0.737179886856591 -0.799319976332581 -0.261118364569658 0.541206776676114 0.543398201465607 -0.666196942329407 -0.23452091217041 0.00438838172703981 -0.158118143677711 -0.392269968986511
12.6011352539062 15.2067890167236 23.0759201049805 0.592728717667281 0.181406484777106 0.784706540391575 -0.665133247702707 -0.439161194752378 0.603933115356421 -0.101581119000912 0.949496448040009 0.336728453636169 -0.335176199674606 0.26763316988945 -0.252174615859985
12.4778442382812 14.726393699646 23.1820182800293 0.285616931734858 0.622803244069934 0.728381141630075 -0.43946978876037 -0.590298432566343 0.677062822252585 0.142733350396156 0.189474031329155 -0.0926354825496674 -0.0889650359749794 0.119460895657539 -0.0292085167020559
12.5614929199219 14.203441619873 23.4526538848877 -0.210619178491753 0.834345512161621 0.509418421326929 -0.542576599954114 -0.533246862390863 0.649044233417517 0.0145006105303764 0.550761818885803 -0.266443908214569 0.260655045509338 -0.346138268709183 -0.0102651948109269
12.762451171875 12.750316619873 23.3058662414551 0.34382217163362 -0.939031531255626 -0.0024693320666791 -0.681032295729624 -0.251165671192008 0.6878305153073 -0.398374199867249 -0.329372495412827 -0.545447707176208 -0.412329137325287 -0.0398017354309559 -0.674271583557129
12.2104797363281 12.7886352539062 23.2799243927002 0.437331943854077 -0.832983263248878 0.338939012260414 -0.876345897315969 -0.310132255200105 0.368559157452324 0.056797057390213 -0.213319718837738 -0.226083546876907 -0.265922427177429 -0.311455547809601 0.441193461418152
11.7336730957031 12.6236143112183 23.0125904083252 0.3474537964462 -0.615104009564294 0.707759081010658 -0.883615070181065 -0.467401486740208 0.0275727753763408 -0.479380041360855 -0.439764767885208 0.0154981436207891 0.270009338855743 -0.162940174341202 0.0710480809211731
11.4065246582031 12.2866706848145 22.6115455627441 0.13660451223094 -0.144786818274998 0.979987747113172 -0.826355862504422 -0.5622313532114 0.0321231064912835 0.308859378099442 0.00413464242592454 -0.689781486988068 0.049708366394043 -0.333703547716141 0.23620317876339
11.2280578613281 11.7852926254272 22.3867130279541 -0.126121792635518 0.278503858130703 0.952118109495202 -0.681273105199603 -0.721970050114608 0.120938839374293 -0.0477404706180096 0.21432463824749 0.262557804584503 0.746924579143524 0.832717597484589 -0.100826114416122
11.1970825195312 11.1994371414185 22.3772010803223 -0.456603508948087 0.544843907115354 0.703319523755434 -0.591571769571234 -0.776390609956373 0.217394715248394 0.292852252721786 0.339650601148605 -0.211766734719276 -0.142963573336601 -0.0283819250762463 -0.193912461400032
11.2765502929688 10.6624336242676 22.6262741088867 -0.662851785439506 0.699669906092714 0.266626204728401 -0.541533520520567 -0.693896374808677 0.474604326971401 -0.113875724375248 0.345015019178391 -0.0348154418170452 0.199431404471397 -0.386803448200226 -0.388567686080933
11.3533630371094 10.3984231948853 23.1227741241455 -0.917997790452243 0.28417445407257 -0.276631408877151 -0.390589101400254 -0.76868740606617 0.506517349774521 -0.0716545283794403 0.407260894775391 -0.365517854690552 0.183800056576729 0.0151570215821266 -0.0862150564789772
11.280029296875 10.2418870925903 23.6727886199951 -0.797680759445739 -0.0278901912427417 -0.602434679647937 -0.506601598296026 -0.510980526283021 0.694444902323747 0.0616987086832523 0.349220514297485 0.037871990352869 0.0603197365999222 -0.103655561804771 0.0525796301662922
11.0898132324219 10.3541965484619 24.1870880126953 -0.544983147382776 -0.370063515384362 -0.752360527706053 -0.682460246364229 -0.325490988636402 0.654449103024042 0.326361745595932 -0.132057771086693 0.00475065596401691 -0.107383780181408 -0.438194990158081 0.597177386283875
10.6621704101562 10.5576839447021 24.4980773925781 -0.23165066478152 -0.823133911762237 -0.518448196846394 -0.795187508238791 -0.146773108374256 0.588331948307367 0.151303857564926 -0.0545298680663109 -0.466364502906799 0.0367683283984661 0.507087886333466 0.0155807640403509
10.0982360839844 10.8146810531616 24.6045837402344 0.0183987379784902 -0.990842028644624 -0.133766814689614 -0.917191083238171 -0.0699865251746528 0.392252983573571 -0.483272820711136 0.211877346038818 -0.0771228820085526 -0.169796451926231 -0.358063459396362 -0.483781695365906
9.54156494140625 11.0049686431885 24.4593315124512 0.233634609027005 -0.913620196599426 0.332735639555524 -0.955626629342423 -0.152611548068735 0.251967181767198 0.456525713205338 -0.0214806199073792 0.0301444437354803 -0.0324432849884033 -0.153976395726204 0.488071501255035
9.04364013671875 10.9232339859009 24.1379108428955 0.249070198184067 -0.380566430708103 0.890580276109147 -0.964608015087666 -0.0152778788760885 0.263245063858149 -0.296797454357147 -0.027829235419631 -0.289437979459763 -0.0177530311048031 -0.136632889509201 -0.518556892871857
8.61602783203125 10.5632905960083 24.0493259429932 0.316034721659657 0.177411986542184 0.93201236136473 -0.915335249642176 -0.201392380438269 0.348715485552196 0.232005685567856 -0.122193299233913 -0.149587631225586 0.432015120983124 0.27232027053833 -0.335023313760757
8.25540161132812 10.105188369751 24.0369510650635 0.0561615478360042 0.574541299322038 0.816546493420925 -0.923113757035619 -0.281719543648515 0.261715666894545 -0.273389250040054 0.00290239090099931 -0.0769744738936424 0.0838978216052055 0.0887371227145195 0.102338127791882
7.6953125 9.0674991607666 23.4771842956543 0.322785189252603 -0.888213732747215 -0.326934376532079 -0.867721822396955 -0.415660040986032 0.272553791504718 0.361623793840408 0.182486653327942 0.294901758432388 -0.365250319242477 0.602328598499298 0.496320396661758
7.13552856445312 9.11185455322266 23.287784576416 0.422996874248724 -0.905853795407911 0.022417531552139 -0.904801868852833 -0.420907503826734 0.0645790317577522 0.127738684415817 0.0279002916067839 -0.104265660047531 0.472009927034378 0.334237605333328 -0.199661880731583
6.70645141601562 9.0661039352417 22.9284515380859 0.290134195430294 -0.652660293371879 0.699897628298417 -0.904637157565867 -0.425620179821903 -0.021887797502726 -0.613701164722443 0.581011533737183 0.465497314929962 0.121031910181046 -0.11975897103548 -0.0382186509668827
6.44284057617188 8.78232002258301 22.5420761108398 0.161588190822266 -0.389815058707777 0.906605469094159 -0.889342326128543 -0.455707374067712 -0.0374301506353155 0.313242495059967 -0.317662805318832 -0.713623762130737 0.372297078371048 0.0719808116555214 -0.0592904649674892
6.29263305664062 8.31166648864746 22.2563877105713 -0.178526818068395 0.101215854652585 0.978715242548782 -0.676492551809848 -0.734922812299002 -0.0473950135386233 -0.117429316043854 0.0847681611776352 0.0282821841537952 0.472942680120468 0.617609441280365 -0.259008377790451
6.223876953125 7.75335836410522 22.1303691864014 -0.459811090627476 0.543435815161749 0.702318500208742 -0.74015015217795 -0.6715285057962 0.0350316732983134 0.0202090721577406 0.0884514153003693 0.0620240196585655 -0.254294723272324 0.850572168827057 0.151530742645264
6.11395263671875 7.1492600440979 22.3757629394531 -0.593404843581575 0.803702007279359 0.0439747098802797 -0.792773867441316 -0.593038240152308 0.140766618270068 -0.0124563351273537 -0.336676239967346 0.479254990816116 -0.166877269744873 -0.797397375106812 0.269248306751251
5.91169738769531 6.73551082611084 22.8716678619385 -0.484903767423306 0.767312633686677 -0.419642298301184 -0.86178796613229 -0.33749190039372 0.378709279788873 0.332936078310013 -0.199281945824623 0.0692127346992493 -0.0399189740419388 0.562296092510223 0.0726369917392731
5.70744323730469 6.70060110092163 23.3152885437012 -0.528094678630498 0.315144385085679 -0.788542977237843 -0.842199000617162 -0.0755010687744601 0.53385431718154 -0.137980997562408 0.498160779476166 -0.130179673433304 -0.199596583843231 0.238927140831947 -0.0553748495876789
5.52084350585938 7.00820112228394 23.8786239624023 -0.517223334186719 -0.292340868579504 -0.804373569388599 -0.85416852371422 0.23521923429717 0.463754293686347 -0.0695430561900139 -0.202647671103477 -0.177713930606842 0.223170027136803 -0.0956895723938942 -0.22457666695118
5.32919311523438 7.56825256347656 24.0279808044434 -0.557461673812217 -0.723688005093982 -0.406831849187811 -0.816947379727755 0.390962517038046 0.423963782683416 0.291021227836609 -0.222310110926628 0.442330360412598 0.185616195201874 -0.266183584928513 -0.317013144493103
4.93377685546875 8.0467414855957 23.9714221954346 -0.307265064467514 -0.948582710962883 0.0760198699030837 -0.842969392541966 0.308380643334252 0.440799253690591 0.37531840801239 -0.0524240545928478 0.138499706983566 0.146977424621582 -0.181318715214729 0.218728855252266
4.46705627441406 8.37357902526855 23.7609996795654 -0.120441407565604 -0.87335339738768 0.471961556289294 -0.928173135979537 0.267703035275254 0.258514437798602 0.335285395383835 0.419397503137589 -0.421482026576996 0.312159180641174 -0.336439579725266 0.111070677638054
3.94747924804688 8.52068424224854 23.5296173095703 0.1729995616876 -0.416998305149325 0.892291188546928 -0.942735727695345 0.192195172529779 0.272599272528334 -0.253740131855011 -0.999469876289368 -0.201807528734207 0.323570013046265 0.00404205080121756 -0.000566565431654453
3.4254150390625 8.30366039276123 23.3834381103516 0.260833046186047 -0.0237219630769371 0.965092425876965 -0.962955202638578 0.0644746591157272 0.261840210898183 0.720122635364532 0.432558864355087 0.345710784196854 -0.108334884047508 -0.502995073795319 0.109500095248222
2.94059753417969 7.98855018615723 23.3877830505371 0.293293873053845 0.520049335001777 0.802201591367959 -0.835705085968203 -0.268053760885188 0.479316378357954 -0.219347268342972 0.311704248189926 0.111662425100803 0.295218080282211 -0.443659067153931 0.366130799055099
2.6575927734375 7.4630184173584 23.5846748352051 0.159099608786766 0.764122938649374 0.625142742990546 -0.801987456624314 -0.269250792987942 0.53321677570443 0.0841164514422417 -0.245893448591232 -0.0806755051016808 0.224082753062248 0.2199347615242 0.667450726032257
2.09246826171875 6.24872875213623 23.025369644165 0.26301931809207 -0.954604602065963 -0.139824504379121 -0.892091295136734 -0.295824325930274 0.341556861048293 0.111522071063519 -0.27047598361969 0.149368569254875 -0.355765253305435 0.0875405892729759 -0.314728200435638
1.50674438476562 6.23522424697876 22.8876724243164 0.460716148749924 -0.752375211176931 0.470820742839041 -0.868726977051503 -0.273604246639431 0.412860939741007 -0.0374240092933178 0.173074960708618 -0.141534030437469 -0.342582404613495 -0.0794124156236649 -0.0503363907337189
1.00895690917969 6.04338979721069 22.7385997772217 0.534248116184948 -0.394002217391507 0.747891170587947 -0.787408130946636 -0.553802355142654 0.270723820077907 -0.251752108335495 0.119430780410767 0.18050579726696 -0.002860157052055 -0.335894167423248 0.29762476682663
0.74322509765625 5.63456439971924 22.4994316101074 0.179346956220531 0.0044488274496329 0.983775826714986 -0.667142348928114 -0.734377312579377 0.124944183679636 0.57630866765976 -0.327360033988953 0.12279100716114 0.107047073543072 0.0655917003750801 0.121421679854393
0.61492919921875 4.97896862030029 22.3301601409912 -0.103188708331685 0.40794719186557 0.907155542959329 -0.652722781627784 -0.715953488470453 0.247716718634567 0.25923216342926 0.122534953057766 0.0923407971858978 0.0278696157038212 0.00135461310856044 -0.143534690141678
0.67333984375 4.44878005981445 22.4585781097412 -0.625846770487178 0.622822633616413 0.469476077053863 -0.497178255468044 -0.782361881229441 0.375131535716317 -0.162971496582031 0.39628666639328 0.0145881716161966 -0.273580729961395 -0.0959566831588745 0.0168106108903885
0.763092041015625 4.05191278457642 22.9541492462158 -0.837772506567682 0.534686239960036 -0.110670014171418 -0.507642890518552 -0.68807921279171 0.518503319786777 -0.074421338737011 -0.319798827171326 -0.503417193889618 -0.0145955597981811 0.335242331027985 -0.208315476775169
0.725692749023438 3.89371776580811 23.5286693572998 -0.771632870031239 0.263088847179674 -0.579108774218647 -0.604148035955024 -0.587940140371684 0.537895474968335 -0.580266177654266 -0.380362957715988 0.0524077564477921 -0.282112091779709 -0.35230764746666 -0.312208652496338
0.43414306640625 3.88794922828674 23.9893264770508 -0.48827225187278 -0.194057739545118 -0.850841819478641 -0.818642743605396 -0.235929232236977 0.523604293067102 0.139375910162926 -0.460977554321289 0.268653333187103 0.0569976717233658 -0.378136038780212 0.143267065286636
0.102401733398438 4.13291072845459 24.3193836212158 -0.368009808421111 -0.682762595458366 -0.631192537304437 -0.771329578654439 -0.154920255172941 0.617292795705503 0.417732834815979 -0.113127961754799 0.139840170741081 -0.468786120414734 0.548930764198303 -0.217453941702843
-0.359664916992188 4.43178367614746 24.5748710632324 -0.0728570119613875 -0.903469561010147 -0.422415208220764 -0.963892039303992 -0.0449858469891068 0.262466017109005 -0.0257998313754797 0.652528285980225 -0.232769817113876 -0.0744341611862183 0.471601396799088 -0.53454601764679
-0.804290771484375 4.71835803985596 24.4320831298828 -0.0959749567191619 -0.982986694109163 0.156607684636145 -0.975919326441409 0.123888276284317 0.179535966528848 0.0306280814111233 0.192128345370293 -0.246817529201508 0.398012429475784 0.0426310487091541 -0.114683762192726
-1.3970947265625 4.82539749145508 24.1614685058594 0.18546242306388 -0.589794293578079 0.785968435049404 -0.973058899321718 0.00125757205116729 0.230553241060157 -0.36468493938446 -0.134652182459831 -0.230344906449318 0.427740782499313 -0.420813322067261 0.560097992420197
-1.9473876953125 4.73183488845825 23.9191207885742 0.339363858073461 -0.194023886223404 0.920427565541289 -0.929303251981838 -0.220712242561835 0.296110742526011 -0.0460865944623947 0.261224716901779 0.290704160928726 -0.0862912014126778 0.594263911247253 -0.227854430675507
-2.42335510253906 4.32159662246704 23.8271102905273 0.30104879249729 0.248791844756511 0.92058255605816 -0.860149402211008 -0.345951240285023 0.374780929639304 -0.280119508504868 0.0373191833496094 0.360067367553711 -0.0578795969486237 0.464232355356216 0.122881278395653
-2.66748046875 3.82119584083557 23.8438549041748 -0.00624863614433773 0.673870414455966 0.738823131112772 -0.611930184705235 -0.586925297604174 0.530151057792842 0.209297001361847 0.357575654983521 -0.191845446825027 -0.290585875511169 0.0868275091052055 -0.374947249889374
-2.95719909667969 2.48280310630798 23.2288017272949 0.171584703412129 -0.937685705725063 -0.302165859808587 -0.649975416051741 -0.338237219569593 0.680534746964618 -0.168939560651779 0.489367932081223 0.241950988769531 -0.368262946605682 0.188518956303596 -0.101478271186352
-3.55302429199219 2.41188907623291 23.2852764129639 0.609588646357365 -0.737498105902384 0.290685785725052 -0.714970666765283 -0.353129240410176 0.603420819356226 -0.0132841598242521 -0.363676369190216 -0.0797987952828407 -0.154839709401131 -0.0836486592888832 0.472466021776199
-4.03250122070312 2.14649319648743 23.1732406616211 0.651943589604516 -0.419583480118072 0.631600553503229 -0.687985406768169 -0.677533508391418 0.260046967067208 0.101617783308029 0.166069641709328 -0.300970673561096 -0.345495373010635 0.136795625090599 -0.321329951286316
-4.317138671875 1.65234410762787 22.955810546875 0.271176029793928 0.157761745667001 0.949512923803201 -0.784785813037813 -0.534918208530761 0.313007568337923 -0.412540197372437 -0.281528174877167 -0.0459893196821213 0.0686627477407455 0.0327805764973164 0.135061845183372
-4.37986755371094 1.08060693740845 22.876838684082 -0.0433892500416815 0.426971834398302 0.903223353114483 -0.42667265721335 -0.825398561122273 0.369685892189276 0.0569046624004841 -0.162430733442307 -0.382667630910873 0.376181572675705 -0.292965620756149 0.252269506454468
-4.22723388671875 0.47433602809906 23.0069446563721 -0.361538115990453 0.628369826907582 0.688797177199652 -0.365882748559397 -0.775127091924955 0.51508038758099 0.344462841749191 0.210368543863297 0.157030016183853 0.438902407884598 -0.457266956567764 -0.374475449323654
-3.96989440917969 0.0401450134813786 23.2472534179688 -0.782832531806042 0.469339010674896 0.408526768039566 -0.0878293571338258 -0.733323645708128 0.67418279025113 -0.185567170381546 0.176779925823212 -0.0683277696371078 -0.168815329670906 0.263712525367737 -0.492148220539093
-3.70655822753906 -0.22071236371994 23.6952495574951 -0.956406497446297 0.279661710126385 -0.0841186039570978 -0.257611527918146 -0.672227701929717 0.694079402836571 0.323898524045944 -0.17532667517662 0.383431851863861 -0.386318236589432 -0.296418219804764 -0.479970574378967
-3.597412109375 -0.284283667802811 24.2804889678955 -0.873698882139541 -0.0846145934164001 -0.479051807145213 -0.367424922867529 -0.530617107463559 0.763835329978129 -0.145999938249588 -0.242136880755424 0.125961124897003 0.0917980968952179 -0.0644200295209885 0.213031604886055
-3.74577331542969 -0.102849863469601 24.8256530761719 -0.530149383826207 -0.60734458214811 -0.591670676444278 -0.530348375865666 -0.306933181023007 0.790267437393031 0.125378221273422 0.25544485449791 -0.903982818126678 0.00826032366603613 -0.317443162202835 -0.339091241359711
-4.150634765625 0.161338180303574 25.1687831878662 -0.264028865592322 -0.891984257972035 -0.366950734655363 -0.802725978253619 -0.00770112278023719 0.596298328477193 -0.181023761630058 0.332317739725113 0.152173846960068 -0.172455355525017 -0.0850955694913864 -0.686612784862518
-4.62345886230469 0.488225877285004 25.1779727935791 0.0845206541506069 -0.983354286156696 0.160843423611933 -0.889384170169583 -0.0016683186645662 0.457157538015722 0.151270553469658 -0.715312361717224 -0.356340408325195 0.106813356280327 -0.116101548075676 0.119670011103153
-5.17623901367188 0.609218776226044 24.9940338134766 0.266639627994898 -0.7444074771638 0.61217711221947 -0.930462770860068 -0.0332192484578706 0.364877395264901 0.575529932975769 -0.314331561326981 -0.488570123910904 -0.119931846857071 0.143150761723518 -0.136639639735222
-5.67195129394531 0.435523152351379 24.7955150604248 0.374689910230198 -0.177471601881863 0.910006209702534 -0.926914798732323 -0.0938191897319671 0.363355081881421 -0.0993066057562828 -0.12837016582489 -0.277777373790741 0.17476861178875 0.691655874252319 -0.365788698196411
-6.13888549804688 0.0677740499377251 24.6592903137207 0.319135877323827 0.32441421269233 0.890453654272903 -0.867698356641174 -0.277830680782656 0.412201012490328 0.253160744905472 0.109836876392365 0.125633075833321 0.312461376190186 0.514359772205353 0.23950307071209
-6.48593139648438 -0.389028280973434 24.7302894592285 0.225249032571144 0.651049539904416 0.724842996735163 -0.745352983276246 -0.363975655802545 0.558543330731205 -0.347609519958496 0.166252985596657 -0.233670979738235 0.00985904131084681 -0.612064003944397 -0.254626989364624
-6.57354736328125 -0.883170187473297 25.016731262207 -0.115259612091953 0.877552786800593 0.465420592796371 -0.677872047106264 -0.411973898993432 0.608906392067051 0.26764902472496 -0.644142210483551 -0.0108297159895301 0.47521835565567 0.351745098829269 0.283912569284439
-6.62957763671875 -2.44917607307434 24.7793140411377 0.0850447000450817 -0.968256108299726 0.235047883918388 -0.748606402105041 0.0935856858632492 0.656376549039384 -0.314423471689224 -0.218870207667351 0.592054128646851 -0.152016490697861 0.0302023012191057 0.380968689918518
-7.23249816894531 -2.50167417526245 24.717248916626 0.517402575534162 -0.591101323328775 0.618784130686613 -0.82274836797775 -0.144763301929889 0.549662359457426 -0.312314182519913 -0.263073593378067 -0.284859359264374 0.384257227182388 -0.162942320108414 -0.221479952335358
-7.74131774902344 -2.82242918014526 24.6159820556641 0.55583312234435 -0.14184339796133 0.819103162342641 -0.776920252095512 -0.439144271633773 0.451162089026869 0.685424208641052 0.617253363132477 -0.0381505638360977 -0.521292865276337 0.10091894865036 0.268360644578934
-8.15762329101562 -3.30646800994873 24.64453125 0.409483556847917 0.355474573262543 0.840214879917627 -0.767983025107023 -0.362829055667524 0.527785135742641 0.0806556865572929 -0.0892952233552933 -0.0431505627930164 -0.0848489329218864 -0.596965968608856 -0.450460731983185
-8.35588073730469 -3.72691798210144 24.7901172637939 0.0461637226021337 0.755484161907401 0.653538515944229 -0.72476065167501 -0.424905458819281 0.542381184084765 0.342029452323914 0.04746238514781 0.486622035503387 -0.220245748758316 0.078193798661232 -0.129381701350212
-8.35198974609375 -4.21463012695312 25.1056118011475 -0.488543302967279 0.811062274815452 0.321719485727873 -0.404173171908553 -0.537129036949327 0.740362373959717 0.345525085926056 -0.388188362121582 0.370618253946304 -0.124060228466988 -0.117285154759884 -0.278141170740128
-8.14363098144531 -4.47763252258301 25.596040725708 -0.804911568834902 0.59335122894843 0.00718926012360755 -0.326695381176661 -0.453228095906961 0.829369893954674 -0.0469959229230881 -0.426418364048004 -0.344814509153366 -0.341352850198746 0.127609595656395 -0.0491206459701061
-8.02224731445312 -4.5225076675415 26.24143409729 -0.938767447414844 0.210395347842012 -0.272854315121929 -0.343144417496599 -0.499410149552129 0.795513300495498 -0.113717444241047 -0.367304652929306 -0.473913699388504 0.106384977698326 0.129777371883392 -0.351413935422897
-7.98147583007812 -4.45553493499756 26.812255859375 -0.793902320074369 -0.255054307881489 -0.551965946605068 -0.462013443269193 -0.337121555194036 0.820300332355229 -0.304424226284027 -0.276287943124771 0.150003522634506 0.61187356710434 -0.0692403167486191 -0.00959836971014738
-8.23048400878906 -4.23093795776367 27.2976627349854 -0.430167835528626 -0.767364115586936 -0.475508093922802 -0.439934942355941 -0.281759310686838 0.852683374609563 -0.058725330978632 -0.0438164137303829 -0.481511443853378 -0.435834288597107 -0.213205367326736 -0.197276070713997
-8.67570495605469 -3.96300482749939 27.5915584564209 -0.00126767863052444 -0.941984562302903 -0.335653805838542 -0.656642025599584 -0.252366833307149 0.710726551961439 -0.420314460992813 0.150390192866325 0.282265782356262 -0.318055629730225 -0.657864928245544 -0.249410063028336
-9.2109375 -3.85146903991699 27.7432403564453 0.35705341983604 -0.933814118833083 0.0224509877595796 -0.677610933440696 -0.242398381777188 0.694324453979139 0.362439841032028 -0.864209234714508 0.369902580976486 0.334301114082336 -0.463509261608124 0.0175535455346107
-9.75917053222656 -3.84661793708801 27.7506237030029 0.573381415975054 -0.72958550862477 0.372744869071565 -0.798675200221728 -0.396341958844416 0.452803463116344 0.271006613969803 0.152168855071068 0.329592943191528 -0.259307861328125 0.147680014371872 -0.405605524778366
-10.2406463623047 -4.16630268096924 27.6707897186279 0.738052875696116 -0.220123199104143 0.637827351163974 -0.630781454675244 -0.560715130016159 0.53638913058408 -0.389385432004929 -0.240282654762268 0.182419210672379 -0.19039012491703 -0.460948586463928 0.649337291717529
-10.5395050048828 -4.67167139053345 27.5576686859131 0.389157399201332 0.358657551744877 0.848481749493309 -0.703819721920682 -0.478481864999655 0.525064666400193 -0.0489609241485596 0.00173720577731729 -0.325740158557892 0.049126073718071 0.284489989280701 -0.483212888240814
-10.7751159667969 -5.23580026626587 27.6958293914795 -0.0227061372864835 0.810774279870614 0.58491836903094 -0.746047866012012 -0.40320843531003 0.529939184542679 0.18230739235878 0.278246968984604 0.697746217250824 -0.0259317252784967 -0.181723341345787 -0.119023159146309
-10.9087982177734 -5.69340515136719 28.1171092987061 -0.199985387973804 0.95918399374858 0.199929764501166 -0.611343713708685 -0.281614664682652 0.739562062537385 -0.278247475624084 0.00157935137394816 0.377825558185577 0.322124063968658 -0.474650293588638 0.330772668123245
-10.8336944580078 -5.83986186981201 28.5742511749268 -0.707507591749404 0.695629497605434 -0.124629890789375 -0.289888414516305 -0.124835045432489 0.948884038521616 0.291578769683838 0.164291992783546 0.350603848695755 0.336608439683914 -0.570679008960724 -0.151523679494858
-10.6406707763672 -5.764723777771 29.1404628753662 -0.905241731098914 0.21461600230894 -0.366711575805796 -0.383581534952695 -0.0415446687399234 0.922572082030789 -0.541279017925262 -0.0576373748481274 -0.409515053033829 0.578704297542572 0.208936527371407 -0.310165703296661
-10.6043090820312 -5.46240377426147 29.6614074707031 -0.828242418626833 -0.33118161555129 -0.452032336794628 -0.459432934319186 -0.0605274709889065 0.886147732671336 0.0436757020652294 -0.114601157605648 0.35516956448555 -0.190296947956085 -0.560622215270996 -0.0233635064214468
-10.7849273681641 -5.09519243240356 30.0349826812744 -0.481401971676948 -0.821434925353615 -0.305772472722526 -0.683659118536345 0.133585587160657 0.717471323848591 0.286565840244293 -0.0703151300549507 0.0846581235527992 -0.592385351657867 0.602464139461517 0.0758073776960373
-11.2604675292969 -4.74658298492432 30.1451930999756 -8.66170102808257e-05 -0.994819814226775 0.101653970504343 -0.758473572194407 0.0663136349603657 0.648321172028956 -0.332396924495697 -0.0923575162887573 0.153664484620094 0.524623394012451 -0.25943124294281 -0.270212322473526
-11.7868957519531 -4.55783987045288 30.1835918426514 0.380003477855143 -0.808695282635255 0.449009238948912 -0.79112647914476 -0.0326255395298414 0.610781849899293 0.213303416967392 0.145303353667259 0.120682410895824 0.509044706821442 0.131097346544266 0.249777257442474
-12.4108428955078 -4.66374015808105 30.1947937011719 0.725671179108364 -0.310627064301292 0.613931728073275 -0.687983281336298 -0.339212030091358 0.641571666490222 0.64068740606308 -0.674592077732086 -0.161990404129028 -0.506148338317871 -0.539705336093903 0.00260657444596291
-12.9147644042969 -5.0453896522522 30.2878952026367 0.608746376309898 0.232955522836746 0.758392756894095 -0.739179208237858 -0.180675865614923 0.648822263561564 -0.370914041996002 -0.382475793361664 -0.17924065887928 -0.530622899532318 -0.207568541169167 0.0745440572500229
-13.1672668457031 -5.494957447052 30.4689846038818 0.341620911896716 0.765310821077624 0.545522226583252 -0.523391308260142 -0.32718745805162 0.78677182571026 -0.0903610661625862 0.517770648002625 0.122869536280632 0.434290796518326 0.349146455526352 -0.378776699304581
-13.2360076904297 -6.00657415390015 30.7671737670898 -0.0899329557021515 0.946414644529021 0.310179599747763 -0.325109913071504 -0.322277977289939 0.889067179563245 0.209807425737381 0.506584644317627 0.125638350844383 0.219944462180138 0.222564309835434 -0.529542028903961
-12.9625701904297 -6.38176298141479 31.2568073272705 -0.445352114352586 0.881755988520735 0.155460190883397 -0.145927426436848 -0.242790143156406 0.959040214276549 0.161379009485245 -0.0317642502486706 0.350518703460693 0.00927028525620699 0.129199624061584 -0.440448790788651
-12.6641082763672 -6.48754692077637 31.784574508667 -0.838803160111192 0.544353491362444 0.00940930544698788 -0.190701024454211 -0.309954343772291 0.931429774083265 0.3416867852211 0.0463707782328129 -0.38815438747406 -0.261870056390762 0.286496520042419 -0.00444711837917566
-12.44775390625 -6.31078863143921 32.322151184082 -0.973091447006192 0.0694077370645479 -0.219717094917475 -0.219900974341844 0.00507502263568462 0.975508998230542 0.445756465196609 -0.0967176333069801 -0.0446694754064083 0.136615291237831 0.0580779537558556 -0.603443503379822
-12.3837127685547 -5.96170139312744 32.8591270446777 -0.928709293562268 -0.336657108582837 -0.155438216960042 -0.183698164361346 0.053574440203613 0.981521657309273 -0.651100158691406 0.418603807687759 -0.0738736912608147 -0.117978185415268 0.429511427879333 -0.768886089324951
-12.4819030761719 -5.54172325134277 33.2263298034668 -0.491940007022764 -0.868858257231952 -0.0555009759400467 -0.415642266572303 0.178362255860466 0.891867934126463 0.378096252679825 0.444999843835831 -0.00209218263626099 0.429038941860199 0.277634352445602 0.372966945171356
-12.8826904296875 -5.07168483734131 33.4478454589844 -0.0276082118272891 -0.998335709000967 0.0506319935735847 -0.613064028770743 0.0569173407807643 0.787980274464934 -0.0658006519079208 0.116776645183563 0.244907423853874 -0.406789690256119 0.163402006030083 -0.0505494587123394
-13.1937713623047 -3.85124802589417 34.0759429931641 -0.288309186121314 0.954717740095787 -0.0734292172398685 -0.176401285652485 0.0224159125615056 0.984063063672337 0.406767725944519 -0.380019813776016 0.133498027920723 0.774470448493958 0.0431729331612587 0.551239967346191
-12.9165649414062 -3.77493095397949 34.5501518249512 -0.812221038716714 0.549936985163339 -0.194592642757632 -0.139728654579321 0.140460908520418 0.980176839283132 0.274743109941483 0.136990949511528 0.408479541540146 -0.505985975265503 -0.547493040561676 -0.0170393455773592
-12.6200714111328 -3.48131847381592 34.9878997802734 -0.992718442570277 -0.0178429530824093 -0.119129017481649 -0.113848901199179 0.462056662148221 0.87951240392628 0.569109082221985 -0.000720625277608633 -0.488143712282181 -0.107438303530216 -0.0144674386829138 -0.232716277241707
-12.5050201416016 -2.96199131011963 35.1431846618652 -0.830132979311384 -0.511248474382126 0.222495469845015 -0.143352250342248 0.581334416421375 0.800937218891614 0.138598099350929 -0.209023341536522 0.109107531607151 -0.0591306835412979 0.106662377715111 0.144348114728928
-12.6146697998047 -2.46257662773132 35.2725868225098 -0.477473132385949 -0.779953685233382 0.404588255811283 -0.38850047690156 0.600415565318913 0.698976772410952 -0.666494190692902 0.479157686233521 0.291566699743271 -0.165087997913361 0.115447282791138 -0.60565847158432
-13.0748138427734 -2.068687915802 35.2973709106445 0.10481471419891 -0.66369858541494 0.740620053337478 -0.440137373099609 0.636857308482643 0.633002260211778 0.539026916027069 -0.268322497606277 -0.0324552543461323 0.0387273393571377 -0.158547028899193 -0.138951972126961
-13.6772766113281 -1.88098049163818 35.3268241882324 0.46155993980551 -0.438972681739802 0.770886117823443 -0.718321486080961 0.324980318674044 0.615143914144451 0.485952258110046 -0.108251966536045 -0.19984295964241 0.0572142228484154 0.117340125143528 -0.13380953669548
-14.2164459228516 -2.07091593742371 35.4703598022461 0.731445483469213 0.0150524137402126 0.681733767355764 -0.676859243826589 -0.10530915176608 0.728540696598897 0.0139323184266686 0.309561759233475 0.154014080762863 -0.173867404460907 0.0417793653905392 0.611716747283936
-14.8079528808594 -2.05648136138916 34.2497291564941 -0.455316755308275 0.0892285266148511 -0.885847008446542 -0.887363776324603 -0.126622927276517 0.443342038109252 0.428279429674149 -0.260652840137482 0.250617474317551 0.272068560123444 -0.143017947673798 0.421217530965805
-15.0686645507812 -1.75723266601562 34.6411972045898 -0.419167305140252 -0.517239007637107 -0.746165249311465 -0.853905604730372 -0.0546195128720346 0.517553791430108 0.233159512281418 -0.405126452445984 0.119379624724388 0.757941067218781 -0.442045539617538 -0.131816387176514
-15.5190124511719 -1.39408195018768 34.7811584472656 -0.158999383058764 -0.979798350344073 -0.121302880633417 -0.756439975937733 0.0419444068359836 0.652716806539022 -0.198066160082817 -0.130107715725899 -0.142112135887146 -0.267603009939194 0.362395256757736 0.160339742898941
-16.0913543701172 -1.24214148521423 34.7987861633301 0.422423648173564 -0.819213264372261 0.387876125767339 -0.608158125406948 0.0611406452073076 0.791457842215958 0.535465359687805 -0.319269746541977 -0.0308180898427963 0.138097926974297 -0.196339979767799 0.132704958319664
-16.6899261474609 -1.2470691204071 34.9485511779785 0.697460837240717 -0.432953305994706 0.571051499729869 -0.546570835728963 0.193985569533422 0.814634838650629 -0.0432439781725407 0.522858798503876 0.466354131698608 -0.286824554204941 -0.0684793889522552 0.233871087431908
-16.7523345947266 -1.2643768787384 34.3485488891602 0.693315133128513 -0.677712228207939 0.244990330242691 0.662836319032333 0.466323420628943 -0.585824616711 0.517178237438202 -0.202318415045738 0.056863721460104 -0.23695607483387 -0.431761473417282 0.0220103319734335
-16.4485168457031 -0.764837622642517 34.3410110473633 0.441500771700316 -0.886737059757816 -0.137019908918698 0.797166237335125 0.457739324749082 -0.393701283502115 0.205459594726562 0.236861824989319 0.0753720477223396 0.722902715206146 0.142670184373856 0.480142712593079
-16.0426788330078 -0.397354513406754 34.5544090270996 0.169809682763505 -0.765422544922296 -0.620719743011637 0.79722092895261 0.476964099393068 -0.370059506471726 0.634374976158142 0.409642547369003 0.0923393443226814 -0.478666245937347 -0.284039497375488 -0.156062811613083
-15.5590972900391 -0.279552161693573 34.6469192504883 -0.186445059124192 -0.332990833052509 -0.924313445229038 0.906154405858331 0.305254410281667 -0.29275234883281 -0.913250625133514 0.430351138114929 -0.117009453475475 -0.0541154183447361 0.0548995733261108 0.323201060295105
-15.0280303955078 -0.423908770084381 34.7938842773438 -0.317525203899663 0.147154356767512 -0.936762157739529 0.94699431729054 -0.00160917045850663 -0.321246281830405 0.173912271857262 0.411149501800537 0.0869099572300911 -0.114299446344376 0.0163550656288862 0.196607440710068
-14.5818328857422 -0.768485844135284 34.657886505127 -0.369077374044691 0.695395053325773 -0.616609772691222 0.896380327618076 0.0910703271304732 -0.433830040195075 0.198111549019814 0.0984065756201744 -0.157266721129417 0.0752814337611198 0.145013704895973 -0.0469190962612629
-14.2110137939453 -1.17212843894958 34.3004951477051 -0.300194765610095 0.941094712823866 -0.155640111138692 0.825121510900397 0.174326996514038 -0.537386816488682 0.116827584803104 -0.514311671257019 -0.513555407524109 0.128557100892067 0.11228884011507 -0.450080335140228
-13.9624328613281 -1.22882997989655 33.7719459533691 0.0159630047934145 0.920608876071685 0.390159556817458 0.68269121551531 0.27506175359443 -0.676959183383892 0.217331871390343 -0.58266407251358 0.00376561959274113 -0.227348238229752 0.432609409093857 -0.146020278334618
-14.0323028564453 -1.10991632938385 33.2952690124512 0.416499712570497 0.727477751053688 0.545256005148555 0.261564071392935 0.478507723170345 -0.83822108982218 -0.49821799993515 0.288434535264969 -0.070239394903183 0.0877373218536377 -0.300437539815903 0.000349122507032007
-14.2000579833984 -0.814887881278992 32.8326606750488 0.78701979762517 0.281915913780095 0.548746986965369 0.294991975390063 0.609239924151863 -0.736075029650443 -0.605746567249298 -0.0935468524694443 0.503114759922028 -0.160633862018585 -0.1703991740942 0.185383707284927
-14.375244140625 -0.271156579256058 32.6034851074219 0.949473391241667 -0.178622242342135 0.258058857365362 0.313429844581328 0.497253819558979 -0.809011972383432 0.355408728122711 0.322134017944336 -0.0774402692914009 0.386970043182373 -0.193273559212685 -0.439486026763916
-14.3306274414062 0.352889329195023 32.4339714050293 0.794751309165682 -0.606163875982417 -0.0305894104782616 0.294558836233594 0.429286211132598 -0.853784774359516 0.00881317909806967 -0.307055503129959 -0.0203281119465828 0.0499809086322784 0.0455257184803486 0.11935680359602
-14.2231292724609 0.898056507110596 32.1847190856934 0.468042082509484 -0.85148435980128 -0.236455057070027 0.298145075537094 0.404034380919514 -0.864792306260854 0.78822922706604 0.37807822227478 0.0872346982359886 0.0971498787403107 0.10367788374424 -0.00950688030570745
-13.8790740966797 1.25517475605011 32.1303443908691 0.145848724419476 -0.839407138743549 -0.523568338434993 0.629570138438357 0.486986608504832 -0.60538044560728 -0.19523498415947 -0.0501256547868252 0.135325342416763 -0.280894964933395 -0.0650568529963493 -0.245654284954071
-13.3928680419922 1.50103402137756 32.1390838623047 -0.418679290475877 -0.460813727404605 -0.782533296647555 0.570174411345285 0.537296501497366 -0.621460867734847 0.229817107319832 0.213570579886436 0.101685017347336 0.0951117947697639 -0.140408650040627 -0.233338296413422
-12.6936340332031 1.834019780159 33.4443092346191 0.79313785357157 -0.00712493964544715 0.609000476573649 0.597255492362273 0.204868778915807 -0.775444814457254 0.0535160191357136 -0.0558492057025433 -0.42065617442131 -0.397681683301926 0.328057914972305 -0.445115745067596
-12.5970611572266 2.23864674568176 33.0817260742188 0.713930038362744 -0.530037776877379 0.457562952396997 0.648630684993122 0.254434774844343 -0.717315258331553 0.419006496667862 -0.301998555660248 -0.19206690788269 0.361882001161575 -0.149384632706642 0.293948233127594
-12.4459533691406 2.77179789543152 32.9605102539062 0.665867091687486 -0.73874922444502 0.104262167585039 0.672726998082046 0.534092641530919 -0.512038510577128 -0.0394812636077404 0.420435309410095 0.204618856310844 0.115260042250156 -0.336746007204056 0.412033349275589
-12.1318817138672 3.31075501441956 33.0779037475586 0.402334001270371 -0.882677597777458 -0.242914820057543 0.790648273268101 0.468776538277986 -0.393857671168505 0.0902153924107552 -0.0059533454477787 -0.316367447376251 -0.275302767753601 0.356952041387558 -0.857007384300232
-11.6607971191406 3.60512685775757 33.2170562744141 0.0195797818345035 -0.740436244522417 -0.67184135027613 0.883062440474657 0.327918675303798 -0.33566362419831 -0.503578245639801 -0.0304897297173738 0.185978770256042 -0.10532383620739 0.0593744404613972 0.617481172084808
-11.0529174804688 3.66607022285461 33.376781463623 -0.235706271558527 -0.458821349504087 -0.856694532950471 0.937928825901764 0.123385203301656 -0.324138256225253 -1.01778531074524 -0.283069908618927 0.0161230619996786 -0.295462161302567 -0.487971782684326 0.120629474520683
-10.47314453125 3.4545464515686 33.5647773742676 -0.323325639215808 0.17913188282635 -0.929178292676263 0.940157155321241 0.172399185490263 -0.293909925216156 -0.0502781644463539 0.32563105225563 -0.00983908772468567 -0.192312955856323 0.472442746162415 0.067189484834671
-9.97279357910156 3.11714959144592 33.419864654541 -0.342639562895744 0.744090156761395 -0.573522422011045 0.927712519309428 0.171719052139821 -0.331454444303823 -0.325410157442093 -0.32269424200058 0.205136373639107 0.355641037225723 -0.0876781642436981 0.142113789916039
-9.54135131835938 2.92189812660217 33.1064300537109 -0.285994242192854 0.934096572574876 -0.213707478896751 0.82724131634246 0.128122737030277 -0.5470432969993 0.393679410219193 -0.177444472908974 0.176702812314034 0.0160564389079809 0.0173560455441475 -0.122774429619312
-9.33647155761719 2.71713542938232 32.5935249328613 -0.0830112941336945 0.941044634743372 0.327939202394229 0.597240955759545 0.310408859063878 -0.7395603971131 0.242200195789337 -0.0568436831235886 -0.271062403917313 -0.438867509365082 0.192202851176262 -0.376625210046768
-9.43586730957031 2.80730438232422 32.0729141235352 0.472871254643002 0.67283176794718 0.568937772145096 0.485348137862877 0.340012969175237 -0.805498830455809 0.395569533109665 0.00278334179893136 0.278602719306946 0.19485442340374 0.230280220508575 -0.105122596025467
-9.54502868652344 3.09876680374146 31.55202293396 0.679234961480069 0.267161593408648 0.6835675168632 0.471724752562968 0.554597518762803 -0.685490590746182 -0.119222104549408 -0.11823409050703 0.238521263003349 0.158187583088875 -0.0385319292545319 -0.507416963577271
-9.6197509765625 3.61827397346497 31.2914524078369 0.870075935930219 -0.183775882864637 0.45737762362459 0.438373461790643 0.712767799038359 -0.547531526628103 -0.0436932779848576 0.575532197952271 -0.372744679450989 0.522253274917603 0.0486423298716545 -0.155951961874962
-9.59254455566406 4.16482734680176 31.2037124633789 0.812736342528157 -0.578059922392552 -0.0728447915603516 0.435585912097436 0.685882726760966 -0.582949224472585 0.285900920629501 0.0193219445645809 -0.26626056432724 -0.223642647266388 0.516233384609222 0.0642114654183388
-9.33604431152344 4.68360662460327 31.2091827392578 0.485716063361908 -0.829058531893327 -0.277023205683373 0.776973281966813 0.554683038251656 -0.297723439093451 -0.155241712927818 -0.156788885593414 -0.119463995099068 0.15979015827179 0.0221500601619482 0.244100630283356
-8.92764282226562 5.00655698776245 31.424711227417 0.145207723177099 -0.588920567740678 -0.795039170117875 0.836309794247563 0.502431505794992 -0.219427687473975 0.256677448749542 -0.260180205106735 0.258636206388474 0.104569040238857 -0.596535563468933 0.0353353247046471
-8.40544128417969 5.19973850250244 31.6630897521973 -0.101593109764305 -0.409842343073466 -0.906481160241331 0.982513634503966 0.101578861404463 -0.156040677163296 -0.060430608689785 -0.111723780632019 0.0337582491338253 0.167005091905594 -0.0141452504321933 0.0436508804559708
-7.28732299804688 5.34652853012085 32.8733062744141 0.685405812137717 -0.091606778506312 0.722375989924591 0.717833204091282 0.251499970081478 -0.649202014902187 -0.268926739692688 0.131011500954628 -0.457477599382401 -0.132671713829041 -0.222082138061523 0.255535423755646
-7.07083129882812 5.77518653869629 32.5202178955078 0.538974607788378 -0.648952382111889 0.53699830345232 0.799632665961227 0.193817670866308 -0.568350516835958 0.668700456619263 -0.295256674289703 0.114980921149254 -0.0772440060973167 0.240021944046021 0.411660015583038
-6.80947875976562 6.32462549209595 32.4920806884766 0.570862551325365 -0.809122721139767 0.139414381000216 0.797070962027006 0.505411731120837 -0.330510005202236 0.460271835327148 0.332572162151337 0.309810847043991 -0.0684262439608574 -0.460350930690765 0.0402425490319729
-6.44085693359375 6.760817527771 32.6630439758301 0.337041838431203 -0.856143850967828 -0.391689297271311 0.811638153128326 0.475051808274389 -0.339954832061074 -0.570764720439911 0.596041142940521 -0.27710622549057 -0.0414988249540329 -0.248946070671082 0.537820398807526
-5.944091796875 7.00381898880005 32.8301048278809 0.0942374313893037 -0.673185517399135 -0.733444316692962 0.953054467331797 0.27395074809851 -0.128989030212542 -0.295078843832016 -0.0686430037021637 0.161948144435883 -0.0077170948497951 -0.0186467375606298 0.233442425727844
-5.4544677734375 6.97845411300659 33.1737976074219 -0.0141619787218391 -0.295624628934019 -0.955199202850539 0.965513864301226 0.244326244028868 -0.0899314423372612 0.34895247220993 0.534388840198517 -0.301969140768051 -0.373159646987915 -0.330322951078415 -0.221307039260864
-4.94493103027344 6.74101400375366 33.3793869018555 -0.173701820412346 0.238180015972956 -0.955561592769697 0.984781587945453 0.0363586095852965 -0.16995080333042 -0.62081104516983 0.0716705545783043 0.370771169662476 -0.512383162975311 0.166856691241264 0.0715083330869675
-4.45091247558594 6.32790851593018 33.390697479248 -0.217893413318762 0.631858692983655 -0.743825955807732 0.947329938148252 -0.0463574496946257 -0.316886375765573 0.0581541731953621 -0.117063581943512 -0.561085879802704 -0.0769765749573708 0.563634991645813 0.423735201358795
-4.10690307617188 6.04646348953247 33.1926765441895 0.0766865582486601 0.990882071109208 -0.110778576170223 0.905394055499611 -0.115739065351857 -0.40849243936387 -0.16244250535965 -0.305778384208679 0.598657846450806 -0.121230289340019 -0.134142115712166 0.0883407145738602
-3.85382080078125 5.82463979721069 32.6787261962891 0.158295788058819 0.906641510803054 0.391080061332194 0.892152271644352 0.0383851573345959 -0.450100992996262 0.435760676860809 0.0635119751095772 0.266979813575745 0.190629154443741 0.140316173434258 0.682020246982574
-3.59921264648438 5.80035591125488 32.1627960205078 0.223073008526496 0.613524860053152 0.757512824289924 0.872958420518031 0.220086746123978 -0.4353222027731 0.0931728035211563 -0.0104059409350157 0.534236490726471 0.513393223285675 -0.430231958627701 0.519052982330322
-3.50144958496094 6.02249431610107 31.6458148956299 0.496744680849681 0.238634031726119 0.834445037704513 0.745841118961143 0.374276014433721 -0.551034019173408 0.325504332780838 0.0479337722063065 0.343254834413528 -0.158765077590942 0.898413479328156 -0.17013618350029
-3.441162109375 6.45232439041138 31.2816886901855 0.698047907889285 -0.267193063349202 0.664331984168655 0.642816727112166 0.642571279530701 -0.416999767466459 0.3370001912117 0.0782087221741676 0.415258914232254 0.513686001300812 0.0918034091591835 0.238257274031639
-3.32771301269531 6.98445796966553 31.2212009429932 0.715240829620695 -0.657040205360991 0.238177925473138 0.694300684459245 0.629077970182185 -0.349581845911491 -0.0329494066536427 0.13338078558445 -0.224611952900887 0.056647427380085 -0.330093622207642 0.440777838230133
-3.03904724121094 7.51193141937256 31.2270984649658 0.506026461702043 -0.812969631789346 -0.288127745705972 0.646047960407218 0.578577766550337 -0.497865243722936 -0.210896447300911 0.157628878951073 0.099025771021843 0.122566692531109 -0.67316347360611 0.689704239368439
-2.65089416503906 7.86616277694702 31.4232425689697 0.266608832968159 -0.729932418962693 -0.629379372025035 0.714542094116924 0.587926600793036 -0.379172662272675 0.176151722669601 0.14989298582077 0.0243734866380692 -0.448484480381012 0.0531185679137707 0.748709976673126
-2.20292663574219 8.66445064544678 32.3323249816895 0.40589640694412 -0.38329728259976 0.829657338894494 0.913684892313301 0.14963888934717 -0.377873153787586 0.182196736335754 0.221283331513405 -0.220731854438782 0.0842017531394958 0.112706452608109 0.412968188524246
-1.90357971191406 9.14185810089111 32.2017593383789 0.378253010709248 -0.685736462022851 0.621844164193709 0.873831543061742 0.486206726222122 0.00463181678193111 -0.261914998292923 -0.210099101066589 0.265360474586487 0.0187395345419645 0.252660542726517 0.18373054265976
-1.66897583007812 9.61338996887207 32.4831809997559 0.436330979056598 -0.883829593278107 0.168702480009533 0.876041413333239 0.46007140521921 0.144519009907773 -0.537355065345764 0.6497563123703 0.301698684692383 0.521151602268219 0.130326151847839 0.380309879779816
-1.5185546875 9.86504745483398 32.8422927856445 0.585941517384752 -0.668011837235257 -0.458729466590529 0.804616648203413 0.412360418163664 0.427259797975182 -0.0225486103445292 0.507463455200195 0.0431358739733696 -0.177295863628387 -0.0629392936825752 0.397026360034943
-1.22679138183594 9.90895080566406 33.3428840637207 0.307159388996733 -0.200288573408747 -0.930342730993822 0.951650781374482 0.0684750298817918 0.299452768549609 0.0857798904180527 -0.00977457221597433 0.415983974933624 -0.0681265071034431 -0.392802208662033 0.0691202655434608
-0.816513061523438 9.72214984893799 33.7944030761719 0.207154445846973 0.291161280344284 -0.933976522399846 0.939909891245874 0.205610977887446 0.272568380613631 -0.069611020386219 0.0843552649021149 0.156184896826744 0.0926703065633774 0.0627899244427681 -0.102630816400051
-0.309051513671875 9.37928485870361 33.9583740234375 0.0836503363367829 0.67141276538906 -0.736347417801786 0.993437731869275 0.00165175983162959 0.114362339027713 0.111383110284805 -0.181674480438232 -0.356330066919327 -0.0065983859822154 0.537161469459534 -0.174942463636398
0.172866821289062 9.01737976074219 33.8084335327148 0.0184360875815753 0.987289446529865 -0.157859619426368 0.995190266748205 -0.00292746489150368 0.0979171227056121 -0.154042810201645 -0.295066058635712 0.196075633168221 0.324372410774231 0.031350489705801 0.152780443429947
0.591339111328125 8.85545539855957 33.5038185119629 -0.0588280092929023 0.932306710997161 0.356852156995429 0.966740653362004 0.142335104664322 -0.212492887216023 -0.25297537446022 0.271275967359543 0.373789072036743 0.280962735414505 0.409541368484497 0.17962571978569
0.807571411132812 8.85502147674561 33.0363998413086 0.157106223107564 0.718327811037407 0.677733569001185 0.847468345534933 0.25429157523626 -0.465975533778487 0.0805425196886063 0.190703719854355 0.239209696650505 0.0295417010784149 0.663635790348053 0.0976252257823944
0.854034423828125 9.07444667816162 32.5488090515137 0.574655087212444 0.26475831289387 0.774386574324769 0.600581902763129 0.506351227449495 -0.6187970689441 0.23128168284893 0.799768090248108 0.112969227135181 -0.477941572666168 -0.179635778069496 0.23781730234623
0.743453979492188 9.54264163970947 32.2734184265137 0.815435162097258 -0.0667035103720348 0.574992293965291 0.371748232811679 0.821760961150945 -0.431870552515066 0.282115042209625 -0.0315726399421692 0.107728086411953 0.616294264793396 -0.188681036233902 -0.0258953776210546
0.715194702148438 10.1788673400879 32.2038192749023 0.858994529953605 -0.504054153155046 0.0897652950584756 0.452526480431826 0.665468839779245 -0.593608463375355 0.155424356460571 0.245016857981682 0.102681197226048 -0.00969198532402515 -0.350390672683716 0.541885077953339
0.797042846679688 10.7071571350098 32.3307037353516 0.701064106396856 -0.597092799216424 -0.389858061152868 0.422668603525317 0.788261650255671 -0.447207806651634 0.244369193911552 0.30527275800705 -0.594949424266815 0.276650726795197 0.0209575984627008 -0.322052538394928
1.07878112792969 11.2072372436523 32.4519233703613 0.362299150888693 -0.665730631333361 -0.65233584277565 0.586900676932928 0.706653667416465 -0.395206515308808 0.0832848399877548 -0.477979212999344 -0.0528316982090473 -0.401492714881897 -0.125056430697441 0.673302412033081
1.62068176269531 11.4454689025879 32.554931640625 -0.214750513268919 -0.32023537239922 -0.92267628305656 0.734345745894735 0.569900444312002 -0.368713722363689 -0.209467008709908 -0.464852303266525 -0.0801403895020485 -0.197663754224777 -0.100270360708237 -0.168386340141296
2.21188354492188 11.4464626312256 32.5725555419922 -0.502661585222212 0.144730874202956 -0.852281822400514 0.85974701275155 0.186752904797883 -0.475350845812163 0.249124392867088 -0.0224530790001154 0.344899863004684 -0.150875583291054 -0.033559862524271 -0.029321426525712
3.29527282714844 11.6678857803345 33.5867767333984 0.775870980359366 -0.245600447678494 0.581123602976441 0.574481343366633 0.655747142618852 -0.489864135318029 0.203345879912376 0.43434140086174 -0.24158301949501 -0.161268815398216 0.0894830152392387 -0.164724573493004
3.384033203125 12.2820205688477 33.5280609130859 0.785927332569092 -0.612062081934631 0.0877395907140934 0.568302633201266 0.659134548695797 -0.492517780198944 -0.193045169115067 0.143401831388474 0.103115633130074 0.343636512756348 -0.256144136190414 -0.207420602440834
3.65240478515625 12.8094320297241 33.6735496520996 0.474766139158493 -0.791697298956011 -0.384463912395291 0.723680903055685 0.599772282318021 -0.341407615491425 -0.14393039047718 0.461827129125595 -0.476422131061554 -0.30161252617836 0.331462115049362 -0.0688830614089966
4.08892822265625 13.2051630020142 33.8563690185547 0.25867764889168 -0.727879345222776 -0.635041363032311 0.823437844420183 0.509861660799582 -0.248980326980537 -0.221370726823807 -0.177099019289017 -0.108597166836262 0.0520744659006596 -0.207901567220688 -0.0268253814429045
4.61854553222656 13.382737159729 34.077766418457 -0.0793889280306882 -0.344347177300373 -0.935479780428954 0.965614577125444 0.206491333603409 -0.157955112578022 0.361055850982666 0.00786297861486673 0.252126157283783 -0.380665242671967 0.0546577125787735 0.185204491019249
5.12913513183594 13.2362442016602 34.242374420166 -0.228283719367045 0.232387308326978 -0.945453691304069 0.968399972553656 0.154379742004598 -0.19587850422308 0.458108901977539 0.0640190541744232 -0.388928771018982 0.155298173427582 -0.175085797905922 -0.401805639266968
5.62890625 12.9361724853516 34.1822204589844 -0.244804696136527 0.707470982479902 -0.662989796074136 0.953955188635168 0.053514680370271 -0.295136709104287 -0.372943818569183 0.172709241509438 -0.134117901325226 0.0323846377432346 0.153087988495827 0.0884798541665077
6.09408569335938 12.5356168746948 33.8907356262207 -0.289425711248659 0.894582306953186 -0.34052203123223 0.809802654113668 0.0391672333808982 -0.585393533633354 0.446921795606613 -0.342756271362305 0.136589109897614 0.490940719842911 0.253074735403061 -0.401454716920853
6.2679443359375 12.2525634765625 33.4316596984863 0.0843152087042612 0.992551141291375 0.0879384870369397 0.686182371028617 0.00615701575226411 -0.727403495211957 -0.166015535593033 0.021423352882266 0.0535449981689453 -0.327257037162781 0.108675412833691 -0.270630210638046
6.291259765625 12.1501817703247 32.9198112487793 0.543237205158633 0.762424219256237 0.351571683761584 0.54576837583444 -0.00247680267586739 -0.837932422924153 0.0595420859754086 0.611809194087982 -0.275200605392456 -0.319113671779633 0.0402973219752312 -0.0749603286385536
6.26388549804688 12.2291269302368 32.3527641296387 0.775042997405672 0.381343511910541 0.503870497346459 0.382197862517242 0.352102858567785 -0.854370160337805 -0.432350158691406 -0.060799203813076 0.380573332309723 0.517476737499237 -0.0848286151885986 -0.227372288703918
6.129638671875 12.6633987426758 31.9543685913086 0.90832698315294 -0.227136192267585 0.351213954504176 0.408386635090768 0.300242110851787 -0.862017999319332 -0.289068222045898 -0.196136280894279 0.0397212244570255 0.547661006450653 0.21558840572834 0.132496252655983
6.1251220703125 13.2147655487061 31.7839679718018 0.838555977985488 -0.5448087398202 -0.00270347930037164 0.394539147170963 0.610671862181961 -0.686599401462618 -0.390635788440704 0.0601944476366043 0.501244604587555 -0.228527247905731 -0.421269118785858 -0.167487919330597
6.30682373046875 13.7617883682251 31.8360157012939 0.578334451860857 -0.684497118404333 -0.443838885956342 0.525416398761521 0.728718459570262 -0.439211810626739 -0.103184506297112 0.349791556596756 0.31755331158638 0.148307517170906 -0.47966668009758 -0.265418767929077
6.70965576171875 14.2225751876831 32.0059394836426 0.183996613152116 -0.715826897488018 -0.673600103311475 0.696251569628158 0.578646778075779 -0.424737163446814 -0.0844511613249779 0.0582357980310917 0.621956348419189 -0.318516314029694 -0.0816137492656708 -0.247680976986885
7.216796875 14.438910484314 32.0657615661621 -0.256763781454874 -0.507421866873651 -0.822554198549526 0.794217460207336 0.374188623967014 -0.47874993430337 0.290598213672638 -0.360182642936707 0.811363220214844 0.0631248503923416 -0.533525049686432 -0.319203227758408
7.76870727539062 14.345308303833 32.1652984619141 -0.410594037965244 0.137137113308223 -0.901446586404809 0.892429944462133 0.263227795614142 -0.366442248988069 -0.28095081448555 -0.624172806739807 -0.411118179559708 -0.221147835254669 -0.156696692109108 -0.0221554804593325
8.310546875 14.0798797607422 32.0138092041016 -0.526751559799496 0.475547235504784 -0.704547813177044 0.816540282763115 0.0527572220816841 -0.574872718211046 0.37723034620285 -0.535166621208191 0.437627792358398 -0.0872332006692886 -0.0162182599306107 0.0186969265341759
8.6693115234375 13.6783771514893 31.6785297393799 -0.381553352312279 0.873858459128749 -0.301311189218705 0.659756106425414 0.0291503770291012 -0.750914199861368 -0.0240659695118666 0.0492991358041763 0.540280997753143 -0.54820317029953 -0.597258687019348 0.0503120496869087
8.77291870117188 13.38205909729 31.1470966339111 0.0696006584020275 0.966637685815658 0.246510309542933 0.673778687556064 0.136676017508616 -0.726183135602317 -0.616329908370972 0.139522895216942 0.32412576675415 -0.0432113148272038 -0.374741107225418 0.0469133257865906
8.809814453125 13.4078989028931 30.5517597198486 0.489799271885377 0.594388968106296 0.637807516304164 0.66968094444 0.211920600792388 -0.711770392481833 -0.333746492862701 0.181278541684151 0.0808641836047173 0.066790759563446 0.146314084529877 -0.00302537437528372
8.7288818359375 13.6448841094971 30.0459423065186 0.797678473560862 0.00627884468358416 0.603050270646695 0.60298924463648 0.00932369564142733 -0.797694828585665 0.546852767467499 0.339321881532669 0.140743792057037 -0.209124565124512 0.0450627617537975 -0.103576220571995
8.87930297851562 13.9824991226196 29.5507202148438 0.68806636606461 -0.376771185309117 0.620167840033168 0.718760593313553 0.23639849274385 -0.653834047850053 -0.662150681018829 0.414667785167694 0.121142707765102 -0.0768764540553093 0.105698019266129 -0.290747076272964
9.14236450195312 14.448148727417 29.3681221008301 0.537603790110123 -0.813211062816126 0.222867521574362 0.70172295808815 0.284943652505955 -0.652986986844747 0.0182586256414652 -0.352635443210602 0.0853211879730225 0.263049215078354 -0.319603055715561 0.01038490049541
9.52865600585938 14.9206438064575 29.3377380371094 0.207517497115046 -0.954809104423803 -0.212781725015386 0.822199318627959 0.288095949940578 -0.490906308856951 0.308760523796082 -0.081097736954689 0.143363624811172 0.141564086079597 0.488986372947693 -0.203473716974258
10.0148010253906 15.1264371871948 29.4589252471924 -0.059436943548761 -0.740159317642448 -0.669799547811617 0.973952301989669 0.104089378844647 -0.201450526583479 -0.140720218420029 0.390678614377975 -0.495579034090042 -0.289843559265137 -0.286456227302551 -0.117733888328075
10.5507507324219 15.0923376083374 29.7099761962891 -0.159907648850213 -0.384716315073264 -0.909078049870112 0.987123484495101 -0.0661409900503706 -0.145645445494898 0.122651070356369 0.134184911847115 0.169451668858528 0.500884711742401 -0.0861353650689125 0.39780455827713
10.9857177734375 14.7219161987305 29.8821601867676 -0.181736940892017 0.212684850533726 -0.960071267494585 0.947007242478352 -0.225111800576793 -0.229133061635858 -0.564039409160614 -0.277247458696365 -0.475583612918854 0.887525618076324 0.0555454529821873 -0.0881418958306313
11.3521118164062 14.2684116363525 29.8417644500732 -0.0366056332563531 0.707329148892505 -0.705935905547314 0.795989440612822 -0.406463048856914 -0.448540522524809 0.326514065265656 0.300695419311523 0.127270996570587 0.118792809545994 0.419083058834076 -0.346351861953735
11.5185546875 13.7538013458252 29.5281925201416 0.250370646419257 0.921838765598383 -0.29585102611222 0.77295654283691 -0.374336848129942 -0.512259804218283 -0.118095993995667 -0.191475212574005 -0.792863011360168 -0.151621639728546 -0.251942962408066 -0.368194341659546
11.582763671875 13.455883026123 29.0533847808838 0.488060612250742 0.815545055358574 0.310939063884889 0.754736586691653 -0.215418440407015 -0.619651176261002 -0.0642553493380547 -0.354471415281296 0.389503449201584 0.107941649854183 -0.148130357265472 0.241669684648514
11.7473449707031 13.4261474609375 28.4690818786621 0.525304780148055 0.452253876974693 0.720778272920989 0.806079486197293 0.0068454645554505 -0.591767692212856 0.00336503167636693 0.268863528966904 -0.0673186704516411 -0.0606758520007133 -0.323422789573669 -0.130281329154968
11.9527893066406 13.617883682251 27.9452056884766 0.582462715388398 -0.0789907177826538 0.809010291458987 0.812842137127657 0.0504976243273332 -0.580291004623577 0.0235693007707596 -0.0768439471721649 -0.0946414172649384 0.49188643693924 0.0349716953933239 0.317859470844269
11.8268127441406 14.0230102539062 26.7067794799805 -0.590298216728973 0.362312152070194 -0.721302932053419 0.727845610942254 0.625261749069066 -0.281582158140726 0.320065706968307 -0.00859962776303291 0.293848842382431 -0.0541817247867584 -0.0377548560500145 -0.223989829421043
12.3296203613281 13.876708984375 26.5105228424072 -0.63192068817364 0.606676003256924 -0.482307444406945 0.697982644657179 0.174970606251454 -0.69441019196536 -0.192403554916382 0.0711139664053917 -0.316023200750351 -0.121831856667995 0.00236567133106291 0.0807099118828773
12.6692504882812 13.6183910369873 26.1468925476074 -0.433484305567217 0.873980143098311 -0.219658977273327 0.556912474594341 0.0681778533936321 -0.827768250144836 -0.0884195044636726 0.26954197883606 -0.308484494686127 -0.249393239617348 -0.282430469989777 -0.0932440683245659
12.6522521972656 13.3810415267944 25.5805854797363 0.0676129754538358 0.997569538060912 0.0168375260421088 0.528187719103114 -0.0214718930900567 -0.848856107473922 -0.26808488368988 -0.0879537388682365 0.16804863512516 0.41207754611969 0.460706621408463 0.320375859737396
12.52392578125 13.3395471572876 25.0460872650146 0.491271274400169 0.810728405992402 0.318389677386459 0.300471219472085 0.185357503198722 -0.935606563827389 -0.0228358190506697 -0.52829921245575 0.311624079942703 -0.248320296406746 -0.68498706817627 -0.130014464259148
12.1991577148438 13.5109615325928 24.5770454406738 0.859397305311553 0.44198377580997 0.257073167685787 0.0678746539508643 0.399710794328515 -0.914124888758816 -0.541540503501892 0.323490083217621 0.449764311313629 -0.121634624898434 -0.0126156378537416 0.499511420726776
11.9235229492188 13.9514532089233 24.2884769439697 0.99374789879119 -0.00333095002198773 0.111597573540135 0.0867562834265023 0.652188399635918 -0.753076117445216 -0.316650003194809 0.420328915119171 0.564840793609619 -0.532930672168732 -0.0234500970691442 0.107184514403343
11.8674011230469 14.5379114151001 24.125150680542 0.801763598577157 -0.530185925958131 -0.275822435477115 0.191858133833672 0.665425987039246 -0.721386659326817 0.147755905985832 -0.441785782575607 -0.662546455860138 -0.105335928499699 0.310902416706085 0.190361067652702
12.2156066894531 15.0886468887329 24.1278381347656 0.26445180605865 -0.723798806203975 -0.637322940439161 0.443618863079861 0.67808073369475 -0.58601094094882 0.00931564718484879 0.137446895241737 0.0970464050769806 0.279007107019424 0.0929215773940086 -0.178472712635994
12.6502075195312 15.400671005249 24.1087608337402 -0.209386411756655 -0.551178754487381 -0.807687632178067 0.597945211320565 0.581393019582053 -0.551764153456953 -0.0262099876999855 0.314073622226715 0.072278656065464 0.407335013151169 -0.573098361492157 -0.111702881753445
13.1615905761719 15.3561334609985 24.0698432922363 -0.488331096283811 -0.0853642461642961 -0.868473192377895 0.832391763061246 0.253254924580659 -0.492935995808213 0.615805685520172 0.194540858268738 0.116736382246017 -0.5356165766716 0.00849971733987331 0.0214279945939779
13.7068176269531 15.2018346786499 23.9775714874268 -0.615644886228927 0.289935619834649 -0.732747371480287 0.787918799730854 0.211309825333921 -0.578387519529975 0.0452667288482189 0.404616594314575 -0.0106413625180721 0.0628017634153366 0.23834040760994 0.123907536268234
14.1482849121094 14.8711938858032 23.7342853546143 -0.463830611392956 0.773910041891357 -0.431189530246914 0.83700816158298 0.223322942372704 -0.499543992911012 -0.162816971540451 0.156067863106728 -0.0343181863427162 0.0102774510160089 0.573302865028381 0.235805466771126
14.524169921875 14.5834951400757 23.4313144683838 -0.217790521891597 0.972409690588731 -0.0835863758235366 0.897101103489534 0.165717893858431 -0.409569517631605 0.710326194763184 -0.578204751014709 0.0830507054924965 -0.130053535103798 0.000375280622392893 -0.351057231426239
14.7191772460938 14.4305391311646 22.8907661437988 0.0774397666564602 0.916704883421161 0.391988825417241 0.765041255824357 0.197476084418979 -0.612956012262903 0.497851878404617 0.376118332147598 0.103982530534267 0.191044732928276 0.411056518554688 0.282317727804184
14.8445434570312 14.5108489990234 22.2723026275635 0.393281479093864 0.519004225441763 0.758923113480765 0.786755528472199 0.237156146880594 -0.569888322757346 -0.495809435844421 -0.434489458799362 -0.333615273237228 0.258399367332458 -0.388416200876236 0.302566111087799
14.4619750976562 14.0434761047363 20.9468059539795 -0.723695650713521 0.0684464918346891 -0.686716595761204 0.685722244405822 0.183467649615544 -0.704361146764634 -0.129877269268036 -0.0691834464669228 -0.151340022683144 0.209100157022476 -0.309908151626587 -0.420325726270676
14.8966979980469 13.8086576461792 20.7355175018311 -0.611795927856016 0.602580538091422 -0.512447497576336 0.554072668686584 -0.135904855048927 -0.821299791908325 0.0838956758379936 0.1084915548563 0.691161215305328 0.297615706920624 -0.17780265212059 0.167842447757721
14.9839477539062 13.3862447738647 20.2932167053223 -0.15371348999263 0.958516424258706 -0.24003838738958 0.299373313244952 -0.186331508831579 -0.935765028270071 -0.00457024155184627 -0.257889419794083 0.46201878786087 0.775731265544891 -0.202642992138863 0.678030014038086
14.8471069335938 13.0936059951782 19.8005199432373 0.327345412502957 0.94481476032464 0.0130403062066238 0.216518909171262 -0.0615685170022875 -0.97433509619916 -0.117706760764122 -0.00398429809138179 -0.0986678972840309 0.461919605731964 -0.425041079521179 -0.0199793837964535
14.5990905761719 13.0039768218994 19.2862987518311 0.729686372255215 0.682212567301112 0.0463013084205002 0.283196463524215 -0.239881591854229 -0.928577721538084 -0.208932682871819 0.291563272476196 -0.157147943973541 0.138398721814156 0.0785610377788544 -0.147286728024483
14.5072631835938 12.9739427566528 18.6147499084473 0.881065564100288 0.30369449066561 0.362619812056647 0.463979852886373 -0.405962926810553 -0.787347952414274 0.411883771419525 0.0811487957835197 -0.0794326290488243 -0.344123691320419 -0.310826808214188 -0.831858038902283
14.5146179199219 13.0856943130493 18.0699119567871 0.84775261967331 -0.238027190548094 0.473981594997972 0.41842074448677 -0.249041243407644 -0.873442922957826 0.730581343173981 0.260481238365173 0.208405643701553 0.353143125772476 0.378578960895538 -0.139204204082489
14.6637878417969 13.2020616531372 17.5973567962646 0.393940999613925 -0.772171819288571 0.498559094109976 0.207774797622514 -0.453567567749182 -0.866663772727933 0.120503820478916 0.376004278659821 0.673759579658508 0.562857627868652 0.172707065939903 -0.361155301332474
14.9215393066406 13.251238822937 17.0362453460693 -0.20146643953324 -0.858984583484048 0.470698161329037 -0.115246839544425 -0.456425785472689 -0.882266211713143 -0.0614304021000862 -0.15836688876152 -0.2210623472929 -0.173539116978645 -0.154224097728729 0.0884762853384018
14.1781311035156 13.791880607605 15.8197164535522 -0.825303669836489 0.330219054179373 -0.458071204957597 -0.371771273981744 0.292842800606114 0.880925203394226 -0.524196922779083 0.761364936828613 -0.070492148399353 -0.31779345870018 0.138870924711227 0.102295912802219
14.2485046386719 14.205883026123 16.1855812072754 -0.903989331921327 -0.298435335204562 -0.306169297078877 -0.417515425956852 0.461901982274009 0.782513532061529 0.0912215039134026 0.460922002792358 0.382302701473236 0.225725963711739 0.557659566402435 0.238550618290901
14.1751403808594 14.7160215377808 16.2784633636475 -0.698757034648885 -0.677963617420389 0.228262874736469 -0.407865424886218 0.639716430642634 0.651466563645621 -0.127261877059937 0.189890846610069 0.0318397209048271 0.494855254888535 0.0203047264367342 0.10086215287447
13.858154296875 15.2505912780762 16.3663330078125 -0.207308092283867 -0.814287847530248 0.542179542437908 -0.237473204607881 0.579530379267861 0.779583873998759 -0.650036334991455 -0.249632835388184 0.385643362998962 -0.225162550806999 0.926949679851532 -0.703185081481934
13.530517578125 15.5146970748901 16.9113006591797 0.456020139088526 -0.649081615741388 0.608883148766847 -0.88523588272962 -0.401290018848379 0.235210018282764 0.305280059576035 0.609879553318024 0.183279678225517 0.0513091832399368 0.0280217360705137 0.0183919314295053
13.1303405761719 15.1759834289551 16.6905078887939 0.43953307618986 -0.170889046195664 0.881820621683013 -0.59146233448732 -0.793917174014569 0.140953281932458 0.0111581664532423 0.155619636178017 0.277592271566391 -0.0873859450221062 0.464998126029968 -0.114804983139038
13.0501708984375 14.6084451675415 16.5762748718262 -0.108030244923516 0.398114315827059 0.910952500251971 -0.77568665023207 -0.606877133801703 0.173234999698041 -0.359225481748581 0.0846201404929161 -0.147376924753189 -0.0159832313656807 0.0905637890100479 -0.491058528423309
12.970458984375 14.0401344299316 16.6334400177002 -0.331575831569388 0.606591640775313 0.722567677979428 -0.617399257196756 -0.718634059170168 0.319973821137764 0.263875156641006 -0.224605321884155 0.193110898137093 0.703331470489502 0.530082702636719 0.423503398895264
13.0341186523438 13.5135593414307 16.9461650848389 -0.662911154778692 0.698667847390791 0.269094852965084 -0.500468851293974 -0.680831791824555 0.534788743454325 0.167268186807632 0.366178423166275 0.405829399824142 0.175694704055786 0.116051398217678 -0.0922557711601257
13.1491394042969 13.2057199478149 17.4249496459961 -0.852039233916386 0.521351595973479 -0.0471344591894787 -0.42679410570786 -0.639713428250661 0.639228848730105 -0.437130361795425 -0.129286795854568 -0.0199564881622791 0.286070555448532 0.327324509620667 -0.132251501083374
13.1651611328125 13.010627746582 17.9741630554199 -0.816694320811538 0.252350616635911 -0.518969703005537 -0.55350528757948 -0.596925473585233 0.580785567663834 0.195958480238914 0.0209689773619175 0.241469532251358 -0.662423014640808 0.459347903728485 -0.277707666158676
12.9911193847656 13.0391855239868 18.4725399017334 -0.607304557345039 -0.454809248677784 -0.651405957867362 -0.523267016165407 -0.387978026449567 0.758725695350863 0.352007031440735 0.0844630300998688 -0.244720652699471 -0.119125455617905 0.612596452236176 -0.320789963006973
12.584228515625 13.2620401382446 18.8366775512695 -0.17133699696309 -0.843586642026597 -0.508925545503426 -0.636496464643987 -0.29951091095958 0.710749931207783 0.207561179995537 -0.4774050116539 -0.186949372291565 -0.278742551803589 -0.339670240879059 0.124764807522297
12.0648193359375 13.4438209533691 19.0848922729492 0.212502629958315 -0.918426196499165 -0.333670426985787 -0.568636601666053 -0.393925028121308 0.722132596872146 0.11574474722147 -0.158181875944138 -0.294676452875137 0.250222653150558 0.252264738082886 0.641605615615845
11.5494079589844 13.432107925415 19.1092166900635 0.527048663777879 -0.837370815559726 0.145016630973115 -0.813426216541077 -0.447657789299271 0.371403142048312 0.0122216315940022 -0.0443070307374001 0.125657573342323 0.457320749759674 -0.428786188364029 -0.409306645393372
11.0091857910156 13.260479927063 19.0270462036133 0.701973031822877 -0.383244032840551 0.600298154158005 -0.694390126042341 -0.555624974656844 0.457278077751912 -0.377654433250427 0.0734202191233635 -0.0744378864765167 0.201325371861458 0.180696383118629 0.278880834579468
10.633056640625 12.8295078277588 18.940299987793 0.604558492379324 -0.0947229157325797 0.790908716937143 -0.609939631191621 -0.693662762942378 0.383152212063269 0.245737671852112 0.127872467041016 -0.0470267497003078 0.119380570948124 -0.363415241241455 -0.377238243818283
10.5611572265625 12.300537109375 18.748592376709 0.0807233024617393 0.20455834112326 0.975520186114347 -0.54096232794865 -0.813035585637543 0.215250775207419 -0.459550112485886 0.156865805387497 0.107590317726135 -0.0911907255649567 0.406891077756882 0.550031065940857
10.5434265136719 11.6495695114136 18.7336959838867 -0.293758240697748 0.561088216313166 0.773877322019888 -0.564771525251696 -0.755053654850655 0.333057206139638 -0.698910892009735 0.0628793016076088 0.527120590209961 0.394906789064407 0.327019065618515 -0.0887980461120605
10.7572021484375 10.4141006469727 18.1221981048584 0.609706865822998 -0.789085565915178 -0.0748432190156209 -0.623247728284287 -0.535613215695801 0.569807645052679 -0.172594547271729 0.653734683990479 0.275061547756195 0.112381614744663 0.347861349582672 -0.0934892594814301
10.2316589355469 10.2366609573364 18.0848236083984 0.745058213846327 -0.574950958427353 0.338111894767973 -0.664518429313379 -0.596166899730812 0.450555529061882 0.694120466709137 0.112304419279099 0.31097337603569 -0.562344610691071 -0.0610283240675926 -0.561676442623138
9.8839111328125 9.80573177337646 17.9516220092773 0.666919224998987 -0.122664249401526 0.734964100650849 -0.42327792641191 -0.874126281241364 0.238199583239722 -0.317174851894379 0.275391399860382 0.371021956205368 -0.323918491601944 0.181433886289597 -0.579011738300323
9.79147338867188 9.22060775756836 17.7335586547852 0.237091391165161 0.216551340511569 0.947044449409853 -0.477077320087624 -0.823244163247744 0.307678855848974 0.276894688606262 -0.179011762142181 -0.732323944568634 0.142072036862373 -0.307170569896698 -0.21436308324337
9.82733154296875 8.66171360015869 17.7581043243408 -0.376306811715056 0.563817055885999 0.73518943881757 -0.517839718481821 -0.785993422188061 0.33772232120452 -0.0498513169586658 0.047640185803175 0.360692948102951 -0.381786674261093 -0.24241529405117 -0.0923809036612511
9.8653564453125 8.12590026855469 18.0298500061035 -0.598110286889454 0.701378652293353 0.387726799208123 -0.673598399521685 -0.702088998722445 0.230946387793227 0.374227494001389 -0.0856110751628876 0.360629469156265 -0.044881746172905 -0.292523205280304 -0.178521975874901
9.82241821289062 7.64954280853271 18.4426555633545 -0.659988088883337 0.745624732432328 0.0919754364889901 -0.621107318325173 -0.610407130197673 0.491557559729025 0.230622619390488 -0.0341586954891682 0.691311478614807 0.28049024939537 0.214997738599777 0.106301426887512
9.85574340820312 7.43093109130859 18.9729309082031 -0.776833956378656 0.444688041059052 -0.445849246221351 -0.615060341118616 -0.38401805244407 0.688644256623197 -0.14281153678894 -0.181054756045341 -0.187465205788612 0.656125545501709 -0.0663347765803337 0.240405008196831
9.56015014648438 7.46635866165161 19.5268287658691 -0.551675291256882 -0.0938449027404216 -0.828762636251343 -0.696118662419798 -0.495528470439017 0.519490464604731 0.101536884903908 -0.126109719276428 -0.383793920278549 -0.196344420313835 -0.0568849556148052 0.0340248793363571
9.23373413085938 7.64329481124878 19.9769840240479 -0.408917971944504 -0.363268961933849 -0.837150974147613 -0.845129250766178 -0.195355898060948 0.497586799053391 0.209542945027351 0.328714281320572 0.208014771342278 -0.295678853988647 0.0122635876759887 0.161114737391472
8.79818725585938 7.90953159332275 20.205717086792 -0.019994209991406 -0.886586295293243 -0.462130904144078 -0.910595553603826 -0.174702510698015 0.374559435220569 0.216736480593681 -0.335034042596817 0.359592288732529 -0.215111270546913 0.016996368765831 0.0501745752990246
8.28790283203125 8.16213512420654 20.069845199585 0.0975443049368906 -0.994038359633993 0.0487118892113654 -0.97484786090606 -0.0855767641806285 0.20578694205234 0.167322427034378 -0.0244340877979994 0.40968781709671 0.198453009128571 -0.134321093559265 -0.25938206911087
7.76519775390625 8.29315757751465 19.7429428100586 0.142543232700121 -0.863759906042468 0.483322099148079 -0.988660267866031 -0.147560805540326 0.0278690403738438 -0.100944295525551 -0.168929755687714 -0.300187677145004 0.302945047616959 0.149189233779907 -0.239510238170624
7.35964965820312 8.21324729919434 19.4411754608154 0.0581867857929582 -0.430964677498274 0.900490835438036 -0.99748525788412 -0.0616609836890124 0.0349440036966824 -0.068310834467411 -0.40656116604805 0.144532442092896 -0.0772616267204285 0.0305500961840153 0.382481962442398
6.97174072265625 7.88579368591309 19.1275424957275 0.0472270765241228 -0.108845085515716 0.992936226855512 -0.941177782447441 -0.337823293985253 0.00773329608059611 0.217806994915009 0.1229008436203 -0.106032185256481 -0.440935045480728 0.220861434936523 0.204821214079857
6.635498046875 7.42717838287354 18.8987808227539 -0.155522955397203 0.444121117056742 0.882365595277146 -0.861726092676801 -0.49769680321233 0.0986206533754494 -0.0919963046908379 -0.0999081209301949 -0.426072299480438 0.217432379722595 0.143998935818672 -0.107717104256153
6.69009399414062 6.19583940505981 17.9375114440918 0.108782421147597 -0.978602709862494 -0.174651427417732 -0.968943634562613 -0.143633030664181 0.201290301661097 -0.724532902240753 0.44615375995636 -0.23854124546051 -0.0351968221366405 -0.365117996931076 0.155978158116341
6.18179321289062 6.33638048171997 17.6625232696533 0.180544844980824 -0.901722700938706 0.392810042593943 -0.983253551522331 -0.155390841912756 0.0952162783791061 -0.317134261131287 0.188947379589081 0.374360620975494 0.186678513884544 -0.06477440148592 -0.229609161615372
5.68296813964844 6.24376392364502 17.3784351348877 0.241791068051126 -0.497027745341434 0.833366965850883 -0.946291825437361 -0.310761444345314 0.0892138207837885 0.031588364392519 0.162928342819214 -0.54452520608902 -0.466482549905777 -0.032748743891716 0.124970845878124
5.23324584960938 5.96552610397339 17.111759185791 0.238887112315891 0.012681947958418 0.970964528582458 -0.904117662970055 -0.361892511769633 0.227167474411791 0.391662389039993 -0.417694061994553 -0.131929159164429 0.318954616785049 -0.611861288547516 -0.695109844207764
4.9300537109375 5.40358114242554 16.9822120666504 -0.00280646751925181 0.447197890137239 0.894430640573581 -0.814257313864863 -0.520240627269979 0.257555268933323 0.499684870243073 0.204246878623962 0.372286289930344 0.186825692653656 -0.336216151714325 -0.329608708620071
4.85600280761719 4.81246519088745 17.0996379852295 -0.270842718902258 0.754049569895007 0.598375691149622 -0.753520225677367 -0.552901322608786 0.355678783388307 -0.0337768346071243 0.0297677870839834 0.0390187427401543 -0.140445336699486 -0.0620848573744297 0.0727490410208702
4.75567626953125 4.36661291122437 17.4227333068848 -0.414926118761883 0.903143990356824 0.110305252148536 -0.605591933210039 -0.364613091565147 0.707329982321006 0.412983775138855 0.143976897001266 0.556860983371735 -0.467721611261368 0.0256697274744511 0.660878896713257
4.78591918945312 4.26518487930298 17.9595470428467 -0.798969626669785 0.502908344448752 -0.329743434723059 -0.523916289451693 -0.312914327182066 0.79220978628856 -0.339674919843674 0.0915594026446342 -0.063578188419342 0.267911911010742 0.165608868002892 0.310808151960373
4.84007263183594 4.3061089515686 18.554780960083 -0.81330444895942 0.10378190377372 -0.572507807590356 -0.58035375716541 -0.214943914801081 0.785486237965999 -0.186341315507889 -0.385780483484268 0.535735845565796 -0.297574698925018 0.305451899766922 0.56960791349411
4.54219055175781 4.53385972976685 19.0111789703369 -0.497422410179712 -0.508019158085383 -0.703198038157975 -0.684859668978916 -0.267585279911314 0.677764967950449 -0.148548454046249 -0.218001782894135 0.415410578250885 -0.543771862983704 -0.00176739669404924 -0.647515773773193
4.10575866699219 4.79986047744751 19.3328037261963 -0.160445468681353 -0.842089157923207 -0.51492048093643 -0.823949181311521 -0.172975977815697 0.53961751057094 -0.185825958848 -0.190300047397614 0.87786602973938 0.0111729437485337 -0.440324157476425 -0.0509678982198238
3.56159973144531 4.99584150314331 19.3782176971436 0.207546760083451 -0.978071986454015 -0.0173069839301728 -0.931569879830461 -0.203015818165136 0.301599298022064 0.32765331864357 0.13201342523098 -0.52591335773468 0.42181733250618 -0.319754123687744 0.242964997887611
3.000244140625 5.04434823989868 19.0888900756836 0.25262623408314 -0.79452572797202 0.552185524478415 -0.967503544003812 -0.21381049615191 0.134988755366284 -0.359861999750137 0.705952882766724 -0.416384965181351 0.41778689622879 0.086585059762001 0.166711792349815
2.45654296875 4.93786668777466 18.887659072876 0.344604239987866 -0.440396668423791 0.82903479554456 -0.929031917075593 -0.286723054633526 0.233858048816947 -0.263932883739471 0.0815094038844109 -0.024958549067378 0.363508224487305 0.40302500128746 0.257065147161484
2.0958251953125 4.61075067520142 18.6617412567139 0.20766177321138 0.0501726991365336 0.976913142612003 -0.926346376731244 -0.310753336168664 0.212872624771111 -0.0628015249967575 -0.0248464234173298 0.214422076940536 -0.0529446713626385 0.0980958789587021 0.0749095231294632
1.84063720703125 4.15855598449707 18.7171268463135 -0.12428693975217 0.565515412939243 0.815319001578645 -0.926545369100951 -0.360172835773439 0.108578116434679 -0.268188327550888 0.144917070865631 0.646682143211365 -0.393730074167252 0.317610412836075 -0.13148058950901
1.56503295898438 3.662766456604 18.927188873291 -0.120135939786616 0.922658797850346 0.366426116319429 -0.876785799453323 -0.27172869425034 0.396749516191266 -0.0905059576034546 0.0689546912908554 -0.0789321884512901 -0.0644752383232117 1.12488567829132 0.208908393979073
1.48222351074219 2.2689037322998 18.6458511352539 0.438844066440991 -0.885860781871615 0.150554177927235 -0.862236318571828 -0.367990683136696 0.348039348436767 -0.0598240718245506 0.503722786903381 -0.0985461995005608 0.510302782058716 -0.0702367946505547 0.189175233244896
0.83026123046875 2.10244607925415 18.4771270751953 0.629155909146868 -0.51843316737792 0.57912856340201 -0.754398536931836 -0.227836643951306 0.615608082425913 0.0120401987805963 0.399292826652527 -0.356914639472961 0.207937702536583 -0.221448138356209 0.309706687927246
0.36285400390625 1.74087190628052 18.3677673339844 0.606328474815113 -0.0932682093572327 0.789725788962013 -0.684632404178134 -0.5664194457365 0.45874555326545 0.0288805961608887 0.305515915155411 0.277509748935699 0.408094137907028 -0.23178805410862 -0.265747308731079
0.194717407226562 1.17161953449249 18.3081569671631 0.290998552678968 0.359294000826928 0.886694797158822 -0.538747080367175 -0.704350141515246 0.462214735316061 0.0300938729196787 -0.434837698936462 0.318952083587646 0.402523726224899 0.208355575799942 -0.0384164974093437
0.196823120117188 0.600312471389771 18.3338317871094 -0.159169883420353 0.675114898803516 0.7203366030027 -0.295726844477312 -0.728739269348888 0.617644485739443 -0.0507679507136345 -0.164287224411964 -0.221549957990646 0.521122694015503 -0.194095298647881 -0.170254588127136
0.4232177734375 0.132527247071266 18.6033897399902 -0.645260190736 0.638795356425176 0.419022408542757 -0.350446182813492 -0.734872117910575 0.580646573458484 -0.593459606170654 0.179215207695961 -0.0494009405374527 0.362766295671463 -0.513452708721161 0.00962575245648623
0.517044067382812 -0.222241058945656 19.0772037506104 -0.853092493990207 0.503608877311739 -0.136423221595075 -0.480164719204889 -0.65546992796282 0.582924537112057 0.331338047981262 -0.475312203168869 0.097734697163105 0.128731429576874 0.117711283266544 0.762974619865417
0.456298828125 -0.28363710641861 19.6395168304443 -0.868142648451669 0.0512405673490775 -0.493662583347236 -0.442064103372497 -0.53200772345043 0.722182186638912 -0.0222172923386097 -0.529484331607819 -0.161096021533012 0.0503467209637165 0.283718109130859 0.61191737651825
0.27398681640625 -0.275488078594208 20.2356262207031 -0.564770587519693 -0.350878393308997 -0.746939446395461 -0.643605115518626 -0.379244647378188 0.664790156901597 0.258081942796707 -0.100036725401878 0.121700271964073 0.401083737611771 -0.182579383254051 0.212400898337364
-0.105728149414062 -0.0464030802249908 20.64475440979 -0.33130243971878 -0.680711604202664 -0.653353201063728 -0.737852067201079 -0.2446631283431 0.629058248937618 -0.529487669467926 -0.325289994478226 -0.425339579582214 -0.416070997714996 -0.172873079776764 -0.285136163234711
-0.576889038085938 0.13287065923214 20.8941955566406 0.0137600740895905 -0.915424885772258 -0.402253575335134 -0.872010170417064 -0.207843853320608 0.443169488261596 -0.165508404374123 -0.224566847085953 0.253641277551651 0.499594241380692 -0.243813902139664 -0.256370455026627
-1.12712097167969 0.272486090660095 20.8719482421875 0.290644311859638 -0.955866774346942 0.0429487331968068 -0.8457125684202 -0.23563731411186 0.478795684832535 -0.946327745914459 0.524798929691315 0.0277881678193808 0.0872145369648933 0.410074770450592 0.034701831638813
-1.64556884765625 0.287700891494751 20.7411918640137 0.408955868579767 -0.789816204756518 0.457105524204399 -0.908633038029299 -0.306045236473257 0.284116728535428 -0.0535505712032318 -0.0295508820563555 0.712207615375519 0.673830687999725 0.0254725459963083 0.288252472877502
-2.23002624511719 0.0734228119254112 20.5290145874023 0.562853100916913 -0.32854995587639 0.758453237373167 -0.80859995732798 -0.409099506761913 0.422851868360954 -0.0981874465942383 -0.142699643969536 0.195305123925209 0.615311682224274 -0.516862213611603 -0.0413698554039001
-2.49665832519531 -0.390675127506256 20.4544849395752 0.323145676060626 0.284273318786665 0.902643646335217 -0.681418090513475 -0.591980372281799 0.430381952170479 -0.374099403619766 -0.118513412773609 -0.0715253353118896 -0.0405055731534958 0.0912063345313072 -0.59906405210495
-2.57086181640625 -0.994129300117493 20.4489517211914 -0.0712799622983222 0.619507431359567 0.781747855427196 -0.567382562840048 -0.669775129144832 0.479038937628335 -0.0979028418660164 -0.0214485879987478 0.335559725761414 0.0946663022041321 -0.213105648756027 0.232502266764641
-2.47138977050781 -1.5323303937912 20.7771186828613 -0.581788310651854 0.759847417703355 0.290093542496906 -0.653285688701927 -0.649031011786192 0.389841704640539 -0.3265181183815 0.6883864402771 -0.104326702654362 -0.195342406630516 0.501244246959686 0.0567939504981041
-2.42655944824219 -1.90976369380951 21.2436771392822 -0.697922989800029 0.712052248901284 -0.0767143737718858 -0.642224565779039 -0.574853807367755 0.507041129756473 -0.302723795175552 -0.37246498465538 -0.266267269849777 -0.110241681337357 -0.345993041992188 -0.00995059404522181
-2.51625061035156 -2.06213212013245 21.7635154724121 -0.781760089543534 0.189451394661413 -0.594103805288042 -0.588653961859024 -0.538577354558118 0.602844048112657 -0.136576309800148 0.593176007270813 -0.324391752481461 -0.212515488266945 -0.488728284835815 -0.400671422481537
-2.69583129882812 -2.08576965332031 22.3101692199707 -0.603217477038426 -0.151576842431123 -0.783040954378509 -0.695018229623685 -0.381712693154558 0.609298843241519 -0.239513993263245 -0.367187291383743 -0.710092663764954 0.0453521758317947 0.4585922062397 0.240454167127609
-3.07223510742188 -1.87981951236725 22.7348022460938 -0.283151986550787 -0.581293615440797 -0.762838570839277 -0.850657673327123 -0.215135875481612 0.479685394702033 0.170644998550415 0.216925978660583 0.267864882946014 0.164430737495422 -0.443138241767883 0.0305874217301607
-3.53536987304688 -1.50686597824097 22.8481407165527 -0.0532630017546473 -0.959361954468913 -0.277105923721728 -0.923237411698198 -0.0584341723090378 0.379760620848674 -0.14152666926384 -0.303364485502243 -0.24189193546772 0.182099625468254 -0.122127756476402 -0.355079352855682
-4.06411743164062 -1.26653051376343 22.6326961517334 0.0497056547175908 -0.967640635931026 0.247388252720486 -0.9413500192631 0.0373820346408486 0.335354625313967 -0.245774582028389 0.326342940330505 -0.250759780406952 -0.464729130268097 -0.047244556248188 0.044910553842783
-4.6522216796875 -1.14825463294983 22.4679183959961 0.273195742523091 -0.698427589279856 0.661485441109617 -0.932504055065611 -0.0234200627415945 0.360399345098423 0.214993357658386 -0.22765389084816 -0.0067347576841712 0.457583963871002 -0.27519303560257 -0.628123342990875
-5.21469116210938 -1.35981428623199 22.234447479248 0.362117972000926 -0.321772888793196 0.874833002573416 -0.929489370319029 -0.195273678580817 0.312918041853534 0.0262171477079391 -0.389133751392365 0.212573856115341 -0.442345589399338 -0.287761241197586 0.218915373086929
-5.47817993164062 -1.7712082862854 22.1908302307129 0.0681294735052825 0.346481800863873 0.935579358745169 -0.732952489240368 -0.618826504037918 0.282549829970851 -0.28181990981102 -0.0211817286908627 0.0249855741858482 -0.113421976566315 0.0507720857858658 -0.0178028494119644
-5.62582397460938 -2.35403609275818 22.2549648284912 -0.173938552208268 0.635865021884294 0.751944847711438 -0.75030995581304 -0.580122157213971 0.317006708000388 0.126669526100159 -0.0862244591116905 0.0662716925144196 -0.293234646320343 -0.347767740488052 0.131310001015663
-5.69200134277344 -2.83890604972839 22.5563049316406 -0.412182734987668 0.817735254669191 0.401764167452996 -0.646881098641041 -0.573188871223906 0.502990419517135 -0.187008559703827 0.117632947862148 -0.288482934236526 0.397309720516205 0.0944993123412132 -0.240607872605324
-5.6995849609375 -3.27038073539734 22.9588241577148 -0.645941344194446 0.761322427371416 -0.056106518708329 -0.624592373263611 -0.484813333479815 0.612242108108483 -0.00567865883931518 -0.00826528761535883 0.338329315185547 -0.0384667925536633 -0.161557555198669 0.116426758468151
-5.55082702636719 -3.32134389877319 23.4930458068848 -0.900077943805713 0.201005448386342 -0.386596048600454 -0.434482407934737 -0.346962310252132 0.831169171985906 -0.309502810239792 0.292877376079559 0.512653768062592 0.205439075827599 0.014939378015697 -0.11090612411499
-5.57379150390625 -3.15425252914429 24.0786323547363 -0.850096295795858 -0.259607976142066 -0.45819208482642 -0.377343794200306 -0.306636362585726 0.873833967134897 0.179439038038254 0.136730328202248 0.115255460143089 -0.4360491335392 -0.374259382486343 0.221721202135086
-5.77195739746094 -2.8921000957489 24.5645427703857 -0.486042328539929 -0.75135109237672 -0.446356797698649 -0.319417983242728 -0.32267940111034 0.89098269123492 0.0946744978427887 -0.14118680357933 -0.222182005643845 0.510089218616486 0.0837284773588181 -0.109983779489994
-6.10211181640625 -2.66187119483948 24.9910278320312 -0.129160021353543 -0.866941188405552 -0.48138411349973 -0.735028116736422 -0.242154950997772 0.633320335465533 -0.283775568008423 -0.552386462688446 -0.0191666055470705 0.354646742343903 -0.072004571557045 0.330919682979584
-6.57148742675781 -1.31537508964539 25.4985160827637 -0.48182871874918 0.862959876959516 -0.152122768008411 -0.782488893899366 -0.345593122920618 0.517954172021156 -0.316962897777557 0.154638394713402 -0.360524505376816 0.141377478837967 -0.105751723051071 -0.439753830432892
-6.61851501464844 -1.46211266517639 26.0633678436279 -0.731489782525605 0.440319266179613 -0.520616597787364 -0.639077652864703 -0.176562842198434 0.748602241757098 -0.379898816347122 0.434675246477127 0.196503594517708 0.00207181693986058 -0.0420853681862354 -0.300327390432358
-6.70391845703125 -1.24163222312927 26.588041305542 -0.754584125521798 -0.0256745432469056 -0.655700858120199 -0.651267075582213 -0.0930311833777772 0.753124422112258 0.176487773656845 -0.328342199325562 0.147978097200394 -0.331029862165451 -0.589995861053467 -0.126583248376846
-6.90635681152344 -0.866446316242218 27.0357303619385 -0.561829198608942 -0.483448498547669 -0.671286452151717 -0.788443860311204 0.0673019848934078 0.611413707702873 0.407372832298279 0.0157782882452011 0.437112957239151 -0.399057596921921 -0.31351625919342 0.189376220107079
-7.29673767089844 -0.352382749319077 27.2317333221436 -0.406134427685153 -0.88519936239946 -0.226885247330984 -0.787914202215302 0.21345334693324 0.577606162216455 -0.248503640294075 -0.00433102436363697 0.597661256790161 0.105938300490379 -0.0875250101089478 0.300057500600815
-7.8212890625 -0.107729181647301 27.3085346221924 -0.0212915811696689 -0.988119510351648 0.152205459276973 -0.95755560398848 0.0639277973753299 0.28107027945515 -0.169012382626534 0.0526131466031075 0.144250959157944 0.360775411128998 -0.37170472741127 -0.446529746055603
-8.33802795410156 0.0241028498858213 27.0749034881592 0.196964657189225 -0.835271390158318 0.513348447549344 -0.980323330761847 -0.160805533505766 0.114489071783831 -0.167496770620346 0.0501663573086262 -0.384513705968857 0.505656063556671 0.0794614031910896 0.160815700888634
-8.84613037109375 -0.0394651554524899 26.8469085693359 0.301511541157047 -0.299275108105481 0.905276311530107 -0.952976360042215 -0.0642744778013664 0.29615004424118 -0.013598988763988 -0.378780573606491 -0.310028940439224 0.124833352863789 0.212245628237724 0.0670243129134178
-9.31727600097656 -0.341275602579117 26.7359256744385 0.369903205361795 0.190683612253004 0.909291690647845 -0.862136065214916 -0.294306630499639 0.412437889020506 -0.53904914855957 -0.348172873258591 -0.00758932484313846 -0.2723408639431 0.137151300907135 0.469340860843658
-9.52174377441406 -0.941566407680511 26.7597923278809 0.120297167410142 0.505516056302158 0.854389904161917 -0.758252276531488 -0.508715554293125 0.407752338993971 -0.267296642065048 -0.159859076142311 0.177992448210716 -4.18286508647725e-05 0.134303063154221 0.188088551163673
-9.68080139160156 -1.44732427597046 26.8970489501953 -0.340530519562489 0.855685246778059 0.38966873584222 -0.732176311580861 -0.501339758666982 0.46105996913588 0.778555035591125 -0.722692787647247 -0.132160633802414 -0.127390444278717 0.376119941473007 -0.361821740865707
-9.66108703613281 -1.84317016601562 27.328275680542 -0.587700102308644 0.808547594595017 0.0293151329695319 -0.549412903127747 -0.425419280397495 0.719141083336794 0.220474675297737 0.253596842288971 -0.0156749896705151 -0.138545572757721 -0.0272680371999741 -0.0487435087561607
-9.51139831542969 -1.96723318099976 27.88796043396 -0.789657357737872 0.521292259216269 -0.323567053099725 -0.493569760506852 -0.22645590586077 0.839706266627793 0.0335835851728916 0.027302386239171 -0.0666775554418564 -0.17613485455513 -0.056372657418251 -0.421358227729797
-9.44290161132812 -1.8758704662323 28.4126129150391 -0.86998922348666 -0.135791535246553 -0.474003597003718 -0.452407136782325 -0.162453610268024 0.876890305054916 -0.406015962362289 -0.161262005567551 0.287215560674667 0.242710620164871 0.00778500735759735 0.199880823493004
-9.60867309570312 -1.59842216968536 28.9345893859863 -0.51934585846183 -0.665472005088694 -0.536122084736096 -0.513856112534086 -0.258088087750614 0.818133506570039 0.16632205247879 0.0254340134561062 -0.266912192106247 0.456100910902023 -0.639201641082764 0.0252376273274422
-10.0349426269531 -1.31394171714783 29.2799816131592 -0.0801294737837096 -0.911425919714255 -0.403586496682149 -0.758526310926381 -0.206930094822307 0.617914048625896 -0.2347811460495 -0.0473981201648712 0.0357782170176506 -0.106238633394241 -0.165384083986282 -0.25385794043541
-10.505615234375 -0.199156194925308 29.8707313537598 -0.322688138772426 0.923401125018293 -0.207852657934748 -0.84328748326762 -0.18075928363337 0.506154424997466 -0.0641133487224579 0.301987916231155 0.290696322917938 -0.842888951301575 -0.646935045719147 -0.130112931132317
-10.6034240722656 -0.300210297107697 30.4599609375 -0.481212315313749 0.648200369336078 -0.590144887957994 -0.723754400257107 0.0860474684312642 0.684671747105901 -0.248343080282211 0.407991617918015 -0.201300919055939 -0.409256726503372 0.471964210271835 0.487804919481277
-10.7315673828125 -0.0693840309977531 31.0055141448975 -0.66594966921192 0.0240169991568941 -0.745609966288027 -0.744626962848511 0.0391386113763924 0.666332391002066 0.249764516949654 0.13678577542305 0.201799139380455 -0.601298630237579 0.284905731678009 0.0940205752849579
-10.9321594238281 0.336689412593842 31.3545665740967 -0.634204745301631 -0.55965282561473 -0.533453892870173 -0.749570405968866 0.275907389158808 0.601680412763487 -0.581360280513763 -0.239792287349701 -0.306622326374054 -0.182150289416313 -0.0439535677433014 -0.366495609283447
-11.2125396728516 0.817427933216095 31.5706634521484 -0.505375342141005 -0.801123842166937 -0.320618703552282 -0.776791921232105 0.26057768245737 0.573318046562012 -0.0790376290678978 0.692573130130768 -0.112927496433258 -0.20122142136097 0.444059550762177 -0.0135339442640543
-11.6928863525391 1.19169735908508 31.5934734344482 -0.159352178537176 -0.979146683561804 0.126010536326831 -0.807279516476641 0.202711963463309 0.554263152434013 -0.676770925521851 0.489555180072784 -0.685639679431915 0.0719805285334587 -0.34055683016777 0.123770579695702
-12.2214965820312 1.43531179428101 31.5005321502686 0.110855876506964 -0.839490053767957 0.531946824662528 -0.871745190319998 0.174896304282562 0.457680681154725 0.0692518576979637 0.0860026478767395 -0.0654571950435638 -0.122666850686073 -0.381171852350235 -0.0300750192254782
-12.8194274902344 1.42928826808929 31.3942947387695 0.384200982852618 -0.503800624385687 0.773675988798718 -0.899151711201786 -0.0139702906279831 0.437414027235833 -0.211744785308838 -0.389117389917374 -0.512236833572388 -0.0101132988929749 -0.185284018516541 0.186497211456299
-13.3772888183594 1.18683171272278 31.2861633300781 0.472852071807857 -0.0546379718570257 0.879446195181017 -0.864077155973783 -0.224227991241892 0.450657826369281 -0.135446444153786 -0.173918440937996 -0.0280945636332035 -0.0461290031671524 -0.0556581132113934 0.286460280418396
-13.7411651611328 0.777721285820007 31.2539138793945 0.348189632122591 0.462175881115573 0.815571845392776 -0.722192378219063 -0.422433288116332 0.547711863970023 0.0744712576270103 0.815492033958435 -0.000368336593965068 -0.821241140365601 -0.0228323396295309 0.446382373571396
-13.7923278808594 0.273253738880157 31.4938259124756 0.0495264415067621 0.839754146782456 0.540703342465483 -0.573332715517963 -0.419384146540991 0.703851216484622 0.0844952017068863 -0.284324586391449 -0.0375450365245342 0.11056149750948 0.687893748283386 0.477675288915634
-13.7152099609375 -0.134139448404312 31.8623332977295 -0.345320416003984 0.885507710896784 0.310853509282383 -0.2014642384653 -0.393452298105393 0.896999135860889 -0.35981473326683 -0.675711035728455 0.0414047613739967 0.122454196214676 -0.268180787563324 0.41055902838707
-13.4272918701172 -0.421481221914291 32.2046585083008 -0.800753327475966 0.557971533615347 0.21785746765054 0.0192176332686788 -0.339586957065784 0.940378318105193 -0.219730794429779 0.0558645352721214 -0.295689642429352 0.306464225053787 -0.0735332146286964 0.0649008229374886
-13.2424621582031 -0.480233430862427 32.8801116943359 -0.939462327506532 0.205398869348321 -0.274266001659779 -0.340853598928003 -0.47828986703694 0.809356304224298 -0.0984093621373177 -0.442919790744781 -0.468125283718109 -0.487489610910416 -0.320730328559875 -0.381068378686905
-13.2364349365234 -0.46526175737381 33.4795036315918 -0.7971976276394 -0.297814581949405 -0.52514989980425 -0.442303681832767 -0.303933849495403 0.843795987290817 0.402315557003021 0.101857610046864 -0.17356963455677 -0.48162430524826 0.194561243057251 -0.208464607596397
-13.4934997558594 -0.31446385383606 33.9477081298828 -0.282017212917247 -0.721025753720455 -0.632920337870603 -0.67572980471289 -0.319032479293907 0.664535558249716 -0.512708604335785 0.0114407008513808 -0.193339303135872 0.622673511505127 -0.0202188603579998 0.152333453297615
-13.9948577880859 -0.116206601262093 34.1734771728516 0.0616921032513948 -0.960504328674476 -0.271340227378864 -0.756755168394154 -0.222270895169591 0.61474975743732 0.534025549888611 0.0375848077237606 -0.211319535970688 -0.0213746540248394 0.0484013520181179 0.217297375202179
-14.5794830322266 1.07954156398773 34.778621673584 -0.621087680951281 0.776250759824691 -0.10809648672436 -0.574577002564318 -0.357179019309683 0.736399630831776 0.163206666707993 -0.163437858223915 0.541969239711761 -0.105987153947353 0.141113728284836 0.00866685807704926
-14.5815124511719 1.01075160503387 35.3352355957031 -0.753900736749292 0.475256171458375 -0.453613547658801 -0.597536109562389 -0.209002159230161 0.774124470099075 0.320748031139374 0.578827738761902 -0.176058635115623 0.394904941320419 0.0668838322162628 -0.133189082145691
-14.599853515625 1.12844097614288 35.8663177490234 -0.864092488231064 -0.105009733013385 -0.4922571764384 -0.49732228473036 0.0274301892611762 0.867132129394172 0.220873847603798 0.0147380065172911 0.140720143914223 0.333379924297333 0.104500807821751 -0.0447191596031189
-14.7020111083984 1.49715173244476 36.2906799316406 -0.674484568220111 -0.579775095587396 -0.457090150593465 -0.5831964245768 0.0387586459049517 0.811406000549941 0.477587997913361 0.115436717867851 -0.498783558607101 -0.0352009013295174 0.0227953214198351 -0.00801163073629141
-15.0112609863281 1.98241603374481 36.5003776550293 -0.444257315067812 -0.882895668249859 -0.152087727954543 -0.651209269784872 0.201648298053066 0.731617694454252 0.354665875434875 0.141130551695824 0.144122898578644 -0.396267741918564 0.0252721514552832 -0.108358971774578
-15.5007171630859 2.38608288764954 36.6233100891113 -0.0355770842910801 -0.984405549145898 0.172278802770707 -0.75966868658661 0.138647716498435 0.635358400691723 -0.213481143116951 -0.0186787378042936 -0.249924153089523 -0.561957776546478 -0.0122269988059998 0.118115141987801
-16.0357208251953 2.61951613426208 36.7125549316406 0.285139389411201 -0.902112963068978 0.323863752941134 -0.831773216296578 -0.0649871150452551 0.551298459574976 0.509897708892822 0.601626038551331 0.271972745656967 -0.122341111302376 0.234491586685181 -0.282106548547745
-16.6209259033203 3.41902041435242 37.0907707214355 -0.695272993470659 -0.641438948748006 -0.324270781260665 0.15599972191114 0.305733042143131 -0.939250442483555 -0.0416671708226204 -0.216167390346527 0.251031994819641 -0.0339846275746822 -0.444267123937607 0.101084157824516
-17.0244750976562 4.62467288970947 37.0935287475586 -0.505156773154437 0.834231665744711 -0.221075015334166 -0.222189878314602 -0.373242269771715 -0.900734070650267 -0.0922268480062485 0.404455631971359 0.310215950012207 0.198679551482201 -0.0332762338221073 0.215707316994667
-17.4328002929688 4.20673656463623 36.8367042541504 0.141942886471492 0.935773785553102 -0.32276870860069 -0.294788576424748 -0.271314620898825 -0.916235816641108 0.301038473844528 0.49166014790535 -0.250009119510651 -0.0925541892647743 0.410101592540741 -0.0522865541279316
-17.8593292236328 4.15698099136353 36.5749740600586 0.800388042234105 0.358410605480095 -0.480542214303851 -0.449665077597117 -0.171187810167376 -0.876639065773182 -0.48155552148819 -0.284185737371445 0.180943250656128 -0.0744684562087059 -0.054167315363884 0.11214541643858
-17.8302307128906 3.61435842514038 36.0728416442871 0.977688531389677 -0.114154741166723 0.176334428454157 0.196430291256438 0.79429229348769 -0.574904246968985 -0.124442145228386 -0.0281751174479723 -0.0942212119698524 -0.136690273880959 0.0968561246991158 -0.115040324628353
-17.9054870605469 4.17316436767578 36.0168914794922 0.829279052903998 -0.53480654472052 -0.162105558630007 0.347386035328811 0.720558346070168 -0.600098835498915 -0.163712084293365 0.115036770701408 -0.0160397738218307 0.0435591042041779 -0.0863078087568283 -0.22620552778244
-17.8412017822266 4.29292345046997 35.4049911499023 0.638292391699409 -0.762358470086675 0.106735119739253 0.700410479806645 0.517624307101439 -0.491416561050583 -0.0454432815313339 -0.484599173069 0.231535509228706 0.192848220467567 -0.285390377044678 0.197477415204048
-17.4712677001953 4.71713829040527 35.4871711730957 0.324586045836391 -0.833798830132751 -0.44656848267377 0.749531979477884 0.514719562001771 -0.416251827903097 -0.263694375753403 0.177099168300629 0.335839778184891 0.243224710226059 0.632764518260956 -0.0946656689047813
-17.1091918945312 4.99907398223877 35.7303237915039 0.197699371179096 -0.717876987593618 -0.667508493817796 0.971717709355895 0.0538043017246754 0.229934317664966 0.198869735002518 0.343980520963669 0.153440743684769 0.181342005729675 0.356595665216446 0.310916632413864
-16.6386871337891 4.91368198394775 36.1570205688477 0.0927168954595921 -0.106377077217051 -0.989993684191517 0.980456232429327 0.183027171093069 0.0721569881034215 0.256444901227951 -0.326229333877563 -0.0352988094091415 -0.256394118070602 0.0618311949074268 0.163780093193054
-16.136962890625 4.73012638092041 36.3908615112305 -0.0220404982111326 0.424733715250747 -0.905049991750678 0.977867672083642 0.197554974118487 0.0688973736419895 0.102333083748817 -0.165414944291115 0.0828693956136703 -0.225484490394592 -0.0275338273495436 -0.0118847629055381
-15.6510467529297 4.37995386123657 36.4395751953125 -0.164646923863118 0.805748577812858 -0.568911785617918 0.979473460479903 0.201563169224324 0.00200724382450945 -0.0965794026851654 -0.123940706253052 0.800077140331268 0.10532046854496 -0.0508059896528721 -0.142406463623047
-15.1519165039062 4.05133724212646 36.2852668762207 -0.270872072710513 0.948629031300901 -0.163497037277819 0.958457981760186 0.250015250720617 -0.137297748005195 -0.119649961590767 0.114587277173996 -0.119635477662086 0.0514346770942211 -0.121074415743351 0.0188315212726593
-14.8143615722656 3.95784759521484 35.9193954467773 -0.0197810465280806 0.896479818448999 0.442642796520968 0.863382013813591 0.238568035876763 -0.444586088942391 0.270528942346573 -0.130218684673309 0.316927224397659 0.421049952507019 -0.366885781288147 0.0798738300800323
-14.5659942626953 4.03735303878784 35.320198059082 0.160653100086309 0.652075808899677 0.74093705595043 0.784251124486861 0.371462017246955 -0.496956882922369 -0.189202204346657 -0.717207252979279 -0.050157468765974 0.524759769439697 -0.351029366254807 0.0842235758900642
-14.462890625 4.33310604095459 34.8556976318359 0.491920267833306 0.250836068957364 0.833724005054925 0.73346755264097 0.396539990300074 -0.552070090944695 -0.168730586767197 0.283921122550964 0.190941959619522 0.152035892009735 -0.0218943972140551 0.173315674066544
-14.3364868164062 4.78994035720825 34.4405632019043 0.547086791436768 -0.201943021262969 0.812351561085843 0.745385603072856 0.559140420097606 -0.362990762065356 0.0281967762857676 0.545146644115448 0.267801344394684 0.40564888715744 -0.203894674777985 -0.176230773329735
-14.2252349853516 5.4143648147583 34.3146553039551 0.586999481962502 -0.754088399508231 0.294588346515725 0.781497411847267 0.432769886758297 -0.449412973100726 0.111557051539421 0.0520323812961578 0.339388877153397 -0.348436564207077 0.602666735649109 0.019895426928997
-13.8647155761719 5.85071897506714 34.3296585083008 0.468856349958106 -0.882879986388912 -0.0263941800000766 0.7941573783394 0.434443683571491 -0.424938518181073 0.0652281865477562 -0.749558389186859 -0.259218364953995 -0.440392017364502 -0.44266876578331 -0.0785777792334557
-13.4769287109375 6.21019983291626 34.4382553100586 0.292932927347988 -0.887294376246712 -0.356228844924575 0.915664807337643 0.3675823959614 -0.162607326964666 0.134228885173798 0.0930036455392838 0.280887126922607 0.230056047439575 -0.239037558436394 0.422203570604324
-13.0511779785156 6.37169408798218 34.7936820983887 0.0643842845590738 -0.566785888127658 -0.821345494247797 0.916166277215325 0.35984323641599 -0.176499851838686 0.165746852755547 0.323295682668686 0.40782418847084 -0.179657980799675 0.118976123631001 -0.145728707313538
-12.4761199951172 7.07691431045532 35.8522644042969 0.410741470694222 -0.0713932636605431 0.908952389377927 0.676167928970298 0.692619272530477 -0.251148313056988 -0.295826256275177 0.134660840034485 -0.113770559430122 0.00306365475989878 0.204499572515488 -0.413509547710419
-12.3699035644531 7.63035583496094 35.6708564758301 0.572145223899312 -0.540828782125714 0.616566355872281 0.790064771895026 0.56520185943654 -0.237369994523189 -0.0947039946913719 0.171771079301834 0.53607589006424 -0.110280029475689 0.17381751537323 0.0479543209075928
-12.1192626953125 8.15907764434814 35.7632331848145 0.448802322817168 -0.886590642661411 0.111953148143056 0.893489599239521 0.442966934170369 -0.0738690143599005 -0.125122904777527 -0.355246752500534 -0.165327459573746 0.444450855255127 -0.530312180519104 0.745482861995697
-11.8472747802734 8.59090328216553 36.0438041687012 0.357943634726997 -0.866413894034921 -0.348142669866351 0.933581312558443 0.325133415494996 0.150712292034238 0.154457002878189 0.189923778176308 -0.365629822015762 -0.302888870239258 0.295209914445877 -0.0216849613934755
-11.4006805419922 8.75253105163574 36.4457473754883 0.209022516841603 -0.532496541225666 -0.820217666864049 0.948177410582332 0.315611028483747 0.036732502784527 0.0297727547585964 -0.0554604604840279 -0.344632387161255 0.0403920225799084 0.320004224777222 0.190833672881126
-10.8315582275391 8.69547462463379 36.73681640625 -0.0784052492168601 -0.1940920993792 -0.977845015252324 0.966417211081276 0.225985690692056 -0.122344765839502 0.200745299458504 -0.269720017910004 0.201025187969208 -0.285862982273102 -0.499526351690292 0.0698912963271141
-10.2919006347656 8.48211097717285 36.8299331665039 -0.289646157948544 0.389179209969963 -0.874439618105677 0.935195038403192 0.309559450181044 -0.171997636465339 -0.823594272136688 -0.102871127426624 0.0131857264786959 -0.41685763001442 -0.161747306585312 -0.248042657971382
-9.82131958007812 8.27689266204834 36.7125129699707 -0.339676786202411 0.8138974951531 -0.471370924324689 0.882126924339621 0.101813536927865 -0.459876171434615 -0.452358335256577 0.138003781437874 0.758465826511383 -0.29662749171257 0.152919217944145 -0.109438017010689
-9.5159912109375 7.89478349685669 36.3591499328613 0.0273324902062256 0.9977885296355 0.0605886549360036 0.851289322904298 0.00853747397932226 -0.524627105902081 0.279259234666824 -0.410168707370758 -0.230401918292046 -0.15251187980175 -0.49986258149147 0.0938438847661018
-9.3363037109375 7.78714561462402 35.7782096862793 0.244148036105899 0.802160728201865 0.544912747691121 0.834841770249948 0.11203054193375 -0.538969735996339 0.240886643528938 0.0579147785902023 -0.120645932853222 -0.082542397081852 -0.200752541422844 -0.441245675086975
-9.24855041503906 8.00515365600586 35.220890045166 0.469221071493752 0.460709378034223 0.753378029317005 0.702417450368222 0.322332090245513 -0.634595736682942 0.34932541847229 0.0320440009236336 0.0257649309933186 -0.168816700577736 -0.357642203569412 0.0243663545697927
-9.23966979980469 8.3898983001709 34.7027130126953 0.659080965799528 -0.0735502774280468 0.748466857790657 0.680156948533955 0.482980448308268 -0.55146750757676 0.448330640792847 -0.726040065288544 0.0345465093851089 -0.608483374118805 -0.188781604170799 -0.35639825463295
-9.21209716796875 8.9517707824707 34.4533958435059 0.715138032049611 -0.355240569068915 0.60198150569914 0.674490014073653 0.576701745547837 -0.460953704396658 -0.197500348091125 0.163796201348305 0.0290080197155476 0.139530718326569 -0.323240846395493 0.23197315633297
-8.99064636230469 9.44888782501221 34.4169464111328 0.623476043086432 -0.780389112802497 0.0476493055208208 0.674736562957009 0.506276106058739 -0.537042898698943 0.291563123464584 0.0350078269839287 0.141859143972397 -0.0978844538331032 -0.187531992793083 0.208538070321083
-8.54226684570312 9.86152172088623 34.4802093505859 0.20185705889033 -0.896658000598475 -0.394028117954659 0.742231856520016 0.402534899532328 -0.535777496564897 -0.245635285973549 -0.397449791431427 0.371740102767944 0.168784558773041 0.199788615107536 -0.271913349628448
-7.99391174316406 10.125584602356 34.6045684814453 -0.191389356482087 -0.702808113222064 -0.685150253750675 0.831411822619439 0.254916796100116 -0.49373252705759 0.0447386428713799 -0.250925183296204 0.0597963109612465 -0.0922062918543816 -0.527966320514679 0.0190613176673651
-7.406982421875 10.0996828079224 34.8219337463379 -0.308362588890748 -0.344900894350493 -0.886541531372798 0.907243879353524 0.173608177364403 -0.383104090460776 -0.152223035693169 -0.164193004369736 -0.336840182542801 0.236978530883789 0.0509680695831776 0.218907788395882
-6.70877075195312 10.0632057189941 36.1021728515625 0.450542075905309 -0.288724249921487 0.844778163393331 0.79520858274368 0.559884267661623 -0.232750761020873 -0.175010696053505 0.209283486008644 0.290235131978989 -0.179258301854134 -0.0622077435255051 -0.130908608436584
-6.55889892578125 10.6018753051758 36.043270111084 0.566164563062511 -0.710819566697099 0.417364626115803 0.812502714609043 0.566572384872874 -0.137240924845321 0.164797708392143 -0.321383029222488 -0.205862477421761 -0.367755800485611 0.323517799377441 0.244786977767944
-6.37248229980469 11.1188745498657 36.2659721374512 0.62109214991924 -0.782378868006426 -0.0461286050697348 0.783546740091355 0.618565814344313 0.0585733678113812 -0.305043876171112 0.0116979870945215 -0.684925615787506 0.144497379660606 0.17084327340126 0.529499232769012
-6.14724731445312 11.5403747558594 36.6673889160156 0.45929948823457 -0.658784698891684 -0.595857953386254 0.864263150967054 0.486358474314764 0.128470387026406 -0.200363546609879 0.010759437456727 0.076064370572567 0.149701371788979 0.164632186293602 0.189264535903931
-5.78648376464844 11.6579351425171 37.0678215026855 0.321133127164965 -0.245645780600799 -0.914621050003921 0.925268652099724 0.287247002915342 0.247723799336507 0.0140908109024167 -0.107665278017521 0.361058264970779 0.437424451112747 0.29894894361496 -0.428775310516357
-5.3021240234375 11.5660619735718 37.3879699707031 0.0918567527825527 0.188551358426059 -0.977758007997855 0.975377561076942 -0.214747416392457 0.0502211160804086 0.0255069434642792 0.0146505972370505 -0.0782904177904129 -0.114879101514816 0.0746835246682167 0.132359072566032
-4.9508056640625 11.0717973709106 37.4820098876953 0.177879982472276 0.715859502930918 -0.675206549064182 0.974068514047752 -0.225579085594825 0.0174529677421223 0.281533777713776 0.261556178331375 -0.957058846950531 0.174877837300301 -0.153266951441765 0.737854838371277
-4.69471740722656 10.7428674697876 37.2935829162598 0.431882129966212 0.860991174021228 -0.268648513998116 0.779409541580016 -0.506163213980504 -0.369214798331481 0.579552531242371 -0.0505820512771606 0.264994323253632 -0.66814786195755 0.246979117393494 -0.397998720407486
-4.50273132324219 10.4004564285278 36.8431625366211 0.598467323716257 0.72848177726014 0.333393405219432 0.80071141622517 -0.53016504515333 -0.27890186952448 -0.352883040904999 0.219867333769798 -0.512787401676178 -0.0815523937344551 0.169358149170876 0.188201919198036
-4.19364929199219 10.2035579681396 36.3649444580078 0.453223278007845 0.486111038591046 0.747184527698318 0.885196719142605 -0.344132844165912 -0.313048485039375 0.249620571732521 0.056903675198555 0.126166716217995 -0.0187586341053247 0.230949401855469 0.407239347696304
-3.9383544921875 10.3034868240356 35.8616638183594 0.393348719073808 -0.0238367558809561 0.919080298054564 0.912681443473171 -0.11041285994665 -0.393473738765536 0.308164864778519 0.311675846576691 -0.543879091739655 0.199347972869873 0.542504787445068 -0.0637553855776787
-3.57664489746094 10.6188516616821 35.5962791442871 0.339716647858006 -0.616811944847585 0.710025086783177 0.937637554974039 0.162968478577267 -0.307045746579425 0.41614231467247 -0.131154462695122 -0.238867253065109 0.0518086329102516 -0.0758030712604523 -0.0623807348310947
-3.26272583007812 11.063817024231 35.561710357666 0.312192374248276 -0.848210148506489 0.427873188493769 0.921990382155188 0.379106408488675 0.0788166623002322 -0.607422530651093 0.266809403896332 0.421665340662003 0.12036669999361 0.28335228562355 -0.0222282465547323
-2.96324157714844 11.4912538528442 35.801097869873 0.280093100591482 -0.94920484133737 -0.143380696688038 0.940643435603585 0.241553300309341 0.238415457060883 0.0515116229653358 -0.00240534753538668 0.245537549257278 0.00202989066019654 -0.0543882474303246 -0.199712961912155
-2.66270446777344 11.6596298217773 36.237865447998 0.35697810328117 -0.639070674181168 -0.681289444494339 0.927734856584083 0.15747487366871 0.338392819134707 0.506137549877167 -0.187331065535545 0.0791377648711205 0.104425549507141 0.304310500621796 -0.437354177236557
-2.28073120117188 11.5850343704224 36.6977615356445 0.264290725004666 -0.251379293000495 -0.93110625802165 0.960414517383731 -0.0195505088254361 0.277887985352446 0.273845314979553 0.088101826608181 0.802769422531128 0.00982803385704756 -0.0854569673538208 -0.118515141308308
-1.92967224121094 11.2507200241089 37.0106773376465 0.243347733296151 0.371720135759997 -0.895882816762435 0.96516905601222 -0.184292736974316 0.185701051195183 0.325836479663849 -0.0180455818772316 -0.0743627101182938 0.0750750303268433 0.0517264008522034 0.124381437897682
-1.59425354003906 10.7350702285767 37.0184631347656 0.299387501849081 0.873631184293521 -0.383582686739726 0.953563640371034 -0.287834314379553 0.0887005706182022 -0.338857144117355 -0.310137689113617 0.12376619130373 0.280607402324677 -0.235056281089783 0.277730017900467
-1.22160339355469 10.3881502151489 36.7521934509277 0.226952823146433 0.971952028694447 0.0616576838894546 0.960787112030897 -0.213090307301269 -0.177427862213291 0.151372462511063 0.103136196732521 -0.0860162079334259 -0.372906982898712 -0.406413793563843 0.237529680132866
-1.01156616210938 10.1747207641602 36.2581329345703 0.383951669932602 0.816140420244585 0.431851744929853 0.836196279555276 -0.108977965397132 -0.537493800071979 0.335895270109177 0.478074222803116 0.0946571603417397 -0.742967486381531 0.22585129737854 0.643638670444489
-0.740478515625 10.2273054122925 35.6400108337402 0.302407785918717 0.307369039987958 0.902260386070795 0.951067604592203 -0.0343365493156723 -0.307069068576341 -0.123107247054577 0.0524024628102779 0.0908180251717567 0.216492667794228 -0.404134899377823 -0.168443143367767
-0.436538696289062 10.6024837493896 35.2783813476562 0.382892776612069 -0.274844207714618 0.881960193605145 0.922541440331834 0.163438631566523 -0.34957846698864 0.118188962340355 0.176031559705734 0.115711070597172 -0.548351883888245 -0.467907518148422 0.230309754610062
-0.169403076171875 11.0760269165039 35.1213340759277 0.41983578521086 -0.660625028581312 0.622344346056362 0.907093362422139 0.328330123452847 -0.263402661116277 -0.608212172985077 -0.15452753007412 -0.00261856219731271 -0.0959494784474373 -0.210894629359245 0.222611531615257
0.168197631835938 11.5036115646362 35.2424011230469 0.292543014097052 -0.955868378153573 -0.0270966519900572 0.934758065447415 0.291826697778187 -0.202643868757198 0.202162057161331 -0.536096692085266 0.0443377494812012 -0.394052743911743 0.138790413737297 -0.296082109212875
0.6566162109375 11.7104301452637 35.4747695922852 0.0830907162779938 -0.805230727919603 -0.587111069289683 0.900878577089816 0.31256856408427 -0.30119542175625 0.017798064276576 -0.0882645770907402 -0.287639737129211 0.208790048956871 -0.0413261391222477 -0.114489838480949
1.132568359375 11.8450107574463 35.6402397155762 -0.143247498286834 -0.524779724929393 -0.839098560681398 0.973207862684423 0.0793828437609938 -0.21578883225421 0.379574090242386 -0.0898776650428772 -0.537206947803497 -0.00671232677996159 0.133521035313606 -0.510780811309814
1.61784362792969 11.6643600463867 35.8821716308594 -0.183520914377664 0.0266729670129516 -0.982653869282929 0.976444145836214 0.120340882103676 -0.179094673725085 0.172088488936424 0.17790561914444 -0.28774705529213 -0.291431933641434 0.289473623037338 -0.271364212036133
2.13897705078125 11.4661207199097 35.9486274719238 -0.247820488314181 0.521748945986915 -0.816310628947868 0.968178072118063 0.103045678294236 -0.228063168562204 -0.138082265853882 -0.148991778492928 -0.286036849021912 0.0977176502346992 -0.115187309682369 0.0914625599980354
2.50445556640625 11.117133140564 35.7216300964355 -0.128929302454053 0.876672829868506 -0.463488925799804 0.96175227213978 -0.00336680392757048 -0.273900039549621 -0.308078795671463 0.0502590052783489 -0.305256813764572 -0.101019598543644 -0.0887769460678101 0.0444179251790047
2.91148376464844 10.9172992706299 35.4152870178223 -0.0950418589278023 0.98323775356599 0.155597445396937 0.967382118661783 0.128094594839945 -0.21854887614955 0.283513426780701 -0.533218443393707 0.215436801314354 -0.328903615474701 0.168159618973732 0.251269787549973
3.15750122070312 10.7634153366089 34.8907623291016 0.126977783660128 0.805969978566562 0.578177339668529 0.808852850580343 0.253258358198023 -0.530676238502249 0.572899103164673 0.404749244451523 0.210486143827438 0.570914030075073 -0.365251183509827 -0.113130368292332
3.26458740234375 10.8755121231079 34.3188514709473 0.307818952163972 0.58657254785498 0.749119575763169 0.655195764037778 0.440231907359954 -0.613933529406213 0.0151663329452276 0.29724845290184 -0.155269727110863 0.147957250475883 -0.185600817203522 0.0128825707361102
3.23872375488281 11.1520681381226 33.8365936279297 0.690438956735971 0.133953989982855 0.710880000836299 0.598024584506817 0.447222356774269 -0.665100563769659 0.150024861097336 0.153693377971649 0.348866939544678 0.153876587748528 0.167901024222374 -0.263763546943665
2.60450744628906 11.052282333374 32.5228462219238 -0.267642550718681 0.655477855850489 -0.70619844628436 0.913398323754537 -0.060705652608419 -0.402515000843183 0.668346524238586 0.372928470373154 -0.251060485839844 0.0216678064316511 -0.283920913934708 0.0052450462244451
2.92428588867188 10.6482343673706 32.2000160217285 -0.212402599026916 0.896264942371723 -0.389351112753031 0.682916620376485 -0.148839821774208 -0.715172424711539 0.218364849686623 0.361791521310806 0.384064227342606 0.0749576762318611 -0.560224890708923 0.141967386007309
3.04011535644531 10.3299913406372 31.6885452270508 0.107597729335107 0.984248589128726 0.140276311043748 0.661674831907416 0.0344144228802778 -0.749000710492394 0.0876361653208733 -0.363784670829773 -0.349596232175827 -0.148291438817978 -0.144726783037186 0.48447859287262
3.04037475585938 10.2582473754883 31.0508918762207 0.552356735544207 0.59621844251576 0.582602442067511 0.739348024832508 -0.0275616193555267 -0.672759136180825 -0.0903554335236549 -0.314335227012634 0.340534746646881 -0.248012736439705 -0.166987672448158 -0.350217312574387
3.16499328613281 10.4684820175171 30.4655532836914 0.60918764395897 0.252309713370296 0.751817945374223 0.74397340496659 0.146420190036252 -0.651969861766759 0.342422753572464 -0.424452722072601 -0.358549833297729 0.544964969158173 -0.194179639220238 -0.449325978755951
3.41473388671875 10.7451028823853 30.0328903198242 0.593485781177277 -0.321408188352583 0.737883055775309 0.804634706876168 0.216011733663527 -0.55308400755218 -0.486004173755646 -0.0117825232446194 0.607721626758575 -0.00980338267982006 -1.0473620891571 0.237900406122208
3.75775146484375 11.2470827102661 29.7668495178223 0.405121542640278 -0.76320162389796 0.503388336146438 0.849915740627569 0.111475622981616 -0.514991669169853 -0.548620343208313 0.189198195934296 0.239898324012756 0.209511980414391 -0.452369004487991 0.110995918512344
4.14254760742188 11.6492643356323 29.77392578125 0.253754785277882 -0.958301430041435 0.131403493595555 0.944206808612762 0.215920480457749 -0.248700319035174 -0.190512225031853 -0.221676751971245 -0.286056816577911 -0.0514483079314232 -0.197296351194382 0.139235720038414
4.61497497558594 11.9499063491821 29.9986209869385 -0.00543716965735667 -0.876745538387179 -0.480923796566872 0.903286450682106 0.202017997245696 -0.378500088246967 -0.613667607307434 0.465501964092255 -0.375656962394714 -0.0156422816216946 0.0604315660893917 0.333470046520233
5.13529968261719 12.0039596557617 30.1850605010986 -0.190801009787062 -0.462162865330092 -0.866025669696988 0.966645052521763 0.0650970574081483 -0.247708933129183 -0.0986848846077919 0.0403823927044868 -0.269853800535202 -0.387819796800613 -0.17150105535984 -0.370675295591354
5.62307739257812 11.7988414764404 30.4539756774902 -0.169627357954283 0.0294023965445575 -0.985069570391293 0.983963561598982 0.0609957805358123 -0.167616300526749 0.275421112775803 0.0834569036960602 0.0228875018656254 -0.380175322294235 -0.0267110113054514 -0.0628013238310814
6.01779174804688 11.3798246383667 30.4519195556641 -0.0817471120839685 0.537774047469424 -0.839116489847676 0.932902249502315 -0.254994718806712 -0.25430510465621 -0.437167972326279 0.313776552677155 -0.0623653456568718 0.481177479028702 0.741770625114441 0.0664833784103394
6.34381103515625 10.9139432907104 30.3087863922119 0.114740007418353 0.889315196990781 -0.442666026592153 0.920011693576763 -0.263218072209041 -0.290335547504215 0.355732887983322 0.244069769978523 0.218386009335518 -0.303872883319855 0.0415827557444572 -0.236535355448723
6.56146240234375 10.5406770706177 29.9815483093262 0.264531757259759 0.963768949110111 0.0342397741268319 0.853445267906739 -0.21742264336563 -0.473665038650201 0.296762466430664 0.226072028279305 -0.649114370346069 0.352401554584503 0.249895378947258 -0.456658393144608
6.70330810546875 10.3352460861206 29.3896980285645 0.402091829890967 0.785533942604241 0.470381319092894 0.80013097470529 -0.0517233400161259 -0.597591097168239 -0.178747817873955 -0.162189826369286 0.133075013756752 -0.27068880200386 0.24531763792038 -0.45624241232872
6.87026977539062 10.3662662506104 28.7989597320557 0.443611649300462 0.394562497231961 0.804691953720803 0.889031923280772 -0.0802518908776549 -0.450757000387406 0.215485781431198 0.144200205802917 0.23174948990345 0.174894511699677 -0.134799778461456 -0.13230787217617
6.4945068359375 10.3932456970215 27.3767604827881 -0.502856305217962 0.122786041198499 -0.855604537382394 0.863942908665447 0.040282695921399 -0.501976050201592 0.344688266515732 -0.521268665790558 -0.304153352975845 0.643734753131866 -0.0391488038003445 -0.162700191140175
6.9132080078125 10.010591506958 27.2882270812988 -0.387707370934509 0.69461019359008 -0.605970026885656 0.757631403097667 -0.134321095771937 -0.638711593969365 0.0388125404715538 0.29365211725235 -0.0772879645228386 -0.0499036721885204 0.13807338476181 0.442612648010254
7.01669311523438 9.57609367370605 26.892520904541 -0.0219632785748717 0.965204734467939 -0.260571362499637 0.478874767624728 -0.218633397010815 -0.850222555948661 0.392797768115997 0.275153905153275 0.370164334774017 0.0346661917865276 0.108274087309837 -0.494947612285614
6.95208740234375 9.33027935028076 26.3646717071533 0.515198484571337 0.839821319478334 0.171086740705024 0.547016334294642 -0.168528535462958 -0.819982477099092 0.595620691776276 0.400966286659241 -0.0674131065607071 0.501883208751678 -0.148248434066772 0.348013132810593
6.98593139648438 9.34313583374023 25.8140258789062 0.687869678554312 0.469717015495998 0.553354525308251 0.653481274330984 -0.0689658528343624 -0.753794358722313 0.461809754371643 0.240519925951958 -0.152637556195259 -0.0949290692806244 0.088762640953064 -0.170340359210968
7.00271606445312 9.59242725372314 25.3396530151367 0.804631216460559 -0.100122265492632 0.585272703489428 0.591734304938953 0.053563025867676 -0.80435161131082 -0.0637348294258118 -0.495436608791351 0.362833261489868 0.446937948465347 -0.145716860890388 -0.191849082708359
7.1331787109375 10.0763368606567 25.0191192626953 0.715381026905385 -0.568096799502974 0.40681201154621 0.669219787886732 0.389635958048965 -0.632715335436168 0.300067126750946 -0.32294562458992 0.259926795959473 0.0246454477310181 -0.127740949392319 -0.332409918308258
7.48843383789062 10.5400037765503 24.809606552124 0.287451719413585 -0.957604427029062 -0.0191120469996028 0.663710422257457 0.213538470380737 -0.716861072352435 0.257345378398895 0.089313693344593 -0.0347899347543716 0.291552186012268 0.978153705596924 0.0186135862022638
7.95465087890625 10.8175954818726 24.7662010192871 -0.0503569116830245 -0.944594452485959 -0.324353976048543 0.799427555949126 0.15654466085253 -0.580008061967912 -0.566643238067627 -0.436151295900345 0.244160249829292 0.147833049297333 0.0739326253533363 -0.0326352305710316
8.43655395507812 10.9167671203613 24.9791469573975 -0.216839422237159 -0.620538827586361 -0.753599514610777 0.972819016729369 -0.0730963692057709 -0.219727288925699 0.340704321861267 0.237515613436699 -0.219910770654678 0.625640332698822 -0.207256987690926 -0.41874560713768
8.9305419921875 10.6756772994995 25.2142944335938 -0.219217975272199 -0.0410539532519378 -0.974811803498473 0.97432785432794 -0.0617140218575063 -0.216510073176479 0.0913129076361656 -0.0880713760852814 0.593956291675568 0.358541399240494 0.24176336824894 -0.162520989775658
9.39163208007812 10.3336477279663 25.2016716003418 -0.28265722634727 0.554204174738581 -0.782919296668562 0.954544385434498 0.0820144948837628 -0.286563498834792 0.282139331102371 0.029359009116888 -0.137421771883965 0.412927985191345 0.0283342227339745 -0.0300846733152866
9.83807373046875 9.94619369506836 24.9371509552002 -0.23780830424056 0.875804035192264 -0.420017264377521 0.913633558496422 0.0548986105315238 -0.402814924439094 0.097903810441494 -0.00803829915821552 0.323186814785004 0.700931787490845 0.13296189904213 -0.260047644376755
10.188720703125 9.64053821563721 24.4955673217773 -0.133331776363939 0.987922776230432 0.0789381125743003 0.8305225364422 0.154839332486367 -0.535029996894371 0.294591397047043 0.114259049296379 0.00592358782887459 0.377096474170685 -0.00942677725106478 0.413047641515732
10.4779663085938 9.50793170928955 23.9503154754639 0.0572559150240625 0.898176871137121 0.435889972755843 0.781143444083413 0.231590009703012 -0.579811165097105 0.282782465219498 -0.594638884067535 0.157360196113586 -0.241774559020996 0.531513214111328 0.290991485118866
10.5382385253906 9.58849906921387 23.3634281158447 0.318573519681635 0.674515840259293 0.665987457687422 0.57699279017859 0.419443849423587 -0.700818219842099 -0.373265415430069 -0.043795108795166 0.0329721719026566 -0.0447002127766609 -0.418290466070175 0.0986302942037582
10.3833618164062 9.9708251953125 22.9610748291016 0.782471894128627 0.229646476326271 0.578792044528678 0.370956090198888 0.574648864092602 -0.729500008321752 -0.0091761015355587 0.206995099782944 -0.304416447877884 -0.213311150670052 -0.357415854930878 -0.599579870700836
9.45986938476562 10.676064491272 21.8818550109863 -0.428590003338666 0.641666636179475 -0.636061739968912 0.903245707717427 0.287628226015363 -0.318460664901178 -0.45857971906662 -0.30532693862915 -0.208109498023987 0.138049080967903 -0.397913485765457 0.277014464139938
9.91958618164062 10.4139099121094 21.5481605529785 -0.471863936075229 0.865599651135247 -0.167575862779013 0.638232898367409 0.204221369677174 -0.742261678661047 -0.325232774019241 -0.529062867164612 0.0180311724543571 0.194142282009125 0.146202832460403 -0.0706452578306198
10.0046997070312 10.2113122940063 21.0021018981934 0.0124131666772983 0.966870227648827 0.25496642167028 0.503867145074149 0.214198081445216 -0.836801698145991 -0.499204009771347 -0.296856820583344 -0.0980006605386734 -0.466589063405991 0.312579095363617 -0.328778356313705
10.0063171386719 10.194483757019 20.413179397583 0.391705923050398 0.675603671888355 0.624600791208439 0.548691045899834 0.373408298275036 -0.748000253294535 -0.1751449406147 -0.545502722263336 -0.00504306424409151 -0.170593798160553 0.1146175339818 -0.144007995724678
9.8734130859375 10.4570951461792 19.9143333435059 0.726413522521556 0.336027585227058 0.599507177825501 0.485596885149024 0.366333565441875 -0.793722485484825 0.163114041090012 0.0736888945102692 -0.155755087733269 0.215465947985649 0.354666858911514 -0.0488320775330067
9.74716186523438 10.8599967956543 19.5737323760986 0.899148462245869 -0.0577049631568131 0.433822751902155 0.343531615042349 0.707202241099733 -0.617940951588345 0.0102830119431019 0.178592830896378 -0.207611620426178 -0.0905248150229454 0.410642743110657 0.0836947411298752
9.73550415039062 11.4078454971313 19.4299392700195 0.82087247087736 -0.567880694395677 0.0606622080737352 0.507211618828244 0.676083020679822 -0.53446059057154 0.0738021656870842 0.0603728853166103 0.505111932754517 -0.0607745535671711 -0.406190812587738 -0.187236025929451
9.86050415039062 11.9834985733032 19.5429553985596 0.64619193856472 -0.710611980762484 -0.278328207932269 0.634223931955858 0.702874353703647 -0.32206776777587 0.306408524513245 0.311473041772842 0.385459780693054 0.275915503501892 0.389164477586746 0.265088111162186
10.1821899414062 12.339864730835 19.7316856384277 0.203976786802007 -0.543757026695237 -0.814077248401823 0.698046359260345 0.66381255784048 -0.268484950000287 -0.0361483618617058 0.0640940740704536 0.0824027955532074 0.114262886345387 0.169234678149223 0.193871706724167
10.6951904296875 12.5565185546875 19.8758430480957 -0.189256622198944 -0.139012464106721 -0.972037790302838 0.654687489310815 0.719922530256474 -0.230425349666692 0.857983112335205 0.0247230362147093 -0.164629071950912 0.382079362869263 -0.417511790990829 0.18660181760788
11.2846374511719 12.7171192169189 19.93528175354 -0.588797175195092 0.159334098868489 -0.79242067831427 0.7388373775755 0.503661377787908 -0.44771033718482 0.154018133878708 0.36730545759201 -0.0303964465856552 -0.456658631563187 0.581572294235229 -0.0695243179798126
11.8104248046875 12.6328277587891 19.6744747161865 -0.685343854950148 0.520115883185653 -0.509689384370598 0.712077173116585 0.332090295726659 -0.618596908342155 -0.156592354178429 -0.173148989677429 -0.047699011862278 -0.451874285936356 0.394144654273987 -0.484591424465179
12.2148742675781 12.3918285369873 19.2987403869629 -0.614162799507805 0.756959397329818 -0.223196161469714 0.611071876168795 0.277169103691101 -0.741463721374566 -0.45779749751091 -0.0785870924592018 -0.423012971878052 -0.167877689003944 -0.0812949538230896 0.00537253124639392
12.3497009277344 12.2631969451904 18.7636642456055 -0.190399449556746 0.937352332697594 0.291751013699811 0.62500519607069 0.34491801823381 -0.700285702825854 -0.0542058572173119 -0.309936761856079 0.54556930065155 0.0693406611680984 0.61202073097229 -0.291515648365021
12.327392578125 12.2861995697021 18.2160663604736 0.182679738567245 0.862472144207974 0.47198507771147 0.412453287697354 0.368549172215745 -0.833098909570006 -0.104628309607506 -0.0378254242241383 0.115519687533379 0.155858427286148 -0.199277490377426 -0.122427508234978
12.0908203125 11.7045555114746 16.6527996063232 -0.0451412758356131 -0.0143679755708165 -0.998877283000234 0.83107665591667 0.554291005097945 -0.0455310186342813 0.202226176857948 -0.544663906097412 0.06092244759202 -0.322486162185669 -0.538243353366852 0.136757329106331
12.5977783203125 11.6868276596069 16.7648544311523 -0.329696512278349 0.49521207856933 -0.803781815563488 0.870122060904221 0.48973750258232 -0.0551795042767107 -0.158025220036507 -0.198324948549271 -0.0653408914804459 0.243642166256905 -0.337797433137894 -0.212598100304604
13.0833129882812 11.5338525772095 16.6707324981689 -0.381542674460474 0.852272461014389 -0.357850303565646 0.923902607260341 0.339560149080051 -0.17636007896992 0.30214250087738 -0.025342496111989 0.0258679129183292 0.286167979240417 0.293788343667984 -0.634890675544739
13.5111694335938 11.3410024642944 16.3046913146973 -0.248253541289594 0.967253360111557 0.0528310192034793 0.838529722959538 0.241882077494554 -0.488222248878847 0.189384907484055 0.351373881101608 -0.0236389990895987 -0.0299663655459881 -0.0622366406023502 0.252764731645584
13.6922607421875 11.2648525238037 15.7710037231445 -0.030553208555037 0.957919915732244 0.285404864167595 0.55462438348014 0.253794880159398 -0.792451861032676 -0.929930090904236 0.500139832496643 0.405398070812225 0.145680800080299 0.0582260191440582 -0.0397747308015823
13.7471923828125 11.3595237731934 15.1264657974243 0.186993182364147 0.698565262430134 0.690680913211917 0.630646353790392 0.453709977713148 -0.629628805388079 -0.0345883220434189 -0.191277518868446 -0.271912604570389 -0.127037644386292 -0.0393937490880489 0.133936554193497
13.6731872558594 11.4953851699829 14.6280946731567 0.565710672363527 0.501036915987136 0.65493010618852 0.26104494097816 0.644572836362374 -0.718596825357219 -0.115197479724884 -0.320304125547409 0.0800199508666992 0.092290848493576 0.101366385817528 -0.500530421733856
13.3506164550781 11.9066677093506 14.3053722381592 0.876992280889591 0.243409251100663 0.414290327836273 0.110969542107226 0.736292278865467 -0.66750239011378 0.161153003573418 -0.404123067855835 -0.021381726488471 -0.13684917986393 -0.276102840900421 -0.355644583702087
13.0671081542969 12.3895626068115 14.1571226119995 0.963635406050625 -0.248921835178929 -0.0971839707812052 0.135130299032666 0.767686556034286 -0.626416118859947 0.0604357235133648 -0.357634902000427 -0.201768636703491 0.0842435136437416 0.784544229507446 0.0242836493998766
12.563232421875 12.5765085220337 13.1536245346069 -0.159766597766489 0.955141362055727 -0.24935840216133 0.808904589609697 0.271458698271204 0.521520411912392 0.0934986397624016 -0.0460629649460316 0.213101908564568 0.0909221842885017 0.644772112369537 0.0444963872432709
13.0762023925781 12.4661569595337 13.1115684509277 -0.382223868001002 0.909797899398982 0.161779779266608 0.888147171949837 0.313351717238087 0.336162612825175 -0.176093339920044 -0.0579531788825989 -0.0745420753955841 -0.187065064907074 -0.218802630901337 -0.0871098786592484
13.5740661621094 12.499439239502 12.8791427612305 -0.280817047952608 0.481970960204148 0.829967336163944 0.959760523545994 0.142131965798631 0.242194636069702 0.476952373981476 0.115782044827938 0.250607579946518 0.523662209510803 -0.0878979042172432 0.366178274154663
14.7248229980469 11.5403261184692 12.3165426254272 0.601445931702597 -0.781083910327312 -0.167841342541669 -0.600774248989914 -0.580671309053062 0.549446205367922 -0.373816132545471 0.164804518222809 -0.0775984674692154 0.0972497165203094 0.00255104759708047 0.198358833789825
14.1897583007812 11.2972145080566 12.3407125473022 0.870518353695057 -0.459852703907555 0.175309117244252 -0.491624556077933 -0.796333429907945 0.352361127640696 0.0465267337858677 -0.557690560817719 -0.239687740802765 0.374286711215973 0.464201927185059 0.0139196813106537
13.8283996582031 10.9289207458496 12.1124792098999 0.715404649733359 -0.198283513566351 0.669984951612849 -0.500165580227398 -0.814887049068195 0.292905257065693 0.421311527490616 -0.222477406263351 0.250414431095123 0.047063373029232 -0.178898468613625 -0.10771681368351
13.6641235351562 10.4281854629517 11.8841991424561 0.261144222333477 0.154385909031408 0.95287390888532 -0.709970352503268 -0.638092956129296 0.297958852703795 0.198965847492218 0.301030367612839 -0.391907006502151 -0.209947541356087 -0.0889649465680122 0.585143506526947
13.4704895019531 9.84166526794434 11.8681364059448 -0.0316016878758351 0.603156382780252 0.796996682072668 -0.679304226432545 -0.597884010381808 0.425535519176305 0.347837746143341 -0.0465595498681068 -0.153914600610733 -0.0651590302586555 -0.182390809059143 0.384041249752045
13.4802551269531 9.27617168426514 11.9441347122192 -0.318378567048344 0.639450412522154 0.699813016433311 -0.650977602646821 -0.684119937184954 0.328949954245706 0.0270635690540075 0.13638000190258 0.637652099132538 0.204051524400711 0.391349971294403 -0.20990514755249
13.4312133789062 8.73590850830078 12.2248477935791 -0.609003288460649 0.768079052032809 0.197913022493462 -0.604309934111925 -0.610935426097574 0.51143661256564 0.307549923658371 0.390285015106201 0.172341421246529 -0.429319798946381 -0.0191081762313843 0.20116876065731
13.4826049804688 8.46630001068115 12.7721614837646 -0.763802702284963 0.599176659486536 -0.239984921836235 -0.551861669877581 -0.413406251101563 0.72425407756538 -0.293288618326187 -0.108593180775642 -0.173741295933723 -0.1801927536726 -0.317727595567703 0.224591016769409
13.4784545898438 8.47642707824707 13.3375635147095 -0.833830220674257 0.217307468988629 -0.507449137364599 -0.552019883864075 -0.330075746420844 0.765717996029489 0.734903693199158 0.0913725048303604 0.115787230432034 -0.273765057325363 -0.0877167731523514 -0.194355741143227
13.2842407226562 8.58954811096191 13.8083553314209 -0.559609731142125 -0.298631301317271 -0.773082333703591 -0.718983861673761 -0.289007519522205 0.632089281915385 -0.0689679607748985 0.222103700041771 -0.287651717662811 -0.410377115011215 0.372335225343704 0.317082971334457
12.8786315917969 8.79267024993896 14.1198987960815 -0.205388942935197 -0.860202397720478 -0.466762484649208 -0.654372123151552 -0.233940788600989 0.719074983482861 0.195403039455414 0.893258690834045 -0.105200618505478 -0.0469172783195972 -0.136061251163483 -0.29266619682312
12.3362121582031 9.0204553604126 14.3284721374512 0.0697773341691952 -0.983456555508159 -0.167165567819057 -0.801093563466093 -0.155101491743181 0.578093962805561 -0.0972480922937393 0.200540155172348 0.282733082771301 -0.367678284645081 -0.134924933314323 -0.197118356823921
11.7721252441406 9.10380554199219 14.2300357818604 0.31631260596885 -0.913567402412068 0.2556187327941 -0.932603650971522 -0.250101299096604 0.260191795383287 -0.0564646758139133 -0.443498313426971 -0.699815452098846 0.0640287175774574 0.0418603718280792 -0.260854423046112
11.1973571777344 8.97473049163818 14.0253133773804 0.423893598401759 -0.715074017079789 0.555862723459112 -0.904205316450217 -0.369499629555815 0.214202636448011 0.0226589925587177 0.760183095932007 -0.275742441415787 -0.0208161268383265 0.556113481521606 0.121968820691109
10.7686767578125 8.6999454498291 13.7758989334106 0.296885986435909 -0.336920043729528 0.893500752764804 -0.910193621770303 -0.382831360751472 0.158075045828984 0.553401350975037 0.200366079807281 0.442043989896774 -0.141063466668129 0.0652529373764992 -0.24670447409153
10.3192138671875 8.26749134063721 13.5998630523682 0.313871957414899 0.339805536670173 0.88657576754434 -0.866688964777181 -0.278779124572559 0.413681565985259 -0.164484724402428 -0.0457634441554546 -0.145077750086784 -0.0996020212769508 -0.330007582902908 -0.575771868228912
10.0550842285156 7.77588939666748 13.7557058334351 0.0633365091954503 0.770554845645038 0.634218981469245 -0.67531537667904 -0.434812945692463 0.595723798650927 0.082082599401474 0.163235947489738 -0.405571430921555 -0.466279178857803 0.0747790485620499 0.0563735887408257
9.29638671875 6.7184271812439 13.181321144104 -0.118428304359228 -0.941585274213412 -0.315264822190887 -0.986930880605404 0.076676189695624 0.141732843198753 -0.162034928798676 0.199980735778809 -0.246291160583496 -0.145888343453407 0.199442401528358 0.300316095352173
8.8345947265625 6.97986268997192 12.9525623321533 0.0312244433821844 -0.960846403330955 0.275316587479651 -0.994969274226852 -0.00364707278582303 0.100114145876526 -0.128323376178741 -0.232755437493324 -0.360954999923706 0.262986809015274 -0.170865640044212 0.331078678369522
8.38955688476562 6.92252445220947 12.5869750976562 0.0998207575011947 -0.712184183573788 0.694859341909731 -0.880697640541863 -0.388226580336594 -0.271388629577862 0.0910477116703987 0.103229500353336 0.264999240636826 0.336600333452225 -0.356709361076355 -0.0853941068053246
8.10726928710938 6.59438943862915 12.1992416381836 -0.0773656500159997 -0.104132292429477 0.991549808063611 -0.838108149541339 -0.531858449212953 -0.121248998648175 -0.267254292964935 -0.0608110763132572 0.145932123064995 -0.379546046257019 0.393047004938126 0.257797032594681
8.06668090820312 6.05955410003662 12.0436544418335 -0.491757615746045 0.414807391437639 0.765577739595703 -0.619377346101413 -0.784619452783742 0.0272766832608475 -0.243760228157043 -0.32940486073494 0.133508056402206 0.103436537086964 -0.0549642518162727 0.174180492758751
8.0252685546875 5.48122882843018 12.159140586853 -0.697613250387509 0.632370831428323 0.336812832953892 -0.669200222806435 -0.743027816606909 0.00898473951689947 -0.158559262752533 0.26346093416214 0.164382562041283 0.410725712776184 -0.337207555770874 -0.155296146869659
7.95468139648438 5.0195426940918 12.4805068969727 -0.686312800987643 0.71951990251525 -0.106140704185251 -0.715950646796395 -0.642676115635748 0.272730786203486 -0.361719012260437 -0.295885175466537 0.306086421012878 0.155092120170593 -0.224595874547958 0.48567721247673
7.89669799804688 4.73385620117188 12.9271593093872 -0.771718383969418 0.493779297634601 -0.400790145925658 -0.635952221547922 -0.603073066966462 0.481526372910069 0.413637578487396 0.244484007358551 0.0394750237464905 0.235195130109787 -0.355067640542984 -0.0290704555809498
7.76138305664062 4.62133121490479 13.4848718643188 -0.640414111176146 0.111457029613036 -0.759899399102477 -0.762539871051792 -0.210362094087718 0.611784875938713 -0.322076678276062 0.0111495610326529 0.0926607176661491 -0.0244814492762089 0.769202649593353 -0.529508709907532
7.45208740234375 4.88719749450684 13.897608757019 -0.466113430370582 -0.514017120094254 -0.720086571377482 -0.788462716507395 -0.127863279483921 0.601645681807321 -0.454099118709564 -0.313544511795044 0.0949429050087929 0.13070522248745 -0.178763672709465 -0.382467180490494
7.05047607421875 5.21863603591919 14.1326932907104 -0.137079099177262 -0.932711884247499 -0.333553386360011 -0.75767771474148 -0.118178064621742 0.641839875378889 0.580032229423523 0.0178180523216724 -0.287050753831863 0.171784549951553 0.0706373453140259 0.570904970169067
6.56988525390625 5.43192195892334 14.1125640869141 0.0395742240255233 -0.994944874722407 0.0922961378194788 -0.926865006907996 -0.00204331532302817 0.375389243095657 0.260637253522873 -0.232529014348984 -0.26628777384758 -0.10923083126545 0.036553617566824 -0.169863566756248
6.04364013671875 5.47719717025757 13.9981479644775 0.335612517872906 -0.767734836314519 0.545845636564154 -0.930763365562578 -0.181029185993468 0.317660181869187 -0.304818153381348 0.0316320694983006 -0.187000051140785 0.332634061574936 0.0496351197361946 -0.075881190598011
5.54061889648438 5.33376407623291 13.752251625061 0.383753619548582 -0.40208216914443 0.831302044229095 -0.868487395108762 -0.463052821579985 0.176951205036901 -0.415360271930695 0.0238972399383783 -0.455658882856369 0.296508938074112 -0.26386159658432 -0.0890304818749428
5.25352478027344 4.89093160629272 13.5686292648315 0.147254319644049 0.166881341497597 0.974918859806359 -0.764518076841952 -0.606174454033776 0.219236496639445 -0.609995901584625 0.0282844230532646 -0.347719758749008 0.333490878343582 0.296980023384094 0.12209190428257
5.11933898925781 4.35044717788696 13.5802736282349 -0.144180869606392 0.575547577343557 0.804957677802695 -0.732891533958098 -0.608681064372825 0.303936442906262 -0.752234041690826 0.157119527459145 -0.432832956314087 0.402548491954803 0.419930428266525 0.0738714635372162
5.09062194824219 3.84848546981812 13.7670278549194 -0.570279432741965 0.691869148232456 0.44283004676241 -0.540058504739826 -0.721983905678942 0.432522891184692 0.161658957600594 0.212060213088989 -0.344387918710709 -0.634362518787384 0.383264183998108 -0.175977453589439
5.18180847167969 3.44192433357239 14.2152862548828 -0.821016695600963 0.568997985404396 -0.0466141410970239 -0.530600697128973 -0.730374592517144 0.430134693801446 0.069165475666523 0.195481956005096 -0.462660372257233 0.143285945057869 0.00653828168287873 0.325944632291794
5.21115112304688 3.2506959438324 14.7156744003296 -0.882279028586236 0.223668816221175 -0.414193163110097 -0.465625243291727 -0.543869177403583 0.698139993611503 -0.0779080390930176 0.153307229280472 -0.337988495826721 -0.0683712512254715 0.052161980420351 -0.400005280971527
5.08961486816406 3.36372590065002 15.269814491272 -0.705619935017434 -0.229323150547433 -0.67045611335045 -0.625477342469696 -0.243058526588439 0.741417997292825 0.639051795005798 -0.114162564277649 0.372386902570724 -0.214846611022949 0.31895586848259 -0.612000048160553
4.85113525390625 3.62068653106689 15.7548236846924 -0.492676559492798 -0.674421068744168 -0.549932750216164 -0.499512579444804 -0.298298159987776 0.813329816694498 0.201644271612167 -0.196012333035469 -0.199672654271126 0.196282461285591 0.0788451060652733 -0.0932269096374512
4.36344909667969 3.89898371696472 16.0084934234619 0.0128787443951878 -0.977270557622848 -0.211604336312683 -0.678467059211752 -0.163993577541101 0.716092561118902 -0.0306930653750896 -0.0278987921774387 -0.494664549827576 -0.194465801119804 0.308635294437408 -0.365985602140427
3.79252624511719 3.97235894203186 16.1727828979492 0.442960300070453 -0.892989634650814 0.0797225499322461 -0.779812558165312 -0.339886562392761 0.525708568346098 0.0755243897438049 -0.0157564077526331 0.393818348646164 -0.138290882110596 0.334548562765121 -0.0497100166976452
3.216796875 3.92807626724243 16.094274520874 0.627642485504404 -0.657965429402765 0.416108644587791 -0.773660813263166 -0.467651378014711 0.427494017106578 -0.614206790924072 -0.145834743976593 -0.387796700000763 0.0588437654078007 0.0191371235996485 0.299657940864563
2.77476501464844 3.60462260246277 15.9696922302246 0.505460022596152 -0.314617893355188 0.803446169159976 -0.842300563894369 -0.38192233178814 0.380348646040363 0.373168170452118 -0.0375602319836617 -0.321837872266769 -0.654781818389893 0.0837115049362183 -0.159688174724579
2.45744323730469 3.20138812065125 15.9863758087158 0.442571159686739 0.267839771242073 0.855799407311391 -0.638053690011212 -0.576523434408768 0.510400057053872 -0.0129139143973589 0.495623975992203 -0.0448610410094261 0.0133150229230523 -0.574297487735748 0.0882751494646072
2.47026062011719 2.62239503860474 16.1020793914795 -0.0847135694235241 0.653553029283915 0.752125022233235 -0.406208458580924 -0.71191598601497 0.572861516453709 -0.169615343213081 -0.011943019926548 -0.0869212597608566 -0.0729459747672081 0.215617477893829 -0.0489602349698544
2.66554260253906 2.13257384300232 16.3579635620117 -0.624147364813682 0.618503560608983 0.477381830938449 -0.177719524121463 -0.707376194863277 0.684130608646325 0.338319182395935 -0.393989682197571 -0.130607083439827 0.958968579769135 0.394470155239105 0.633605599403381
2.89326477050781 1.79720830917358 16.7818737030029 -0.867103608987368 0.484526342323851 0.115609493015724 -0.294270747418686 -0.68551822902081 0.665935045551606 0.487444907426834 0.669825613498688 -0.171303361654282 0.160631120204926 0.19034668803215 0.130340561270714
3.00465393066406 1.7110390663147 17.3509712219238 -0.936587970134716 0.140025259604345 -0.321241188006251 -0.34752140542498 -0.489046014728786 0.800039291690939 -0.100535288453102 -0.355729669332504 0.6090087890625 0.0178286377340555 0.0340329296886921 -0.0339787974953651
2.97727966308594 1.7777693271637 17.8705406188965 -0.772164546873266 -0.395974374773926 -0.496956946902247 -0.413132999766934 -0.28136820283632 0.8661137678944 -0.0438197962939739 0.321447223424911 0.249332994222641 -0.267133474349976 0.00069577619433403 -0.55347615480423
2.67840576171875 2.03128957748413 18.310941696167 -0.351698571866165 -0.849982103774736 -0.392222561576936 -0.646763187245714 -0.0822760615293486 0.758240086861005 -0.267062097787857 -0.235342398285866 -0.697663486003876 0.190762013196945 0.153949156403542 0.0338239930570126
2.12007141113281 2.23615121841431 18.597713470459 0.126095432104742 -0.962675035353139 -0.239492626838805 -0.514783772147808 -0.269868823643855 0.813737356865442 0.426728099584579 0.187483251094818 0.255888044834137 0.0225851964205503 -0.412678509950638 0.332319289445877
1.54582214355469 3.27626013755798 19.3716621398926 -0.557694904219097 0.823530775054542 -0.103795261674697 -0.788278277548552 -0.486307042935607 0.376991799826354 0.0609880238771439 -0.0904191359877586 0.0785079970955849 -0.524282991886139 -0.342771232128143 -0.19530314207077
1.3096923828125 3.09112572669983 19.8404903411865 -0.538294798126258 0.531936776768784 -0.653668093018963 -0.820478772535807 -0.15362274154987 0.550649286839489 -0.239099889993668 0.267998844385147 -0.0348712913691998 -0.617404937744141 0.363942563533783 0.0789729803800583
1.21136474609375 3.24052500724792 20.3972930908203 -0.645932913442036 0.148331572314161 -0.748844720878161 -0.743548258109239 0.0999719974307909 0.661166837940632 0.336913973093033 0.742913484573364 0.283696562051773 0.230938330292702 0.544937789440155 0.816576838493347
0.981796264648438 3.58525609970093 20.8357543945312 -0.623010459454179 -0.569992942986197 -0.535692087263408 -0.740743340169363 0.209887201861815 0.638158809771794 0.230018198490143 0.272784739732742 0.244737014174461 0.0991019606590271 0.39300861954689 -0.258179008960724
0.61199951171875 4.08487510681152 20.9738101959229 -0.335328769685241 -0.903466095412553 -0.267027396836688 -0.870791273793424 0.189062475929846 0.453847923516789 -0.270401537418365 0.264076262712479 -0.567934155464172 0.0290280766785145 -0.208947688341141 -0.338145673274994
0.0978546142578125 4.45310068130493 20.9233131408691 0.0429076410352985 -0.950032384683261 0.309188296016882 -0.920318509804117 0.0828523222228741 0.382294824990093 0.0945596471428871 -0.144288271665573 0.544265151023865 0.166134789586067 0.337775379419327 0.0916761979460716
-0.466934204101562 4.5549693107605 20.7721214294434 0.270662915685459 -0.766527963107138 0.582388588356149 -0.943835028918974 -0.0921994465344535 0.317292767399857 0.127526074647903 -0.0943911597132683 0.265254437923431 -0.203250408172607 0.458810865879059 -0.285746872425079
-1.06205749511719 4.38322830200195 20.6151599884033 0.43809611025633 -0.314340186170097 0.842176968063615 -0.89802296325474 -0.195073404357146 0.394336308726053 0.281053811311722 0.197234034538269 0.631094753742218 -0.751567900180817 -0.0609559081494808 -0.385012835264206
-1.4644775390625 4.0249228477478 20.5431079864502 0.36880732547419 0.207111759492765 0.906137890034616 -0.782299902587099 -0.457314765697318 0.422930334082841 -0.156130507588387 -0.0212739054113626 0.202472493052483 -0.049354899674654 0.0440927222371101 0.0231118127703667
-1.75187683105469 3.46555089950562 20.6081447601318 0.0952703084530259 0.614839698021729 0.782876563746683 -0.640941619259778 -0.563855390557118 0.5208271683009 0.0353131629526615 0.0363894067704678 -0.262754678726196 -0.00464795855805278 -0.213738918304443 0.488123774528503
-1.75942993164062 2.89627623558044 20.8218517303467 -0.23279713480499 0.81025751046457 0.537855241456606 -0.479260142152384 -0.576813273185106 0.661510516939497 0.690598607063293 0.00193483335897326 -0.228936731815338 0.351958602666855 0.316376090049744 0.124400816857815
-1.58566284179688 2.4573221206665 21.242338180542 -0.552608368857807 0.806018259848714 0.212034326133209 -0.505649557007987 -0.526473531368066 0.683479440997653 -0.310701459646225 0.408698052167892 -0.118466071784496 0.271533995866776 -0.705310165882111 0.10711095482111
-1.59968566894531 2.14405679702759 21.7566604614258 -0.786626618947122 0.457811153840388 -0.414279506834639 -0.614061804654771 -0.650066058136552 0.447596045696263 -0.401604354381561 0.801409125328064 0.284693270921707 -0.0904986634850502 -0.241598844528198 -0.183061674237251
-1.74081420898438 2.02360653877258 22.3261547088623 -0.707348044215869 0.0823228685717214 -0.702055332330799 -0.623322067862836 -0.541035680268275 0.564579482793913 -0.184461057186127 0.201958268880844 0.277278304100037 -0.281228125095367 -0.0346694625914097 -0.492589205503464
-2.01753234863281 2.09249663352966 22.7915210723877 -0.458907285311729 -0.286867356547292 -0.84089905650761 -0.772337718412784 -0.339053083925756 0.537156825328851 0.0612908862531185 0.00612166104838252 0.115385971963406 0.450894296169281 0.421222329139709 0.516293108463287
-2.39404296875 2.31670045852661 23.1097354888916 -0.207842191533211 -0.781067604540788 -0.588842101548103 -0.767322405276394 -0.243155749711819 0.593373076354947 -0.024430425837636 -0.444351315498352 0.357654213905334 -0.290042877197266 0.188174083828926 0.314122229814529
-2.66159057617188 3.27086162567139 24.1929569244385 -0.372517915145631 0.8918833477852 0.256465391113533 -0.699104756456236 -0.451443304242776 0.554483076887502 -0.114236742258072 -0.00131884356960654 0.541117787361145 -0.132891952991486 -0.0441888198256493 -0.108587950468063
-2.66067504882812 2.94706892967224 24.6789417266846 -0.645116773987755 0.727421225264179 -0.233843342763469 -0.640935862313206 -0.348568440489097 0.683886878581411 0.12962318956852 0.298117190599442 0.104930475354195 -0.395842760801315 0.454125493764877 0.251840680837631
-2.69709777832031 2.93404126167297 25.2555618286133 -0.804706229708627 0.350136688155297 -0.479429018182845 -0.561876337295564 -0.188435462680974 0.805473188871939 0.241316825151443 -0.252583801746368 -0.343507319688797 0.554289817810059 0.548338055610657 0.39276659488678
-2.72261047363281 3.16098093986511 25.8195743560791 -0.792215373323038 -0.254185394658781 -0.554783369805548 -0.594915606556339 0.119228193350908 0.794896256744226 0.13405767083168 0.379549652338028 -0.254217565059662 -0.0328129269182682 0.223687022924423 0.246572211384773
-2.96635437011719 3.56597471237183 26.1964206695557 -0.543758520276435 -0.736215255886815 -0.402881829605522 -0.640012307206272 0.0532398527050005 0.766517948066746 -0.205149978399277 -0.48272904753685 0.406022101640701 -0.555517077445984 -0.112145327031612 0.69076806306839
-3.33987426757812 3.91968417167664 26.3373470306396 -0.183939426384244 -0.977439153076898 -0.103821912204268 -0.905580170381273 0.12744313167044 0.40457731424569 0.183658868074417 -0.0940277874469757 0.0756416544318199 -0.0766732171177864 -0.174699634313583 -0.090973749756813
-3.82699584960938 4.16548824310303 26.2627906799316 0.076484719807828 -0.919734919347093 0.385016578564501 -0.912428193488604 0.0911344208569149 0.398960285068825 0.24532750248909 0.322010278701782 0.0499439425766468 -0.711555242538452 -0.119097650051117 0.0234466530382633
-4.39974975585938 4.17666673660278 26.1097297668457 0.32217652495234 -0.68317807885381 0.65533960611522 -0.93888106871244 -0.141913515640308 0.313628590680114 0.0863001719117165 -0.101163499057293 0.191521808505058 0.450564384460449 -0.193714484572411 -0.204584524035454
-4.87907409667969 4.00127172470093 25.9778060913086 0.252117598872683 -0.178543890590448 0.951082959300344 -0.943669425463106 -0.263014040039433 0.200777563956403 -0.48818239569664 -0.200249642133713 -0.500894665718079 -0.252572953701019 0.0962861031293869 0.00227355770766735
-5.28384399414062 3.6462459564209 25.9772491455078 0.295837842665094 0.421100980589132 0.857411181985711 -0.745018181860856 -0.460057253702462 0.483006451315604 -0.0259905848652124 0.0521998517215252 -0.520569860935211 0.00732477195560932 0.177140533924103 -0.733738780021667
-5.40867614746094 3.02309513092041 26.179105758667 0.00417683392882652 0.834410453082894 0.551127707382173 -0.340796765021314 -0.516951707680011 0.785250594955348 0.232815533876419 0.0373097397387028 0.197194993495941 -0.319698214530945 -0.0729301869869232 -0.0720293149352074
-5.2327880859375 2.5754611492157 26.5710124969482 -0.456263494711237 0.854559696375317 0.24809544277317 -0.208414700776956 -0.373678655663479 0.903840458710268 -0.42861944437027 0.0286813415586948 0.0594457946717739 0.0903119221329689 0.207058131694794 -0.34800136089325
-5.05853271484375 2.44389915466309 27.0390605926514 -0.842156590979799 0.538741526007703 -0.0230183497274518 -0.283313900438643 -0.405746503973762 0.868966632461404 0.168615326285362 0.027618907392025 0.23635122179985 -0.315101563930511 0.125929892063141 0.273106217384338
-4.8900146484375 2.39964556694031 27.5941467285156 -0.931128793310034 0.0710826224493224 -0.357696003688504 -0.359078018933714 -0.350107965265191 0.865151656633973 -0.104979507625103 -0.137454181909561 0.0298490338027477 -0.145929962396622 0.303836613893509 -0.00166591361630708
-4.90394592285156 2.53028225898743 28.1204071044922 -0.802009654303669 -0.421615135780634 -0.423108959588883 -0.333345345628671 -0.271857740800003 0.902759242165274 0.377760589122772 0.272399932146072 0.0611428804695606 -0.14655028283596 -0.124326810240746 -0.223982706665993
-5.11433410644531 2.70093488693237 28.6029777526855 -0.300366489170868 -0.805161793755331 -0.511365288282129 -0.434095920814909 -0.361986761351271 0.824940189430891 -0.315880388021469 0.659065365791321 0.251279443502426 0.217006161808968 -0.249674052000046 -0.315837830305099
-5.58244323730469 2.84730100631714 28.9474239349365 0.142953582755835 -0.915130022682292 -0.376963280390514 -0.652662661974075 -0.373490415665122 0.659193718925787 -0.164121642708778 0.271438002586365 -0.374972194433212 -0.189706966280937 0.0817212387919426 0.548721432685852
-6.14369201660156 3.84551811218262 29.6087436676025 -0.558494013634951 0.807449207971698 -0.190026875151388 -0.659832405925593 -0.293610605229571 0.69167478527641 -0.0426625721156597 0.12462954223156 0.242606565356255 0.246111929416656 0.214847758412361 -0.173406139016151
-6.18069458007812 3.87437701225281 30.163688659668 -0.731435721168458 0.517159008834272 -0.444464110340004 -0.586366982803275 -0.14426828037029 0.797094991050115 -0.249289155006409 -0.328322649002075 -0.266750067472458 -0.0104949846863747 0.763755142688751 0.0400718823075294
-6.1458740234375 4.08532285690308 30.6719741821289 -0.878209618293511 -0.0245308238396098 -0.477646422595748 -0.475976819894626 -0.052978090434828 0.877860688752423 0.233406484127045 0.145479187369347 0.0110999392345548 -0.420926541090012 -0.498629450798035 0.868516683578491
-6.29640197753906 4.39891481399536 31.0808811187744 -0.67622865484142 -0.608505665225609 -0.415253731782993 -0.637088681403757 0.200010733973697 0.744388150310391 1.05455851554871 -0.145418763160706 -0.321321249008179 0.00106483860872686 -0.233636826276779 -0.0570189654827118
-6.709228515625 4.9030647277832 31.2809829711914 -0.371202652585622 -0.916896020185959 -0.146663829489578 -0.730379071204937 0.190782991102681 0.655856891899237 -0.127919554710388 -0.0644366517663002 -0.471851408481598 -0.522972404956818 0.0485420785844326 -0.625142753124237
-7.15660095214844 5.24799013137817 31.2063732147217 -0.107785743413939 -0.941426064725457 0.319529651475797 -0.941826853821279 0.199609465468961 0.270403843752832 0.729182839393616 -0.0164379328489304 0.100380957126617 -0.0122733004391193 -0.400012284517288 -0.0153872342780232
-7.68959045410156 5.28809070587158 31.0295009613037 0.275988099578512 -0.683691927037597 0.67557080886807 -0.958233344433369 -0.140899373073591 0.248869894289182 0.309687793254852 0.052645742893219 0.27329409122467 0.213101103901863 -0.762818098068237 -0.16440424323082
-8.1082763671875 5.12125682830811 30.7269744873047 0.15678035159109 -0.325524168775252 0.932445138814158 -0.975102497104491 -0.200937761209098 0.0938037113384239 -0.295427560806274 -0.0512346662580967 -0.349310040473938 -0.057779036462307 0.329491883516312 0.261410892009735
-8.44903564453125 4.77662944793701 30.5478553771973 -0.0125448818612254 0.264621119748595 0.964270858691731 -0.952594404844932 -0.296332220986501 0.0689283299038704 -0.32922688126564 -0.141670405864716 -0.0190798882395029 -0.0601368062198162 0.000275783822871745 -0.208258524537086
-8.69741821289062 4.2383246421814 30.5315742492676 -0.100142616919945 0.658246286675296 0.746112111116425 -0.583254259269346 -0.646365100194747 0.491962017125715 -0.276225864887238 -0.288315832614899 0.382366865873337 -0.0404921285808086 0.0351021997630596 0.0048651578836143
-8.71224975585938 3.76232171058655 30.7872524261475 -0.561842847063458 0.742427642914895 0.364875061136631 -0.538794119402843 -0.663106824905363 0.51960584644598 -0.17490641772747 0.210444018244743 -0.0193174984306097 0.727282166481018 -0.111578524112701 -0.0858266577124596
-8.60203552246094 3.51907634735107 31.2434539794922 -0.851836746656088 0.512664735498753 -0.107466394851439 -0.449802967221539 -0.610791457551618 0.651621888874728 0.36095342040062 -0.147418186068535 -0.0720225349068642 -0.132036730647087 -0.184333875775337 0.323000460863113
-8.56964111328125 3.36224293708801 31.7972393035889 -0.873475164557692 0.202631828659293 -0.442697954496182 -0.48266728981104 -0.479594530225125 0.732817421957616 0.139626696705818 0.105183281004429 0.0349604077637196 0.064937487244606 0.271338254213333 0.319063186645508
-8.61111450195312 3.45566558837891 32.3382911682129 -0.716698677856732 -0.244657207547435 -0.653058845704967 -0.59801552255649 -0.266155186284291 0.756001885973483 0.28979018330574 -0.163753241300583 -0.0553672388195992 -0.0298176594078541 -0.312826693058014 0.304975062608719
-8.88203430175781 3.63595724105835 32.8107261657715 -0.398241618949457 -0.641555633115572 -0.655598949476121 -0.489763105742489 -0.455598984097099 0.743344917210821 -0.419763147830963 0.447195291519165 -0.0505242459475994 0.228269428014755 0.242097824811935 -0.125788554549217
-9.33160400390625 3.79291820526123 33.118480682373 9.55828383038034e-06 -0.880731203247935 -0.473616456147888 -0.645290602541493 -0.361818659370222 0.672820403973581 -0.0418395921587944 0.200426906347275 0.115187115967274 -0.21555857360363 -0.372364699840546 -0.0231665708124638
-9.60926818847656 5.1206374168396 33.5799598693848 -0.474717551150347 0.840879605023882 -0.259932176701341 -0.875930758438545 -0.422531791409834 0.232835116915966 0.311970144510269 -0.110005997121334 -0.308970987796783 -0.685082077980042 -0.0796957090497017 -0.172170743346214
-9.880126953125 4.99604797363281 34.0842933654785 -0.508622036748503 0.592420873346297 -0.624772864773603 -0.86005004594511 -0.315688848839416 0.40081725161008 -0.179216057062149 0.00341468467377126 -0.0288258995860815 0.213618338108063 -0.194920718669891 0.429234564304352
-10.1648864746094 5.00982999801636 34.5816497802734 -0.418685949322416 0.180729607966342 -0.889965664868213 -0.906832159527614 -0.0308080522438982 0.420364482756835 0.0558189451694489 0.271074622869492 -0.0373183041810989 0.536045491695404 0.415435016155243 -0.233647704124451
-10.5452728271484 5.25718402862549 34.9329109191895 -0.337425631969492 -0.369927577083576 -0.865619737877472 -0.939866983695144 0.0807565249026433 0.331856048077235 -0.510783672332764 0.10508082062006 -0.262854397296906 0.202722907066345 0.271459817886353 -0.243555396795273
-10.9207916259766 5.6467924118042 35.0852203369141 -0.178667077396546 -0.840982653672246 -0.510711515120782 -0.970000484358102 0.063584764042188 0.23464023126213 0.320828408002853 -0.232699811458588 -0.137469381093979 0.147526532411575 0.450121968984604 0.204817414283752
-11.3437652587891 6.06610298156738 35.0119781494141 -0.140538043784133 -0.969526660239399 -0.200666672206338 -0.985767018767031 0.1559095089634 -0.0628936381993579 0.381097376346588 0.323272436857224 -0.200604721903801 0.0415595509111881 -0.0207927469164133 -0.314933478832245
-11.6906890869141 6.30380964279175 34.7095718383789 -0.163215903122902 -0.847037661217777 0.505853505914998 -0.980163486919037 0.0807875360739893 -0.180977658637218 -0.2292690128088 0.0251469220966101 0.18110266327858 -0.123420067131519 0.27005609869957 -0.456509470939636
-12.0845489501953 6.24066829681396 34.2754287719727 -0.211898350838669 -0.424453167504137 0.880305968119924 -0.975036696750006 0.0306628220286551 -0.219916418977928 -0.468641757965088 0.595541894435883 -0.64161604642868 -0.197305336594582 0.0974974855780602 0.160546824336052
-12.5457458496094 5.98707103729248 33.9278564453125 -0.0333982273175729 0.18061642002579 0.982986402362266 -0.997970600884449 -0.0593786133275547 -0.0229969573993598 -0.143794357776642 0.359052211046219 -0.105271503329277 0.183878242969513 -0.415731072425842 0.277592778205872
-12.9071044921875 5.62491750717163 33.8254852294922 -0.074293948931935 0.651458202957108 0.75503815728213 -0.991158568432946 -0.131701470279331 0.0161063635937944 0.116629421710968 -0.174574226140976 -0.184866264462471 -0.0771078839898109 -0.168821737170219 -0.255485057830811
-13.1532440185547 5.15453624725342 33.9127502441406 -0.233463968015992 0.8589788867034 0.455686128641212 -0.823234023118138 -0.424008794537493 0.377494748752333 0.00159097532741725 0.174848333001137 0.407003819942474 -0.147839903831482 -0.0347106233239174 -0.58540666103363
-13.2802124023438 4.75203132629395 34.2898292541504 -0.449212725694156 0.892981218510303 0.0281508518926251 -0.75139513207194 -0.394658878003546 0.528819180355227 0.289106637239456 0.0312833748757839 -0.258692771196365 0.237499102950096 0.082556277513504 -0.212101101875305
-13.4114227294922 4.64547967910767 34.8142127990723 -0.652007429820642 0.539842365794546 -0.532406359421099 -0.754601090542351 -0.393560117411292 0.525059642455507 -0.12134987860918 0.107603028416634 0.291561394929886 0.611126720905304 -0.562953352928162 -0.021222610026598
-13.6714172363281 4.54345893859863 35.3803863525391 -0.553828122286421 0.292171071128835 -0.779686139520337 -0.790570265317581 -0.478380970239631 0.38229609324224 0.25398313999176 0.0289968978613615 0.0301196351647377 0.156274080276489 0.463438659906387 0.44244122505188
-13.9163665771484 4.62439250946045 35.8651962280273 -0.433555008394662 -0.228145077996122 -0.871768247920311 -0.845543579103529 -0.231513033298332 0.481100583298129 -0.114675253629684 0.0259870439767838 0.243418112397194 0.312297731637955 -0.751224279403687 0.230314433574677
-14.3444061279297 4.83257627487183 36.1925315856934 -0.20235066854536 -0.64256137660362 -0.739032532596845 -0.895994652735461 -0.18312471285384 0.404547799167983 0.38480868935585 0.39397656917572 -0.0595611929893494 -0.286239385604858 -0.149357557296753 0.0343553423881531
-14.8773193359375 5.08916044235229 36.3422966003418 0.105198510894288 -0.913678651114893 -0.392587055062307 -0.988614673007426 -0.13879537084927 0.0581108711450196 -0.14827686548233 0.0197806619107723 0.349530547857285 -0.00168496812693775 0.0984933003783226 -0.00733777368441224
-15.3765258789062 6.16699361801147 36.95556640625 -0.391468458039463 0.910263169248004 -0.134808787068147 -0.878307091306978 -0.32592233309024 0.349787487130243 0.299595177173615 -0.3155777156353 0.43549770116806 -0.181179389357567 0.365826517343521 0.232218310236931
-15.6247406005859 5.94913148880005 37.3733062744141 -0.420247682863207 0.658869702040358 -0.623925156394062 -0.895604431422463 -0.190622001094097 0.401940238238633 -0.0960962921380997 -0.0233643222600222 0.527448654174805 -0.246601924300194 -0.0563298538327217 0.43809112906456
-15.8742523193359 6.04912614822388 37.8526306152344 -0.455313267086405 0.247276483632037 -0.85530355398401 -0.888480232221724 -0.0642790256371048 0.454390893190407 -0.291475087404251 0.0946743413805962 -0.103913083672523 0.0666431114077568 -0.412972271442413 -0.117194280028343
-16.1737976074219 6.35616064071655 38.2754554748535 -0.471906113895745 -0.169852780828841 -0.86513273693262 -0.871030252209488 0.241655651803071 0.427678437248722 -0.430491656064987 -0.671536862850189 0.322582215070724 -0.184826448559761 -0.0347311459481716 -0.313551932573318
-16.3722686767578 6.87653589248657 38.5126266479492 -0.533028491959968 -0.572196960192045 -0.623274630885829 -0.837772840208739 0.460008015469573 0.294158620326394 0.357504844665527 -0.0616221129894257 0.723653376102448 0.0876758620142937 0.514223694801331 -0.424687892198563
-16.565673828125 7.40078639984131 38.494270324707 -0.486505250592115 -0.863670419082321 -0.131856165379065 -0.865373868630556 0.49712009034515 -0.0632430491565348 -0.872253239154816 0.593545079231262 0.0506607331335545 -0.178329929709435 -0.221286565065384 -0.0962344110012054
-16.8387298583984 7.77548551559448 38.1119956970215 -0.479617018132873 -0.701974144252268 0.526497689186407 -0.841436005621744 0.538127571439676 -0.0490322883390248 -0.701021492481232 -0.44048398733139 -0.452813267707825 0.270685732364655 -0.19909705221653 -0.184966206550598
-17.2576293945312 7.9779896736145 37.7359046936035 -0.150152233967439 -0.309732512730232 0.938893006253857 -0.90215516435176 0.43140725514998 -0.00195949927496389 0.243287190794945 -0.492012739181519 0.144023433327675 0.655930399894714 0.246668219566345 -0.495507776737213
-17.9775543212891 8.3452320098877 37.0982971191406 -0.73788349353024 -0.498328483518725 0.455188611994561 -0.145185256932018 -0.541441076563572 -0.828107965050007 -0.0876017212867737 0.0491795651614666 -0.00692816823720932 0.508796095848083 0.361490577459335 0.126072406768799
-17.5621490478516 9.16645431518555 37.5243797302246 -0.210839662265608 0.350890496888748 0.912371906630674 0.923137577582883 -0.235503238748279 0.303900045069886 0.157093435525894 -0.129252806305885 -0.315389215946198 0.106063611805439 -0.101833909749985 -0.388781130313873
-17.0257415771484 9.36374855041504 37.4610824584961 -0.441066978808039 -0.0291654742723401 0.897000164612927 0.892899623538068 -0.115045297899126 0.43531005239585 -0.900607466697693 0.428572088479996 -0.0448620058596134 0.233972251415253 0.263841569423676 0.107445813715458
-17.3860778808594 10.0123882293701 37.5661163330078 -0.051178377329937 0.278645773258175 0.959029356557571 0.980918263155545 0.194376714374354 -0.00412963883904488 -0.633678019046783 0.394737094640732 0.145361095666885 0.231528639793396 0.289410293102264 -0.324143409729004
-17.0188140869141 10.3495759963989 37.2927017211914 -0.0487397121672204 -0.027739564470966 0.998426240150377 0.975126414187457 0.215076481222896 0.0535778273046635 -0.221177875995636 0.26551616191864 0.00704952236264944 0.397797852754593 0.0473794676363468 -0.00252300384454429
-16.6576690673828 10.8338584899902 37.1014671325684 0.0308187683791536 -0.616841184931918 0.786484046937622 0.856440865133392 0.421976405002691 0.297396970647942 -0.138688325881958 -0.304581105709076 -0.266027569770813 -0.630100011825562 0.10480672866106 0.296485841274261
-16.4974212646484 11.3466291427612 37.2982788085938 0.349116368620959 -0.903443544378624 0.248812224943841 0.764417522334452 0.428146801898183 0.482033367696071 0.456827878952026 0.0811526477336884 -0.119040347635746 -0.147210344672203 0.172517672181129 0.534027278423309
-16.4344177246094 11.7108564376831 37.7411994934082 0.476313018346835 -0.86428268885919 -0.161682844766094 0.716011794156357 0.27452933086806 0.641841691635974 0.0388706959784031 0.394995748996735 0.294203013181686 -0.0724642053246498 -0.0965980142354965 -0.345670193433762
-16.3589172363281 11.7657670974731 38.2748794555664 0.669609704258993 -0.439270748893849 -0.598885676175697 0.672067404596886 0.0151310072866569 0.740335367449709 0.0429474487900734 0.465302497148514 -0.609274744987488 -0.101939305663109 0.0216748882085085 -0.535067498683929
-16.2169036865234 11.5030851364136 38.8118476867676 0.608799324871009 0.0394474229263221 -0.792342907370966 0.792380367081337 -0.0789422534646874 0.6048979041805 0.213936001062393 0.486853033304214 0.057810090482235 -0.421388566493988 0.219808742403984 -0.0163996182382107
-15.9847106933594 11.1386203765869 39.1781692504883 0.464294031517993 0.568931112542171 -0.678784532438901 0.878865305882202 -0.20105430875907 0.432634879599411 -0.450559943914413 0.304051458835602 -0.212664946913719 -0.217604637145996 -0.012290352024138 0.272456645965576
-15.5912475585938 10.7482957839966 39.2101745605469 0.21012556853735 0.948842857772442 -0.23567875742434 0.900285228998766 -0.0937894393259525 0.425076519602721 0.0540242418646812 0.192714050412178 -0.765318989753723 0.307684630155563 0.392094939947128 0.0478162653744221
-15.1432495117188 10.4508743286133 38.9957504272461 0.13479314929483 0.954979851679387 0.264280702643225 0.979329369369029 -0.168991528932766 0.111156868614702 0.600723564624786 0.432682305574417 0.525428235530853 0.222982913255692 0.632618606090546 -0.100160725414753
-14.7427520751953 10.3719282150269 38.5907440185547 0.132425988079433 0.626886333883959 0.767773978505859 0.983386528014433 0.0139298790231942 -0.180988659838452 -0.130021974444389 0.0975480601191521 0.065743125975132 0.146310910582542 0.410729855298996 -0.243736073374748
-14.4039764404297 10.5974531173706 38.1266441345215 0.183872858766194 0.151755085519093 0.971164849975657 0.929953446631306 0.293180164043941 -0.221882803546653 -0.143627628684044 -0.0846678391098976 0.178207382559776 0.0774415880441666 0.316933840513229 0.185994431376457
-14.1360321044922 11.0813684463501 37.8556060791016 0.312950131682304 -0.439041847704777 0.842202155687103 0.94316777563199 0.248029927541735 -0.221168944594503 0.642112016677856 -0.304058820009232 -0.0515606515109539 0.425543606281281 0.179301738739014 -0.0901426374912262
-13.8414764404297 11.5435247421265 37.805305480957 0.327169541391933 -0.808868874535914 0.488560369854531 0.940937043185734 0.231166096156296 -0.247385765048731 0.0126254362985492 -0.278361201286316 0.307409197092056 -0.113350197672844 0.243351757526398 0.950408697128296
-13.4763946533203 11.951301574707 37.8700561523438 0.294855165329439 -0.955139218936811 0.0277399338018022 0.93826429232202 0.283906090645036 -0.197629576349572 -0.239778280258179 -0.207935437560081 0.489638537168503 -0.00015265004185494 -0.0317095033824444 -0.667609453201294
-13.0936737060547 12.2140769958496 38.1519966125488 0.190791250317723 -0.907699511952951 -0.37373827045484 0.978712640818356 0.205232004129274 0.0011794843961008 -0.322237342596054 -0.218321114778519 0.355176448822021 -0.0546637289226055 0.130518406629562 0.058683630079031
-12.6038970947266 12.2777585983276 38.4754333496094 -0.061393889310509 -0.40900794135979 -0.910463230591964 0.987873241635008 0.10543131614876 -0.113976734628966 -0.300403207540512 -0.09358149766922 0.114445671439171 0.0137753272429109 0.168095111846924 -0.0926324054598808
-12.1282806396484 12.0984888076782 38.6746025085449 -0.181836856094766 -0.0315103652131653 -0.982823714940632 0.892843567120065 -0.424087341947462 -0.151592516478404 0.292313367128372 -0.0708684772253036 0.106824114918709 0.174109920859337 -0.338471829891205 -0.371481209993362
-11.7788848876953 11.6181755065918 38.7308731079102 0.027612657308279 0.551815240020048 -0.833509137345231 0.980604077924882 -0.17681404362567 -0.084572077743374 -0.0767305046319962 0.0999705418944359 0.167046070098877 -0.0600063055753708 -0.136490061879158 -0.270344793796539
-11.4893493652344 11.1470193862915 38.5831184387207 0.179944572201424 0.853103785979278 -0.48972837500299 0.942914059347051 -0.291424627454284 -0.16119790072702 0.447069972753525 -0.166783899068832 -0.326322942972183 -0.164111316204071 -0.194007217884064 0.044366791844368
-11.2098693847656 10.7242488861084 38.2611503601074 0.334231991596323 0.94248247644106 -0.00396955855012469 0.90598688559957 -0.322444703149657 -0.274257500412152 0.102534420788288 0.00753263616934419 0.0773502215743065 0.0373391434550285 0.217489570379257 -0.56699538230896
-10.9835510253906 10.4521055221558 37.8051452636719 0.462852754605955 0.768304581331031 0.442125997719462 0.885865589362945 -0.383035696951238 -0.261774354060365 0.11305708438158 0.0360433124005795 -0.316274434328079 0.414473056793213 -0.434238076210022 0.177149996161461
-10.653564453125 10.3480567932129 37.3447570800781 0.347642108174886 0.513855671275942 0.784281399576244 0.937611534129929 -0.185666452342597 -0.293960166589004 -0.3548583984375 -0.25799223780632 -0.235322758555412 0.10161804407835 0.373263627290726 0.130919456481934
-10.3295745849609 10.4630079269409 36.8413352966309 0.31945497543734 0.022027445294564 0.947345401805552 0.939390524559064 0.123960660507114 -0.319654809154011 -0.0627999305725098 -0.325006037950516 -0.226921528577805 -0.0205769501626492 -0.208120197057724 0.0251676011830568
-9.93849182128906 10.8988647460938 36.6859436035156 0.268356607201406 -0.730534474231141 0.627936392743071 0.894761987258377 -0.0524848427992739 -0.443448224073313 -0.206139504909515 0.129533722996712 0.0732361823320389 -0.187311947345734 0.0832495838403702 -0.421131551265717
-9.43804931640625 11.1856393814087 36.6143493652344 -0.089720636333826 -0.942008702554522 0.323372558711155 0.972674068675295 -0.1526837347037 -0.174908070950367 -0.182739749550819 -0.186113566160202 -0.518492817878723 0.591700911521912 -0.318117707967758 -0.0304814632982016
-9.03385925292969 11.4882841110229 36.8271865844727 0.0258410307722719 -0.964885096990397 -0.261398146004247 0.996662302652889 0.00461158459115705 0.0815045259982544 0.556615173816681 0.454650223255157 0.0493481196463108 0.275907576084137 -0.378680288791656 -0.0229037832468748
-8.66189575195312 11.4943675994873 37.2662506103516 0.0253969918492932 -0.629522197789445 -0.776567315366384 0.989075012283118 -0.0970137270053145 0.110990796238649 -0.807543218135834 0.217790082097054 0.0404467433691025 0.296355962753296 -0.117376685142517 0.237765267491341
-8.27980041503906 11.2599000930786 37.6031341552734 0.0211734777120021 -0.0893026930318234 -0.995779449907882 0.904383831011018 -0.422875041231885 0.0571540524281983 -0.0697123631834984 0.584477007389069 0.391430526971817 -0.313872128725052 -0.0301036406308413 -0.134673357009888
-7.95930480957031 10.7871866226196 37.7958068847656 0.151864372294193 0.461905568604756 -0.873830909340937 0.967764102308336 -0.249205418307188 0.0364595909148724 -0.0964641347527504 0.736582577228546 -0.0541089065372944 0.367123633623123 0.183347627520561 -0.217233270406723
-7.69047546386719 10.3249711990356 37.814769744873 0.428847233457746 0.822839232608294 -0.372861432218768 0.872476657984743 -0.484280906735284 -0.0652417400398233 0.176288977265358 0.0246157664805651 -0.0619699992239475 -0.243991255760193 -0.500644028186798 -0.108249150216579
-7.39244079589844 9.83969116210938 37.489803314209 0.450320138195163 0.884275239968735 0.123568091002995 0.889610652134692 -0.432550934109167 -0.146603468614406 0.173213422298431 -0.216991975903511 0.0782741084694862 0.185655429959297 -0.225232094526291 0.460193395614624
-7.1007080078125 9.5253324508667 37.1030921936035 0.402421787297545 0.725526544394999 0.558272279883661 0.914741599437303 -0.294623621179024 -0.276486397680327 0.482583463191986 0.433756947517395 0.193106219172478 -0.215959191322327 -0.21601964533329 -0.350825697183609
-6.94271850585938 9.59423923492432 36.5529747009277 0.478384901867212 0.194154801248486 0.856418004725297 0.873384722341558 -0.00373022758898045 -0.487016644666786 0.38757798075676 -0.202053904533386 0.454289436340332 0.27395424246788 -0.317225277423859 0.217672079801559
-6.98489379882812 9.73202514648438 34.9816093444824 -0.261929837776088 0.249729099459005 -0.932216786464386 0.962618027526576 -0.00144421961905064 -0.270858722049956 -0.182386130094528 -0.393751621246338 -0.55022120475769 -0.0424975007772446 -0.346768796443939 -0.025448327884078
-6.65318298339844 9.36923789978027 34.9794616699219 -0.0203682064176901 0.712067026328249 -0.701815991683982 0.841831531761286 -0.366471118047501 -0.396255715125299 -0.332757920026779 0.618597388267517 -0.167243987321854 0.248641148209572 0.0133982440456748 -0.249480813741684
-6.45381164550781 8.89771556854248 34.7229766845703 0.313956645253936 0.901111609946838 -0.299046971761815 0.853745533265261 -0.405748745932499 -0.326322723088385 -0.026852497830987 -0.70839387178421 -0.0644420608878136 0.0167494025081396 -0.267702728509903 -0.231483727693558
-6.27873229980469 8.49288558959961 34.3732833862305 0.48740686798186 0.848100255816822 0.207751055659303 0.790545874819334 -0.327581717285917 -0.517423847832841 0.615040302276611 0.386467337608337 -0.0530722551047802 -0.0247273575514555 0.157173946499825 0.0795261934399605
-6.10299682617188 8.32560539245605 33.8021697998047 0.593985595197883 0.526192229291988 0.608525143712357 0.76670939882724 -0.141232018679676 -0.626266887716121 -0.16097092628479 -0.759084165096283 0.0807273462414742 -0.185742095112801 -0.111042335629463 -0.584624230861664
-5.91127014160156 8.51809597015381 33.2506942749023 0.57926915432276 0.0778818832239888 0.811407209183946 0.802124809426688 0.122683905338492 -0.584418043418489 0.383446872234344 0.395676255226135 0.0932741016149521 0.105396568775177 0.521700918674469 0.0260075163096189
-5.55679321289062 8.83626079559326 32.8349418640137 0.38348868851699 -0.544575791926106 0.745904573405723 0.9032838433788 0.0529165220318969 -0.425767706604049 -0.472848892211914 0.0814189091324806 0.0249822102487087 -0.141224533319473 0.196725234389305 0.0836306065320969
-5.16188049316406 9.29402160644531 32.7222213745117 0.195753652182177 -0.881939426672005 0.428792904953889 0.974488422601797 0.125991214575124 -0.185737793851837 -0.110936813056469 -0.829263508319855 -0.477082908153534 0.0341743901371956 -0.270204603672028 0.0374587178230286
-4.77015686035156 9.62273693084717 32.9753379821777 0.280163954995987 -0.9182604323026 -0.279831979567111 0.935007806032672 0.327053602033381 -0.137099759500004 -0.178491875529289 -0.474219173192978 -0.268812984228134 -0.291083931922913 -0.431090414524078 0.354609578847885
-4.38185119628906 9.7393274307251 33.3339767456055 0.21529817734305 -0.611043598825449 -0.761756138910087 0.968857744852983 0.0359505664235795 0.244994340775894 0.395964562892914 0.562048614025116 -0.418331623077393 0.0284362658858299 0.504137277603149 -0.167759552598
-4.00367736816406 9.52371406555176 33.7039222717285 0.125308139985556 -0.0167146804582351 -0.99197706098001 0.983750004323057 0.13168031245642 0.122050089331245 0.702292621135712 0.106918446719646 0.103200539946556 0.384862095117569 -0.28654807806015 0.15922936797142
-3.66058349609375 9.17771148681641 33.852108001709 0.094136467560238 0.537328602010384 -0.838102797356534 0.972054139043554 -0.231458787118087 -0.039211996048656 -0.241066515445709 0.596331536769867 0.0288229323923588 0.334688574075699 -0.475172311067581 0.232785671949387
-3.42092895507812 8.615797996521 33.7835578918457 0.25355278904932 0.864800891640732 -0.43339404816253 0.942404071461277 -0.321877731538495 -0.0909356477562078 -0.110441148281097 0.172211438417435 0.113936863839626 -0.388140648603439 0.343225389719009 0.0882368236780167
-3.1024169921875 8.23776245117188 33.432861328125 0.23717314026997 0.961202046212516 0.14085285901022 0.969671636033085 -0.225421444889087 -0.09445681794892 0.255336761474609 0.0511984676122665 -0.162443667650223 -0.439044803380966 0.0243862122297287 -0.368414610624313
-2.77531433105469 8.03390216827393 33.0788040161133 0.209513297549658 0.764841925017927 0.609197018939473 0.962601970502214 -0.0518937363931095 -0.26590315249808 0.0293443966656923 0.311624884605408 0.311533331871033 -0.281695365905762 0.108714245259762 -0.249238878488541
-2.422607421875 8.08540153503418 32.616886138916 0.211783846435326 0.320016363492347 0.923437669518735 0.977316094906701 -0.0702402348576889 -0.19979879890393 0.379057139158249 -0.000598723767325282 0.0356282033026218 -0.0380275510251522 0.111853614449501 0.166564717888832
-1.95210266113281 7.84271430969238 31.582405090332 -0.315941066097609 -0.293486029063204 -0.902245639223498 0.801543181425794 0.426251479741542 -0.419330662279737 0.0944536477327347 0.666122853755951 -0.379859447479248 -0.607360541820526 0.374375224113464 -0.716236174106598
-1.41239929199219 7.67987871170044 31.5779991149902 -0.519690440830122 0.172490278411264 -0.836760987118423 0.853136462536715 0.157056332706811 -0.49748516022795 -0.0807338282465935 0.466509163379669 0.261839866638184 0.0309798754751682 0.00544340489432216 0.347239702939987
-1.00628662109375 7.28382730484009 31.3108425140381 -0.355314294485798 0.756109363201942 -0.549591105288663 0.80090603385556 -0.0569056071312437 -0.596079924851341 0.196033701300621 0.105054572224617 0.0558296367526054 0.206647589802742 0.147593379020691 -0.268352508544922
-0.818191528320312 6.98955821990967 30.91064453125 -0.184913813787473 0.969062717240025 -0.16347578268952 0.488160277010166 -0.0537996458880421 -0.871094221110253 0.0136743020266294 0.298141121864319 -0.13776133954525 0.0934922024607658 0.522926926612854 -0.0229839067906141
-0.894271850585938 6.7608470916748 30.2852306365967 0.243651293081699 0.942942935005517 0.226919961005631 0.550069681763219 0.0583459040330478 -0.833078087989042 -0.230691164731979 -0.0361702144145966 0.0542952679097652 -0.0780769735574722 0.268007338047028 -0.143196105957031
-1.04769897460938 6.79668760299683 29.7216777801514 0.656381016804339 0.536499994024498 0.530407124000626 0.252814604088463 0.505987124384635 -0.824658599613538 -0.217135816812515 0.149665832519531 0.117007330060005 0.046348474919796 -0.175159797072411 0.108582071959972
-1.23390197753906 7.23164892196655 29.2988834381104 0.935824547048625 -0.20296932991713 0.288159449357864 0.349038583555995 0.419919534816778 -0.837758707187508 0.582356154918671 -0.285072892904282 -0.0724856406450272 -0.0461532585322857 -0.262763559818268 -0.031459204852581
-1.28135681152344 7.75446557998657 29.0192890167236 0.859990039761578 -0.480977880428316 0.170520995920047 0.417969274588044 0.472175009427697 -0.776113681088214 -0.359968960285187 0.461090505123138 0.193621188402176 0.736961722373962 -0.230234995484352 0.0128681194037199
-1.12255859375 8.19833469390869 28.9643383026123 0.673853932330376 -0.698914054491344 -0.239666481422329 0.490130867259468 0.665564043408778 -0.562846548431134 0.151476293802261 -0.198005050420761 -0.191111981868744 0.290251493453979 -0.0259550288319588 -0.0292391665279865
-0.874588012695312 8.60216522216797 28.973840713501 0.248139171298209 -0.76394916076565 -0.595658149808174 0.761557231011548 0.533865267095331 -0.367448582094494 0.582165479660034 -0.401820689439774 -0.0901374444365501 -0.176431447267532 -0.0885950177907944 -0.120338641107082
-0.368087768554688 8.85770034790039 29.1937961578369 0.0236958282180948 -0.522149714665121 -0.852524593897556 0.905894425699981 0.371898873625864 -0.202599400990024 0.237370222806931 -0.330668359994888 0.173798322677612 0.432363629341125 -0.118404857814312 -0.629417717456818
0.0807037353515625 8.75320053100586 29.4769992828369 -0.0966646169317214 0.124853971334088 -0.987455030710538 0.989532181582415 0.11886320086741 -0.0818388727457772 0.132709100842476 0.228966251015663 -0.201472818851471 -0.238700419664383 -0.125865951180458 0.0417004786431789
0.471023559570312 8.27622699737549 29.5526504516602 -0.102373508781079 0.523455079277339 -0.845880869081814 0.958298628365978 -0.176176001121264 -0.225001678884415 -0.177949756383896 0.22425539791584 0.54204386472702 0.387642621994019 -0.0584793724119663 -0.107374131679535
0.758285522460938 7.79110240936279 29.4106674194336 0.10292868789868 0.876597728918039 -0.470087339611686 0.966775525299404 -0.199336322226811 -0.160031604138531 -0.0359044522047043 0.382193177938461 0.0764010325074196 -0.00718190055340528 -0.000395416282117367 0.141716614365578
1.02580261230469 7.41270160675049 29.0648899078369 0.227669308053096 0.971318210873538 0.0686120936574198 0.91403942168911 -0.188887227875965 -0.358961767802048 -0.242768675088882 0.345322340726852 -0.43780106306076 0.00726072397083044 0.266244828701019 -0.48934143781662
1.27763366699219 7.31338739395142 28.5615558624268 0.218472314329738 0.812388880805242 0.540642353331123 0.839787084473986 0.12565780506863 -0.528173994793398 0.0797224938869476 0.493675351142883 0.164654448628426 0.50040465593338 0.295920044183731 0.222142651677132
1.50654602050781 7.51975536346436 28.1194877624512 0.455999776002851 0.188651994955543 0.869755499600114 0.840494831661992 0.230048576446946 -0.490556918638616 -0.225582033395767 -0.121692322194576 -0.0666424408555031 0.494091421365738 0.0953797176480293 -0.0776884630322456
1.40956115722656 7.75473833084106 26.7531299591064 -0.493980828889531 0.578286116067178 -0.649282764790157 0.829779821370841 0.0904949881564175 -0.550705098182633 -0.495413541793823 0.51404482126236 0.0498463176190853 -0.567916750907898 0.475342094898224 0.164943531155586
1.7271728515625 7.3225302696228 26.4685306549072 -0.232321380539013 0.915285222974951 -0.329058865171782 0.633329652993218 -0.11441073059374 -0.765378164938416 0.0771656036376953 0.523014903068542 -0.280737698078156 0.0725033432245255 -0.265722990036011 -0.112667419016361
1.65724182128906 6.97714376449585 25.9862537384033 0.265271033776131 0.964171798403022 0.00200544349825587 0.654043613176795 -0.178416951945422 -0.735115190511764 0.405205458402634 -0.0874363631010056 0.214349821209908 0.658253133296967 0.0829772874712944 -0.221454009413719
1.61270141601562 6.7891263961792 25.4822463989258 0.587265480907935 0.757140475615645 0.286107593605076 0.531566397124826 -0.0942185052363215 -0.84176008382363 0.121832780539989 0.407175958156586 -0.630454003810883 -0.193765327334404 -0.248482376337051 -0.156823962926865
1.53559875488281 6.94563341140747 24.9174900054932 0.817213043119179 0.307036735245632 0.487741002342016 0.49898822819831 0.0465444621537839 -0.865357938174907 0.230558186769485 0.129497915506363 -0.145006239414215 0.00861241389065981 -0.137280270457268 0.0694191232323647
1.5643310546875 7.29357433319092 24.4449291229248 0.844811603885621 -0.274847616707803 0.459077489679298 0.526316099158784 0.272350857376827 -0.805491386826941 0.125039175152779 -0.576871454715729 0.462404489517212 0.198255077004433 -0.0644974932074547 -0.429699838161469
1.77336120605469 7.78039741516113 24.2165660858154 0.584302945830177 -0.800634907304104 0.132566257774466 0.613525191631417 0.328877776797677 -0.717931923765931 0.024576511234045 0.230720281600952 0.358404397964478 0.176360592246056 -0.0582744963467121 -0.256115764379501
2.15240478515625 8.1744213104248 24.0886764526367 0.226291371466084 -0.949845244892951 -0.215838425573965 0.765459042136633 0.310443547059006 -0.563646395269846 -0.360008358955383 0.591769218444824 -0.106157258152962 -0.0402631647884846 -0.0476249381899834 0.0377513095736504
2.68144226074219 8.45931339263916 24.2198696136475 0.0390177972611174 -0.816930575135047 -0.575414673871297 0.788286755073032 0.379048285641627 -0.484692055772088 0.0229734983295202 0.30930295586586 -0.195098325610161 0.178201660513878 0.0882047638297081 -0.281603753566742
3.25 8.56061840057373 24.3579425811768 -0.2550485856475 -0.522102884785396 -0.813854284659101 0.931870193785498 0.0918676076516793 -0.350967640386598 -0.30126765370369 -0.215571135282516 0.287218034267426 0.0868946686387062 -0.422645062208176 -0.322392970323563
3.76097106933594 8.35300350189209 24.5002288818359 -0.321527316091762 -0.0134266573845085 -0.946805106597079 0.937538856291342 -0.144767852777343 -0.316327617741734 0.457138448953629 0.11089052259922 0.029169287532568 -0.255045682191849 -0.0271357670426369 0.173502013087273
4.11837768554688 7.91439199447632 24.5388813018799 -0.149827972633607 0.5635477496 -0.812382614620277 0.830475846161759 -0.374142887109861 -0.41270688020314 -0.23272468149662 0.017103984951973 -0.597483396530151 0.0186568778008223 0.162190273404121 0.197663098573685
4.33114624023438 7.34838390350342 24.3815479278564 0.0961569760792365 0.861273106487509 -0.498961393288752 0.766092732142259 -0.384085341157975 -0.515344910197405 -0.47040656208992 -0.444063454866409 -0.113557629287243 -0.0277687329798937 0.0272329598665237 0.0140285361558199
4.5157470703125 6.91495561599731 24.0356369018555 0.347660724689444 0.937008556318868 -0.0338671801843924 0.802839958591248 -0.316149393048897 -0.505467666783957 -0.281579047441483 -0.594992756843567 0.0233607217669487 0.162046238780022 -0.19758366048336 -0.473839998245239
4.59548950195312 6.75555801391602 23.4655132293701 0.578436370763417 0.61612079584093 0.5346087634059 0.761550130740931 -0.173017571306238 -0.624584916875009 0.89567494392395 0.470608443021774 -0.486071139574051 0.337192684412003 0.686543226242065 -0.267499595880508
4.863037109375 6.87575101852417 22.8728256225586 0.55192725525932 0.154690814575917 0.819418731045217 0.824892723391193 -0.245256415121743 -0.509314525355298 0.264021128416061 0.50509911775589 -0.816487789154053 -0.0903495326638222 0.236157014966011 0.0168943591415882
4.5450439453125 6.46094274520874 21.8149700164795 -0.0846473902172307 0.702593693500884 -0.706538690506187 0.878513182787056 -0.281958175875664 -0.385634768565057 -0.0990805253386497 -0.200305134057999 0.137565582990646 0.032903429120779 -0.0283282306045294 -0.302829891443253
4.86471557617188 6.0463490486145 21.4520225524902 0.0226836037745919 0.961415661743182 -0.274163052716292 0.939716692933193 -0.114097054336203 -0.322357564227217 0.0150518091395497 0.211940094828606 0.11420813947916 -0.605038404464722 -0.436335444450378 0.686159491539001
5.06640625 5.82056999206543 21.0129375457764 0.324766583343206 0.893731938073716 0.309467105215692 0.898706361620359 -0.189653975738442 -0.39542160420202 -0.152621075510979 0.229369103908539 0.138154938817024 0.0561493188142776 0.357581317424774 0.144705161452293
5.2071533203125 5.70798492431641 20.5339508056641 0.44062622196497 0.640564184269437 0.628908624800224 0.78381111510606 0.0669810202854564 -0.617376448172194 -0.0202660709619522 -0.112743362784386 -0.0684586986899376 -0.0902401208877563 0.00120371184311807 -0.1065529063344
5.245849609375 5.88778972625732 19.9566135406494 0.615130469502665 0.178776473665738 0.767888975017271 0.730726028314337 0.236458163994782 -0.640411592824624 0.125819534063339 -0.427527785301208 0.476820915937424 -0.00905843358486891 0.00752035994082689 0.080936074256897
5.4049072265625 6.33215951919556 19.5381565093994 0.629108554788473 -0.440912925195836 0.640170460648733 0.757499440607614 0.162966474293521 -0.632168115089247 -0.0959132090210915 0.365612030029297 -0.103159919381142 0.674942970275879 0.142899438738823 0.470107614994049
5.56729125976562 6.87460470199585 19.3212928771973 0.554574560192869 -0.690993499024085 0.463654010543786 0.831481083686744 0.438081669796713 -0.341648442202276 -0.167470306158066 0.0760427936911583 -0.431373685598373 -0.330306708812714 -0.00884297396987677 0.041694987565279
5.78668212890625 7.4255223274231 19.4246139526367 0.499581400800627 -0.863768515976784 -0.0657447699923578 0.852862728938831 0.503731964177085 -0.137401869904696 0.110905058681965 -0.0804640203714371 -0.26897144317627 -0.504011631011963 0.216196641325951 -0.103360362350941
6.10867309570312 7.7712607383728 19.7590236663818 0.368629868729208 -0.821641049231102 -0.43476201087388 0.884964461125471 0.453339933639307 -0.106399281542749 -0.718772709369659 -0.025449613109231 -0.186204358935356 -0.0468173995614052 -0.239709839224815 0.021012332290411
6.4931640625 7.92657279968262 20.0681991577148 0.161622691684665 -0.458670550758316 -0.87378454518243 0.948941609751614 0.315292605002868 0.0100197062092893 0.321055054664612 0.250940561294556 -0.190191939473152 -0.139433339238167 -0.113316349685192 -0.00340261403471231
6.9605712890625 7.77673053741455 20.3128089904785 0.0393047248589128 0.145296765308217 -0.988607095156986 0.938577066295056 0.334074170020341 0.0864149266630842 -0.475783377885818 0.120102822780609 0.185690626502037 -0.391196519136429 -0.0129932472482324 -0.202650129795074
7.46658325195312 7.53308057785034 20.4229335784912 -0.109826768693172 0.610251217971539 -0.784558176200254 0.988650148420811 0.148479784314464 -0.0229049705836503 0.660392045974731 0.180087462067604 0.250698238611221 0.5815349817276 -0.0643046572804451 -0.507508158683777
7.97103881835938 7.24004173278809 20.3328399658203 -0.152749212580651 0.883898626655168 -0.442030424126099 0.987083189238591 0.114587211880915 -0.111966728968611 -0.397567629814148 -0.919604361057281 0.160372629761696 -0.0126269869506359 -0.159147977828979 0.242403790354729
8.40811157226562 7.00280714035034 20.066478729248 -0.112472509054925 0.991909045581529 0.0588759713332177 0.938011727667073 0.125537323412607 -0.323070238786292 -0.255714327096939 -0.643127202987671 -0.502280950546265 -0.150667577981949 -0.096216194331646 -0.298976302146912
8.69503784179688 6.87730598449707 19.6559238433838 0.105474867116065 0.88246603361332 0.458398027837842 0.727680848154503 0.245685002727745 -0.640405701617195 0.0542795993387699 0.387710511684418 0.440668165683746 0.0659504160284996 -0.105693332850933 -0.420253336429596
8.8310546875 6.99712228775024 19.048978805542 0.215103145541654 0.624069535698333 0.751177643032161 0.664236783488194 0.47036889098378 -0.580984166613813 -0.0835172459483147 -0.178154304623604 -0.244723469018936 -0.397616147994995 0.152996763586998 0.605377435684204
8.90695190429688 7.29770374298096 18.5449485778809 0.528571927068865 0.127802353310586 0.839212890989517 0.534185191939894 0.718247128441803 -0.445833201093461 -0.167192056775093 0.262923240661621 -0.109334133565426 0.414342552423477 0.270054936408997 0.452808052301407
8.740234375 7.45776700973511 17.2436218261719 -0.292843173175871 0.698426067546659 -0.653026725406852 0.950775362392928 0.140319367687786 -0.276290943243342 -0.153271168470383 -0.487953871488571 0.254095166921616 0.267613857984543 -0.0379374548792839 -0.556791067123413
9.06927490234375 7.12739753723145 16.8885478973389 -0.163759134787931 0.947735271986333 -0.273826222277011 0.685060298957547 -0.0904780751091377 -0.722845837448582 -0.0874396935105324 0.0930627509951591 -0.368908375501633 -0.0930952429771423 -0.0820876583456993 -0.297554433345795
9.14175415039062 6.8790979385376 16.3411540985107 0.189987206310519 0.975575853186147 0.110257045663515 0.549561138782508 -0.0126135241424844 -0.835358278673756 0.82961231470108 -0.00252444669604301 0.142479240894318 -0.204321414232254 0.275102972984314 0.412901252508163
9.07064819335938 6.79451084136963 15.7066135406494 0.54758018667493 0.719845531455985 0.426589205212579 0.535794662329017 0.0899493390500469 -0.839543445108229 0.325112879276276 0.54073303937912 0.475392252206802 -0.0383157692849636 0.213954791426659 0.095242440700531
9.01083374023438 7.01507759094238 15.131947517395 0.795015232156776 0.180380690866353 0.5791490196843 0.568267684835818 0.112499501739318 -0.815116985763237 0.231960371136665 -0.0646405071020126 -0.0660611093044281 -0.428963422775269 -0.388389527797699 -0.0617854669690132
9.10992431640625 7.37305641174316 14.6783618927002 0.793098578383178 -0.360169213246846 0.491195259337598 0.589759866671757 0.252520253799104 -0.767083320822808 0.354636490345001 0.397063195705414 -0.201486796140671 -0.179353445768356 0.43945637345314 -0.119829393923283
9.34637451171875 7.91622543334961 14.5076704025269 0.642708521057468 -0.706351964059358 0.29663556737116 0.723885639920042 0.433144344194233 -0.537006105561286 -0.304310888051987 0.134554758667946 0.275781035423279 0.19563452899456 -0.195558235049248 -0.653209924697876
9.61935424804688 8.40309715270996 14.4284944534302 0.410804934837193 -0.88163459677035 -0.23229236597657 0.574487417431478 0.448151130730544 -0.684926836412361 0.0848508700728416 0.113933525979519 -0.0302815809845924 0.103615880012512 0.0257581137120724 0.0914107784628868
10.0861511230469 8.69423389434814 14.548846244812 -0.0293802257241804 -0.774160649874446 -0.632306959096902 0.87862534265908 0.281620722081681 -0.38562582399446 -0.137829750776291 -0.206396341323853 -0.28528818488121 -0.340420454740524 -0.623852610588074 -0.314213186502457
10.6351623535156 8.66429042816162 14.7881336212158 -0.244108033160652 -0.368916115221897 -0.896834526585603 0.942850946798952 0.126012299884197 -0.308468786748699 0.214894518256187 -0.318820774555206 0.664240598678589 1.11123263835907 -0.484866201877594 0.128107875585556
11.2138977050781 8.43862152099609 14.8619394302368 -0.376144802934288 0.191094361335449 -0.906641071368004 0.916299449686504 0.221940973111374 -0.333372948750474 0.046952597796917 0.159115836024284 -0.171808078885078 -0.161805436015129 -0.0456421077251434 -0.446802049875259
11.7294616699219 8.18593978881836 14.6954736709595 -0.477937787079792 0.698250190344407 -0.532937279016275 0.878363651971756 0.374890561365138 -0.29653728584138 -0.200566738843918 -0.567005574703217 -0.18448281288147 -0.0478146709501743 -0.218601197004318 0.46852120757103
12.1308898925781 7.96580982208252 14.4481649398804 -0.291181847125803 0.94786767901387 -0.129460399293626 0.864079725705636 0.202502800709199 -0.460824091524524 -0.138527691364288 -0.098251111805439 0.039391353726387 -0.0844620689749718 -0.0453854985535145 -0.478484719991684
12.4122619628906 7.89592027664185 13.949652671814 -0.0832816325930126 0.919945265184053 0.383099045597983 0.872473819956204 0.253066114027263 -0.418027481659006 -0.774323225021362 0.0116652585566044 -0.199091836810112 -0.0273268520832062 0.0595389194786549 -0.0802296474575996
12.6340942382812 7.91719579696655 13.4109792709351 0.221364811306565 0.653536577911545 0.723800774831636 0.813689530649891 0.285307690269018 -0.506467046888658 -0.340748310089111 -0.0484462752938271 -0.337072759866714 -0.210971906781197 0.128392279148102 -0.271897435188293
12.6437683105469 8.10671329498291 12.868504524231 0.541244921220695 0.378570644732621 0.750825014367216 0.634779786038736 0.401644368218888 -0.660103343965676 -0.411116749048233 0.103525251150131 0.52542245388031 -0.506201148033142 0.288037061691284 0.0326396077871323
11.9219970703125 7.89111757278442 11.6144561767578 -0.703280540307496 0.56320364955698 -0.433818084858729 0.700920784968367 0.447377177584427 -0.555485116070556 0.0497362315654755 0.0861312374472618 0.622232139110565 -0.7449871301651 -0.251426458358765 0.049586683511734
12.1874694824219 7.79386949539185 11.1435518264771 -0.445653892155721 0.885846744921255 0.129105200975302 0.629486191017371 0.412638494823173 -0.658389404462518 -0.48370087146759 -0.111358366906643 -0.515383780002594 -0.491707295179367 -0.660031020641327 -0.292951017618179
12.2935180664062 7.61005830764771 10.5627698898315 -0.188424744092393 0.95585692342141 0.225463207111655 0.3613635036458 0.280949241840028 -0.889091638551586 0.105563715100288 -0.0644969493150711 0.402531623840332 -0.0635680258274078 -0.0810563266277313 -0.0524434223771095
12.0775146484375 7.65251684188843 9.97488498687744 0.2872349392481 0.835091307790438 0.469167984125085 0.174919396845025 0.435841683390998 -0.882861955022569 0.406133592128754 -0.397449254989624 0.207641631364822 0.227220460772514 -0.0964229255914688 0.151628240942955
11.7988891601562 7.78921937942505 9.53422546386719 0.731225671607592 0.589091847554095 0.343918322174507 -0.0461534172501997 0.545749887336745 -0.836676115679215 -0.0937883332371712 -0.0243939682841301 -0.0841566696763039 0.222897529602051 0.255943089723587 0.473992973566055
11.4768676757812 8.12785148620605 9.30170631408691 0.970457706962189 0.215701244576458 0.10809630930729 -0.0554584771474661 0.635459468806459 -0.770140000789919 -0.436229258775711 0.304647147655487 -0.0438159331679344 -0.0146286301314831 0.179527536034584 -0.410516232252121
11.228515625 8.61474323272705 9.2528133392334 0.901524360246126 -0.194796761524435 -0.386403997886158 -0.0538926785466216 0.83545335729872 -0.546912485666005 -0.103805832564831 0.369312971830368 0.44680392742157 0.305099934339523 -0.05817711353302 -0.0292405597865582
11.223388671875 9.25390243530273 9.23394107818604 0.43662143651743 -0.614723835936267 -0.656868576433107 -0.0112915517380784 0.726339674440401 -0.687243172532953 0.236578851938248 0.26486411690712 0.01737448759377 0.356911838054657 -0.169675663113594 -0.142859220504761
11.5005798339844 9.74982261657715 9.23141765594482 -0.0549885117550975 -0.672535904294112 -0.738018780933291 0.291481551910643 0.696129396719624 -0.656081068099466 0.504979908466339 0.132958024740219 -0.7517049908638 -0.0323301404714584 0.543652415275574 0.567072927951813
11.9412231445312 10.0619297027588 9.14469337463379 -0.549755306803775 -0.41577436288999 -0.724500367014752 0.478748773679271 0.55391670888282 -0.681157758027478 0.287191241979599 0.166318044066429 0.175255805253983 -0.0294495709240437 0.275302916765213 -0.0124839246273041
12.4990234375 10.1805868148804 8.95209980010986 -0.816295232085936 -0.14558100338584 -0.558988609478709 0.373202304848321 0.605705717775957 -0.70273794767994 0.0307867210358381 -0.281784772872925 -0.440034478902817 -0.680944621562958 -0.249898180365562 -0.165301829576492
12.913330078125 10.2290468215942 8.60159683227539 -0.955183723429171 0.294531095119144 -0.0295886549863575 0.11148612034665 0.265347539944049 -0.957685505798064 -0.406947672367096 0.175652265548706 0.741117715835571 0.564200162887573 -0.164258614182472 -0.0581708364188671
13.0014953613281 10.8363075256348 7.8528904914856 -0.157698670930588 -0.478269357847255 -0.863938395101815 -0.637336002818278 -0.618972663615531 0.458994184285939 -0.00676328456029296 0.0885461419820786 0.353839308023453 -0.0565773360431194 0.1069276034832 -0.165609642863274
12.4507446289062 10.8370523452759 8.06855010986328 0.370215161921443 -0.697956209364164 -0.613023542527925 -0.723085120658573 -0.630794776466815 0.28150640892235 -0.234626725316048 -0.222773239016533 -0.0505893155932426 -0.106314308941364 0.410044968128204 -0.5954949259758
11.8897705078125 10.5471668243408 8.22649097442627 0.83374533128048 -0.509807132340637 0.212050490173023 -0.504512283126438 -0.547342412245763 0.667745190871142 0.220666199922562 -0.078255407512188 0.0773192271590233 -0.293784141540527 0.255680829286575 -0.0641042739152908
11.4477233886719 10.1258926391602 8.18167018890381 0.746833715600357 0.119997354626836 0.65409482196783 -0.45195586211431 -0.629934331643673 0.631600060574055 0.420651078224182 0.170957505702972 -0.0530128329992294 0.785387337207794 0.611632704734802 -0.358271181583405
11.3823852539062 9.55630683898926 8.23193550109863 0.388005253134194 0.503291374018495 0.772107321801086 -0.285809252985661 -0.73073550217297 0.619950559941513 -0.668296813964844 0.208335891366005 0.298272222280502 0.181102469563484 0.325078994035721 0.0502455495297909
11.5235900878906 9.00581169128418 8.2908353805542 -0.113862817801698 0.611485914638541 0.783019945417053 -0.233638367213452 -0.782522814629901 0.577123173984142 -0.315419226884842 -0.150821924209595 -0.190735429525375 0.445213139057159 0.18928188085556 -0.0991028100252151
11.8383483886719 8.59763240814209 8.49748039245605 -0.606608476575954 0.528946897315525 0.593499229962836 0.175121958480138 -0.639296936155111 0.748753448793906 0.0751412883400917 -0.258134812116623 -0.244731560349464 -0.622931838035583 0.14547424018383 0.436267822980881
12.3303527832031 8.44351768493652 8.82681179046631 -0.907026179151749 0.227150983223032 0.354550336559126 0.177971521685886 -0.556298915768359 0.811700470483884 0.12704986333847 -0.32514563202858 -0.0260431095957756 -0.152444452047348 0.287307739257812 0.511173963546753
12.6116638183594 8.40259838104248 9.3626537322998 -0.986586030583848 -0.14108369618328 -0.0821181765997689 -0.0117660939306013 -0.440278590011578 0.897784117820666 -0.448654264211655 0.0359087511897087 -0.125377312302589 0.192096427083015 0.204262942075729 -0.228376924991608
12.6563720703125 8.5468635559082 9.96954822540283 -0.634104902839627 -0.674000672425889 -0.37899085182125 -0.043610848287465 -0.458175861778115 0.887791064156161 0.282054513692856 -0.466436594724655 -0.178251147270203 0.416496843099594 -0.00628509512171149 -0.136155843734741
12.4677734375 8.66607856750488 10.5168895721436 -0.387275262265863 -0.789422210121389 -0.476267199588601 -0.354265258075306 -0.349502863310006 0.867377585287367 -0.177481204271317 0.080562599003315 -0.0960457623004913 -0.146718591451645 0.283557713031769 0.135651364922523
12.1313781738281 8.79746150970459 10.9878187179565 0.206993187869924 -0.920274398936483 -0.332037423850898 -0.362334125246619 -0.387364867707958 0.847739606805866 -0.184943318367004 0.459511458873749 -0.197868525981903 -0.142831742763519 -0.215435162186623 0.511732518672943
11.6099853515625 8.82293605804443 11.2033357620239 0.55370902701505 -0.831205962927867 0.0500295971921017 -0.749401037541782 -0.471218424518318 0.465135766551847 0.202835291624069 0.0424072667956352 -0.286661267280579 -0.309645861387253 -0.309877783060074 0.225158452987671
11.0805969238281 8.64292526245117 11.0999135971069 0.71650136607375 -0.564471236901361 0.409875609332268 -0.697045744515565 -0.602441880679801 0.38883288242602 0.024317741394043 0.488887548446655 -0.295408993959427 0.252947598695755 -0.0278323404490948 0.168652504682541
10.6648254394531 8.19121551513672 10.996732711792 0.643463002781965 0.00137705255492089 0.765475974656996 -0.621245533803108 -0.583301752515555 0.52327148999537 0.946145176887512 0.102725647389889 -0.0363544598221779 0.10948047041893 0.135967895388603 0.548812210559845
10.4720153808594 7.69249105453491 10.9296607971191 0.299187804954874 0.323862191384646 0.897552192553625 -0.640310369298926 -0.629259557528034 0.440494086484593 0.160855993628502 0.0037357450928539 -0.611093044281006 -0.285925477743149 -0.42713987827301 0.0403476469218731
10.3762512207031 7.1046986579895 11.00927734375 -0.17443513420594 0.711644010100909 0.680540363859524 -0.671430101753547 -0.591502812587803 0.446437051732873 -0.0331781059503555 -0.253661155700684 -0.213612973690033 0.072104312479496 0.0809933841228485 0.203780293464661
10.4166870117188 6.63654756546021 11.3945369720459 -0.466770616897289 0.835158222410007 0.290922557981125 -0.548027983954446 -0.531332993754949 0.646026763029388 -0.113031707704067 -0.0656172856688499 0.253083229064941 -0.100857950747013 -0.306577414274216 0.106283359229565
10.4234313964844 6.33599948883057 11.8811264038086 -0.708901471141462 0.672679410658506 -0.212040360991951 -0.610095168496505 -0.433989334874762 0.662900552565906 -0.377433717250824 -0.567801892757416 -0.399136781692505 0.444887846708298 0.447017580270767 -0.206962719559669
10.37890625 6.28443098068237 12.4903573989868 -0.787395581278806 0.3030887900036 -0.536791751014082 -0.613178788889591 -0.474647473329203 0.631444018831518 -0.0506916120648384 -0.464883893728256 0.098162829875946 -0.386916518211365 0.385134041309357 -0.0958444029092789
10.1477661132812 6.24803495407104 13.0755586624146 -0.43986418704892 -0.165065888546786 -0.882764266035986 -0.771206071613496 -0.434249999989022 0.465476242805167 0.154681146144867 -0.113469414412975 0.27718323469162 -0.205969944596291 -0.202468559145927 -0.21814826130867
9.75 6.36887741088867 13.4575309753418 -0.107793484111645 -0.555918111019161 -0.824218186297755 -0.885676805102063 -0.322908666933012 0.333626422400486 -0.157959118485451 0.289012312889099 0.252509862184525 -0.500421524047852 0.46002659201622 0.106616534292698
10.0653381347656 7.32824850082397 14.2164058685303 -0.309789505569567 0.925365976395506 0.218468011316428 -0.668540895792356 -0.375376155129258 0.641985835368296 0.538136959075928 0.487600773572922 -0.255304396152496 0.149113073945045 -0.6261186003685 0.0184678267687559
10.0894165039062 6.97345304489136 14.6966314315796 -0.527659279394483 0.844440330304804 -0.0921749066916192 -0.676178737340935 -0.351864844943861 0.64728158174063 -0.388001263141632 0.0036730004940182 -0.187423199415207 -0.173402637243271 0.0963130444288254 -0.227408319711685
10.0950622558594 6.90211200714111 15.2162771224976 -0.856913210808455 0.296555255650895 -0.421609688560139 -0.491491552385059 -0.223556287152676 0.841699851733761 -0.075636550784111 0.102651037275791 0.490440487861633 -0.499892145395279 -0.127591773867607 -0.10168432444334
9.990966796875 7.22930908203125 15.7530069351196 -0.872892045809135 -0.195896841535391 -0.446860049500513 -0.464502370561861 0.0533582348836372 0.883962921457973 -0.166531667113304 -0.0313616693019867 -0.140002772212029 0.467395156621933 -0.13557243347168 0.00843019783496857
9.79525756835938 7.60443258285522 16.1366367340088 -0.606165007311923 -0.752390216869449 -0.257823477343858 -0.57688595483068 0.192772757964962 0.793751383561425 -0.0612311251461506 0.175841256976128 0.69487476348877 -0.155390024185181 -0.0363314151763916 0.229512438178062
9.4736328125 8.05510139465332 16.493034362793 -0.245250317703806 -0.945922820515581 -0.212325927041494 -0.696815222510526 0.0197276697775576 0.716979333539506 0.272798538208008 0.31146976351738 -0.00388666149228811 0.214118555188179 -0.00754322484135628 0.170993983745575
8.91226196289062 8.26928615570068 16.5395965576172 0.275812462219293 -0.895722289250423 0.348724914831895 -0.883561378272689 -0.0934053791331703 0.458906009956128 -0.231075555086136 -0.16489851474762 0.187079727649689 0.243533581495285 -0.429081171751022 -0.140035763382912
8.39456176757812 8.24091625213623 16.26198387146 0.31382967526515 -0.575214537917055 0.755406625792916 -0.944926634128504 -0.267030809299073 0.189230555142818 0.237505912780762 -0.221651017665863 -0.186827227473259 0.261195838451385 -0.138777181506157 -0.106949135661125
7.96072387695312 7.91054582595825 16.0298633575439 0.27212977811706 -0.103942890622064 0.956630158081528 -0.824090011655874 -0.538449070061157 0.175921151767763 -0.354652613401413 -0.198753044009209 0.286700129508972 0.261902779340744 0.153479650616646 0.378156304359436
7.79345703125 7.4029426574707 15.9119071960449 0.0198066626607193 0.323762545087959 0.945931028411909 -0.634797817628711 -0.726874606619206 0.262078303157662 0.325454354286194 -0.0565405450761318 -0.334403693675995 -0.00064359453972429 -0.0755651593208313 -0.186771839857101
7.81268310546875 6.78651332855225 15.9388990402222 -0.372257232125131 0.587593391641471 0.718441757715829 -0.522072676967788 -0.772569582632594 0.36135351105889 -0.0974607244133949 -0.398262441158295 0.0717207416892052 -0.210850313305855 0.101753808557987 -0.236612260341644
8.00051879882812 6.22763967514038 16.1999320983887 -0.703910724985519 0.647597771811035 0.291765003377279 -0.562133858606262 -0.759011801147032 0.328491416521003 0.325057446956635 0.00984213687479496 0.196900010108948 -0.0365921147167683 -0.185368478298187 -0.211014121770859
8.00338745117188 5.90845155715942 16.6255626678467 -0.851897056856519 0.497351729553811 -0.164050789784852 -0.508689163786091 -0.711336177282126 0.485011523096368 0.718331634998322 -0.0918712839484215 -0.196126192808151 -0.183344408869743 0.309198915958405 0.119068339467049
7.9410400390625 5.710036277771 17.1641674041748 -0.768961152462333 0.0510803069269427 -0.63725155805855 -0.544028100328497 -0.575802760304223 0.610315170448027 -0.0937224477529526 -0.246344268321991 -0.133857682347298 0.242227435112 0.226286202669144 -0.158470034599304
7.68313598632812 5.62557697296143 17.6971664428711 -0.477366454306074 -0.258495955234902 -0.83982207010202 -0.739080596515883 -0.398825051504561 0.542861354441546 -0.124430567026138 0.558245480060577 0.27855920791626 0.220974281430244 0.198204755783081 -0.416211545467377
7.23727416992188 5.83691358566284 18.0758819580078 -0.168036864030312 -0.577482252404565 -0.798922937763467 -0.899133096823067 -0.242466968788849 0.364375415256997 -0.247560158371925 -0.460085928440094 -0.477988630533218 0.361264497041702 -0.370235830545425 0.598778784275055
6.65713500976562 6.8583607673645 19.1793079376221 -0.442781626728087 0.660035167409325 0.606875612308629 -0.838538848058482 -0.544488362098462 -0.0196220242606939 0.390518069267273 -0.0121869165450335 -0.256235003471375 -0.411273837089539 0.0519742891192436 0.343025594949722
6.46066284179688 6.35918617248535 19.3867588043213 -0.501061239729592 0.864442856894577 0.0409411920269385 -0.838632898149264 -0.496690510761702 0.22359203622009 0.24650739133358 0.21758159995079 -0.0824230462312698 0.00432649394497275 0.0389831773936749 -0.201648876070976
6.29696655273438 6.04541206359863 19.8389301300049 -0.569275142594255 0.696653006340559 -0.436578058061731 -0.812889992637834 -0.39748571949834 0.425693507895234 0.60962438583374 0.733492076396942 -0.206375911831856 0.205274075269699 -0.788603484630585 -0.0871244296431541
6.13128662109375 5.935706615448 20.3613929748535 -0.659797789014564 0.310642603147653 -0.684228069229218 -0.750193779105718 -0.21981720751726 0.623610206034503 0.13234755396843 -0.400174379348755 -0.234495118260384 0.0806775614619255 -0.37576499581337 0.161314100027084
6.005126953125 6.15687608718872 20.8691558837891 -0.607838876621018 -0.248526387145478 -0.754166118942315 -0.775193360198917 -0.0200838611287964 0.631404698133987 -0.246322199702263 -0.00796640757471323 0.488696366548538 0.00358165195211768 -0.0250824093818665 0.015598252415657
5.79209899902344 6.54268169403076 21.1865653991699 -0.47816292107758 -0.735007111523085 -0.480754372748754 -0.779847318956105 0.103538541495198 0.617347494966994 -0.751185297966003 -0.0629810467362404 -0.0979877784848213 -0.435932874679565 -0.230436533689499 -0.198523089289665
5.38449096679688 6.92046356201172 21.2956352233887 -0.174788737647874 -0.970452235961033 -0.166347091677897 -0.919391686872193 0.100401914677289 0.380313530707806 0.108472004532814 0.387108266353607 -0.174196273088455 -0.299873352050781 0.23425829410553 0.0268618483096361
4.88015747070312 7.1823558807373 21.1195087432861 0.0314605317879697 -0.962150100420134 0.270698022159647 -0.970532310896973 0.0353292503017818 0.238367106745238 -0.01764633692801 -0.433241695165634 0.0292938631027937 -0.291481494903564 0.202832072973251 -0.474519670009613
4.37368774414062 7.23672723770142 20.9112796783447 0.212372247440869 -0.57880761514631 0.787324439583553 -0.967610408766399 -0.012025754108807 0.252161611045448 0.164042875170708 0.380296021699905 0.0845442190766335 0.144662439823151 -0.215127527713776 -0.607269406318665
3.93380737304688 6.99209451675415 20.5962715148926 0.105992132304996 0.029665823354736 0.993924346625097 -0.956697517245133 -0.269472633091182 0.110065255698168 -0.0182752907276154 -0.236444413661957 -0.415525823831558 -0.247022241353989 -0.233294114470482 0.108929984271526
3.71688842773438 6.50824117660522 20.5155086517334 -0.198379894106088 0.555215408639522 0.807701224230659 -0.917708173081574 -0.394600376662438 0.0458503194878839 0.118112988770008 -0.341973662376404 0.181384429335594 -0.212092339992523 -0.043372880667448 -0.201376855373383
3.53094482421875 6.01310920715332 20.6553268432617 -0.343283054117764 0.866901844499108 0.361438704014422 -0.814704409680648 -0.466320173814985 0.344676979707189 -0.198022320866585 0.238418996334076 0.110281743109226 0.45011031627655 -0.289785385131836 -0.399025321006775
3.50343322753906 5.56689405441284 21.0044364929199 -0.609193309500471 0.791101876349927 -0.0551482809839865 -0.541984709383531 -0.364574647941671 0.757190795554632 -0.197227045893669 0.150773465633392 -0.196684330701828 0.192650735378265 -0.459879010915756 0.497734218835831
3.51399230957031 5.47063159942627 21.5465545654297 -0.781103880430496 0.447756867004254 -0.435190206722252 -0.536279098659706 -0.124091782265541 0.834868826771544 0.144322752952576 0.554568707942963 0.0317434929311275 0.222577035427094 -0.209096983075142 0.279120981693268
3.35098266601562 5.58074569702148 22.1381702423096 -0.619975123328883 -0.186211085997639 -0.762204879218781 -0.759410391064342 -0.10186431828871 0.642588140727075 -0.216633647680283 0.299343824386597 0.0180490538477898 0.219433903694153 -0.103544279932976 0.292711347341537
3.05610656738281 5.91207647323608 22.5571880340576 -0.451271660381497 -0.633568600742332 -0.628446271919827 -0.682196884752349 -0.209068316593581 0.700641027510463 -1.02544486522675 -0.25649082660675 -0.134466528892517 0.519406259059906 -0.00502424780279398 0.339724689722061
2.6923828125 6.10761737823486 22.9199409484863 -0.149942759343712 -0.899477132186029 -0.410436423328621 -0.611340461505028 -0.241909852414599 0.753486870112257 0.303285747766495 0.268724918365479 0.000924620078876615 0.117213241755962 -0.184218406677246 -0.0989293530583382
2.52230834960938 7.06368350982666 23.8982410430908 -0.448375305229553 0.892538863145714 0.0483111108841633 -0.620659890295243 -0.34977785428539 0.701738379476429 -0.257318645715714 -0.322943836450577 -0.0760490372776985 0.212657824158669 0.154243782162666 0.439585089683533
2.60830688476562 6.89388704299927 24.474048614502 -0.767724299308032 0.586607452625075 -0.257858675977195 -0.451687299937471 -0.209984905567931 0.86711298139794 -0.425600916147232 -0.59398227930069 -0.261654287576675 0.325849026441574 0.00736468425020576 0.232980027794838
2.59857177734375 6.9561710357666 25.0441570281982 -0.82790576526725 0.200812624699766 -0.523685338345881 -0.560114578918296 -0.344380585036296 0.753441219428057 0.0803964659571648 0.571415662765503 -0.3470379114151 0.48518842458725 0.539208114147186 -0.0683745220303535
2.51705932617188 7.23285484313965 25.5195083618164 -0.846595155312949 -0.1860106024814 -0.498674942989069 -0.50486836637863 -0.0159239541214795 0.86304945415388 -0.0123666282743216 0.794805645942688 -0.208705261349678 0.201809197664261 -0.252250194549561 -0.0216900669038296
2.41600036621094 7.66315793991089 25.8924541473389 -0.567815386220273 -0.784566806463694 -0.249079532211867 -0.563548190078192 0.149954526314331 0.812358958525995 -0.237669751048088 -0.0500310882925987 -0.745013952255249 -0.255310654640198 -0.30451112985611 0.054587259888649
1.96273803710938 8.17299747467041 26.0143737792969 -0.194826835802702 -0.98083717958407 0.000964985323182983 -0.787688633147848 0.157047212971727 0.595720395913626 0.296545922756195 0.376419812440872 -0.0167769473046064 -0.268131405115128 0.111463949084282 0.0985173881053925
1.48420715332031 8.42831230163574 26.0336227416992 0.144916438678359 -0.929006941259557 0.340507457910021 -0.862635618234268 0.0499309474949456 0.503355431713853 0.26394847035408 0.444498062133789 -0.560138821601868 0.156676754355431 0.555205225944519 -0.208024397492409
0.889404296875 8.43067169189453 25.8718528747559 0.266619880427057 -0.579247077966035 0.770315949483634 -0.905591229357327 0.122993704747784 0.405927424428924 0.18559168279171 -0.217372000217438 0.356673061847687 -0.206127926707268 0.111898675560951 0.175139337778091
0.294723510742188 8.38751220703125 25.7672519683838 0.460336468338764 -0.322108854937109 0.827246167406352 -0.878292103739826 -0.0296278520005808 0.477205585564651 -0.126095712184906 -0.247038647532463 0.0776397064328194 -0.148081049323082 0.512271642684937 -0.0723094716668129
-0.165130615234375 8.08474254608154 25.7560558319092 0.376305372335053 0.173254173018339 0.910152326967035 -0.816748089790063 -0.401737907887746 0.414160851832063 -0.334319531917572 0.0369398184120655 -0.204953342676163 0.126736789941788 -0.256783902645111 -0.0802297964692116
-0.327987670898438 7.57811069488525 25.7562770843506 -0.0337243372880321 0.585866005364946 0.809705929848734 -0.5902412091132 -0.66546457574211 0.456915980785265 -0.236651852726936 0.124914050102234 0.170089617371559 -0.0197220370173454 -0.205242484807968 0.287907302379608
-0.24493408203125 6.9847526550293 25.8515338897705 -0.454818902385037 0.664459311622206 0.592987005955286 -0.43731837756008 -0.746666566433599 0.501240137278011 0.403238147497177 0.251991152763367 0.29433661699295 -0.0719184726476669 0.0320044010877609 -0.37090015411377
-0.106857299804688 6.59509801864624 26.1916809082031 -0.803679406835881 0.569445831391053 0.172716114301126 -0.354752579480961 -0.691526728292372 0.629238739596389 0.0458559729158878 -0.0844733864068985 0.0519290082156658 -0.125911429524422 0.0304109025746584 -0.320105016231537
0.070709228515625 6.30805015563965 26.7438831329346 -0.864374216631734 0.398001938249172 -0.307329905430921 -0.497618426353108 -0.589105842069125 0.636655486581152 0.0939140915870667 0.145403206348419 -0.429359614849091 0.202349290251732 0.36883157491684 0.00294508505612612
-0.021209716796875 6.1978931427002 27.3618049621582 -0.708627271149628 -0.00154520515456842 -0.705581322686522 -0.503509917585602 -0.699435786182266 0.507215283583348 -0.0994018316268921 0.238557681441307 -0.133782088756561 -0.150354042649269 0.458018153905869 0.66036581993103
-0.368087768554688 6.2462215423584 27.8050899505615 -0.31827142329802 -0.490689044452789 -0.811127340659814 -0.718840355585765 -0.432896085831007 0.543938895514491 -0.0243607573211193 -0.0813584476709366 0.028108648955822 0.0289348158985376 0.0960139855742455 0.817860007286072
-0.406005859375 7.30193090438843 28.67165184021 -0.489770706631653 0.839895019933016 0.233882471376652 -0.418773382810281 -0.461914942239552 0.781833383775255 -0.0595887079834938 0.193299040198326 -0.299232453107834 0.235014542937279 -0.363839119672775 0.527787446975708
-0.209884643554688 7.10675477981567 29.1583480834961 -0.856306444699685 0.513758806671345 -0.0528314426589072 -0.309806494252837 -0.429120029798553 0.848455028946411 0.32456362247467 0.257743716239929 -0.0153900757431984 -0.0131644774228334 -0.104247964918613 -0.231815725564957
-0.103286743164062 7.19622039794922 29.7005882263184 -0.950901857002147 0.00696914621654037 -0.309414106580293 -0.306020441076343 -0.170505551140363 0.936631916322395 -0.194237098097801 -0.948156177997589 0.257769614458084 0.64775937795639 0.372266799211502 0.836300551891327
-0.131744384765625 7.4354362487793 30.2316875457764 -0.625407536902714 -0.665440114399758 -0.407498302981641 -0.386837198712314 -0.189129760476237 0.90254468886289 0.427116483449936 0.287778913974762 -0.208998262882233 -0.690057635307312 0.231247678399086 0.222703412175179
-0.468643188476562 7.83077144622803 30.6076145172119 -0.390771006395024 -0.848450334303397 -0.356973459491701 -0.776514620320349 0.0956035307544019 0.622804150063273 -0.323820501565933 0.364831149578094 0.000631239148788154 0.102768592536449 -0.735435903072357 0.129819557070732
-0.986480712890625 8.15468788146973 30.7067012786865 0.129356527523468 -0.972590065258618 0.193223843630406 -0.79320190888961 0.0154449957416205 0.608762830534535 -0.423877656459808 0.512081980705261 -0.141372725367546 -0.0907342582941055 -0.164319187402725 -0.158143997192383
-1.5032958984375 8.13554763793945 30.6530361175537 0.45600070414147 -0.607063576458834 0.650797335550395 -0.862461290148823 -0.120991680075526 0.49144840659761 -0.147629767656326 -0.359942376613617 0.445485681295395 0.0614916607737541 0.0768199041485786 0.0452546514570713
-1.98588562011719 7.89790630340576 30.529354095459 0.482564739875088 -0.0835016389939896 0.871870832242142 -0.843358678476539 -0.312957437381145 0.436810922283468 -0.556658565998077 -0.550813674926758 0.456416547298431 0.331247180700302 0.207317799329758 -0.278041899204254
-2.28919982910156 7.45787525177002 30.4895038604736 0.264850091529372 0.333022603428089 0.90495876957067 -0.638153103933982 -0.643034077179981 0.423400273411243 -0.557149469852448 0.271522372961044 0.015088414773345 -0.0898869559168816 -0.303972512483597 0.126669406890869
-2.39976501464844 6.91424179077148 30.6247634887695 -0.0284579136818025 0.778009187128938 0.627608040015301 -0.635499239216964 -0.49872202018054 0.589420956143994 0.328371524810791 0.00805882643908262 0.455157101154327 0.0145145896822214 -0.581920981407166 -0.392689347267151
-2.40882873535156 6.48942375183105 31.0113010406494 -0.535390384074654 0.831874155430988 0.146090814791265 -0.537317451073194 -0.468922302397172 0.701000592786298 -0.0433568432927132 -0.268378853797913 0.226839452981949 -0.0199417546391487 0.0456771142780781 -0.188037574291229
-2.43377685546875 6.25640630722046 31.5428695678711 -0.743226755595064 0.584277354892361 -0.325935518665304 -0.626850195509882 -0.437875254146024 0.644456433124673 0.42677029967308 0.257783025503159 0.0755368173122406 -0.44008931517601 0.050879530608654 0.0865068435668945
-2.59451293945312 6.15524482727051 32.1273651123047 -0.693027652038898 0.170624715419222 -0.700428354649897 -0.709039012234304 -0.336923357603998 0.619472622664352 0.28555828332901 -0.773499071598053 -0.482583791017532 0.634682655334473 0.0703912079334259 0.191668495535851
-2.86123657226562 6.35407066345215 32.6250610351562 -0.529175044824831 -0.341468302326226 -0.776770989701008 -0.750822506337725 -0.238014521992064 0.616128761946418 -0.106787532567978 0.308329820632935 -0.140215188264847 -0.508380651473999 0.058138269931078 0.265827715396881
-3.18246459960938 6.59301710128784 33.0473861694336 -0.373379493873649 -0.64026067374198 -0.671307696376351 -0.847696052110857 -0.0584681558564068 0.527250299180966 -0.389041811227798 -0.190905153751373 -0.098151370882988 -0.0719043388962746 0.152322217822075 0.297495782375336
-3.65457153320312 6.96448373794556 33.1459922790527 -0.111868685371523 -0.921330048139314 -0.372339011693452 -0.929974212472873 -0.0349767265435711 0.365957091386075 -0.251020103693008 -0.0364411249756813 0.710807859897614 0.0252377837896347 0.371886372566223 0.488869458436966
-4.13581848144531 7.26524019241333 33.0304222106934 0.0761991527793094 -0.996303751800232 0.0396550534547347 -0.993787434809634 -0.072650931758784 0.0843111886351285 -0.473366618156433 0.76008003950119 -0.135598599910736 0.186319753527641 0.674752116203308 -0.134362608194351
-4.83699035644531 8.27368545532227 33.176025390625 -0.237521804191462 0.897035849983103 -0.372706421166478 -0.862395286157339 -0.0181506459311669 0.505909996408336 0.616981387138367 -0.17763614654541 0.15340718626976 -0.241603702306747 0.355276316404343 -0.465043663978577
-5.00376892089844 8.27260971069336 33.7257614135742 -0.355440511271854 0.553729974147655 -0.753024009363075 -0.882637488148494 0.0662790471530564 0.465358090531797 -0.14301723241806 -0.649846971035004 -0.0303160082548857 0.250735253095627 0.104019321501255 0.193491101264954
-5.23573303222656 8.58868980407715 34.188232421875 -0.532924962828601 -0.0890592884165102 -0.84146267127002 -0.828890367284633 0.254846672281583 0.497989892116044 -0.182079657912254 0.712494730949402 0.395636677742004 -0.322238057851791 0.177767589688301 -0.147099629044533
-5.40046691894531 9.11258316040039 34.4178657531738 -0.589178180061108 -0.670877310029133 -0.450325112588621 -0.763785615387273 0.280576363158172 0.581298923243815 -0.154386132955551 -0.284380465745926 0.066175252199173 0.0459484420716763 -0.0772140771150589 0.126659318804741
-5.70086669921875 9.59312343597412 34.4954414367676 -0.460541508586105 -0.887505399434999 -0.015352030580904 -0.776289223775193 0.394322110975089 0.491818171529538 0.441390365362167 0.242468059062958 0.0632398650050163 0.347681939601898 -0.200348392128944 0.184485554695129
-6.161376953125 10.0090970993042 34.3242683410645 -0.218331151218107 -0.899700721238433 0.377981640573746 -0.90939726321838 0.32808672835648 0.255647640957749 0.236349388957024 0.0104738371446729 0.458225816488266 0.144724458456039 0.150930181145668 -0.0862726420164108
-6.67646789550781 10.1963834762573 34.0838928222656 0.0379845489970949 -0.703920155633867 0.709262707697141 -0.884731531491564 0.306274309811055 0.351349063374806 -0.208630844950676 -0.364184945821762 0.143406972289085 0.0847644805908203 -0.0211937911808491 0.0370008759200573
-7.2587890625 10.136287689209 33.8293762207031 0.213375854844323 -0.328704472116718 0.920013105656612 -0.976873847328832 -0.0585594209282344 0.205641145264066 0.64118105173111 0.118590049445629 0.243554353713989 0.117006085813046 -0.0258355531841516 -0.153047069907188
-7.75421142578125 9.78471755981445 33.6944160461426 0.265377142467343 0.167411287372012 0.949499043241389 -0.898628638875782 -0.313884016910436 0.306501865117373 0.252092301845551 -0.359909772872925 0.0547521524131298 0.0742513760924339 -0.137081801891327 -0.0101005742326379
-8.16653442382812 9.29905414581299 33.7605628967285 0.129200486366827 0.727078525340923 0.674287811183506 -0.724041147839952 -0.395448029112121 0.565141816277953 0.0331903286278248 0.525660336017609 0.378444463014603 0.208339750766754 0.414947509765625 0.0548484958708286
-8.21424865722656 8.7735481262207 34.0226707458496 -0.29530165084455 0.890987174297347 0.344875035695703 -0.618748536842611 -0.453396814386361 0.641546239065765 0.308375686407089 -0.365497678518295 0.044074859470129 -0.193313732743263 -0.462994694709778 0.471719056367874
-8.21701049804688 8.5109691619873 34.5043869018555 -0.633800276352536 0.759731283599976 -0.145277618424115 -0.639687990742651 -0.409239609229625 0.650632167001612 -0.116635642945766 -0.356057614088058 0.185845986008644 0.45961120724678 -0.243586093187332 -0.0172100383788347
-8.26519775390625 8.47167110443115 35.064567565918 -0.785611393426644 0.395451664177939 -0.475849471805049 -0.618718696893671 -0.503837059951431 0.602773084281055 -0.0244754012674093 0.107269331812859 -0.164716690778732 0.202089488506317 0.533942461013794 -0.0325760394334793
-8.37353515625 8.46766948699951 35.6074638366699 -0.651938372277442 -0.10634759099072 -0.750777296302113 -0.615434908666322 -0.504189764114305 0.605832117799343 -0.0511406473815441 -0.388511627912521 0.541487038135529 -0.101812690496445 -0.0214385371655226 -0.548240542411804
-8.65415954589844 8.55298519134521 36.0911483764648 -0.462844886218631 -0.535357168784777 -0.706517737308845 -0.731322010353345 -0.219798358297194 0.645644483336302 -0.147630661725998 -0.850042045116425 0.160766437649727 -0.373482435941696 0.148249566555023 0.000492607359774411
-9.06587219238281 8.82438373565674 36.4256057739258 -0.101539953375113 -0.833590578573549 -0.542969967108675 -0.685195315160446 -0.337094125952786 0.645658524554819 -0.05040467903018 0.313161969184875 0.0670542865991592 0.274097800254822 -0.192946061491966 -0.756295382976532
-9.3685302734375 10.0671319961548 36.9049224853516 -0.137831157337721 0.907741271587483 -0.396242799207359 -0.875282577341291 0.0756055258909425 0.477665378960565 -0.0860774666070938 0.0298760067671537 0.0892840921878815 -0.498256266117096 0.109936609864235 -0.307719171047211
-9.70674133300781 10.093279838562 37.5157623291016 -0.137581513956713 0.67083941057198 -0.728728901746607 -0.844322203364491 0.3052392181426 0.440396453906506 -0.086725577712059 -0.136537864804268 -0.158960536122322 0.23630790412426 -0.547200441360474 -0.448697447776794
-9.92268371582031 10.4609546661377 37.9714241027832 -0.361254443308572 -0.0182865212299423 -0.932287954620846 -0.898091505177686 0.275791561783483 0.342594020345812 0.111007310450077 -0.0361695066094398 0.0997470170259476 0.228729903697968 0.266670316457748 0.0614627301692963
-10.2013244628906 10.882209777832 38.2823486328125 -0.327518798446033 -0.414329086786078 -0.84915419359942 -0.938369758091619 0.247672445044426 0.241082054630354 -0.551672160625458 -0.0932663902640343 -0.0964106544852257 0.259277999401093 -0.483806252479553 0.346024245023727
-10.4495544433594 11.3734016418457 38.36328125 -0.421559746477166 -0.767832393727819 -0.482411437771033 -0.888604242389403 0.243752844328928 0.388544786722345 0.446836441755295 -0.159960120916367 -0.0901055186986923 -0.39842814207077 0.337149232625961 -0.0652655139565468
-10.8235015869141 11.8413524627686 38.348991394043 -0.239904537610833 -0.97053596032965 -0.0224891649630817 -0.918102723610665 0.219293528575264 0.330148053490686 -0.179553538560867 -0.977126479148865 -0.283939093351364 0.945611834526062 -0.655509471893311 0.0419313907623291
-11.3093566894531 12.1752147674561 38.0195503234863 -0.168157525405524 -0.854340323015662 0.491757724005414 -0.94024908445098 0.288839653725007 0.180286753881454 -0.0685519650578499 0.0752087160944939 -0.389159977436066 0.375340700149536 -0.0455151088535786 0.392225861549377
-11.7588958740234 12.2827367782593 37.7620315551758 -0.0026978481800955 -0.51405760694225 0.857751419911389 -0.995279316065996 0.084595205398258 0.0475682061342392 -0.354942083358765 0.0184201598167419 -0.362988114356995 -0.0896783694624901 0.419876009225845 0.0547945462167263
-12.2496490478516 12.0959882736206 37.5040283203125 0.19655355696698 0.0597981990293985 0.978667908248998 -0.971812570723987 -0.120642281521941 0.202548185111634 -0.280640810728073 0.178346231579781 0.236870259046555 0.0576602257788181 0.205619379878044 -0.460054039955139
-12.6585540771484 11.670934677124 37.4473915100098 0.00143544598070726 0.650142143846089 0.759811247804379 -0.92522079849818 -0.287429602522683 0.247690729782209 -0.119362019002438 0.155601680278778 -0.293358892202377 0.164568051695824 0.0581608414649963 0.424005657434464
-12.8942718505859 11.1534748077393 37.6374816894531 -0.134109477486466 0.888170119233006 0.439509371174193 -0.881731195934211 -0.309373958409525 0.356143021796648 -0.0557258427143097 -0.0309101324528456 0.145260140299797 0.130980476737022 -0.0221517011523247 -0.413436233997345
-13.1308288574219 10.8033599853516 37.9856643676758 -0.287916415527051 0.949243181924941 -0.126655119276989 -0.925195845802481 -0.241572436094836 0.292669446695479 0.503981292247772 0.337421089410782 0.0711322799324989 0.0508946590125561 -0.36631166934967 0.0945841446518898
-13.4071502685547 10.6219215393066 38.4864311218262 -0.384121553547274 0.698542617410093 -0.603729114555763 -0.921463435857427 -0.249021469720596 0.298150036048999 0.515165150165558 -0.251417249441147 -0.493332117795944 0.107542723417282 -0.00999203696846962 -0.214980155229568
-13.7553558349609 10.6213760375977 38.9271469116211 -0.307453162637869 0.361461023893372 -0.880237741175602 -0.948481455303085 -0.190799528548013 0.252939654566059 0.196761503815651 0.215301290154457 -0.336305737495422 -0.00959125626832247 0.390547454357147 0.0685581490397453
-14.1921691894531 10.7603178024292 39.343505859375 -0.199962830006425 -0.0590829434128182 -0.978020486704394 -0.974449111122521 -0.0922192299947874 0.20480367050348 -0.642427623271942 0.0551555566489697 -0.0193452294915915 0.529074788093567 0.37286388874054 -0.207371443510056
-14.64404296875 11.120753288269 39.5355606079102 -0.0518472376470692 -0.513924585799631 -0.856267121907087 -0.978511099547149 0.197488463175917 -0.0592818266878181 0.406582832336426 -0.0700538381934166 0.269333004951477 0.0946235060691833 -0.0874024480581284 0.203212067484856
-14.9827728271484 11.5438184738159 39.3864288330078 -0.099854277094146 -0.936735376983107 -0.335493601808323 -0.9415412979426 0.197991345588772 -0.272579183615536 0.0693935453891754 -0.0397492311894894 -0.0360310934484005 -0.511828124523163 0.371939927339554 0.405664891004562
-15.2180328369141 11.8300533294678 38.9604301452637 -0.366222612903629 -0.862712487502591 0.348723617934219 -0.769374400534369 0.0699392782122383 -0.634957895584842 0.157171875238419 0.255226224660873 -0.290466964244843 -0.328419148921967 0.313184529542923 -0.419094264507294
-15.2996063232422 11.8163633346558 38.4037475585938 -0.59217285863784 -0.500345063235306 0.631653483477093 -0.768316738538639 0.114256236929056 -0.629789569304034 -0.158334419131279 0.268136411905289 0.0295708607882261 0.19536367058754 -0.0268636699765921 0.309801310300827
-15.4068603515625 11.7180252075195 37.8910064697266 -0.594396918321142 -0.222368908954229 0.772815871874301 -0.695424256987252 -0.340451013398258 -0.632833477519819 -0.47351548075676 0.887982964515686 -0.11692801117897 0.740015089511871 0.188214555382729 -0.364250719547272
-15.5208892822266 11.2256278991699 37.6189270019531 -0.694966573759976 0.404176759883 0.594695391042171 -0.71839737149855 -0.425308290819056 -0.550470775232026 0.080948069691658 0.224153026938438 -0.174770399928093 -0.132723465561867 -0.212240308523178 -0.309071838855743
-15.7502593994141 10.746283531189 37.5258712768555 -0.636908953375457 0.714366516596703 0.289874912808391 -0.751655203136429 -0.491837825171098 -0.439442839660516 -0.235358729958534 -0.35558232665062 0.339581578969955 0.242175430059433 0.159166023135185 -0.0116789117455482
-16.0446319580078 10.2721118927002 37.5699729919434 -0.420953599209339 0.896970072660427 -0.135065747190952 -0.892378546017673 -0.436214807925857 -0.11565972485525 0.0530296936631203 0.157463684678078 -0.218364834785461 -0.0111084477975965 -0.487970322370529 -0.217669546604156
-16.4186706542969 10.0175104141235 37.9430541992188 -0.305256395819511 0.598908842513521 -0.740355813896532 -0.93047636506636 -0.352970284922115 0.0981107130485456 0.0871041864156723 -0.2738236784935 -0.409000307321548 0.608409225940704 0.253964811563492 -0.268251091241837
-16.7941741943359 10.092568397522 38.3721046447754 -0.297754680676258 0.0296711288012453 -0.954181206192534 -0.903000018744918 -0.333043937406208 0.271427157638373 0.240289658308029 0.302312552928925 0.0663521885871887 0.303173124790192 -0.354533702135086 -0.228130400180817
-17.3282318115234 9.66992950439453 39.5622291564941 -0.996726326415558 0.0769615597711844 0.0247699121462425 -0.0564947780270581 -0.443823007685176 -0.89433186117065 -0.397737622261047 -0.317394286394119 -0.223135471343994 0.202842205762863 0.336329281330109 -0.206615298986435
-17.119140625 9.15795040130615 39.3252372741699 -0.793264466657809 0.564465956066937 -0.22827542657838 -0.108870751607274 -0.500364613833018 -0.858942613140251 -0.393513858318329 -0.112645886838436 0.405590385198593 0.016198705881834 -0.294932812452316 0.33371102809906
-17.2908477783203 8.68375682830811 39.099308013916 -0.359838737239604 0.830907117203806 -0.424393032178744 -0.214514064173989 -0.516355020777633 -0.829072499115299 -0.0392150096595287 -0.400648295879364 -0.251219570636749 0.219962924718857 0.209658101201057 -0.21268992125988
-17.6456909179688 8.22397327423096 38.9950790405273 0.165112079839592 0.818059651661632 -0.550923231870189 -0.422565669673553 -0.446047425113969 -0.788973985225457 0.0750492736697197 0.330616682767868 -0.468403697013855 -0.620234191417694 -0.199329733848572 -0.189822599291801
-17.6120452880859 7.35441064834595 38.7255058288574 0.0864963629846388 0.463849277741597 -0.881681476911605 0.86320460595387 -0.476738643732858 -0.166126680072107 0.524387240409851 -0.0496106296777725 -0.407709509134293 -0.0600019693374634 -0.163856580853462 -0.0165252815932035
-17.3969573974609 6.85159015655518 38.6702003479004 0.41466596258803 0.786836060784467 -0.457100812644351 0.751014335706439 -0.57956781626371 -0.316352041110422 0.416881024837494 -0.0542208440601826 0.132651895284653 0.0847127959132195 0.260321766138077 0.467060118913651
-17.2060089111328 6.35565757751465 38.3304252624512 0.500721389244094 0.860390432965308 0.0949020190261206 0.84057217823904 -0.457130050796341 -0.290638142420108 0.507112503051758 0.149894401431084 -0.709084749221802 -0.166258633136749 -0.19353224337101 0.128017947077751
-16.9904022216797 6.10835790634155 37.8140182495117 0.51486571435856 0.602176974717004 0.610160788070429 0.855050532241641 -0.411915614981689 -0.314982719283999 -0.105765976011753 -0.527549147605896 -0.286653846502304 -0.594268023967743 0.112696513533592 -0.320243656635284
-16.7340087890625 6.07891321182251 37.268310546875 0.442321180443907 0.299160803558653 0.845490855624619 0.885805139823282 0.00181473708260409 -0.464053834152868 0.410878151655197 -0.347123682498932 0.0959497392177582 0.0493262857198715 0.336793452501297 -0.200706005096436
-16.4741363525391 6.37221384048462 36.825553894043 0.44931609150472 -0.23290780959072 0.862478406771193 0.889307984175186 0.0246160555734283 -0.456645769815371 -0.00758588872849941 0.154982998967171 0.125380784273148 -0.130878210067749 0.545662939548492 0.256678521633148
-16.1632843017578 6.76164817810059 36.6818428039551 0.429976267147634 -0.739774036009397 0.517546891920098 0.884248808605056 0.460794232712618 -0.0759784152199077 -0.0677720978856087 -0.202350258827209 -0.331692397594452 0.180312246084213 0.209107756614685 0.189437687397003
-15.8827056884766 7.20452785491943 36.8376007080078 0.43855674221328 -0.888465994668472 -0.135263299446071 0.890652820972351 0.449777804214846 -0.0666144078234192 -0.0490494482219219 0.417252838611603 -0.248611584305763 0.580676853656769 0.368364989757538 0.420666873455048
-15.4518280029297 7.48878574371338 37.2071876525879 0.201158563651585 -0.820671197504267 -0.53482148223173 0.970613025895828 0.24061007259202 -0.00414088500281856 -0.439469963312149 -0.0880247950553894 0.788221299648285 -0.333524435758591 -0.266829043626785 -0.0128564825281501
-14.9593963623047 7.56682252883911 37.5581474304199 -0.0785507916821569 -0.343462388509616 -0.935875718674962 0.947921990003433 0.264931932686272 -0.176790757425404 -0.211554855108261 -0.142393946647644 -0.147318974137306 -0.16120420396328 0.0326034426689148 0.327368408441544
-14.4261474609375 7.4761848449707 37.8408737182617 -0.113823841084175 -0.0768898347334006 -0.990521118662048 0.949673511388112 0.284436790575768 -0.131209503980201 0.326249688863754 0.0713288933038712 -0.389020562171936 -0.116287715733051 0.10250535607338 0.300047248601913
-13.9021148681641 7.17875337600708 37.8741111755371 -0.238664063316009 0.50304099619527 -0.830655898087988 0.949501371373043 0.300289898383237 -0.0909567077773645 -0.0595758780837059 0.350805848836899 -0.130307763814926 -0.0804755613207817 -0.0744723975658417 0.273132890462875
-13.3865966796875 6.91535806655884 37.8104095458984 -0.347857323382203 0.805845746683266 -0.479174201227339 0.933251129936892 0.2487488574761 -0.259164685819363 0.154748484492302 -0.480181306600571 -0.259598344564438 0.0782137811183929 -0.209717318415642 0.147301822900772
-12.9927978515625 6.70748519897461 37.4408149719238 -0.259111673726088 0.96122096604159 0.094421369302382 0.798379436569768 0.268175377687736 -0.539140280506456 -0.100332506000996 -0.0398054495453835 -0.188155621290207 -0.1199991106987 -0.0831989720463753 0.213531702756882
-12.8172302246094 6.63102197647095 36.9306755065918 0.12332057155624 0.869529221094688 0.478237357693339 0.741819537826874 0.239330144547555 -0.626438229364372 0.103268496692181 0.113519690930843 0.27757066488266 0.478791445493698 -0.332658320665359 -0.204917207360268
-12.7169036865234 6.76017618179321 36.3657379150391 0.421777312765432 0.418434355713083 0.804373413530897 0.766990789725271 0.308475053237767 -0.562643999351777 -0.0880055651068687 -0.0788105875253677 -0.0479103326797485 -0.135290533304214 0.232730194926262 0.23985792696476
-12.6467895507812 6.05354928970337 35.1036148071289 0.130851874173331 -0.0109251314168556 -0.991341731457347 0.98647342920176 -0.0981471744017819 0.131290919853075 -0.373026013374329 0.238123327493668 0.163361579179764 -0.0803763717412949 -0.0968742147088051 0.194248914718628
-12.2631378173828 5.63842821121216 35.275146484375 0.0472826814376352 0.521634498006359 -0.85185785112642 0.998860267219809 -0.0302582018408492 0.0369135177262954 -0.0892098024487495 -0.144943565130234 -0.0546370893716812 0.275726944208145 -0.21632818877697 -0.21840688586235
-11.8893280029297 5.20154619216919 35.175708770752 0.172142951272503 0.927892923550984 -0.330728781256184 0.985006765348587 -0.166003289383136 0.0469529565788255 0.464228123426437 0.363213211297989 -0.064302384853363 0.261106371879578 0.268860906362534 0.305227905511856
-11.5914764404297 4.83889007568359 34.865161895752 0.24339590279086 0.965976947551753 0.0874469628015722 0.942655982428983 -0.214360160624185 -0.255830843191402 -0.0318746939301491 -0.463327527046204 -0.0039988080970943 -0.105683445930481 0.0857631489634514 0.0671105310320854
-11.2266540527344 4.62365531921387 34.4427070617676 0.197883207831657 0.7755842240239 0.599425848211018 0.950681534584802 -0.00284767814882941 -0.310155623080812 0.0196077562868595 0.0372525751590729 -0.16338911652565 0.203299254179001 0.519970178604126 -0.0841848701238632
-10.9243011474609 4.7331166267395 33.9297142028809 0.237653060489837 0.46562767612067 0.852473982048882 0.911375781613135 0.196715007817541 -0.361520940456278 0.292838037014008 0.0193560216575861 0.28359392285347 0.352212876081467 -0.0466725565493107 -0.580924689769745
-10.7137145996094 5.14795017242432 33.5093688964844 0.409273215886823 -0.0579405241436979 0.910570332494756 0.893748329318932 0.226278245821578 -0.387313928625769 -0.227815195918083 -0.0223247278481722 -0.141543194651604 0.581834316253662 -0.380505830049515 -0.377597153186798
-10.4936218261719 5.6400260925293 33.2779884338379 0.532423767144822 -0.426580135548449 0.731132217957042 0.836283368856374 0.398729450590035 -0.376357479275226 -0.0985521972179413 0.249195039272308 0.386349856853485 0.147971510887146 -0.042302668094635 0.00969286821782589
-10.2185974121094 6.12868785858154 33.2504997253418 0.44073366457333 -0.845940278073248 0.300231382179011 0.894719242807068 0.387049964498998 -0.222867228483847 -0.15932397544384 -0.0788362398743629 -0.473194539546967 -0.264289945363998 -0.00879273097962141 -0.206757694482803
-9.84228515625 6.49501895904541 33.4267272949219 0.315429340986465 -0.923238174730355 -0.219398276122232 0.945669640162729 0.325027222479232 -0.00813857001761842 -0.233756899833679 0.165379077196121 0.0522492080926895 -0.231213495135307 -0.0380710251629353 0.107588328421116
-9.47212219238281 6.68088388442993 33.809154510498 0.218075843131433 -0.742749074162188 -0.633061402609357 0.975923486827813 0.16328741874962 0.144604864150308 -0.341111660003662 -0.00500008184462786 -0.114750027656555 0.504188120365143 0.196191921830177 0.0891098454594612
-9.07087707519531 6.7007794380188 34.1996994018555 0.0808438257300885 -0.383966602602644 -0.919801024095487 0.988361501057549 0.150190499805998 0.0241734771039076 -0.0920360460877419 0.222993850708008 0.558116316795349 0.848895609378815 0.0549739673733711 0.271828562021255
-8.63648986816406 6.4406852722168 34.4029731750488 0.0363628131885433 0.257573367970737 -0.965574288146296 0.995660501007866 0.0734843713241578 0.0570982828451028 -0.0681964904069901 -0.677118480205536 -0.115265071392059 0.301914304494858 -0.309718310832977 -0.00137216760776937
-8.26213073730469 5.9497709274292 34.4225387573242 0.136264117147787 0.723509279374326 -0.676732157531454 0.949638674527808 -0.28995904364741 -0.118786113869199 0.243813157081604 -0.0985454320907593 0.420868515968323 -0.193711414933205 0.197289988398552 -0.650436639785767
-7.92721557617188 5.47888517379761 34.2294425964355 0.261409107756275 0.937340508478544 -0.230343329721644 0.944787149046412 -0.297332677227536 -0.137733518249769 0.0488680526614189 -0.753331661224365 0.0536090545356274 0.591868817806244 0.507771730422974 -0.341827869415283
-7.61244201660156 5.14262628555298 33.9322090148926 0.296870593720141 0.938389714111226 0.176897131221799 0.892058937177232 -0.206428417753802 -0.402017612730946 0.395350754261017 0.359596014022827 -0.0989272817969322 0.18275810778141 0.273020654916763 -0.220977962017059
-7.39027404785156 5.09314203262329 33.3881607055664 0.56687587221745 0.475342579648807 0.6728307197732 0.7911286406575 -0.0863785950456967 -0.605519786835531 -0.3821120262146 0.119278162717819 -0.0384560525417328 -0.240028738975525 -0.199803620576859 0.10813196003437
-7.97998046875 4.74861145019531 31.8573627471924 -0.0942421244337872 0.262784493666955 -0.960240975938024 0.941682188872806 0.336503410554144 -0.000331428952869913 0.363791257143021 0.404288738965988 0.101298399269581 0.188867688179016 -0.285195142030716 0.319184929132462
-7.49015808105469 4.517502784729 31.8754806518555 -0.0747872307443176 0.69835332792977 -0.711835303625081 0.935310233781637 -0.198437934615765 -0.292945648011313 0.0969934314489365 -0.454470366239548 0.160557091236115 0.0900940671563148 -0.119531407952309 0.686404347419739
-7.27645874023438 4.09575033187866 31.6164131164551 0.0520515210735847 0.92630843928093 -0.373153205092566 0.7631849966171 -0.277891044050896 -0.583374004027313 0.10294633358717 -0.125827118754387 0.156035989522934 -0.0973507016897202 -0.012081298045814 -0.13579523563385
-7.18745422363281 3.82850742340088 31.0755672454834 0.416241445192433 0.897964604311078 0.142837770595047 0.703501888367978 -0.218528521383371 -0.676262063407882 0.591712832450867 0.0263843797147274 -0.103459671139717 0.147603079676628 -0.14849129319191 0.360075384378433
-7.08609008789062 3.71525597572327 30.5295085906982 0.63122631414196 0.572124779596421 0.523666474873562 0.637351713924746 0.00211242760866941 -0.770570133347243 -0.252435028553009 -0.0425557233393192 -0.0849169492721558 0.326109439134598 -0.540937483310699 0.182568714022636
-7.11109924316406 3.98313546180725 30.0188655853271 0.79491736541834 0.0981991558019714 0.598718053808423 0.575190959150467 0.191990200578548 -0.795169870778172 0.182551860809326 0.491288065910339 -0.180000230669975 0.303112804889679 -0.0495869629085064 -0.183618769049644
-7.09713745117188 4.39392566680908 29.6167755126953 0.779810993067864 -0.433994428089131 0.45115812247825 0.573861481617822 0.207592181279984 -0.792204825904776 0.388561636209488 0.250843465328217 -0.113645777106285 0.288591742515564 0.548964023590088 -0.187266379594803
-6.8475341796875 4.79879283905029 29.4214992523193 0.541892093870923 -0.827979986500235 0.144229333199796 0.676772198902245 0.328132799226601 -0.65902068014952 0.0678563416004181 0.417143255472183 0.179514765739441 -0.252004861831665 0.100108176469803 -0.11918667703867
-6.44258117675781 5.27628898620605 29.3625812530518 0.120631052216005 -0.979285033171762 -0.162631402401384 0.875048444674932 0.182259109118318 -0.448410344010238 -0.0924609005451202 0.565581619739532 0.0645690560340881 -0.254650950431824 -0.0689345076680183 0.0253174100071192
-5.92355346679688 5.42034673690796 29.5166683197021 -0.155635648867211 -0.692492871297405 -0.704436773602826 0.948597798791176 0.0941671741931089 -0.302150226597664 0.405594527721405 -0.353124171495438 0.188026115298271 0.160205334424973 0.232541799545288 -0.444075167179108
-5.27987670898438 5.33622694015503 29.7605247497559 -0.410750789267103 -0.438525649890472 -0.799361647506678 0.896045536536654 -0.0321453788186881 -0.442796873378013 0.513832330703735 -0.60311359167099 0.132065519690514 0.182808175683022 0.0249502249062061 -0.113450109958649
-4.75326538085938 4.91824960708618 29.775634765625 -0.432863867955291 0.210888317534226 -0.876444515840203 0.884708909646376 -0.087171568483414 -0.457920585735629 0.12186024338007 0.484997808933258 0.274172216653824 -0.406206995248795 -0.02948665805161 -0.0630975142121315
-4.368408203125 4.52128648757935 29.6646156311035 -0.0737648328750124 0.837128434704112 -0.542009901423179 0.953297567852988 -0.100427092993055 -0.284847584013877 -0.224695906043053 0.366594910621643 -0.636854946613312 0.112968236207962 -0.156061321496964 -0.751684367656708
-3.92875671386719 4.19188642501831 29.3825035095215 -0.0995093502362079 0.929164560923597 -0.356021218383438 0.910304454722854 -0.059471153163066 -0.409644945841131 0.150035664439201 0.120275296270847 0.921952605247498 0.419611394405365 0.235937640070915 0.59890079498291
-3.6492919921875 3.9307701587677 28.9197597503662 0.150055889461128 0.953013194657873 0.263152200914271 0.754776351287555 0.0614937621079518 -0.65309354365118 -0.0563012063503265 0.150455847382545 -0.0908491685986519 0.187694072723389 -0.04228226095438 -0.21882988512516
-3.54714965820312 3.92137455940247 28.2891540527344 0.411880032690255 0.670829028201072 0.616719752881226 0.630858051414317 0.278456568707018 -0.724209954577846 0.615401268005371 -0.12278924882412 -0.658077418804169 0.00505586992949247 0.00263245031237602 -0.33542999625206
-4.50582885742188 3.79895353317261 27.0679206848145 -0.424956900205488 0.111640370266661 -0.898302878039732 0.892430446169892 -0.114514789020277 -0.436410657345406 -0.128285735845566 -0.00426966417580843 -0.142592668533325 -0.250481098890305 -0.57162469625473 -0.122885711491108
-4.04109191894531 3.35481524467468 27.0010032653809 -0.323449742959404 0.591077756129284 -0.738923101539441 0.886291956615997 -0.0842992464700264 -0.455390167529311 -0.203145042061806 -0.0680577158927917 0.131770208477974 -0.0999041572213173 0.00408791424706578 0.070149302482605
-3.76226806640625 2.99829626083374 26.6983413696289 -0.0673043197321052 0.967635948772475 -0.243209373151181 0.832874242093787 -0.0797275424528983 -0.547689707618394 0.282103955745697 0.180579349398613 -0.207428112626076 -0.0372869893908501 -0.501628696918488 0.125441715121269
-3.638916015625 2.79622507095337 26.1986198425293 0.24335138660513 0.934783263936207 0.258766984181005 0.789031840767074 -0.03562908108133 -0.613318288360149 0.203994289040565 0.0418900139629841 0.12368768453598 -0.0729471519589424 -0.143055617809296 0.358492881059647
-3.62290954589844 2.75663232803345 25.6660385131836 0.623424315010154 0.588844441014846 0.514397072056242 0.583231832084707 0.0879523648770399 -0.807530192349272 0.0179531089961529 -0.562080681324005 -0.630737006664276 -0.637791693210602 0.0562868863344193 0.21595124900341
-3.67416381835938 2.99511408805847 25.1483726501465 0.78658573032646 0.164179357204207 0.595254590502923 0.555312934312874 0.233465749230424 -0.798198777824861 -0.482344657182693 -0.123085506260395 0.113252051174641 -0.060961227864027 -0.477956831455231 0.321512639522552
-3.66902160644531 3.38469743728638 24.7043876647949 0.804042602955951 -0.299031927259813 0.51390212989547 0.589402106672801 0.287137714871091 -0.755087471322543 -0.293821424245834 -0.219684451818466 -0.0338537469506264 -0.0913501232862473 0.254336804151535 -0.0787532031536102
-3.43342590332031 3.88445925712585 24.4934711456299 0.596496775215001 -0.799105833040798 0.0749764280175911 0.678545627169376 0.452190523777355 -0.578877847265967 -0.621156871318817 0.0512664653360844 0.106369100511074 0.236845880746841 -0.263809680938721 0.0924529880285263
-3.09002685546875 4.32284069061279 24.5801792144775 0.347677262711108 -0.870628331574554 -0.348032799105801 0.774809314884961 0.475812597492194 -0.416260612639761 0.322770118713379 0.0642208307981491 0.326917469501495 -0.389275223016739 0.340783149003983 0.12913653254509
-2.61341857910156 4.64272975921631 24.7738990783691 0.0263948591093466 -0.71547745746436 -0.698137034738118 0.822845380487685 0.412125380619693 -0.391252029335505 -0.325860977172852 0.748452425003052 -0.119555555284023 -0.17848339676857 0.0830497741699219 0.21839052438736
-2.13984680175781 4.56672239303589 24.9844570159912 -0.122686902537415 -0.159971462367025 -0.979467740752053 0.983908185065488 0.109566191019799 -0.141137993278036 0.667661786079407 -0.0844445675611496 -0.0423844419419765 -0.368539035320282 -0.236342430114746 -0.220633864402771
-1.6175537109375 4.29627656936646 25.035493850708 -0.245884674647594 0.300479358750532 -0.921549174888848 0.96616246995125 -0.000446626625875097 -0.257933871723658 -0.227415278553963 -0.13908414542675 -0.130004495382309 -0.24390996992588 -0.552891671657562 0.02515440993011
-1.18405151367188 3.95348906517029 24.9235343933105 -0.200946185038735 0.839311935562802 -0.505149587290934 0.940687968450792 0.0214297959894421 -0.338595495917729 0.326733708381653 -0.476172804832458 0.0105517217889428 0.349020451307297 0.0595096834003925 0.295804709196091
-0.888702392578125 3.54541110992432 24.5639305114746 0.065083687885049 0.980951647598915 -0.183024530170838 0.92023713211797 -0.129933239143954 -0.369162530651275 0.251026570796967 -0.133270666003227 0.206845611333847 0.110311612486839 0.297415614128113 -0.323640108108521
-0.560775756835938 3.33891534805298 24.1176300048828 0.181278634200877 0.87488460888468 0.449126906251413 0.92114022999199 0.00889868824921267 -0.389129143135987 0.0744002386927605 -0.473812758922577 -0.997479915618896 -0.241519197821617 -0.381344646215439 0.187892079353333
-0.31329345703125 3.35270595550537 23.517614364624 0.369776612709543 0.615197682801108 0.696273701764761 0.87910901943718 0.0108874586655354 -0.476496374789994 0.170782819390297 0.0413547940552235 -0.366872489452362 0.0144783724099398 0.39667820930481 -0.661232769489288
-0.193893432617188 3.59881925582886 23.0041561126709 0.581236110944509 0.135497022678387 0.802374688147249 0.715626184108482 0.384260974646289 -0.583286094452985 0.212434053421021 0.0976256653666496 -0.315876483917236 0.0313291139900684 -0.184199646115303 -0.342014878988266
-0.571014404296875 3.90188598632812 21.6434803009033 -0.397898292084839 0.349616026128243 -0.848201381412612 0.883862745292331 -0.101715509240992 -0.456552957130003 -0.0548920817673206 -0.114563174545765 -0.44769212603569 -0.0223028995096684 -0.233593985438347 -0.117645107209682
-0.171218872070312 3.57869839668274 21.480899810791 -0.191290838468359 0.814316215241301 -0.547993537108928 0.87776086179668 -0.107927522046058 -0.466784232256134 0.285789132118225 -0.899710297584534 0.768783628940582 -0.268156379461288 0.347750514745712 0.0287137273699045
0.0648345947265625 3.28130626678467 21.1284885406494 0.0704416335000256 0.995400471324521 -0.0649297925206031 0.832022574726917 -0.094536244370501 -0.54662723463537 0.0319110564887524 0.044195894151926 -0.10028787702322 -0.00810881238430738 0.434104532003403 0.748778283596039
0.2060546875 3.05906343460083 20.6100673675537 0.317206116985835 0.886463895205972 0.336989676166829 0.806311925522318 -0.0650328782359216 -0.587904587079268 -0.240782588720322 0.713451504707336 0.225931107997894 0.0638710632920265 -0.234079897403717 -0.6194167137146
0.301116943359375 3.05504083633423 20.0381889343262 0.441804807347236 0.520772836214268 0.730482145754582 0.652326661973722 0.372491621821685 -0.660090840529448 -0.296438306570053 -0.274602591991425 0.105536960065365 0.122682340443134 0.154562518000603 -0.620462894439697
0.398635864257812 3.42718458175659 19.5240898132324 0.637101569698154 -0.148602976795796 0.756319208519509 0.770369593705805 0.0907540431491437 -0.631105690630054 -0.0252748932689428 0.138517335057259 0.235587999224663 0.0263625625520945 -0.15139251947403 0.103674463927746
0.631271362304688 3.81263065338135 19.1779117584229 0.581222314944485 -0.597744571735867 0.552161251421067 0.812964418620293 0.396823428836434 -0.426169004485151 0.10379896312952 0.0675430446863174 -0.0484009981155396 -0.416113138198853 -0.14356341958046 0.168422713875771
0.875244140625 4.37183141708374 19.1218967437744 0.424981872270111 -0.891102492245397 0.159143823492566 0.886299315938778 0.373885008714243 -0.273282862296933 -0.207006484270096 0.0399899110198021 0.00203303247690201 0.692951142787933 -0.0582512579858303 0.0608791634440422
1.27613830566406 4.75976371765137 19.3417797088623 0.192490291848012 -0.941796625693741 -0.275620397242568 0.918476928221899 0.271796210873729 -0.287275046042548 0.241844087839127 -0.342951148748398 0.183707341551781 -0.505086779594421 -0.185408294200897 -0.506640911102295
1.820068359375 4.91937732696533 19.6179943084717 -0.0677508888167921 -0.705269479627073 -0.705694536021849 0.951050854536605 0.168106340980081 -0.259311646879737 -0.311699599027634 -0.477995872497559 -0.259752959012985 0.0508344322443008 0.300959944725037 -0.265010386705399
2.35713195800781 4.70977640151978 19.8983917236328 -0.218342159815328 -0.131684315004724 -0.966946711266404 0.950021188520023 0.197871574250322 -0.241467557793388 0.0827087238430977 0.0249201450496912 -0.199740156531334 0.079564243555069 -0.294386804103851 -0.242318645119667
2.87222290039062 4.38289451599121 19.9120903015137 -0.324524336642958 0.430555408025614 -0.842203060755745 0.945600621423281 0.169213884538502 -0.277859903626442 0.0252990573644638 -0.25236639380455 -0.187083676457405 -0.379696756601334 -0.107419431209564 -0.328320533037186
3.36405944824219 4.10451984405518 19.7375164031982 -0.324574693242829 0.800423586696426 -0.503957687079334 0.945281043225038 0.25585937605747 -0.202434505465016 -0.797565400600433 -0.0198877062648535 -0.293108195066452 0.246605142951012 0.237355649471283 -0.0368892848491669
3.79090881347656 3.84008836746216 19.3448848724365 -0.180588773658692 0.982803217029026 0.0385425923602223 0.877469603395901 0.178689488274342 -0.445103540646998 0.138724803924561 -0.421059608459473 0.0648590922355652 -0.00113229954149574 0.107152663171291 -0.0517211854457855
3.93214416503906 3.73886966705322 18.7797451019287 0.16125256809873 0.882714422427987 0.441376095545725 0.728290713951177 0.195383385607122 -0.656824153484921 0.21962183713913 -0.262303799390793 -0.286948382854462 -0.302992165088654 0.544038712978363 -0.322805434465408
3.97093200683594 3.89450979232788 18.2082710266113 0.532220717400002 0.470072418749938 0.70411151751751 0.689487772726998 0.241945550189942 -0.682692435876691 0.0294916201382875 0.436117827892303 0.665377378463745 0.1267229616642 -0.268034785985947 -0.39323017001152
3.46855163574219 3.36867928504944 16.9052677154541 -0.634819444294576 0.170564642747556 -0.753599346994094 0.762315761021772 0.297324817920998 -0.574867491815324 1.01012992858887 -0.207360446453094 -0.575516521930695 -0.0128099313005805 0.378531962633133 0.190588101744652
3.90090942382812 3.10124611854553 16.6492118835449 -0.566223167317919 0.675825545722817 -0.471859255012468 0.725003278807099 0.136015971246803 -0.675181383988588 0.266420185565948 0.675536572933197 0.533929765224457 -0.0586401559412479 0.305276393890381 -0.0724050924181938
4.1861572265625 2.83691453933716 16.195104598999 -0.319767989117891 0.94711213063899 0.0269637744385599 0.637535100953956 0.236125206969778 -0.733344313187952 -0.0426696054637432 0.382452815771103 0.221329405903816 -0.399156749248505 0.029080793261528 -0.0770239681005478
4.23358154296875 2.78700065612793 15.6371574401855 0.125006942575538 0.924352069569886 0.360480950661454 0.491393990055463 0.257955779768852 -0.831859821256692 -0.0753044709563255 -0.0805853232741356 -0.656703472137451 0.0738170146942139 -0.00671875150874257 0.135459512472153
4.198486328125 2.84888315200806 15.0592098236084 0.482226587170932 0.657859301117111 0.57851418181336 0.571052579835161 0.264737533316286 -0.777054045428769 0.00205303984694183 -0.375095665454865 -0.50413304567337 0.034167367964983 0.170107066631317 -0.0816503092646599
4.18397521972656 3.09479975700378 14.5355548858643 0.742694151635127 0.199860952134367 0.639109534382741 0.522370961104023 0.424231864727378 -0.739699874236295 0.156763419508934 0.0999218970537186 -0.219509065151215 0.464594006538391 -0.166373059153557 -0.299457877874374
4.16688537597656 3.60683822631836 14.2250032424927 0.860631548385911 -0.297739106477378 0.413115918837464 0.5080183376148 0.557893318388252 -0.656256362974745 -0.227722376585007 0.0416368097066879 -0.207730203866959 -0.415576368570328 -0.766963958740234 0.466992139816284
4.22294616699219 4.14295530319214 14.1395797729492 0.769649653179389 -0.631370888427261 0.09492213971154 0.619384844123758 0.702273998523504 -0.350961031836296 -0.0782148763537407 -0.224227532744408 0.193604812026024 -0.0161536689847708 -0.09285619109869 -0.0149648450314999
4.46638488769531 4.69768571853638 14.2933855056763 0.511418781601177 -0.817459954470201 -0.264971795976751 0.756806529322023 0.574516581365349 -0.311728367191416 -0.245330020785332 -0.389062613248825 -0.182619571685791 -0.21404504776001 -0.11148776859045 0.580436706542969
4.89695739746094 5.00559091567993 14.5283679962158 0.15658422177376 -0.572787893114538 -0.804608855900129 0.867463416949366 0.469257680707258 -0.165240580221012 -0.0165727771818638 0.187708467245102 -0.230123832821846 -0.33297461271286 -0.31025642156601 -0.436080724000931
5.43455505371094 5.02152872085571 14.7571563720703 -0.111099148606579 -0.185207822344348 -0.976399017677383 0.943687435565694 0.288413873798831 -0.16208473511036 0.0249173101037741 0.14738404750824 -0.0817527621984482 -0.334419518709183 0.0712063908576965 -0.0389383994042873
5.96818542480469 4.82539844512939 14.8017702102661 -0.384365370985542 0.38409456161305 -0.839484740377349 0.923107645874092 0.148437187515744 -0.354737474044129 0.0122984237968922 0.223382592201233 -0.0269813388586044 -0.0447277463972569 0.132452949881554 0.391609281301498
6.37118530273438 4.53924703598022 14.6199159622192 -0.313825156436403 0.759424470545613 -0.569901960624967 0.927004150656982 0.115237907466357 -0.356908292629217 0.136809974908829 0.0699635967612267 0.192257434129715 0.42863792181015 -0.366691529750824 -0.0557004399597645
6.75350952148438 4.25920009613037 14.3060493469238 -0.278297459316991 0.939772177342726 -0.198440869858552 0.774856426147687 0.0975792313811681 -0.624560495437147 -0.368077546358109 0.206390798091888 -0.278866499662399 -0.391366243362427 0.0284666661173105 -0.207875460386276
6.81463623046875 4.09290409088135 13.6835489273071 0.154871942888858 0.870838395625805 0.466535282706148 0.806978228460691 0.160908060460172 -0.568238272971287 -0.107144474983215 0.454377502202988 0.193549379706383 -0.218303695321083 0.303775876760483 -0.0630965307354927
6.92587280273438 4.25446271896362 13.0519914627075 0.425947939479929 0.538694309340185 0.726895311538947 0.675695719687733 0.344878894964313 -0.65153191955872 0.079932413995266 -0.255806893110275 0.142865002155304 -0.558866322040558 0.142462030053139 -0.218055844306946
6.923828125 4.62895250320435 12.57399559021 0.683023889254819 -0.019134825890604 0.730145345219264 0.6266796224725 0.528826644958303 -0.57237665078152 -0.329544574022293 0.294820338487625 0.27536404132843 -0.142043501138687 0.231900632381439 0.32747882604599
6.94537353515625 5.18184566497803 12.3531227111816 0.777222140026269 -0.313873564669743 0.545352299394158 0.582687990648531 0.686141152536425 -0.435528442641767 -0.387830585241318 0.404822617769241 -0.122770950198174 -0.152513280510902 0.143170833587646 -0.122848153114319
6.987060546875 5.78665924072266 12.3397645950317 0.767333919382776 -0.621326940560281 0.158592210081923 0.641247698162359 0.743413623148356 -0.190098854596524 0.310467779636383 0.541429996490479 0.0250818245112896 -0.494692295789719 -0.0923365503549576 0.565464973449707
7.179443359375 6.23448705673218 12.6297254562378 0.640286176217995 -0.653349281971212 -0.403940996052444 0.692501922008707 0.718527744993651 -0.0644900588353413 0.36710399389267 0.369180887937546 -0.0561011284589767 -0.321255087852478 -0.580165147781372 0.070604495704174
7.4739990234375 6.51546478271484 12.9800004959106 0.466769469036847 -0.339556928268159 -0.81659497625209 0.677102499042148 0.731194206554217 0.0829893854202219 0.177909284830093 -0.149971976876259 0.166620969772339 0.5096435546875 -0.470128536224365 -0.250271797180176
7.981201171875 6.52194833755493 13.3565149307251 0.101014728536004 0.112605661335246 -0.988491775208094 0.932207598699947 0.336370417457495 0.133581193232986 -0.0620428398251534 -0.15407682955265 0.117947816848755 0.670873761177063 0.298877000808716 0.171566888689995
8.43670654296875 6.20123720169067 13.4818429946899 0.0179375013618731 0.55389280147002 -0.83239474441192 0.999823289554684 -0.0146202579892344 0.0118168405413195 -0.408869564533234 0.1100003272295 0.104134254157543 0.622150063514709 0.334979504346848 0.208175778388977
8.81149291992188 5.81154346466064 13.3245487213135 0.0280570065933464 0.964827159581961 -0.261383542928829 0.996242024662033 -0.0484250686385615 -0.0718111483311872 0.703544497489929 -0.374789506196976 -0.0405724421143532 -0.16207829117775 0.296245634555817 0.153786078095436
9.22686767578125 5.59781837463379 12.9686040878296 -0.0520367940613916 0.952672029728393 0.29951323148902 0.967486162765312 0.122427094392517 -0.22131907151499 0.480447351932526 -0.161082580685616 0.604886770248413 0.242163047194481 -0.101410813629627 0.196945756673813
9.50271606445312 5.65971326828003 12.5027046203613 0.29386553152219 0.491122531892884 0.820025431343628 0.834339533303602 0.286804896177216 -0.470765859738685 0.243454784154892 0.303830683231354 -0.0266743544489145 -0.450409293174744 0.247124642133713 -0.169663697481155
9.51358032226562 6.0333685874939 12.0856122970581 0.599070745059841 0.123452370239563 0.791121833029326 0.623508867987258 0.547958157875153 -0.55765450662513 0.400439351797104 -0.105283714830875 -0.239547729492188 0.207086607813835 -0.13396880030632 -0.17779940366745
9.44369506835938 6.54900455474854 11.7856597900391 0.782058597390021 -0.219782570785519 0.583163760728718 0.593042990478051 0.550043323945722 -0.588007103041785 -0.213549569249153 -0.635159730911255 -0.0994611904025078 0.0884361267089844 -0.292102605104446 0.548428654670715
9.5611572265625 7.10203838348389 11.6975269317627 0.722113459189998 -0.683780405533029 0.104864241120324 0.633723486208012 0.593087279544155 -0.496630669483146 0.117016173899174 -0.186914250254631 -0.553492665290833 -0.526268005371094 0.0668544694781303 0.07106102257967
9.82949829101562 7.64618158340454 11.780143737793 0.432042340508945 -0.793518955845741 -0.428563977395485 0.592004958908928 0.608025041533216 -0.528994969253744 -0.59926563501358 0.432936936616898 -0.265589624643326 0.211843878030777 -0.771315455436707 0.199413985013962
10.2821655273438 7.90385627746582 11.8334674835205 -0.0210515082751925 -0.712570325789143 -0.701284795788483 0.82986865833448 0.378728659143252 -0.409734807720414 0.316492229700089 0.58559262752533 0.233320787549019 0.326319932937622 0.465449541807175 -0.169237017631531
10.8218078613281 7.99897384643555 12.0184669494629 -0.312845919680523 -0.218917488948512 -0.924230795619647 0.840802562579091 0.388782753254223 -0.376694865285551 0.441420793533325 0.115328796207905 -0.21120648086071 -0.245945677161217 -0.0111875170841813 0.0272752325981855
11.433349609375 8.04976272583008 11.9168148040771 -0.694086089812459 0.209750120853025 -0.688657670204138 0.678694126493288 0.509628615534677 -0.528822235625282 0.0350775979459286 -0.232004955410957 0.171262815594673 -0.395818442106247 0.254136919975281 -0.340085446834564
12.3780517578125 8.6292028427124 12.7095041275024 0.878615504421445 -0.125737391372866 0.460678742510436 0.469297946122076 0.405712682667772 -0.784319231491949 0.190994337201118 0.122291348874569 0.142840325832367 0.160343796014786 0.200739070773125 -0.333520889282227
12.5170593261719 9.14849472045898 12.477915763855 0.811836041850961 -0.543665740422745 0.21295493382956 0.522460597505262 0.513556222617294 -0.680657718876015 0.0687928199768066 -0.0897055417299271 -0.387118607759476 -0.0444066002964973 -0.28739333152771 0.390759855508804
12.7113647460938 9.65112018585205 12.5054311752319 0.56815231682646 -0.770178821071965 -0.289875022133545 0.724152225456398 0.635241234826921 -0.2684625261412 0.128020435571671 0.101075693964958 -0.397876113653183 0.0304167717695236 0.0155675448477268 0.242618381977081
13.0959167480469 10.0813064575195 12.7046613693237 0.204004904342719 -0.68965391774579 -0.694808946935775 0.756348296876985 0.561642819749099 -0.335402141966275 -0.386652737855911 -0.242124065756798 0.459119975566864 -0.421590328216553 0.0454538203775883 -0.172713071107864
13.6216735839844 10.3217144012451 12.9223127365112 -0.176264891668668 -0.36814198326352 -0.912908630764237 0.714666716428579 0.589892611585053 -0.375869912638082 -0.323444396257401 0.419115543365479 -0.0269015170633793 -0.275295674800873 -0.0611256249248981 0.0377174206078053
14.2249755859375 10.4185810089111 13.0054140090942 -0.453106508860286 0.076490637575158 -0.888168719327465 0.608298798689257 0.75484478488413 -0.245320040450098 0.000679327407851815 -0.0300553180277348 0.244296297430992 0.717012524604797 0.101231299340725 0.500783801078796
14.8081359863281 10.5328979492188 12.8358926773071 -0.763218914728752 0.26244427226204 -0.590440422191024 0.563947755944083 0.716577274525328 -0.410463077754244 0.753380179405212 0.177793920040131 0.584772288799286 0.30743744969368 -0.0645930916070938 -0.171889334917068
15.79150390625 11.0704879760742 13.1121797561646 -0.489292397111278 0.389928436625142 -0.780095355991928 -0.821841563858326 -0.505473765187278 0.262816888008168 0.0882557332515717 0.14092580974102 0.281801134347916 -0.488629132509232 0.113993600010872 0.357048779726028
15.5954284667969 10.5784244537354 14.2509202957153 -0.902179796377015 0.117287956320248 0.415108600623196 0.392039427849491 0.624363163231067 0.675629874570048 -0.271648645401001 0.147130563855171 -0.304511964321136 -0.110017970204353 -0.429851621389389 -0.318118155002594
15.8730773925781 11.1053781509399 14.3074979782104 -0.614416892348765 -0.342909476297634 0.71056665659301 0.210160096754304 0.796943397369192 0.566316126489324 0.374825984239578 0.102078020572662 0.411552637815475 0.0143636018037796 0.324007958173752 0.177908882498741
15.8317260742188 11.6839599609375 14.3888072967529 -0.20522470307401 -0.682846371212928 0.701144531868801 0.274084749871202 0.64762957812727 0.710952515589287 0.0627883821725845 0.530875504016876 -0.000928051536902785 0.0465540327131748 -0.291256338357925 0.433056741952896
15.605224609375 12.0040092468262 14.7513904571533 0.125551446143616 -0.883775827905778 0.450751728095082 0.0133728669233159 0.455813255530165 0.889974967352028 -0.0653624758124352 0.739489674568176 0.0412307232618332 0.483607560396194 0.844071388244629 -0.0869941562414169
15.2244873046875 12.3459339141846 15.135950088501 0.588994363398003 -0.775261438772961 0.228156396879552 0.105621616535441 0.353750717233037 0.929357038052412 -0.0127182714641094 -0.12775981426239 0.121536329388618 0.111389301717281 -0.381895750761032 -0.222157716751099
14.4806518554688 12.1215114593506 14.792947769165 -0.944994889538011 -0.050923951113242 -0.323096595386052 -0.157219596902876 -0.79549011785144 0.585215747182523 0.162534058094025 0.365145891904831 -0.0160308871418238 -0.195326209068298 -0.324000298976898 -0.667889475822449
14.4435119628906 12.074800491333 15.3780307769775 -0.726994298742706 -0.395963255435715 -0.56097450025857 -0.267142162510569 -0.589510062135098 0.76230764895195 -0.530952930450439 -0.559540748596191 0.0140621410682797 -0.0536256730556488 -0.306825280189514 -0.319517552852631
14.1753234863281 12.1448030471802 15.8462810516357 -0.426884657589759 -0.634748836096556 -0.644098908700008 -0.644946568806558 -0.285567785748121 0.708868791193097 0.225699454545975 -0.202216073870659 -0.428335160017014 -0.0863429307937622 0.497927486896515 0.0594731643795967
13.7402038574219 12.4019756317139 16.1183776855469 -0.0149486677911068 -0.947689918537968 -0.318842211184108 -0.635767356268296 -0.237108261163856 0.73456078114168 0.312446922063828 -0.196538686752319 0.13631109893322 -0.405653595924377 -0.52653181552887 -0.285084068775177
13.1536254882812 12.5207920074463 16.2957935333252 0.297779507465734 -0.953913117916456 0.0371096806826703 -0.884774168317438 -0.261182150337896 0.385951493614234 -0.056893352419138 -0.382275342941284 0.275045543909073 0.23559296131134 0.167260020971298 0.0408968366682529
12.6011962890625 12.5511045455933 16.0984306335449 0.41452219877345 -0.783899280235253 0.462248055886314 -0.909364013588678 -0.376363456401338 0.177222006183007 -0.129681140184402 -0.182257026433945 -0.368924051523209 0.301280587911606 0.199790894985199 -0.185446545481682
12.234130859375 12.2842350006104 15.8219537734985 0.223134284749901 -0.406213696975405 0.886115976246182 -0.876436958862696 -0.481516620204719 -4.00765872713766e-05 0.538490355014801 0.38158768415451 -0.67144387960434 -0.045228935778141 -0.0614011436700821 -0.0943659394979477
11.942626953125 11.8841762542725 15.5818529129028 0.0238780285443454 0.128813653684098 0.991381300195535 -0.85485139704369 -0.511518199135025 0.0870529776981406 0.0547357648611069 0.182195171713829 -0.530944108963013 0.648478865623474 -0.0890076085925102 0.54143238067627
11.7655944824219 11.338716506958 15.5100584030151 -0.268554448573125 0.421006063834481 0.866390444526128 -0.618360264753589 -0.764989634470441 0.180059551611828 0.34098881483078 0.459185779094696 -0.0226063337177038 -0.0137357981875539 -0.455867230892181 -0.0224179867655039
11.842529296875 10.804370880127 15.6975765228271 -0.619374028878406 0.625302790769625 0.47473385407684 -0.421710644264324 -0.775023030010351 0.470637265277351 0.0473201163113117 -0.106664165854454 0.641073524951935 -0.143948450684547 -0.500615537166595 -0.0407676845788956
12.0178833007812 10.5135564804077 16.0919246673584 -0.918516846584148 0.39505209340695 0.0161445357907513 -0.281616566821617 -0.682342546457004 0.674611561260387 -0.0106912013143301 -0.0409487932920456 0.11534208804369 -0.457633018493652 0.0113158896565437 -0.396367222070694
12.1501159667969 10.433048248291 16.6490516662598 -0.937898336210128 0.020864870920803 -0.346282208748488 -0.302041962718654 -0.540103156642431 0.785531178847756 -0.46845081448555 -0.00101137836463749 -0.232696741819382 0.149644449353218 0.10224637389183 0.0294787436723709
12.1276245117188 10.5152711868286 17.1824264526367 -0.751751024198721 -0.492133576662785 -0.438947537112659 -0.220281809667728 -0.439992469557741 0.870564501379416 0.210091680288315 0.0519865490496159 0.466020375490189 -0.118501931428909 0.256311655044556 0.121402807533741
11.7946472167969 10.5892200469971 17.7145957946777 -0.264912087167683 -0.75174811581309 -0.603900949199395 -0.255230575257437 -0.549274901277318 0.79571002022128 -0.0624520368874073 -0.522162556648254 0.0909527614712715 0.713609635829926 0.160132959485054 0.182031691074371
11.3585510253906 10.5822525024414 18.0574054718018 0.296166779961571 -0.866154103097479 -0.402569631411259 -0.486798105011706 -0.499512350996248 0.716599620540796 0.494235396385193 -0.460864543914795 -0.643412053585052 -0.359556913375854 -0.0644119530916214 0.305543810129166
10.7232971191406 11.2143726348877 19.1601810455322 -0.75534724808408 0.565826228828547 0.330592216456273 -0.514686900237374 -0.824490438717591 0.235186970700585 0.0298259649425745 0.185435146093369 -0.209177389740944 -0.088756263256073 -0.143285825848579 0.105913169682026
10.7499694824219 10.849292755127 19.5416984558105 -0.870127594318357 0.473044038995588 -0.138229182072709 -0.442865402548564 -0.627476622565106 0.640424330705655 0.213426053524017 0.0721081346273422 0.400608152151108 0.488707512617111 0.0816482156515121 0.485101789236069
10.8143615722656 10.8795471191406 20.0890789031982 -0.888276372348602 -0.119701552521397 -0.443437283785628 -0.338612134416706 -0.481641271156483 0.808309042597279 -0.00855155382305384 0.33144474029541 -0.144961059093475 -0.377611726522446 -0.0362314507365227 -0.314359307289124
10.7109069824219 10.990119934082 20.6365966796875 -0.709199472323925 -0.484467202751081 -0.512179302504512 -0.42701069767177 -0.282893093904716 0.858855844420288 0.456083416938782 -0.101389847695827 -0.471231490373611 0.370915800333023 -0.443178504705429 0.231678068637848
10.4558715820312 11.1352853775024 21.073938369751 -0.259956256466518 -0.858595454868294 -0.441855847085247 -0.569101084267128 -0.233442725681299 0.788434175890711 0.182416409254074 0.161880642175674 0.132377922534943 0.136115029454231 0.309479713439941 -1.02512323856354
10.0130310058594 11.3560380935669 21.2701015472412 0.129424711151288 -0.974913011419959 -0.181090762623258 -0.824837162153789 -0.207211700668004 0.526029435522726 -0.260054349899292 0.470569133758545 0.0920608043670654 -0.0919358059763908 0.425288379192352 -0.34037721157074
9.44012451171875 11.4391012191772 21.1792984008789 0.296096704112043 -0.905786300602697 0.303113707137216 -0.892916108979905 -0.149811705427664 0.424567162226475 -0.0190947614610195 0.237841352820396 0.184611856937408 0.0160875264555216 -0.736888825893402 0.331782758235931
8.9195556640625 11.3480367660522 21.0987281799316 0.520300044566971 -0.425095784479736 0.740662836681554 -0.84835869313985 -0.157908789595162 0.505323996998595 -0.17953497171402 0.295351296663284 -0.1526138484478 -0.480933010578156 0.119805760681629 -0.160071521997452
8.549072265625 11.0019540786743 21.0355701446533 0.437615705583657 -0.0108323366675743 0.899096855021103 -0.799809495467453 -0.461581106339356 0.383728619248858 -0.0435643941164017 -0.419739335775375 -0.242591708898544 0.247352987527847 0.583095908164978 -0.0581189841032028
8.28759765625 10.4735174179077 21.0073146820068 0.144922066855469 0.441216792771602 0.885621440749195 -0.563936197838773 -0.698626311366145 0.44033764526109 -0.595802426338196 0.45478817820549 -0.129075944423676 -0.0127657819539309 0.0461829304695129 -0.0965070128440857
8.3226318359375 9.98221302032471 21.0397872924805 -0.231460155881441 0.543144401775506 0.8071061609598 -0.16085642321032 -0.83958291735615 0.518869671493448 0.151147052645683 -0.443122237920761 -0.105442650616169 0.498833209276199 0.190876051783562 0.0667895451188087
8.52850341796875 9.53421497344971 21.3204975128174 -0.755380767667282 0.506381303054335 0.415906085258897 -0.21375666866359 -0.790390905274725 0.574099558840489 0.326476752758026 0.498802989721298 -0.0851020887494087 -0.507848083972931 -0.00937188416719437 0.21796689927578
8.75222778320312 9.17050361633301 21.8251075744629 -0.900569942892931 0.393657711642212 -0.184410910800961 -0.432141777185766 -0.764647033173367 0.478088275394718 -0.128173261880875 -0.149221181869507 -0.258948713541031 -0.0823392570018768 0.250081181526184 0.269327461719513
8.79449462890625 8.9495267868042 22.3877239227295 -0.830458149695285 0.23366391447607 -0.505707857044364 -0.534277407722929 -0.59113982819473 0.604236174950468 -0.0427451431751251 -0.187928855419159 0.0683638453483582 -0.581165790557861 -0.294346868991852 0.338065147399902
8.61196899414062 8.9150276184082 22.9338874816895 -0.447550778646072 -0.380300436965019 -0.80936387254282 -0.494259207761371 -0.649067663758799 0.578289722721921 -0.84680312871933 0.332473933696747 0.443416565656662 -0.490642875432968 0.0919775515794754 -0.295473873615265
8.23043823242188 8.8690013885498 23.4062099456787 -0.0250146265608241 -0.547632882038618 -0.836344722568451 -0.65869565741151 -0.620290611243282 0.425863344877972 -0.229907467961311 0.204275086522102 -0.178141951560974 -0.725029289722443 0.316402971744537 -0.152994051575661
7.97308349609375 9.68461513519287 24.4313869476318 -0.0285496650685444 0.924947117854632 0.379022091436479 -0.86222510197659 -0.214622732663399 0.458808191018377 0.129600882530212 0.540857315063477 -0.135520905256271 0.258212596178055 -0.0778260231018066 -0.14872145652771
7.93069458007812 9.46024036407471 24.8770618438721 -0.44994336507127 0.881050146479319 -0.145950702694824 -0.575528532233026 -0.161101317223892 0.801756368340424 0.287912666797638 0.119319975376129 -0.0495408587157726 -0.023111479356885 0.352816820144653 0.586723864078522
8.02218627929688 9.38093280792236 25.4299602508545 -0.710894635892197 0.61923267636556 -0.333436214561115 -0.475717474972036 -0.0741889332695802 0.87646385332571 -0.783655941486359 -0.185681477189064 0.332761287689209 -0.245482221245766 -0.0915678218007088 0.638029754161835
7.99334716796875 9.5573263168335 25.9731292724609 -0.847839160494245 -0.133066799455929 -0.513285480814497 -0.518550521340471 0.00581962148004891 0.855027186014196 0.284218341112137 0.320223778486252 0.0193201173096895 -0.050323236733675 -0.35913935303688 -0.398393660783768
7.79916381835938 9.92204761505127 26.3937091827393 -0.681222919581275 -0.531947320672353 -0.50295862838475 -0.635079166472307 0.0876618645749695 0.767456741329489 -0.117062225937843 -0.0652711987495422 0.18747790157795 0.569664001464844 0.00676030572503805 -0.341300159692764
7.53073120117188 10.3671674728394 26.6223011016846 -0.454243658265234 -0.821890561935767 -0.343742059001698 -0.792701740035044 0.196804284997858 0.576967958167432 -0.0389290563762188 -0.205577254295349 -0.0308146495372057 0.0574406012892723 0.380711197853088 -0.567791521549225
7.03411865234375 10.7499103546143 26.5948352813721 0.00845241397136944 -0.97379744538704 0.227259965800692 -0.798601658817745 0.130201241317654 0.587607885662614 0.229087844491005 0.571229100227356 0.514434337615967 -0.518522799015045 -0.182301744818687 -0.0850178822875023
6.49212646484375 10.8484706878662 26.5058212280273 0.364786864306517 -0.653092931724732 0.663626526112853 -0.903926683471178 -0.0774997636915622 0.420607105903536 0.114063531160355 -0.319046705961227 -0.338109314441681 -0.477223336696625 0.417896598577499 0.122137174010277
5.95109558105469 10.6528348922729 26.3458080291748 0.462201698827458 -0.238821035559315 0.854010598631767 -0.880768807972465 -0.235530485453063 0.410818326423016 -0.0357102230191231 -0.569863080978394 -0.136325314640999 -0.151653572916985 -0.0995882451534271 -0.561489999294281
5.63896179199219 10.2641792297363 26.2783851623535 0.173963335681534 0.33147903907393 0.927285503226044 -0.779236236944264 -0.529407878360378 0.335437304667959 -0.141223728656769 0.319653421640396 -0.280535578727722 -0.216872006654739 -0.283394634723663 -0.429113924503326
5.56497192382812 9.64545631408691 26.2920951843262 -0.181341853813802 0.683165956595688 0.707389148774613 -0.677516247191111 -0.608163019213116 0.413653812811703 -0.453683942556381 -0.291483640670776 0.244613841176033 -0.455213606357574 -0.504574239253998 -0.348432779312134
5.6109619140625 9.23034763336182 26.6348247528076 -0.57995855452894 0.758927501310036 0.296103229945248 -0.472390771566873 -0.609425808054538 0.63674731520088 -0.0316848643124104 -0.380746722221375 0.231651902198792 0.498532950878143 -0.247426718473434 0.126362591981888
5.71029663085938 8.97017765045166 27.172082901001 -0.878597194632 0.401567267866874 -0.258477656602488 -0.470875755015939 -0.63817452108946 0.609105330768339 0.413253307342529 0.058120746165514 -0.301979660987854 -0.294942170381546 -0.636128783226013 -0.398391604423523
5.64369201660156 8.80524444580078 27.7391223907471 -0.843389761442841 0.0840091423222766 -0.530694049617728 -0.506240896102866 -0.455201377041962 0.732469700023194 0.012082033790648 -0.263723969459534 -0.0231757834553719 -0.121777974069118 0.190000608563423 0.420133918523788
5.52073669433594 8.80726051330566 28.3484287261963 -0.665081835530186 -0.290269525595029 -0.688047785083736 -0.58786400785218 -0.364686638846734 0.722093874588785 -0.108768835663795 0.176734700798988 -0.209811747074127 -0.444041877985001 0.327031165361404 0.437437355518341
5.18905639648438 8.98806285858154 28.7889976501465 -0.363383470452342 -0.629417432536471 -0.686866907793066 -0.713903473671673 -0.285567171764226 0.639369392988201 -0.274640828371048 -0.023798942565918 -0.327443331480026 -0.317889958620071 0.117162480950356 0.471784502267838
4.78236389160156 9.26738548278809 29.0636978149414 -0.252424539188273 -0.815431683622171 -0.520915560682056 -0.839926974815832 -0.0826380830129532 0.536370789857789 -0.171342611312866 -0.102329611778259 -0.590797483921051 0.0381434671580791 -0.779073119163513 -0.13014355301857
4.42677307128906 10.4954385757446 29.8436737060547 -0.120816118668269 0.991678974649413 -0.0444553338557277 -0.782805736556427 -0.0676392378315702 0.618579107568235 0.0142163895070553 0.181542873382568 0.110643938183784 0.038241695612669 0.122813984751701 -0.575703918933868
4.26690673828125 10.2868013381958 30.3734340667725 -0.368817750940131 0.806510020978056 -0.462076890412667 -0.794370911769992 -0.0153588628334958 0.607238799704181 0.0282007921487093 -0.152064800262451 0.255171179771423 0.177278488874435 0.570375859737396 0.0659298747777939
4.12156677246094 10.3132038116455 30.8796558380127 -0.554458462182871 0.292730560830371 -0.779028004932905 -0.830183741897584 -0.129250143852733 0.542300059932666 -0.090378001332283 0.476305395364761 0.272288829088211 -0.35604527592659 0.186478659510612 0.383065164089203
3.92533874511719 10.6616697311401 31.3023014068604 -0.665724521627879 -0.296236478768585 -0.684875762419814 -0.743391352587025 0.183770762946702 0.643115544505667 0.310067713260651 0.387824058532715 0.154907613992691 -0.363825976848602 0.308275252580643 -0.0192509461194277
3.72813415527344 11.0616807937622 31.6560611724854 -0.598485461449338 -0.661771082539078 -0.451524292534556 -0.703512659527202 0.164508632625115 0.691380392892927 -0.205658912658691 0.540600717067719 0.324489027261734 -0.276485323905945 -0.0128826349973679 -0.12600089609623
3.28099060058594 11.5064363479614 31.7866287231445 -0.290184771435852 -0.947172210790092 -0.136592831194508 -0.734655076568499 0.129022772492069 0.66605933868582 -0.0335887894034386 0.169127613306046 -0.0669976472854614 0.125218883156776 -0.0010872648563236 0.206757992506027
2.74317932128906 11.7660293579102 31.7624282836914 0.143102609558198 -0.936351432062863 0.32057392097839 -0.866101029333683 0.038269117295873 0.498401927813817 -0.354820847511292 -0.358298897743225 0.339220434427261 0.109403736889362 0.171795591711998 0.525423109531403
2.21699523925781 11.7861967086792 31.6142520904541 0.317752049169919 -0.472872770885441 0.821842428816767 -0.934309563421132 -0.00847023592914115 0.35636202772338 -0.128443375229836 0.285388380289078 0.288788199424744 0.438001841306686 0.213356763124466 -0.418297559022903
1.64642333984375 11.555477142334 31.4771709442139 0.5141048401186 -0.0540698882844536 0.856021413603384 -0.711516535041366 -0.584225104247237 0.390416761845639 0.636117219924927 0.101603262126446 -0.0448818691074848 0.0172443464398384 -0.290086507797241 0.331330895423889
1.438232421875 11.0224256515503 31.4442749023438 0.043611805640529 0.42236388581745 0.905376583729642 -0.537415263127618 -0.754033433327968 0.377648535520938 0.291917473077774 0.499521940946579 0.258874177932739 -0.0276178885251284 0.38950788974762 -0.160018473863602
1.55412292480469 10.4927911758423 31.6052665710449 -0.425055349506405 0.581450889394384 0.693716666282762 -0.492751518446362 -0.791522199718146 0.361508711405621 -0.589455366134644 -0.0573698244988918 -0.0808691531419754 0.870762705802917 -0.0449540130794048 0.129250407218933
1.70756530761719 9.97630405426025 31.9386615753174 -0.771515529656981 0.582073565230374 0.25681540483022 -0.453017728670543 -0.786037398879935 0.420618764527033 0.0495705418288708 -0.0901123434305191 0.226099297404289 0.373450815677643 0.076304093003273 0.337792098522186
1.73463439941406 9.63040542602539 32.4385147094727 -0.828396973173932 0.531229644612554 -0.177633103674643 -0.529484948957695 -0.639167731190796 0.55777262413252 -0.317927807569504 0.246391251683235 -0.195344477891922 -0.044338196516037 0.0791041553020477 -0.299766212701797
1.720947265625 9.45285034179688 33.0031509399414 -0.85938104154759 0.15095483912625 -0.488545660069709 -0.464497310855493 -0.629932107705415 0.622436975034284 0.362243354320526 0.253009855747223 0.656733632087708 -0.198981687426567 0.334510266780853 -0.374065279960632
1.49287414550781 9.47574806213379 33.512149810791 -0.532710639517503 -0.335162843065336 -0.777100536078321 -0.646039735979522 -0.432092905620457 0.629228400859322 0.173714697360992 0.0920025110244751 -0.121909640729427 -0.0587524548172951 -0.130752310156822 0.383292883634567
1.0948486328125 9.63027191162109 33.8709678649902 -0.0839072432214579 -0.667479801258948 -0.739885321821085 -0.843009962069678 -0.348349464771907 0.409861994144866 -0.14780230820179 -0.00445236405357718 -0.163600325584412 -0.046219028532505 0.286355793476105 0.0991154462099075
0.834716796875 10.6787958145142 34.9184379577637 -0.181437590036413 0.888401433024981 0.421690994355983 -0.884893725494086 -0.334555601274367 0.324092030505447 0.477456778287888 -0.237040489912033 -0.247762814164162 0.0598464235663414 -0.0272393021732569 -0.614669859409332
0.5513916015625 10.3390331268311 35.2263031005859 -0.332108461960651 0.92677593005059 -0.17547177828071 -0.891221147805917 -0.247389146596854 0.380162433506501 -0.0039047384634614 0.295403569936752 -0.220187962055206 -0.151601567864418 -0.0988327339291573 -0.22199110686779
0.318496704101562 10.2363777160645 35.7895965576172 -0.390916251157132 0.689907710959551 -0.609271560915005 -0.889525361251465 -0.113095632670224 0.442666928470349 0.441267788410187 -0.156301632523537 0.478272408246994 0.248117089271545 -0.284813493490219 0.0290484391152859
0.0953826904296875 10.3104276657104 36.3528175354004 -0.409212050301205 0.285081920361002 -0.86676051858144 -0.905197475427483 -0.00739388979815448 0.424926888856617 -0.349557161331177 0.418662339448929 -0.0439813919365406 -0.00576625624671578 0.573834002017975 0.011046402156353
-0.210311889648438 10.6090850830078 36.7217826843262 -0.422727691056137 -0.302896305444727 -0.854139992836234 -0.904209179874071 0.077648124011317 0.419972056057285 -0.286800652742386 0.490399897098541 0.160545468330383 0.0290751811116934 0.282426357269287 0.177294954657555
-0.558685302734375 11.1111841201782 36.8196640014648 -0.397813683327321 -0.785331249418032 -0.4743407024967 -0.898261388105172 0.228161670134959 0.375591175243238 -0.120369128882885 -0.040284026414156 0.107048697769642 0.211563140153885 0.321483612060547 -0.181419342756271
-0.90533447265625 11.5060625076294 36.7169075012207 -0.311283248577076 -0.946882980366706 0.0807177839584676 -0.947143663996248 0.316058275856537 0.0550095083995175 0.00851422548294067 -0.277960866689682 0.0137350838631392 0.371605634689331 0.203718706965446 0.119396679103374
-1.28523254394531 11.6927881240845 36.3942451477051 -0.202761395300394 -0.84205565656942 0.499830058935314 -0.936696698326768 0.0179864387989543 -0.349679543815566 -0.151236429810524 -0.408990442752838 -0.106190405786037 -0.0921463519334793 -0.614573836326599 -0.654363811016083
-1.58436584472656 11.6086864471436 35.9500846862793 -0.356201347426646 -0.243481137723532 0.902129445071103 -0.933071574272825 0.0410423906541214 -0.357341516554439 0.107541598379612 -0.237718611955643 -0.0921900346875191 0.442963451147079 0.224512189626694 -0.240115478634834
-1.97990417480469 11.348240852356 35.5944137573242 -0.133102747984022 0.333594055513369 0.933273092189658 -0.978947887751947 -0.191271508587366 -0.071247758341677 -0.179144948720932 -0.498172283172607 0.126106590032578 0.0896715298295021 0.249004706740379 -0.258668422698975
-2.21372985839844 10.8479375839233 35.4926834106445 -0.374422819261195 0.783713106525771 0.495581798572369 -0.915755057960374 -0.396457802900547 -0.064914438603932 -0.115558214485645 -0.0581617318093777 -0.454253703355789 0.722014307975769 0.129191696643829 0.320089876651764
-2.55458068847656 10.4102544784546 35.681755065918 -0.286671967449178 0.953532735337132 0.0927065570458975 -0.954234684189438 -0.292800261447764 0.0608619288718621 -0.359906196594238 -0.490826547145844 0.497657805681229 0.0370152778923512 0.390574514865875 -0.0299166422337294
-2.809326171875 10.0920162200928 36.0458793640137 -0.336003541090881 0.831071449000859 -0.44319506656776 -0.937413290354114 -0.340754352280175 0.0717132795902712 0.589759588241577 -0.297466993331909 -0.117387264966965 0.182692781090736 -0.0530441366136074 -0.248871460556984
-3.14395141601562 10.0281772613525 36.5154495239258 -0.360215136056859 0.470462789428581 -0.805549389869185 -0.93272914505937 -0.166669849423731 0.319745998020129 0.299430876970291 -0.536667585372925 -0.320654958486557 0.271193653345108 -0.189069211483002 0.500699579715729
-3.43510437011719 10.3309135437012 36.9346961975098 -0.392211100458815 -0.00708688565103258 -0.919847937829212 -0.856321945998285 0.368048243732838 0.36228885586902 -0.0600560307502747 0.210189491510391 0.0805515348911285 -0.157471224665642 -0.321982353925705 0.0391450524330139
-3.64613342285156 10.8034782409668 37.2353134155273 -0.391445656236596 -0.469029262601172 -0.791695553250933 -0.876692130075627 0.451510204566055 0.16598025254885 -0.151069685816765 0.213509559631348 0.183643490076065 -0.25940677523613 -0.0800065770745277 0.184568807482719
-3.87892150878906 11.3104200363159 37.1603622436523 -0.471462420677967 -0.833115389925105 -0.289209150889823 -0.878929825458475 0.470726137355696 0.0768066763355953 0.472635895013809 0.00772129092365503 -0.129234835505486 -0.666557431221008 0.0165516193956137 0.040946900844574
-4.30535888671875 11.7726964950562 36.9771537780762 -0.240604992957104 -0.89051388390165 0.386127258740574 -0.946363789405308 0.30361460915156 0.110515823356531 0.257117122411728 0.012393849901855 -0.238017469644547 0.0741139724850655 -0.0101836267858744 0.131072744727135
-4.7181396484375 11.8726177215576 36.6001167297363 -0.130082330590999 -0.537310819004425 0.833292068274269 -0.99149535997012 0.0738343342097958 -0.107170155591556 0.282232791185379 -0.139506474137306 -0.191144183278084 0.837084054946899 -0.17824412882328 -0.0556369312107563
-5.03854370117188 11.6596832275391 36.275276184082 -0.235558335650339 -0.0197007268324356 0.971660512662687 -0.947767464425696 -0.216580768746738 -0.234157220655607 -0.017308572307229 0.0858978554606438 0.155931949615479 -0.34732648730278 -0.436679482460022 0.101960778236389
-5.28695678710938 11.1856136322021 35.9840469360352 -0.34868084144873 0.395984572449638 0.849480952810881 -0.918350451758038 -0.325407331940797 -0.225260995458554 -0.031554214656353 0.342451930046082 -0.072360061109066 -0.219976559281349 0.392874211072922 0.135300740599632
-5.56660461425781 10.6997375488281 35.9362640380859 -0.412867108509921 0.654940679971526 0.632924526645233 -0.819912743767168 -0.569856219949627 0.0548359479987092 -0.0851562544703484 0.240864589810371 -0.148667603731155 0.4342080950737 -0.33989006280899 0.110502734780312
-5.65599060058594 10.1708726882935 36.2064094543457 -0.581958003236326 0.804254598527104 0.120413550803863 -0.786817877279277 -0.5942808364313 0.166577055575628 0.377919852733612 0.0581841133534908 -0.296874225139618 0.371671766042709 0.143549591302872 0.118582114577293
-5.78910827636719 9.83051776885986 36.6241989135742 -0.683624577675145 0.542649366697717 -0.488046208489571 -0.723819277287579 -0.589776099596658 0.358119820969798 -0.03053829818964 -0.307244092226028 0.497543215751648 -0.176025480031967 -0.0448435097932816 -0.410473436117172
-6.06971740722656 9.84035205841064 37.1201477050781 -0.580829851784101 0.176916846260071 -0.794567248749815 -0.794114898733954 -0.337710058019864 0.505305298132705 0.207043826580048 0.178524658083916 -0.235449507832527 0.24845165014267 0.33627849817276 0.163346916437149
-6.34295654296875 10.0221977233887 37.6245193481445 -0.458125447324322 -0.241582378966087 -0.855429148841081 -0.887470064157895 0.0699841672869639 0.455520692782152 -0.332248449325562 0.0228294990956783 -0.186082363128662 0.0359225384891033 -0.0437244735658169 0.137225359678268
-6.631591796875 10.4821929931641 37.7807426452637 -0.348989587505357 -0.730317810840765 -0.587232631059951 -0.931842604363098 0.336889825116634 0.134813227936586 -0.101817600429058 0.44960480928421 0.020149813964963 -0.29858922958374 0.407784253358841 0.225499451160431
-6.91645812988281 10.9291381835938 37.5209617614746 -0.323419941595202 -0.94600094281385 0.0219489766017075 -0.945040965730769 0.321743041287846 -0.0581290673716928 -0.344540119171143 0.152592584490776 -0.377792477607727 -0.283152282238007 0.416391879320145 -0.0703236013650894
-7.22413635253906 11.2101802825928 37.1436233520508 -0.366911928896709 -0.741507200044049 0.561731883300327 -0.928618671455859 0.32775860065641 -0.173901301660762 0.167000189423561 -0.23867130279541 0.309720158576965 -0.440051913261414 -0.0165508966892958 0.455704420804977
-7.71992492675781 11.3104181289673 36.7420616149902 -0.292019558237675 -0.40273307290151 0.867485244599572 -0.948447073490128 0.238757958702195 -0.208429330815923 0.214531317353249 -0.258281767368317 -0.0232812687754631 0.028615664690733 -0.239590480923653 -0.467712879180908
-8.18026733398438 11.1422910690308 36.4371223449707 -0.06260776909722 0.0589027797491688 0.996298514395405 -0.995554150521982 -0.0740731165345612 -0.0581816705269965 0.108769334852695 0.0450730659067631 -0.525218963623047 0.0189320035278797 0.254880607128143 0.00353332981467247
-8.56544494628906 10.759596824646 36.3514175415039 -0.189719674857279 0.642816699089413 0.742154388482504 -0.96045162153709 -0.278412508972464 -0.00437693208002722 0.14995314180851 0.379192650318146 -0.278968870639801 0.240862086415291 0.261685639619827 -0.262138396501541
-9.0045166015625 10.3000564575195 36.4798698425293 0.0226338004662906 0.953754566116242 0.299733112433163 -0.97844376849253 -0.0404249739621348 0.202518180364865 -0.156386822462082 -0.0344102047383785 -0.157187268137932 0.429209977388382 0.490364521741867 -0.169890969991684
-9.57637023925781 9.1008939743042 36.2730827331543 0.0353539989732016 -0.992506264068994 0.116967561915306 -0.923318149648639 0.0123460570382343 0.383837425748223 -0.141414433717728 0.162103533744812 -0.10743809491396 -0.240842700004578 0.230633765459061 0.116069093346596
-10.1090698242188 9.27194023132324 36.1511192321777 0.195575365036233 -0.871696886005991 0.449327069647938 -0.959694497556077 -0.0758219866474233 0.270624274043234 -0.393352627754211 0.442858219146729 0.0773590207099915 0.0165653564035892 -0.0960198566317558 0.31890407204628
-10.6004180908203 9.09412574768066 35.8696784973145 0.265621579113303 -0.531143378084834 0.804569380865309 -0.943757228899768 -0.313696365571635 0.104483889315907 0.109709180891514 0.0937850624322891 -0.258897393941879 0.321013599634171 -0.211315050721169 0.233327001333237
-10.9584350585938 8.73711776733398 35.5542602539062 0.141300390215619 -0.0324564230286371 0.989434576073173 -0.82504544282915 -0.556223135167141 0.0995783167747221 -0.0972320586442947 0.350435137748718 -0.321551561355591 -0.0536988787353039 -0.478682070970535 -0.383077323436737
-11.1591644287109 8.16630458831787 35.4373626708984 -0.22067370427978 0.501557058515596 0.836506804092246 -0.86664687134346 -0.494300583995415 0.0677505206797926 -0.173138424754143 -0.0522640161216259 0.383221417665482 -0.256816327571869 0.119141802191734 -0.343961179256439
-11.3488006591797 7.62317752838135 35.4991493225098 -0.420084311923211 0.791676218893066 0.443596590738905 -0.793584557640875 -0.557578899136132 0.243576109485465 -0.0472796186804771 0.281287640333176 0.150194898247719 0.242269098758698 0.0958826765418053 -0.277560025453568
-11.4673919677734 7.20105838775635 35.8753814697266 -0.59875998210734 0.797463015527914 -0.0744259544241328 -0.761328701353039 -0.5378356424414 0.362093123679175 -0.0313627868890762 -0.104413487017155 -0.010815997608006 0.0977784916758537 0.385452926158905 0.159499660134315
-11.5924072265625 6.95362377166748 36.401611328125 -0.638219406401365 0.504899732350483 -0.581164563239278 -0.766847284416418 -0.483592695947607 0.42199922607665 -0.0421457067131996 -0.128226324915886 0.117919355630875 0.267963975667953 -0.0190525576472282 -0.289500296115875
-11.8679351806641 6.94391822814941 36.9312019348145 -0.486698239449623 0.0902834921898724 -0.868892234258449 -0.850049436681405 -0.278199659517 0.447236966989818 -0.31151270866394 -0.281473129987717 0.137970075011253 0.258307635784149 0.217753231525421 0.130706042051315
-12.1754913330078 7.24468326568604 37.3477325439453 -0.425572967761627 -0.289623178387972 -0.857324946359903 -0.900924211141006 0.046624848968891 0.431464586308755 0.569695174694061 0.206204518675804 -0.242461025714874 0.237716764211655 -0.131596058607101 -0.394938200712204
-12.6432189941406 7.66078472137451 37.5340919494629 -0.172431703359408 -0.811094644612297 -0.558921090278247 -0.900060219199847 -0.100795337443118 0.423947994173402 -0.498585164546967 -0.0224060621112585 -0.0977348163723946 -0.232052013278008 -0.178318277001381 -0.149065285921097
-13.1293792724609 7.92507314682007 37.4753265380859 0.0346173389165101 -0.998273924284913 0.0474427227205515 -0.972813188273354 -0.0227814964822622 0.230468011097984 -0.443173199892044 -0.313071638345718 0.0530755035579205 0.0952727645635605 0.224142223596573 0.477890878915787
-13.6856689453125 8.00295543670654 37.245979309082 0.299865954960484 -0.823863732262545 0.480966692940444 -0.946583213893001 -0.194290854633878 0.257354391805608 -0.503540337085724 0.254926681518555 -0.277382731437683 -0.840371549129486 0.128082692623138 0.510737478733063
-14.1929168701172 7.90352916717529 36.8846206665039 0.201463297476888 -0.562355336119382 0.80197818904743 -0.967337282879133 -0.242837351639617 0.0727227736041044 -0.123691536486149 0.387019753456116 -0.135037481784821 0.0170027390122414 0.0044062240049243 -0.0573092140257359
-14.61474609375 7.56320190429688 36.588550567627 0.0738003876612631 -0.0163317053089018 0.997139297281353 -0.89394043544145 -0.444300580017911 0.0588854182162105 0.162253648042679 0.132420659065247 0.286326676607132 0.136847630143166 -0.285525470972061 0.954456627368927
-14.9290161132812 7.05972242355347 36.4583549499512 -0.00163102429765426 0.45270732277163 0.891657680765821 -0.879656263099604 -0.424729450921171 0.214032129153173 -0.130231633782387 0.444389700889587 -0.229451730847359 -0.325040608644485 -0.334580302238464 -0.345949977636337
-15.1029815673828 6.58151578903198 36.5434150695801 -0.35807348245505 0.824433200319834 0.438284473114105 -0.8372176556592 -0.491307354941225 0.240174270131442 0.171559944748878 -0.038015328347683 0.140164494514465 -0.345642030239105 -0.00956186838448048 -0.423751562833786
-15.3984527587891 5.32506370544434 36.1589851379395 0.154382605372095 -0.982365754652526 0.10546817171307 -0.952722569025669 -0.176292621388507 -0.247468418415558 0.0071824612095952 -0.350854754447937 -0.0121034141629934 0.387479364871979 -0.455216407775879 0.0290274228900671
-15.7540893554688 5.32165050506592 35.6816864013672 0.0944880983255259 -0.748933342294059 0.655874109928938 -0.942717692405219 -0.279036884302584 -0.182816218167003 -0.669188737869263 0.292901635169983 0.5888392329216 -0.317122787237167 0.431541264057159 -0.137610226869583
-16.1865539550781 5.17858743667603 35.2397308349609 0.032438635935412 -0.324272435579378 0.945407384370393 -0.990130966870494 -0.139458066627372 -0.0138605951047088 0.46396017074585 -0.341902911663055 -0.0908173024654388 -0.227818086743355 -0.035598699003458 0.105610109865665
-16.5249938964844 4.78512477874756 34.9963645935059 -0.0640714957094904 0.13776876568113 0.988389908204372 -0.913412377404893 -0.407027879442491 -0.00247672366034234 -0.11401279270649 -0.52135819196701 0.536324858665466 -0.466850697994232 -0.323149651288986 0.190220281481743
-16.8457489013672 4.20302295684814 34.8958129882812 -0.214500644194843 0.619431263859225 0.75517837826156 -0.919173139248782 -0.389499419811702 0.0584032708834538 -0.00191158836241812 -0.358712732791901 0.065198116004467 -0.159900426864624 0.0715944990515709 0.22801861166954
-17.0631561279297 3.69347333908081 35.0064697265625 -0.316926973440559 0.865253368298956 0.388450643136445 -0.799000496148734 -0.464245038618734 0.382197267483648 -0.32732167840004 -0.111008271574974 0.601555645465851 -0.605142414569855 -0.696175932884216 0.0454350709915161
-17.1242370605469 3.31761336326599 35.4631042480469 -0.545915203785171 0.836988562195136 -0.0377721727031269 -0.74099105020605 -0.461278785264314 0.488010395155281 0.214725747704506 0.207890674471855 -0.175876602530479 -0.363413363695145 -0.091439813375473 0.0159176886081696
-17.2551116943359 3.12210273742676 35.9497604370117 -0.661689445021138 0.183727258237074 -0.726919096549475 -0.651174316690467 -0.621413163127375 0.435680720223806 0.693036198616028 -0.0961756631731987 0.208487167954445 -0.083057701587677 0.54812616109848 0.171472862362862
-17.6200866699219 3.03838467597961 36.4640274047852 -0.225730902492626 -0.17580855546695 -0.958194610444292 -0.768084753621538 -0.572900844505939 0.286060192299669 0.208023801445961 -0.0424809008836746 0.266815781593323 0.0692004933953285 0.155723452568054 0.0558049976825714
-17.5408630371094 2.37679076194763 37.6318664550781 0.0139037680487059 -0.946858400435932 -0.321350050191308 0.772653183098122 0.214166497665518 -0.597611721710699 0.191362395882607 -0.235674023628235 0.153377994894981 -0.339390814304352 -0.159562796354294 0.0340024307370186
-16.9885101318359 2.4233660697937 37.6682472229004 -0.46690891891801 -0.526654950710506 -0.71037358081993 0.756067390598211 0.178894336040136 -0.629570422912934 -0.031859777867794 -0.24975374341011 -0.0158639550209045 0.236519873142242 -0.0971904397010803 0.0986510068178177
-16.4253845214844 2.31339550018311 37.6630706787109 -0.469053035295351 0.136164015316225 -0.872610228574695 0.875036335326084 0.205436637435582 -0.438300353477222 -0.00481034023687243 -0.252388030290604 0.0751111060380936 -0.0379450619220734 -0.581381022930145 0.225282117724419
-15.9196472167969 2.01924228668213 37.5173530578613 -0.60747540510218 0.492732426619645 -0.6230476610609 0.744995761293778 0.0812756156913158 -0.662099380718862 0.160092055797577 0.311898499727249 0.585872054100037 -0.186302810907364 0.490011751651764 0.040316715836525
-15.6255798339844 1.61041402816772 37.2388534545898 -0.406549158729391 0.733887132942457 -0.544175943641324 0.714699217286348 -0.115577942958667 -0.689816474079682 -0.0573428608477116 -0.0577197782695293 0.527287662029266 0.136354699730873 0.292543649673462 -0.1019441857934
-15.5158081054688 1.20662105083466 36.8801078796387 0.106556297973287 0.985387792296464 -0.132878343439887 0.571773402765671 -0.170058199601597 -0.802592913398835 0.161240994930267 -0.0265555791556835 0.634252488613129 -0.187976032495499 -0.151903435587883 0.206580147147179
-15.5973663330078 0.946772515773773 36.2701148986816 0.442450788770097 0.861198952728919 0.250147283285931 0.622728179868535 -0.0943209249321638 -0.776732371616867 -0.33609402179718 -0.0230184886604548 -0.0985039919614792 -0.39404970407486 -0.463924825191498 -0.542860627174377
-15.5683898925781 0.858829498291016 35.6880950927734 0.666775320153742 0.594974522742661 0.448793927901234 0.551934172657115 0.0104179870161145 -0.833822603795219 -0.0109152626246214 -0.463150024414062 0.0462688207626343 0.110519640147686 0.153079152107239 0.375372260808945
-15.5577239990234 1.06163907051086 35.1527214050293 0.724846345246123 0.0776355029700604 0.68452209932326 0.625949663153978 0.340769613620326 -0.701472087563344 0.205766960978508 -0.132344514131546 -0.11526869982481 -0.00510978698730469 -0.484570354223251 -0.149449154734612
-15.5458374023438 1.45245063304901 34.8034820556641 0.780787030155995 -0.426330062874213 0.456743134628042 0.615667220361574 0.400469177093171 -0.678659201639948 -0.0022850485984236 -0.134187027812004 0.170229822397232 -0.253852277994156 0.194393247365952 -0.167262673377991
-15.27294921875 2.02055311203003 34.6961555480957 0.612901515519351 -0.787081171986797 0.0696775500284948 0.65967217512576 0.461152749413476 -0.593439772068944 0.059803556650877 0.0113330110907555 0.160103887319565 0.561374962329865 -0.0541988462209702 -0.564739882946014
-14.9883117675781 2.49486994743347 34.782112121582 0.377709786456691 -0.841252394069222 -0.386820018468077 0.797475378893562 0.507847089553475 -0.32576733060673 -0.230202481150627 -0.616688191890717 -0.154806032776833 -0.250320255756378 -0.217986613512039 0.397555321455002
-14.4973297119141 2.65734839439392 35.0028305053711 0.0481499544413306 -0.593341313752149 -0.803509593771083 0.95507223892953 0.262870080590917 -0.136880747938706 0.490276873111725 0.239205196499825 -0.101889178156853 -0.392857432365417 -0.367767632007599 0.131563037633896
-14.0053863525391 2.50874876976013 35.2667846679688 -0.10871442252203 -0.137486503502421 -0.984519494824953 0.992351877141289 0.0432450702878919 -0.115618406103685 0.0020132134668529 0.44525134563446 0.143381550908089 -0.201761186122894 -0.356047570705414 0.213161438703537
-13.5271301269531 2.2407066822052 35.4277114868164 -0.111203199174514 0.415633065593421 -0.902708703446892 0.975579767431614 -0.127471691263975 -0.178871700680626 -0.120053559541702 0.1741062104702 0.132492497563362 -0.219165086746216 -0.350140988826752 -0.0214228648692369
-13.0809631347656 1.85066103935242 35.3390808105469 -0.0930131364809127 0.853989921465936 -0.511907970710154 0.944492316829485 -0.0870277218182287 -0.316797157634346 -0.298576891422272 0.0462175123393536 -0.0253237262368202 -0.107002034783363 0.0538928546011448 0.140563577413559
-12.7533416748047 1.5082665681839 34.9809112548828 0.0454454017773519 0.998511059383396 -0.0301724998358206 0.841326476268129 -0.0545414495675731 -0.537768528838683 -0.667601048946381 -0.0610710121691227 -0.499335914850235 0.657670915126801 0.050513606518507 -0.00937595590949059
-12.7349853515625 1.38948166370392 34.4536514282227 0.474118195132514 0.82738190094834 0.301083255973159 0.698466326507822 -0.145243460765998 -0.700748976338449 0.23320198059082 0.616445660591125 -0.177745655179024 -0.134665727615356 -0.604835689067841 0.0588137991726398
-12.6099243164062 1.45979535579681 33.8181457519531 0.569981726518374 0.420299179727758 0.706023675916968 0.800366811932205 -0.0896667043328078 -0.592767111513089 -0.198608085513115 0.0525471903383732 0.202954009175301 0.33672109246254 -0.153441086411476 0.226232841610909
-12.8405609130859 1.14546465873718 32.4140853881836 -0.436014517764146 -0.00978881730364031 -0.899886392471125 0.864805074180581 0.272117031015417 -0.421976901148481 0.217843502759933 0.224484503269196 0.0207363907247782 0.258658707141876 -0.306498378515244 0.0603104270994663
-12.3432769775391 0.854662954807281 32.3667526245117 -0.37665404678647 0.472967605890322 -0.796513259662231 0.861130544675881 -0.138161374214709 -0.489250058458172 0.0898323580622673 -0.207657352089882 -0.216430693864822 -0.180997848510742 -0.154090821743011 0.031989112496376
-12.0307922363281 0.432007431983948 32.1363830566406 -0.162741705365755 0.850882844717209 -0.499513285009113 0.604134219916742 -0.314332311977089 -0.732268422078084 -0.13808511197567 -0.0641160234808922 -0.330057293176651 -0.0419353023171425 -0.164732620120049 0.247713163495064
-11.9645690917969 0.0494265705347061 31.7158756256104 0.283850153826256 0.956001893927707 -0.0740909507257627 0.69647353094378 -0.258667012387131 -0.6693399714625 -0.34174457192421 -0.215790927410126 0.0323715806007385 -0.249818548560143 0.00624319305643439 0.0679532140493393
-11.8643493652344 -0.162447899580002 31.2089004516602 0.565279760578086 0.7302516682703 0.383655174954315 0.748315301048295 -0.258256166355324 -0.611005697810136 0.142627343535423 -0.304532736539841 0.0791427567601204 -0.380411982536316 0.140270531177521 0.0832191556692123
-11.7149047851562 -0.108258634805679 30.5945053100586 0.603631881523442 0.250930214536572 0.756744725149174 0.796418949022353 -0.233454621513828 -0.557867186104333 0.515518426895142 0.229966476559639 0.0888432487845421 0.478085547685623 -0.398787438869476 0.850310623645782
-11.4974060058594 0.000848941272124648 30.0530548095703 0.526140648802068 -0.207722929429162 0.824637618755964 0.849567621624419 0.0855611749977293 -0.520494132167151 0.0405916422605515 -0.0242533665150404 0.161627382040024 -0.284389853477478 -0.0568400211632252 0.0040479963645339
-11.2315216064453 0.473618030548096 29.7681217193604 0.49993418331816 -0.576110163429898 0.646655156898003 0.862465287092441 0.263186720185905 -0.43230357259493 -0.0422508716583252 0.102593213319778 -0.131690517067909 -0.236097231507301 -0.0147751588374376 -0.755284607410431
-10.9314270019531 0.934373676776886 29.7326908111572 0.353156408486758 -0.927055148056753 0.125894017356685 0.935239914635062 0.346279813203498 -0.0735975070308206 0.368632227182388 0.411942213773727 -0.246441036462784 0.386645048856735 -0.125871255993843 0.0570809692144394
-10.5653686523438 1.23204135894775 29.9994125366211 0.237267343002649 -0.864270725182938 -0.443554192333047 0.971088181155 0.223377360899741 0.084203913558342 -0.529762089252472 0.667143285274506 0.0613663531839848 -0.0284758880734444 -0.415442377328873 0.272978246212006
-10.0934753417969 1.34842467308044 30.3267192840576 0.0175924328098877 -0.575025588782636 -0.817946256518735 0.999722901356882 -0.00268066325308312 0.0233866318032607 0.361765623092651 0.0327421277761459 0.136296719312668 0.216619655489922 0.05572909116745 0.109559953212738
-9.58621215820312 1.06352865695953 30.5674343109131 -0.0924257163752945 -0.0232699729328806 -0.9954476356455 0.994682278877512 0.0434635601789698 -0.0933706753944167 0.585140585899353 0.0973686873912811 -0.144548133015633 -0.171282425522804 0.162572309374809 0.0813106745481491
-9.16305541992188 0.691497027873993 30.6112155914307 -0.0518441697404468 0.657094269077058 -0.752023472778616 0.996556543511804 -0.0147530411238041 -0.081592912445902 -0.0557897165417671 -0.250290542840958 0.185154348611832 0.533097445964813 -0.421099811792374 -0.35439458489418
-8.80497741699219 0.242102950811386 30.4180164337158 0.0777844954542522 0.871384818778172 -0.484394539471555 0.992831834431114 -0.11192760270357 -0.0419184958363343 0.320202082395554 0.552369654178619 0.168638244271278 0.261950224637985 0.0413530096411705 0.447910815477371
-8.44534301757812 -0.0836126506328583 30.1619663238525 0.130471246951679 0.991426120173918 -0.00717648631055869 0.947874388169025 -0.126855716456556 -0.292304244675801 -0.324614822864532 -0.198259294033051 -0.0981668755412102 -0.147136837244034 0.394664198160172 0.325480759143829
-8.23310852050781 -0.258416652679443 29.6881313323975 0.25875822291711 0.783681410314251 0.564701362846456 0.71655140588473 0.236310433555817 -0.656286112695735 0.184569492936134 -0.33463129401207 -0.178180366754532 0.252558439970016 0.581926643848419 -0.0157913416624069
-8.11038208007812 -0.08970957249403 29.1216487884521 0.506177124114532 0.325784787942039 0.798529267446537 0.736420787939635 0.318617787933264 -0.596797393009454 -0.0435035899281502 0.0846379324793816 0.484599143266678 -0.00692903203889728 0.612205922603607 -0.303763508796692
-8.49055480957031 -0.521261513233185 27.9201469421387 -0.336963963089074 0.397468968084344 -0.853506711742369 0.93967553737419 0.0852959198867056 -0.331261966593219 -0.0641968846321106 0.115472599864006 -0.259602159261703 0.30525866150856 -0.180191650986671 0.400431960821152
-8.05722045898438 -0.913532674312592 27.8005771636963 -0.4323352616549 0.656040587965895 -0.618625062918689 0.781299340438192 -0.0699680215832255 -0.620222392845159 0.290041655302048 0.421597719192505 -0.290645927190781 -0.291924804449081 -0.835136294364929 0.255098760128021
-7.83567810058594 -1.24130237102509 27.4186153411865 0.0369700060201943 0.986777871149102 -0.15780574027998 0.716187219660356 -0.13629292992331 -0.684470674059954 0.181723475456238 -0.253156721591949 0.350872844457626 -0.400367617607117 0.351454257965088 -0.838576376438141
-7.71995544433594 -1.49207556247711 26.9193363189697 0.297144937916446 0.927406046908491 0.227206756123571 0.698254089658191 -0.0487535732527499 -0.714187871201059 0.137255236506462 0.00469801388680935 0.0013724765740335 -0.208759561181068 -0.126461684703827 -0.119254603981972
-7.65975952148438 -1.49000120162964 26.3399524688721 0.688190449129058 0.493642655722357 0.53170558975708 0.656384924893214 -0.111377538405071 -0.74615941615164 -0.325072467327118 0.610056281089783 -0.0244352445006371 -0.472580909729004 -0.0891596451401711 -0.0763988494873047
-7.60566711425781 -1.25776720046997 25.7603359222412 0.709244289458714 0.0553329507508892 0.702787878688444 0.66762710916864 0.267407775117515 -0.694814453584426 0.144452482461929 0.102233961224556 -0.0286744758486748 -0.102172344923019 0.290107637643814 -0.0971364080905914
-7.45317077636719 -0.890106916427612 25.4045276641846 0.662070143318003 -0.452205290160829 0.597639942505051 0.74923462904951 0.418128245211472 -0.513630451968551 0.487049609422684 -0.756769478321075 -0.392067015171051 0.0343502834439278 0.0065587661229074 -0.0744306147098541
-7.2161865234375 -0.30252131819725 25.3368320465088 0.518117733240901 -0.805209264768224 0.288430328559128 0.827319559356961 0.386243277652098 -0.407870662310944 0.331160724163055 -0.4983731508255 0.396780997514725 -0.138034954667091 -0.178366288542747 0.322109669446945
-6.83700561523438 0.161681935191154 25.5137596130371 0.249416510915224 -0.890887895699667 -0.379618441831656 0.791413749831597 0.413431078424684 -0.450265499422389 0.00902876071631908 0.419131696224213 0.445115655660629 0.00328564899973571 0.178969085216522 -0.0338772572577
-6.28535461425781 0.390620470046997 25.6789932250977 -0.191987531879777 -0.606099469024575 -0.771870598773421 0.773482527748608 0.390634838670838 -0.499128442471707 0.438865959644318 -0.0700561329722404 0.612256586551666 -0.458770096302032 -0.523868560791016 0.119994103908539
-5.74945068359375 0.403533279895782 25.7595195770264 -0.394015852407153 -0.326650526652024 -0.859098912518122 0.908250381588114 0.00484055598781007 -0.418399107746149 -0.626055538654327 0.123991198837757 0.444739609956741 0.339953273534775 -0.0191510301083326 -0.331212043762207
-5.24925231933594 0.0406090095639229 25.8558082580566 -0.471523160574251 0.300921702686084 -0.828922214622444 0.843991273775433 -0.118481234450948 -0.52310699371534 -0.127739474177361 -0.361748903989792 -0.0592277757823467 -0.0207683872431517 -0.797412514686584 -0.630816519260406
-4.84870910644531 -0.363324075937271 25.6684951782227 -0.329521466929352 0.765784432769026 -0.552258820990077 0.871138591475011 0.0210617976270503 -0.490585318903502 0.0749556422233582 0.0379944927990437 0.273350954055786 0.100769706070423 0.156412228941917 0.248699247837067
-4.59527587890625 -0.712112843990326 25.2530746459961 -0.00363402053332709 0.999892722842614 0.0141893164439489 0.888085102887852 0.00974943003570356 -0.459575672379046 -0.422980159521103 0.0200992003083229 -0.0649977400898933 0.0560078881680965 -0.28145506978035 0.183422312140465
-4.3841552734375 -0.884148240089417 24.7113628387451 0.125971602460309 0.909957222795471 0.395106325001176 0.705635485254906 0.197754672600489 -0.680420202091139 -0.380444079637527 -0.0835305452346802 0.0720357745885849 -0.410190850496292 0.286961287260056 0.130453854799271
-4.32341003417969 -0.883743107318878 24.1241855621338 0.497361532685066 0.612660078370618 0.614230522016018 0.700247257285613 0.134456145951928 -0.70112432811858 -0.427433639764786 0.30923318862915 0.530758857727051 0.241275474429131 -0.0727047249674797 0.30609405040741
-4.78453063964844 -1.69457173347473 23.2961616516113 -0.298614548360984 0.307215661122075 -0.903575060008017 0.951961540719483 0.163154625459281 -0.259132771339771 0.0946451798081398 0.231400325894356 -0.0245779100805521 -0.418737530708313 0.498038709163666 -0.168259680271149
-4.34773254394531 -2.03191041946411 23.1974010467529 -0.25821205099254 0.761957666136179 -0.593925123006708 0.946439399819589 0.0761519066674427 -0.313772767428993 -0.151987716555595 -0.0395317673683167 0.578688442707062 -0.608535170555115 -1.02949023246765 0.579373776912689
-3.96958923339844 -2.38194274902344 22.8572006225586 -0.0900377383347532 0.991298912206578 -0.0960191248325998 0.908094484927437 0.0421237605829908 -0.416641326849269 0.55617356300354 0.104702107608318 0.52456670999527 -0.179275900125504 0.00175380345899612 -0.333558917045593
-3.69403076171875 -2.56104397773743 22.3903274536133 0.172046003523657 0.864226541597546 0.47277125279556 0.908028647169626 0.046951921590204 -0.416268534696398 -0.209863588213921 -0.0914972871541977 0.499167531728745 -0.0641563832759857 0.432595998048782 0.144237250089645
-3.50447082519531 -2.56571292877197 21.8440437316895 0.350335986441594 0.555431381925895 0.754162234917585 0.740765895448341 0.32843421391793 -0.586000729751021 0.328138560056686 0.161644756793976 0.405062705278397 -0.38790437579155 0.287591189146042 0.487997502088547
-3.45376586914062 -2.20474410057068 21.4162635803223 0.653435437246096 0.0535664556296206 0.755084607300588 0.677062607485011 0.404742761692336 -0.614629581458019 -0.249340638518333 0.0287599768489599 0.000701204349752516 0.0176749415695667 -0.0365999974310398 -0.420592695474625
-3.44937133789062 -1.69127297401428 21.1023349761963 0.729295854471932 -0.341403322936405 0.592934505437182 0.623457013914769 0.688569525057392 -0.370369222483074 0.232602402567863 -0.498686254024506 -0.29217991232872 0.0981363505125046 -0.137404277920723 -0.313666939735413
-3.34957885742188 -1.14748096466064 21.1578617095947 0.767805640582267 -0.640648921131549 0.00659227904731253 0.607988498513046 0.725340631793722 -0.322848189626232 0.167692065238953 -0.912302553653717 -0.0039695305749774 0.143630236387253 -0.465935498476028 0.419849425554276
-3.15170288085938 -0.546177446842194 21.2319469451904 0.48056146525984 -0.792440738596769 -0.375630608336865 0.706171425237966 0.603649831150809 -0.370038916235819 0.188342213630676 -0.301254123449326 0.167006075382233 0.400536715984344 -0.368689477443695 -0.19646543264389
-2.72859191894531 -0.219980731606483 21.4452228546143 0.122805775261226 -0.618139471721425 -0.776416341315951 0.674791181577964 0.625673355945321 -0.391394574470232 -0.0170066561549902 0.0582694634795189 0.0742672309279442 -0.283152431249619 -0.870199620723724 0.623183727264404
-2.18807983398438 -0.0927929133176804 21.60888671875 -0.248551368495784 -0.145412950873801 -0.957641525278142 0.916355970819711 0.285065537901163 -0.281121635318566 0.374350398778915 0.660492658615112 0.438268601894379 0.0925395041704178 -0.0869109183549881 0.102181188762188
-1.65402221679688 -0.266782879829407 21.6269378662109 -0.377785362286864 0.360527456620791 -0.852817784209691 0.922373646094804 0.0663097642483635 -0.380565200925024 0.0434558801352978 0.25329515337944 0.0434118770062923 0.128916829824448 0.301091283559799 -0.0460375770926476
-1.19223022460938 -0.527830302715302 21.4370422363281 -0.521904823093857 0.680246139900961 -0.514665468805916 0.77158876452327 0.119234255727318 -0.624847157889517 0.249503836035728 0.131976082921028 -0.202524155378342 -0.0368158519268036 0.141886726021767 0.481226772069931
-0.847213745117188 -0.86872661113739 20.9734325408936 -0.274581199914352 0.960473585718551 -0.0457783331997066 0.773062297612744 0.192191366032273 -0.604513988946785 -0.147651612758636 0.379398047924042 0.346794754266739 0.602567791938782 -0.199664026498795 0.304210633039474
-0.535079956054688 -0.951475918292999 20.3905792236328 -0.157450075951041 0.903029658502961 0.399683511602664 0.761009087938951 0.3688853891883 -0.533656010663913 0.166238307952881 -0.155142188072205 0.265966951847076 -0.0583162643015385 0.0258599258959293 0.0428370609879494
-0.40264892578125 -0.912054896354675 19.8526763916016 0.273275911552677 0.665432316948797 0.694636673179015 0.640987582605522 0.412473856204066 -0.647302276292674 -0.493060171604156 -0.0677020475268364 0.194124042987823 -0.0445741079747677 0.382403373718262 -0.260016947984695
-0.441879272460938 -0.668063163757324 19.3354301452637 0.639873773135916 0.24284643277867 0.729100243134976 0.522068205892767 0.558840726550508 -0.644315008939267 0.837406098842621 -0.117960870265961 -0.365130424499512 -0.0161294005811214 0.442630052566528 -0.491615176200867
-0.553634643554688 -0.195090278983116 19.0341796875 0.842858214643221 -0.106465299941504 0.527498976223468 0.439230039217096 0.702443921630256 -0.56004420326797 0.375365167856216 -0.361833810806274 0.348625481128693 0.110102906823158 0.197588205337524 0.113629914820194
-0.495635986328125 0.392481595277786 18.9802341461182 0.817190053479813 -0.571318089874906 0.0761318374620573 0.567677433633985 0.774963821578684 -0.277801019772954 -0.166929185390472 0.284074813127518 0.490173012018204 -0.102825678884983 0.082549087703228 -0.125601068139076
-0.310455322265625 0.903110444545746 19.1748523712158 0.624077040159032 -0.617528422724468 -0.47873426352599 0.537326894038629 0.784001439136384 -0.310840075239469 0.461872130632401 -0.00348098273389041 0.224998161196709 -0.364890158176422 0.0606554299592972 -0.146954208612442
0.0187225341796875 1.3189412355423 19.4094200134277 0.154241704369602 -0.435554467160324 -0.886849368703528 0.572929425275784 0.770703903944701 -0.278868008379514 0.195949673652649 -0.210747286677361 -0.261290460824966 -0.537644028663635 0.123207584023476 -0.323464244604111
0.541412353515625 1.56930935382843 19.3937740325928 -0.347778526305042 -0.25599864355243 -0.901950548057048 0.69884112893654 0.570540864217638 -0.431397958693006 -0.418560862541199 -0.357500851154327 -0.375252187252045 -0.194460108876228 0.3828264772892 -0.00225719972513616
1.04594421386719 1.52419996261597 19.3310165405273 -0.551415407614399 0.166290547656218 -0.817489144885509 0.809411105732156 0.343898521235675 -0.476012047126293 0.259623497724533 0.696830749511719 0.414100676774979 -0.763652086257935 -0.202221289277077 0.731512546539307
1.65159606933594 1.44343483448029 19.1890850067139 -0.618088895518934 0.516869064800379 -0.592294257180133 0.782803465223523 0.473701893599041 -0.403516109758616 0.170846194028854 0.0466974340379238 -0.240308493375778 -0.0482224002480507 -0.112750247120857 0.0272904243320227
2.11572265625 1.27271807193756 18.8644733428955 -0.569020047786633 0.810992715972131 -0.136040434640015 0.723942470109016 0.415575194548731 -0.550640134432863 0.289700448513031 0.166851475834846 -0.252975463867188 0.452931225299835 0.298525810241699 -0.165783360600471
2.32328796386719 1.1059662103653 18.3876342773438 -0.0942188285247181 0.976094664574577 0.195862242763818 0.346868070426293 0.216595676588141 -0.912561699065913 0.55487322807312 -0.00623036921024323 0.380426704883575 0.224516242742538 -0.749374747276306 0.645895898342133
2.20899963378906 1.07366156578064 17.8136310577393 0.515541644233333 0.745471885426172 0.422478971193052 0.543574249201895 0.0966105592223093 -0.833782606829471 0.082916222512722 -0.311108320951462 -0.229674741625786 0.103413380682468 0.116396807134151 -0.298254013061523
2.01875305175781 1.39263784885406 17.3587398529053 0.817771222328181 0.278613556681634 0.503611669806293 0.256263305779199 0.607231657698805 -0.752063050547943 -0.0500721707940102 0.317417323589325 -0.362676501274109 0.32012352347374 1.93381638382562e-05 -0.323690503835678
1.86598205566406 1.88592767715454 17.05202293396 0.941198971490435 -0.184306165282076 0.283153197941261 0.33418195987957 0.631075524393959 -0.700047212837776 -0.124040201306343 -0.324339359998703 0.0543275699019432 -0.117641933262348 0.377247363328934 0.0772542729973793
1.88278198242188 2.45668363571167 17.0007400512695 0.79287770686979 -0.584491273496838 -0.172380083405676 0.298736826909091 0.619370827886093 -0.726041380233925 -0.0654057115316391 0.385274320840836 0.229793682694435 -0.0476735681295395 0.157857283949852 0.0983892232179642
2.0733642578125 2.95220327377319 16.9510593414307 0.468579804723099 -0.743464684730833 -0.477172116917728 0.402780519597593 0.660527986425898 -0.633617102184625 -0.495605885982513 0.338177651166916 0.0430693291127682 -0.0724216848611832 -0.0398730486631393 0.312790542840958
2.42863464355469 3.44231200218201 16.9714031219482 0.0880685243459018 -0.744951953809776 -0.661279457971085 0.699768623222668 0.518727222124465 -0.491167937654818 0.0396891199052334 -0.149538636207581 0.228267103433609 -0.160771742463112 0.00804257765412331 0.171930342912674
2.93316650390625 3.65917587280273 16.9957408905029 -0.431631270537232 -0.511936297860959 -0.742708336580942 0.79044954317927 0.182037655664605 -0.58485195700093 0.57680481672287 0.199961438775063 0.0454420708119869 -0.00288616074249148 0.126544743776321 -0.0107754152268171
3.86235046386719 4.37597370147705 17.829761505127 0.745072549970963 -0.0314641204406762 0.666240875663346 0.640752980305865 0.311138601299979 -0.701874909802484 -0.679434299468994 0.339744538068771 -0.261329144239426 0.21068562567234 0.400353223085403 0.191732794046402
3.86868286132812 4.89826345443726 17.6080646514893 0.813909625869601 -0.487942863179469 0.315377366323312 0.580959150093691 0.677791875590133 -0.450649131039244 -0.0528143718838692 -0.558777153491974 -0.341953337192535 0.119515605270863 0.206749752163887 -0.117086544632912
4.13626098632812 5.38245439529419 17.6721038818359 0.508774431953718 -0.812430531222665 -0.284789763382447 0.654520501797893 0.579922060645245 -0.485070424065627 -0.18519526720047 0.374807387590408 0.353378117084503 0.267536044120789 -0.0598593764007092 0.134554907679558
4.49302673339844 5.79865217208862 17.8437194824219 0.22754482150429 -0.690841440522401 -0.686266317302193 0.749526219291658 0.574160913052216 -0.329468803557179 -0.390386581420898 0.00993626099079847 -0.443030148744583 -0.542762160301208 -0.261517226696014 -0.441657423973083
4.92716979980469 5.94583177566528 18.0090942382812 -0.00305329023933634 -0.465077369190817 -0.88526477287039 0.964976055997805 0.230854705242283 -0.124608653063985 0.296954989433289 0.429630070924759 0.458787530660629 -0.326424926519394 -0.149773716926575 0.674515426158905
5.43048095703125 5.82753562927246 18.2630481719971 -0.111930106407369 0.177881286475308 -0.977665535447335 0.98482194813293 0.151194633501005 -0.0852403265840591 0.517131268978119 0.21202564239502 -0.936819136142731 -0.502425193786621 -0.381287604570389 -0.112043127417564
5.91255187988281 5.50850534439087 18.3025169372559 -0.164962681322938 0.700730365622625 -0.694092406286893 0.985631613599629 0.143020465102574 -0.0898636124069951 -0.253091305494308 0.101393260061741 -0.150561451911926 0.362925440073013 -0.0889681652188301 0.320323944091797
6.40371704101562 5.17613363265991 18.1383285522461 -0.156256434343845 0.957715911869945 -0.241586752280145 0.981841558417284 0.123971538689467 -0.143590430599275 -0.0680499449372292 -0.00454433495178819 -0.6336550116539 0.281035572290421 -0.605029404163361 -0.201923206448555
6.7606201171875 5.00005340576172 17.7440567016602 -0.0652692621852187 0.977326506485759 0.20142696724654 0.878477711900534 0.152021394008288 -0.45295298371661 -0.641733050346375 -0.0361216925084591 -0.190012872219086 -0.00850059650838375 -0.459283500909805 -0.27833566069603
7.009033203125 5.02209043502808 17.1685066223145 0.137993271455432 0.690939131664463 0.709620302251694 0.843362012784082 0.293705988125293 -0.449974785884862 -0.191264152526855 -0.266379594802856 -0.34850600361824 -0.32532063126564 -0.193019315600395 -0.0969442576169968
7.06649780273438 5.28945255279541 16.7350444793701 0.540822251341167 0.225869264060995 0.810243400471004 0.698701294781781 0.415692098620441 -0.582251302973894 -0.0626050978899002 -0.136548742651939 -0.0199041459709406 0.198075324296951 0.270936876535416 0.071641705930233
7.01251220703125 5.85598707199097 16.4348773956299 0.77752030026418 -0.109570106284746 0.619238705577945 0.494920000219565 0.714117041248876 -0.495066707404788 -0.312808722257614 -0.217281058430672 0.70772111415863 0.621384859085083 -0.0763478502631187 0.80885249376297
6.9324951171875 6.45975399017334 16.4195652008057 0.8768171233804 -0.437003087125632 0.200549330563798 0.480784304724661 0.791480363617333 -0.377366249601894 0.135808393359184 0.0289418771862984 -0.608690857887268 -0.0246190782636404 0.533335864543915 -0.395040690898895
7.00592041015625 6.99646377563477 16.5139446258545 0.747337770419229 -0.606351274717271 -0.271706438189374 0.613704452528071 0.786645525907193 -0.067495640728985 0.379952549934387 0.197358474135399 0.617599666118622 -0.875206708908081 -0.0182552170008421 0.0886330232024193
7.30642700195312 7.42617845535278 16.8148517608643 0.478989878687663 -0.487808565728178 -0.729802370040682 0.596810600684934 0.79063976926567 -0.136769375832519 0.00366328749805689 0.850269436836243 0.765139520168304 0.0573959574103355 -0.241554468870163 -0.388834655284882
7.74465942382812 7.66799116134644 17.039909362793 0.0620654248311353 -0.261686662420334 -0.963155217891611 0.676957016569529 0.720148058566823 -0.152039374701813 -0.18477626144886 -0.368968069553375 0.336134701967239 0.198683813214302 -0.406782537698746 -0.474095821380615
8.33782958984375 7.77188682556152 17.1951160430908 -0.286266576968544 0.145852673435326 -0.94698386710782 0.875902683886834 0.440464815814916 -0.196939671953046 -0.645122706890106 -0.0334166996181011 0.114798247814178 -0.119755297899246 0.284964561462402 0.513338804244995
8.82562255859375 7.9128794670105 18.4457454681396 0.834287163306858 -0.358079026016266 0.419218726047201 0.547531310269751 0.627228404371081 -0.553889874455561 -0.392188936471939 -0.12465151399374 -0.0396415740251541 0.0799915865063667 0.195095613598824 0.249636605381966
8.9071044921875 8.46926593780518 18.3635177612305 0.779610867309561 -0.612362085202857 0.131223367503063 0.620318809289126 0.726264026454215 -0.296218059410011 0.0769430622458458 -0.121733888983727 0.0676948204636574 -0.033524364233017 -0.341825038194656 0.236317828297615
9.12820434570312 8.9359073638916 18.5874042510986 0.620132947421546 -0.597920205338381 -0.507864702032317 0.550736607939198 0.792840561072143 -0.260946418627339 0.30322340130806 -0.0535919107496738 -0.157453089952469 -0.0150166815146804 0.335059762001038 0.221242323517799
9.52578735351562 9.33917045593262 18.7453098297119 0.0883546922532425 -0.517908851941742 -0.850860663938122 0.576990515017365 0.722909241536462 -0.380110739234204 0.0773942396044731 -0.132565230131149 -0.362709224224091 -0.710973620414734 0.382314294576645 0.108320742845535
10.0102844238281 9.51513862609863 18.85182762146 -0.170657070586789 -0.30557904990568 -0.936748423279953 0.756720152752625 0.568241902599378 -0.323227088203143 -0.500460147857666 0.439278781414032 0.406143933534622 -0.476439625024796 -0.193092629313469 -0.377709448337555
10.6478881835938 9.56701469421387 18.8270473480225 -0.629660236652165 0.207992799010485 -0.748509840909873 0.688264226103944 0.596212442808707 -0.413307486147557 -0.00521700689569116 -0.316769987344742 0.785785019397736 0.102673582732677 0.0960225015878677 0.0287368502467871
11.1681823730469 9.5767297744751 18.559606552124 -0.784868557909876 0.486817494100917 -0.383392845840628 0.619660727755372 0.615218016512421 -0.487367802215335 0.220718547701836 0.420344859361649 -0.142427504062653 -0.715658068656921 0.222225233912468 -0.159660682082176
11.6041870117188 9.57428932189941 18.1572742462158 -0.760031311648358 0.649844300721446 0.00740203579638658 0.483150780529225 0.572617586233424 -0.662325013275362 -0.0996376350522041 -0.261886358261108 0.450692176818848 0.71981155872345 -0.0637669935822487 -0.28438064455986
11.67578125 9.56590461730957 17.5855121612549 -0.33132852713946 0.852491407316196 0.404326362677043 0.262923555529888 0.494979042517593 -0.828170846755601 0.457915127277374 -0.341798931360245 -0.433984965085983 -0.0155033189803362 0.196150794625282 -0.00422413414344192
11.4764099121094 9.68346500396729 16.9994926452637 0.274358225464174 0.757754540719732 0.592060486891988 0.262579246517791 0.533255687622827 -0.804170697623368 0.799555778503418 0.385946899652481 0.247777044773102 0.4315045773983 -0.21199357509613 -0.195675984025002
11.203369140625 10.0007610321045 16.6025714874268 0.694682698115275 0.518401341292176 0.498674240647895 0.169083507631914 0.556153508327506 -0.813697758766666 -0.0824078395962715 -0.239443972706795 0.985211908817291 -0.506468951702118 -0.30061200261116 0.276718437671661
11.0098876953125 10.4415063858032 16.3024883270264 0.961323981924227 -0.0236269648843184 0.274404752706114 0.23424435598041 0.594176805235937 -0.769469626308238 0.249411195516586 0.311143338680267 -0.0244574975222349 0.330909937620163 0.222537696361542 -0.701051115989685
10.9224548339844 10.9840841293335 16.1615047454834 0.86334243447656 -0.48091570989325 -0.152839526333861 0.256575277430067 0.67915854208563 -0.687686557760006 0.153798371553421 -0.372296184301376 0.0262017250061035 0.159283503890038 -0.505292773246765 -0.443326592445374
11.1168823242188 11.5073823928833 16.3237934112549 0.543258863537341 -0.603232074963638 -0.58393567361755 0.506128581828369 0.790238593938212 -0.345480568638761 -0.149704977869987 -0.188342198729515 0.434662491083145 0.0255256053060293 -0.196891278028488 -0.303977102041245
11.5188598632812 11.8658752441406 16.5613498687744 0.148150355488912 -0.440401278921551 -0.885493187829681 0.794404852486559 0.586293837707858 -0.158683541086023 -0.420316964387894 -0.0482089556753635 0.256773442029953 -0.0626780986785889 0.41035121679306 -0.817434132099152
12.2757568359375 12.7627000808716 17.7748146057129 0.425642451877223 0.485603130949241 0.763556220832651 0.417758348075068 0.643051404990086 -0.641843324460002 -0.191991925239563 0.200019165873528 -0.0493285804986954 -0.16206231713295 -0.00757012143731117 -0.296769082546234
12.1458740234375 13.2115383148193 17.4261913299561 0.863794491674018 -0.143593108584526 0.482949371384473 0.489577246532292 0.465693021445175 -0.73718663135947 0.321079045534134 -0.135899275541306 0.217734605073929 0.28450682759285 -0.37788662314415 0.304359793663025
12.107177734375 13.7499542236328 17.251148223877 0.863504639813319 -0.420376208954129 0.278645976045276 0.504265914764853 0.710111405737873 -0.491383433427856 0.342714577913284 0.308944791555405 -0.132554545998573 0.38236740231514 -0.0514194890856743 -0.015942158177495
12.228271484375 14.332218170166 17.3392429351807 0.672841748774546 -0.652565506205011 -0.348485639901286 0.568739242858559 0.757532358593227 -0.320437824416617 0.27385550737381 -0.46836319565773 0.474536180496216 0.046177726238966 0.26262566447258 0.148931831121445
12.5412292480469 14.8474378585815 17.4713020324707 0.321537841857209 -0.732817207485516 -0.599660201002984 0.755795864340084 0.580126157964 -0.303687754597306 -0.331576943397522 -0.389002472162247 0.0353450961410999 -0.527820885181427 -0.250645339488983 0.258920550346375
12.9961242675781 15.0343523025513 17.7000217437744 -0.00757726299288857 -0.399825398073446 -0.916560001386132 0.910240182452917 0.37673022314311 -0.171863751904302 -0.0116630466654897 0.415309876203537 0.251556605100632 0.0823178440332413 0.33392933011055 -0.0844849199056625
13.5274047851562 14.9582014083862 17.7995300292969 -0.290845746364514 0.0633407386010476 -0.954670991837053 0.941423183641106 0.196944858188332 -0.273742784628605 -0.144763857126236 0.100632891058922 0.321145236492157 0.498387724161148 -0.192815393209457 -0.0726569890975952
14.1294555664062 14.7972936630249 17.7307033538818 -0.511320025282869 0.640711947034904 -0.572747791502916 0.857580186150563 0.423641917269195 -0.291691189881432 -0.903314232826233 0.212056666612625 -0.113004185259342 0.190954327583313 0.0809687674045563 0.326445370912552
14.5328979492188 14.5602512359619 17.4351043701172 -0.2769122768249 0.955125307854083 -0.105143888268849 0.749264060509724 0.146119718906854 -0.645950768538178 0.0464790053665638 0.47769957780838 0.232803955674171 -0.119707085192204 -0.190699383616447 0.451279252767563
15.6373596191406 14.592734336853 17.5705947875977 0.102819656869064 -0.199591172775983 0.974469846589024 -0.768913673939967 -0.637438990370288 -0.0494297034570223 0.116759076714516 -0.262907803058624 0.239831477403641 0.268021911382675 -0.223182082176208 0.0991188287734985
15.60107421875 14.0923833847046 17.3252868652344 -0.318612843186476 0.19598868564451 0.927401903845343 -0.604325214109802 -0.795760489821324 -0.0394496949350544 -0.487477570772171 0.0501743517816067 -0.0839126855134964 -0.067283034324646 -0.182745754718781 0.265716910362244
15.5499572753906 13.5192070007324 17.3644428253174 -0.62108288430087 0.61490259285544 0.485953549352373 -0.655490236212877 -0.747439609742106 0.108011943868047 0.0145143168047071 -0.0635723397135735 -0.0346573516726494 -0.116794928908348 0.331848472356796 0.0387643985450268
15.496826171875 13.0363292694092 17.6279163360596 -0.68552666662536 0.712697673607941 -0.148711853526717 -0.723857044704132 -0.645326768045286 0.24409903989247 -0.0591335818171501 0.114496298134327 0.270493447780609 0.394010007381439 0.194724187254906 0.161945939064026
15.5669555664062 12.8096437454224 18.1366271972656 -0.711395849110997 0.618271587363723 -0.334149951558257 -0.629903261234994 -0.350079219817183 0.693301104382296 -0.0189191363751888 0.0857158154249191 0.527708232402802 0.00421322742477059 0.404837489128113 0.104768924415112
15.5513305664062 12.8696718215942 18.6796245574951 -0.807324032157685 0.25975210313553 -0.529864843160335 -0.567681072689493 -0.0966683707203088 0.817553316801043 -0.23621341586113 -0.500710546970367 0.377128899097443 -0.365210026502609 -0.539718806743622 0.00268215592950583
15.5713195800781 13.302173614502 19.1512546539307 -0.856952328705185 -0.248205373809155 -0.451693257353945 -0.50370243142994 0.217704329409866 0.835995625304204 -0.276579737663269 -0.0506601557135582 -0.00828396249562502 0.318128526210785 -0.162178337574005 0.166328951716423
15.4551391601562 13.8018474578857 19.4135284423828 -0.675604807910054 -0.728697744305393 -0.112061326839597 -0.406805113129515 0.241688089525338 0.880963374558372 0.315748423337936 0.613846659660339 -0.30793234705925 0.15594170987606 -0.384819358587265 0.181418165564537
15.1919250488281 14.2792654037476 19.715482711792 -0.217716617565084 -0.974723765052882 0.0501303927488359 -0.346915303616299 0.125291832896892 0.929490036916022 0.0239708498120308 0.204637095332146 0.127469420433044 -0.0517513491213322 -0.0392822585999966 -0.150883495807648
14.7513732910156 14.4913196563721 19.9789333343506 0.224933003378732 -0.936431487853671 0.269260491990904 -0.508849790265688 0.12277226713042 0.852055667999587 0.282535225152969 0.210220783948898 -0.261338502168655 -0.128183901309967 0.704462289810181 -0.573841154575348
14.20068359375 14.5179405212402 20.119312286377 0.534175418876025 -0.725343993768915 0.43420353818455 -0.663200102285137 -0.0410539462819116 0.747315326902684 0.243907943367958 0.0827579125761986 -0.145133391022682 -0.675518214702606 0.364577323198318 -0.341834783554077
13.6200866699219 14.3021411895752 20.1684799194336 0.713688937048475 -0.223316202370098 0.663911119724331 -0.700420504183693 -0.237931954468619 0.672903783881325 -0.218236327171326 -0.0987713187932968 0.472075909376144 0.245830863714218 -0.0134821562096477 0.552743673324585
13.2353820800781 13.8508033752441 20.2196483612061 0.617555669599625 0.382409306598092 0.687304966643283 -0.474132457412462 -0.516225472615951 0.713238861988365 0.0800117999315262 0.21081854403019 0.208556920289993 -0.187726601958275 -0.307295799255371 0.030969824641943
13.2727355957031 13.2990760803223 20.3815650939941 0.193682178176803 0.707043129886692 0.680130300998801 -0.297637458108583 -0.618236102515846 0.727458634615521 -0.267426818609238 -0.277863591909409 -0.230500191450119 -0.27174961566925 -0.160045087337494 0.26997447013855
13.4497375488281 12.8326721191406 20.6208457946777 -0.373043075007342 0.746949926270319 0.550367760532747 -0.177279176652452 -0.639642131333491 0.74795055809096 0.560089290142059 0.331894963979721 0.350540429353714 -0.278199672698975 0.357829928398132 0.441120833158493
13.7178955078125 12.4666748046875 21.0203895568848 -0.778408247258843 0.59916283564044 0.187308560900786 -0.269275032121148 -0.588218902811941 0.762554574736046 0.290614694356918 0.0225580129772425 0.364659458398819 0.0578288100659847 -0.0474657081067562 -0.0568055994808674
13.8760070800781 12.3238706588745 21.6200714111328 -0.953369734461521 0.183961988603893 -0.239257468350877 -0.300198463026613 -0.496340242839038 0.814571817665541 -0.287600934505463 -0.404666006565094 -0.352565258741379 -0.266814589500427 -0.0309357866644859 0.480323404073715
13.8890686035156 12.2878561019897 22.1664276123047 -0.824709321239328 -0.25092435780787 -0.506844652847078 -0.343301839295943 -0.490081100054281 0.801226785938668 -0.314153641462326 -0.117791876196861 0.393982231616974 0.264658659696579 0.20062181353569 -0.214935526251793
13.7295837402344 12.4202060699463 22.7591457366943 -0.564776026946066 -0.472495330348131 -0.676591606647783 -0.578985091576125 -0.357350997841656 0.732855052567804 0.36935567855835 0.0977264195680618 -0.31928813457489 -0.0421040914952755 0.0156952850520611 0.160538747906685
13.3165588378906 12.649001121521 23.1760711669922 -0.0602064858877661 -0.84488312303713 -0.531552149336331 -0.690320762229055 -0.34939758957555 0.633544449612095 0.236420705914497 -0.280941933393478 -0.419065654277802 -0.287657350301743 0.0483142770826817 0.310462385416031
12.8234558105469 13.8654661178589 23.8169765472412 -0.800453710930363 0.495415373486702 0.337398079975037 0.06604728664503 -0.486569110780385 0.871141926646407 0.0708152577280998 0.0197597444057465 -0.0333342850208282 -0.534366607666016 -0.234510734677315 -0.0233947988599539
13.1796569824219 13.8512687683105 24.3287334442139 -0.995950474218114 0.0721924404808088 -0.053580821588877 -0.0777903841367871 -0.393218165194912 0.916148530914392 0.074849933385849 -0.00937117077410221 -0.237132489681244 0.22724238038063 0.107130877673626 -0.0227388888597488
13.2108764648438 14.0036659240723 24.8897380828857 -0.871678122837123 -0.356619507291914 -0.336154394863463 -0.285660864044646 -0.187619330295655 0.939785538116371 -0.280043393373489 -0.158942595124245 -0.926959991455078 0.543613970279694 0.357648551464081 0.0649891793727875
13.11865234375 14.3055057525635 25.4052467346191 -0.558083685455291 -0.744260495644215 -0.366904503450241 -0.335488071850043 -0.202036014818141 0.920124558069583 0.0601754412055016 0.0818332359194756 0.320984810590744 -0.0728733688592911 0.285078912973404 0.352122217416763
12.7349548339844 14.5724773406982 25.7102279663086 -0.0294028883291021 -0.990690089273267 -0.132923350746331 -0.472634433667918 -0.10339657575595 0.875171891820887 0.209547087550163 0.0593575872480869 0.407545328140259 -0.40550622344017 0.377130895853043 0.139884203672409
12.2372131347656 14.7584609985352 25.9493103027344 0.351356409221481 -0.932110345535642 0.0878577113542867 -0.664158456678219 -0.182007306469687 0.725097844993664 -0.460592687129974 0.274224400520325 0.0584174059331417 0.47789865732193 0.160138607025146 -0.161261260509491
11.6177978515625 14.7447738647461 25.9679718017578 0.617442033850912 -0.647987065393499 0.445957506851011 -0.764051449491673 -0.359219865106146 0.535897817725354 -0.465371608734131 0.0695987120270729 0.0410304218530655 0.245959863066673 -0.124268144369125 -0.0758775472640991
11.16455078125 14.4429025650024 25.8159694671631 0.558972521441188 -0.300123982129604 0.772965274526838 -0.797449909981367 -0.450010715763006 0.401950241658313 -0.124102056026459 -0.336777776479721 0.323008060455322 -0.146734610199928 -0.674702107906342 0.253634065389633
10.9174194335938 13.9747333526611 25.7249317169189 0.290613632929856 0.222361696813072 0.93064439618241 -0.653256645105378 -0.664564903596115 0.362779884411958 -0.278799414634705 0.277328431606293 -0.367483645677567 0.158457547426224 -0.0634230300784111 -0.111216172575951
10.7829284667969 13.373254776001 25.7763900756836 -0.0934853636241905 0.60915150603827 0.787524558016675 -0.61086275072346 -0.659702303426768 0.437766570939336 0.287868112325668 -0.257909148931503 -0.368936836719513 0.108209237456322 -0.182540208101273 0.149756267666817
10.7738037109375 12.8260736465454 25.994270324707 -0.411400400835069 0.79612580295823 0.443771806288839 -0.539242586754485 -0.605128887934973 0.585693146294981 0.714180648326874 -0.19053241610527 -0.120067954063416 0.144676834344864 0.3624427318573 0.0804439783096313
10.8496398925781 12.3768835067749 26.4422702789307 -0.694375880888457 0.718651465687362 0.0371780433291736 -0.567603989242968 -0.578724526282145 0.585579741858422 0.19634510576725 0.37654247879982 0.0136550087481737 0.542818665504456 0.383889377117157 -0.0162410624325275
10.9178161621094 12.2055635452271 26.9825801849365 -0.85107984620987 0.461902733241944 -0.249617628381901 -0.489533057764338 -0.526251961655633 0.695281423748323 0.294465929269791 0.199001014232635 -0.494456082582474 0.0221540965139866 0.233059480786324 0.485534310340881
10.8544921875 12.1108369827271 27.5530910491943 -0.8406847250455 0.107891537129437 -0.530668078266462 -0.532060718018262 -0.346976498046207 0.772346232039415 0.1821309030056 0.0535144843161106 0.456915318965912 0.273322105407715 0.288067281246185 0.65018755197525
10.6974182128906 12.4043703079224 28.1159210205078 -0.672397799392415 -0.449657284553353 -0.587953676593949 -0.579080293347372 -0.17518261752974 0.796226766927707 0.63089120388031 -0.0452906154096127 -0.398859262466431 -0.0797112882137299 0.395751476287842 -0.119944401085377
10.3598327636719 12.6853904724121 28.4277534484863 -0.294010920138643 -0.868132210084414 -0.399880037827822 -0.66331026317852 -0.115900354961358 0.739314954861508 0.237885713577271 0.274052858352661 0.540842354297638 0.427115023136139 0.526276051998138 -0.316436499357224
9.88690185546875 13.7648124694824 29.1656742095947 -0.304132834813265 0.916119376908075 0.261205869080324 -0.677591990404125 -0.400766693485926 0.616648321113853 0.456013321876526 -0.157121106982231 0.204492539167404 0.253054320812225 0.517996966838837 0.120692320168018
9.7860107421875 13.4964962005615 29.7003765106201 -0.485578278932135 0.823190583435878 -0.294229499492835 -0.690981822811708 -0.155247681451771 0.706004446124568 -0.0125597668811679 0.163229212164879 -0.465568482875824 -0.543145954608917 -0.0626363083720207 0.38139820098877
9.73373413085938 13.5373487472534 30.278636932373 -0.735757826219049 0.276863290611616 -0.618067261282401 -0.67621327671014 -0.249976800045185 0.692998704068128 -0.150717660784721 -0.160149276256561 -0.0417060852050781 0.38055744767189 0.297402381896973 0.182944178581238
9.62118530273438 13.8008308410645 30.7643337249756 -0.756257873798188 -0.169552177873521 -0.631922532670413 -0.654055348243591 0.170966919251714 0.736873065022418 -0.348319083452225 0.272188246250153 0.221440032124519 0.269521832466125 -0.0607752054929733 0.0975827574729919
9.31707763671875 14.2351722717285 31.1997032165527 -0.406220292656569 -0.726608072837833 -0.554099072658402 -0.755316328072895 -0.0742765589896817 0.651137648528429 0.325035244226456 -0.00655261799693108 0.208767160773277 -0.307863771915436 -0.0703051909804344 0.0208540521562099
8.88796997070312 14.6113748550415 31.3360404968262 -0.116909527340654 -0.965159951027111 -0.234090647720769 -0.896115582349636 0.000901794049407491 0.44381983939169 0.202535226941109 0.153664574027061 -0.0712246000766754 -0.466555178165436 0.0530977658927441 -0.198750525712967
8.37109375 14.7942066192627 31.3232021331787 0.18466374899825 -0.950605570330902 0.249496191277085 -0.911641665382777 -0.0708417011383998 0.404834444332413 -0.169483929872513 -0.23555925488472 -0.456753343343735 -0.0265296138823032 -0.501971781253815 -0.0385087989270687
7.7862548828125 14.8389949798584 31.2366466522217 0.384089100347182 -0.688349086167648 0.615346324086409 -0.900912672700386 -0.13354924453303 0.412941830591797 -0.0886473655700684 0.256193161010742 -0.0258901100605726 -0.176047712564468 -0.252471625804901 0.2254538834095
7.28335571289062 14.4990129470825 31.1225032806396 0.473483888241238 -0.172957442243324 0.863654288907666 -0.87139523974212 -0.234906066982083 0.43068489159684 0.150153264403343 0.475305825471878 0.152083426713943 -0.201014116406441 0.317833930253983 -0.0245038811117411
6.9295654296875 14.0187196731567 31.0295963287354 0.250511099355531 0.376761526898729 0.891793104340138 -0.708874906098716 -0.55598831850318 0.434019996303791 -0.281873911619186 0.26560315489769 0.307331502437592 0.128389969468117 -0.100686348974705 0.292524307966232
6.98580932617188 13.456148147583 31.1842079162598 -0.376549212921517 0.676851400539439 0.632521044579534 -0.639514721508499 -0.683908226931957 0.351127410078867 0.378019154071808 0.421470254659653 0.00155056035146117 -0.0963960066437721 0.276018410921097 0.189338713884354
7.048583984375 12.956729888916 31.4097232818604 -0.67943852859546 0.675486272036775 0.286498834465162 -0.465063349316036 -0.698478904938808 0.543914791560622 0.10098922252655 -0.0810135006904602 1.10714590549469 -0.0253045447170734 0.474674075841904 0.275502026081085
7.15231323242188 12.6165971755981 31.8863945007324 -0.834108692504319 0.523878718830084 -0.172666664546706 -0.505824797709707 -0.601595115248581 0.618243149036834 -0.0478365868330002 -0.400389224290848 0.210141852498055 0.275372713804245 0.0480187870562077 -0.0130160208791494
7.2327880859375 12.4875154495239 32.4650688171387 -0.843780545897719 0.188848916927978 -0.502364884262104 -0.536579178920603 -0.277967964153312 0.79675378609289 -0.096997432410717 0.167358607053757 -0.128958538174629 0.402529984712601 -0.744784593582153 0.0935254693031311
7.1175537109375 12.7164640426636 33.0049934387207 -0.707096078783081 -0.31491485772594 -0.633122237607432 -0.638382970018971 -0.10076943013467 0.763094165578594 0.243547409772873 0.0203605592250824 0.0554167442023754 -0.193034395575523 -0.322642236948013 -0.0712015479803085
6.80352783203125 13.1274147033691 33.3749237060547 -0.401643048944934 -0.800751923328007 -0.444386339259788 -0.729053492094357 -0.0140861737126312 0.684311760365961 -0.190192863345146 -0.234554722905159 0.553966104984283 0.123709626495838 0.301804453134537 0.0563928820192814
6.33218383789062 13.4272165298462 33.4899406433105 0.0232202772640496 -0.99967238514218 -0.0107675952713001 -0.76322880695964 -0.0246826407865367 0.645656685453474 -0.190945461392403 -0.141066253185272 0.193208649754524 -0.209437981247902 -0.198403581976891 -0.418975621461868
5.78675842285156 13.7026510238647 33.557746887207 0.199873134469293 -0.969100959743955 0.144547777363626 -0.93654530879973 -0.1455955289691 0.318880583462566 0.158654943108559 0.227334052324295 -0.103234238922596 0.364602386951447 -0.0217558052390814 -0.063409686088562
5.31477355957031 13.7226142883301 33.2937889099121 0.254835384082187 -0.611882998882492 0.748771074961001 -0.966152658644156 -0.129003978201052 0.22339877753276 -0.0757909640669823 -0.146406307816505 -0.505625784397125 0.0952255204319954 -0.0422081127762794 0.0402237325906754
4.87028503417969 13.3931636810303 33.060188293457 0.222328493138382 -0.122553317426563 0.967238711759698 -0.964889061445457 -0.169963932612 0.200253241456833 -0.544145107269287 0.240492552518845 0.109672456979752 0.661039054393768 0.0268754735589027 0.175195798277855
4.53392028808594 12.9422512054443 32.9736518859863 0.171192121341372 0.264955459008467 0.948942496852288 -0.915057789752138 -0.314246799198632 0.252820471100237 -0.160330653190613 0.294092655181885 0.0650208741426468 0.502168953418732 -0.301551699638367 -0.0294239744544029
4.35223388671875 12.4037265777588 33.0688323974609 -0.202794127046467 0.676653071202363 0.707824246029953 -0.765009707010367 -0.560696791315316 0.316826855535671 -0.504888355731964 -0.0728052780032158 -0.470572739839554 -0.0174655541777611 -0.172415673732758 -0.0112710939720273
4.28997802734375 11.8905086517334 33.2541542053223 -0.578842403175288 0.754333471905627 0.309713553867214 -0.662769938528437 -0.656483409584839 0.360229845408284 0.237160101532936 -0.429460912942886 0.265212327241898 -0.140172034502029 -0.465626120567322 -0.221192479133606
4.24407958984375 11.433876991272 33.592529296875 -0.641382416948985 0.763333653394087 -0.0771383745273063 -0.697313129069635 -0.53805482604786 0.473551902322988 0.272760272026062 0.285524874925613 -0.22408239543438 0.295693814754486 0.0372687168419361 0.536200702190399
4.23789978027344 11.1956853866577 34.1775283813477 -0.770789696217983 0.420901073909712 -0.478252579905054 -0.623788811202085 -0.346007837594208 0.700832430287347 0.130326166749001 -0.459938168525696 -0.134991928935051 -0.0530360639095306 -0.0598558895289898 -0.143685966730118
4.06948852539062 11.2635049819946 34.7205047607422 -0.682504567656559 -0.0582624434987558 -0.72855542191757 -0.678226775251452 -0.321013616204495 0.661028516437324 0.415338546037674 0.188446074724197 -0.202486574649811 0.0143109504133463 -0.364828616380692 0.645595550537109
3.84024047851562 11.4519844055176 35.2273445129395 -0.523418866588076 -0.495757777736937 -0.693005711313397 -0.775939715050336 -0.0587242592807375 0.628067687418746 0.247755020856857 -0.00114560697693378 0.172839358448982 -0.147732004523277 0.404500097036362 0.103985533118248
3.38555908203125 11.8014307022095 35.503532409668 -0.255206582580249 -0.850652431142305 -0.459630331461488 -0.901797253475385 0.0379452389976819 0.430490269880356 0.014252052642405 0.159689530730247 0.215384006500244 -0.330212444067001 0.215468689799309 -1.03355479240417
2.87249755859375 12.1142091751099 35.4148597717285 -0.0712588146430858 -0.987053610433121 -0.143691862910201 -0.945267022562242 0.0208377466416684 0.325631761920134 0.601548612117767 0.170923262834549 0.55086487531662 -0.0390071049332619 -0.36318838596344 0.368525236845016
2.35392761230469 12.1660938262939 35.1842575073242 0.194163274399118 -0.842330724309702 0.502771890382214 -0.975857665445673 -0.113600569250443 0.186538809519348 -0.108052179217339 0.136354401707649 0.396102875471115 0.636243462562561 0.237853452563286 -0.240964502096176
1.82499694824219 12.0788059234619 34.8764266967773 0.244828353216844 -0.530166701842041 0.811777275931681 -0.963240363262509 -0.228487377578504 0.141285246466882 0.344753921031952 0.243952989578247 -0.159251689910889 -0.495514929294586 -0.223607674241066 0.00404686527326703
1.33743286132812 11.7403078079224 34.6230278015137 0.30263253768743 0.09716384571412 0.948141726863083 -0.918701077820985 -0.235135805530236 0.317331817768416 -0.43880820274353 -0.145960316061974 -0.572291791439056 0.0759129673242569 -0.363209694623947 0.0294360965490341
1.01419067382812 11.2397737503052 34.5577163696289 0.0315768616695005 0.59501408755368 0.803094725060355 -0.931294373903363 -0.274215697379241 0.239784362389958 0.31221878528595 -0.366604417562485 -0.00626331754028797 -0.188787803053856 -0.131687641143799 0.33578559756279
0.56451416015625 10.0337400436401 33.904613494873 0.146455168982256 -0.92169444469411 -0.359207786800891 -0.984359676697257 -0.0998462616241241 -0.145143897330057 0.124891400337219 0.0586329735815525 0.0922066271305084 -0.086562491953373 -0.0658339262008667 0.334785133600235
0.113754272460938 10.1937980651855 33.6377143859863 0.0639415923596111 -0.959926987276856 0.272858299972889 -0.993926989404356 -0.0857938826430575 -0.0689097194495961 0.0516487658023834 0.317321687936783 -0.235056400299072 0.0996419414877892 -0.092729926109314 -0.580106139183044
-0.266891479492188 10.215503692627 33.1145210266113 0.0464851600433228 -0.739715866812929 0.671311824922624 -0.930407765385607 -0.276657061855326 -0.240421006228117 -0.0733887478709221 0.1134192943573 -0.122671738266945 -0.209467723965645 -0.0741344466805458 0.152063444256783
-0.514755249023438 10.0419521331787 32.6181030273438 -0.194099910745778 -0.331727643757324 0.92319120176467 -0.840433552561721 -0.429153017395918 -0.330906529685444 -0.263416200876236 0.425555288791656 0.751611411571503 -0.418393671512604 0.324222147464752 0.213959962129593
-0.671783447265625 9.61460113525391 32.3242492675781 -0.438507444275906 0.233348111015405 0.867905455911043 -0.786761739196027 -0.566461420948444 -0.245208940119058 0.512017428874969 -0.00763462157920003 -0.155775040388107 0.375013142824173 -0.344990164041519 -0.176108449697495
-0.820999145507812 9.06879138946533 32.3509826660156 -0.467206285392683 0.621158315817735 0.629190458907353 -0.768954340463847 -0.636704638720039 0.0575884130202929 -0.125832229852676 -0.267015159130096 0.273273855447769 0.296633929014206 0.0749773234128952 0.374210357666016
-1.08717346191406 8.60895538330078 32.5154724121094 -0.507998620745151 0.861357139087947 -0.00113148718568363 -0.855396349131192 -0.504328000612799 0.118111615393762 -0.0144738787785172 -0.187464267015457 -0.276435434818268 0.470262467861176 -0.1751449406147 0.0820162892341614
-1.40016174316406 8.35108375549316 32.9377899169922 -0.391710585960383 0.70002824134579 -0.597095702685 -0.917371068614785 -0.346983093589202 0.195020653346857 0.165962740778923 -0.123578444123268 0.227312296628952 0.0366836786270142 0.436389684677124 -0.105597779154778
-1.710693359375 8.28553485870361 33.373779296875 -0.39595536016367 0.269275625547285 -0.877900900013081 -0.916094625066652 -0.181600264352582 0.357480044073879 0.303044736385345 -0.119604334235191 0.482243984937668 0.0708198025822639 0.067889504134655 -0.00711864605545998
-2.08299255371094 8.55091381072998 33.728385925293 -0.243669149781709 -0.340336725323995 -0.908182943486828 -0.969217864621075 0.0514228393958399 0.240774630075169 -0.418285220861435 0.155650064349174 -0.30976402759552 0.0480601601302624 0.320325970649719 0.207585990428925
-2.45771789550781 8.98365306854248 33.842887878418 -0.280975262390324 -0.745218730447349 -0.604732954050902 -0.954901145655752 0.280115776562784 0.0984832663245959 0.407004773616791 0.330889463424683 -0.516936480998993 0.434668153524399 -0.27239528298378 -0.139341160655022
-2.74070739746094 9.44879245758057 33.671760559082 -0.218690284426719 -0.956152311540209 -0.194800710044074 -0.967355690960636 0.23863275443237 -0.0853075358810097 0.134921461343765 -0.0836383327841759 0.0145985260605812 0.31461688876152 0.355445861816406 0.31187117099762
-3.08517456054688 9.81039524078369 33.3208312988281 -0.182214418791448 -0.906455279677696 0.380968150281523 -0.965027207913192 0.0906004020886554 -0.245996046977677 -0.214322194457054 -0.382832229137421 0.153863772749901 -0.557598233222961 -0.139336615800858 0.452045679092407
-3.45597839355469 9.80347537994385 32.8215713500977 -0.196342079166493 -0.413303925640051 0.889173578666787 -0.977620735056642 0.012645168806955 -0.209994757299209 0.408481895923615 -0.0269105080515146 0.0536754354834557 -0.201795011758804 0.454866260290146 -0.167078614234924
-3.79745483398438 9.49413394927979 32.5072631835938 -0.178655382281837 0.117933259578585 0.976818304838162 -0.970710569510209 -0.183210071017124 -0.155418982492701 -0.3582404255867 0.000793324317783117 -0.210448518395424 -0.146783694624901 0.288070678710938 -0.174929365515709
-4.15934753417969 8.99371242523193 32.4532890319824 -0.154573610081287 0.678365499321182 0.718280758754654 -0.978868600890735 -0.2036697386117 -0.018300266775557 0.0205427296459675 0.410316467285156 0.115204371511936 0.20649528503418 0.125338703393936 -0.110965058207512
-4.53056335449219 8.51429653167725 32.5944442749023 -0.234549923051469 0.92687873335787 0.293056559806226 -0.943683211404409 -0.289462818100294 0.160228815919291 -0.0124813364818692 0.522611260414124 0.355463624000549 0.4313984811306 0.013326714746654 0.245265543460846
-4.60317993164062 7.15163612365723 32.5723915100098 0.122000933070962 -0.729812411010925 0.672673484734039 -0.983291058166577 0.00338461462947973 0.182008898995249 0.149288162589073 -0.161917686462402 -0.147365927696228 -0.295845806598663 0.109305359423161 0.0897175893187523
-5.12136840820312 7.03575611114502 32.2148170471191 0.210773607056957 -0.293668124355879 0.932380565705603 -0.970519383335512 -0.17693231094754 0.163667601903435 -0.186757728457451 0.465094119310379 -0.0439838021993637 0.196056947112083 0.0476907268166542 -0.0325514264404774
-5.51223754882812 6.63423633575439 31.954776763916 0.134717473954561 0.130888647744055 0.982201284922309 -0.922975828675334 -0.344062005901864 0.172444065644099 0.390301406383514 -0.053569708019495 -0.253593742847443 0.141921788454056 0.273687303066254 0.0963711068034172
-5.81382751464844 6.1555962562561 32.0241279602051 -0.0812011203450415 0.693508235978133 0.715858019920996 -0.823663641425831 -0.451122519495166 0.343608320908377 -0.125227198004723 -0.181762158870697 -0.0600761398673058 -0.00906501431018114 -0.666546285152435 0.209306731820107
-6.02162170410156 5.67097806930542 32.2939682006836 -0.299640590454905 0.922842225908078 0.242028392204013 -0.757444578075426 -0.384354293542136 0.527777877690857 -0.271544426679611 0.538709402084351 0.178789809346199 -0.0362772531807423 -0.566751003265381 -0.218123272061348
-6.22891235351562 5.34382057189941 32.7656059265137 -0.423471359916862 0.852502815537619 -0.306448946532038 -0.877772686280607 -0.302475298787612 0.371515551280256 -0.585820436477661 0.208663895726204 -0.437958180904388 0.0358838252723217 -0.0449706725776196 -0.145799860358238
-6.34956359863281 5.18921422958374 33.2950096130371 -0.452481646970872 0.522180409335519 -0.722902468705646 -0.824410765985577 0.0641364792143799 0.562346335420671 0.355388969182968 -0.4837806224823 -0.0529382936656475 0.0616147443652153 -0.28247395157814 0.594197511672974
-6.51791381835938 5.39540243148804 33.7838973999023 -0.599926930295816 -0.181665357908462 -0.779156836613676 -0.778127967828363 -0.0939497190497279 0.62103970563385 -0.0425602234899998 -0.230173259973526 0.422248333692551 0.151221513748169 -0.160029858350754 0.570510149002075
-6.7984619140625 5.81312799453735 34.0375785827637 -0.440459533421132 -0.736619112508317 -0.513213096584546 -0.869051933618056 0.206398141842428 0.449609323433924 0.133335322141647 0.201747953891754 -0.0822152271866798 0.467537492513657 0.259748518466949 -0.122916139662266
-7.20658874511719 6.29525423049927 34.101490020752 -0.351736472977102 -0.923524520227718 -0.152917998011329 -0.915735091424518 0.305574605615771 0.260870471185407 -0.352906197309494 0.64477014541626 -0.695730805397034 -0.0428069084882736 -0.136373296380043 -0.331263214349747
-7.66217041015625 6.63184261322021 33.9342002868652 -0.228051903955098 -0.955468709833927 0.187274861182024 -0.948697896243133 0.261323484475661 0.177995331751571 -0.16120833158493 -0.17488868534565 0.139324367046356 -0.057176761329174 -0.190236076712608 -0.297905266284943
-8.14070129394531 6.8365421295166 33.6008148193359 -0.0627282356163947 -0.737537397636705 0.67238661166306 -0.997179118319889 0.0184918287546559 -0.0727451596745608 -0.272728800773621 -0.204849749803543 0.338633894920349 -0.154492869973183 0.0556451119482517 -0.126690700650215
-8.58430480957031 6.64399147033691 33.2329940795898 -0.0270961006733087 -0.119494177979445 0.99246508389833 -0.999597774190623 0.0115539706132177 -0.0258997219332832 -0.194671660661697 -0.0359318368136883 0.142043769359589 -0.164937019348145 0.109610393643379 -0.589986503124237
-8.96379089355469 6.34444952011108 32.9802055358887 -0.0369302137557298 0.324849979922481 0.945044258146845 -0.96531769670692 -0.25617952452291 0.0503368219066531 0.235395759344101 0.506924986839294 0.357100963592529 0.217413306236267 -0.372788488864899 -0.380594611167908
-9.23542785644531 5.86026954650879 32.9098052978516 -0.130008478711152 0.676220606088738 0.725136874916861 -0.926801582245739 -0.342760295494708 0.153473798998967 -0.153039127588272 -0.0148183461278677 -0.147570937871933 0.116873100399971 -0.377865731716156 -0.170422524213791
-9.53533935546875 5.39640951156616 33.0642013549805 -0.148801013232005 0.974444118830193 0.168276313658154 -0.952084817048584 -0.187157098602414 0.241881627223506 -0.163368493318558 0.0591480545699596 0.148708388209343 0.276968598365784 -0.217892542481422 0.227271765470505
-9.86540222167969 4.02334928512573 32.8843116760254 0.324531784664353 -0.931887034988064 0.162066883612061 -0.905309141773927 -0.256380302106158 0.338650998097614 -0.033968772739172 0.133046984672546 -0.335659980773926 -0.0944128185510635 -0.124736830592155 -0.186939969658852
-10.4469909667969 3.97413873672485 32.6395416259766 0.440556492772092 -0.670952261630994 0.59643360006677 -0.892197520758041 -0.400853549907877 0.20808655766161 -0.0732269510626793 0.13587860763073 0.234124690294266 -0.112793788313866 -0.0218323096632957 0.230907663702965
-10.8773498535156 3.63599967956543 32.4403343200684 0.374992064303164 -0.134280809671073 0.917251119303614 -0.859679696094212 -0.420619709848855 0.289879077910133 -0.0131964515894651 -0.182480067014694 0.50226354598999 -0.294607549905777 0.404948145151138 0.301796048879623
-11.3259124755859 3.23285436630249 32.2888717651367 0.195989765565135 0.299132018601123 0.933867253543747 -0.886083297154785 -0.35392014302387 0.299327450904972 -0.0229552872478962 -0.357691615819931 0.501758635044098 -0.317912846803665 -0.546375691890717 -0.528739511966705
-11.6309204101562 2.73392963409424 32.3722648620605 -0.0409692767934918 0.743509399553134 0.66746931849723 -0.839691574823763 -0.387673899204075 0.38029857618179 -0.0955425724387169 -0.430282711982727 -0.495871603488922 0.198659405112267 -0.395612597465515 -0.0299415104091167
-11.6785430908203 2.18530654907227 32.6650619506836 -0.281570550665317 0.87396358396963 0.396113214741681 -0.521179983894661 -0.485910054136487 0.701614455150859 -0.453111290931702 -0.388361126184464 0.262222200632095 0.160865411162376 0.511777698993683 0.402103543281555
-11.6047210693359 1.87194263935089 33.1843109130859 -0.638162221962091 0.762858498118969 -0.103903273808277 -0.622004997222091 -0.431323359302775 0.653505886087123 -0.242504462599754 0.106727100908756 0.386504918336868 0.335006356239319 -0.223364874720573 -0.00462242309004068
-11.6743316650391 1.76401448249817 33.6620712280273 -0.781514782538141 0.393072612047422 -0.484487942401644 -0.618778703675975 -0.389184224230566 0.682384463105025 0.395760744810104 -0.593043804168701 0.00921679008752108 -0.0200880281627178 -0.0147607680410147 0.219317853450775
-11.6904602050781 1.73682129383087 34.1967926025391 -0.775321966189281 0.0395746808218597 -0.630325069612684 -0.622600049764385 -0.215467049691556 0.752291917097746 0.407970488071442 0.038117278367281 0.438155293464661 0.222925558686256 -0.675333082675934 0.208814933896065
-11.9122314453125 1.94396603107452 34.6723594665527 -0.518042972263221 -0.412795410807449 -0.749153807775811 -0.816774871363172 -0.0213397046023498 0.576561728279946 0.298500716686249 -0.0688054114580154 0.112640932202339 0.135581478476524 0.0362616777420044 -0.632653713226318
-12.2159271240234 2.37627673149109 34.8342781066895 -0.381001595000594 -0.867070252679264 -0.320978132472792 -0.859762975529149 0.204568786426378 0.467930804210732 -0.523854613304138 0.22356741130352 0.0818459764122963 -0.29582604765892 4.08463456551544e-05 0.693398118019104
-12.6910095214844 2.68543148040771 34.859977722168 -0.0295399230838526 -0.962741862494521 0.268803830227141 -0.968170037800988 0.0944261016629545 0.231798380557699 0.0009971943218261 -0.490180015563965 0.280186504125595 -0.130346104502678 0.0647314712405205 -0.277656346559525
-13.1968994140625 2.80088686943054 34.6251754760742 0.125990953767386 -0.807552952240092 0.576180968877918 -0.991924535369025 -0.0940260402191645 0.0851165077622925 -0.0401449389755726 -0.613114476203918 0.486662894487381 0.108183801174164 0.292129993438721 0.171103686094284
-13.6436920166016 2.64937496185303 34.3042297363281 0.0699703100352956 -0.31397848930353 0.946848279276167 -0.995215891195234 0.0429088790147326 0.0877733331609057 0.323730081319809 0.386563658714294 0.653198063373566 -0.0204677488654852 0.297536224126816 -0.0804664641618729
-14.0574188232422 2.33720207214355 34.0961990356445 -0.00891100376062486 0.256546639426639 0.966490773784663 -0.997783145138783 -0.066026232749108 0.00832657588199379 -0.155887946486473 0.0751818791031837 -0.469695270061493 0.253125429153442 -0.0737449675798416 0.266902953386307
-14.3582916259766 1.91034269332886 34.0761032104492 -0.189059491703573 0.727219569945005 0.659854685279864 -0.928481867851925 -0.351129918953045 0.120951234331145 -0.00474747316911817 0.403108149766922 -0.000380093086278066 0.221314072608948 -0.426640272140503 -0.402965992689133
-14.5867004394531 1.4068431854248 34.2473526000977 -0.350853738778826 0.897467858842325 0.267307119863823 -0.859575429525152 -0.421911253792188 0.288307084339172 0.385398685932159 0.615290701389313 0.111658461391926 -0.30097371339798 0.0878435149788857 -0.257942169904709
-14.5082397460938 0.00371795310638845 34.0661087036133 0.220697077253074 -0.957656376205503 0.184897445101046 -0.969439329001347 -0.194558343045041 0.149447109496926 -0.349489748477936 -0.603705227375031 -0.485624253749847 -0.517863988876343 -0.335164338350296 -0.247012481093407
-14.9900054931641 0.0128720477223396 33.8499336242676 0.324259754520056 -0.666287163263272 0.67150355745087 -0.945864843595894 -0.217878430316967 0.240559113840924 -0.0735567733645439 -0.157556235790253 0.175172209739685 0.430610328912735 -0.16597606241703 0.00399327697232366
-15.4591827392578 -0.25492924451828 33.703369140625 0.431042521537215 -0.198422812887431 0.880244700042368 -0.878289471728849 -0.315949142824521 0.358864519002242 0.174286618828773 0.173995122313499 -0.568655729293823 0.290699183940887 0.603837549686432 0.0284661389887333
-15.7557067871094 -0.73640912771225 33.6025619506836 0.198277747939718 0.416569717850799 0.887217901556128 -0.789714343392043 -0.468254860098384 0.39634409524442 0.560803055763245 0.379655420780182 0.247083842754364 -0.00584883894771338 -0.50398850440979 -0.434168666601181
-15.8510284423828 -1.24620914459229 33.7266464233398 -0.168649615122745 0.705840309614887 0.688002009184356 -0.595641018424751 -0.62911870830272 0.499421092900013 -0.116873972117901 -0.186563655734062 -0.147988200187683 -0.419779539108276 0.0442744307219982 -0.112832002341747
-15.8266296386719 -1.76600348949432 34.1450805664062 -0.520886691997776 0.821835985918521 0.230787058452042 -0.561694215492781 -0.533568581053982 0.632300701876875 -0.122019872069359 -0.211193606257439 -0.167137339711189 0.313600063323975 0.31244894862175 -0.434199243783951
-15.8363494873047 -2.05673003196716 34.6065368652344 -0.764433483541603 0.59843631915461 -0.23982372934539 -0.627954426551539 -0.606902500105321 0.487178194853011 0.193202748894691 -0.133881896734238 0.337368369102478 -0.338726431131363 0.0587937347590923 0.138218119740486
-15.8183288574219 -2.144282579422 35.1396446228027 -0.800128256177126 0.207212052538863 -0.562901358098897 -0.592293662771567 -0.124651682497711 0.796021466476332 -0.175105392932892 -0.0368497185409069 -0.318364888429642 0.218636333942413 0.245659902691841 -0.418137907981873
-15.4275207519531 -2.21132850646973 36.7121620178223 0.61598452166181 -0.383448448827084 0.688135419932134 0.562408191864829 -0.397597130979271 -0.724992101446896 0.613188862800598 0.4602932035923 -0.0924890637397766 0.0127037866041064 -0.00830301828682423 -0.391962707042694
-15.1456604003906 -1.9950042963028 36.3487701416016 0.300585280539321 -0.834019496271325 0.462666152816934 0.819410249059365 -0.0224192916947144 -0.572768905490142 -0.360878258943558 -0.0181369632482529 0.0291424114257097 -0.259494572877884 0.0577209256589413 -0.649886906147003
-14.5869903564453 -1.7484837770462 36.255184173584 -0.193523938764578 -0.980379812983046 0.0374687525862897 0.874666461109651 -0.189704300427224 -0.446061498236888 -0.389423698186874 0.109651759266853 -0.290284365415573 -0.496095210313797 -0.211427420377731 -0.0534612908959389
-13.98046875 -1.68458664417267 36.3633728027344 -0.52139593006691 -0.596601039446002 -0.610093012451062 0.776258076228692 -0.0347122214755453 -0.62945886344539 0.270337671041489 -0.226770654320717 -0.0871156230568886 0.0646275281906128 -0.17268930375576 -0.328960508108139
-13.5252685546875 -1.93807983398438 36.3495178222656 -0.582143885893506 -0.0790251746487717 -0.809236379489046 0.774545341136168 -0.356683685351468 -0.522356452174521 0.205929517745972 0.00954205822199583 -0.581655383110046 -0.522441923618317 0.640759825706482 -0.128565117716789
-13.1767425537109 -2.40877556800842 36.2822418212891 -0.238116981164921 0.508043400083346 -0.827763376160517 0.758704926754058 -0.43478793033434 -0.485104411188664 -0.0655575320124626 -0.151244655251503 -0.0686373934149742 -0.00123077060561627 -0.0293442010879517 0.0559443831443787
-13.0399017333984 -2.95374369621277 36.1892585754395 0.0891116333361074 0.716320762256241 -0.692057571568153 0.440464186001462 -0.651530071083735 -0.617656755264356 -0.1510069668293 0.0610860995948315 -0.266090422868729 -0.0810707658529282 -0.16432511806488 0.158715128898621
-13.2130432128906 -3.32187533378601 35.7571678161621 0.514041001511381 0.787805165863101 -0.33930055909855 0.28165487259053 -0.52865365087093 -0.800747057544921 6.11064024269581e-06 -0.782409489154816 0.0714515745639801 0.182957381010056 -0.117521859705448 -0.0146692404523492
-13.5322265625 -3.52790451049805 35.2971839904785 0.86201858206473 0.503825229831988 -0.0555346914987108 0.182833762311936 -0.411250638016398 -0.892997608109881 0.179446533322334 -0.607934534549713 0.320517390966415 0.0928807482123375 -0.359604477882385 0.660446524620056
-13.8244476318359 -3.42358255386353 34.8373985290527 0.997564824036146 0.028827299691503 0.063509122480398 0.0675843643167175 -0.174624573357383 -0.982312889093723 0.169346705079079 -0.0312212090939283 -0.316139906644821 -0.230075463652611 0.42376434803009 -0.13617816567421
-13.8885192871094 -3.13918566703796 34.3893356323242 0.742264201154095 -0.662401429404736 0.101332137092018 0.190302225131142 0.0633780330567594 -0.979677644960827 0.203841149806976 0.0193262696266174 -0.305908769369125 -0.0342369079589844 0.018724387511611 0.0432580932974815
-13.6166839599609 -2.71949529647827 34.071907043457 0.448264637451998 -0.893516193880467 0.0262226254099991 0.381937551822852 0.164925347209219 -0.90935325168797 0.2030139118433 0.111160404980183 0.170152634382248 -0.345632642507553 0.19990473985672 -0.119540311396122
-13.2769775390625 -2.38292288780212 33.8207588195801 0.0285194049287006 -0.989161864140387 -0.144032809015264 0.659297058007344 0.126920029292818 -0.741092906096915 -0.181781306862831 -0.0676403865218163 0.116020046174526 0.0461508594453335 0.22746554017067 -0.217050850391388
-12.8211822509766 -2.20467042922974 33.7672004699707 -0.42339402071505 -0.7113662913751 -0.560977274689431 0.78286196736326 0.0243353420106386 -0.621719334736624 0.181029364466667 -0.0389874912798405 -0.112389460206032 0.138487458229065 -0.0207102969288826 0.537151634693146
-12.2386627197266 -2.40099811553955 33.7244758605957 -0.604099460547857 -0.118869886453607 -0.787993522727373 0.765937245305951 0.18638178429861 -0.615306400693831 -0.236590474843979 0.00560436071828008 0.277247458696365 0.331796705722809 0.201406240463257 0.0697646290063858
-11.7702941894531 -2.64258480072021 33.6581649780273 -0.594691944717904 0.252278677825066 -0.763345897743922 0.782064391608969 -0.0385219364696856 -0.622005906553884 -0.109944388270378 -0.175551533699036 0.267127335071564 -0.0275390334427357 0.0312297791242599 -0.13403882086277
-11.4012451171875 -2.97729539871216 33.3966064453125 -0.490022533256946 0.713886946155073 -0.500243285821838 0.656125697558134 -0.0757623715935005 -0.750838952142455 -0.23848982155323 -0.308403551578522 -0.285378575325012 -0.429289519786835 0.0154928043484688 0.469204187393188
-11.3004913330078 -3.40465450286865 32.950927734375 -0.0896130002768635 0.966475994995459 -0.24061101653689 0.529255117439426 -0.158441834830705 -0.833537764975085 -0.142500400543213 0.303044766187668 0.115044265985489 -0.0215319022536278 -0.497151911258698 -0.00860911700874567
-11.4056396484375 -3.70459175109863 32.5042037963867 0.219647937164448 0.975510298495878 -0.0115948793821111 0.19065416093812 -0.0545779838484966 -0.980138885360649 -0.362784951925278 -0.157783463597298 -0.282987803220749 -0.00338504742830992 -0.0259860791265965 0.355214565992355
-11.7382354736328 -3.87914943695068 32.0168075561523 0.62738495147447 0.777828623702215 0.0370237060934573 0.0965693399784066 -0.0305373588304033 -0.994857694492935 -0.336782842874527 0.128732278943062 -0.31749227643013 0.43819123506546 0.293113261461258 -0.534086406230927
-12.1960906982422 -4.87987661361694 31.2103443145752 -0.57557567379909 -0.12582775001203 -0.808009913959992 0.81768456981638 -0.07620031120498 -0.570600961142256 -0.212440565228462 0.782120645046234 0.14113737642765 0.0974863320589066 0.0472587756812572 0.266607075929642
-11.7276916503906 -5.18161106109619 31.0430278778076 -0.624457667100936 0.564806925065889 -0.539486570172485 0.681897067787998 0.0574122543484187 -0.729191485134572 0.2259291857481 -0.0377111993730068 0.264952957630157 0.596056282520294 0.230809584259987 -0.384580343961716
-11.4942932128906 -5.61241912841797 30.6587867736816 -0.160881842377955 0.917073322559696 -0.36481989233373 0.698531326958649 -0.155333046881072 -0.698516735521799 -0.0849276483058929 -0.368536949157715 -0.168607577681541 0.114385008811951 0.185980871319771 0.841799974441528
-11.4115600585938 -5.92596435546875 30.2016277313232 0.118767464401185 0.992675684959732 -0.0221195363749036 0.499537421474272 -0.0789894985485341 -0.862683617362638 0.362466245889664 -0.0166979134082794 -0.140850141644478 -0.123640798032284 0.147578477859497 -0.446174085140228
-11.4626922607422 -6.03805208206177 29.7308826446533 0.616612097372595 0.714592989963769 0.330373092228181 0.35072605640906 0.126359890313721 -0.927914010819782 -0.0647437945008278 0.361358642578125 0.482457906007767 0.0865995436906815 -0.000700417149346322 -0.0280570592731237
-11.6632843017578 -5.8691668510437 29.1872711181641 0.839201495092894 0.377163288080499 0.391776345327483 0.34335692431749 0.191186136136788 -0.919540039298082 0.225799858570099 0.484938979148865 -0.237468987703323 0.164135187864304 -0.0354130417108536 -0.285270690917969
-11.7128448486328 -5.46985864639282 28.7316818237305 0.86867838101543 -0.27380039023408 0.412833158387354 0.477575452734803 0.241478367714144 -0.844754334035203 -0.447557032108307 0.0289815571159124 -0.0748824030160904 0.466900885105133 0.378709495067596 -0.292248219251633
-11.6012573242188 -4.97124052047729 28.474063873291 0.584780137418097 -0.803652571721878 0.11033918091994 0.657461313711171 0.389877307644144 -0.644779269174603 -0.455081194639206 -0.00959742441773415 0.35228568315506 0.646119117736816 -0.330074459314346 -0.247833430767059
-11.1834716796875 -4.51562166213989 28.46217918396 0.197514228173205 -0.947829639608048 -0.250214116207741 0.827822489913712 0.297981135842856 -0.475307445633733 -0.162340104579926 -0.308132141828537 0.0569604262709618 -0.00265540718100965 0.42533341050148 0.378019392490387
-10.6344299316406 -4.28752851486206 28.4853439331055 -0.148319951520795 -0.802348952297947 -0.578132641119022 0.86406415993719 0.179216983293501 -0.470398129685073 0.382837980985641 -0.202960878610611 0.177098944783211 0.336254447698593 -0.156458899378777 -0.0943323895335197
-10.0216217041016 -4.26973247528076 28.6064548492432 -0.444951175017668 -0.23545454247375 -0.864048384223287 0.803564283720426 0.32096129720825 -0.501266683137107 0.136694550514221 -0.201091378927231 -0.253562450408936 0.169422566890717 -0.218018934130669 0.0826549604535103
-9.42485046386719 -4.40809917449951 28.5222816467285 -0.645883337618816 0.111735981773704 -0.755215058485625 0.763301023103796 0.0759047889406429 -0.641568399427976 0.254098236560822 0.24492359161377 0.314309477806091 0.331618577241898 -0.201472327113152 -0.356850296258926
-9.06336975097656 -4.70843744277954 28.205005645752 -0.529290799625856 0.741885049586813 -0.411652550861761 0.723175905422181 0.140754378112167 -0.676169220579483 0.122865632176399 -0.176520273089409 -0.176840469241142 -0.277346104383469 -0.845456957817078 -0.103777475655079
-8.75848388671875 -4.96720504760742 27.7813148498535 -0.381404773816345 0.922488306715688 -0.0595459694935315 0.610082232408095 0.202798573197344 -0.765945434354874 -0.0196853876113892 -0.242159068584442 0.162432789802551 0.181939244270325 -0.196409717202187 -0.473272651433945
-8.71377563476562 -5.12578678131104 27.1944103240967 0.0531118415817388 0.948187929051597 0.313239179357628 0.496097824736223 0.247179588588818 -0.832339593721848 -0.426325887441635 0.350999653339386 0.125475734472275 -0.0941635742783546 -0.620821714401245 -0.0412015169858932
-8.84600830078125 -5.05433082580566 26.6807193756104 0.49086994508061 0.687581508176174 0.535049873031232 0.397213059295506 0.369965522985701 -0.839849568272212 0.481805592775345 -0.0814424976706505 -0.559139907360077 0.0495892092585564 0.213121712207794 -0.311515599489212
-9.03010559082031 -4.73338937759399 26.2169761657715 0.86989464744602 0.186294292934106 0.456703118847403 0.346917257543466 0.427104308926473 -0.835003189044784 0.553196787834167 -0.768619060516357 -0.15484307706356 -0.24087481200695 0.268393486738205 0.0617917329072952
-9.09986877441406 -4.27763223648071 25.8775272369385 0.919871260432589 -0.259304867850875 0.294275125926404 0.382695121964065 0.429030094754152 -0.818216121461899 0.283968836069107 0.39941069483757 -0.439611971378326 0.168263554573059 0.404256343841553 0.174656420946121
-9.07916259765625 -3.71626353263855 25.6792221069336 0.794053516606692 -0.594315476953801 -0.127546566467789 0.290295243182939 0.555137552167286 -0.779455559964179 0.506910920143127 0.47606635093689 -0.477325767278671 0.110779948532581 0.383927911520004 -0.140895843505859
-8.80714416503906 -3.16471743583679 25.5579700469971 0.362338875062907 -0.881027106113388 -0.304141049369557 0.51109345893498 0.46069416226508 -0.725633767880709 -0.271992653608322 0.0482430011034012 -0.174858957529068 0.542600691318512 -0.0743184834718704 0.120893932878971
-8.26506042480469 -2.88174891471863 25.6056060791016 -0.104016382164848 -0.72680576815734 -0.678921179235524 0.766130810196699 0.376736391404816 -0.520685387790579 -0.151158228516579 -0.194235146045685 0.295572966337204 0.42312690615654 -0.146571144461632 0.271388798952103
-7.66755676269531 -2.81177425384521 25.6687316894531 -0.384188662137505 -0.387268385328778 -0.838106359366062 0.874532246089682 0.138350206662276 -0.46481455535067 -0.212347805500031 -0.350820511579514 0.0957686603069305 0.0435756035149097 0.211217314004898 -0.180526003241539
-7.13116455078125 -2.98275351524353 25.6524429321289 -0.528750286844835 0.250887123295046 -0.810850655500901 0.846973819531659 0.0937140587790835 -0.523309682898285 -0.390581905841827 0.373756438493729 -0.0941222831606865 -0.242321759462357 0.389011561870575 -0.165625721216202
-6.68208312988281 -3.28012418746948 25.4791297912598 -0.411072611604848 0.787351171577669 -0.459453415052758 0.85661882047048 0.161237225828354 -0.490108919958554 0.396001249551773 -0.299334615468979 -0.120746612548828 -0.252582639455795 0.0649887397885323 -0.116479225456715
-6.44107055664062 -3.58937120437622 25.0766506195068 -0.197772597052768 0.968719714527615 -0.149893677453521 0.807846040480228 0.0744604360734911 -0.5846712053284 0.251202344894409 0.183982148766518 0.346109688282013 0.101370789110661 -0.259493857622147 0.203811272978783
-6.29579162597656 -3.7895519733429 24.5464000701904 0.180537284254173 0.944183480940353 0.275542815753716 0.667077831663865 0.0883258847890158 -0.739733536199943 0.759735226631165 0.0433561652898788 0.432935386896133 -0.259376496076584 0.0911136269569397 0.63631272315979
-6.45970153808594 -3.65998148918152 24.0075912475586 0.659384234319061 0.624322581528915 0.418848117728297 0.339788346997541 0.249491368661713 -0.906806449143357 -0.16474612057209 0.00571944005787373 0.290926426649094 0.195836469531059 -0.00341496570035815 0.529826939105988
-6.62004089355469 -3.42191171646118 23.5178413391113 0.884813134156647 0.21704664262727 0.412306284875845 0.374217596945082 0.196186263818297 -0.906351002661588 -0.0990983173251152 0.108752138912678 -0.0942329987883568 0.118377298116684 0.200889185070992 0.577780485153198
-6.65786743164062 -2.97454738616943 23.1251831054688 0.894900068326137 -0.385606048026375 0.224637137257746 0.402076269779806 0.478292898407516 -0.780750009038037 0.33685714006424 0.02947704680264 0.298334360122681 0.149133414030075 0.614259362220764 0.409556061029434
-6.53218078613281 -2.38465428352356 22.981689453125 0.668399356204131 -0.743790573048178 0.00422895620285925 0.543327054183706 0.484356268380641 -0.685707457646799 0.400997549295425 0.00255439057946205 -0.0415628999471664 -0.618206977844238 -0.307542026042938 -0.145421475172043
-6.25601196289062 -1.87154281139374 22.9753265380859 0.469118641179589 -0.862161319422669 -0.191325794887095 0.679708412979028 0.490802813441498 -0.545077124491058 -0.131453663110733 -0.287634581327438 -0.0116714052855968 -0.296507924795151 -0.291201651096344 -0.198521658778191
-5.82868957519531 -1.5782835483551 23.1361236572266 0.134081610662655 -0.659596906841539 -0.73956341321565 0.738785617241822 0.563934349796651 -0.36901742624983 -0.823918104171753 0.432494431734085 0.197068929672241 -0.443937927484512 0.330063223838806 0.147975787520409
-5.37933349609375 -1.37856388092041 23.2971210479736 -0.0753454660414386 -0.256567050466153 -0.963585185316844 0.876716750043541 0.443338550821643 -0.186597613994544 0.210718289017677 0.0538404211401939 0.0203256383538246 -0.156331062316895 0.134301051497459 -0.0105360737070441
-4.71420288085938 -0.484134197235107 23.8066749572754 0.895228579085093 0.266037911525298 0.357476741649778 0.0415618905901025 0.748876467518586 -0.661405054144176 -0.131621405482292 0.103934898972511 0.0876431465148926 -0.0400357022881508 -0.161956757307053 0.00537043670192361
-4.87727355957031 0.0259447544813156 23.7140731811523 0.979689522584149 -0.173164563396159 -0.101106247693501 0.0836182322448829 0.811088876277669 -0.578915214875951 -0.523107647895813 -0.357818394899368 0.3696029484272 0.00248840334825218 0.575244426727295 -0.0290229674428701
-4.90345764160156 0.614865660667419 23.6825656890869 0.80997568256113 -0.509009680561211 -0.291287725032492 0.368295162655564 0.828010810963523 -0.422796369535077 0.325748175382614 -0.198364660143852 0.309367328882217 0.126582711935043 0.112469524145126 0.438982158899307
-4.81478881835938 1.19772696495056 23.8334541320801 0.452261265160657 -0.563967569510101 -0.690941624579205 0.413770539453764 0.81895744888581 -0.39762122377281 0.228027865290642 0.0789210051298141 -0.28291317820549 -0.14669206738472 0.302697509527206 -0.337692975997925
-4.44026184082031 1.58505034446716 24.0213756561279 -0.06225591671066 -0.36873288093261 -0.92744825373368 0.564985910044998 0.753005467806135 -0.337303553056722 0.038434311747551 0.441330313682556 -0.384104162454605 0.289194107055664 0.0537700951099396 0.69468104839325
-3.83195495605469 1.70054948329926 24.0832672119141 -0.529226915125874 -0.024034104844127 -0.848139867068335 0.703001717523412 0.547281415476045 -0.454171374520312 0.321865916252136 0.818505942821503 -0.00454464601352811 0.272434234619141 -0.0895341113209724 -0.12274856865406
-3.24758911132812 1.67048680782318 23.9180355072021 -0.742690182043652 0.446249279093168 -0.499272344922885 0.666024058960231 0.414937661125199 -0.619869897854451 -0.0090362299233675 0.135125547647476 0.773914277553558 0.186502799391747 -0.856936812400818 -0.621445775032043
-2.91557312011719 1.48277258872986 23.4934635162354 -0.538204286088404 0.839363905127042 -0.0761864896550123 0.657995193649747 0.361974964480422 -0.66031541722364 0.0792152509093285 0.0117671117186546 0.358006834983826 -0.0454970225691795 0.225378602743149 0.154957160353661
-2.81205749511719 1.36923265457153 22.8332901000977 -0.173418140142291 0.936900930975452 0.303550315774699 0.796050038001013 0.314821432839916 -0.516905989927769 -0.202685102820396 -0.0386170968413353 -0.106668412685394 -0.291525453329086 0.411246210336685 -0.139460116624832
-2.64804077148438 1.41268801689148 22.2667503356934 0.0941475676180686 0.690576575793829 0.717105451434077 0.689116050238926 0.474650328895577 -0.547563817817086 0.378782600164413 0.453232020139694 -0.0614027939736843 -0.556738138198853 -0.276141971349716 -0.555799722671509
-2.58863830566406 1.71698975563049 21.7735481262207 0.410007386518565 0.300984021567558 0.860989292477691 0.61818754062907 0.602376347201191 -0.504962276752959 0.395335882902145 -0.176011472940445 -0.263482213020325 0.0570271089673042 0.0812032744288445 0.325197607278824
-2.586181640625 2.17798161506653 21.4817333221436 0.675641861664812 -0.140840206664658 0.723651926655878 0.639406172398327 0.600549852929073 -0.480103760499529 0.325485855340958 -0.36627984046936 -0.27078640460968 -0.0817772969603539 -0.0781087502837181 0.470941752195358
-2.53273010253906 2.7463059425354 21.3536796569824 0.773053656029394 -0.531045394995553 0.346956529486916 0.621351123271613 0.523797871246768 -0.582716544888214 -0.76809561252594 -0.388270437717438 0.156805440783501 0.168123066425323 0.587411284446716 0.696195840835571
-2.39076232910156 3.33009099960327 21.31103515625 0.653185396857681 -0.755400637188323 -0.0521412952212495 0.617614298303461 0.571349361066536 -0.54047431589298 -0.242315173149109 0.170194879174232 0.0910873711109161 0.313710451126099 -0.173815086483955 0.15547576546669
-2.11320495605469 3.89117980003357 21.3773212432861 0.29714724876799 -0.869093173929281 -0.395449829408413 0.678409524790891 0.483606039064251 -0.553069358809168 -0.263732433319092 -0.00828986242413521 0.447126835584641 -0.268949866294861 0.406765669584274 -0.346962630748749
-1.66926574707031 4.21889925003052 21.5609035491943 -0.0598297201399073 -0.585731749664612 -0.808293710245733 0.820009944518997 0.432904812456038 -0.374402342730856 0.205089896917343 -0.117941901087761 -0.318766325712204 0.22714652121067 -0.0203951690346003 -0.0707435980439186
-1.09968566894531 4.20408487319946 21.6623401641846 -0.296359439973273 -0.119402092562821 -0.947583359198729 0.895798763923918 0.309341871805495 -0.319142884771466 0.131094202399254 -0.311277955770493 0.176925078034401 -0.401370406150818 0.266288548707962 0.461340337991714
-0.2423095703125 4.14261436462402 22.9054489135742 0.852622521803196 -0.261728645363467 0.452253194029807 0.489267979464733 0.703741941934649 -0.515135053585511 0.283666133880615 0.365425676107407 0.211081013083458 0.310961455106735 -0.00187852559611201 0.0837653428316116
-0.202529907226562 4.7559666633606 22.9214057922363 0.789321062602941 -0.613913669953609 0.00907005928620957 0.58133056686598 0.742512034869275 -0.332762152447609 -0.00310923764482141 -0.328628778457642 0.458407133817673 0.00703928433358669 0.289101004600525 -0.0362608470022678
-0.0084991455078125 5.23564386367798 23.1287536621094 0.5284069257146 -0.674178484686539 -0.516013073131493 0.76569408768193 0.640986624302131 -0.0533733225000644 0.120737008750439 0.104054220020771 0.103870548307896 -0.0385128483176231 0.376816868782043 0.14760710299015
0.412979125976562 5.43987369537354 23.4321384429932 0.193732248632495 -0.350133383642102 -0.916446632106382 0.795304099841324 0.603005240007904 -0.0622580862104802 0.0930515006184578 0.079481765627861 -0.0021617840975523 0.15777562558651 0.407345205545425 0.0203981157392263
0.964080810546875 5.47045707702637 23.678035736084 -0.294193373342955 0.256020714849993 -0.920816839902915 0.835384066766055 0.536936957845297 -0.117610221890975 0.310093194246292 -0.20221334695816 0.626418232917786 0.3784439265728 0.00927403569221497 -0.411884814500809
1.54566955566406 5.4129695892334 23.6271209716797 -0.506149661368165 0.603244282273753 -0.616367468480383 0.855576341084537 0.441232223419453 -0.270745728669395 0.376399099826813 -0.193962708115578 0.60306715965271 0.0197304729372263 0.224952667951584 0.0782703161239624
2.05259704589844 5.30983829498291 23.3233032226562 -0.497880528165556 0.809421993780796 -0.311369580494801 0.800054035068015 0.290116115391722 -0.525115397376047 0.209791541099548 0.0605294704437256 -0.029631407931447 0.646563351154327 0.104397796094418 0.0890183225274086
2.38960266113281 5.08596563339233 22.9179420471191 -0.201758128691583 0.968305081330111 0.147237654752979 0.769462822165775 0.249713983043084 -0.587851930317013 0.127980723977089 0.0355082824826241 0.0998105406761169 -0.097751297056675 -0.281090587377548 0.25685903429985
2.56517028808594 4.95518398284912 22.3688983917236 0.0797815011244331 0.865050763567847 0.495299998515059 0.737402860869011 0.283120248343899 -0.613253573784848 -0.323879987001419 0.0671847984194756 -0.342198431491852 -0.178161904215813 -0.0575890243053436 0.0836996287107468
2.50132751464844 5.14035606384277 21.8115482330322 0.411280433925114 0.65451038929159 0.634400941818139 0.570003676553854 0.358440935237631 -0.739334771711072 0.227104067802429 -0.0316629074513912 -0.372411459684372 0.174067765474319 0.580638229846954 -0.0846194252371788
2.48086547851562 5.48813676834106 21.3389759063721 0.814138622531676 -0.0211336118583268 0.580285855205904 0.534705518439717 0.416964082819439 -0.735004055899461 0.268340617418289 0.233747586607933 -0.315792232751846 -0.427922815084457 -0.0462634339928627 0.482554614543915
2.54505920410156 5.95404529571533 21.0906105041504 0.855165054064072 -0.334051885554531 0.396361032475515 0.514517767101753 0.454148494831993 -0.72733803143962 -0.0581899136304855 0.0225040093064308 0.457086324691772 0.0905006229877472 0.0968606173992157 -0.435102611780167
2.71942138671875 6.4595046043396 21.002836227417 0.675579429381764 -0.730309471931906 0.10119540405943 0.701733108766445 0.594807534305486 -0.39214109857857 0.466698944568634 -0.0340646542608738 -0.0388482585549355 -0.0597561635077 -0.210051164031029 -0.423008263111115
3.0584716796875 6.90050506591797 21.1577339172363 0.430580200624255 -0.806473099832347 -0.405218249931047 0.802263820139605 0.547680151956957 -0.237527291163376 -0.193885639309883 0.193344548344612 -0.0639303401112556 0.219869703054428 0.239008292555809 -0.350009948015213
3.49479675292969 7.11248302459717 21.5098056793213 0.165944361175397 -0.548371986703481 -0.819603948985708 0.890180129991669 0.440916345879721 -0.114769822270882 0.0559542216360569 -0.35858952999115 -0.162984728813171 0.211972266435623 -0.106316082179546 -0.571433544158936
4.0008544921875 7.09975337982178 21.8379135131836 -0.0323505740731756 -0.136358901133079 -0.990131148100551 0.934335549165663 0.347662802890004 -0.0784069961927188 -0.177658200263977 -0.3987797498703 -0.0203644949942827 -0.135826230049133 0.264534592628479 -0.183388456702232
4.96279907226562 7.17244720458984 22.4626045227051 0.641115015299411 -0.345690036970478 0.685178761708932 0.737609758400272 0.524077168677391 -0.425763978729744 0.0446376129984856 -0.0127513892948627 -0.318036109209061 0.364512801170349 0.0634178891777992 -0.222737848758698
5.18756103515625 7.62862730026245 22.3317928314209 0.556390669542837 -0.746842259503156 0.364219799387533 0.829715510747462 0.522966723066213 -0.195135793206849 0.226648271083832 -0.0359552726149559 -0.730401575565338 -0.163315564393997 0.143044456839561 -0.334748893976212
5.38725280761719 8.11156272888184 22.6002902984619 0.598265347393622 -0.789204257023702 -0.138691076871066 0.790458103705457 0.609638155079538 -0.0593068811993193 0.0636858195066452 -0.427951216697693 0.120800517499447 0.371191114187241 -0.66253674030304 0.106894664466381
5.65861511230469 8.36301898956299 22.9923477172852 0.506459868851234 -0.577500761924609 -0.640305607674716 0.828953115295586 0.530505094083083 0.177203492611297 0.379397004842758 0.0744422748684883 0.436180025339127 0.545604884624481 0.402142286300659 0.133926525712013
5.98338317871094 8.449049949646 23.3747615814209 0.246919610036318 -0.0688243270666084 -0.966588805120017 0.854477742843192 0.485931374119669 0.183680392616559 -0.368187576532364 0.0772411078214645 0.107380524277687 -0.375709116458893 -0.0488909929990768 0.624408483505249
6.44613647460938 8.27382469177246 23.6106472015381 0.0816848936195123 0.459587314731886 -0.884368180280082 0.849805304358285 0.431492282872358 0.302729837489012 -0.370427459478378 0.379282623529434 0.239131599664688 0.341403961181641 0.0282439701259136 0.157723978161812
7.07012939453125 8.17202091217041 23.6842365264893 -0.31110315889913 0.69973815699991 -0.643102897024537 0.886075081922537 0.45823398206902 0.0699468860860737 0.301110506057739 -0.143516913056374 -0.191402554512024 0.171087235212326 0.0427684374153614 -0.0333540104329586
7.64593505859375 8.03260517120361 23.4409198760986 -0.417539725821043 0.889868686722648 -0.183832254383711 0.90822176935737 0.402435904114026 -0.114797912634744 -0.692947745323181 0.379146128892899 0.250858932733536 -0.359760403633118 -0.215549051761627 0.557293832302094
7.97756958007812 7.99808979034424 23.0331382751465 -0.203894108138051 0.889919329499243 0.408008308310268 0.809052267110616 0.387834389018999 -0.441609460697382 0.00689826626330614 -0.0237220022827387 -0.301974326372147 0.214961379766464 -0.243047311902046 0.176069796085358
8.09646606445312 8.10357189178467 22.4858207702637 0.152134563781679 0.721057631097673 0.675966690850053 0.557765553797728 0.501978626087855 -0.660995496162919 0.560296058654785 0.290451616048813 0.320086538791656 -0.05075453966856 -0.355075269937515 -0.216008558869362
8.00064086914062 8.49001216888428 21.9959678649902 0.567579321096554 0.305476660911935 0.764550667975426 0.345958208301051 0.754170100176814 -0.558158022524465 -0.313290059566498 -0.0205766931176186 -0.216759771108627 -0.0623633824288845 -0.0979095324873924 0.560110986232758
7.74664306640625 9.00485324859619 21.7924766540527 0.895964727913868 -0.0595504721455462 0.440114698233847 0.34640614024276 0.713863117665617 -0.608606798547995 0.201069325208664 -0.613215804100037 0.00916680786758661 0.549468398094177 -0.213804349303246 0.743703901767731
7.62673950195312 9.59371471405029 21.7955379486084 0.924849469986438 -0.364289240598192 0.109301450357247 0.374278677822805 0.82065883142883 -0.431780677804231 -0.183279976248741 0.291801571846008 0.183752581477165 -0.209882751107216 0.141475662589073 -0.172135964035988
7.71414184570312 10.155309677124 21.913818359375 0.560566101078927 -0.536351735462608 -0.6309456887779 0.258089492608475 0.837116872583268 -0.482312300736264 0.421735137701035 0.206481397151947 -0.427375078201294 -0.65050595998764 -0.463331133127213 -0.377785265445709
7.99246215820312 10.6190958023071 22.0109386444092 0.189377910028704 -0.518636456212331 -0.833757898601671 0.524190002673993 0.771401051021119 -0.360784228563488 0.083518460392952 0.192206278443336 -0.264989674091339 0.261377155780792 0.289880782365799 -0.159960001707077
8.4346923828125 10.9660215377808 22.102029800415 -0.105291432428531 -0.397663126118589 -0.911470105040609 0.624909138967145 0.686526823193333 -0.371711567040106 -0.0522847063839436 -0.41334143280983 0.186453133821487 -0.314247578382492 -0.0804043859243393 -0.0712065026164055
9.00674438476562 11.0114192962646 22.1011867523193 -0.500972526286751 0.10255717314847 -0.859365204172048 0.746179789612979 0.554225914454751 -0.368848691633745 -0.0168138779699802 0.464279323816299 -0.295442551374435 0.166783139109612 0.315522283315659 -0.286599516868591
10.2947387695312 10.8294897079468 22.9033088684082 0.911528502810149 -0.385417350242528 0.143419854611266 0.387770653149992 0.689425513341606 -0.611822181772851 -0.335802644491196 0.183641865849495 0.271976977586746 0.0969239249825478 -0.361901640892029 -0.150596335530281
10.3931884765625 11.4157009124756 23.0078506469727 0.751714225130557 -0.595024643414559 -0.284378968043951 0.514312324575592 0.798847311294674 -0.311970841629344 0.0605085827410221 0.575701296329498 -0.56511390209198 -0.231776028871536 0.096744105219841 0.526549756526947
10.677734375 11.7896337509155 23.2752456665039 0.381243923308717 -0.492404255140229 -0.782426431340336 0.692014223629482 0.713197929260831 -0.111646889757609 -0.34934464097023 0.386070966720581 0.0457998029887676 0.417856007814407 0.099044181406498 -0.298693776130676
11.1272888183594 12.0623455047607 23.5758590698242 0.05773997033231 -0.237460435217474 -0.969679657171559 0.768301188137266 0.63078747638129 -0.10872186508421 -0.265461772680283 -0.0104936920106411 -0.154531896114349 -0.0628407001495361 0.475357085466385 0.272511214017868
11.6388854980469 12.0548658370972 23.7781505584717 -0.238911304077089 0.137931831255775 -0.961195192825377 0.867535082891891 0.475011929113044 -0.147467105322048 -0.880949556827545 0.0796917378902435 0.296739399433136 0.139712706208229 -0.118214130401611 0.111898608505726
12.2628479003906 11.9308271408081 23.8297996520996 -0.429465577298827 0.490057206779656 -0.758553394296477 0.840300758887579 0.524560802914553 -0.136859777358429 0.292727142572403 0.481560468673706 0.150742650032043 -0.314438462257385 0.548641502857208 0.430039644241333
12.7596130371094 11.7576332092285 23.5888347625732 -0.401611446164709 0.909065858371399 -0.110939224140799 0.861457122297599 0.333882460908004 -0.382640991976492 -0.0202253330498934 0.623446106910706 0.330651104450226 0.333992183208466 -0.533276081085205 0.115470409393311
13.1416625976562 11.6202278137207 23.1282062530518 -0.191601072581781 0.94462402193027 0.266410371753415 0.715438173254434 0.320242961391039 -0.620961082459969 -0.186809301376343 -0.185212433338165 -0.00512087251991034 0.00111767405178398 -0.207370936870575 0.198173195123672
13.2156066894531 11.5938806533813 22.5624351501465 0.0149143391088662 0.829079040889409 0.558932470381569 0.244612919497692 0.538983651559489 -0.806015597222792 0.821221649646759 -0.218557208776474 0.0982095748186111 -0.371123254299164 0.48361200094223 0.446413964033127
12.9985656738281 11.7949113845825 22.040563583374 0.616165282353871 0.592393116825909 0.519047916823735 0.353796356936475 0.38060523247305 -0.854381527675203 0.1910021007061 0.250363200902939 0.291588246822357 -0.0800521820783615 0.0964094176888466 0.194224566221237
12.8350219726562 12.1020040512085 21.6096134185791 0.861654201706761 0.120493276196771 0.492984185418208 0.388907169727211 0.467306453883478 -0.79396214739345 0.0791030675172806 0.0735332891345024 0.573581397533417 0.271111249923706 0.632030487060547 0.0173371993005276
12.7230834960938 12.5799980163574 21.3861312866211 0.945585393451821 -0.318002808727842 0.0688656469639838 0.228772698019527 0.499284156503471 -0.835690363535133 -0.142545133829117 -0.370914846658707 -0.34495797753334 0.261349380016327 0.0564092546701431 0.0365980230271816
12.7460632324219 13.176570892334 21.3083076477051 0.746693313436283 -0.614044701276971 -0.255730718732068 0.26527440569526 0.627462870491678 -0.732065458710742 -0.0861325562000275 -0.104026481509209 -0.181041121482849 0.606668710708618 0.212649509310722 0.172304183244705
12.9746704101562 13.7110433578491 21.2234363555908 0.24833489980591 -0.838172528800114 -0.485588909987873 0.498652139435441 0.540384501473767 -0.677739355802365 0.0732582286000252 0.0222807880491018 -0.319788336753845 -0.326414972543716 -0.679965913295746 -0.394232273101807
13.4402770996094 14.1160507202148 21.2342090606689 -0.261677859955143 -0.649092038317067 -0.714285813524734 0.410689714060126 0.594845268308794 -0.691008730433885 -0.0726835653185844 -0.649636745452881 0.400714844465256 -0.160978898406029 -0.271015465259552 -0.173331528902054
13.981689453125 14.2905826568604 21.0480461120605 -0.676230361290645 -0.366467536471996 -0.639072799593966 0.512009045603747 0.389927998672394 -0.765377614691782 0.0245915167033672 -0.455044358968735 -0.0791816040873528 0.450022906064987 0.407731592655182 -0.159038782119751
14.9877624511719 14.9288473129272 21.7622318267822 0.386707176512208 0.0477142552101924 0.920967376992091 0.731491813811221 0.592274156742932 -0.337832872263223 0.134072735905647 0.178048387169838 -0.394010454416275 0.405979245901108 0.248060405254364 0.0978207439184189
14.9969482421875 15.4503126144409 21.5637397766113 0.762880927553569 -0.42590340086908 0.486434973560864 0.639265615443323 0.609425385606122 -0.468977795093434 0.392498344182968 -0.0887693390250206 0.111779220402241 0.101980045437813 0.421753227710724 0.101338230073452
15.0493469238281 15.963885307312 21.6015090942383 0.750345392059029 -0.617717546787236 0.235386543810263 0.639790580971955 0.768188803990741 -0.0235366506292726 -0.282769531011581 -0.0796111226081848 -0.334974318742752 -0.1235755905509 0.564301311969757 -0.0582170411944389
15.1314392089844 16.4539108276367 21.896203994751 0.765351865352018 -0.514283129341844 -0.386974656891827 0.578607159744215 0.813111321916932 0.0637474145611559 0.564668893814087 -0.474136918783188 -0.131240159273148 0.337684094905853 0.330851137638092 -0.649843871593475
15.4033813476562 16.6827735900879 22.3290042877197 0.497298820372465 -0.19498407367926 -0.845384583646754 0.682188755645356 0.689905605426944 0.24217505501501 0.09239312261343 0.399608314037323 -0.408485531806946 -0.230592429637909 0.882506549358368 -0.0801121294498444
15.8480224609375 16.7105560302734 22.7559375762939 0.0943681596167632 0.239226359605033 -0.96636711415521 0.780135205134186 0.585252378215327 0.221062695866003 0.158896461129189 0.151242166757584 0.296683788299561 -0.0313364081084728 0.219577863812447 -0.47445160150528
16.4046630859375 16.5870666503906 22.9203701019287 -0.1241912831713 0.688910182895729 -0.714128339366839 0.825272405880221 0.471297115719656 0.311134190996433 -0.0713758245110512 -0.0233667604625225 0.251966774463654 -0.0988395735621452 -0.125886097550392 -0.115492008626461
17.1381225585938 15.8577709197998 23.2551116943359 -0.621192236734783 -0.392777091119122 -0.678119725205245 0.166271420867339 0.779564486617324 -0.603848512300746 0.12242516130209 -0.629373908042908 -0.351812481880188 -0.679383277893066 0.370940059423447 0.180360183119774
17.7857055664062 15.9425096511841 23.8858985900879 -0.555103630409586 -0.827659734387204 -0.0827002030239373 0.47980983085977 -0.237406854803258 -0.844642238763101 -0.0185055565088987 -0.306938141584396 -0.486026078462601 -0.175205305218697 -0.157362192869186 0.399571567773819
18.3254699707031 15.8211450576782 23.7532329559326 -0.848808485492362 -0.359067841131391 -0.38806499509928 0.505426130822443 -0.335710110482606 -0.794885619445723 -0.53346836566925 0.186120346188545 0.0118350517004728 -0.0149762900546193 0.36348694562912 0.284464657306671
18.7830505371094 15.4363451004028 23.6258869171143 -0.740908670767811 0.224725789126686 -0.632892298327656 0.496631952022925 -0.451059605762496 -0.741553731215264 -0.172657430171967 -0.336548537015915 -0.061616562306881 0.0272774659097195 -0.220298886299133 0.188783571124077
18.90283203125 14.8721284866333 23.4483604431152 -0.446986360105814 0.539953903471655 -0.713199113856066 0.438348949296992 -0.562782577368194 -0.70080380225926 0.0634418725967407 0.0671450421214104 0.248767897486687 -0.349563807249069 0.437304586172104 -0.117717921733856
18.8113708496094 14.372784614563 23.3634452819824 0.0824387140539889 0.693304159421173 -0.715914241340697 0.0558949071351462 -0.720445246015108 -0.691255674009685 0.185912176966667 0.241701081395149 -0.540807723999023 0.206325933337212 -0.115588366985321 0.103859849274158
18.5054931640625 13.7687578201294 23.73020362854 -0.742488501986894 0.526237416127595 -0.414469548078759 -0.66878464974952 -0.547333362899383 0.5031434011459 -0.340669721364975 -0.25278028845787 -0.26791512966156 0.384300827980042 0.221545189619064 -0.0896847099065781
18.4823608398438 13.7877998352051 24.2672901153564 -0.758799173162852 0.0784785330361143 -0.64657941094646 -0.648846849635552 -0.00457138382962532 0.760905295137248 0.0423958376049995 0.28237572312355 0.187835037708282 0.551173627376556 0.368604272603989 0.105754442512989
18.3016052246094 14.1221227645874 24.7445526123047 -0.621741820574076 -0.456355496133562 -0.636534971307881 -0.724188870399398 0.0254215942974515 0.689132949823922 -0.457614570856094 0.769810974597931 -0.332309126853943 0.178661122918129 0.0562599264085293 -0.157038912177086
18.0454406738281 14.5903778076172 25.0234394073486 -0.393307154094361 -0.831548820762503 -0.39221937895352 -0.804477801289038 0.104726256729108 0.58467758498566 -0.0978013724088669 -0.0121114440262318 0.132162898778915 0.366101115942001 0.267546892166138 -0.189546123147011
17.6266174316406 14.9740600585938 25.0635795593262 -0.126464180895759 -0.988986442279016 0.076893614420573 -0.882162111469742 0.14757608845166 0.447226237160291 0.0275905933231115 0.305479198694229 -0.322322070598602 -0.12827830016613 0.0117563838139176 0.140789568424225
17.0010681152344 15.1449947357178 25.0293445587158 0.1917647847604 -0.872898438662384 0.448636359545868 -0.935235945192557 -0.0239200444176122 0.353216022137791 0.0651560202240944 -0.274561554193497 0.0835237801074982 0.298924803733826 -0.19481348991394 0.108860321342945
16.4410705566406 15.0906953811646 24.9511184692383 0.491719181961896 -0.327113248485257 0.806975321032896 -0.836203843663225 0.081073765360173 0.542393009185381 0.0856855735182762 0.269315183162689 0.0418747328221798 -0.195072427392006 0.985953629016876 -0.422738492488861
15.9029235839844 14.8687610626221 24.9608497619629 0.58792124427389 0.0028022730440289 0.808913319087544 -0.793770328687916 -0.190617634320084 0.577575607847919 0.292567163705826 0.106904543936253 -0.291170328855515 -0.146236777305603 -0.607938528060913 -0.0128793986514211
15.5672607421875 14.4024648666382 25.0608196258545 0.180332359601842 0.71126268297845 0.679400938976927 -0.848604597083874 -0.236749476273053 0.473096103653951 0.258981674909592 -0.238349184393883 0.00681109540164471 -0.653363168239594 -0.366463541984558 -0.0250947326421738
15.3314208984375 13.9371557235718 25.3567714691162 -0.0162842599724331 0.931696608203774 0.362872227014874 -0.747306622029371 -0.252453759101562 0.614654302991967 -0.211947128176689 0.0630763992667198 -0.280201137065887 0.0316985324025154 -0.128693535923958 0.215413048863411
15.3365173339844 13.6024131774902 25.7886962890625 -0.449133455822775 0.893353749463518 0.0140789623255498 -0.53632727492438 -0.282174384331042 0.79544369442443 0.526277720928192 -0.168257921934128 0.536831319332123 -0.050697885453701 0.228753924369812 -0.0183916948735714
15.4803771972656 13.424825668335 26.3715114593506 -0.692461496826236 0.668607357536691 -0.271037408600682 -0.411469584274957 -0.0574142779061792 0.909613314496389 0.290176779031754 0.341903150081635 0.0932834520936012 -0.37538355588913 -0.436874896287918 -0.795922935009003
15.5878295898438 13.5422563552856 26.9101371765137 -0.843406759941061 0.291468743983805 -0.451343559349444 -0.424983510684051 0.152049743031595 0.892339560532136 0.37453281879425 -0.393891304731369 -0.328782886266708 -0.0628936141729355 -0.347510606050491 0.393458068370819
15.6135559082031 13.8804359436035 27.3309497833252 -0.866040852376104 -0.301357438447742 -0.398944778519391 -0.493707674555454 0.389533817295299 0.777506358345961 0.690819144248962 0.417238414287567 0.121567986905575 0.199431613087654 0.03325479850173 0.0769851207733154
15.4656982421875 14.3986024856567 27.5800533294678 -0.708909498996529 -0.69747514608119 -0.104765179480172 -0.499585581494879 0.391720662868607 0.772637799388694 0.070201963186264 -0.0272892136126757 -0.240621328353882 0.0267124120146036 0.0593016296625137 0.637239098548889
15.1541748046875 14.8429393768311 27.6636295318604 -0.278573901667898 -0.94364284640906 0.178702993065399 -0.797385568102329 0.330959948880976 0.504620419740253 -0.196850389242172 -0.192892223596573 0.342947483062744 -0.390498638153076 0.0219502374529839 0.363690972328186
14.670654296875 15.0659847259521 27.4929943084717 -0.000668083837957317 -0.732076472443501 0.681222131289541 -0.858503155577054 0.349756092964731 0.375024008962475 -0.0998586192727089 0.127772003412247 -0.146711319684982 -0.109658390283585 -0.17533740401268 0.34690997004509
14.0849304199219 15.1745414733887 27.3799381256104 0.22623596893965 -0.502939780125782 0.834187547212836 -0.957238871515894 0.0437315366461781 0.285974291784316 -0.216727122664452 -0.280627518892288 0.000873485405463725 -0.200105771422386 -0.172571465373039 0.648668885231018
13.5919189453125 14.9625558853149 27.1137847900391 0.194611830050615 0.146160720476637 0.969929522900556 -0.972138276689045 -0.102984397267106 0.210573941682214 0.31062987446785 0.1248599588871 -0.309306591749191 0.450738668441772 0.0834055542945862 0.458158254623413
13.252685546875 14.5155210494995 27.1803398132324 0.184987200249093 0.587179374832821 0.788035606755773 -0.872078708704757 -0.27159130250049 0.407083394687047 0.035293385386467 0.311214804649353 0.266898661851883 0.203818321228027 0.183764398097992 -0.825110018253326
13.0240783691406 14.0252876281738 27.4369583129883 0.0308674548907872 0.858901362276666 0.511209986314676 -0.792756157569048 -0.290461691443548 0.535882151634211 0.117083162069321 0.398040741682053 0.301065623760223 0.125504672527313 0.284580528736115 0.125845044851303
12.9359741210938 13.6795768737793 27.866268157959 -0.320316035045001 0.947108096464089 -0.0195931443423684 -0.635550610588163 -0.199516630443481 0.745834120671274 0.410030573606491 0.609454929828644 -0.350418478250504 -0.1139782294631 0.089847631752491 0.0490252561867237
12.9069519042969 13.5206432342529 28.4793605804443 -0.631956121853874 0.494666600699776 -0.596604068209009 -0.755898035933705 -0.223539955966553 0.615343844820145 0.0730465203523636 0.181132450699806 0.324869304895401 0.298513114452362 0.081796757876873 0.0725942775607109
12.65283203125 13.6640739440918 28.9667263031006 -0.558151929517764 -0.144566242850655 -0.817047749524863 -0.783400280959044 -0.232651318862389 0.576330949737112 0.314480602741241 -0.0836467072367668 -0.0805833116173744 -0.0173170249909163 -0.204519838094711 -0.510309278964996
12.4041442871094 14.0221633911133 29.368049621582 -0.541439488706312 -0.464783344280319 -0.700585271718618 -0.840132860917133 0.267450583484955 0.471854809661564 0.0266356784850359 -0.57397049665451 0.260715156793594 -0.170214295387268 -0.143240049481392 0.402241319417953
12.1694946289062 14.4139070510864 29.320873260498 -0.567629846842624 -0.805558548521634 -0.169916985252027 -0.818076442352694 0.528718962910434 0.226290063251736 0.0203713029623032 0.270051717758179 0.439229011535645 0.633971512317657 0.0816174522042274 -0.149750128388405
11.7842102050781 14.9378938674927 29.1342926025391 -0.238467285212458 -0.924608532055074 0.29703941882242 -0.888809915938751 0.331042649255146 0.316903293929054 0.0157402083277702 0.091452494263649 -0.386048346757889 0.208107680082321 -0.0890907421708107 0.15044142305851
11.302978515625 15.1310958862305 28.9637088775635 0.063301591180569 -0.70537166824645 0.706005466118519 -0.980390128357367 0.0883352052328831 0.17615926809535 0.340969741344452 0.139360263943672 0.0519149042665958 -0.339823186397552 0.333447605371475 0.288136303424835
10.8012390136719 15.0110750198364 28.7054882049561 0.152586984910909 -0.218923062278252 0.963737466760793 -0.988063114657337 -0.0128966208054155 0.153508822630636 0.127695947885513 0.230082675814629 0.509001672267914 -0.346085369586945 -0.00158667773939669 -0.247574523091316
10.3648071289062 14.7700386047363 28.6019153594971 0.118721333315464 0.330822168342059 0.936195459265455 -0.984848999297388 -0.0807960396101295 0.153442003917612 0.176447615027428 -0.147441118955612 0.299545854330063 -0.451102644205093 -0.0470176488161087 -0.206181868910789
10.0269470214844 14.2732753753662 28.6485328674316 -0.10550230683064 0.748982568916677 0.654136357889079 -0.911874254663839 -0.33527001644529 0.236810810044734 0.374168664216995 0.0400321632623672 -0.0721906423568726 0.302521049976349 -0.158867716789246 0.023013848811388
9.7479248046875 12.9304332733154 28.3781890869141 0.284030343675334 -0.910341749867479 0.301006083526375 -0.832019295125853 -0.0779870589136467 0.549237572622521 -0.145929008722305 0.224479287862778 0.0677110776305199 -0.122958205640316 -0.2770836353302 -0.285195112228394
9.14663696289062 13.0035438537598 28.273006439209 0.435633398286286 -0.742061741967378 0.509478079416458 -0.895402682161841 -0.299354992702499 0.329606773476318 0.22829358279705 0.191537827253342 -0.188334986567497 0.100693382322788 0.242169737815857 0.0110323475673795
8.7120361328125 12.7887563705444 28.0175666809082 0.328640282128264 -0.41925833097664 0.846296648267814 -0.828393469197495 -0.558328901547622 0.045089886754843 -0.278997033834457 -0.570837020874023 -0.00391194643452764 0.191234648227692 -0.360067039728165 -0.0124674122780561
8.48812866210938 12.3508701324463 27.7186431884766 0.0543376239479373 0.00706533583197613 0.998497623258701 -0.83805067922515 -0.54334672832192 0.0494509036533345 0.404031306505203 0.215677052736282 0.144351363182068 -0.308571487665176 0.21702054142952 -0.13669490814209
8.34530639648438 11.7713232040405 27.6119365692139 -0.356059958530519 0.512018362688112 0.781702310474666 -0.813570606206227 -0.581376172453682 0.0102281386546263 0.341527223587036 0.0451565720140934 -0.147314012050629 -0.00869083032011986 -0.624406814575195 0.192738398909569
8.1282958984375 11.2989206314087 27.8062725067139 -0.439786707155014 0.843041179324576 0.309627553962462 -0.799712829196408 -0.52449259915007 0.292176152783694 -0.0624405033886433 0.48185059428215 0.123611770570278 -0.213887721300125 0.203396379947662 -0.0654238238930702
8.05532836914062 10.8143253326416 28.2012786865234 -0.600641390786683 0.78636770208373 -0.144415223551375 -0.755431762628593 -0.499034310746774 0.424602883538665 -0.0696549415588379 0.239377528429031 0.140454933047295 0.273191034793854 0.058642353862524 -0.0275660566985607
7.94119262695312 10.6036987304688 28.6904811859131 -0.671312197341224 0.540170366911763 -0.507499663459305 -0.717341591244586 -0.301279374714671 0.628213164333749 -0.0690643489360809 -0.016132514923811 -0.163359180092812 0.527287483215332 0.441655546426773 0.354525744915009
7.82403564453125 10.6591014862061 29.209005355835 -0.700840357425125 0.0835624747262097 -0.708406737843349 -0.713284062803066 -0.0918065987387036 0.694836235511061 -0.12865948677063 -0.0441734567284584 0.0146873714402318 -0.180694743990898 -0.192950800061226 0.163658559322357
7.51632690429688 10.928858757019 29.6496696472168 -0.517526533558154 -0.460932638663295 -0.720907337789104 -0.75426066078681 -0.152094217252463 0.638716059503599 -0.096312627196312 0.393987327814102 0.085520327091217 0.00128312944434583 -0.0499326549470425 0.243433624505997
7.19595336914062 11.2773952484131 29.9475803375244 -0.355381228590457 -0.792766400220516 -0.495202602019559 -0.898120433963714 0.142807045856057 0.415915657015574 0.681982040405273 -0.0692493170499802 0.134922578930855 -0.067301906645298 -0.220377787947655 0.104168251156807
6.8182373046875 11.6529989242554 29.8321533203125 -0.239942231267542 -0.96985630619264 0.0425025998348591 -0.892524565550436 0.23760926984535 0.383329798962415 -0.4821597635746 0.0693251639604568 0.133646339178085 0.556938350200653 0.484381526708603 -0.450924128293991
6.41061401367188 11.8892240524292 29.6308326721191 -0.0837021220193842 -0.800666369864708 0.593234623852253 -0.886951147087273 0.331218048267019 0.32188859436575 0.17651778459549 -0.192536160349846 0.11797284334898 -0.0921608433127403 -0.00988767948001623 0.323026865720749
5.91481018066406 11.9053373336792 29.3945331573486 0.10813127148392 -0.251309782784308 0.96184771206474 -0.908156350169392 0.368626845488057 0.198409406109016 -0.128248170018196 0.27890944480896 -0.351125091314316 0.0206401292234659 -0.406005084514618 -0.140085011720657
5.31733703613281 11.740930557251 29.2154731750488 0.36780227251042 0.206378468673281 0.906713524771878 -0.927384827324971 0.00968317104225861 0.373983446486606 0.0982466042041779 0.378163874149323 0.0145850861445069 -0.119779102504253 0.491914927959442 -0.101228080689907
4.88714599609375 11.3643989562988 29.1884803771973 0.279392151071598 0.51148522989244 0.812602538466047 -0.886998043111429 -0.186569313620721 0.422405448274035 0.0207391027361155 0.156156465411186 -0.0141796879470348 0.41129943728447 0.194197162985802 -0.214222893118858
4.58259582519531 10.9119672775269 29.4315299987793 0.0203471077668407 0.886070457820592 0.463103810158296 -0.942547176882512 -0.137487057741784 0.304470242066962 -0.432046562433243 0.00958140846341848 -0.0577513128519058 0.528923392295837 -0.502241313457489 -0.271913856267929
4.30078125 9.609299659729 28.905237197876 -0.0392178530419607 -0.999218510316401 0.00493240751074125 -0.997687005673312 0.0394310644311173 0.0553699365039422 0.612501978874207 0.125553503632545 -0.243727147579193 0.084864541888237 -0.0408312864601612 0.00635635806247592
3.78262329101562 9.77049732208252 28.5329532623291 0.047036086348986 -0.81361041530927 0.579504701172689 -0.998685563140891 -0.0264754333121735 0.0438884655108109 -0.233791261911392 0.793685674667358 -0.585976362228394 0.158433571457863 0.135764926671982 0.698872566223145
3.35110473632812 9.62414836883545 28.1661891937256 0.169705451882207 -0.379928780160555 0.90931522675427 -0.872998243989653 -0.486067095336823 -0.0401602393146052 0.274633795022964 0.334064364433289 0.0569279044866562 0.102620288729668 0.320115208625793 0.026944424957037
3.14990234375 9.19997787475586 27.8843593597412 -0.225705644518287 0.16207107375205 0.960619554811082 -0.867423864614848 -0.482269323003665 -0.122442391295783 0.0713721290230751 0.349378436803818 0.39828085899353 -0.605453908443451 0.5718052983284 -0.364543735980988
3.02029418945312 8.66444301605225 27.8173408508301 -0.508683721679482 0.573312237773386 0.642303627046885 -0.72076140670603 -0.691620978432604 0.0465125444914734 -0.0792504698038101 -0.36057236790657 0.27431309223175 0.391068369150162 -0.468010872602463 0.27451354265213
2.76542663574219 8.11586952209473 27.9775905609131 -0.458374285037023 0.863928940402842 0.208613999413323 -0.882171035829365 -0.470792474957473 0.0113450018581767 -0.347369909286499 -0.410017222166061 -0.0904626101255417 -0.339780926704407 0.142913073301315 -0.506697297096252
2.53326416015625 7.74894046783447 28.3539943695068 -0.514492971515478 0.766417114076958 -0.384580017046025 -0.857355985971 -0.451708850043375 0.246778905322528 -0.578933358192444 0.0168776027858257 -0.492498129606247 0.459093749523163 0.315753430128098 -0.127524748444557
2.29222106933594 7.62397336959839 28.8100128173828 -0.523265453633777 0.418069588645104 -0.742570591986749 -0.851925502429236 -0.235776303470201 0.467581514853423 -0.21747587621212 0.0175966788083315 0.00744131719693542 0.558092713356018 0.0483793504536152 -0.139969542622566
2.05171203613281 7.82864856719971 29.1889057159424 -0.434548805939031 -0.376336580722128 -0.818253086317027 -0.885035404659862 0.0099982953215249 0.465416336831033 -0.34776359796524 0.263063579797745 -0.155593812465668 0.136774122714996 0.494829833507538 0.640143811702728
1.73191833496094 8.18126201629639 29.3211212158203 -0.439052938796093 -0.688890137694512 -0.576769360422128 -0.894676852064487 0.276365453455285 0.350963625631537 -0.154697760939598 -0.554602682590485 -0.206845372915268 0.168661236763 0.0777076706290245 -0.0638832375407219
1.36752319335938 8.59572410583496 29.2752265930176 -0.298445196632008 -0.944227448246983 -0.139158149543148 -0.953363905416037 0.288048061091295 0.0901419899460107 -0.460505574941635 -0.319914788007736 0.286770671606064 0.479591488838196 0.252956479787827 -0.396073222160339
0.89288330078125 8.89511108398438 28.9325714111328 -0.049384892123591 -0.883171015625446 0.466444090528607 -0.990722874125082 0.102515765439019 0.0892115716809687 0.501544713973999 -0.439315229654312 -0.257999390363693 -0.0828339457511902 -0.18682387471199 -0.342652142047882
0.43310546875 8.92374229431152 28.5456275939941 -0.00675621847832397 -0.602655220738791 0.797973081267878 -0.998745833038956 -0.0355221998371726 -0.0352836266000229 0.0797554776072502 -0.107652679085732 -0.0418491512537003 -0.228568360209465 0.466534584760666 0.188915356993675
-0.0429229736328125 8.74047565460205 28.2802276611328 0.136629404279475 -0.0068983524412062 0.990598212505874 -0.97349920794947 -0.186056040959419 0.132975342617572 -0.129009142518044 -0.0760469511151314 -0.448928147554398 -0.278569102287292 0.331717789173126 -0.0373006165027618
-0.408096313476562 8.25711917877197 28.0968170166016 0.07781489142884 0.512821987940319 0.854961081779081 -0.878852760200615 -0.369601185370681 0.301683260490781 0.0329136662185192 -0.189032360911369 -0.520170331001282 -0.435975760221481 0.0330121554434299 0.400810420513153
-0.652191162109375 7.64816331863403 28.2330112457275 -0.111768692066606 0.786007562728075 0.608029498304146 -0.673386060885464 -0.509871031097891 0.535334236390997 -0.278029322624207 0.108351029455662 0.194362074136734 0.101551540195942 -0.581346035003662 -0.174357771873474
-1.13258361816406 6.70815992355347 28.0143451690674 0.31822667715658 -0.869604730062754 -0.377517410722163 -0.902621462040296 -0.39967736625112 0.15978892067602 0.346716046333313 -0.117081977427006 -0.402665227651596 0.768964350223541 0.0622060596942902 0.180095136165619
-1.7271728515625 6.82009840011597 27.8379516601562 0.444489004563237 -0.876347544022044 0.185592313711841 -0.893276769242478 -0.418135864303934 0.164981855106926 -0.276240289211273 -0.30513334274292 0.239455938339233 0.642755091190338 -0.423032581806183 0.162238091230392
-2.177001953125 6.74527835845947 27.5390377044678 0.439246985760597 -0.703512677824262 0.558687746098628 -0.873303331688894 -0.480250334948326 0.081859065735558 -0.322663307189941 -0.00994983594864607 -0.298611462116241 0.372526049613953 -0.138529062271118 -0.0893189758062363
-2.58079528808594 6.40589761734009 27.2208957672119 0.278115700110041 -0.197736166997413 0.939974502640084 -0.856712273668551 -0.493610245599726 0.149642926944914 -0.239619627594948 0.243447631597519 0.24268713593483 -0.000429154402809218 0.280331194400787 0.121508359909058
-2.81976318359375 5.86315870285034 27.0625953674316 0.0560100148797348 0.329832765691692 0.942376371153979 -0.867316760111295 -0.451488547241781 0.209570344609042 0.082061380147934 -0.444918483495712 -0.0700206607580185 -0.317886352539062 -0.268877059221268 0.0299653150141239
-2.91908264160156 5.24420595169067 27.1366291046143 -0.216797778465741 0.696475335398964 0.684047389025951 -0.59497912908256 -0.649798266106044 0.473034934567985 -0.0775866433978081 0.23499983549118 0.349791496992111 0.112860642373562 0.0994007587432861 -0.111569710075855
-2.84298706054688 4.75361108779907 27.4372310638428 -0.608212598349281 0.760809849780537 0.226375368991712 -0.552968942027655 -0.610707347450895 0.566799686769768 0.231261432170868 -0.357595354318619 -0.121109820902348 -0.111740745604038 -0.146131739020348 0.511104702949524
-2.73873901367188 4.5331654548645 27.9063396453857 -0.891116596745603 0.399810416320816 -0.214622557076162 -0.422169453546758 -0.557033588501605 0.715182867365442 -0.0580271929502487 0.142781257629395 -0.448478847742081 0.583474457263947 0.549421429634094 0.0344396196305752
-2.76837158203125 4.58237743377686 28.4930267333984 -0.736669095744046 -0.347005148838129 -0.580436103335654 -0.473113906786908 -0.348827586119492 0.809000955726801 -0.0264377053827047 0.175131052732468 -0.566355168819427 -0.435600310564041 0.136386647820473 0.195786148309708
-3.11573791503906 4.78248023986816 28.9373264312744 -0.246214770326636 -0.664994433313252 -0.705096227855027 -0.702224149948645 -0.379023932046601 0.60267910380636 0.399507880210876 -0.0277675651013851 -0.145887762308121 0.104683995246887 0.04575539752841 0.368389427661896
-3.60111999511719 5.11435222625732 29.040807723999 -0.126110642354181 -0.941322374574196 -0.313062762095738 -0.871772043480892 -0.0454385087223745 0.487800006283554 -0.452183663845062 -0.618372082710266 0.192516908049583 -0.784440159797668 -0.0536114200949669 -0.473169147968292
-4.11404418945312 5.36622714996338 29.0381088256836 0.117026391529162 -0.977787624945056 0.173885549111963 -0.926192869080145 -0.0442619239647003 0.374443121651384 -0.21120485663414 0.411903351545334 0.25880628824234 0.249589070677757 -0.125853031873703 0.592394530773163
-4.64942932128906 5.39339590072632 28.8789710998535 0.23206592349287 -0.743254938353478 0.627469125747689 -0.910191626607292 0.0615886626221408 0.409582762687089 -0.00594076700508595 0.0202233381569386 0.542897462844849 0.321789145469666 -0.177251890301704 0.428867161273956
-5.19155883789062 5.27644729614258 28.7299327850342 0.314304338916799 -0.18504199626598 0.931113442151908 -0.9489911982923 -0.0871443008300924 0.303020752419003 0.264897495508194 -0.210463970899582 -0.606254577636719 -0.0808768346905708 -0.210985332727432 0.335035651922226
-5.65512084960938 4.98758363723755 28.6654987335205 0.258888209392135 0.266951728773115 0.928285338429289 -0.950078511112553 -0.102895365047987 0.294556219716706 -0.12547966837883 -0.53789621591568 -0.716589570045471 0.148915603756905 0.653326272964478 -0.142921879887581
-5.96102905273438 4.55394697189331 28.7492790222168 0.0110890713068102 0.751823027186682 0.659271695349804 -0.944543349102039 -0.208523588692518 0.253684399650231 -0.332778334617615 -0.337990760803223 -0.180426001548767 -0.139262109994888 0.865555882453918 0.313724666833878
-6.26834106445312 4.11552000045776 29.0943908691406 -0.207268794652271 0.953529101506782 0.218682187987644 -0.864304607710217 -0.283201737244223 0.41566130576798 0.450821459293365 -0.370586454868317 -0.112887263298035 0.0907468199729919 -0.0423010028898716 -0.177021995186806
-6.2918701171875 2.92267847061157 28.7932815551758 0.724924815098076 -0.683404839426916 0.0862660877917353 -0.684441672606787 -0.700526976674143 0.20199393988684 -0.429169952869415 -0.665183246135712 -0.170211046934128 -0.0421903841197491 0.307362228631973 0.230168074369431
-6.642578125 2.66540884971619 28.5784149169922 0.51912778010613 -0.420004649887835 0.744380576046069 -0.722511589969925 -0.68092166129146 0.119677456286503 -0.311217308044434 -0.347939699888229 0.15822821855545 0.187874019145966 0.284536868333817 0.056787297129631
-6.97911071777344 2.23946356773376 28.2172698974609 0.293949752338413 -0.0832493586258688 0.952188577640252 -0.747651957067111 -0.640674477089722 0.174793493870712 -0.0627975165843964 -0.420971155166626 0.122920446097851 0.521146059036255 -0.227364644408226 -0.310614496469498
-7.13931274414062 1.69356775283813 28.0613975524902 -0.0655776544920985 0.307115372321617 0.949410195497747 -0.626903910309412 -0.752920991593132 0.200253508476591 -0.236568540334702 0.217555820941925 -0.304277360439301 0.0425342060625553 0.425955921411514 -0.452124387025833
-7.11390686035156 1.08098745346069 28.0848350524902 -0.461227678080495 0.58955953301458 0.663090179390484 -0.512315015596527 -0.787117632775869 0.343480941200006 0.255286276340485 -0.0068797878921032 -0.362743496894836 -0.13543513417244 -0.354906380176544 -0.226666525006294
-7.05619812011719 0.562110185623169 28.4505825042725 -0.715524870448036 0.666722761663982 0.208578327851852 -0.533052604040195 -0.714054070926214 0.4538520740502 0.0586822479963303 -0.203437358140945 0.177840948104858 -0.335350394248962 0.0507398173213005 -0.0115303760394454
-7.06195068359375 0.255880057811737 28.9618759155273 -0.77002871159382 0.572483633408043 -0.281634999247406 -0.592295481549482 -0.477355123006046 0.649090247250681 -0.185460075736046 -0.0629267022013664 -0.029875285923481 0.365547716617584 -0.352393686771393 0.0470372214913368
-7.21293640136719 0.126231119036674 29.585599899292 -0.636328758757456 0.274576149006881 -0.720897807719477 -0.770518727844833 -0.271338573021837 0.576780953942529 0.0890061184763908 -0.192366883158684 -0.286732077598572 -0.137128368020058 -0.419299423694611 -0.944039106369019
-7.46723937988281 0.289288103580475 30.0121593475342 -0.556034861800378 -0.474038958612095 -0.682724174305111 -0.745851213551404 -0.077906619259291 0.661541023610392 -0.343009650707245 -0.152292653918266 -0.0896245837211609 -0.244306311011314 -0.471972584724426 -0.486373454332352
-7.80516052246094 0.687027156352997 30.2687339782715 -0.326976879730478 -0.860081347267177 -0.391594428209595 -0.888975198954289 0.139340674568765 0.43624221718548 -0.522484004497528 -0.794837594032288 0.352309465408325 -0.0049630431458354 -0.0231472235172987 -0.00751002272590995
-8.21908569335938 1.12993907928467 30.1919097900391 -0.14829590860367 -0.988879876023996 -0.0111765059915213 -0.979677902620074 0.145353812710297 0.138215325664386 0.407660305500031 -0.270950794219971 -0.15297794342041 -0.282893568277359 0.0835925191640854 -0.203697308897972
-8.72950744628906 1.32497203350067 29.9036350250244 0.0129263531722446 -0.87445526094331 0.48493391921192 -0.987580333067587 0.0647797275319179 0.143138648306472 0.638970136642456 0.135486245155334 0.755375802516937 -0.168918326497078 0.191233202815056 -0.0487260892987251
-9.27001953125 1.38276445865631 29.6268424987793 0.16527841999666 -0.569534973420833 0.805178835994798 -0.983963790277435 -0.0397040619621706 0.173893205406557 -0.0090735787525773 0.16991414129734 -0.499919325113297 0.0419318042695522 -0.204987943172455 -0.436222016811371
-9.73033142089844 1.0886904001236 29.3864459991455 0.109121131206494 -0.0807622234293417 0.99074216726198 -0.990242141099217 -0.0957424950358718 0.101261427185009 -0.782407879829407 0.386162757873535 -0.534401714801788 -0.20699343085289 -0.136998116970062 -0.204274192452431
-10.0263977050781 0.727188587188721 29.3103427886963 -0.063708869084202 0.645648216002837 0.760972772950758 -0.928983645474234 -0.316946761487919 0.191139051017113 0.0470043383538723 -0.7494837641716 -0.0851010754704475 -0.454138815402985 0.0154799409210682 -0.113602697849274
-10.3542022705078 0.236864060163498 29.46213722229 -0.109559335075465 0.904363959229701 0.41245918748914 -0.852481989233425 -0.298879994813872 0.428888338303436 0.219184756278992 -0.157007813453674 -0.0693057850003242 -0.0935914665460587 -0.271787613630295 0.446328967809677
-10.6214904785156 -1.23033940792084 29.269962310791 0.314959383163377 -0.944547414281381 0.0929019328738724 -0.423169202298126 -0.0521379132400314 0.904549315531963 -0.272785037755966 -0.0327982679009438 -0.111633121967316 0.0305140521377325 -0.224503681063652 -0.0704470723867416
-11.1798706054688 -1.20888531208038 29.4674186706543 0.678050704346738 -0.636991467213578 0.366727573318378 -0.515893262812843 -0.0570510304931878 0.854751028840553 -0.510561645030975 -0.885874330997467 -0.0639068856835365 0.0994999557733536 0.085432194173336 0.125700801610947
-11.7268829345703 -1.5309784412384 29.6317520141602 0.853418365469005 -0.0943394757750674 0.51261794427302 -0.521200421885382 -0.144613690115578 0.841092742126369 -0.163860470056534 -0.260205090045929 0.299416482448578 0.0345206558704376 -0.432875454425812 -0.541709721088409
-12.0726013183594 -1.97707200050354 29.7794933319092 0.728755830214399 0.386757897328575 0.565095804959214 -0.423265633387934 -0.394292746449861 0.815707934060799 -0.263021767139435 -0.377252161502838 0.158939272165298 0.549555897712708 0.0827849134802818 -0.200032755732536
-12.1477203369141 -2.52641677856445 30.0059204101562 0.287278354110975 0.740157255435088 0.60797893424533 -0.273055838532448 -0.54511427591251 0.792648052567924 -0.00893030222505331 -0.209877714514732 0.0522535666823387 -0.152808427810669 -0.279644042253494 -0.0217348858714104
-11.9874572753906 -2.99389457702637 30.3385181427002 -0.227668851134201 0.911077367774817 0.343663969818984 -0.0478291516920044 -0.362969703875514 0.930572601314344 -0.144841074943542 -0.177094161510468 -0.265583544969559 -0.129041284322739 0.0918090119957924 -0.389180779457092
-11.5671844482422 -3.23665380477905 30.6583309173584 -0.693110291493632 0.627996640101967 0.353862040697011 0.133018879609874 -0.371046345132748 0.919037859628733 -0.0444277636706829 -0.105527259409428 -0.484092473983765 -0.212445989251137 0.111479796469212 -0.732335209846497
-11.1760559082031 -3.32667136192322 31.0469131469727 -0.962214521525116 0.17664392428717 0.207220024559935 0.127236338447338 -0.381143096122771 0.915718763844262 -0.150659531354904 0.165914133191109 -0.648486852645874 0.177332729101181 -0.188609912991524 0.217277586460114
-10.947509765625 -3.2126202583313 31.5873355865479 -0.933362962990189 -0.356868211160124 0.0384533377166104 0.141845223799367 -0.268316301804162 0.952830674711643 -0.364703595638275 0.0583379194140434 0.102920651435852 -0.201584115624428 -0.0937151238322258 -0.0818072631955147
-10.8346252441406 -2.9735221862793 32.1064949035645 -0.761455312549079 -0.640245319485006 -0.101349582477322 -0.138860454291263 0.0083904238265552 0.990276413443254 -0.19243149459362 -0.104690864682198 0.259744942188263 0.022603577002883 -0.257017403841019 0.335923999547958
-10.9758911132812 -2.60677981376648 32.4656791687012 -0.206855928959354 -0.974554835643461 0.0863336375829795 -0.411422013679249 0.1667079254118 0.896069413753759 0.00816613715142012 0.0707878544926643 0.018031807616353 -0.115745663642883 -0.173679202795029 -0.664203763008118
-11.4213409423828 -2.2953999042511 32.624870300293 0.105771580607488 -0.967408909874836 0.230070367128353 -0.619383719770175 0.1169086848902 0.776335086854192 -0.0781257823109627 0.403079748153687 -0.271752417087555 -0.533641457557678 -0.264288932085037 -0.846432447433472
-11.9532165527344 -2.18896269798279 32.6732711791992 0.376759572642627 -0.694018039358187 0.613507282326431 -0.760441377785112 0.146461937926933 0.632675123338169 -0.588819622993469 0.239074349403381 0.0930709838867188 0.056555762887001 0.132360592484474 -0.312483608722687
-12.5388488769531 -2.26226806640625 32.7121315002441 0.639577598194316 -0.259650605676042 0.72354824224792 -0.761374111719165 -0.0840950282821828 0.642835506348297 -0.954604387283325 0.673538446426392 -0.335639208555222 0.111331760883331 0.103893801569939 0.167228862643242
-12.9789276123047 -2.61460971832275 32.8435668945312 0.610022930646742 0.36559802525564 0.703000788060964 -0.663767118454031 -0.248774314817096 0.705354203749093 -0.187017798423767 -0.615378677845001 0.592432022094727 -0.387114882469177 -0.179677307605743 0.0763019397854805
-13.2463226318359 -3.13370442390442 33.0525245666504 0.34910115925225 0.754933288958977 0.555161336757448 -0.604162675538622 -0.27154097075601 0.749168180508821 0.18029011785984 0.164411202073097 0.0753466710448265 -0.0646410807967186 0.437272071838379 -0.481877267360687
-13.2754974365234 -3.55266952514648 33.5175361633301 0.0229948602654992 0.930428564590663 0.365751175794594 -0.541783264675575 -0.295870415561497 0.786722054675565 -0.384465456008911 -0.387791693210602 0.20693077147007 -0.285743474960327 -0.397908002138138 -0.398463696241379
-13.5115203857422 -4.97694110870361 33.4659843444824 0.416128075858398 -0.763860210429423 0.493310250658858 -0.674652924895781 0.104376095236048 0.730718182114585 -0.00354632036760449 -0.201342731714249 -0.375381976366043 0.1530831605196 0.301177173852921 0.0402024276554585
-14.1004638671875 -5.05609035491943 33.6126327514648 0.718167255898751 -0.355744280229033 0.598065046327893 -0.656855579194314 -0.062824080887354 0.751394625308141 0.0202664881944656 0.371399372816086 -0.0390749201178551 -0.935131132602692 0.32423061132431 0.0964774563908577
-14.5433349609375 -5.32958221435547 33.7080879211426 0.653407902900273 0.233416648944642 0.72012136506489 -0.681770030825223 -0.231994397539122 0.693807051404808 -0.100446455180645 -0.592229008674622 0.0236446894705296 0.0943084061145782 -0.256236255168915 -0.00813138298690319
-14.7386627197266 -5.76898860931396 33.8863754272461 0.380907110192838 0.709611970499187 0.592756800660104 -0.617427919956142 -0.281992736620191 0.734345191413471 0.120798118412495 -0.0593778900802135 0.347767055034637 0.128597274422646 -0.234668493270874 0.62884795665741
-14.8024444580078 -6.25487613677979 34.279296875 -0.0184787293660227 0.923202909170925 0.383868369443692 -0.602818032337259 -0.316590192171301 0.732380413521535 -0.100051462650299 0.241283744573593 0.414544463157654 0.0813619121909142 -0.49260613322258 -0.457288682460785
-14.7841644287109 -6.58049535751343 34.7492904663086 -0.480824571289726 0.876351474389005 0.0285626500918344 -0.577310649966608 -0.340932800266645 0.741941533503467 0.359050154685974 0.394202500581741 0.49347397685051 -0.348130792379379 0.0117044467478991 0.211796551942825
-14.6758270263672 -6.71609544754028 35.2900886535645 -0.759348949757815 0.574544465691503 -0.305430564032103 -0.439565633428846 -0.106851367341798 0.891832293206231 -0.0670498237013817 -0.387579411268234 0.17292620241642 -0.0591405369341373 -0.121424913406372 -0.172333225607872
-14.6125183105469 -6.59854316711426 35.8570365905762 -0.86054709458858 0.160364467669712 -0.48346864997036 -0.493258679493248 -0.0255189077848236 0.869508286590787 -0.383203446865082 -0.356935173273087 0.37554058432579 0.313320219516754 0.12219650298357 0.220465660095215
-14.625732421875 -6.19025087356567 36.2953300476074 -0.786554598028063 -0.48306925932584 -0.384676428983238 -0.530036900619085 0.208503401951505 0.821941126454178 -0.338303297758102 -0.037459209561348 -0.349119514226913 -0.586312532424927 0.0728402510285378 -0.0527474246919155
-14.8384857177734 -5.76889514923096 36.5794105529785 -0.492352240620685 -0.845125929481113 -0.208210072941913 -0.70779588866603 0.249528900831851 0.66087843635355 0.190843895077705 -0.426455348730087 0.130215540528297 0.137192115187645 0.123201370239258 -0.108835816383362
-15.2370452880859 -5.40092611312866 36.6399192810059 -0.0183165020137004 -0.913019211771706 0.407505122286525 -0.63004065893749 0.327011094994718 0.704352547972938 0.972163677215576 -0.148512274026871 -0.164678424596786 0.0139304399490356 -0.210463285446167 0.166250020265579
-15.7569580078125 -5.26100826263428 36.6636543273926 0.397666828836972 -0.584946497694758 0.706893689374423 -0.787771840746386 0.177317282195841 0.589893302523203 -0.244124501943588 0.0228552706539631 0.243521898984909 0.586000978946686 -0.136082157492638 -0.0621648356318474
-16.3070983886719 -5.39418888092041 36.7167663574219 0.690877975902916 -0.0513414832487019 0.721146084028827 -0.716425437522797 -0.182541892333418 0.673359525078248 -0.562146186828613 -0.292819321155548 0.234407246112823 0.202951788902283 -0.603953838348389 0.556180596351624
