t = 0
b = 347 347 347
E = 0 0 0
-115.59478759765625 31.894577026367188 -1.5217336416244507 -0.1835440522579306 -0.3054378641635079 -0.9343550139085105 0.9450009164760135 -0.31658407606151506 -0.08214493681153878 0 0 0 0 0 0
-115.3426284790039 31.42041778564453 -1.538249135017395 0.010070801217689999 0.2791690947399994 -0.960189145692078 0.9449949525895864 -0.31660340362555095 -0.0821390552229696 0 0 0 0 0 0
-115.08817291259766 31.00989532470703 -1.7736397981643677 0.19985225147354474 0.7577143101773276 -0.6212311178083819 0.9449938497138161 -0.31660322525922024 -0.08215243002201043 0 0 0 0 0 0
-114.78816223144531 30.772092819213867 -2.1506400108337402 0.3137011895227541 0.948394398488313 -0.0462561196816162 0.9450011233774309 -0.31658497077000475 -0.08213910821252716 0 0 0 0 0 0
-114.41664123535156 30.750478744506836 -2.53818416595459 0.30837993753571746 0.7787604316931331 0.546291134977122 0.9449998413844065 -0.31658857376421484 -0.08213997044914907 0 0 0 0 0 0
-113.97482299804688 30.906381607055664 -2.801201343536377 0.18589045029019863 0.31326336502834207 0.9312952295711747 0.9450001734813916 -0.3165892142617397 -0.08213368087011608 0 0 0 0 0 0
-113.49063110351562 31.13369369506836 -2.8519299030303955 -0.007209778969000015 -0.27124886021928957 0.9624822465463737 0.9450010657079913 -0.3165844704494993 -0.08214170001266693 0 0 0 0 0 0
-113.00808715820312 31.29917335510254 -2.683260679244995 -0.197582297303863 -0.7527067274496572 0.6280078170247211 0.9449982259885609 -0.3165926030937764 -0.08214302493078524 0 0 0 0 0 0
-112.5705795288086 31.293073654174805 -2.3714370727539062 -0.31288191615861644 -0.9482015787608692 0.05494244785507526 0.9450021292997354 -0.31658496703526245 -0.08212754876561175 0 0 0 0 0 0
-112.20439147949219 31.070833206176758 -2.0470893383026123 -0.30931490747649837 -0.7834582111844224 -0.5389967711781865 0.9449993400955732 -0.3165946175235739 -0.08212244135456151 0 0 0 0 0 0
-111.9087142944336 30.670001983642578 -1.8456058502197266 -0.18823631318082434 -0.3210641260282517 -0.9281621180471683 0.9449972061463877 -0.3165977227002575 -0.08213502515086309 0 0 0 0 0 0
-111.65594482421875 30.195985794067383 -1.8556969165802002 0.004348757186378109 0.26330484986251407 -0.9647028787921248 0.945006379916504 -0.3165680767008052 -0.08214374432089877 0 0 0 0 0 0
-111.40218353271484 29.78199005126953 -2.0856919288635254 0.19529412921565747 0.7476404388576069 -0.6347392986720634 0.9450023610499606 -0.3165817048526729 -0.08213745651391476 0 0 0 0 0 0
-111.1039047241211 29.53841781616211 -2.4603753089904785 0.3120414984089418 0.9479357237041932 -0.06362363551471897 0.944999727543169 -0.3165882712546461 -0.08214244607589564 0 0 0 0 0 0
-110.7344970703125 29.510929107666016 -2.8495616912841797 0.310230859126632 0.7880941475892116 0.5316619495329582 0.9449995553304118 -0.31659335062956934 -0.08212484862979533 0 0 0 0 0 0
-110.29437255859375 29.663084030151367 -3.117555856704712 0.19058165297129478 0.3288401354548489 0.9249555658866893 0.9450031583866579 -0.31657228475246 -0.0821645858375036 0 0 0 0 0 0
-109.81079864501953 29.890199661254883 -3.174705982208252 -0.0015068060312210538 -0.2553416334362538 0.9668497193306156 0.9449974694454591 -0.3165958757598716 -0.08213911488151486 0 0 0 0 0 0
-109.32757568359375 30.059110641479492 -3.011462688446045 -0.1930040467844995 -0.7425191263264328 0.6414162337860164 0.9450000446273554 -0.31658862735987603 -0.08213742557863542 0 0 0 0 0 0
-108.88834381103516 30.05876350402832 -2.702008008956909 -0.3111827727068588 -0.947595888583255 0.07230016535653917 0.9449963624663518 -0.3165968791269804 -0.08214798264364091 0 0 0 0 0 0
-108.52005004882812 29.842411041259766 -2.376072645187378 -0.3111267210791372 -0.7926702807532855 -0.5242842639647428 0.9450001002664279 -0.31658751799892965 -0.08214106125269523 0 0 0 0 0 0
-108.22267150878906 29.445369720458984 -2.169647693634033 -0.1928895932161243 -0.33659357993505884 -0.9216823567669175 0.945004962043621 -0.31656765115729635 -0.08216169395580203 0 0 0 0 0 0
-107.96926879882812 28.971601486206055 -2.173321008682251 -0.001335143158498839 0.2473638803224492 -0.9689217347673481 0.9449895455946022 -0.3166206420418298 -0.08213481448159958 0 0 0 0 0 0
-107.7161636352539 28.55422019958496 -2.397860050201416 0.19069594183511254 0.7373398399141609 -0.6480470802673053 0.9449974667050643 -0.3165954008492656 -0.08214097687575836 0 0 0 0 0 0
-107.41959381103516 28.304916381835938 -2.7701222896575928 0.31028710860053305 0.947188210788202 -0.08097162206702808 0.9449980316887656 -0.3165920953127527 -0.08214721717648077 0 0 0 0 0 0
-107.05229949951172 28.271522521972656 -3.160841941833496 0.31200335950913355 0.7971840330336222 0.5168670246120013 0.9449988299400888 -0.3165869016823701 -0.08215804948403256 0 0 0 0 0 0
-106.61387634277344 28.41984748840332 -3.433741569519043 0.1951605067234538 0.34432039264058534 0.9183440770360953 0.9449961007206064 -0.31660555425921827 -0.08211755375717773 0 0 0 0 0 0
-106.13097381591797 28.64666175842285 -3.497305154800415 0.004215238646087395 -0.23936261262024328 0.970921094344318 0.9450047367499943 -0.3165719613597358 -0.08214767678348574 0 0 0 0 0 0
-105.64710235595703 28.818910598754883 -3.3395473957061768 -0.18836968297360984 -0.7321021298093164 0.6546322128226538 0.9449941005906211 -0.31660325029541964 -0.08214944766277624 0 0 0 0 0 0
-105.2061767578125 28.824277877807617 -3.0325658321380615 -0.3093731407885778 -0.9467066064408548 0.08963738661881755 0.9449988929691594 -0.31659211161934925 -0.0821372457991196 0 0 0 0 0 0
-104.83576965332031 28.61384391784668 -2.7051517963409424 -0.31282645940434306 -0.8016452205539379 -0.5094158877180519 0.9450014075056118 -0.31659244419800103 -0.08210702825671262 0 0 0 0 0 0
-104.53666687011719 28.22067642211914 -2.4938580989837646 -0.19746735626432693 -0.35201946558624725 -0.9149256467376735 0.9450040014509614 -0.3165715850487523 -0.08215758505087639 0 0 0 0 0 0
-104.28258514404297 27.747264862060547 -2.491122245788574 -0.0070571904247559184 0.2313423315185528 -0.972846813075352 0.9450006231353567 -0.31658643122477736 -0.08213923446287512 0 0 0 0 0 0
-104.03010559082031 27.326587677001953 -2.71014666557312 0.186024066839619 0.7268108874165705 -0.6611663788254711 0.9450036753247609 -0.31658015497011827 -0.08212830877224918 0 0 0 0 0 0
-103.7352294921875 27.07158660888672 -3.0798840522766113 0.3084367028322108 0.9461526171244166 -0.09829560241746099 0.9449965301972624 -0.31659479906650945 -0.08215406940116408 0 0 0 0 0 0
-103.37004089355469 27.032262802124023 -3.4720277786254883 0.313663375623742 0.8060357204117681 0.5019180253911999 0.9449987126085746 -0.31659235116317724 -0.08213839755624712 0 0 0 0 0 0
-102.93335723876953 27.176673889160156 -3.7497591972351074 0.1997370717763619 0.35969171446013914 0.9114422486954015 0.9450021777611688 -0.3165770481370126 -0.08215751103523168 0 0 0 0 0 0
-102.45114135742188 27.403078079223633 -3.8197271823883057 0.009918208027309802 -0.2233075000610314 0.974697588776139 0.9450020446314855 -0.3165804316993737 -0.08214600359938584 0 0 0 0 0 0
-101.96666717529297 27.57857894897461 -3.6675124168395996 -0.1836591059742369 -0.7214661452932285 0.6676495592662921 0.9450029553402024 -0.3165786355058917 -0.08214244907178697 0 0 0 0 0 0
-101.52405548095703 27.58962059020996 -3.363107442855835 -0.3074834150057833 -0.9455243757352487 0.10694673621410482 0.9449925570647222 -0.3166039589128615 -0.08216447098948113 0 0 0 0 0 0
-101.15154266357422 27.3851318359375 -3.0343239307403564 -0.3144465782345382 -0.8103732353394556 -0.49438706382960085 0.9450021107358562 -0.3165869818137955 -0.08211999543843337 0 0 0 0 0 0
-100.85070037841797 26.99591636657715 -2.8182356357574463 -0.20198802230080473 -0.36733591326640214 -0.9078905031289556 0.9450029641766089 -0.31657470094756446 -0.08215750980514999 0 0 0 0 0 0
-100.59590148925781 26.522968292236328 -2.809101104736328 -0.0127792312793227 0.215253753138502 -0.9764745326979596 0.9450096389437207 -0.31655694143179725 -0.08214916393247373 0 0 0 0 0 0
-100.3440170288086 26.09908676147461 -3.0225541591644287 0.1812939484208757 0.7160634124254204 -0.6740813702006836 0.945004976149663 -0.31657511355360934 -0.08213277379277209 0 0 0 0 0 0
-100.0508041381836 25.838430404663086 -3.3896636962890625 0.3064904705902601 0.9448294975663961 -0.11558897856540032 0.9449975830282286 -0.3165943344472469 -0.08214374879874442 0 0 0 0 0 0
-99.68772888183594 25.793149948120117 -3.7831218242645264 0.31524464443490946 0.8146378991589005 0.48681198363339473 0.9449974197471971 -0.31658853363801875 -0.08216798062547852 0 0 0 0 0 0
-99.25279235839844 25.93356704711914 -4.065610408782959 0.204220006423108 0.3749517083466015 0.904270648304207 0.9450000424587915 -0.31658606084659896 -0.0821473421999522 0 0 0 0 0 0
-98.77130889892578 26.159454345703125 -4.141970634460449 0.015621180857271948 -0.20718568627853057 0.9781769114582077 0.9450039101943458 -0.31657523172983254 -0.0821445821256621 0 0 0 0 0 0
-98.28626251220703 26.33811378479004 -3.9953553676605225 -0.1789097592063473 -0.7106083919436542 0.6804608815795223 0.945002405376145 -0.31658035950325397 -0.08214213176008124 0 0 0 0 0 0
-97.84199523925781 26.35479164123535 -3.693629264831543 -0.3054806934608175 -0.9440604647562827 0.12422312508888748 0.9449961205325376 -0.3165944178783922 -0.08216025040550884 0 0 0 0 0 0
-97.46736907958984 26.156269073486328 -3.36358642578125 -0.3159899792948487 -0.8188473953402531 -0.4792069241253972 0.944997196199892 -0.31659315476211974 -0.08215274512827535 0 0 0 0 0 0
-97.1647720336914 25.77109146118164 -3.1427791118621826 -0.2064327691453787 -0.38254340073657966 -0.900580956036637 0.944999318533377 -0.3165915375136049 -0.08213456243400157 0 0 0 0 0 0
-96.90922546386719 25.2987117767334 -3.127258539199829 -0.018463122816147072 0.19909845817804878 -0.979805550630838 0.9450038762784317 -0.3165774294414403 -0.08213650215944349 0 0 0 0 0 0
-96.65789794921875 24.871715545654297 -3.335084915161133 0.17652480072739055 0.7050978466655656 -0.6867867364442455 0.9449985400437579 -0.31659235694550264 -0.0821403605961024 0 0 0 0 0 0
-96.36632537841797 24.60544776916504 -3.6994645595550537 0.3044499490731875 0.9432188248068706 -0.13284757069393358 0.9449979979811751 -0.3165935232922315 -0.08214210139132455 0 0 0 0 0 0
-96.00535583496094 24.55418586730957 -4.0941267013549805 0.3167145785884722 0.8229953732531973 0.4715617576875346 0.944997093645804 -0.31659415494254395 -0.08215007034202992 0 0 0 0 0 0
-95.57218933105469 24.690526962280273 -4.381296157836914 0.20864480518429943 0.39010513202607006 0.8968195644813555 0.9449962884713006 -0.3166001996244833 -0.08213603577726446 0 0 0 0 0 0
-95.09146881103516 24.91579246520996 -4.464035511016846 0.021324146482221636 -0.19099702310943373 0.9813589648748001 0.9450017431545432 -0.31658064436112276 -0.08214865215431956 0 0 0 0 0 0
-94.60588836669922 25.097518920898438 -4.3230743408203125 -0.17410343593485542 -0.6995322704457483 0.6930675264364176 0.9450069172916123 -0.31656992869225076 -0.08213042383177571 0 0 0 0 0 0
-94.15999603271484 25.119789123535156 -4.024128437042236 -0.30338374347380187 -0.9423092205821519 0.14146249326828575 0.9450043612646077 -0.3165798325742968 -0.08212165852015592 0 0 0 0 0 0
-93.78325653076172 24.92725944519043 -3.692936658859253 -0.3174191219986351 -0.8270787998573977 -0.46388119148771506 0.9449972511243291 -0.31658910336067075 -0.08216772481180538 0 0 0 0 0 0
-93.47887420654297 24.54619598388672 -3.467487096786499 -0.21083823944049623 -0.39763435830791977 -0.8929916874656119 0.9450012261413648 -0.3165820640446736 -0.08214912851960901 0 0 0 0 0 0
-93.2225570678711 24.074491500854492 -3.4455950260162354 -0.02414703682670636 0.18288137903133275 -0.982838400662127 0.9449948085320744 -0.3166062628281441 -0.08212969125367671 0 0 0 0 0 0
-92.97174072265625 23.64447593688965 -3.6477410793304443 0.17169965147818605 0.6939130215982989 -0.6992881724572411 0.944994654242951 -0.3166037867053571 -0.08214101104852642 0 0 0 0 0 0
-92.6817855834961 23.372636795043945 -4.009289741516113 0.30231533566747554 0.9413212633877078 -0.1500657086560114 0.9450004235679486 -0.31658985798959544 -0.08212832199993958 0 0 0 0 0 0
-92.32292175292969 23.315372467041016 -4.405045986175537 0.31807092822316557 0.8311071665066059 0.456170760133324 0.9450023240083683 -0.3165865119759789 -0.08211935249176501 0 0 0 0 0 0
-91.89155578613281 23.447559356689453 -4.6968183517456055 0.21301258224230743 0.40513493967257264 0.8890957881257592 0.9450025978579548 -0.3165772402604037 -0.08215193844836009 0 0 0 0 0 0
-91.41162872314453 23.672096252441406 -4.785921096801758 0.027008060878104125 -0.17475130915620762 0.984242116857329 0.9449980896685244 -0.3165932659903586 -0.08214203827759335 0 0 0 0 0 0
-90.92554473876953 23.85679817199707 -4.650666236877441 -0.16925777362520095 -0.6882462816646102 0.7054564918138314 0.9449981154414683 -0.31659372499857974 -0.08213997262963597 0 0 0 0 0 0
-90.47804260253906 23.884613037109375 -4.354601860046387 -0.3012100829098337 -0.9402658405955766 0.15865886348560818 0.9449985554755409 -0.3165887369207539 -0.08215413443073194 0 0 0 0 0 0
-90.09920501708984 23.698097229003906 -4.022371768951416 -0.3187372385690063 -0.8350616196576691 -0.4484179569599269 0.9449987995770247 -0.3165920124814222 -0.08213870239384899 0 0 0 0 0 0
-89.79302215576172 23.32122802734375 -3.7923583984375 -0.2151676004416501 -0.4126064282026412 -0.8851321026412051 0.9450005445772084 -0.3165854209221398 -0.08214403209199786 0 0 0 0 0 0
-89.53588104248047 22.850305557250977 -3.764111280441284 -0.029869089580663075 0.16660695880401785 -0.9855708796254579 0.9450068413666292 -0.31656411967975495 -0.08215368465046818 0 0 0 0 0 0
-89.28555297851562 22.417360305786133 -3.9605250358581543 0.16679755114923342 0.6825252796254052 -0.7115741841880447 0.9450010246946937 -0.3165836533442661 -0.08214532099381136 0 0 0 0 0 0
-88.99720001220703 22.139997482299805 -4.3191423416137695 0.3001014351746125 0.9391330519746267 -0.16723707512080213 0.9449927351223762 -0.31660461386176453 -0.08215989926584435 0 0 0 0 0 0
-88.64043426513672 22.076711654663086 -4.71588134765625 0.3193660953086649 0.8389558877925991 0.4406339926803523 0.9449980354044324 -0.31659594361235177 -0.08213234180253143 0 0 0 0 0 0
-88.21087646484375 22.20466423034668 -5.01217794418335 0.2173043790400973 0.42004137288824567 0.881103882588288 0.9449961043117345 -0.31660209382555254 -0.08213085303904907 0 0 0 0 0 0
-87.73178100585938 22.42836570739746 -5.107626914978027 0.03269197792352744 -0.15844832765765654 0.9868259025998148 0.9449973264240412 -0.3165960552491675 -0.08214006849327715 0 0 0 0 0 0
-87.24523162841797 22.615949630737305 -4.9781293869018555 -0.16435565658530096 -0.6767487687382162 0.7176338357127003 0.9449939193741953 -0.3166058516500047 -0.08214150623632442 0 0 0 0 0 0
-86.79615020751953 22.649267196655273 -4.685046195983887 -0.2989386325642796 -0.9379383178937313 0.17580502207638019 0.9450025106581078 -0.31658388443991753 -0.08212733383475754 0 0 0 0 0 0
-86.41520690917969 22.468782424926758 -4.351888656616211 -0.31997625393481394 -0.8427843794961357 -0.4328159962329917 0.9449981459148308 -0.3165872071425318 -0.08216473995105131 0 0 0 0 0 0
-86.10720825195312 22.09618377685547 -4.117391586303711 -0.21942208142306233 -0.4274477186832005 -0.8770076384938152 0.9449991731733395 -0.3165938233181671 -0.08212742379065631 0 0 0 0 0 0
-85.8492202758789 21.626148223876953 -4.082807540893555 -0.03553389643184625 0.15028473078938517 -0.9880039685628459 0.945000829609484 -0.31658488369133 -0.0821428235181529 0 0 0 0 0 0
-85.59933471679688 21.190370559692383 -4.273438930511475 0.16187629979825918 0.6709226172532833 -0.7236428022316179 0.944995008056695 -0.3166018965469631 -0.08214422591267855 0 0 0 0 0 0
-85.31255340576172 20.907529830932617 -4.629025459289551 0.2977751377091817 0.9366651233927057 -0.18435946946659768 0.9449981490340191 -0.3165924282717761 -0.08214458401658856 0 0 0 0 0 0
-84.95789337158203 20.83820343017578 -5.026636600494385 0.32054898144276156 0.8465527701481714 0.4249667726428329 0.9449999326012245 -0.3165841254661002 -0.08215606421041494 0 0 0 0 0 0
-84.53015899658203 20.96184730529785 -5.327376365661621 0.22153836610480965 0.43482268761798293 0.8728401816348084 0.944999296313412 -0.31659090692491737 -0.08213724867327056 0 0 0 0 0 0
-84.05193328857422 21.184608459472656 -5.429152488708496 0.038375817775556785 -0.14210687392484384 0.9891071392894532 0.945001844913817 -0.3165804309435116 -0.08214830401842026 0 0 0 0 0 0
-83.56495666503906 21.374977111816406 -5.305461406707764 -0.1593782789344687 -0.6650457324973179 0.7295976548009132 0.9450022654619608 -0.3165815958172704 -0.08213897650660347 0 0 0 0 0 0
-83.11431121826172 21.41374969482422 -5.015458583831787 -0.29657360342952044 -0.9353255106422808 0.19289968089809345 0.9450023792529431 -0.31658174349047563 -0.08213709816403168 0 0 0 0 0 0
-82.73126983642578 21.23931312561035 -4.681484699249268 -0.32110285259201116 -0.8502549858707172 -0.41708442437863785 0.9449997716827007 -0.31658662933981935 -0.08214826621965605 0 0 0 0 0 0
-82.42143249511719 20.871061325073242 -4.44258451461792 -0.22361808623649124 -0.442162613027494 -0.8686122121802269 0.9449963767899602 -0.31660500670003056 -0.08211648790785907 0 0 0 0 0 0
-82.16255950927734 20.402019500732422 -4.401684284210205 -0.041198720784526556 0.13391968440201715 -0.9901354369657631 0.9450044096866603 -0.31657521755960716 -0.08213889030084452 0 0 0 0 0 0
-81.9130859375 19.963504791259766 -4.586485385894775 0.15687967482329787 0.6591187480790272 -0.7354938773083513 0.9450023971334203 -0.31658113896040696 -0.08213922246175313 0 0 0 0 0 0
-81.62785339355469 19.675233840942383 -4.938941955566406 0.29537146658062136 0.9339077002961965 -0.20142518228236161 0.9449950950449366 -0.3165980093080871 -0.08215820618275319 0 0 0 0 0 0
-81.27528381347656 19.599849700927734 -5.337313652038574 0.3216363965089127 0.8538918945092366 0.4091682550396454 0.9449981818880554 -0.31659339614126 -0.0821404756987269 0 0 0 0 0 0
-80.84940338134766 19.71910858154297 -5.6424150466918945 0.2256968076213685 0.4494719594185291 0.8643123907048834 0.9450007029020617 -0.31658859866637645 -0.08212996231016664 0 0 0 0 0 0
-80.3720703125 19.940824508666992 -5.750496864318848 0.04402166207339501 -0.12571350724685723 0.9910894043243476 0.9449916472475485 -0.31661440447437755 -0.08213467910511668 0 0 0 0 0 0
-79.88470458984375 20.13388442993164 -5.632659912109375 -0.15438040010428508 -0.6531412442514315 0.7413320491664535 0.9449952600032874 -0.31660103861620836 -0.08214463414282008 0 0 0 0 0 0
-79.43252563476562 20.17806053161621 -5.3458356857299805 -0.29413143219664345 -0.9324239150745809 0.20993414012718895 0.9449996278500532 -0.31659077655305146 -0.0821339367423534 0 0 0 0 0 0
-79.04739379882812 20.009689331054688 -5.011157035827637 -0.3221321863772399 -0.8574678530863401 -0.4012228002286534 0.9450011361559255 -0.3165881302464951 -0.08212678278758016 0 0 0 0 0 0
-78.7356948852539 19.645858764648438 -4.767936706542969 -0.2277569158519337 -0.4567393054366776 -0.8599511580030789 0.9449972709041591 -0.3165992723983875 -0.08212830632920162 0 0 0 0 0 0
-78.47591400146484 19.177915573120117 -4.720742225646973 -0.04684453129551309 0.11750710349300988 -0.9919665672372162 0.9449927090254912 -0.31661200820202906 -0.08213170003684094 0 0 0 0 0 0
-78.22681427001953 18.736757278442383 -4.8996663093566895 0.1518626091774733 0.6471136238217439 -0.7471155906538831 0.9449939046011184 -0.31660545665579837 -0.08214319863814588 0 0 0 0 0 0
-77.94309997558594 18.4431095123291 -5.248895645141602 0.2928734546937786 0.9308674243724419 -0.21842842712876812 0.9449972121711717 -0.3165947334212541 -0.08214647745727717 0 0 0 0 0 0
-77.59262084960938 18.361652374267578 -5.647916316986084 0.3226101163763552 0.8609755232765508 0.39324783677765346 0.9450020046130567 -0.3165876328091827 -0.08211870694051783 0 0 0 0 0 0
-77.16860961914062 18.47645378112793 -5.957296371459961 0.2298157196811551 0.4639754123191849 0.8555182942232592 0.9450007651156559 -0.31658025726061884 -0.08216139387586743 0 0 0 0 0 0
-76.69220733642578 18.697019577026367 -6.071660041809082 0.04968646069763285 -0.10929114003740355 0.9927671944281131 0.9450053079456522 -0.31657056764537256 -0.08214647682785822 0 0 0 0 0 0
-76.20448303222656 18.892671585083008 -5.959722995758057 -0.14930747828202853 -0.6410370095440888 0.75284714871203 0.945006715317732 -0.3165690633072741 -0.08213608318605403 0 0 0 0 0 0
-75.75079345703125 18.94219970703125 -5.676174163818359 -0.29159500422859846 -0.9292397312279623 0.22690499204801107 0.9449957667438852 -0.3165985357204741 -0.08214845108575149 0 0 0 0 0 0
-75.36357116699219 18.779909133911133 -5.340902328491211 -0.3230844748441324 -0.8644116636787763 -0.3852387542950232 0.944997614813436 -0.31659206422882247 -0.08215213243884983 0 0 0 0 0 0
-75.05000305175781 18.420574188232422 -5.093446254730225 -0.23181949895032172 -0.4711825730063578 -0.8510268519861932 0.944996249128721 -0.3166031528806132 -0.0821251040711872 0 0 0 0 0 0
-74.78926849365234 17.953832626342773 -5.039981365203857 -0.05250929610445613 0.10106084468196905 -0.9934935729509183 0.9450037330618984 -0.31657454407144625 -0.08214926989957011 0 0 0 0 0 0
-74.54051208496094 17.510129928588867 -5.21298360824585 0.14678939597485577 0.634908006563541 -0.7585147964481955 0.9449894218442229 -0.3166181123851033 -0.08214598902086281 0 0 0 0 0 0
-74.25829315185547 17.211153030395508 -5.558889389038086 0.2902961066754113 0.9275408831571564 -0.23536371963652486 0.9449921725047056 -0.3166061444707166 -0.08216047217625262 0 0 0 0 0 0
-73.90989685058594 17.123611450195312 -5.958446979522705 0.3235053299811506 0.8677909836970051 0.37720433466222375 0.9450001515608413 -0.31659254949440013 -0.0821210761901174 0 0 0 0 0 0
-73.48776245117188 17.233882904052734 -6.2720208168029785 0.2338225651249636 0.47834538794101983 0.846470730665826 0.9449945804537784 -0.31660938318062143 -0.08212028613548408 0 0 0 0 0 0
-73.0123291015625 17.45319175720215 -6.392642021179199 0.05531318068905586 -0.09282600762705606 0.9941447501999301 0.9449964218718782 -0.31659869445383043 -0.08214030265026837 0 0 0 0 0 0
-72.52428436279297 17.651342391967773 -6.286648273468018 -0.14421452964593373 -0.6287379652491151 0.7641274373384355 0.945002240067443 -0.3165818907497042 -0.08213813192943648 0 0 0 0 0 0
-72.0691146850586 17.7061710357666 -6.006471157073975 -0.288963298193283 -0.9257745112364306 0.24380682238651086 0.9449951026451365 -0.3165986763199019 -0.08215554837741755 0 0 0 0 0 0
-71.67981719970703 17.549968719482422 -5.670718193054199 -0.32390805374619713 -0.8711013289727768 -0.36914231318044904 0.9450017065552891 -0.31658944369607145 -0.08211515540875182 0 0 0 0 0 0
-71.36434936523438 17.195201873779297 -5.4191107749938965 -0.2358239892442531 -0.48547622114477307 -0.8418431473854959 0.944999092849626 -0.31658820734573234 -0.08214999381010182 0 0 0 0 0 0
-71.1026382446289 16.729768753051758 -5.359401702880859 -0.05813595643164165 0.08458609999515185 -0.9947187553562002 0.9450009053170432 -0.3165825684817585 -0.08215087512291996 0 0 0 0 0 0
-70.85417938232422 16.28361701965332 -5.526439189910889 0.14165842244446697 0.622514094134496 -0.7696811638298372 0.9449978631477612 -0.31659558458516857 -0.08213570762670984 0 0 0 0 0 0
-70.57342529296875 15.979368209838867 -5.868926048278809 0.2876087452440477 0.9239376104759544 -0.25223104806333446 0.9449995070720056 -0.31658923464387534 -0.08214126941599949 0 0 0 0 0 0
-70.22711944580078 15.885730743408203 -6.268908500671387 0.32430567362892326 0.8743407227198179 0.36104588440512236 0.9449981194387974 -0.31659143769027187 -0.08214874215922685 0 0 0 0 0 0
-69.806884765625 15.991398811340332 -6.586590766906738 0.2377888284193272 0.49256972570189883 0.8371568182849136 0.9450012294677834 -0.3165819456156808 -0.08214954664858631 0 0 0 0 0 0
-69.33244323730469 16.209348678588867 -6.713442325592041 0.06092081752645389 -0.07633698871172513 0.9952192311979982 0.9449947122940395 -0.31660614298329387 -0.08213126056227271 0 0 0 0 0 0
-68.8441162109375 16.409896850585938 -6.613434314727783 -0.13908354762390326 -0.6162438755047573 0.7751769170216736 0.9449938083540387 -0.316606368829477 -0.08214079004455523 0 0 0 0 0 0
-68.38748931884766 16.469972610473633 -6.336723804473877 -0.28623652831945867 -0.9220289502471428 0.2606362690835172 0.94499996848983 -0.3165875118919978 -0.08214260081257715 0 0 0 0 0 0
-67.9961166381836 16.31987190246582 -6.000601768493652 -0.32465074092747015 -0.8775211680004319 -0.35292845751852137 0.945001633585565 -0.3165884696106162 -0.08211975054894861 0 0 0 0 0 0
-67.67874145507812 15.96973991394043 -5.744929313659668 -0.23973490498187075 -0.4996233539192248 -0.8324083610535385 0.9450009555013856 -0.31658438697704017 -0.08214328958497012 0 0 0 0 0 0
-67.416015625 15.505719184875488 -5.679004192352295 -0.06374353632222986 0.06808513490252537 -0.9956410879340213 0.9450038418446743 -0.3165740409306864 -0.08214995744138702 0 0 0 0 0 0
-67.1678237915039 15.057218551635742 -5.840035915374756 0.1364896818152702 0.609928728881845 -0.7806135487182777 0.9449968848024786 -0.31659741237556693 -0.08213991837533383 0 0 0 0 0 0
-66.88851165771484 14.747751235961914 -6.179008483886719 0.28484403483038373 0.9200496657367898 -0.26902135305430364 0.9450014856187751 -0.3165850690809659 -0.08213456162486198 0 0 0 0 0 0
-66.54428100585938 14.648008346557617 -6.579304218292236 0.32500976002861637 0.8806233861021847 0.34477689559491076 0.9449949550894974 -0.31659317157386363 -0.08217845562068796 0 0 0 0 0 0
-66.1259536743164 14.749005317687988 -6.901007652282715 0.24166160548075638 0.5066429836845522 0.8275944390338048 0.944997434637736 -0.3165994859746318 -0.08212559898531673 0 0 0 0 0 0
-65.65254974365234 14.96549129486084 -7.034060955047607 0.06652835379475691 -0.059826404163268176 0.9959893470847231 0.9450024343583434 -0.3165811380723757 -0.08213879761479488 0 0 0 0 0 0
-65.16397094726562 15.168339729309082 -6.940078258514404 -0.1338956143209892 -0.6035649990707924 0.7859906210396401 0.944991579243597 -0.31661180557269064 -0.08214547906423873 0 0 0 0 0 0
-64.70591735839844 15.23360538482666 -6.666928768157959 -0.28343218488642813 -0.9180003210978771 0.27738350173487303 0.9449999161780377 -0.3165880768299585 -0.08214102527123773 0 0 0 0 0 0
-64.31246948242188 15.08961296081543 -6.330549716949463 -0.3252989372180098 -0.8836715588728283 -0.33660834434710407 0.945000235792532 -0.31658910097948967 -0.08213340059353237 0 0 0 0 0 0
-63.99317932128906 14.74418830871582 -6.0709004402160645 -0.2435872528680705 -0.5136198683625274 -0.8227149452048668 0.9449981642227251 -0.3165924612870401 -0.08214428204016237 0 0 0 0 0 0
-63.729408264160156 14.281682968139648 -5.998788833618164 -0.06932259955494546 0.05156279614028084 -0.9962608369524221 0.9449992850576033 -0.31658991339401066 -0.08214120755011736 0 0 0 0 0 0
-63.481441497802734 13.830931663513184 -6.153774261474609 0.13127336759951683 0.5971555396987466 -0.7913106623609851 0.9449995653521704 -0.316588958197084 -0.08214166440908206 0 0 0 0 0 0
-63.203548431396484 13.516302108764648 -6.489138603210449 0.28200132811634526 0.9158796600713376 -0.285726616205471 0.9449985908157135 -0.31659229636861624 -0.08214000996081193 0 0 0 0 0 0
-62.86137390136719 13.41044807434082 -6.889634609222412 0.3255848581742165 0.8866465331500929 0.3284089301170062 0.9449995699318845 -0.31659156930187243 -0.0821315473830316 0 0 0 0 0 0
-62.444984436035156 13.506704330444336 -7.215270042419434 0.24547589457259267 0.5205610076251487 0.8177761445065975 0.9449993412997829 -0.31659082412698186 -0.0821370502366314 0 0 0 0 0 0
-61.97263717651367 13.721622467041016 -7.354493141174316 0.07210736107103427 -0.043294457402754644 0.9964567820219663 0.9449997498127928 -0.31658909172488936 -0.08213902759692776 0 0 0 0 0 0
-61.48385238647461 13.926671981811523 -7.266574382781982 -0.12866016679875056 -0.590700941474406 0.7965669835114736 0.9449997469739576 -0.31659007888568175 -0.08213525534333146 0 0 0 0 0 0
-61.02439498901367 13.997071266174316 -6.997077465057373 -0.28054234476440704 -0.9136914265906084 0.2940475637867239 0.9449998970947108 -0.31658910675681295 -0.0821372751794783 0 0 0 0 0 0
-60.62888717651367 13.859193801879883 -6.660552501678467 -0.3258507516759612 -0.8895521434881409 -0.3201847461199006 0.9449978835727015 -0.31659133373908305 -0.08215185600108675 0 0 0 0 0 0
-60.307655334472656 13.518543243408203 -6.397014141082764 -0.24735450677641987 -0.5274605736753257 -0.8127737023277084 0.9449994962612797 -0.3165895493149199 -0.08214018097437843 0 0 0 0 0 0
-60.042808532714844 13.057657241821289 -6.318747043609619 -0.0748920331201824 0.03502368415049916 -0.9965764019500218 0.9450025787791455 -0.31657982984009475 -0.08214217819842488 0 0 0 0 0 0
-59.79503631591797 12.604755401611328 -6.467649936676025 0.12602808640361846 0.5842019309052485 -0.8017636967112075 0.9449965408111057 -0.3165972119564123 -0.08214464825215764 0 0 0 0 0 0
-59.518531799316406 12.285022735595703 -6.799314498901367 0.27906452335512544 0.9114324389758396 -0.30234731847186797 0.9449994932359925 -0.316589896991854 -0.08213887573131802 0 0 0 0 0 0
-59.17841339111328 12.173050880432129 -7.199899196624756 0.3260805097997572 0.8923941022499395 0.3119363194600063 0.9449993221352212 -0.31658927995570896 -0.08214322236860747 0 0 0 0 0 0
-58.76396942138672 12.26449966430664 -7.5293779373168945 0.2492138069155673 0.5343214782800274 0.8077085094830291 0.9449995260906516 -0.3165890500546189 -0.0821417620577869 0 0 0 0 0 0
-58.2927131652832 12.477747917175293 -7.674739360809326 0.07766721604161415 -0.026750557588006842 0.9966203947446973 0.9449988914203028 -0.3165908767585956 -0.08214202315272305 0 0 0 0 0 0
-57.80375671386719 12.684898376464844 -7.592920780181885 -0.12338644428278242 -0.5776598935768045 0.8068982790414704 0.9450026453054701 -0.31658113423086337 -0.08213638544983558 0 0 0 0 0 0
-57.342926025390625 12.760370254516602 -7.327169895172119 -0.2775580505364429 -0.9091065662610714 0.3106232118876717 0.9450038936372595 -0.3165794521855692 -0.0821285057961266 0 0 0 0 0 0
-56.94536590576172 12.628612518310547 -6.990612506866455 -0.32628147820867914 -0.8951688233144615 -0.3036662225927698 0.9450019654357484 -0.3165860174432786 -0.08212538512528549 0 0 0 0 0 0
-56.6221809387207 12.292801856994629 -6.723275661468506 -0.25105474892387564 -0.5411386169349673 -0.8025836469206687 0.9449993263638556 -0.3165888428267332 -0.08214485844828816 0 0 0 0 0 0
-56.356224060058594 11.833638191223145 -6.638887882232666 -0.08044239288651853 0.01847504749489129 -0.9965880262409099 0.9450039818606076 -0.31657428885070193 -0.08214739135401117 0 0 0 0 0 0
-56.108604431152344 11.37868595123291 -6.78167200088501 0.12073534137485419 0.5710705352976022 -0.8119737810163624 0.9450039273323902 -0.3165773048537967 -0.08213639496511266 0 0 0 0 0 0
-55.83346176147461 11.053909301757812 -7.109545707702637 0.2760416346235487 0.9067078394138501 -0.3188760102294105 0.94500070141285 -0.31658647031695486 -0.0821381832126431 0 0 0 0 0 0
-55.495391845703125 10.935816764831543 -7.510107040405273 0.32647175390822086 0.8978712331033836 0.2953700097597914 0.94500027245597 -0.31658897144811393 -0.08213347804378077 0 0 0 0 0 0
-55.08290481567383 11.022393226623535 -7.843338489532471 0.25286721007462304 0.5479178969345592 0.7973983648640661 0.9449990875880953 -0.31659271389631216 -0.0821326851225218 0 0 0 0 0 0
-54.61277389526367 11.233867645263672 -7.994803428649902 0.08318904655410997 -0.01019716703289947 0.9964816106270707 0.9449950615333285 -0.31660525053746047 -0.08213068251106188 0 0 0 0 0 0
-54.123680114746094 11.443017959594727 -7.9191203117370605 -0.11808403151444986 -0.5644396679216889 0.816984713919268 0.9449983012767404 -0.31659278447808603 -0.08214145969294222 0 0 0 0 0 0
-53.661502838134766 11.523504257202148 -7.657205581665039 -0.274505602423555 -0.904240566015599 0.3271019306116528 0.9449984802782908 -0.3165924588025889 -0.0821406555918074 0 0 0 0 0 0
-53.261898040771484 11.397868156433105 -7.320727825164795 -0.3266417606031658 -0.900503583689642 -0.28705131247248444 0.9449971250452792 -0.31659332006750057 -0.08215292657473688 0 0 0 0 0 0
-52.93675231933594 11.066962242126465 -7.049684047698975 -0.2546693624554888 -0.554654975025113 -0.7921498434680183 0.9450003837583072 -0.3165873746493198 -0.08213835224365956 0 0 0 0 0 0
-52.669654846191406 10.60962200164795 -6.959210395812988 -0.0859546317156377 0.0019216529779985574 -0.9962971989002385 0.9450000336651008 -0.3165880831962034 -0.08213964908077212 0 0 0 0 0 0
-52.42215347290039 10.15272045135498 -7.0958428382873535 0.11541365283544863 0.557765898176669 -0.8219348463049563 0.9450020850749108 -0.3165822177863122 -0.08213865463696948 0 0 0 0 0 0
-52.14834213256836 9.822961807250977 -7.419835567474365 0.2729415234683504 0.9017060010508431 -0.33530465614970645 0.9449985514617719 -0.3165914989331613 -0.0821435361937099 0 0 0 0 0 0
-51.812313079833984 9.698746681213379 -7.820260524749756 0.3267674583580863 0.9030737129862427 0.2787129295017326 0.9450001140128795 -0.3165893387546626 -0.08213388522729301 0 0 0 0 0 0
-51.401798248291016 9.780386924743652 -8.157153129577637 0.25645270385572017 0.5613473217062762 0.7868425478444088 0.9449993188509249 -0.3165903830238674 -0.08213900868703602 0 0 0 0 0 0
-50.932823181152344 9.989986419677734 -8.314684867858887 0.08870137761162014 0.006356248594575295 0.9960379830677165 0.9449993811992062 -0.3165910191909154 -0.08213583931984328 0 0 0 0 0 0
-50.44363021850586 10.201035499572754 -8.245170593261719 -0.11274324635218864 -0.5510490674091165 0.8268215561471004 0.9450015207903693 -0.31658478113447636 -0.08213526683420044 0 0 0 0 0 0
-49.980133056640625 10.28647232055664 -7.987181663513184 -0.27135831397494703 -0.8991021046373642 0.3434822715560966 0.9449991858240262 -0.31659043927998926 -0.08214032230537623 0 0 0 0 0 0
-49.578495025634766 10.166958808898926 -7.650895595550537 -0.3268813003789122 -0.9055706838248334 -0.27035227400488954 0.9449989251192495 -0.31659173569183924 -0.08213832488608236 0 0 0 0 0 0
-49.25136947631836 9.841020584106445 -7.376236915588379 -0.2582167971847672 -0.5679987525309333 -0.7814739296834825 0.944999972125989 -0.31658698569141064 -0.08214458699577819 0 0 0 0 0 0
-48.98310089111328 9.38560676574707 -7.279715061187744 -0.09144779284594202 -0.014634126407560542 -0.9957023368094972 0.9450008981136345 -0.3165858550336974 -0.08213829166111883 0 0 0 0 0 0
-48.735679626464844 8.926856994628906 -7.410163879394531 0.1100540878284711 0.5442908972820045 -0.8316462690881222 0.9450038017196958 -0.31657757538448145 -0.0821367974722968 0 0 0 0 0 0
-48.463172912597656 8.592178344726562 -7.7301859855651855 0.26975608361343784 0.8964292395338374 -0.35163372116781705 0.9449981363654721 -0.3165929361472926 -0.08214277233829362 0 0 0 0 0 0
-48.129173278808594 8.461841583251953 -8.130363464355469 0.3269669564597091 0.9079996835276724 0.26197172385034545 0.9449988970537981 -0.3165896285006479 -0.08214676921782706 0 0 0 0 0 0
-47.72064208984375 8.538482666015625 -8.470824241638184 0.2599526037937578 0.5746079787138269 0.7760478816279677 0.944998765980774 -0.3165941941770096 -0.0821306794579476 0 0 0 0 0 0
-47.25285339355469 8.746106147766113 -8.634385108947754 0.09418495165197306 0.02290965979201623 0.9952910842414543 0.9449995418806486 -0.31658983519136186 -0.08213855427794457 0 0 0 0 0 0
-46.76359558105469 8.958951950073242 -8.57106876373291 -0.10737417997807702 -0.5374907881307772 0.836405666018943 0.9449950755395662 -0.3166026183975164 -0.0821406673323647 0 0 0 0 0 0
-46.29881286621094 9.049276351928711 -8.317094802856445 -0.2681342589021032 -0.8936878800427093 0.35975824141746654 0.9449979561269517 -0.31659440174499903 -0.08213919709621105 0 0 0 0 0 0
-45.89514923095703 8.935884475708008 -7.981112957000732 -0.32702462527246134 -0.9103612736699114 -0.2535690159848064 0.9449997926367286 -0.3165895869491707 -0.08213662612923324 0 0 0 0 0 0
-45.56603240966797 8.614974975585938 -7.702932834625244 -0.2616791164079043 -0.5811700628265494 -0.7705617419195967 0.9449989995221877 -0.31659137016971206 -0.08213887773842914 0 0 0 0 0 0
-45.296566009521484 8.161588668823242 -7.600401878356934 -0.09691241629821243 -0.031185160528946532 -0.9948042366868096 0.9449985167810097 -0.3165936029491982 -0.0821358256386179 0 0 0 0 0 0
-45.049190521240234 7.7010931968688965 -7.724636554718018 0.10467522404214587 0.5306490741771234 -0.8411032383403884 0.9449952576917684 -0.31660254488136225 -0.08213885508523712 0 0 0 0 0 0
-44.7779541015625 7.3615593910217285 -8.040600776672363 0.2664847891767859 0.890880594229014 -0.3678554389479145 0.9450000966923456 -0.3165886123992417 -0.08213688422737045 0 0 0 0 0 0
-44.44597244262695 7.225102424621582 -8.440418243408203 0.3270626765969084 0.912651018325548 0.24514918789709808 0.9449989485194478 -0.3165905603840289 -0.08214258562319812 0 0 0 0 0 0
-44.0394401550293 7.2966837882995605 -8.784353256225586 0.263385448940813 0.5876903462360613 0.7650151385607901 0.9449986914579459 -0.3165909396467527 -0.08214408120100004 0 0 0 0 0 0
-43.57286834716797 7.502229690551758 -8.953903198242188 0.0996398622778133 0.039457070749585356 0.994240935293413 0.9449995752550223 -0.31658909988767714 -0.08214100437746069 0 0 0 0 0 0
-43.08358383178711 7.716769695281982 -8.896815299987793 -0.1019572826911406 -0.5237684657506753 0.845737138117644 0.9449989152050935 -0.3165907530365444 -0.08214222636957363 0 0 0 0 0 0
-42.6175422668457 7.811916351318359 -8.646942138671875 -0.26481651678606455 -0.8880050829738408 0.3759244406126291 0.9450005262998576 -0.3165864107626433 -0.08214042739978232 0 0 0 0 0 0
-42.21186447143555 7.7046427726745605 -8.311376571655273 -0.3270721780881318 -0.9148729813459108 -0.23670914288199782 0.9449993369102392 -0.3165898572036517 -0.08214082757666898 0 0 0 0 0 0
-41.88074493408203 7.388823986053467 -8.029769897460938 -0.26506453733187796 -0.5941671848715848 -0.7594117114390675 0.9449987952739191 -0.3165920324211028 -0.08213867504603026 0 0 0 0 0 0
-41.61004638671875 6.937564849853516 -7.921270370483398 -0.10234841052485547 -0.04772547772272862 -0.9936030805302353 0.9449991421840362 -0.3165919321233624 -0.08213507037698389 0 0 0 0 0 0
-41.36267852783203 6.47542667388916 -8.039263725280762 0.09924889326289772 0.5168462172197615 -0.8503056185464806 0.9449975387593793 -0.31659620569971836 -0.08213704569350733 0 0 0 0 0 0
-41.09268569946289 6.131103515625 -8.351083755493164 0.26313775759945646 0.885059632446251 -0.3839634976656464 0.9449977446461371 -0.31659400013647854 -0.08214317799609332 0 0 0 0 0 0
-40.76271438598633 5.988530158996582 -8.750428199768066 0.3270620750667014 0.9170231215100978 0.22825203979141073 0.9449978888636171 -0.31659354366911285 -0.08214327818111761 0 0 0 0 0 0
-40.35818862915039 6.054992198944092 -9.097742080688477 0.26672388325926055 0.6005972302811735 0.7537515088394074 0.9449987056342387 -0.3165935514632591 -0.08213385125205172 0 0 0 0 0 0
-39.89286422729492 6.258360385894775 -9.273239135742188 0.10505669279679969 0.05599137395575623 0.992888743687401 0.9450005699126449 -0.31658728087733184 -0.08213657194863964 0 0 0 0 0 0
-39.40359115600586 6.474492073059082 -9.222406387329102 -0.09652138827749034 -0.5098867982363561 0.8548093790952831 0.9449995781658441 -0.31658987291367 -0.08213799142226033 0 0 0 0 0 0
-38.936317443847656 6.574394702911377 -8.976720809936523 -0.2614305292818161 -0.8820478947218665 0.3919765168682334 0.9449993691370103 -0.31659044159806676 -0.08213820438379221 0 0 0 0 0 0
-38.52864074707031 6.4732346534729 -8.641683578491211 -0.3270149855702185 -0.9191073743059025 -0.21977905657505017 0.9450007029312114 -0.31658901610501183 -0.08212835284587823 0 0 0 0 0 0
-38.19550323486328 6.162563800811768 -8.356744766235352 -0.2683730068938339 -0.606979232552802 -0.7480321787332238 0.9449995903402016 -0.3165867324887006 -0.08214995477161964 0 0 0 0 0 0
-37.923545837402344 5.713531970977783 -8.242321014404297 -0.1077557859562105 -0.06425149738326218 -0.9920990049773099 0.94499633503273 -0.31660013632152867 -0.08213574408196364 0 0 0 0 0 0
-37.6761474609375 5.24985408782959 -8.354044914245605 0.09379364790661679 0.5028855866383084 -0.8592489967197017 0.9449966754762391 -0.31659823070714616 -0.08213917245724221 0 0 0 0 0 0
-37.407371520996094 4.900809288024902 -8.661635398864746 0.25970470685278835 0.8789698269402128 -0.39995688338519625 0.9449995679134503 -0.3165897044341159 -0.08213875875438842 0 0 0 0 0 0
-37.07939529418945 4.752125263214111 -9.060396194458008 0.3269573444253669 0.921117250262647 0.21128631331653258 0.9449983218057572 -0.3165904477636308 -0.08215022927007848 0 0 0 0 0 0
-36.67688751220703 4.813410758972168 -9.410993576049805 0.26998583716402774 0.6133189393802823 0.7422583959298035 0.9449996798613217 -0.3165902202446543 -0.0821354826335187 0 0 0 0 0 0
-36.21284103393555 5.014501571655273 -9.59239387512207 0.11045459062348197 0.07250907091470915 0.9912326760379144 0.945000069855667 -0.3165867500002351 -0.0821443710614023 0 0 0 0 0 0
-35.72361373901367 5.232120990753174 -9.547842025756836 -0.09105668760354581 -0.4958479144234352 0.8636223279910032 0.9449965167077895 -0.3165988794093203 -0.08213849868914802 0 0 0 0 0 0
-35.25514221191406 5.336711883544922 -9.306427001953125 -0.2579595099321566 -0.8758251790713418 0.4079058064556251 0.9449985614602782 -0.31659122850627025 -0.08214446342204497 0 0 0 0 0 0
-34.84547424316406 5.2416582107543945 -8.972030639648438 -0.3268625452369236 -0.9230607718872522 -0.2027799001976048 0.9450004774682584 -0.31658798723359616 -0.0821349129429394 0 0 0 0 0 0
-34.51031494140625 4.936192989349365 -8.683856964111328 -0.27158728584541925 -0.6196091597668822 -0.73642707398635 0.9449986309383791 -0.3165939461210264 -0.08213318941880965 0 0 0 0 0 0
-34.237064361572266 4.489487648010254 -8.563551902770996 -0.11312488040102724 -0.08075835675652915 -0.9902933147548953 0.9449977242358926 -0.3165969253048824 -0.08213213790276602 0 0 0 0 0 0
-33.989601135253906 4.024373531341553 -8.668984413146973 0.08831024785002643 0.4887736184089213 -0.8679295190694445 0.9449959086687659 -0.31659995974843075 -0.08214132995383856 0 0 0 0 0 0
-33.722007751464844 3.670675277709961 -8.972261428833008 0.256195228849767 0.8726125461492584 -0.4158261043002518 0.9449998568148492 -0.31658904369878704 -0.0821379816516233 0 0 0 0 0 0
-33.39601516723633 3.5158891677856445 -9.370326042175293 0.32674832473094395 0.9249323870213538 0.1942565615996083 0.9450006058991495 -0.31658755233335284 -0.08213511160165825 0 0 0 0 0 0
-32.995540618896484 3.5719408988952637 -9.724109649658203 0.2731703256668657 0.6258532051058127 0.730537979049577 0.9449993294455306 -0.31658988422345224 -0.08214080931473007 0 0 0 0 0 0
-32.53279495239258 3.770656108856201 -9.911367416381836 0.115804554369516 0.08900335312587107 0.9892763558882975 0.9449990410932587 -0.31659139089588795 -0.08213831958001674 0 0 0 0 0 0
-32.04365539550781 3.9896597862243652 -9.873119354248047 -0.08555416942242274 -0.48166122388163146 0.8721713991545974 0.9450010680395797 -0.31658549459801233 -0.08213772588881159 0 0 0 0 0 0
-31.57401466369629 4.0988688468933105 -9.636059761047363 -0.25441157417046867 -0.8693333230114624 0.4237149093788799 0.944998594899931 -0.31659160665637176 -0.08214262128696265 0 0 0 0 0 0
-31.162368774414062 4.009912967681885 -9.302414894104004 -0.3266100870033712 -0.9267331740504188 -0.18571880675388422 0.9450004409528902 -0.3165880342395764 -0.0821351518849517 0 0 0 0 0 0
-30.825172424316406 3.7097089290618896 -9.011103630065918 -0.2747295916275763 -0.6320497220347315 -0.7245942315254544 0.9450000380927586 -0.3165870716645123 -0.08214349675764991 0 0 0 0 0 0
-30.550601959228516 3.2654287815093994 -8.884964942932129 -0.11847038383913347 -0.09724155917212512 -0.9881846220837393 0.9449997859628043 -0.31658888762578924 -0.08213939835499043 0 0 0 0 0 0
-30.303037643432617 2.7989823818206787 -8.984082221984863 0.0827980772201558 0.47451180372330387 -0.8763464078410442 0.9449985350149451 -0.3165925417701175 -0.08213970608143223 0 0 0 0 0 0
-30.036598205566406 2.4407010078430176 -9.282962799072266 0.2526090696064329 0.865988102920075 -0.43157069357575933 0.9449990061689055 -0.31659123539739087 -0.08213932072603915 0 0 0 0 0 0
-29.712575912475586 2.2798218727111816 -9.680219650268555 0.3264476527985288 0.9284632156621542 0.1771665519916878 0.945000042438898 -0.3165892047852216 -0.08213522511043728 0 0 0 0 0 0
-29.31414222717285 2.3305857181549072 -10.037092208862305 0.27626959997815403 0.6381975340428757 0.7185951681367634 0.9449995542577062 -0.31658817862127936 -0.08214479660938938 0 0 0 0 0 0
-28.852731704711914 2.526826858520508 -10.230159759521484 0.12112625519451194 0.10547168091675496 0.987017808768995 0.9449992908558502 -0.3165904038045158 -0.08213925067124762 0 0 0 0 0 0
-28.363710403442383 2.747110366821289 -10.198237419128418 -0.08003228758215684 -0.4673256885484464 0.8804552991305619 0.9450002046492371 -0.3165879126354794 -0.0821383393185551 0 0 0 0 0 0
-27.892932891845703 2.8608667850494385 -9.965615272521973 -0.2507875849439569 -0.8625770415005073 0.4393932574746791 0.9449977173624091 -0.3165941080346786 -0.08214307601716994 0 0 0 0 0 0
-27.47932243347168 2.777998685836792 -9.632832527160645 -0.3262614288222007 -0.9301218760359254 -0.16860241926587624 0.9449991761709958 -0.31659048334634743 -0.08214026351714136 0 0 0 0 0 0
-27.14008331298828 2.48310923576355 -9.338482856750488 -0.27778154456896875 -0.644298330500516 -0.7125426827995119 0.9449996476691812 -0.31659040560920826 -0.08213513852986892 0 0 0 0 0 0
-26.864164352416992 2.041351795196533 -9.206557273864746 -0.12377243703877996 -0.11369360462311535 -0.9857759117047262 0.9449988849423399 -0.3165917569610764 -0.08213870513974011 0 0 0 0 0 0
-26.616458892822266 1.5736781358718872 -9.29934024810791 0.07726189961142768 0.460104196609814 -0.8844968779653613 0.9449992659712864 -0.31659041130614846 -0.08213950805023063 0 0 0 0 0 0
-26.35114097595215 1.2108851671218872 -9.593743324279785 0.24894245459133718 0.8591013906953773 -0.4471827979778611 0.9450003230890627 -0.3165878456659268 -0.08213723478529619 0 0 0 0 0 0
-26.029077529907227 1.043924331665039 -9.990081787109375 0.3260469277470981 0.9317111514137281 0.160024158294876 0.9449996832114438 -0.3165900598648952 -0.08213606226873303 0 0 0 0 0 0
-25.632692337036133 1.0893471240997314 -10.349943161010742 0.2792788991901964 0.6503487006406342 0.7064346141308131 0.9449999233071231 -0.316588709727131 -0.08213850389946213 0 0 0 0 0 0
-25.172643661499023 1.2830168008804321 -10.548772811889648 0.12640951786449625 0.12190757949958422 0.9844588238488282 0.9449989139973357 -0.3165917356280495 -0.08213845308913091 0 0 0 0 0 0
-24.683780670166016 1.5044753551483154 -10.523194313049316 -0.07448667870233322 -0.4528477498570336 0.8884709619032674 0.9449991574213275 -0.316590996899416 -0.08213849983543195 0 0 0 0 0 0
-24.211896896362305 1.6227072477340698 -10.295089721679688 -0.24708262058517352 -0.8555590981315555 0.45493824658857024 0.944999230094659 -0.31659028520239507 -0.0821404068407737 0 0 0 0 0 0
-23.796335220336914 1.5459142923355103 -9.963281631469727 -0.325808458005402 -0.9332291350611762 -0.15143391352372498 0.9449996086263737 -0.31658857876914953 -0.08214262893851576 0 0 0 0 0 0
-23.455041885375977 1.2563916444778442 -9.665992736816406 -0.2807566501760828 -0.6563488081458052 -0.700272765019093 0.944999834947811 -0.31658758535736553 -0.08214385397704994 0 0 0 0 0 0
-23.17774772644043 0.8172542452812195 -9.52833080291748 -0.12903693686165066 -0.13011190690908972 -0.9830668139072963 0.9449992702074275 -0.3165906702667964 -0.08213846119480193 0 0 0 0 0 0
-22.929866790771484 0.3484577536582947 -9.61475944519043 0.07170677511306699 0.44555755496643923 -0.8923769403201837 0.9449982765505185 -0.31659378066451405 -0.08213790453316609 0 0 0 0 0 0
-22.665639877319336 -0.018773861229419708 -9.904605865478516 0.2452039554472713 0.8519520226484228 -0.4626583743306433 0.9449987527785852 -0.31659149422437244 -0.08214123831363737 0 0 0 0 0 0
-22.34552001953125 -0.191802978515625 -10.299914360046387 0.3255458381239292 0.9346758994272922 0.14283161523266016 0.9449995889841477 -0.3165895469981746 -0.08213912314654263 0 0 0 0 0 0
-21.789886474609375 -0.3560028076171875 -10.459123611450195 0.3150174424854751 0.686873827729894 0.654956758656321 0.9041364164476791 -0.4270463524595821 0.012990508231608062 0 0 0 0 0 0
-21.34991455078125 -0.4395904541015625 -10.629953384399414 0.28068539602816667 0.257644626905985 0.9245728498517504 0.9180135760936787 -0.3532057650223351 -0.1802685820177285 0 0 0 0 0 0
-21.029449462890625 -0.4888153076171875 -10.759637832641602 0.31051147034102616 -0.05969907261470589 0.9486931261032717 0.9441539814611637 0.13512762670747386 -0.3005225179440608 0 0 0 0 0 0
-20.751129150390625 -0.087921142578125 -11.038726806640625 0.29968768412953994 -0.5654239885651784 0.7684289200284682 0.9371191780768022 0.023451811522661466 -0.3482207038890201 0 0 0 0 0 0
-20.423675537109375 0.230316162109375 -11.04098129272461 0.3021188047026013 -0.8890761339903445 0.3439009389545985 0.9371707482369804 0.21099290848924138 -0.27783624892405395 0 0 0 0 0 0
-20.057891845703125 0.4638671875 -10.898820877075195 0.3090673310282914 -0.9310929913278866 -0.1937607452275535 0.9300453365618426 0.33847761084631106 -0.1429985275985108 0 0 0 0 0 0
-19.733489990234375 0.542755126953125 -10.629302024841309 0.31876072237804426 -0.6640339749203705 -0.6763508571891368 0.9357802245229921 0.33392215923719337 0.1131872915219254 0 0 0 0 0 0
-19.40423583984375 0.4577178955078125 -10.374297142028809 0.3283665722382728 -0.15697356467942528 -0.931415425161255 0.9283866720210137 0.23528264015027764 0.28764607846737983 0 0 0 0 0 0
-19.072540283203125 0.2592620849609375 -10.216816902160645 0.33401455908669825 0.41851001915716834 -0.844561210441958 0.9179903882107022 0.058842020324286856 0.3922132886541719 0 0 0 0 0 0
-18.73974609375 0.0179290771484375 -10.185697555541992 0.3329435821263509 0.8380809463010919 -0.4321676741357923 0.9076430094387832 -0.1606027877107621 0.38780267146635383 0 0 0 0 0 0
-18.408172607421875 -0.207366943359375 -10.281331062316895 0.3255459489833534 0.9346762177162087 0.14282927968820125 0.9020029751465336 -0.3523000615432615 0.24955019427645478 0 0 0 0 0 0
-18.079193115234375 -0.35601806640625 -10.491430282592773 0.31493653029685087 0.6869019017751203 0.6549662275433017 0.9041562826493678 -0.42700203843958745 0.013064291565704052 0 0 0 0 0 0
-17.64056396484375 -0.450347900390625 -10.679448127746582 0.2772523171518657 0.2598954370880106 0.9249786561941595 0.9173709687913195 -0.3577685727726721 -0.17444814116258606 0 0 0 0 0 0
-17.32318115234375 -0.484893798828125 -10.798051834106445 0.314408918931255 -0.05931883874521979 0.9474324815343826 0.9411104409554935 0.15019433724751394 -0.30290724485118703 0 0 0 0 0 0
-17.038543701171875 -0.093414306640625 -11.075946807861328 0.2996079334247056 -0.5654556146109513 0.7684367469960873 0.9379725038570301 0.027279857027039184 -0.3456347659144814 0 0 0 0 0 0
-16.71405029296875 0.2282867431640625 -11.077670097351074 0.3021190524121463 -0.8890768629507442 0.34389883677507604 0.9371696994697518 0.21099152133920993 -0.27784083990432534 0 0 0 0 0 0
-16.3896484375 0.46185302734375 -10.900755882263184 0.3090673310282914 -0.9310929913278866 -0.1937607452275535 0.9389133434547557 0.33115814284915873 -0.09368040300568929 0 0 0 0 0 0
-16.062896728515625 0.542755126953125 -10.629302024841309 0.31876072237804426 -0.6640339749203705 -0.6763508571891368 0.9357802245229921 0.33392215923719337 0.1131872915219254 0 0 0 0 0 0
-15.733642578125 0.4577178955078125 -10.374297142028809 0.3282985026321851 -0.1569774969011668 -0.9314387573190785 0.9283975125985143 0.23533994991151191 0.28756419557472496 0 0 0 0 0 0
-15.401947021484375 0.2592620849609375 -10.216816902160645 0.33401455908669825 0.41851001915716834 -0.844561210441958 0.9179903882107022 0.058842020324286856 0.3922132886541719 0 0 0 0 0 0
-15.218841552734375 0.74822998046875 -9.032912254333496 0.3328757435403051 -0.8381022330484188 0.4321786509323927 -0.33412148784854384 0.3237506178548472 0.8851826753820253 0 0 0 0 0 0
-14.75408935546875 0.13507080078125 -7.209621429443359 0.3254657451837524 -0.9347031357521665 -0.1428359083950949 0.9019821245138632 0.3522330011292996 -0.24972016332868455 0 0 0 0 0 0
-14.425140380859375 0.2837066650390625 -6.999545574188232 0.3150174424854751 -0.686873827729894 -0.654956758656321 0.904160127921103 0.4269980314145993 -0.01292842781438143 0 0 0 0 0 0
-13.98516845703125 0.3672943115234375 -6.828713417053223 0.28068477729965663 -0.25764405896736625 -0.9245731959510086 0.9180091935468367 0.3532201120697309 0.18026278870841184 0 0 0 0 0 0
-13.665008544921875 0.4210357666015625 -6.6905293464660645 0.3104425310929542 0.05970048674864504 -0.9487155984648797 0.945401991663432 -0.1235397223836999 0.3015841692665161 0 0 0 0 0 0
-13.386383056640625 0.0197296142578125 -6.411103248596191 0.2996887822527487 0.5654260604060898 -0.7684269672555184 0.9371190854443803 -0.023454617127252237 0.34822076421618303 0 0 0 0 0 0
-13.05889892578125 -0.2985076904296875 -6.408831596374512 0.30204959717894697 0.8890969893217626 -0.3439078138440785 0.9371643948007008 -0.21086480460062992 0.2779549087506359 0 0 0 0 0 0
-12.73455810546875 -0.5321044921875 -6.585780620574951 0.3089870615404569 0.9311191586593843 0.193763020667087 0.9389260978014432 -0.33109337979764136 0.09378143057945691 0 0 0 0 0 0
-12.408050537109375 -0.61297607421875 -6.857254505157471 0.3187640635470557 0.6640409351560076 0.6763424489325681 0.9357646349156453 -0.3339900317402532 -0.11311589958681323 0 0 0 0 0 0
-12.078521728515625 -0.527984619140625 -7.112225532531738 0.3283665722382728 0.15697356467942528 0.931415425161255 0.9283866720210137 -0.23528264015027764 -0.28764607846737983 0 0 0 0 0 0
-11.746856689453125 -0.329498291015625 -7.269738674163818 0.33393471837492694 -0.4185437205859833 0.8445760817249685 0.9180002529905801 -0.058941672975691674 -0.39217523467967436 0 0 0 0 0 0
-11.414306640625 -0.0881500244140625 -7.30081033706665 0.33294323907480483 -0.8380800827765196 0.4321696130082253 0.907640662845256 0.16059659847734953 -0.3878107266532595 0 0 0 0 0 0
-11.08251953125 0.1371002197265625 -7.205224514007568 0.3254656343478281 -0.9347028174431354 -0.14283824390698183 0.9020102178814607 0.3522288132347163 -0.24962457804611918 0 0 0 0 0 0
-10.75360107421875 0.285736083984375 -6.995115280151367 0.3149452744419811 -0.6868828260177219 -0.6549820283248795 0.9041434439489728 0.4270289303392761 -0.013073844782031484 0 0 0 0 0 0
-10.314910888671875 0.3801116943359375 -6.807093620300293 0.2772520114368678 -0.25989515051174744 -0.9249788283494316 0.9173662192910084 0.3577836154638042 0.17444226612082914 0 0 0 0 0 0
-9.99755859375 0.414642333984375 -6.688498497009277 0.3144074985218568 0.05931857075970484 -0.9474329696797842 0.9411001893649941 -0.15027919974549675 0.30289700510408757 0 0 0 0 0 0
-9.7130126953125 0.0231475830078125 -6.410605430603027 0.29968094547150065 0.565449421426178 -0.7684128335277255 0.9379617810213305 -0.027381592157050723 0.34565581978933674 0 0 0 0 0 0
-9.466094970703125 1.2995758056640625 -5.609014511108398 0.3021190524121463 -0.8890768629507442 0.34389883677507604 -0.07066454157224981 0.33887686012116736 0.9381732229384948 0 0 0 0 0 0
-9.047515869140625 0.4639129638671875 -3.8375093936920166 0.3089982152500879 -0.9311146219535983 -0.19376703475170395 0.9389114045838326 0.33111585975003516 -0.09384914365304498 0 0 0 0 0 0
-8.720855712890625 0.5447998046875 -3.5660555362701416 0.31876354951919866 -0.66403986434666 -0.6763437425277112 0.9357669121071307 0.3339801304347317 0.11312629526456382 0 0 0 0 0 0
-8.391510009765625 0.4597930908203125 -3.311051368713379 0.3283658818109394 -0.15701138121907837 -0.9314092944727368 0.928400225070675 0.23522076562748812 0.28765293933199854 0 0 0 0 0 0
-8.059783935546875 0.261322021484375 -3.1535604000091553 0.3339430758785935 0.4185160481453106 -0.8445864902528194 0.9179996653165112 0.05894057097998202 0.39217677592040995 0 0 0 0 0 0
-7.72711181640625 0.0199737548828125 -3.1224703788757324 0.33287540054123393 0.838101369458046 -0.4321805898314509 0.9076271694811965 -0.16046403843774149 0.38789716883189895 0 0 0 0 0 0
-7.3955078125 -0.2053070068359375 -3.218090534210205 0.3254659945582318 0.9347038519292491 0.14283065348462545 0.9020056663345736 -0.3522278745514614 0.2496423487497306 0 0 0 0 0 0
-7.0665283203125 -0.3539581298828125 -3.4281764030456543 0.3149387433347487 0.686906728588762 0.6549601012017559 0.9041382761838046 -0.427038713413963 0.01311162785948161 0 0 0 0 0 0
-6.626617431640625 -0.4375152587890625 -3.599003553390503 0.2806893920431477 0.2576101473861615 0.9245812442171473 0.9180133308585937 -0.3531973278074256 -0.18028636109147117 0 0 0 0 0 0
-6.307037353515625 -0.488739013671875 -3.7331225872039795 0.3104413022476073 -0.05970025043223218 0.9487160154425235 0.9447636585888425 0.12973059014815028 -0.30098439060794774 0 0 0 0 0 0
-6.0286865234375 -0.087921142578125 -4.0121846199035645 0.299681082727568 -0.5654496804061533 0.7684125894230338 0.9371197522576141 0.02345231234415088 -0.34821912494051843 0 0 0 0 0 0
-5.7012786865234375 0.2303314208984375 -4.014450550079346 0.30208432538911 -0.8890869266124494 0.3439033254870259 0.9371580257880299 0.21090716063649723 -0.27794424673544427 0 0 0 0 0 0
-5.3769378662109375 0.4639129638671875 -3.8375093936920166 0.30903272020755557 -0.931103645824715 -0.1937647505947413 0.9389122890027333 0.33113714381557635 -0.09376516168231316 0 0 0 0 0 0
-5.0502777099609375 0.5447998046875 -3.5660555362701416 0.3187978205457321 -0.6640317891874546 -0.6763355177452972 0.9357673499743745 0.3339513853388398 0.11320750395714291 0 0 0 0 0 0
-4.720916748046875 0.4597930908203125 -3.311051368713379 0.3283658818109394 -0.15701138121907837 -0.9314092944727368 0.9283929247684493 0.23526102191218132 0.2876435794672302 0 0 0 0 0 0
-4.389190673828125 0.261322021484375 -3.1535604000091553 0.3339430758785935 0.4185160481453106 -0.8445864902528194 0.9179907929572998 0.05897815756349604 0.39219189305242363 0 0 0 0 0 0
-4.2061920166015625 0.7502899169921875 -1.9696744680404663 0.3329092346976989 -0.8380905106346332 0.4321755863502382 -0.33409338523580934 0.32375446470849667 0.8851918755405476 0 0 0 0 0 0
-3.7414093017578125 0.137115478515625 -0.14637848734855652 0.3254774749561518 -0.9346986745634823 -0.1428383739246455 0.9019976103225401 0.35224164101845357 -0.24965203244727238 0 0 0 0 0 0
-3.4124603271484375 0.2857513427734375 0.06370553374290466 0.31501584377583625 -0.6868703418536822 -0.6549611833169992 0.9041482107018125 0.42702232365570497 -0.012959482412251045 0 0 0 0 0 0
-2.97369384765625 0.380126953125 0.2517225444316864 0.27721660518518787 -0.25989771998440686 -0.92498871828607 0.9173539922524642 0.3578434545444368 0.17438381501208586 0 0 0 0 0 0
-2.6563720703125 0.414642333984375 0.3703244626522064 0.3144076781530408 0.059318604650324985 -0.9474329079469174 0.9411053776240368 -0.15023759390991417 0.30290152456413794 0 0 0 0 0 0
-2.3718414306640625 0.0231475830078125 0.6482175588607788 0.2996807224305665 0.5654490005840487 -0.7684132301971343 0.9379618434209592 -0.027381223573353552 0.34565567966110783 0 0 0 0 0 0
-2.047210693359375 -0.29852294921875 0.6499764919281006 0.30208444923224886 0.8890872911044354 -0.3439022743871085 0.9371579153353125 -0.21090743110923243 0.2779444139163003 0 0 0 0 0 0
-1.72283935546875 -0.5321044921875 0.4730435311794281 0.3090672373302203 0.9310927090540628 0.19376225111056045 0.9389132061237541 -0.3311583723143737 0.0936809682513359 0 0 0 0 0 0
-1.3961944580078125 -0.6129913330078125 0.20157954096794128 0.318797434993211 0.6640309861106647 0.6763364879456436 0.9357651950290293 -0.33396110373492377 -0.11319664731976126 0 0 0 0 0 0
-1.0668182373046875 -0.5279693603515625 -0.05341651663184166 0.32836766887091234 0.15697408891772818 0.9314149501960618 0.9283936653620205 -0.2352423782493732 -0.28765643672835095 0 0 0 0 0 0
-0.722564697265625 -0.3336181640625 -0.20378252863883972 0.33393778627681425 -0.41854756580182845 0.8445729631345683 0.9189113786464248 -0.05503732179278964 -0.39060564691771155 0 0 0 0 0 0
-0.388885498046875 -0.0902252197265625 -0.23589250445365906 0.33287542197870024 -0.8381014234325057 0.4321804686504354 0.9076480913974083 0.16050678424047066 -0.3878305227743493 0 0 0 0 0 0
-0.0572662353515625 0.13507080078125 -0.14027252793312073 0.3254999818737167 -0.9346919085727974 -0.14283136157284096 0.9020041326502267 0.35225897062876266 -0.24960401097233365 0 0 0 0 0 0
0.271697998046875 0.2837066650390625 0.069814532995224 0.31497279834309744 -0.6868978054698021 -0.6549530831629762 0.904149344483126 0.4270177280753866 -0.013031606964177819 0 0 0 0 0 0
0.7104339599609375 0.3780670166015625 0.2578354775905609 0.27725212607991967 -0.2598952579777783 -0.9249787637912712 0.9173542304076499 0.3578212145934745 0.1744281925035033 0 0 0 0 0 0
1.027801513671875 0.4125823974609375 0.3764384686946869 0.31437196827959074 0.05935721182417707 -0.9474423396515884 0.9411291265673815 -0.15015204168858262 0.30287015617797003 0 0 0 0 0 0
1.312286376953125 0.0211029052734375 0.654328465461731 0.29968746107390554 0.5654235677237052 -0.7684293166828507 0.9379617977247615 -0.02738389448862701 0.3456555920733375 0 0 0 0 0 0
1.559234619140625 1.297515869140625 1.4559226036071777 0.30208506844378824 -0.889089113552137 0.34389701886813023 -0.0706779517684135 0.338869109345942 0.9381750123857009 0 0 0 0 0 0
1.9777984619140625 0.46185302734375 3.227419376373291 0.30903275589903123 -0.9311037533617522 -0.1937641769190248 0.938918756037894 0.3311305776853376 -0.09372358338234951 0 0 0 0 0 0
2.304443359375 0.542755126953125 3.4988837242126465 0.31878897407948653 -0.6640515090075029 -0.67632032602178 0.9357673585384036 0.33396122017593194 0.11317841716803463 0 0 0 0 0 0
2.633819580078125 0.457733154296875 3.7538814544677734 0.32836766602250705 -0.15697408755606607 -0.9314149514297437 0.928393603370919 0.23524272449673936 0.287656353643218 0 0 0 0 0 0
2.965545654296875 0.2592620849609375 3.9113664627075195 0.3339374080399008 0.4185470917310705 -0.8445733476229615 0.9179910555035868 0.058973778505342196 0.39219193702091015 0 0 0 0 0 0
3.2982025146484375 0.017913818359375 3.942465305328369 0.33287540054123393 0.838101369458046 -0.4321805898314509 0.9076353880333957 -0.16048079406860752 0.38787100577972644 0 0 0 0 0 0
3.6298065185546875 -0.207366943359375 3.846846580505371 0.3255001273521553 0.9346923263224963 0.14282829624262364 0.9020043261203186 -0.3522582507798702 0.2496043277223694 0 0 0 0 0 0
3.958770751953125 -0.3560028076171875 3.636756420135498 0.31501596675330806 0.686870609997586 0.6549608429608771 0.9041482202145518 -0.42702230392303947 0.01295946893657244 0 0 0 0 0 0
4.398712158203125 -0.4395904541015625 3.4659347534179688 0.2806869428603624 0.2576460467625561 0.9245719845935906 0.9180086967458552 -0.3532207390752034 -0.18026409011820338 0 0 0 0 0 0
4.71826171875 -0.4907989501953125 3.3317995071411133 0.3104759479407858 -0.05969957716271407 0.9487047202564471 0.9447481150170877 0.12977322730862373 -0.30101479805080006 0 0 0 0 0 0
4.9966278076171875 -0.0899658203125 3.0527377128601074 0.29968039644805283 -0.5654483855078268 0.7684138099431387 0.9371201855017308 0.023452288969480036 -0.3482179605754042 0 0 0 0 0 0
5.32403564453125 0.228271484375 3.0504894256591797 0.3020848826810535 -0.8890885668199663 0.3438985955272171 0.9371592404051329 0.21091236075801306 -0.2779362052751612 0 0 0 0 0 0
5.64837646484375 0.46185302734375 3.2274203300476074 0.30903275589903123 -0.9311037533617522 -0.1937641769190248 0.9389187661096774 0.3311305675112865 -0.0937235184291249 0 0 0 0 0 0
5.97503662109375 0.542755126953125 3.4988813400268555 0.3187892310946732 -0.6640520443814851 -0.6763196792130458 0.9357673360485587 0.33396121868330114 0.1131786075199212 0 0 0 0 0 0
6.304412841796875 0.457733154296875 3.75388240814209 0.32833399634050425 -0.15697622806334088 -0.9314264601513528 0.9283916007494118 0.23531174423150492 0.2876063606471036 0 0 0 0 0 0
6.636138916015625 0.2592620849609375 3.911365509033203 0.3339374080399008 0.4185470917310705 -0.8445733476229615 0.9179916255021745 0.05897136410990037 0.39219096588638197 0 0 0 0 0 0
6.8191375732421875 0.74822998046875 5.095263481140137 0.33287557204087354 -0.8381018012534943 0.43217962038267105 -0.3341919976735149 0.3237165677845913 0.8851685107552966 0 0 0 0 0 0
7.2839202880859375 0.13507080078125 6.9185566902160645 0.3254656897660073 -0.9347029765982744 -0.14283707615133662 0.901993306650966 0.35223138827107275 -0.24968204555692372 0 0 0 0 0 0
7.612884521484375 0.2837066650390625 7.128630638122559 0.314973105736244 -0.6868984758377795 -0.6549522322693466 0.9041493629946424 0.42701768948199154 -0.013031587234244248 0 0 0 0 0 0
8.051605224609375 0.3780670166015625 7.3166608810424805 0.2772520114368678 -0.25989515051174744 -0.9249788283494316 0.9173660788908574 0.3577840563726387 0.1744421001534713 0 0 0 0 0 0
8.368972778320312 0.4125823974609375 7.4352617263793945 0.31440607665103304 0.059356449316792945 -0.9474310692020859 0.9411082271520862 -0.1502311440072103 0.3028958701549799 0 0 0 0 0 0
8.653472900390625 0.0211029052734375 7.713152885437012 0.2996865860115882 0.5654219167341853 -0.7684308727799521 0.93795463231898 -0.027347425984154013 0.3456779223546223 0 0 0 0 0 0
8.978134155273438 -0.300567626953125 7.714900970458984 0.3020848826810535 0.8890885668199663 -0.3438985955272171 0.9371592404051329 -0.21091236075801306 0.2779362052751612 0 0 0 0 0 0
9.302474975585938 -0.534149169921875 7.5379791259765625 0.3090671882500103 0.9310925611955382 0.1937630399058746 0.9389131878671517 -0.3311584382714634 0.09368091807165557 0 0 0 0 0 0
9.629135131835938 -0.61505126953125 7.266513824462891 0.3187975635106759 0.6640312538028401 0.6763361645459193 0.9357674690487969 -0.3339509580978598 -0.11320778001326039 0 0 0 0 0 0
9.958511352539062 -0.530029296875 7.011517524719238 0.32833399634050425 0.15697622806334088 0.9314264601513528 0.92839883248686 -0.23527188176812347 -0.2876156280286619 0 0 0 0 0 0
10.29022216796875 -0.3315582275390625 6.85402250289917 0.3339377442504567 -0.41854751312725735 0.8445730058555654 0.9179904077510076 -0.0589756652298253 -0.39219316948136485 0 0 0 0 0 0
10.622879028320312 -0.0902252197265625 6.822936534881592 0.33287557204087354 -0.8381018012534943 0.43217962038267105 0.9076482623403113 0.160507746479034 -0.38782972448077757 0 0 0 0 0 0
10.954498291015625 0.13507080078125 6.9185566902160645 0.3254997948256132 -0.9346913714534162 -0.14283530270565242 0.9020035545383507 0.35225995141399463 -0.24960471596103917 0 0 0 0 0 0
11.283462524414062 0.2837066650390625 7.128630638122559 0.3150074668991664 -0.6868902223847528 -0.654944362667544 0.904148579863425 0.4270208395764781 -0.012982607532833798 0 0 0 0 0 0
11.723403930664062 0.367279052734375 7.299454689025879 0.28068632412561195 -0.25764547881820915 -0.924572330698571 0.9180131501026328 0.35320671784880164 0.18026888446184464 0 0 0 0 0 0
12.043624877929688 0.4210357666015625 7.437662124633789 0.3104762990695613 0.059699644679182144 -0.948704601096278 0.9453830654758676 -0.12362121636455886 0.3016101032392624 0 0 0 0 0 0
12.322235107421875 0.0197296142578125 7.717070579528809 0.29968121998371733 0.5654499393862833 -0.7684123453180064 0.9371198167441162 -0.023453013600011285 0.34821890416597406 0 0 0 0 0 0
12.571914672851562 1.299560546875 8.519164085388184 0.3020943853381419 -0.8890783867522081 0.34391656627336376 -0.07073713940803525 0.33887098535935284 0.9381698739513809 0 0 0 0 0 0
12.990493774414062 0.4639129638671875 10.290666580200195 0.3090326845159825 -0.9311035382873842 -0.19376532427025903 0.9389187688476335 0.33113063389782943 -0.09372325645252465 0 0 0 0 0 0
13.317123413085938 0.5447998046875 10.562126159667969 0.31879807758095685 -0.6640323245724202 -0.6763348709431105 0.9357714826583511 0.3339329352797461 0.11322776593594286 0 0 0 0 0 0
13.646514892578125 0.4597930908203125 10.81712532043457 0.32836730142701454 -0.15697391326349497 -0.9314151093407735 0.928393585205411 0.23524339170839936 0.28765586663054843 0 0 0 0 0 0
13.978225708007812 0.261322021484375 10.974621772766113 0.3339420672002366 0.41851478401345626 -0.8445875154868219 0.9179910777153648 0.05897952243080759 0.39219102127511446 0 0 0 0 0 0
14.310882568359375 0.0199737548828125 11.005707740783691 0.33290897742801406 0.838089862964761 -0.4321770405094911 0.907645478753768 -0.1605524899678309 0.387817718603693 0 0 0 0 0 0
14.642486572265625 -0.2053070068359375 10.910086631774902 0.3255001273521553 0.9346923263224963 0.14282829624262364 0.9020044263607014 -0.3522582339613451 0.24960398921518978 0 0 0 0 0 0
14.971466064453125 -0.3539581298828125 10.69999885559082 0.3149811129996098 0.6868777910465028 0.6549700745992931 0.9041371111933505 -0.4270433873717272 0.013039534693549971 0 0 0 0 0 0
15.410186767578125 -0.4483184814453125 10.511972427368164 0.2772523171518657 0.2598954370880106 0.9249786561941595 0.9173659405048505 -0.35778436394356383 -0.1744421970715532 0 0 0 0 0 0
15.727554321289062 -0.4828338623046875 10.393383979797363 0.3144082087250431 -0.0593187047521769 0.9474327256079104 0.9411101234941306 0.15019861648543548 -0.3029061093189165 0 0 0 0 0 0
16.012054443359375 -0.091339111328125 10.11549186706543 0.2997159402639733 -0.5654434749310011 0.7684035605133782 0.9379572747388197 0.027432026971806127 -0.34566404884040874 0 0 0 0 0 0
16.336715698242188 0.2303314208984375 10.113728523254395 0.302084387310714 -0.8890871088585443 0.3439027999372288 0.937158143231229 0.2109076976701826 -0.27794344323775344 0 0 0 0 0 0
16.661087036132812 0.4639129638671875 10.290666580200195 0.3090326845159825 -0.9311035382873842 -0.19376532427025903 0.9389123105349081 0.33113715667013527 -0.09376490067407328 0 0 0 0 0 0
16.987701416015625 0.5447998046875 10.56212329864502 0.3188338897217073 -0.664027460921962 -0.6763227645928076 0.9357587192430237 0.3339621697147859 0.11324702450858791 0 0 0 0 0 0
17.317153930664062 0.4597930908203125 10.817136764526367 0.3283318089462176 -0.1569751822718352 -0.931427407469218 0.9283920569934073 0.23531262930935518 0.2876041637373631 0 0 0 0 0 0
17.648727416992188 0.2613067626953125 10.974617958068848 0.33401321395505795 0.41850833374839436 -0.8445625776024859 0.9179907051271212 0.05884410737586895 0.3922122337808295 0 0 0 0 0 0
17.981521606445312 0.0199737548828125 11.005722045898438 0.3329096634794669 0.8380915900818022 -0.4321731627439917 0.9076443241319785 -0.16055294058594877 0.38782023430992957 0 0 0 0 0 0
18.3131103515625 -0.2053070068359375 10.910088539123535 0.32551173338037975 0.9346875063033008 0.14283338892646044 0.901992709260794 -0.3522720259801996 0.2496268658461632 0 0 0 0 0 0
18.642074584960938 -0.3539581298828125 10.699996948242188 0.315016950574239 0.6868727551513378 0.6549581200975508 0.9041363837939245 -0.4270464203873456 0.012990547886822731 0 0 0 0 0 0
19.08203125 -0.437530517578125 10.529168128967285 0.28068477729965663 0.25764405896736625 0.9245731959510086 0.9180138600863131 -0.35320512980623514 -0.18026838038876336 0 0 0 0 0 0
19.401458740234375 -0.4887237548828125 10.39505672454834 0.3104777081728473 -0.059661768716345154 0.9487065226303514 0.9447453186596757 0.12978229397211496 -0.30101966554024934 0 0 0 0 0 0
19.679977416992188 -0.0879364013671875 10.115991592407227 0.299643753660602 -0.5654512234896376 0.7684260112374232 0.9371255760451833 0.023401893193033842 -0.3482068438686486 0 0 0 0 0 0
20.007232666015625 0.2303314208984375 10.113747596740723 0.3020841396238825 -0.8890863798729423 0.3439049021344782 0.9371592124372548 0.2109091307483916 -0.2779387506465091 0 0 0 0 0 0
21.245803833007812 -0.324920654296875 10.12950611114502 -0.8874828756585317 0 -0.46084069418060636 0.13750641774816666 0.9544466337403086 -0.26480862602993166 0 0 0 0 0 0
18.568130493164062 0.6123046875 7.931184768676758 0 1 0 0 0 1 0 0 0 0 0 0
18.971786499023438 0.6123046875 7.7920074462890625 0 1 0 0 0 1 0 0 0 0 0 0
19.423553466796875 0.6123046875 7.208866119384766 0 1 0 0 0 1 0 0 0 0 0 0
19.095199584960938 0.6123046875 6.548231601715088 0 1 0 0 0 1 0 0 0 0 0 0
20.814361572265625 1.058441162109375 7.068978309631348 -0.9322450093833227 0 -0.3618276419510932 -0.32551744337512 -0.4366163412170511 0.8386921751398191 0 0 0 0 0 0
20.260848999023438 0.27667236328125 7.414058685302734 -0.30213053774828347 -0.8890725142375624 0.3438999892224957 -0.9484291404598784 0.24405693681138757 -0.2022829135660718 0 0 0 0 0 0
19.722381591796875 0.3776702880859375 7.207430839538574 -0.29964430262839103 -0.5654522594348365 0.7684250348618161 -0.9335943412180134 0.3396828355102372 -0.11409284511058912 0 0 0 0 0 0
19.355392456054688 0.2594146728515625 7.064627647399902 -0.3104017405057721 -0.05969997835707672 0.948728977145292 -0.9412992704931987 0.15861144468804794 -0.2979900887327337 0 0 0 0 0 0
18.892257690429688 0.43011474609375 6.884478569030762 -0.28068539602816667 0.257644626905985 0.9245728498517504 -0.9539940775758264 0.030902659332170134 -0.29822864650540887 0 0 0 0 0 0
18.715713500976562 -0.031463623046875 6.751213550567627 -0.31498234267021824 0.6868804725832567 0.6549666710526447 -0.9479307300156805 -0.19347023557130685 -0.2529754909866217 0 0 0 0 0 0
18.350860595703125 -0.3553466796875 6.838681697845459 -0.32551145624637134 0.934686710529543 0.14283922784665584 -0.9297005630086208 -0.28885258304366296 -0.22851925172828963 0 0 0 0 0 0
18.020126342773438 -0.5079498291015625 7.040225505828857 -0.33287540054123393 0.838101369458046 -0.4321805898314509 -0.9188044107895559 -0.3913687613118569 -0.051273261870882735 0 0 0 0 0 0
17.688095092773438 -0.5349578857421875 7.282534599304199 -0.33390116118949253 0.41854947338867954 -0.844586498164852 -0.9079696024807045 -0.38348107360353234 0.1689185222493797 0 0 0 0 0 0
17.356582641601562 -0.435577392578125 7.508017539978027 -0.32833107982077103 -0.15697483367752676 -0.9314277232376322 -0.9020288390453364 -0.24046958425862666 0.35849456422239623 0 0 0 0 0 0
17.02728271484375 -0.221710205078125 7.6550092697143555 -0.31883286149226076 -0.6640253194539104 -0.6763253518513034 -0.9038532793838742 -0.001777252351296247 0.42783886069535115 0 0 0 0 0 0
16.700408935546875 0.0540771484375 7.656867980957031 -0.3090326845159825 -0.9311035382873842 -0.19376532427025903 -0.9124815335350357 0.23284800974386932 0.3363915208739193 0 0 0 0 0 0
16.375686645507812 0.2889251708984375 7.488848686218262 -0.3020848826810535 -0.8890885668199663 0.3438985955272171 -0.9238796382422436 0.36195773445817225 0.12422967643557824 0 0 0 0 0 0
16.051925659179688 0.377655029296875 7.2074127197265625 -0.29968121998371733 -0.5654499393862833 0.7684123453180064 -0.9335904134606143 0.33967654346019993 -0.11414370642909082 0 0 0 0 0 0
15.684417724609375 0.256103515625 7.084277153015137 -0.3143717000723263 -0.05935716118341702 0.9474424318183566 -0.9408022743489731 0.15272224152274846 -0.3026003924717662 0 0 0 0 0 0
15.221466064453125 0.4342193603515625 6.88538932800293 -0.2772517057224872 0.2598948639360629 0.9249790005041341 -0.9523176613622992 0.05328827441469118 -0.3004187605116331 0 0 0 0 0 0
15.18292236328125 0.472412109375 5.896684646606445 -0.3149811129996098 -0.6868777910465028 -0.6549700745992931 0.5358766123218213 0.44086579208925847 -0.7200511160549642 0 0 0 0 0 0
14.696762084960938 0.287139892578125 3.9355382919311523 -0.3254776273663275 -0.9346991122514952 -0.14283516247847772 -0.9297078261797059 0.28881609336702607 0.22853582247082302 0 0 0 0 0 0
14.36602783203125 0.43975830078125 3.734015464782715 -0.33287505754133084 -0.8381005058655786 0.4321825287245155 -0.9187917766728593 0.3913914224712998 0.05132665520198493 0 0 0 0 0 0
14.034027099609375 0.4667510986328125 3.491698741912842 -0.3339424034258146 -0.41851520539006304 0.8445871737431867 -0.9079801621611229 0.38341303953428557 -0.16901617152492057 0 0 0 0 0 0
13.702499389648438 0.36737060546875 3.266207695007324 -0.32833363177292035 0.1569760537638628 0.9314266180389785 -0.9020158964069034 0.24050999100633524 -0.35850002350820487 0 0 0 0 0 0
13.373123168945312 0.153533935546875 3.11922550201416 -0.31878974512555247 0.6640531151305035 0.6763183855908841 -0.9038683264657823 0.0017917139312322345 -0.4278070104300942 0 0 0 0 0 0
13.04632568359375 -0.122283935546875 3.117382526397705 -0.30902177964289596 0.9311088284537029 0.193757294783733 -0.9124783601754181 -0.23283404525189483 -0.3364097941249911 0 0 0 0 0 0
12.721603393554688 -0.3571014404296875 3.285398483276367 -0.30209463305017664 0.8890791157807068 -0.34391446402394305 -0.9238785187186153 -0.36196668419616557 -0.12421192447720458 0 0 0 0 0 0
12.397811889648438 -0.4458465576171875 3.5668206214904785 -0.29968121998371733 0.5654499393862833 -0.7684123453180064 -0.933582018310737 -0.3397086553905685 0.11411680217909581 0 0 0 0 0 0
12.030715942382812 -0.3276214599609375 3.70961856842041 -0.31044147779638004 0.059700284191611545 -0.9487159558745919 -0.9412853943990637 -0.15862189402896498 0.2980283560765031 0 0 0 0 0 0
11.565567016601562 -0.500244140625 3.885880470275879 -0.2807214652443444 -0.25764271997014565 -0.9245624304488331 -0.9538989472600999 -0.031665450758060446 0.2984528398999781 0 0 0 0 0 0
11.390060424804688 -0.0388031005859375 4.018603324890137 -0.31501596675330806 -0.686870609997586 -0.6549608429608771 -0.9479234179069767 0.19355098418610078 0.2529411202318578 0 0 0 0 0 0
11.025253295898438 0.28509521484375 3.931121349334717 -0.3254660222659646 -0.9347039315029221 -0.14283006960493883 -0.9296998351032913 0.2887918824139831 0.2285989178904866 0 0 0 0 0 0
10.694534301757812 0.4376983642578125 3.7295966148376465 -0.3329093204541565 -0.8380907265243288 0.43217510162973805 -0.9188001812687304 0.39138480882471455 0.051226539233000495 0 0 0 0 0 0
10.362503051757812 0.4647064208984375 3.4872794151306152 -0.3339374080399008 -0.4185470917310705 0.8445733476229615 -0.9079662774769 0.3834678318541228 -0.1689664490300941 0 0 0 0 0 0
10.030990600585938 0.3653106689453125 3.2617883682250977 -0.3283320299821987 0.1570134350420274 0.9314208819347307 -0.9020150341387547 0.24050065654144634 -0.3585084551175807 0 0 0 0 0 0
9.861404418945312 0.1515655517578125 2.4614274501800537 -0.31879769202818287 -0.6640315214951034 -0.6763358411458037 0.8319463828102077 0.14585073216488725 -0.5353436093351427 0 0 0 0 0 0
9.35833740234375 0.052032470703125 0.5936145782470703 -0.30903272020755557 -0.931103645824715 -0.1937647505947413 -0.9124783611467603 0.23284493912250417 0.3364022514252248 0 0 0 0 0 0
9.033584594726562 0.286865234375 0.42560645937919617 -0.3020849368619155 -0.8890887262837056 0.3438981356686172 -0.9238796761468467 0.3619576549890391 0.12422962608666814 0 0 0 0 0 0
8.7098388671875 0.3755950927734375 0.14416345953941345 -0.2997221304553834 -0.5654170061868007 0.768420622855765 -0.9335856353212454 0.3396666735960907 -0.11421213757737587 0 0 0 0 0 0
8.342330932617188 0.2540435791015625 0.021028490737080574 -0.3144070560335106 -0.05931848727640245 0.9474331217471659 -0.9407998186029709 0.15264107944799493 -0.3026489751867137 0 0 0 0 0 0
7.879364013671875 0.432159423828125 -0.17784950137138367 -0.27725212607991967 0.2598952579777783 0.9249787637912712 -0.95231222540074 0.05332825646953263 -0.3004288974353332 0 0 0 0 0 0
7.7050323486328125 -0.0348663330078125 -0.3113485276699066 -0.3150071883004235 0.6868896148856535 0.6549451337946564 -0.9478249333578087 -0.19207009198661482 -0.2544346192433705 0 0 0 0 0 0
7.3381805419921875 -0.357391357421875 -0.2245505154132843 -0.32549997494609734 0.9346918886797402 0.142831507540844 -0.9297019940623965 -0.28884050560878366 -0.22852869525743602 0 0 0 0 0 0
7.0074462890625 -0.510009765625 -0.023020533844828606 -0.33287544274624264 0.8381014757202557 -0.4321803512563042 -0.9187918123448205 -0.39139132533531235 -0.051326757353140164 0 0 0 0 0 0
6.6754150390625 -0.5370025634765625 0.2192884385585785 -0.33394315993534307 0.41851615348990734 -0.8445864048162333 -0.9079693720246402 -0.3834478345588797 0.16899520004215127 0 0 0 0 0 0
6.3439178466796875 -0.4376068115234375 0.4447804391384125 -0.3283664286963157 -0.1570116427177086 -0.9314090575876498 -0.9020135330858662 -0.24046122506873316 0.35853868043545467 0 0 0 0 0 0
6.0145263671875 -0.223785400390625 0.5917764902114868 -0.3187976117047361 -0.6640313541874285 -0.6763360432709218 -0.903855799842585 -0.0018252659706823546 0.427833333782043 0 0 0 0 0 0
5.687744140625 0.052032470703125 0.5936145782470703 -0.30903272020755557 -0.931103645824715 -0.1937647505947413 -0.9124783611467603 0.23284493912250417 0.3364022514252248 0 0 0 0 0 0
5.3629913330078125 0.286865234375 0.42560645937919617 -0.3020502705116664 -0.8890989713078313 0.34390209842800507 -0.9238819054308427 0.3619363577528065 0.1242750890327902 0 0 0 0 0 0
5.03924560546875 0.3755950927734375 0.14416345953941345 -0.29968740959955914 -0.5654234706065002 0.7684294082183516 -0.9335892018997287 0.3396737286913217 -0.11416199075507562 0 0 0 0 0 0
4.6721343994140625 0.25738525390625 0.0013795221457257867 -0.3104416990326737 -0.05970032673705264 0.9487158808037295 -0.9412853894908881 0.15862142767353077 -0.29802861978977463 0 0 0 0 0 0
4.208984375 0.428070068359375 -0.17878952622413635 -0.2806866334926751 0.25764576279009616 0.9245721576463668 -0.9539888969657754 0.030946091024497142 -0.29824071471938063 0 0 0 0 0 0
4.1691741943359375 0.469573974609375 -1.166380524635315 -0.3150156593096886 -0.6868699396379575 -0.6549616938504347 0.5361078752893714 0.44067578536555063 -0.7199952765436527 0 0 0 0 0 0
3.6840667724609375 0.28509521484375 -3.127702474594116 -0.3254660222659646 -0.9347039315029221 -0.14283006960493883 -0.9296998629459355 0.2887919158705909 0.22859876238969948 0 0 0 0 0 0
3.3533477783203125 0.4376983642578125 -3.3292274475097656 -0.3328757435403051 -0.8381022330484188 0.4321786509323927 -0.918795611440931 0.39138449480399495 0.051310833397125125 0 0 0 0 0 0
3.021331787109375 0.4647064208984375 -3.5715444087982178 -0.33393723993482555 -0.41854688103323123 0.8445735185062723 -0.9079767692199123 0.38343377557177055 -0.16898735546705057 0 0 0 0 0 0
2.6898193359375 0.3653106689453125 -3.7970364093780518 -0.3283678483205338 0.15697417470248565 0.9314148724740315 -0.9020140409926217 0.24047204423457816 -0.3585301462831321 0 0 0 0 0 0
2.3604278564453125 0.1514892578125 -3.9440324306488037 -0.31879717795840784 0.6640304507265772 0.676337134743919 -0.9038563889321396 0.0018250127712910603 -0.42783209032859787 0 0 0 0 0 0
2.0336456298828125 -0.12432861328125 -3.9458565711975098 -0.30903272020755557 0.931103645824715 0.1937647505947413 -0.9124813977470408 -0.2328481191251665 -0.33639181349354985 0 0 0 0 0 0
1.7089080810546875 -0.3591766357421875 -3.7778584957122803 -0.30208506844378824 0.889089113552137 -0.34389701886813023 -0.9238796523007621 -0.36195760022354145 -0.12422996299217812 0 0 0 0 0 0
1.3851470947265625 -0.4478912353515625 -3.4964165687561035 -0.29968039644805283 0.5654483855078268 -0.7684138099431387 -0.9335906619968224 -0.33967582984698086 0.11414379724759446 0 0 0 0 0 0
1.01763916015625 -0.3263397216796875 -3.373281478881836 -0.31440678832169594 0.059318436767803594 -0.9474332137500038 -0.9407946779842179 -0.15268175959854358 0.30264443520815687 0 0 0 0 0 0
0.5546722412109375 -0.5044708251953125 -3.1744043827056885 -0.27721679623652007 -0.25989789909996025 -0.9249886107016598 -0.9523176195275467 -0.053373405027250215 0.3004037802245242 0 0 0 0 0 0
0.380340576171875 -0.0374298095703125 -3.0409045219421387 -0.314973105736244 -0.6868984758377795 -0.6549522322693466 -0.9478344286622129 0.19201995130165755 0.25443709270600756 0 0 0 0 0 0
0.01348876953125 0.28509521484375 -3.1277034282684326 -0.3254659945582318 -0.9347038519292491 -0.14283065348462545 -0.9297071298734825 0.2888004681591723 0.22855840009383785 0 0 0 0 0 0
-0.317230224609375 0.4376983642578125 -3.329226493835449 -0.3329096634794669 -0.8380915900818022 0.4321731627439917 -0.9188002572082861 0.3913846432464881 0.05122644224232947 0 0 0 0 0 0
-0.649261474609375 0.4647064208984375 -3.5715465545654297 -0.33393723993482555 -0.41854688103323123 0.8445735185062723 -0.9079663156414707 0.3834677749588343 -0.16896637307042497 0 0 0 0 0 0
-0.9918975830078125 0.3696746826171875 -3.8005635738372803 -0.3283680306187475 0.15697426184899463 0.9314147935181879 -0.9017058399238052 0.24152314888089538 -0.35859886614706715 0 0 0 0 0 0
-1.1639251708984375 0.15362548828125 -4.603509426116943 -0.31878974512555247 -0.6640531151305035 -0.6763183855908841 0.8319158342533762 0.1458931229832135 -0.5353795302257213 0 0 0 0 0 0
-1.6669769287109375 0.0540924072265625 -6.471322536468506 -0.3090672596393457 -0.9310927762622995 -0.19376189256711157 -0.9124877630516902 0.2328987148057657 0.33633951733738543 0 0 0 0 0 0
-1.991729736328125 0.2889251708984375 -6.639331340789795 -0.3020845111537144 -0.8890874733501226 0.34390174883666497 -0.9238794437041568 0.36195820141316787 0.1242297626603331 0 0 0 0 0 0
-2.3155059814453125 0.377655029296875 -6.920759677886963 -0.29968094547150065 -0.565449421426178 0.7684128335277255 -0.9335904590303754 0.3396764481866629 -0.11414361723174271 0 0 0 0 0 0
-2.6829833984375 0.2560882568359375 -7.043901443481445 -0.3144078536230717 -0.059318637755869506 0.9474328476440538 -0.9407950995737083 0.15267589173080118 -0.3026460848950486 0 0 0 0 0 0
-3.145965576171875 0.4342193603515625 -7.242778301239014 -0.2772520114368678 0.25989515051174744 0.9249788283494316 -0.9523178240768018 0.05328619795967012 -0.3004186130262713 0 0 0 0 0 0
-3.320281982421875 -0.032806396484375 -7.376280307769775 -0.3149811129996098 0.6868777910465028 0.6549700745992931 -0.9478325730782435 -0.1920298686877498 -0.25443652045970505 0 0 0 0 0 0
-3.687164306640625 -0.3553466796875 -7.289491653442383 -0.3254656897660073 0.9347029765982744 0.14283707615133662 -0.9297003616926856 -0.28879034744760457 -0.22859871541542331 0 0 0 0 0 0
-4.0178680419921875 -0.5079498291015625 -7.08794641494751 -0.3328752290413864 0.8381009376620742 -0.4321815592787324 -0.9188005910754473 -0.39137561912978985 -0.05128936137428978 0 0 0 0 0 0
-4.3498992919921875 -0.534942626953125 -6.845648288726807 -0.3339427396519336 0.4185156267673479 -0.8445868319985192 -0.907979844029248 -0.3834139398726342 0.16901583815715826 0 0 0 0 0 0
-4.681396484375 -0.4355621337890625 -6.620143413543701 -0.32836766602250705 -0.15697408755606607 -0.9314149514297437 -0.9020134104292815 -0.24047447276596906 0.3585301038318343 0 0 0 0 0 0
-5.01080322265625 -0.2217254638671875 -6.473161697387695 -0.31878974512555247 -0.6640531151305035 -0.6763183855908841 -0.9038567820590536 -0.0018219664934141775 0.427831272774618 0 0 0 0 0 0
-5.3375701904296875 0.0540924072265625 -6.471322536468506 -0.30903275589903123 -0.9311037533617522 -0.1937641769190248 -0.9124779043397605 0.23284471234185092 0.3364036474626278 0 0 0 0 0 0
-5.662322998046875 0.2889251708984375 -6.639331340789795 -0.3020845111537144 -0.8890874733501226 0.34390174883666497 -0.9238695417270285 0.3619700100255131 0.12426898933853311 0 0 0 0 0 0
-5.9860992431640625 0.377655029296875 -6.920759677886963 -0.2996462240260003 -0.5654558852625592 0.7684216175049318 -0.933594022396996 0.33968350213501897 -0.11409346923415874 0 0 0 0 0 0
-6.353179931640625 0.259429931640625 -7.063556671142578 -0.31044182889448807 -0.05970035171047847 0.9487158367384254 -0.9412796750421502 0.15866356775841087 -0.2980242366297019 0 0 0 0 0 0
-6.81634521484375 0.4301300048828125 -7.243717670440674 -0.2806866334926751 0.25764576279009616 0.9245721576463668 -0.9539889717168323 0.030945406444226088 -0.29824054664425276 0 0 0 0 0 0
-6.85614013671875 0.4716339111328125 -8.231310844421387 -0.31501547484361325 -0.6868695374223904 -0.6549622043829736 0.5360379000837773 0.44072801206346207 -0.720015408902034 0 0 0 0 0 0
-7.34124755859375 0.287139892578125 -10.192638397216797 -0.3254776273663275 -0.9346991122514952 -0.14283516247847772 -0.9297006922553412 0.28880751899269713 0.22857567629391906 0 0 0 0 0 0
-7.671966552734375 0.43975830078125 -10.3941650390625 -0.33287540054123393 -0.838101369458046 0.4321805898314509 -0.9188005983704929 0.3913755912781251 0.05128944321907354 0 0 0 0 0 0
-8.003997802734375 0.4667510986328125 -10.636467933654785 -0.3339427396519336 -0.4185156267673479 0.8445868319985192 -0.9079797835842799 0.3834141365013877 -0.16901571682284372 0 0 0 0 0 0
-8.33551025390625 0.36737060546875 -10.86197280883789 -0.3282999607833927 0.15697819412313047 0.9314381258674479 -0.9020167957568167 0.24055037720337108 -0.3584706629557308 0 0 0 0 0 0
-8.664886474609375 0.153533935546875 -11.008956909179688 -0.31883183326551273 0.6640231779914788 0.6763279390847675 -0.9038671368242486 0.001743991421701245 -0.4278097210946194 0 0 0 0 0 0
-8.991668701171875 -0.122283935546875 -11.010795593261719 -0.3090562110347933 0.9310976370215095 0.19375615797640747 -0.9124883629978134 -0.23288769229301787 -0.3363455220037921 0 0 0 0 0 0
-9.31640625 -0.3571014404296875 -10.84278392791748 -0.3021292990911555 0.8890688692700088 -0.3439105004585277 -0.9238899379808023 -0.3619716912816742 -0.12411235719505773 0 0 0 0 0 0
-9.640167236328125 -0.4458465576171875 -10.561355590820312 -0.29968121998371733 0.5654499393862833 -0.7684123453180064 -0.9335987751197649 -0.33964455253530934 0.11417050857364394 0 0 0 0 0 0
-10.007659912109375 -0.3242950439453125 -10.438215255737305 -0.31440607665103304 0.059356449316792945 -0.9474310692020859 -0.9408061540218905 -0.15260629224132097 0.30264682407535 0 0 0 0 0 0
-10.47064208984375 -0.502410888671875 -10.239339828491211 -0.2772529285837134 -0.2598960102422729 -0.924978311881907 -0.9523120751982349 -0.053327176318554444 0.30042956528531156 0 0 0 0 0 0
-10.64495849609375 -0.0353851318359375 -10.105834007263184 -0.3150164586635167 -0.6868716825739019 -0.6549594815324029 -0.9478221700438338 0.1920751211842065 0.2544411165583705 0 0 0 0 0 0
-11.011871337890625 0.2871551513671875 -10.192630767822266 -0.3254661330958101 -0.9347042497944953 -0.14282773408470092 -0.9297000308045634 0.2887928401491034 0.22859691205396487 0 0 0 0 0 0
-11.34259033203125 0.43975830078125 -10.394158363342285 -0.3329435821263509 -0.8380809463010919 0.4321676741357923 -0.9187960561262515 0.3914006347260418 0.051179589514743364 0 0 0 0 0 0
-11.67462158203125 0.466766357421875 -10.63647174835205 -0.33393539078792467 -0.4185445633681871 0.8445753982056602 -0.9079772495199471 0.3834329530279607 -0.16898664114790174 0 0 0 0 0 0
-12.006011962890625 0.3673553466796875 -10.86197566986084 -0.3283665722382728 0.15697356467942528 0.931415425161255 -0.9020106991943799 0.24048537929781166 -0.3585296094925127 0 0 0 0 0 0
-12.33544921875 0.1535491943359375 -11.008947372436523 -0.31883286149226076 0.6640253194539104 0.6763253518513034 -0.9038688084414501 0.0017365503172966502 -0.42780621958969783 0 0 0 0 0 0
-12.662322998046875 -0.122283935546875 -11.010805130004883 -0.3089870615404569 0.9311191586593843 0.193763020667087 -0.9124901905574618 -0.23280125085335596 -0.33640040091759665 0 0 0 0 0 0
-12.9869384765625 -0.3571014404296875 -10.842767715454102 -0.3020494733467508 0.8890966248159536 -0.3439088649509193 -0.9238713249323289 -0.3619494778958658 -0.12431552766526563 0 0 0 0 0 0
-13.310699462890625 -0.4458465576171875 -10.561355590820312 -0.2997517576097263 0.5654390815791515 -0.7683928219555447 -0.933588351039466 -0.3396427064140747 0.1142612041908088 0 0 0 0 0 0
-13.6778564453125 -0.3276214599609375 -10.41855239868164 -0.3104425310929542 0.05970048674864504 -0.9487155984648797 -0.9412803265563787 -0.15865713486462324 0.29802560358879565 0 0 0 0 0 0
-14.14306640625 -0.500274658203125 -10.242302894592285 -0.28068539602816667 -0.257644626905985 -0.9245728498517504 -0.9539056027049064 -0.0317101914883747 0.2984268166300741 0 0 0 0 0 0
-14.318572998046875 -0.0388031005859375 -10.109565734863281 -0.31501350720997195 -0.6868652471328113 -0.6549676500075825 -0.9479238464678569 0.19354113863102448 0.252947047729341 0 0 0 0 0 0
-14.683258056640625 0.2851104736328125 -10.19708251953125 -0.3254776273663275 -0.9346991122514952 -0.14283516247847772 -0.9296978844677881 0.2888041446584238 0.2285913595135122 0 0 0 0 0 0
-15.0140380859375 0.437713623046875 -10.398578643798828 -0.33287540054123393 -0.838101369458046 0.4321805898314509 -0.9188006598191479 0.39137548119779525 0.051289182417863406 0 0 0 0 0 0
-15.346038818359375 0.4647064208984375 -10.640893936157227 -0.3340085539362327 -0.4185406411361746 0.8445484104625066 -0.9079744606963175 0.38339360114102583 -0.16909087890051244 0 0 0 0 0 0
-15.67767333984375 0.365325927734375 -10.866397857666016 -0.32829580739664493 0.1570143554781072 0.9314334946841774 -0.9020170655072322 0.2405410001862713 -0.3584762764299889 0 0 0 0 0 0
-16.007049560546875 0.1514892578125 -11.013372421264648 -0.31875316182952373 0.6640563716046373 0.676332430950169 -0.9038706844539769 0.0018441155913375118 -0.4278018057727026 0 0 0 0 0 0
-16.33367919921875 -0.12432861328125 -11.015189170837402 -0.3090673310282914 0.9310929913278866 0.1937607452275535 -0.912490335522506 -0.23290191250537565 -0.33633032383263184 0 0 0 0 0 0
-16.6585693359375 -0.359161376953125 -10.847220420837402 -0.3021188047026013 0.8890761339903445 -0.3439009389545985 -0.9238911272552393 -0.3619631304022301 -0.12412847057972573 0 0 0 0 0 0
-16.9822998046875 -0.4478912353515625 -10.565767288208008 -0.2996773768425778 0.5654426880012131 -0.7684191801319866 -0.9335996688475291 -0.33964224030557955 0.11417007895237206 0 0 0 0 0 0
-17.3497314453125 -0.326324462890625 -10.442646026611328 -0.3144082087250431 0.0593187047521769 -0.9474327256079104 -0.9407942188849616 -0.15268188701204077 0.3026457980727264 0 0 0 0 0 0
-17.81280517578125 -0.5044708251953125 -10.243753433227539 -0.2772495682482188 -0.2599310068854379 -0.9249694852078629 -0.952312185773492 -0.05332323195913829 0.30042991488988907 0 0 0 0 0 0
-17.88177490234375 -0.5430450439453125 -9.25520133972168 -0.3150174424854751 0.686873827729894 0.654956758656321 0.5148384398947182 -0.45606300291957613 0.7259117840170055 0 0 0 0 0 0
-18.37042236328125 -0.357391357421875 -7.293920516967773 -0.3254773502544746 0.9346983164480939 0.14284100146815445 -0.9296987594523788 -0.2888033896736589 -0.22858875472278298 0 0 0 0 0 0
-18.701141357421875 -0.510009765625 -7.092373371124268 -0.3328757435403051 0.8381022330484188 -0.4321786509323927 -0.9188006897715353 -0.39137539797420995 -0.05128928090624602 0 0 0 0 0 0
-19.03314208984375 -0.5370025634765625 -6.85006856918335 -0.33401422280297655 0.41850959780395797 -0.8445615522336384 -0.9079731673965848 -0.38338790043977583 0.16911074798543752 0 0 0 0 0 0
-19.364776611328125 -0.4376373291015625 -6.6245574951171875 -0.3282988671688653 -0.1569776712061214 -0.9314385994569597 -0.9020145096278565 -0.2405598278900747 0.35847007354354626 0 0 0 0 0 0
-19.694000244140625 -0.2237701416015625 -6.477580547332764 -0.31883234737854943 -0.6640242487219921 -0.6763266454711644 -0.9038650040574053 -0.001748052056901371 0.4278142105567712 0 0 0 0 0 0
-20.020843505859375 0.052032470703125 -6.475735664367676 -0.3090673310282914 -0.9310929913278866 -0.1937607452275535 -0.9124892883599347 0.23290081562898307 0.3363339244080715 0 0 0 0 0 0
-21.20916748046875 -0.31512451171875 -5.94611930847168 0.9685399047899306 0 0.24885829869528592 -0.08610710309938903 0.9382313532223485 0.3351231036893639 0 0 0 0 0 0
-17.39031982421875 0.6123046875 -4.824321746826172 0 1 0 0 0 1 0 0 0 0 0 0
-17.793853759765625 0.6123046875 -4.685145378112793 0 1 0 0 0 1 0 0 0 0 0 0
-18.245635986328125 0.6123046875 -4.102003574371338 0 1 0 0 0 1 0 0 0 0 0 0
-17.917388916015625 0.6123046875 -3.441368579864502 0 1 0 0 0 1 0 0 0 0 0 0
-20.539642333984375 1.0959014892578125 -3.1692874431610107 0.9870382367977935 0 0.16048526131424937 0.14752152617231706 -0.3937404783413835 -0.9073069133602416 0 0 0 0 0 0
-20.28448486328125 0.4434661865234375 -3.7961294651031494 0.3090672953338673 -0.9310928837952398 -0.19376131889743192 0.9371474116553151 0.2634681726926285 0.22877773232058848 0 0 0 0 0 0
-19.733489990234375 0.542755126953125 -3.570479393005371 0.31876085088401757 -0.6640342426206431 -0.6763505337995424 0.9357802494849841 0.3339219977396967 0.11318756159292018 0 0 0 0 0 0
-19.40423583984375 0.4577178955078125 -3.315474510192871 0.3283665722382728 -0.15697356467942528 -0.931415425161255 0.9283867780673362 0.23528205555044143 0.28764621437750565 0 0 0 0 0 0
-19.072540283203125 0.2592620849609375 -3.157987594604492 0.334013886519796 0.41850917645142555 -0.8445618940242867 0.9179902624210956 0.05884426855387744 0.3922132457712351 0 0 0 0 0 0
-18.73974609375 0.0179290771484375 -3.126878499984741 0.3328757435403051 0.8381022330484188 -0.4321786509323927 0.9076483676348298 -0.16050866251248508 0.3878290989447312 0 0 0 0 0 0
-18.408172607421875 -0.207366943359375 -3.2225074768066406 0.32554586583894807 0.9346759789999889 0.1428310313467691 0.9020029075346675 -0.3523004655898881 0.2495498682511258 0 0 0 0 0 0
-18.079193115234375 -0.35601806640625 -3.4326064586639404 0.31493702208215146 0.6869029743984134 0.6549648661452301 0.9041562967440119 -0.42700200831388097 0.013064300749253228 0 0 0 0 0 0
-17.64056396484375 -0.450347900390625 -3.620626449584961 0.27725216429428956 0.2598952937998067 0.9249787422718667 0.9173662553982459 -0.3577834385670816 -0.17444243905573972 0 0 0 0 0 0
-17.32318115234375 -0.484893798828125 -3.739227533340454 0.3144087413794183 -0.05931880524690554 0.9474325425529194 0.9411104408908569 0.15019477762752362 -0.3029070266924094 0 0 0 0 0 0
-17.038543701171875 -0.093414306640625 -4.017122745513916 0.2996082078815891 -0.5654561325985223 0.7684362588248325 0.9379725397317203 0.027280842737333832 -0.34563459075845876 0 0 0 0 0 0
-16.71405029296875 0.2282867431640625 -4.01884651184082 0.3021188666300914 -0.88907631623075 0.3439004134102026 0.9371697615960302 0.21099087480097997 -0.2778411213279228 0 0 0 0 0 0
-16.3896484375 0.46185302734375 -3.8419315814971924 0.3090672953338673 -0.9310928837952398 -0.19376131889743192 0.9389133448167328 0.33115817602540054 -0.09368027207787569 0 0 0 0 0 0
-16.062896728515625 0.542755126953125 -3.570479393005371 0.31876085088401757 -0.6640342426206431 -0.6763505337995424 0.9357802494849841 0.3339219977396967 0.11318756159292018 0 0 0 0 0 0
-15.733642578125 0.4577178955078125 -3.315474510192871 0.3282985026321851 -0.1569774969011668 -0.9314387573190785 0.928397618656244 0.23533936549486564 0.2875643314493117 0 0 0 0 0 0
-15.401947021484375 0.2592620849609375 -3.157987594604492 0.334013886519796 0.41850917645142555 -0.8445618940242867 0.9179902624210956 0.05884426855387744 0.3922132457712351 0 0 0 0 0 0
-15.218841552734375 0.74822998046875 -1.9740934371948242 0.33287561491575085 -0.8381019092022743 0.43217937802024187 -0.33412474772546963 0.3237497891851638 0.8851817479817089 0 0 0 0 0 0
-14.75408935546875 0.13507080078125 -0.15080150961875916 0.3254659183614071 -0.9347036331000419 -0.1428322591529949 0.9019825620937544 0.3522321090079357 -0.24971984114725085 0 0 0 0 0 0
-14.425140380859375 0.2837066650390625 0.0592864491045475 0.3150169179082767 -0.6868726839254576 -0.6549582105055317 0.9041601119595193 0.42699806542027036 -0.012928420966848259 0 0 0 0 0 0
-13.98516845703125 0.3672943115234375 0.2301095426082611 0.28068508666359965 -0.2576443429363892 -0.9245730229016655 0.918009104818498 0.353220258650925 0.18026295334569875 0 0 0 0 0 0
-13.665008544921875 0.4210357666015625 0.36829349398612976 0.3104425331501808 0.05970048714426553 -0.9487155977668106 0.9454019986919546 -0.12353964579694532 0.301584178606277 0 0 0 0 0 0
-13.386383056640625 0.0197296142578125 0.6477205753326416 0.2996885591960465 0.565425639562602 -0.7684273639142611 0.9371192584794952 -0.02345475807931225 0.3482202890560547 0 0 0 0 0 0
-13.05889892578125 -0.2985076904296875 0.6499905586242676 0.3020495662209238 0.8890968981953867 -0.3439080766209099 0.937164370600784 -0.210864616431173 0.27795513309484154 0 0 0 0 0 0
-12.73455810546875 -0.5321044921875 0.4730435311794281 0.30898707492234945 0.9311191989851393 0.1937628055437962 0.938926097284457 -0.3310933673419406 0.0937814797300261 0 0 0 0 0 0
-12.408050537109375 -0.61297607421875 0.2015654742717743 0.318763742279566 0.6640402659000006 0.6763432574302659 0.9357647173101946 -0.33398979263772277 -0.11311592395053383 0 0 0 0 0 0
-12.078521728515625 -0.527984619140625 -0.05340447649359703 0.32836621049340564 0.1569733917495776 0.9314155818370413 0.9283868218752714 -0.23528237650359585 -0.28764581045993615 0 0 0 0 0 0
-11.746856689453125 -0.329498291015625 -0.21091249585151672 0.33393522268447245 -0.41854435267238194 0.8445755690858745 0.9180002068365244 -0.058940582924259716 -0.39217550654349537 0 0 0 0 0 0
-11.414306640625 -0.0881500244140625 -0.24198850989341736 0.3329432605155509 -0.8380801367468669 0.43216949182887393 0.9076404921605619 0.16059633800502607 -0.387811233991369 0 0 0 0 0 0
-11.08251953125 0.1371002197265625 -0.146402508020401 0.3254658283095558 -0.9347033744806663 -0.14283415675961386 0.902010722271787 0.35222781198303693 -0.24962416824572783 0 0 0 0 0 0
-10.75360107421875 0.285736083984375 0.06370744109153748 0.3149459199617092 -0.6868842338699777 -0.6549802415037621 0.9041434548820767 0.42702890621393863 -0.01307387668709213 0 0 0 0 0 0
-10.314910888671875 0.3801116943359375 0.2517305314540863 0.2772518585796003 -0.2598950072238328 -0.9249789144268539 0.9173662182838123 0.35778368213296197 0.17444213467805522 0 0 0 0 0 0
-9.99755859375 0.414642333984375 0.3703244626522064 0.3144076781530408 0.059318604650324985 -0.9474329079469174 0.9411001191096815 -0.1502793123244378 0.30289716753221285 0 0 0 0 0 0
-9.7130126953125 0.0231475830078125 0.6482175588607788 0.2996807224305665 0.5654490005840487 -0.7684132301971343 0.9379618434209592 -0.027381223573353552 0.34565567966110783 0 0 0 0 0 0
-9.466094970703125 1.2995758056640625 1.4498085975646973 0.30211899048486396 -0.88907668071095 0.34389936232044144 -0.07066668096240414 0.3388767194097738 0.938173112620388 0 0 0 0 0 0
-9.047515869140625 0.4639129638671875 3.2213144302368164 0.30899825093841987 -0.9311147294944385 -0.19376646106975243 0.9389114132898554 0.3311158163214195 -0.09384920977742026 0 0 0 0 0 0
-8.720855712890625 0.5447998046875 3.4927682876586914 0.31876354951919866 -0.66403986434666 -0.6763437425277112 0.9357669362448636 0.3339800233329395 0.11312641179419804 0 0 0 0 0 0
-8.391510009765625 0.4597930908203125 3.747772693634033 0.32836606410587793 -0.15701146838519905 -0.9314092155111727 0.9284001634704401 0.23522082178209083 0.2876530922278049 0 0 0 0 0 0
-8.059783935546875 0.261322021484375 3.905268669128418 0.3339427396519336 0.4185156267673479 -0.8445868319985192 0.9179996023256483 0.05894169497700934 0.39217675444012384 0 0 0 0 0 0
-7.72711181640625 0.0199737548828125 3.9363536834716797 0.3328752290413864 0.8381009376620742 -0.4321815592787324 0.9076484720612151 -0.16050677150674417 0.3878296371674343 0 0 0 0 0 0
-7.3955078125 -0.2053070068359375 3.8407325744628906 0.3254660222659646 0.9347039315029221 0.14283006960493883 0.902005672150756 -0.3522277426190013 0.2496425138821225 0 0 0 0 0 0
-7.0665283203125 -0.3539581298828125 3.6306467056274414 0.3149384974411353 0.6869061922750148 0.6549607819127498 0.9041382650788022 -0.42703873674331577 0.013111633802334472 0 0 0 0 0 0
-6.626617431640625 -0.4375152587890625 3.4598217010498047 0.2806897014199563 0.25761043132494765 0.9245810711827006 0.9180133664203532 -0.35319707530095096 -0.18028667469456705 0 0 0 0 0 0
-6.307037353515625 -0.488739013671875 3.325700283050537 0.3104411266990221 -0.05970021667288886 0.9487160750103539 0.9447637554417789 0.12973019186192558 -0.30098425826447217 0 0 0 0 0 0
-6.0286865234375 -0.087921142578125 3.0466394424438477 0.29968121998371733 -0.5654499393862833 0.7684123453180064 0.9371197278408055 0.023452603846755602 -0.3482191710178828 0 0 0 0 0 0
-5.7012786865234375 0.2303314208984375 3.0443735122680664 0.302084387310714 -0.8890871088585443 0.3439027999372288 0.9371579705617009 0.2109072958728271 -0.27794433032585103 0 0 0 0 0 0
-5.3769378662109375 0.4639129638671875 3.2213144302368164 0.30903275589903123 -0.9311037533617522 -0.1937641769190248 0.938912297707043 0.3311371004281611 -0.09376522774734447 0 0 0 0 0 0
-5.0502777099609375 0.5447998046875 3.4927682876586914 0.3187978205457321 -0.6640317891874546 -0.6763355177452972 0.9357673741176916 0.3339512781552267 0.11320762057110323 0 0 0 0 0 0
-4.720916748046875 0.4597930908203125 3.747772693634033 0.32836606410587793 -0.15701146838519905 -0.9314092155111727 0.9283928631695155 0.23526107806198499 0.28764373235831453 0 0 0 0 0 0
-4.389190673828125 0.261322021484375 3.905268669128418 0.3339427396519336 0.4185156267673479 -0.8445868319985192 0.9179907299256186 0.05897928159876497 0.39219187155361085 0 0 0 0 0 0
-4.2061920166015625 0.7502899169921875 5.089150428771973 0.33290914894118934 -0.8380902947448068 0.43217607107036377 -0.3340927047907272 0.3237553331789442 0.8851918147180343 0 0 0 0 0 0
-3.7414093017578125 0.137115478515625 6.91244649887085 0.32547729483080123 -0.9346981572836723 -0.1428421692643001 0.9019970084825226 0.35224259325497903 -0.24965286336348635 0 0 0 0 0 0
-3.4124603271484375 0.2857513427734375 7.122529983520508 0.31501522888895855 -0.6868690011352128 -0.6549628850916301 0.904148197912795 0.42702235145253603 -0.01295945874610461 0 0 0 0 0 0
-2.97369384765625 0.380126953125 7.310545921325684 0.27721649055450426 -0.2598976125151834 -0.9249887828366095 0.9173539212964306 0.35784372489525457 0.17438363350713765 0 0 0 0 0 0
-2.6563720703125 0.414642333984375 7.4291486740112305 0.3144074985218568 0.05931857075970484 -0.9474329696797842 0.9411055007586829 -0.15023706171666362 0.3029014059533106 0 0 0 0 0 0
-2.3718414306640625 0.0231475830078125 7.7070417404174805 0.2996806709596125 0.5654489034666925 -0.7684133217361029 0.9379617452410155 -0.02738060642274176 0.34565599496660193 0 0 0 0 0 0
-2.047210693359375 -0.29852294921875 7.70880126953125 0.302084387310714 0.8890871088585443 -0.3439027999372288 0.9371580050957682 -0.21090737623251996 0.27794415290780033 0 0 0 0 0 0
-1.72283935546875 -0.5321044921875 7.531867980957031 0.3090673310282914 0.9310929913278866 0.1937607452275535 0.9389132226775605 -0.3311582648867517 0.09368118209348998 0 0 0 0 0 0
-1.3961944580078125 -0.6129913330078125 7.260406494140625 0.3187975635106759 0.6640312538028401 0.6763361645459193 0.9357650932406092 -0.33396150489700377 -0.11319630523706532 0 0 0 0 0 0
-1.0668182373046875 -0.5279693603515625 7.0054097175598145 0.32836766602250705 0.15697408755606607 0.9314149514297437 0.9283936740556971 -0.23524233474271117 -0.2876564442493205 0 0 0 0 0 0
-0.722564697265625 -0.3336181640625 6.855042457580566 0.33393808046155365 -0.4185479345241223 0.844572664087137 0.9189112490876687 -0.05503712320601479 -0.39060597968969496 0 0 0 0 0 0
-0.388885498046875 -0.0902252197265625 6.822936534881592 0.33287557204087354 -0.8381018012534943 0.43217962038267105 0.9076482623403113 0.160507746479034 -0.38782972448077757 0 0 0 0 0 0
-0.0572662353515625 0.13507080078125 6.9185566902160645 0.3254997948256132 -0.9346913714534162 -0.14283530270565242 0.9020035545383507 0.35225995141399463 -0.24960471596103917 0 0 0 0 0 0
0.271697998046875 0.2837066650390625 7.128630638122559 0.3150074668991664 -0.6868902223847528 -0.654944362667544 0.904148579863425 0.4270208395764781 -0.012982607532833798 0 0 0 0 0 0
0.7104339599609375 0.3780670166015625 7.3166608810424805 0.2772520114368678 -0.25989515051174744 -0.9249788283494316 0.9173542647508499 0.35782115437483103 0.17442813541768706 0 0 0 0 0 0
1.027801513671875 0.4125823974609375 7.4352617263793945 0.3143717000723263 0.05935716118341702 -0.9474424318183566 0.9411292363235656 -0.15015183478257302 0.30286991770139415 0 0 0 0 0 0
1.312286376953125 0.0211029052734375 7.713152885437012 0.2996865860115882 0.5654219167341853 -0.7684308727799521 0.9379621087438185 -0.02738276140151524 0.3456548378641288 0 0 0 0 0 0
1.559234619140625 1.297515869140625 8.514745712280273 0.30208513036456136 -0.8890892957957862 0.3438964933144549 -0.07067474676874616 0.33886959490594337 0.9381750784461586 0 0 0 0 0 0
1.9777984619140625 0.46185302734375 10.286242485046387 0.3090326845159825 -0.9311035382873842 -0.19376532427025903 0.9389187285605737 0.33113067459420176 -0.0937235162645146 0 0 0 0 0 0
2.304443359375 0.542755126953125 10.557706832885742 0.31878897407948653 -0.6640515090075029 -0.67632032602178 0.9357673585384036 0.33396122017593194 0.11317841716803463 0 0 0 0 0 0
2.633819580078125 0.457733154296875 10.812705993652344 0.32836730142701454 -0.15697391326349497 -0.9314151093407735 0.928393585205411 0.23524339170839936 0.28765586663054843 0 0 0 0 0 0
2.965545654296875 0.2592620849609375 10.970189094543457 0.33393808046155365 0.4185479345241223 -0.844572664087137 0.9179910631022558 0.058972032329484364 0.392192181802902 0 0 0 0 0 0
3.2982025146484375 0.017913818359375 11.001289367675781 0.33287540054123393 0.838101369458046 -0.4321805898314509 0.9076353880333957 -0.16048079406860752 0.38787100577972644 0 0 0 0 0 0
3.6298065185546875 -0.207366943359375 10.905670166015625 0.3255001273521553 0.9346923263224963 0.14282829624262364 0.9020044263607014 -0.3522582339613451 0.24960398921518978 0 0 0 0 0 0
3.958770751953125 -0.3560028076171875 10.69558048248291 0.31501596675330806 0.686870609997586 0.6549608429608771 0.9041482202145518 -0.42702230392303947 0.01295946893657244 0 0 0 0 0 0
4.398712158203125 -0.4395904541015625 10.524757385253906 0.2806866334926751 0.25764576279009616 0.9245721576463668 0.9180085546292175 -0.35322133361819985 -0.18026364887174404 0 0 0 0 0 0
4.71826171875 -0.4907989501953125 10.390623092651367 0.3104755968127604 -0.059699509646390224 0.9487048394162121 0.9447483310446974 0.12977222110606615 -0.30101455382997233 0 0 0 0 0 0
4.9966278076171875 -0.0899658203125 10.11156177520752 0.2996806709596125 -0.5654489034666925 0.7684133217361029 0.9371200922171509 0.02345266709671257 -0.34821818615484385 0 0 0 0 0 0
5.32403564453125 0.228271484375 10.10931396484375 0.30208513036456136 -0.8890892957957862 0.3438964933144549 0.9371592957665705 0.21091354455619857 -0.27793512027278267 0 0 0 0 0 0
5.64837646484375 0.46185302734375 10.286243438720703 0.3090326845159825 -0.9311035382873842 -0.19376532427025903 0.9389187688476335 0.33113063389782943 -0.09372325645252465 0 0 0 0 0 0
5.97503662109375 0.542755126953125 10.557705879211426 0.31878897407948653 -0.6640515090075029 -0.67632032602178 0.9357673102554966 0.33396143449188076 0.11317818398136043 0 0 0 0 0 0
6.304412841796875 0.457733154296875 10.81270694732666 0.32833399634050425 -0.15697622806334088 -0.9314264601513528 0.9283916007494118 0.23531174423150492 0.2876063606471036 0 0 0 0 0 0
6.636138916015625 0.2592620849609375 10.970189094543457 0.33393808046155365 0.4185479345241223 -0.844572664087137 0.9179916330802916 0.05896961800961991 0.3921912106949604 0 0 0 0 0 0
6.968780517578125 0.017913818359375 11.001289367675781 0.3329093204541565 0.8380907265243288 -0.43217510162973805 0.9076448487468536 -0.16055260779902208 0.3878191442827895 0 0 0 0 0 0
7.3003997802734375 -0.207366943359375 10.905671119689941 0.3255000165117115 0.9346920080377906 0.1428306317326858 0.9020046035404092 -0.35225872795468594 0.24960265177208343 0 0 0 0 0 0
7.629364013671875 -0.3560028076171875 10.695579528808594 0.31498160486746785 0.6868788636603641 0.6549687131854172 0.9041489937541661 -0.4270191759479767 0.013008476699445033 0 0 0 0 0 0
8.068099975585938 -0.4503631591796875 10.507552146911621 0.2772517057224872 0.2598948639360629 0.9249790005041341 0.9173542627288189 -0.3578212876983627 -0.1744278725523843 0 0 0 0 0 0
8.385467529296875 -0.484893798828125 10.388951301574707 0.31440678832169594 -0.059318436767803594 0.9474332137500038 0.9411111802961232 0.15019374710237604 -0.3029052403854801 0 0 0 0 0 0
8.669952392578125 -0.0933990478515625 10.111061096191406 0.2996865860115882 -0.5654219167341853 0.7684308727799521 0.9379621087438185 0.02738276140151524 -0.3456548378641288 0 0 0 0 0 0
8.994613647460938 0.228271484375 10.10931396484375 0.30208513036456136 -0.8890892957957862 0.3438964933144549 0.9371592957665705 0.21091354455619857 -0.27793512027278267 0 0 0 0 0 0
9.3189697265625 0.46185302734375 10.286243438720703 0.3090326845159825 -0.9311035382873842 -0.19376532427025903 0.9389123105349081 0.33113715667013527 -0.09376490067407328 0 0 0 0 0 0
9.6456298828125 0.542755126953125 10.557705879211426 0.31878897407948653 -0.6640515090075029 -0.67632032602178 0.9357673102554966 0.33396143449188076 0.11317818398136043 0 0 0 0 0 0
9.974990844726562 0.457733154296875 10.81270694732666 0.3283680306187475 -0.15697426184899463 -0.9314147935181879 0.9283934801662884 0.2352428367917464 0.2876566594447263 0 0 0 0 0 0
10.306716918945312 0.2592620849609375 10.970189094543457 0.3339719727879951 0.41854260256195114 -0.844561904914473 0.9179963498663949 0.058885433180231615 0.39219281914786763 0 0 0 0 0 0
10.639373779296875 0.017913818359375 11.001289367675781 0.33287540054123393 0.838101369458046 -0.4321805898314509 0.9076369632198552 -0.16048400569037308 0.38786599092291124 0 0 0 0 0 0
10.970993041992188 -0.207366943359375 10.905671119689941 0.32546591143438225 0.9347036132063605 0.14283240512279072 0.9020059496842333 -0.3522282198849759 0.24964083770670473 0 0 0 0 0 0
11.299957275390625 -0.3560028076171875 10.695579528808594 0.31498160486746785 0.6868788636603641 0.6549687131854172 0.9041489937541661 -0.4270191759479767 0.013008476699445033 0 0 0 0 0 0
11.739883422851562 -0.4395904541015625 10.524758338928223 0.2807211558457996 0.25764243600795356 0.9245626035204355 0.918008704842746 -0.3531985893443403 -0.18030744387881556 0 0 0 0 0 0
12.060440063476562 -0.488800048828125 10.395062446594238 0.3104411266990221 -0.05970021667288886 0.9487160750103539 0.9441892157192165 0.13501173379989892 -0.30046390241737203 0 0 0 0 0 0
12.338729858398438 -0.087921142578125 10.115994453430176 0.29968121998371733 -0.5654499393862833 0.7684123453180064 0.9371198167441162 0.023453013600011285 -0.34821890416597406 0 0 0 0 0 0
12.557662963867188 -1.3714141845703125 9.310009956359863 0.3020848826810535 0.8890885668199663 -0.3438985955272171 -0.09168535655939081 -0.3319824854023436 -0.9388191651104382 0 0 0 0 0 0
12.973983764648438 -0.5321044921875 7.542398452758789 0.3090326845159825 0.9311035382873842 0.19376532427025903 0.9389122702195676 -0.3311371973805517 0.09376516059865402 0 0 0 0 0 0
13.300643920898438 -0.6129913330078125 7.270941734313965 0.31879807758095685 0.6640323245724202 0.6763348709431105 0.9357650482467746 -0.33396150191037793 -0.11319668600041435 0 0 0 0 0 0
13.6300048828125 -0.5279693603515625 7.0159382820129395 0.32836766602250705 0.15697408755606607 0.9314149514297437 0.928393603370919 -0.23524272449673936 -0.287656353643218 0 0 0 0 0 0
13.961746215820312 -0.3295135498046875 6.858444690704346 0.3339377442504567 -0.41854751312725735 0.8445730058555654 0.9179907631446671 -0.05897415987589282 -0.3921925639886669 0 0 0 0 0 0
14.294387817382812 -0.088165283203125 6.827356338500977 0.3328752290413864 -0.8381009376620742 0.4321815592787324 0.9076480517468745 0.160505914402669 -0.3878309755574795 0 0 0 0 0 0
14.626007080078125 0.137115478515625 6.922976493835449 0.32547729483080123 -0.9346981572836723 -0.1428421692643001 0.9020089020809422 0.35224059757567344 -0.24961270397611196 0 0 0 0 0 0
14.954971313476562 0.2857513427734375 7.133061408996582 0.31498086706587347 -0.6868772547399925 -0.6549707553038394 0.9041489607039609 0.42701924538799385 -0.013008494386980556 0 0 0 0 0 0
15.393707275390625 0.380126953125 7.321078300476074 0.2772523171518657 -0.2598954370880106 -0.9249786561941595 0.9173542667728074 0.3578210210508666 0.17442839828376697 0 0 0 0 0 0
15.7110595703125 0.414642333984375 7.439680099487305 0.3144074985218568 0.05931857075970484 -0.9474329696797842 0.9411053949944633 -0.15023790093435674 0.3029013183120099 0 0 0 0 0 0
15.995559692382812 0.0231475830078125 7.7175703048706055 0.29968121998371733 0.5654499393862833 -0.7684123453180064 0.9379620350469131 -0.027383609409353363 0.3456549706663707 0 0 0 0 0 0
16.320220947265625 -0.29852294921875 7.719322204589844 0.30208513036456136 0.8890892957957862 -0.3438964933144549 0.937165208107826 -0.21092730390243816 0.2779047411986049 0 0 0 0 0 0
16.644577026367188 -0.5321044921875 7.542398452758789 0.3090326845159825 0.9311035382873842 0.19376532427025903 0.9389122702195676 -0.3311371973805517 0.09376516059865402 0 0 0 0 0 0
16.971221923828125 -0.6129913330078125 7.270943641662598 0.31883286149226076 0.6640253194539104 0.6763253518513034 0.9357589059043508 -0.3339617468009615 -0.11324672928761713 0 0 0 0 0 0
17.300628662109375 -0.527984619140625 7.015929698944092 0.3283307152591695 0.15697465938090885 0.9314278811210506 0.9283981612788405 -0.23528068266803154 -0.287610595245261 0 0 0 0 0 0
17.632354736328125 -0.32952880859375 6.858457565307617 0.3339061560867121 -0.41851758693331637 0.844600324623967 0.9180059746080645 -0.05898575194736207 -0.3921552137242371 0 0 0 0 0 0
17.845458984375 -0.817840576171875 5.675565719604492 0.33287557204087354 0.8381018012534943 -0.43217962038267105 -0.31653625816314296 -0.3324108600587514 -0.8884299732579252 0 0 0 0 0 0
18.3131103515625 -0.2053070068359375 3.8512654304504395 0.32551173338037975 0.9346875063033008 0.14283338892646044 0.9019928095164265 -0.35227200916309676 0.24962652731802906 0 0 0 0 0 0
18.642074584960938 -0.3539581298828125 3.641172409057617 0.3150167046188136 0.6868722188624797 0.6549588008157741 0.9041363940917693 -0.42704640010194467 0.012990498015957067 0 0 0 0 0 0
19.08203125 -0.437530517578125 3.4703454971313477 0.28068477729965663 0.25764405896736625 0.9245731959510086 0.9180138600863131 -0.35320512980623514 -0.18026838038876336 0 0 0 0 0 0
19.401458740234375 -0.4887237548828125 3.3362326622009277 0.3104777081728473 -0.059661768716345154 0.9487065226303514 0.9447453409244763 0.12978208443168152 -0.3010196860041934 0 0 0 0 0 0
19.679977416992188 -0.0879364013671875 3.057168483734131 0.2996440281443323 -0.5654517414619271 0.7684255230502905 0.9371255272422823 0.02340247618103795 -0.34820693603010106 0 0 0 0 0 0
20.007232666015625 0.2303314208984375 3.054924488067627 0.3020841396238825 -0.8890863798729423 0.3439049021344782 0.9371592124372548 0.2109091307483916 -0.2779387506465091 0 0 0 0 0 0
21.270401000976562 -0.3404388427734375 3.004988431930542 -0.9920049680579117 0 -0.12619882467131655 0.0018080025621296741 0.9998973687180229 -0.014212077874459963 0 0 0 0 0 0
18.568130493164062 0.6123046875 2.0488314628601074 0 1 0 0 0 1 0 0 0 0 0 0
18.971786499023438 0.6123046875 1.9096546173095703 0 1 0 0 0 1 0 0 0 0 0 0
19.423553466796875 0.6123046875 1.3265135288238525 0 1 0 0 0 1 0 0 0 0 0 0
19.095199584960938 0.6123046875 0.6658785343170166 0 1 0 0 0 1 0 0 0 0 0 0
20.675827026367188 1.0998382568359375 0.3429954946041107 -0.9999870658309906 0 -0.005086076162031645 -0.0038765024588914127 -0.6473658685799906 0.7621695381779312 0 0 0 0 0 0
20.260848999023438 0.27667236328125 0.3552344739437103 -0.3021303829176575 -0.8890720586210763 0.34390130313406975 -0.9484292489701763 0.24405673923222765 -0.20228264318324468 0 0 0 0 0 0
19.722381591796875 0.3776702880859375 0.1486024558544159 -0.2996436850397208 -0.5654510939966622 0.7684261332839968 -0.9335944117530549 0.33968274340953425 -0.11409254214557696 0 0 0 0 0 0
19.355392456054688 0.2594146728515625 0.0058045112527906895 -0.3104019177479131 -0.059700012446292736 0.9487289170107184 -0.9412992457920087 0.15861122537242084 -0.2979902834947051 0 0 0 0 0 0
18.892257690429688 0.43011474609375 -0.17433950304985046 -0.28068512533413637 0.25764437843255733 0.9245730012704574 -0.9539941734691831 0.030902660881029033 -0.29822833959455003 0 0 0 0 0 0
18.715713500976562 -0.031463623046875 -0.30761048197746277 -0.3149825251997229 0.6868808706244653 0.6549661658352914 -0.9479302187062733 -0.19346382621196917 -0.252982308493899 0 0 0 0 0 0
18.350860595703125 -0.3553466796875 -0.2201385200023651 -0.3255116294563989 0.9346872078917948 0.14283557852328138 -0.9297003189329797 -0.2888534184667131 -0.22851918872604562 0 0 0 0 0 0
18.020126342773438 -0.5079498291015625 -0.01860150508582592 -0.33290934122329074 0.8380907788100949 -0.4321749842364356 -0.9187964661879118 -0.39139146384742635 -0.05124232379561301 0 0 0 0 0 0
17.688095092773438 -0.5349578857421875 0.22370943427085876 -0.33390141332534923 0.4185497894442742 -0.8445862418578036 -0.9079696207981925 -0.3834809132797852 0.16891878775816654 0 0 0 0 0 0
17.356582641601562 -0.435577392578125 0.44919344782829285 -0.3283309886803006 -0.15697479010333878 -0.9314277627085362 -0.9020287816521454 -0.2404699170886464 0.3584944853781234 0 0 0 0 0 0
17.02728271484375 -0.221710205078125 0.5961865186691284 -0.31883252410506163 -0.6640246167859306 -0.676326200790043 -0.9038536460946661 -0.0017772951311235126 0.42783808580278976 0 0 0 0 0 0
16.700408935546875 0.0540924072265625 0.5980424880981445 -0.3090217617990717 -0.9311087746887473 -0.1937575816122229 -0.91247907012204 0.23283466287098617 0.3364074409922761 0 0 0 0 0 0
16.375686645507812 0.2889251708984375 0.43002447485923767 -0.3020849368619155 -0.8890887262837056 0.3438981356686172 -0.923879696949385 0.3619576301783503 0.12422954366971306 0 0 0 0 0 0
16.051925659179688 0.377655029296875 0.14858445525169373 -0.29968094547150065 -0.565449421426178 0.7684128335277255 -0.9335904750056517 0.33967638707353465 -0.11414366843321569 0 0 0 0 0 0
15.684417724609375 0.256103515625 0.025449486449360847 -0.3143719677594728 -0.05935721172597254 0.9474423398303219 -0.9408022838674006 0.152721518082495 -0.3026007279972425 0 0 0 0 0 0
15.221466064453125 0.4342193603515625 -0.1734274923801422 -0.27725216429428956 0.2598952937998067 0.9249787422718667 -0.9523177129818519 0.05328661659424284 -0.30041889093889146 0 0 0 0 0 0
15.18292236328125 0.472412109375 -1.1621454954147339 -0.3149814819004552 -0.6868785955067939 -0.6549690535394841 0.5358753904408998 0.44086550980519706 -0.7200521982356675 0 0 0 0 0 0
14.696762084960938 0.287139892578125 -3.123281478881836 -0.32547751652288903 -0.9346987939338757 -0.14283749807613808 -0.9297078532673353 0.2888154034468865 0.22853658417167144 0 0 0 0 0 0
14.36602783203125 0.43975830078125 -3.3248074054718018 -0.3328754862910797 -0.8381015853558356 0.43218010510724825 -0.9188006250613641 0.3913755360720021 0.05128938634064318 0 0 0 0 0 0
14.034027099609375 0.4667510986328125 -3.5671255588531494 -0.3339425715388064 -0.4185154160786207 0.844587002870982 -0.907980033317675 0.38341339138918085 -0.16901606550822515 0 0 0 0 0 0
13.702499389648438 0.36737060546875 -3.792616367340088 -0.3283334494894088 0.15697596661425783 0.9314266969825941 -0.9020158349527259 0.24051047432416245 -0.3584998538840751 0 0 0 0 0 0
13.373123168945312 0.153533935546875 -3.939598560333252 -0.31878974512555247 0.6640531151305035 0.6763183855908841 -0.9038683264657823 0.0017917139312322345 -0.4278070104300942 0 0 0 0 0 0
13.04632568359375 -0.122283935546875 -3.9414405822753906 -0.3090217439552232 0.9311087209237184 0.1937578684406632 -0.9124783675653962 -0.2328338014094588 -0.33640994284713194 0 0 0 0 0 0
12.721603393554688 -0.3571014404296875 -3.773425579071045 -0.30209463305017664 0.8890791157807068 -0.34391446402394305 -0.9238784979198769 -0.3619667090048139 -0.1242120068815271 0 0 0 0 0 0
12.397811889648438 -0.4458465576171875 -3.492002487182617 -0.29968121998371733 0.5654499393862833 -0.7684123453180064 -0.933582034285327 -0.33970859429362266 0.1141168533684725 0 0 0 0 0 0
12.030715942382812 -0.3276214599609375 -3.349205493927002 -0.3104413022476073 0.05970025043223218 -0.9487160154425235 -0.9412854537012125 -0.1586218525605865 0.2980281908490373 0 0 0 0 0 0
11.565567016601562 -0.500244140625 -3.172943592071533 -0.2807216199438508 -0.25764286195145647 -0.9245623439128174 -0.9538989162802295 -0.031665232486991976 0.29845296207434174 0 0 0 0 0 0
11.390045166015625 -0.0388031005859375 -3.040212392807007 -0.31498123596652616 -0.6868780591998631 -0.654969734246422 -0.9479311519897572 0.19346922183423587 0.2529746850778305 0 0 0 0 0 0
11.025253295898438 0.28509521484375 -3.1277034282684326 -0.3254659945582318 -0.9347038519292491 -0.14283065348462545 -0.9296998836263112 0.28879176007616286 0.22859887510076599 0 0 0 0 0 0
10.694534301757812 0.4376983642578125 -3.329226493835449 -0.3329096634794669 -0.8380915900818022 0.4321731627439917 -0.9188002572082861 0.3913846432464881 0.05122644224232947 0 0 0 0 0 0
10.362503051757812 0.4647064208984375 -3.5715465545654297 -0.33393723993482555 -0.41854688103323123 0.8445735185062723 -0.9079663156414707 0.3834677749588343 -0.16896637307042497 0 0 0 0 0 0
10.030990600585938 0.3653106689453125 -3.797034502029419 -0.3283320299821987 0.1570134350420274 0.9314208819347307 -0.9020151764235745 0.24050017030949544 -0.35850842330780963 0 0 0 0 0 0
9.861404418945312 0.1515655517578125 -4.597395420074463 -0.31879730647578836 -0.664030718418577 -0.6763368113449769 0.831947164194296 0.14585059883319496 -0.5353424313549856 0 0 0 0 0 0
9.35833740234375 0.052032470703125 -6.465210437774658 -0.30903275589903123 -0.9311037533617522 -0.1937641769190248 -0.9124781611481132 0.2328449812726196 0.3364027647388043 0 0 0 0 0 0
9.033584594726562 0.286865234375 -6.6332173347473145 -0.3020850065229459 -0.8890889313082839 0.34389754442148235 -0.9238796476145924 0.3619576449684912 0.12422986747316607 0 0 0 0 0 0
8.7098388671875 0.3755950927734375 -6.914664268493652 -0.29968713506990696 -0.5654229526484421 0.7684298964068934 -0.9335893033982634 0.33967341947338936 -0.11416208076064663 0 0 0 0 0 0
8.342330932617188 0.2540435791015625 -7.03779935836792 -0.31440678832169594 -0.059318436767803594 0.9474332137500038 -0.9407999902702149 0.15264039235745672 -0.30264878808368817 0 0 0 0 0 0
7.879364013671875 0.432159423828125 -7.236677646636963 -0.2772520114368678 0.25989515051174744 0.9249788283494316 -0.9523122352779383 0.053328498409481104 -0.30042882318001163 0 0 0 0 0 0
7.7050323486328125 -0.0348663330078125 -7.370169639587402 -0.314973105736244 0.6868984758377795 0.6549522322693466 -0.9478344374882018 -0.19202007753238298 -0.25443696456270243 0 0 0 0 0 0
7.3381805419921875 -0.357391357421875 -7.283379554748535 -0.3254997948256132 0.9346913714534162 0.14283530270565242 -0.9297022780821399 -0.28883967305496333 -0.22852859208068826 0 0 0 0 0 0
7.0074462890625 -0.510009765625 -7.0818376541137695 -0.33287557204087354 0.8381018012534943 -0.43217962038267105 -0.9187918293187626 -0.39139128377525 -0.05132677042094116 0 0 0 0 0 0
6.6754150390625 -0.5370025634765625 -6.83953332901001 -0.3339430758785935 0.4185160481453106 -0.8445864902528194 -0.9079692551075371 -0.3834482484545329 0.16899488908430063 0 0 0 0 0 0
6.3439178466796875 -0.4376068115234375 -6.614042282104492 -0.32836606410587793 -0.15701146838519905 -0.9314092155111727 -0.9020134013245241 -0.24046222217880084 0.3585383431877214 0 0 0 0 0 0
6.0145263671875 -0.223785400390625 -6.46704626083374 -0.31879730647578836 -0.664030718418577 -0.6763368113449769 -0.903856121298581 -0.001825331733010954 0.42783265438153445 0 0 0 0 0 0
5.687744140625 0.052032470703125 -6.465210437774658 -0.30903275589903123 -0.9311037533617522 -0.1937641769190248 -0.9124781611481132 0.2328449812726196 0.3364027647388043 0 0 0 0 0 0
5.3629913330078125 0.286865234375 -6.6332173347473145 -0.3020503401663079 -0.8890991763394972 0.34390150717588486 -0.9238818768777969 0.3619363477252218 0.12427533050483823 0 0 0 0 0 0
5.03924560546875 0.3755950927734375 -6.914664268493652 -0.29968713506990696 -0.5654229526484421 0.7684298964068934 -0.9335893033982634 0.33967341947338936 -0.11416208076064663 0 0 0 0 0 0
4.6721343994140625 0.25738525390625 -7.057442665100098 -0.31044147779638004 -0.059700284191611545 0.9487159558745919 -0.9412854498067048 0.15862148251204608 -0.2980284001028597 0 0 0 0 0 0
4.208984375 0.428070068359375 -7.237616539001465 -0.2806866334926751 0.25764576279009616 0.9245721576463668 -0.9539888388256746 0.03094662347634176 -0.29824084544450735 0 0 0 0 0 0
4.1691741943359375 0.469573974609375 -8.225212097167969 -0.3150164586635167 -0.6868716825739019 -0.6549594815324029 0.5361612760148362 0.44063381185665235 -0.71998120110932 0 0 0 0 0 0
3.6840667724609375 0.28509521484375 -10.186524391174316 -0.3254660222659646 -0.9347039315029221 -0.14283006960493883 -0.9296997794178162 0.28879181550060806 0.22859922889267756 0 0 0 0 0 0
3.3533477783203125 0.4376983642578125 -10.38805103302002 -0.33287540054123393 -0.838101369458046 0.4321805898314509 -0.9187955430537075 0.39138464688658636 0.051310897927291856 0 0 0 0 0 0
3.021331787109375 0.4647064208984375 -10.630365371704102 -0.3339374080399008 -0.4185470917310705 0.8445733476229615 -0.9079766706074591 0.3834340290792373 -0.16898731010539408 0 0 0 0 0 0
2.6898193359375 0.3653106689453125 -10.855860710144043 -0.32836730142701454 0.15697391326349497 0.9314151093407735 -0.9020139989589289 0.24047300804131727 -0.3585296055916197 0 0 0 0 0 0
2.3604278564453125 0.1514892578125 -11.002856254577637 -0.31879704944106946 0.6640301830346651 0.6763374581424699 -0.9038564832274699 0.0018251480420546549 -0.42783189053914067 0 0 0 0 0 0
2.0336456298828125 -0.12432861328125 -11.004680633544922 -0.3090326845159825 0.9311035382873842 0.19376532427025903 -0.9124815335350357 -0.23284800974386932 -0.3363915208739193 0 0 0 0 0 0
1.7089080810546875 -0.3591766357421875 -10.836682319641113 -0.30208513036456136 0.8890892957957862 -0.3438964933144549 -0.9238796569869288 -0.36195755547851877 -0.12423005851133574 0 0 0 0 0 0
1.3851470947265625 -0.4478912353515625 -10.555240631103516 -0.29968012193682164 0.5654478675495809 -0.7684142981488328 -0.9335906596403523 -0.33967591791410284 0.11414355444572206 0 0 0 0 0 0
1.01763916015625 -0.3263397216796875 -10.43210506439209 -0.31440678832169594 0.059318436767803594 -0.9474332137500038 -0.9407945974621109 -0.1526823865301528 0.3026443692348523 0 0 0 0 0 0
0.5546722412109375 -0.5044708251953125 -10.23322868347168 -0.2772171019191531 -0.2598981856853158 -0.9249884385661408 -0.9523175932226785 -0.05337275990827798 0.3004039782332094 0 0 0 0 0 0
0.380340576171875 -0.0374298095703125 -10.099735260009766 -0.31497335165090573 -0.6868990121324766 -0.6549515515526494 -0.9478343746100744 0.19202075291561174 0.2544366890942638 0 0 0 0 0 0
0.01348876953125 0.28509521484375 -10.186525344848633 -0.3254660222659646 -0.9347039315029221 -0.14283006960493883 -0.9296997794178162 0.28879181550060806 0.22859922889267756 0 0 0 0 0 0
-0.317230224609375 0.4376983642578125 -10.388050079345703 -0.3329093204541565 -0.8380907265243288 0.43217510162973805 -0.9188001659291758 0.39138483631194265 0.051226604353530415 0 0 0 0 0 0
-0.649261474609375 0.4647064208984375 -10.630367279052734 -0.3339374080399008 -0.4185470917310705 0.8445733476229615 -0.9079662774769 0.3834678318541228 -0.1689664490300941 0 0 0 0 0 0
-0.991912841796875 0.3696746826171875 -10.859387397766113 -0.32833399634050425 0.15697622806334088 0.9314264601513528 -0.901695836790741 0.2416010534939292 -0.35857153939607284 0 0 0 0 0 0
-1.3237152099609375 0.153533935546875 -11.008956909179688 -0.3187975635106759 0.6640312538028401 0.6763361645459193 -0.9038564527202749 0.0018236984949523544 -0.42783196117134725 0 0 0 0 0 0
-1.6504974365234375 -0.122283935546875 -11.010795593261719 -0.30902170826745307 0.9311086133934405 0.19375844209739468 -0.9124785033661258 -0.2328336920301744 -0.3364096502039045 0 0 0 0 0 0
-1.9752349853515625 -0.3571014404296875 -10.84278392791748 -0.30209463305017664 0.8890791157807068 -0.34391446402394305 -0.923882272794312 -0.3619622061623591 -0.12419705039369754 0 0 0 0 0 0
-2.2989959716796875 -0.4458465576171875 -10.561355590820312 -0.29968121998371733 0.5654499393862833 -0.7684123453180064 -0.9335904134606143 -0.33967654346019993 0.11414370642909082 0 0 0 0 0 0
-2.66650390625 -0.3242950439453125 -10.438215255737305 -0.3143717000723263 0.05935716118341702 -0.9474424318183566 -0.94080222066071 -0.15272265942613536 0.30260034847581685 0 0 0 0 0 0
-3.12945556640625 -0.502410888671875 -10.239339828491211 -0.2772529285837134 -0.2598960102422729 -0.924978311881907 -0.9523175559141761 -0.05328569380483613 0.30041955251512464 0 0 0 0 0 0
-3.303802490234375 -0.0353851318359375 -10.10583209991455 -0.3149811129996098 -0.6868777910465028 -0.6549700745992931 -0.9478325554313152 0.1920296162132414 0.2544367767472667 0 0 0 0 0 0
-3.6706695556640625 0.287139892578125 -10.192638397216797 -0.3254776273663275 -0.9346991122514952 -0.14283516247847772 -0.9297006922553412 0.28880751899269713 0.22857567629391906 0 0 0 0 0 0
-4.0013885498046875 0.43975830078125 -10.3941650390625 -0.33287540054123393 -0.838101369458046 0.4321805898314509 -0.9187917912687268 0.3913913667257188 0.0513268190109072 0 0 0 0 0 0
-4.333404541015625 0.4667510986328125 -10.636467933654785 -0.33397663233252706 -0.4185102950679788 0.8445760723451365 -0.9079770479655803 0.38339990066756574 -0.16906270001337126 0 0 0 0 0 0
-4.6649169921875 0.36737060546875 -10.86197280883789 -0.32833399634050425 0.15697622806334088 0.9314264601513528 -0.9020037800898121 0.24055084743444696 -0.35850309692143445 0 0 0 0 0 0
-4.994293212890625 0.153533935546875 -11.008956909179688 -0.31883183326551273 0.6640231779914788 0.6763279390847675 -0.9038671368242486 0.001743991421701245 -0.4278097210946194 0 0 0 0 0 0
-5.321075439453125 -0.122283935546875 -11.010795593261719 -0.3090562110347933 0.9310976370215095 0.19375615797640747 -0.9124883629978134 -0.23288769229301787 -0.3363455220037921 0 0 0 0 0 0
-5.6458282470703125 -0.3571014404296875 -10.84278392791748 -0.30209463305017664 0.8890791157807068 -0.34391446402394305 -0.923882272794312 -0.3619622061623591 -0.12419705039369754 0 0 0 0 0 0
-5.9695892333984375 -0.4458465576171875 -10.561355590820312 -0.299646498512687 0.5654564032404277 -0.7684211293057247 -0.9335939768507804 -0.33968359736770015 0.11409355839521738 0 0 0 0 0 0
-6.336700439453125 -0.3276214599609375 -10.418560028076172 -0.3104411266990221 0.05970021667288886 -0.9487160750103539 -0.9412798568278107 -0.15866381340355304 0.2980235316991915 0 0 0 0 0 0
-6.799835205078125 -0.4983062744140625 -10.23840045928955 -0.2806866334926751 -0.25764576279009616 -0.9245721576463668 -0.9539890301999161 -0.030944870845177334 0.2982404151462355 0 0 0 0 0 0
-6.8701171875 -0.54022216796875 -9.250981330871582 -0.31501547484361325 0.6868695374223904 0.6549622043829736 0.5148832779220142 -0.4560374818052524 0.725896015490515 0 0 0 0 0 0
-7.357757568359375 -0.3553466796875 -7.289491653442383 -0.3254656897660073 0.9347029765982744 0.14283707615133662 -0.9297003616926856 -0.28879034744760457 -0.22859871541542331 0 0 0 0 0 0
-7.688446044921875 -0.5079498291015625 -7.08794641494751 -0.3328752290413864 0.8381009376620742 -0.4321815592787324 -0.9188005910754473 -0.39137561912978985 -0.05128936137428978 0 0 0 0 0 0
-8.020477294921875 -0.534942626953125 -6.845648288726807 -0.3339427396519336 0.4185156267673479 -0.8445868319985192 -0.907979844029248 -0.3834139398726342 0.16901583815715826 0 0 0 0 0 0
-8.35198974609375 -0.4355621337890625 -6.620143413543701 -0.32836766602250705 -0.15697408755606607 -0.9314149514297437 -0.9020134104292815 -0.24047447276596906 0.3585301038318343 0 0 0 0 0 0
-8.681396484375 -0.2217254638671875 -6.473161697387695 -0.31875547477075356 -0.6640611901399327 -0.6763266097482841 -0.9038460919798137 -0.001901667292960442 0.42785350959683033 0 0 0 0 0 0
-9.008148193359375 0.0540924072265625 -6.471322536468506 -0.3090672596393457 -0.9310927762622995 -0.19376189256711157 -0.9124877630516902 0.2328987148057657 0.33633951733738543 0 0 0 0 0 0
-9.332916259765625 0.2889251708984375 -6.639331340789795 -0.3020498448425084 -0.889097718330935 0.3439057116265184 -0.9238717694882713 0.36194871270705187 0.12431445174362799 0 0 0 0 0 0
-9.65667724609375 0.377655029296875 -6.920759677886963 -0.29968094547150065 -0.565449421426178 0.7684128335277255 -0.9335988206996647 0.3396444572374864 -0.11417041935654132 0 0 0 0 0 0
-10.024169921875 0.2560882568359375 -7.043901443481445 -0.3144078536230717 -0.059318637755869506 0.9474328476440538 -0.9407950995737083 0.15267589173080118 -0.3026460848950486 0 0 0 0 0 0
-10.487152099609375 0.4342193603515625 -7.242778301239014 -0.2772520114368678 0.25989515051174744 0.9249788283494316 -0.9523123433586961 0.05332768050133769 -0.30042862576494983 0 0 0 0 0 0
-10.661468505859375 -0.032806396484375 -7.376282691955566 -0.3149452744419811 0.6868828260177219 0.6549820283248795 -0.9478426557482599 -0.19197691229461344 -0.254438922120638 0 0 0 0 0 0
-11.0283203125 -0.3553466796875 -7.289485454559326 -0.3254656343478281 0.9347028174431354 0.14283824390698183 -0.9297002359982963 -0.28878983510855344 -0.22859987384661168 0 0 0 0 0 0
-11.359039306640625 -0.5079345703125 -7.087957382202148 -0.33294323907480483 0.8380800827765196 -0.4321696130082253 -0.9187923834285638 -0.39140724626859913 -0.05119495797528455 0 0 0 0 0 0
-11.691162109375 -0.5349578857421875 -6.845644474029541 -0.3338672665026695 0.41855480439525705 -0.8445972555459103 -0.9079619937761757 -0.3835289114738954 0.16885079781168139 0 0 0 0 0 0
-12.022552490234375 -0.435546875 -6.6201395988464355 -0.3282985026321851 -0.1569774969011668 -0.9314387573190785 -0.9020165885655101 -0.2405532709640036 0.3584692424478814 0 0 0 0 0 0
-12.162872314453125 -0.220703125 -5.819723606109619 -0.31883260443532074 0.6640247840877755 0.6763259986620161 0.8401744276292837 -0.13227059621013712 0.5259386090942748 0 0 0 0 0 0
-12.662322998046875 -0.122283935546875 -3.9519824981689453 -0.3089870615404569 0.9311191586593843 0.193763020667087 -0.9124900621485663 -0.23280111639592735 -0.33640084227735767 0 0 0 0 0 0
-12.9869384765625 -0.3571014404296875 -3.7839443683624268 -0.3020494114305489 0.8890964425627437 -0.34390939050385505 -0.9238713410750271 -0.3619494978473209 -0.12431534960858061 0 0 0 0 0 0
-13.310699462890625 -0.4458465576171875 -3.502532482147217 -0.2997517576097263 0.5654390815791515 -0.7683928219555447 -0.933588351039466 -0.3396427064140747 0.1142612041908088 0 0 0 0 0 0
-13.6778564453125 -0.3276214599609375 -3.359729528427124 -0.3104425310929542 0.05970048674864504 -0.9487155984648797 -0.9412803819746977 -0.15865672337459708 0.29802564761711997 0 0 0 0 0 0
-14.14306640625 -0.500274658203125 -3.1834795475006104 -0.28068524134580514 -0.2576444849211155 -0.9245729363767794 -0.9539056336695206 -0.03171040974122565 0.29842669446213077 0 0 0 0 0 0
-14.318572998046875 -0.0388031005859375 -3.050748586654663 -0.31501399911761163 -0.6868663197035257 -0.6549662886109969 -0.9479236935095994 0.19354210484354656 0.25294688164879353 0 0 0 0 0 0
-14.683258056640625 0.2851104736328125 -3.138258457183838 -0.3254660499735888 -0.934704011076283 -0.14282948572510304 -0.9296994246196618 0.2887915698120991 0.22860098220990535 0 0 0 0 0 0
-15.0140380859375 0.437713623046875 -3.339754581451416 -0.3328756577906153 -0.838102017151022 0.43217913565771915 -0.9188006938049711 0.39137539814022665 0.051289207384042114 0 0 0 0 0 0
-15.346038818359375 0.4647064208984375 -3.582071542739868 -0.3340083858028984 -0.4185404304510508 0.8445485813682901 -0.9079745895812921 0.3833932491170615 -0.16909098499372188 0 0 0 0 0 0
-15.67767333984375 0.365325927734375 -3.8075735569000244 -0.3282963541898781 0.15701461699343927 0.9314332578752154 -0.9020172499105794 0.24053955041320166 -0.35847678523269855 0 0 0 0 0 0
-16.007049560546875 0.1514892578125 -3.954549551010132 -0.31875277634064675 0.6640555685181879 0.6763334011381634 -0.9038706206314462 0.0018454297477698556 -0.4278019349516438 0 0 0 0 0 0
-16.33367919921875 -0.12432861328125 -3.9563655853271484 -0.3090672953338673 0.9310928837952398 0.19376131889743192 -0.9124902145912753 -0.23290153427675528 -0.3363309138433481 0 0 0 0 0 0
-16.6585693359375 -0.359161376953125 -3.7883975505828857 -0.3021189285575123 0.8890764984709519 -0.34389988786548364 -0.9238911574149964 -0.3619630162012548 -0.124128579114032 0 0 0 0 0 0
-16.9822998046875 -0.4478912353515625 -3.506943464279175 -0.29967778860462013 0.5654434649295169 -0.7684184478430661 -0.9335996803600157 -0.33964207759858994 0.11417046884457463 0 0 0 0 0 0
-17.3497314453125 -0.326324462890625 -3.383822441101074 -0.3144087413794183 0.05931880524690554 -0.9474325425529194 -0.9407941171780759 -0.15268138622352478 0.3026463668772314 0 0 0 0 0 0
-17.81280517578125 -0.5044708251953125 -3.184929370880127 -0.2772492625423141 -0.2599307202756368 -0.9249696573816526 -0.952312185096454 -0.05332408153556133 0.30042976624363693 0 0 0 0 0 0
-17.88177490234375 -0.5430450439453125 -2.196380615234375 -0.31501682759651023 0.6868724870068738 0.6549584604568618 0.5148426153477859 -0.4560620091320356 0.72590944700307 0 0 0 0 0 0
-18.37042236328125 -0.357391357421875 -0.23509052395820618 -0.32547752345065484 0.934698813828873 0.1428373521013542 -0.9296984527065736 -0.28880415010013893 -0.2285890415569817 0 0 0 0 0 0
-18.701141357421875 -0.510009765625 -0.03355452045798302 -0.33287557070103335 0.8381017978800942 -0.4321796279564954 -0.9188006633367849 -0.39137546022859465 -0.05128927941334049 0 0 0 0 0 0
-19.03314208984375 -0.5370025634765625 0.20875343680381775 -0.3340143489093088 0.41850975581133243 -0.8445614240618793 -0.9079732067651171 -0.38338772180739544 0.16911094158570902 0 0 0 0 0 0
-19.364776611328125 -0.4376373291015625 0.43426546454429626 -0.32829841434607027 -0.15697745468673938 -0.9314387955512313 -0.9020146848414632 -0.24055990800022314 0.35846957889516956 0 0 0 0 0 0
-19.694000244140625 -0.2237548828125 0.581242561340332 -0.3188243837209606 -0.6640458090230297 -0.6763092309468354 -0.9038647147525488 -0.0017483757159536435 0.42781482046283714 0 0 0 0 0 0
-20.020843505859375 0.052032470703125 0.5830905437469482 -0.3090672953338673 -0.9310928837952398 -0.19376131889743192 -0.9124893278596791 0.23290060544639987 0.336333962788315 0 0 0 0 0 0
-21.2186279296875 -0.3250274658203125 1.169487476348877 0.9993169475695278 0 -0.03695454370333222 0.0057741132151343365 0.9877176858958546 0.1561423471871638 0 0 0 0 0 0
-17.39031982421875 0.6123046875 1.0580315589904785 0 1 0 0 0 1 0 0 0 0 0 0
-17.793853759765625 0.6123046875 1.1972074508666992 0 1 0 0 0 1 0 0 0 0 0 0
-18.245635986328125 0.6123046875 1.7803494930267334 0 1 0 0 0 1 0 0 0 0 0 0
-17.917388916015625 0.6123046875 2.4409844875335693 0 1 0 0 0 1 0 0 0 0 0 0
-20.487518310546875 1.1237030029296875 3.586737632751465 0.9921273526790756 0 -0.12523304702038188 -0.10660297550038843 -0.5247818089681057 -0.8445352915009687 0 0 0 0 0 0
-20.28448486328125 0.4434661865234375 3.262693405151367 0.3090673310282914 -0.9310929913278866 -0.1937607452275535 0.9371472942829532 0.26346818247765835 0.22877820184637243 0 0 0 0 0 0
-19.733489990234375 0.542755126953125 3.488344669342041 0.3187609793900331 -0.6640345103210036 -0.6763502104095569 0.9357802261692078 0.3339220505761978 0.11318759848010651 0 0 0 0 0 0
-19.40423583984375 0.4577178955078125 3.743349552154541 0.3283665722382728 -0.15697356467942528 -0.931415425161255 0.9283867427185891 0.23528225041712456 0.287646169074128 0 0 0 0 0 0
-19.072540283203125 0.2592620849609375 3.9008307456970215 0.334013886519796 0.41850917645142555 -0.8445618940242867 0.9179902624210956 0.05884426855387744 0.3922132457712351 0 0 0 0 0 0
-18.73974609375 0.0179290771484375 3.9319496154785156 0.3329434106006819 0.8380805145390675 -0.43216864357275797 0.9076429042445643 -0.16060187174472967 0.3878032970032386 0 0 0 0 0 0
-18.408172607421875 -0.207366943359375 3.836315631866455 0.32554589355385843 0.9346760585723739 0.14283044746072895 0.902002963472658 -0.35230032530188715 0.24954986411282118 0 0 0 0 0 0
-18.079193115234375 -0.35601806640625 3.626216411590576 0.31493653029685087 0.6869019017751203 0.6549662275433017 0.9041562826493678 -0.42700203843958745 0.013064291565704052 0 0 0 0 0 0
-17.64056396484375 -0.450347900390625 3.4381985664367676 0.2772520114368678 0.25989515051174744 0.9249788283494316 0.9173708965857895 -0.35776892656649817 -0.17444779528799015 0 0 0 0 0 0
-17.32318115234375 -0.484893798828125 3.3195953369140625 0.3144085638277708 -0.059318771748626986 0.9474326035713532 0.9411105465579925 0.15019437876345823 -0.30290689616642175 0 0 0 0 0 0
-17.038543701171875 -0.093414306640625 3.041700601577759 0.299608345110154 -0.5654563915925405 0.7684360147387019 0.9379725146088504 0.027281132153760972 -0.3456346360924483 0 0 0 0 0 0
-16.71405029296875 0.2282867431640625 3.0399765968322754 0.3021189285575123 -0.8890764984709519 0.34389988786548364 0.9371697408873089 0.21099109031388055 -0.27784102752000917 0 0 0 0 0 0
-16.3896484375 0.46185302734375 3.216891288757324 0.3090673310282914 -0.9310929913278866 -0.1937607452275535 0.9389133535194043 0.33115813267944144 -0.09368033808228815 0 0 0 0 0 0
-16.062896728515625 0.542755126953125 3.488344669342041 0.3187609793900331 -0.6640345103210036 -0.6763502104095569 0.9357802261692078 0.3339220505761978 0.11318759848010651 0 0 0 0 0 0
-15.733642578125 0.4577178955078125 3.743349552154541 0.3282985026321851 -0.1569774969011668 -0.9314387573190785 0.9283975833036947 0.23533956030048545 0.28756428615778035 0 0 0 0 0 0
-15.401947021484375 0.2592620849609375 3.9008307456970215 0.334013886519796 0.41850917645142555 -0.8445618940242867 0.9179902624210956 0.05884426855387744 0.3922132457712351 0 0 0 0 0 0
-15.218841552734375 0.74822998046875 5.0847344398498535 0.3328757435403051 -0.8381022330484188 0.4321786509323927 -0.3341241220753219 0.3237493062354887 0.8851821607779018 0 0 0 0 0 0
-14.75408935546875 0.13507080078125 6.908025741577148 0.3254656897660073 -0.9347029765982744 -0.14283707615133662 0.901982112900261 0.35223326508269037 -0.24971983296720432 0 0 0 0 0 0
-14.425140380859375 0.2837066650390625 7.118101119995117 0.3150174424854751 -0.686873827729894 -0.654956758656321 0.9041601226228536 0.426998042213487 -0.01292844168783824 0 0 0 0 0 0
-13.98516845703125 0.3672943115234375 7.288933753967285 0.28068477729965663 -0.25764405896736625 -0.9245731959510086 0.9180091225175279 0.35322034010740216 0.18026270359952343 0 0 0 0 0 0
-13.665008544921875 0.4210357666015625 7.427117347717285 0.3104425310929542 0.05970048674864504 -0.9487155984648797 0.9454019495720105 -0.12354014268127836 0.30158412904483384 0 0 0 0 0 0
-13.386383056640625 0.0197296142578125 7.706543922424316 0.2996887822527487 0.5654260604060898 -0.7684269672555184 0.9371189965385489 -0.023454207334013343 0.34822103107784336 0 0 0 0 0 0
-13.05889892578125 -0.2985076904296875 7.708815574645996 0.3020494733467508 0.8890966248159536 -0.3439088649509193 0.9371643670825078 -0.21086421264935173 0.2779554512770197 0 0 0 0 0 0
-12.73455810546875 -0.5321044921875 7.531866073608398 0.3089870615404569 0.9311191586593843 0.193763020667087 0.9389261179639152 -0.3310933594386161 0.09378130059272691 0 0 0 0 0 0
-12.408050537109375 -0.61297607421875 7.260392189025879 0.31876380653304287 0.6640403997511581 0.676343095730922 0.9357646573820946 -0.333990033228418 -0.11311570933628758 0 0 0 0 0 0
-12.078521728515625 -0.527984619140625 7.0054216384887695 0.3283665722382728 0.15697356467942528 0.931415425161255 0.9283867427185891 -0.23528225041712456 -0.287646169074128 0 0 0 0 0 0
-11.746856689453125 -0.329498291015625 6.8479084968566895 0.3339350545811553 -0.41854414197674616 0.8445757399658305 0.9180001975463147 -0.05894105081040508 -0.3921754579703997 0 0 0 0 0 0
-11.414306640625 -0.0881500244140625 6.816836357116699 0.33294323907480483 -0.8380800827765196 0.4321696130082253 0.9076405227811207 0.16059631278717218 -0.38781117276940186 0 0 0 0 0 0
-11.08251953125 0.1371002197265625 6.9124226570129395 0.3254656343478281 -0.9347028174431354 -0.14283824390698183 0.9020102178814607 0.3522288132347163 -0.24962457804611918 0 0 0 0 0 0
-10.75360107421875 0.285736083984375 7.122532844543457 0.3149452744419811 -0.6868828260177219 -0.6549820283248795 0.9041434493089036 0.4270289194202392 -0.01307383075388511 0 0 0 0 0 0
-10.314910888671875 0.3801116943359375 7.310553550720215 0.2772517057224872 -0.2598948639360629 -0.9249790005041341 0.9173662172765976 0.35778374880201136 0.17444200323547568 0 0 0 0 0 0
-9.99755859375 0.414642333984375 7.4291486740112305 0.3144074985218568 0.05931857075970484 -0.9474329696797842 0.9411002422628857 -0.15027878014765697 0.30289704892928604 0 0 0 0 0 0
-9.7130126953125 0.0231475830078125 7.7070417404174805 0.2996806709596125 0.5654489034666925 -0.7684133217361029 0.9379617452410155 -0.02738060642274176 0.34565599496660193 0 0 0 0 0 0
-9.466094970703125 1.2995758056640625 8.50863265991211 0.3021190524121463 -0.8890768629507442 0.34389883677507604 -0.07066454157224981 0.33887686012116736 0.9381732229384948 0 0 0 0 0 0
-9.047515869140625 0.4639129638671875 10.280137062072754 0.30899832231479146 -0.9311149445752382 -0.193765313705253 0.9389114206090887 0.33111573964912944 -0.09384940706489947 0 0 0 0 0 0
-8.720855712890625 0.5447998046875 10.551591873168945 0.31876329250552304 -0.6640393289425132 -0.676344389322936 0.9357669345774774 0.33398013192327125 0.11312610499785418 0 0 0 0 0 0
-8.391510009765625 0.4597930908203125 10.806595802307129 0.32836606410587793 -0.15701146838519905 -0.9314092155111727 0.9284001634704401 0.23522082178209083 0.2876530922278049 0 0 0 0 0 0
-8.059783935546875 0.261322021484375 10.964091300964355 0.3339427396519336 0.4185156267673479 -0.8445868319985192 0.9179998392035565 0.05894069138540918 0.39217635079292384 0 0 0 0 0 0
-7.72711181640625 0.0199737548828125 10.995177268981934 0.33287540054123393 0.838101369458046 -0.4321805898314509 0.9076485773561126 -0.16050768754169253 0.38782901163198624 0 0 0 0 0 0
-7.3955078125 -0.2053070068359375 10.899555206298828 0.3254660222659646 0.9347039315029221 0.14283006960493883 0.9020057724177004 -0.3522277257988375 0.24964217533046545 0 0 0 0 0 0
-7.0665283203125 -0.3539581298828125 10.689470291137695 0.3149384974411353 0.6869061922750148 0.6549607819127498 0.9041382704549029 -0.42703872579287533 0.013111619732688332 0 0 0 0 0 0
-6.626617431640625 -0.4375152587890625 10.518645286560059 0.2806893920431477 0.2576101473861615 0.9245812442171473 0.9180132953442492 -0.3531974418350599 -0.18028631853904473 0 0 0 0 0 0
-6.307037353515625 -0.488739013671875 10.38452434539795 0.3104411266990221 -0.05970021667288886 0.9487160750103539 0.9447637554417789 0.12973019186192558 -0.30098425826447217 0 0 0 0 0 0
-6.0286865234375 -0.087921142578125 10.105462074279785 0.29968121998371733 -0.5654499393862833 0.7684123453180064 0.9371196389371275 0.02345219409286615 -0.3482194378701145 0 0 0 0 0 0
-5.7012786865234375 0.2303314208984375 10.103196144104004 0.3020841396238825 -0.8890863798729423 0.3439049021344782 0.9371579497273583 0.21090619240530056 -0.2779452378939288 0 0 0 0 0 0
-5.3769378662109375 0.4639129638671875 10.280137062072754 0.3090328272816903 -0.9311039684349458 -0.19376302956699548 0.9389123050368005 0.331137023830667 -0.09376542485932898 0 0 0 0 0 0
-5.0502777099609375 0.5447998046875 10.551591873168945 0.3187975635106759 -0.6640312538028401 -0.6763361645459193 0.9357673724753622 0.33395138683293185 0.1132073135575544 0 0 0 0 0 0
-4.720916748046875 0.4597930908203125 10.806595802307129 0.32836606410587793 -0.15701146838519905 -0.9314092155111727 0.9283928631695155 0.23526107806198499 0.28764373235831453 0 0 0 0 0 0
-4.389190673828125 0.261322021484375 10.964091300964355 0.3339427396519336 0.4185156267673479 -0.8445868319985192 0.9179909668525286 0.05897827798088747 0.39219146791276455 0 0 0 0 0 0
-4.0565338134765625 0.0199737548828125 10.995177268981934 0.33287540054123393 0.838101369458046 -0.4321805898314509 0.9076485773561126 -0.16050768754169253 0.38782901163198624 0 0 0 0 0 0
-3.7249298095703125 -0.2053070068359375 10.899555206298828 0.3255001273521553 0.9346923263224963 0.14282829624262364 0.9020044263607014 -0.3522582339613451 0.24960398921518978 0 0 0 0 0 0
-3.3959503173828125 -0.3539581298828125 10.689470291137695 0.31497285982171075 0.6868979395433626 0.6549529129844497 0.9041493519582774 -0.4270177126696429 0.01303159314180331 0 0 0 0 0 0
-2.95721435546875 -0.4483184814453125 10.501452445983887 0.2772523171518657 0.2598954370880106 0.9249786561941595 0.917353985961196 -0.3578219027709181 -0.17442806637266167 0 0 0 0 0 0
-2.639862060546875 -0.4828338623046875 10.382852554321289 0.31440678832169594 -0.059318436767803594 0.9474332137500038 0.9411056061870039 0.15023798396861685 -0.3029006209574979 0 0 0 0 0 0
-2.3553619384765625 -0.091339111328125 10.104962348937988 0.29968121998371733 -0.5654499393862833 0.7684123453180064 0.9379616446205343 0.027381764103041117 -0.34565617630146306 0 0 0 0 0 0
-2.03070068359375 0.2303314208984375 10.103196144104004 0.3020841396238825 -0.8890863798729423 0.3439049021344782 0.9371654011637395 0.21092353348956355 -0.2779069518415911 0 0 0 0 0 0
-1.70635986328125 0.4639129638671875 10.280137062072754 0.3090673310282914 -0.9310929913278866 -0.1937607452275535 0.9389131824179164 0.3311583055663537 -0.09368144179229002 0 0 0 0 0 0
-1.37969970703125 0.5447998046875 10.551591873168945 0.31883183326551273 -0.6640231779914788 -0.6763279390847675 0.9357678034290315 0.33392263923754517 0.11328852135250918 0 0 0 0 0 0
-1.050323486328125 0.4597930908203125 10.806595802307129 0.32836606410587793 -0.15701146838519905 -0.9314092155111727 0.9283928631695155 0.23526107806198499 0.28764373235831453 0 0 0 0 0 0
-0.7076568603515625 0.26287841796875 10.968141555786133 0.33397130031523 0.4185417598011083 -0.8445625884849185 0.9180193182056242 0.058789801167301016 0.39215340197426574 0 0 0 0 0 0
-0.3723907470703125 0.017913818359375 11.001289367675781 0.33287540054123393 0.838101369458046 -0.4321805898314509 0.9076369632198552 -0.16048400569037308 0.38786599092291124 0 0 0 0 0 0
-0.040771484375 -0.207366943359375 10.905671119689941 0.32546591143438225 0.9347036132063605 0.14283240512279072 0.9020059496842333 -0.3522282198849759 0.24964083770670473 0 0 0 0 0 0
0.2881927490234375 -0.3560028076171875 10.695579528808594 0.31498160486746785 0.6868788636603641 0.6549687131854172 0.9041489937541661 -0.4270191759479767 0.013008476699445033 0 0 0 0 0 0
0.7269287109375 -0.4503631591796875 10.507552146911621 0.27721649055450426 0.2598976125151834 0.9249887828366095 0.9173539212964306 -0.35784372489525457 -0.17438363350713765 0 0 0 0 0 0
1.044281005859375 -0.484893798828125 10.388951301574707 0.31440678832169594 -0.059318436767803594 0.9474332137500038 0.9411059234775632 0.15023546631967172 -0.302900883879783 0 0 0 0 0 0
1.3287811279296875 -0.0933990478515625 10.111061096191406 0.2996865860115882 -0.5654219167341853 0.7684308727799521 0.9379621087438185 0.02738276140151524 -0.3456548378641288 0 0 0 0 0 0
1.54498291015625 -1.37347412109375 9.30559253692627 0.3020848826810535 0.8890885668199663 -0.3438985955272171 -0.09165725902233972 -0.33199181692626306 -0.9388186088710164 0 0 0 0 0 0
1.9613037109375 -0.534149169921875 7.5379791259765625 0.3090326845159825 0.9311035382873842 0.19376532427025903 0.9389122702195676 -0.3311371973805517 0.09376516059865402 0 0 0 0 0 0
2.2879486083984375 -0.61505126953125 7.266512870788574 0.3187975635106759 0.6640312538028401 0.6763361645459193 0.9357715759644184 -0.3339327238539973 -0.11322761834693407 0 0 0 0 0 0
2.617340087890625 -0.530029296875 7.011518478393555 0.32833399634050425 0.15697622806334088 0.9314264601513528 0.9283915300476856 -0.23531213390480304 -0.28760627005141143 0 0 0 0 0 0
2.9490509033203125 -0.3315582275390625 6.854023456573486 0.3339377442504567 -0.41854751312725735 0.8445730058555654 0.9179904077510076 -0.0589756652298253 -0.39219316948136485 0 0 0 0 0 0
3.281707763671875 -0.0902252197265625 6.822936534881592 0.33287540054123393 -0.838101369458046 0.4321805898314509 0.9076482971488498 0.16050711614288873 -0.38782990388865907 0 0 0 0 0 0
3.6133270263671875 0.13507080078125 6.918558597564697 0.3254656897660073 -0.9347029765982744 -0.14283707615133662 0.9019932063547539 0.35223140509081924 -0.24968238415558613 0 0 0 0 0 0
3.942291259765625 0.2837066650390625 7.128630638122559 0.31497335165090573 -0.6868990121324766 -0.6549515515526494 0.9041493740309973 0.4270176662943609 -0.013031581326690555 0 0 0 0 0 0
4.3822174072265625 0.367279052734375 7.299454689025879 0.2807217746435133 -0.25764300393291056 -0.9245622573766588 0.9180131576000992 0.3531840147839072 0.1803133222316549 0 0 0 0 0 0
4.7017669677734375 0.418487548828125 7.433589935302734 0.3104755968127604 0.059699509646390224 -0.9487048394162121 0.9447488561363135 -0.1297672782360546 0.3010150367146692 0 0 0 0 0 0
4.9801483154296875 0.017669677734375 7.712652206420898 0.2996806709596125 0.5654489034666925 -0.7684133217361029 0.9371200922171509 -0.02345266709671257 0.34821818615484385 0 0 0 0 0 0
5.3075408935546875 -0.300567626953125 7.714900970458984 0.3020848826810535 0.8890885668199663 -0.3438985955272171 0.9371592404051329 -0.21091236075801306 0.2779362052751612 0 0 0 0 0 0
5.63189697265625 -0.534149169921875 7.5379791259765625 0.3090326845159825 0.9311035382873842 0.19376532427025903 0.9389123105349081 -0.33113715667013527 0.09376490067407328 0 0 0 0 0 0
5.9585418701171875 -0.61505126953125 7.266513824462891 0.3187975635106759 0.6640312538028401 0.6763361645459193 0.9357738544188463 -0.333922606333911 -0.11323862576552073 0 0 0 0 0 0
6.2879180908203125 -0.530029296875 7.011517524719238 0.3283680306187475 0.15697426184899463 0.9314147935181879 0.9283934094813423 -0.23524322654586333 -0.2876565688384336 0 0 0 0 0 0
6.61962890625 -0.3315582275390625 6.85402250289917 0.3339377442504567 -0.41854751312725735 0.8445730058555654 0.9179992802159687 -0.05893808054669623 -0.3921780516352677 0 0 0 0 0 0
6.832763671875 -0.81988525390625 5.671143531799316 0.33290914894118934 0.8380902947448068 -0.43217607107036377 -0.31653020549564115 -0.33240384880667095 -0.888434752982682 0 0 0 0 0 0
7.3003997802734375 -0.207366943359375 3.846848487854004 0.3255001273521553 0.9346923263224963 0.14282829624262364 0.9020044263607014 -0.3522582339613451 0.24960398921518978 0 0 0 0 0 0
7.629364013671875 -0.3560028076171875 3.636756420135498 0.3149813589334746 0.6868783273532933 0.6549693938931523 0.9041489934020881 -0.42701917736431094 0.01300845467756962 0 0 0 0 0 0
8.068099975585938 -0.4503631591796875 3.448728561401367 0.2772520114368678 0.25989515051174744 0.9249788283494316 0.9173543349537217 -0.35782093394465386 -0.17442821839539327 0 0 0 0 0 0
8.385467529296875 -0.484893798828125 3.330127716064453 0.31440678832169594 -0.059318436767803594 0.9474332137500038 0.9411111538633865 0.15019395691219864 -0.30290521847763235 0 0 0 0 0 0
8.669952392578125 -0.0933990478515625 3.0522375106811523 0.2996868605405833 -0.5654224346910037 0.7684303845940935 0.9379621014799462 0.027383543757521344 -0.34565479559613094 0 0 0 0 0 0
8.994613647460938 0.228271484375 3.0504894256591797 0.3020848826810535 -0.8890885668199663 0.3438985955272171 0.9371592404051329 0.21091236075801306 -0.2779362052751612 0 0 0 0 0 0
9.3189697265625 0.46185302734375 3.2274203300476074 0.30903275589903123 -0.9311037533617522 -0.1937641769190248 0.9389123077858963 0.3311370902505989 -0.09376516276597202 0 0 0 0 0 0
9.6456298828125 0.542755126953125 3.4988813400268555 0.3187892310946732 -0.6640520443814851 -0.6763196792130458 0.9357673360485587 0.33396121868330114 0.1131786075199212 0 0 0 0 0 0
9.974990844726562 0.457733154296875 3.75388240814209 0.3283680306187475 -0.15697426184899463 -0.9314147935181879 0.9283934801662884 0.2352428367917464 0.2876566594447263 0 0 0 0 0 0
10.306716918945312 0.2592620849609375 3.911365509033203 0.33397130031523 0.4185417598011083 -0.8445625884849185 0.9179963424235437 0.05888717929704959 0.39219257439609095 0 0 0 0 0 0
10.639373779296875 0.017913818359375 3.942465305328369 0.33287540054123393 0.838101369458046 -0.4321805898314509 0.9076369632198552 -0.16048400569037308 0.38786599092291124 0 0 0 0 0 0
10.970993041992188 -0.207366943359375 3.846848487854004 0.3254660222659646 0.9347039315029221 0.14283006960493883 0.9020057724177004 -0.3522277257988375 0.24964217533046545 0 0 0 0 0 0
11.299957275390625 -0.3560028076171875 3.636756420135498 0.3149813589334746 0.6868783273532933 0.6549693938931523 0.9041489934020881 -0.42701917736431094 0.01300845467756962 0 0 0 0 0 0
11.739883422851562 -0.4395904541015625 3.465935707092285 0.2807217746435133 0.25764300393291056 0.9245622573766588 0.9180087759690568 -0.353198084235406 -0.18030807118993097 0 0 0 0 0 0
12.060440063476562 -0.488800048828125 3.3362393379211426 0.3104411266990221 -0.05970021667288886 0.9487160750103539 0.9441892622488681 0.13501131600659574 -0.3004639439335529 0 0 0 0 0 0
12.338729858398438 -0.087921142578125 3.0571703910827637 0.29968121998371733 -0.5654499393862833 0.7684123453180064 0.9371197278408055 0.023452603846755602 -0.3482191710178828 0 0 0 0 0 0
12.557662963867188 -1.3714141845703125 2.2511866092681885 0.30208494460203433 0.8890887490642271 -0.34389806997451133 -0.09168429072730264 -0.3319822857279305 -0.9388193398075534 0 0 0 0 0 0
12.973983764648438 -0.5321044921875 0.4835754334926605 0.30903271574611424 0.9311036323825647 0.19376482230419187 0.9389122790956879 -0.33113715814439987 0.09376521028287536 0 0 0 0 0 0
13.300643920898438 -0.6129913330078125 0.21211346983909607 0.31879737073449443 0.6640308522646099 0.6763366496453591 0.9357651765091725 -0.33396121128435047 -0.11319648311783734 0 0 0 0 0 0
13.6300048828125 -0.5279693603515625 -0.04288753494620323 0.3283677144454022 0.15697411070432504 0.9314149304571455 0.9283936853038265 -0.23524219740906632 -0.2876565202565962 0 0 0 0 0 0
13.961746215820312 -0.3295135498046875 -0.20037850737571716 0.3339375341187958 -0.41854724975456103 0.8445732194603088 0.917990864425394 -0.058974266495286774 -0.3921923108920686 0 0 0 0 0 0
14.294387817382812 -0.088165283203125 -0.23146948218345642 0.33287529201401084 -0.8381010962122184 0.43218120330998283 0.9076479951829538 0.16050605657326075 -0.3878310490969828 0 0 0 0 0 0
14.626007080078125 0.137115478515625 -0.13585051894187927 0.32547748188395825 -0.9346986944585965 -0.14283822794991755 0.9020049282372378 0.3522403805515543 -0.24962736978270592 0 0 0 0 0 0
14.954971313476562 0.2857513427734375 0.07423743605613708 0.3149811129996098 -0.6868777910465028 -0.6549700745992931 0.9041489783444755 0.4270192087446888 -0.013008471151581803 0 0 0 0 0 0
15.393707275390625 0.380126953125 0.2622555196285248 0.27725212607991967 -0.2598952579777783 -0.9249787637912712 0.9173542304076499 0.3578212145934745 0.1744281925035033 0 0 0 0 0 0
15.7110595703125 0.414642333984375 0.3808574378490448 0.314407100854475 0.059318495732675156 -0.947433106343818 0.9411055956062531 -0.15023729394173205 0.30290099608232585 0 0 0 0 0 0
15.995559692382812 0.0231475830078125 0.6587475538253784 0.29968092831449805 0.565449389053692 -0.7684128640407885 0.9379620239281591 -0.027382689189224884 0.34565507373877474 0 0 0 0 0 0
16.320220947265625 -0.29852294921875 0.6604975461959839 0.30208494460203433 0.8890887490642271 -0.34389806997451133 0.9371577325290398 -0.2109091156940706 0.27794375200420274 0 0 0 0 0 0
16.644577026367188 -0.5321044921875 0.4835754334926605 0.30903271574611424 0.9311036323825647 0.19376482230419187 0.9389122790956879 -0.33113715814439987 0.09376521028287536 0 0 0 0 0 0
16.971221923828125 -0.6129913330078125 0.21211454272270203 0.31883254017111207 0.6640246502462966 0.6763261603644497 0.9357590125338364 -0.3339614001916108 -0.11324687034862567 0 0 0 0 0 0
17.300628662109375 -0.527984619140625 -0.042896535247564316 0.3283309003880144 0.1569747478908655 0.931427800945943 0.9283981351804924 -0.2352805387445387 -0.2876107972268491 0 0 0 0 0 0
17.632354736328125 -0.32952880859375 -0.20036450028419495 0.33390666038207234 -0.41851821901653324 0.8445998120433846 0.9180058988895846 -0.05898478733331314 -0.392155536065946 0 0 0 0 0 0
17.845458984375 -0.817840576171875 -1.3832604885101318 0.3328757006654667 0.8381021250997368 -0.4321788932951028 -0.31653696862458874 -0.33240971961216625 -0.8884301468327811 0 0 0 0 0 0
18.3131103515625 -0.2053070068359375 -3.207557439804077 0.32551167795444663 0.9346873471510432 0.1428345567116926 0.9019925472290484 -0.3522723150572345 0.24962704338166122 0 0 0 0 0 0
18.642074584960938 -0.3539581298828125 -3.4176485538482666 0.31501731950761797 0.68687355958515 0.6549570990172264 0.9041364082842599 -0.42704636944148444 0.012990518145388987 0 0 0 0 0 0
19.08203125 -0.437530517578125 -3.588479518890381 0.28068477729965663 0.25764405896736625 0.9245731959510086 0.9180094066348111 -0.3532194279552888 -0.18026304403548965 0 0 0 0 0 0
19.401458740234375 -0.4887237548828125 -3.722590446472168 0.3104777081728473 -0.059661768716345154 0.9487065226303514 0.9447453186596757 0.12978229397211496 -0.30101966554024934 0 0 0 0 0 0
19.679977416992188 -0.0879364013671875 -4.001655578613281 0.2996438909024261 -0.5654514824757049 0.7684257671440246 0.937125551643777 0.023402184686998333 -0.348206889949384 0 0 0 0 0 0
20.007232666015625 0.2303314208984375 -4.003899574279785 0.30208407770200146 -0.8890861976260321 0.3439054276829826 0.9371592331280473 0.21090891515202614 -0.27793884448246114 0 0 0 0 0 0
21.268112182617188 -0.3579559326171875 -4.1317267417907715 -0.9666740145163893 0 0.2560104483390618 0.07637722156603319 0.9544608032583838 0.2883939927758795 0 0 0 0 0 0
18.568130493164062 0.6123046875 -3.8335213661193848 0 1 0 0 0 1 0 0 0 0 0 0
18.971786499023438 0.6123046875 -3.972698450088501 0 1 0 0 0 1 0 0 0 0 0 0
19.423553466796875 0.6123046875 -4.555839538574219 0 1 0 0 0 1 0 0 0 0 0 0
19.095199584960938 0.6123046875 -5.216474533081055 0 1 0 0 0 1 0 0 0 0 0 0
20.689361572265625 1.13494873046875 -6.317826271057129 -0.9354215350020028 0 0.3535343715319585 0.04735980274665212 -0.9909866104023485 0.12530996403743072 0 0 0 0 0 0
20.260848999023438 0.27667236328125 -6.703588485717773 -0.3021304138838173 -0.8890721497444753 0.3439010403519165 -0.9484292091332015 0.24405670552167028 -0.20228287063634143 0 0 0 0 0 0
19.722381591796875 0.3776702880859375 -6.910216331481934 -0.2996440281443323 -0.5654517414619271 0.7684255230502905 -0.9335943548213158 0.33968286244877266 -0.11409265359513518 0 0 0 0 0 0
19.355392456054688 0.2594146728515625 -7.0530195236206055 -0.3104017405057721 -0.05969997835707672 0.948728977145292 -0.9412992704931987 0.15861144468804794 -0.2979900887327337 0 0 0 0 0 0
18.892257690429688 0.43011474609375 -7.233168601989746 -0.28068508666359965 0.2576443429363892 0.9245730229016655 -0.9539941397304744 0.030903095722306984 -0.29822840246141885 0 0 0 0 0 0
18.715713500976562 -0.031463623046875 -7.366433620452881 -0.31498234267021824 0.6868804725832567 0.6549666710526447 -0.9479307300156805 -0.19347023557130685 -0.2529754909866217 0 0 0 0 0 0
18.350860595703125 -0.3553466796875 -7.278965473175049 -0.32551145624637134 0.934686710529543 0.14283922784665584 -0.9297005630086208 -0.28885258304366296 -0.22851925172828963 0 0 0 0 0 0
18.020126342773438 -0.5079498291015625 -7.077422618865967 -0.33287540054123393 0.838101369458046 -0.4321805898314509 -0.9188043954336663 -0.39136878882332365 -0.05127332704964495 0 0 0 0 0 0
17.688095092773438 -0.5349578857421875 -6.835112571716309 -0.33390116118949253 0.41854947338867954 -0.844586498164852 -0.9079696629157793 -0.3834808770894571 0.16891864352790426 0 0 0 0 0 0
17.356582641601562 -0.435577392578125 -6.6096296310424805 -0.32833107982077103 -0.15697483367752676 -0.9314277232376322 -0.9020286967807764 -0.24047007050280006 0.35849459602112943 0 0 0 0 0 0
17.02728271484375 -0.221710205078125 -6.462637424468994 -0.31883286149226076 -0.6640253194539104 -0.6763253518513034 -0.9038532793838742 -0.001777252351296247 0.42783886069535115 0 0 0 0 0 0
16.700408935546875 0.0540771484375 -6.460779666900635 -0.30903275589903123 -0.9311037533617522 -0.1937641769190248 -0.9124817755375866 0.23284876634655727 0.33639034070950974 0 0 0 0 0 0
16.375686645507812 0.2889251708984375 -6.628798484802246 -0.3020850065229459 -0.8890889313082839 0.34389754442148235 -0.9238796892197904 0.36195759534707517 0.12422970263872882 0 0 0 0 0 0
16.051925659179688 0.377655029296875 -6.910235404968262 -0.29968121998371733 -0.5654499393862833 0.7684123453180064 -0.9335904134606143 0.33967654346019993 -0.11414370642909082 0 0 0 0 0 0
15.684417724609375 0.256103515625 -7.033369541168213 -0.314372055139308 -0.05935722822433724 0.9474423098030886 -0.9408022602694603 0.15272148980270356 -0.30260081563723074 0 0 0 0 0 0
15.221466064453125 0.4342193603515625 -7.23225736618042 -0.2772523171518657 0.2598954370880106 0.9249786561941595 -0.9523175546172319 0.05328739305612937 -0.3004192552236579 0 0 0 0 0 0
15.18292236328125 0.472412109375 -8.220962524414062 -0.3149811129996098 -0.6868777910465028 -0.6549700745992931 0.5358766123218213 0.44086579208925847 -0.7200511160549642 0 0 0 0 0 0
14.696762084960938 0.287139892578125 -10.182108879089355 -0.3254776273663275 -0.9346991122514952 -0.14283516247847772 -0.9297078261797059 0.28881609336702607 0.22853582247082302 0 0 0 0 0 0
14.36602783203125 0.43975830078125 -10.383631706237793 -0.33287505754133084 -0.8381005058655786 0.4321825287245155 -0.9187917766728593 0.3913914224712998 0.05132665520198493 0 0 0 0 0 0
14.034027099609375 0.4667510986328125 -10.625948905944824 -0.3339420672002366 -0.41851478401345626 0.8445875154868219 -0.9079800571774245 0.38341351560262915 -0.1690156555509388 0 0 0 0 0 0
13.702499389648438 0.36737060546875 -10.851439476013184 -0.3283332672060842 0.15697587946474226 0.9314267759260783 -0.9020158446407189 0.24051071452156966 -0.35849966836444136 0 0 0 0 0 0
13.373123168945312 0.153533935546875 -10.998421669006348 -0.31878948811002855 0.6640525797558187 0.6763190324027472 -0.9038681684313103 0.0017928928085653001 -0.427807339385389 0 0 0 0 0 0
13.04632568359375 -0.122283935546875 -11.000264167785645 -0.3090218510179491 0.9311090435127909 0.19375614746927622 -0.912478473805533 -0.232834667397841 -0.3364090553169787 0 0 0 0 0 0
12.721603393554688 -0.3571014404296875 -10.83224868774414 -0.30209463305017664 0.8890791157807068 -0.34391446402394305 -0.9238784771211037 -0.3619667338134924 -0.12421208928595803 0 0 0 0 0 0
12.397811889648438 -0.4458465576171875 -10.550826072692871 -0.29968121998371733 0.5654499393862833 -0.7684123453180064 -0.9335819863615813 -0.339708777584289 0.11411669980047803 0 0 0 0 0 0
12.030715942382812 -0.3276214599609375 -10.408028602600098 -0.3104411266990221 0.05970021667288886 -0.9487160750103539 -0.9412854575955446 -0.1586222226085786 0.298027981595455 0 0 0 0 0 0
11.565567016601562 -0.500244140625 -10.231766700744629 -0.2807217746435133 -0.25764300393291056 -0.9245622573766588 -0.9538989299068907 -0.031664608476050043 0.2984529847271548 0 0 0 0 0 0
11.390060424804688 -0.0388031005859375 -10.099043846130371 -0.31501596675330806 -0.686870609997586 -0.6549608429608771 -0.9479234179069767 0.19355098418610078 0.2529411202318578 0 0 0 0 0 0
11.025253295898438 0.28509521484375 -10.186525344848633 -0.3254660222659646 -0.9347039315029221 -0.14283006960493883 -0.9296997794178162 0.28879181550060806 0.22859922889267756 0 0 0 0 0 0
10.694534301757812 0.4376983642578125 -10.388050079345703 -0.3329093204541565 -0.8380907265243288 0.43217510162973805 -0.9188001659291758 0.39138483631194265 0.051226604353530415 0 0 0 0 0 0
10.362503051757812 0.4647064208984375 -10.630367279052734 -0.3339374080399008 -0.4185470917310705 0.8445733476229615 -0.9079662774769 0.3834678318541228 -0.1689664490300941 0 0 0 0 0 0
10.030990600585938 0.3653106689453125 -10.85585880279541 -0.3283320299821987 0.1570134350420274 0.9314208819347307 -0.9020151052811969 0.24050041342546777 -0.358508439212706 0 0 0 0 0 0
9.70159912109375 0.1514892578125 -11.002857208251953 -0.3187975635106759 0.6640312538028401 0.6763361645459193 -0.9038561060452567 0.001824606958241389 -0.42783268969791666 0 0 0 0 0 0
9.374832153320312 -0.12432861328125 -11.004679679870605 -0.3090671882500103 0.9310925611955382 0.1937630399058746 -0.9124913918911615 -0.23290201282154074 -0.33632738834089293 0 0 0 0 0 0
9.050079345703125 -0.3591766357421875 -10.83668327331543 -0.3020848826810535 0.8890885668199663 -0.3438985955272171 -0.9238796382422436 -0.36195773445817225 -0.12422967643557824 0 0 0 0 0 0
8.726318359375 -0.4478912353515625 -10.5552396774292 -0.29968012193682164 0.5654478675495809 -0.7684142981488328 -0.9335822963964506 -0.3397079078119515 0.11411675260519998 0 0 0 0 0 0
8.35882568359375 -0.3263397216796875 -10.43210506439209 -0.31440678832169594 0.059318436767803594 -0.9474332137500038 -0.9407999366044907 -0.1526408103229654 0.30264874410599346 0 0 0 0 0 0
7.8958587646484375 -0.5044708251953125 -10.23322868347168 -0.2772523171518657 -0.2598954370880106 -0.9249786561941595 -0.9523176626609129 -0.05328657516715596 0.3004190578026146 0 0 0 0 0 0
7.7215118408203125 -0.0374298095703125 -10.099735260009766 -0.31497335165090573 -0.6868990121324766 -0.6549515515526494 -0.947832269523802 0.19199065770328944 0.25446723994262493 0 0 0 0 0 0
7.3546600341796875 0.28509521484375 -10.186525344848633 -0.3254660222659646 -0.9347039315029221 -0.14283006960493883 -0.9296997794178162 0.28879181550060806 0.22859922889267756 0 0 0 0 0 0
7.0239410400390625 0.4376983642578125 -10.388050079345703 -0.3329093204541565 -0.8380907265243288 0.43217510162973805 -0.9188001659291758 0.39138483631194265 0.051226604353530415 0 0 0 0 0 0
6.691925048828125 0.4647064208984375 -10.630367279052734 -0.33397130031523 -0.4185417598011083 0.8445625884849185 -0.9079739366129903 0.3834197930487287 -0.169034294538061 0 0 0 0 0 0
6.36041259765625 0.3653106689453125 -10.85585880279541 -0.32836606410587793 0.15701146838519905 0.9314092155111727 -0.9020135436051746 0.24046173589598108 -0.35853831137373254 0 0 0 0 0 0
6.0310211181640625 0.1514892578125 -11.002857208251953 -0.3187975635106759 0.6640312538028401 0.6763361645459193 -0.9038678238650385 0.0017938984240289612 -0.4278080631660933 0 0 0 0 0 0
5.7042388916015625 -0.12432861328125 -11.004679679870605 -0.3090326845159825 0.9311035382873842 0.19376532427025903 -0.9124926778066472 -0.2328596811313494 -0.3363532099633665 0 0 0 0 0 0
5.379486083984375 -0.3591766357421875 -10.83668327331543 -0.3020848826810535 0.8890885668199663 -0.3438985955272171 -0.9238796382422436 -0.36195773445817225 -0.12422967643557824 0 0 0 0 0 0
5.0557403564453125 -0.4478912353515625 -10.5552396774292 -0.29968012193682164 0.5654478675495809 -0.7684142981488328 -0.9335906596403523 -0.33967591791410284 0.11414355444572206 0 0 0 0 0 0
4.688629150390625 -0.3296661376953125 -10.412463188171387 -0.31047630364665246 0.05966149882090729 -0.9487069992533811 -0.9412790467300833 -0.15857558910568265 0.2980730426031373 0 0 0 0 0 0
4.2254791259765625 -0.5003662109375 -10.232288360595703 -0.2807217746435133 -0.25764300393291056 -0.9245622573766588 -0.9539825795128442 -0.030901011980327978 0.2982655954759316 0 0 0 0 0 0
4.1551971435546875 -0.5422821044921875 -9.244866371154785 -0.31498160486746785 0.6868788636603641 0.6549687131854172 0.5150200589117733 -0.45595669744731326 0.7258497289187706 0 0 0 0 0 0
3.667572021484375 -0.357391357421875 -7.283380508422852 -0.3254656897660073 0.9347029765982744 0.14283707615133662 -0.9297004173771561 -0.28879041436279934 -0.228598404414608 0 0 0 0 0 0
3.3368682861328125 -0.510009765625 -7.081836700439453 -0.3329094919669157 0.8380911583033274 -0.432174132187614 -0.9187964380094404 -0.39139150136489853 -0.05124254248664206 0 0 0 0 0 0
3.0048370361328125 -0.5370025634765625 -6.839532375335693 -0.3339430758785935 0.4185160481453106 -0.8445864902528194 -0.9079797072324155 -0.383414250322328 0.1690158687931529 0 0 0 0 0 0
2.6733245849609375 -0.4376068115234375 -6.614043712615967 -0.3283320299821987 -0.1570134350420274 -0.9314208819347307 -0.9020152475658878 -0.24049992719352906 0.35850840740289147 0 0 0 0 0 0
2.34393310546875 -0.223785400390625 -6.467047691345215 -0.3187975635106759 -0.6640312538028401 -0.6763361645459193 -0.9038562793830801 -0.0018241527262105092 0.42783232543440075 0 0 0 0 0 0
2.0171661376953125 0.052032470703125 -6.465210437774658 -0.3090672596393457 -0.9310927762622995 -0.19376189256711157 -0.91249086371025 0.23290196266396077 0.3363288560807666 0 0 0 0 0 0
1.692413330078125 0.286865234375 -6.633218288421631 -0.3020850065229459 -0.8890889313082839 0.34389754442148235 -0.9238796892197904 0.36195759534707517 0.12422970263872882 0 0 0 0 0 0
1.36865234375 0.3755950927734375 -6.914664268493652 -0.29968713506990696 -0.5654229526484421 0.7684298964068934 -0.9335893033982634 0.33967341947338936 -0.11416208076064663 0 0 0 0 0 0
1.00115966796875 0.2540435791015625 -7.03779935836792 -0.31440678832169594 -0.059318436767803594 0.9474332137500038 -0.9407999902702149 0.15264039235745672 -0.30264878808368817 0 0 0 0 0 0
0.5381927490234375 0.432159423828125 -7.236677646636963 -0.2772520114368678 0.25989515051174744 0.9249788283494316 -0.9523177160337808 0.053287015847206784 -0.3004188104468543 0 0 0 0 0 0
0.3638458251953125 -0.0348663330078125 -7.370169639587402 -0.314973105736244 0.6868984758377795 0.6549522322693466 -0.9478344374882018 -0.19202007753238298 -0.25443696456270243 0 0 0 0 0 0
-0.0030059814453125 -0.357391357421875 -7.283379554748535 -0.3254656897660073 0.9347029765982744 0.14283707615133662 -0.9297076635235711 -0.28879912268584107 -0.2285579294652256 0 0 0 0 0 0
-0.3337249755859375 -0.510009765625 -7.0818376541137695 -0.33287557204087354 0.8381018012534943 -0.43217962038267105 -0.9188006363900086 -0.39137550838605417 -0.05128939466276627 0 0 0 0 0 0
-0.6657562255859375 -0.5370025634765625 -6.83953332901001 -0.3339430758785935 0.4185160481453106 -0.8445864902528194 -0.9079796467874751 -0.3834144469508693 0.16901574745878334 0 0 0 0 0 0
-1.009429931640625 -0.4377288818359375 -6.622222423553467 -0.32833363177292035 -0.1569760537638628 -0.9314266180389785 -0.9045177683201902 -0.2318238162060049 0.3579180423403484 0 0 0 0 0 0
-1.151123046875 -0.220703125 -5.819721698760986 -0.3187975635106759 0.6640312538028401 0.6763361645459193 0.8402551691234256 -0.1321758125499658 0.5258334387789729 0 0 0 0 0 0
-1.6504974365234375 -0.122283935546875 -3.951972484588623 -0.3090217439552232 0.9311087209237184 0.1937578684406632 -0.9124786243862165 -0.23283407033502082 -0.336409060117983 0 0 0 0 0 0
-1.9752349853515625 -0.3571014404296875 -3.7839605808258057 -0.30209463305017664 0.8890791157807068 -0.34391446402394305 -0.9238823351783763 -0.36196213174462544 -0.1241968032126318 0 0 0 0 0 0
-2.2989959716796875 -0.4458465576171875 -3.502532482147217 -0.29968121998371733 0.5654499393862833 -0.7684123453180064 -0.9335904294358846 -0.3396764823470673 0.11414375763064404 0 0 0 0 0 0
-2.66650390625 -0.3242950439453125 -3.3793914318084717 -0.3143718776057226 0.059357194703859285 -0.9474423708107743 -0.9408022404652565 -0.15272207461490114 0.30260058205640356 0 0 0 0 0 0
-3.12945556640625 -0.502410888671875 -3.180513381958008 -0.2772523171518657 -0.2598954370880106 -0.9249786561941595 -0.9523176086391757 -0.053286984111513086 0.30041915651313084 0 0 0 0 0 0
-3.303802490234375 -0.0353851318359375 -3.047013521194458 -0.3149813589334746 -0.6868783273532933 -0.6549693938931523 -0.9478325013634498 0.1920304178681797 0.2544363731318269 0 0 0 0 0 0
-3.6706695556640625 0.287139892578125 -3.133814573287964 -0.3254776273663275 -0.9346991122514952 -0.14283516247847772 -0.9297006087474994 0.2888074186317297 0.22857614275730118 0 0 0 0 0 0
-4.0013885498046875 0.43975830078125 -3.335341453552246 -0.33287540054123393 -0.838101369458046 0.4321805898314509 -0.9187918066447681 0.3913913391869214 0.05132675376362308 0 0 0 0 0 0
-4.333404541015625 0.4667510986328125 -3.5776445865631104 -0.333976968584744 -0.4185107164298374 0.8445757305821245 -0.907976971587519 0.38340001451914657 -0.16906285202100485 0 0 0 0 0 0
-4.6649169921875 0.36737060546875 -3.803149461746216 -0.32833399634050425 0.15697622806334088 0.9314264601513528 -0.9020038512415283 0.24055060431783998 -0.3585030810296799 0 0 0 0 0 0
-4.994293212890625 0.153533935546875 -3.950132369995117 -0.31883209032194676 0.6640237133565599 0.6763272922787482 -0.903867294806818 0.0017428124652320548 -0.4278093921167645 0 0 0 0 0 0
-5.321075439453125 -0.122283935546875 -3.951972484588623 -0.30905624672570653 0.9310977445479846 0.19375558432591095 -0.9124884839418929 -0.2328880705190647 -0.33634493200185583 0 0 0 0 0 0
-5.6458282470703125 -0.3571014404296875 -3.7839605808258057 -0.30209463305017664 0.8890791157807068 -0.34391446402394305 -0.9238823351783763 -0.36196213174462544 -0.1241968032126318 0 0 0 0 0 0
-5.9695892333984375 -0.4458465576171875 -3.502532482147217 -0.299646498512687 0.5654564032404277 -0.7684211293057247 -0.9335939928218383 -0.3396835362825366 0.11409360957375338 0 0 0 0 0 0
-6.336700439453125 -0.3276214599609375 -3.359736442565918 -0.3104413022476073 0.05970025043223218 -0.9487160154425235 -0.9412798529489024 -0.15866344336350022 0.29802374095452555 0 0 0 0 0 0
-6.799835205078125 -0.4983062744140625 -3.179574489593506 -0.2806866334926751 -0.25764576279009616 -0.9245721576463668 -0.9539890523471991 -0.03094466801550271 0.29824036534832676 0 0 0 0 0 0
-6.8701171875 -0.54022216796875 -2.1921565532684326 -0.31501584377583625 0.6868703418536822 0.6549611833169992 0.5148851167872442 -0.4560349948324668 0.7258962735812451 0 0 0 0 0 0
-7.357757568359375 -0.3553466796875 -0.2306635081768036 -0.3254658767991566 0.9347035137376623 0.14283313497163014 -0.9297001211714677 -0.2887912777800047 -0.22859851830655092 0 0 0 0 0 0
-7.688446044921875 -0.5079498291015625 -0.029125479981303215 -0.3329431097602366 0.83807975726769 -0.4321703438706926 -0.9187922266179659 -0.3914075383937258 -0.05119553881897109 0 0 0 0 0 0
-8.020477294921875 -0.534942626953125 0.21317443251609802 -0.3339428657368676 0.4185157847840044 -0.8445867038440027 -0.907979822952946 -0.38341395797681044 0.16901591031288646 0 0 0 0 0 0
-8.35198974609375 -0.4355621337890625 0.438680499792099 -0.32836766602250705 -0.15697408755606607 -0.9314149514297437 -0.9020133837514321 -0.24047456394559047 0.35853010979340355 0 0 0 0 0 0
-8.681396484375 -0.2217254638671875 0.5856624841690063 -0.3187630836820358 -0.6640388939269025 -0.676344914842904 -0.9038697343163019 -0.0018412149358730384 0.4278038257362102 0 0 0 0 0 0
-9.008148193359375 0.0540924072265625 0.5874994993209839 -0.3090672417920484 -0.9310927224957193 -0.19376217940187687 -0.9124877346709871 0.23289855929776795 0.3363397020157369 0 0 0 0 0 0
-9.332916259765625 0.2889251708984375 0.4194914996623993 -0.3020497751872437 -0.8890975132974348 0.3439063028757298 -0.923871798059278 0.3619487227405561 0.12431421019817764 0 0 0 0 0 0
-9.65667724609375 0.377655029296875 0.1380614936351776 -0.29968073958755376 -0.5654490329565057 0.7684131996841344 -0.9335989028123861 0.3396442023764467 -0.11417050608443692 0 0 0 0 0 0
-10.024169921875 0.256103515625 0.01491746585816145 -0.3144069664763355 -0.05935661730613662 0.9474307633875529 -0.9407953882819999 0.15268798227198987 -0.30263908778779697 0 0 0 0 0 0
-10.487152099609375 0.4342193603515625 -0.18396052718162537 -0.2772518967939027 0.2598950430457979 0.9249788929075117 -0.9523122924405654 0.0533283825143893 -0.3004286625556791 0 0 0 0 0 0
-10.661468505859375 -0.032806396484375 -0.31745752692222595 -0.3149458873014636 0.6868841626393113 0.6549803319086659 -0.9478424716385424 -0.1919782030809471 -0.2544386340553445 0 0 0 0 0 0
-11.0283203125 -0.3553314208984375 -0.23065850138664246 -0.3254774333891703 0.9346985551923875 0.14283924977281737 -0.9297005830283198 -0.28880612321745947 -0.22857788412027946 0 0 0 0 0 0
-11.359039306640625 -0.5079345703125 -0.02913549356162548 -0.3329432598455276 0.8380801350602934 -0.4321694956157289 -0.9187923843711855 -0.39140724279522426 -0.05119496761354921 0 0 0 0 0 0
-11.691162109375 -0.5349578857421875 0.21317848563194275 -0.33386747659988525 0.41855506778495666 -0.8445970419675618 -0.9079619536628639 -0.38352895798976855 0.16885090785659912 0 0 0 0 0 0
-12.022552490234375 -0.435546875 0.4386844336986542 -0.3282981380962526 -0.15697732259656977 -0.9314389151806716 -0.9020167235228643 -0.24055335627905128 0.3584688456030181 0 0 0 0 0 0
-12.162872314453125 -0.220703125 1.2390995025634766 -0.3188327329637696 0.664025051770799 0.6763256752568552 0.8401720630622471 -0.13227418696689808 0.5259414833533991 0 0 0 0 0 0
-12.662322998046875 -0.122283935546875 3.106841564178467 -0.3089870615404569 0.9311191586593843 0.193763020667087 -0.9124900621485663 -0.23280111639592735 -0.33640084227735767 0 0 0 0 0 0
-12.9869384765625 -0.3571014404296875 3.2748794555664062 -0.3020494733467508 0.8890966248159536 -0.3439088649509193 -0.9238713249323289 -0.3619494778958658 -0.12431552766526563 0 0 0 0 0 0
-13.310699462890625 -0.4458465576171875 3.5562915802001953 -0.2997517576097263 0.5654390815791515 -0.7683928219555447 -0.933588351039466 -0.3396427064140747 0.1142612041908088 0 0 0 0 0 0
-13.6778564453125 -0.3276214599609375 3.699094295501709 -0.3104428821933124 0.05970055426794469 -0.9487154793275006 -0.9412803742058896 -0.15865598332030362 0.2980260661275923 0 0 0 0 0 0
-14.14306640625 -0.500274658203125 3.875344753265381 -0.28068508666359965 -0.2576443429363892 -0.9245730229016655 -0.9539056200161998 -0.03171103369555199 0.2984266718030898 0 0 0 0 0 0
-14.318572998046875 -0.0388031005859375 4.008082389831543 -0.31501375316372754 -0.6868657834180283 -0.6549669693100868 -0.9479237657824665 0.19354155901096642 0.25294702844744443 0 0 0 0 0 0
-14.683258056640625 0.2851104736328125 3.920564651489258 -0.3254776273663275 -0.9346991122514952 -0.14283516247847772 -0.9296978287870102 0.28880407774477196 0.22859167051034734 0 0 0 0 0 0
-15.0140380859375 0.437713623046875 3.7190685272216797 -0.33287557204087354 -0.8381018012534943 0.43217962038267105 -0.9188006824763605 0.39137542582609214 0.05128919906197986 0 0 0 0 0 0
-15.346038818359375 0.4647064208984375 3.4767537117004395 -0.33400889020330704 -0.4185410625069307 0.8445480686501654 -0.9079745656774292 0.38339312483951493 -0.1690913951349274 0 0 0 0 0 0
-15.67767333984375 0.365325927734375 3.251249313354492 -0.3282961719252801 0.15701452982157252 0.9314333368116675 -0.902017188442979 0.24054003367141288 -0.3584766156317302 0 0 0 0 0 0
-16.007049560546875 0.1514892578125 3.1042747497558594 -0.3187529048368969 0.6640558362135832 0.6763330777425564 -0.9038706996820746 0.0018448402992993901 -0.4278017704737877 0 0 0 0 0 0
-16.33367919921875 -0.12432861328125 3.1024575233459473 -0.3090672596393457 0.9310927762622995 0.19376189256711157 -0.9124902220023725 -0.2329012904839174 -0.33633106255739575 0 0 0 0 0 0
-16.6585693359375 -0.359161376953125 3.2704267501831055 -0.3021188047026013 0.8890761339903445 -0.3439009389545985 -0.9238911688107607 -0.36196308081542633 -0.12412830587779583 0 0 0 0 0 0
-16.9822998046875 -0.4478912353515625 3.551879405975342 -0.29967792585879854 0.565443723905928 -0.7684182037460885 -0.9335996735467023 -0.3396420641162664 0.11417056466678754 0 0 0 0 0 0
-17.3497314453125 -0.326324462890625 3.6750006675720215 -0.3144085638277708 0.059318771748626986 -0.9474326035713532 -0.9407941510804747 -0.15268155315324922 0.30264617727551174 0 0 0 0 0 0
-17.81280517578125 -0.5044708251953125 3.8738937377929688 -0.2772492625423141 -0.2599307202756368 -0.9249696573816526 -0.952312185096454 -0.05332408153556133 0.30042976624363693 0 0 0 0 0 0
-17.88177490234375 -0.5430450439453125 4.86244535446167 -0.3150171965297928 0.6868732914404758 0.6549574393777331 0.5148444579275924 -0.45605951960817015 0.7259097042442737 0 0 0 0 0 0
-18.37042236328125 -0.357391357421875 6.823726654052734 -0.3254773502544746 0.9346983164480939 0.14284100146815445 -0.9296987594523788 -0.2888033896736589 -0.22858875472278298 0 0 0 0 0 0
-18.701141357421875 -0.510009765625 7.025273323059082 -0.3328757435403051 0.8381022330484188 -0.4321786509323927 -0.9188006744094426 -0.3913754254941361 -0.05128934610655049 0 0 0 0 0 0
-19.03314208984375 -0.5370025634765625 7.267578125 -0.33401455908669825 0.41851001915716834 -0.844561210441958 -0.9079731514533352 -0.38338781757858953 0.1691110214392456 0 0 0 0 0 0
-19.364776611328125 -0.4376373291015625 7.49308967590332 -0.3282985026321851 -0.1569774969011668 -0.9314387573190785 -0.9020143866642257 -0.2405607944663822 0.35846973431025353 0 0 0 0 0 0
-19.694000244140625 -0.2237701416015625 7.640066146850586 -0.31883234737854943 -0.6640242487219921 -0.6763266454711644 -0.9038650040574053 -0.001748052056901371 0.4278142105567712 0 0 0 0 0 0
-20.020843505859375 0.052032470703125 7.641912460327148 -0.3090673310282914 -0.9310929913278866 -0.1937607452275535 -0.9124892883599347 0.23290081562898307 0.3363339244080715 0 0 0 0 0 0
-21.211700439453125 -0.3363800048828125 8.284348487854004 0.9493665521902638 0 -0.3141705740236842 -0.019091034264002934 0.9981520110132446 -0.057689646566315034 0 0 0 0 0 0
-17.39031982421875 0.6123046875 6.940384387969971 0 1 0 0 0 1 0 0 0 0 0 0
-17.793853759765625 0.6123046875 7.079560279846191 0 1 0 0 0 1 0 0 0 0 0 0
-18.245635986328125 0.6123046875 7.662701606750488 0 1 0 0 0 1 0 0 0 0 0 0
-17.917388916015625 0.6123046875 8.32333755493164 0 1 0 0 0 1 0 0 0 0 0 0
-20.53863525390625 1.140838623046875 10.345846176147461 0.9236062052970229 0 -0.3833426372539764 -0.24580990366630526 -0.767350691249816 -0.5922418491612962 0 0 0 0 0 0
-20.28448486328125 0.4434661865234375 10.321517944335938 0.3090671882500103 -0.9310925611955382 -0.1937630399058746 0.9371476317925038 0.26346793775572647 0.22877710112781469 0 0 0 0 0 0
-19.733489990234375 0.542755126953125 10.547167778015137 0.31876072237804426 -0.6640339749203705 -0.6763508571891368 0.9357802728007408 0.3339219449032286 0.11318752470575748 0 0 0 0 0 0
-19.40423583984375 0.4577178955078125 10.802172660827637 0.3283665722382728 -0.15697356467942528 -0.931415425161255 0.9283868134160559 0.2352818606836872 0.28764625968088575 0 0 0 0 0 0
-19.072540283203125 0.2592620849609375 10.959654808044434 0.334013886519796 0.41850917645142555 -0.8445618940242867 0.9179902624210956 0.05884426855387744 0.3922132457712351 0 0 0 0 0 0
-18.73974609375 0.0179290771484375 10.99077320098877 0.3329435821263509 0.8380809463010919 -0.4321676741357923 0.9076430094387832 -0.1606027877107621 0.38780267146635383 0 0 0 0 0 0
-18.408172607421875 -0.207366943359375 10.89513874053955 0.3255459489833534 0.9346762177162087 0.14282927968820125 0.9020029751465336 -0.3523000615432615 0.24955019427645478 0 0 0 0 0 0
-18.079193115234375 -0.35601806640625 10.685039520263672 0.31493653029685087 0.6869019017751203 0.6549662275433017 0.9041562826493678 -0.42700203843958745 0.013064291565704052 0 0 0 0 0 0
-17.64056396484375 -0.450347900390625 10.49702262878418 0.2772523171518657 0.2598954370880106 0.9249786561941595 0.9173709687913195 -0.3577685727726721 -0.17444814116258606 0 0 0 0 0 0
-17.32318115234375 -0.484893798828125 10.378419876098633 0.314408918931255 -0.05931883874521979 0.9474324815343826 0.9411103352234538 0.15019517649190453 -0.3029071572184526 0 0 0 0 0 0
-17.038543701171875 -0.093414306640625 10.10052490234375 0.29960848233880105 -0.5654566505867135 0.768435770652236 0.9379725756054329 0.027281828446601996 -0.3456344156022669 0 0 0 0 0 0
-16.71405029296875 0.2282867431640625 10.098800659179688 0.3021190524121463 -0.8890768629507442 0.34389883677507604 0.9371696994697518 0.21099152133920993 -0.27784083990432534 0 0 0 0 0 0
-16.3896484375 0.46185302734375 10.275715827941895 0.3090671882500103 -0.9310925611955382 -0.1937630399058746 0.9389133489025391 0.3311582755535334 -0.09367987929662029 0 0 0 0 0 0
-16.062896728515625 0.542755126953125 10.547167778015137 0.31876072237804426 -0.6640339749203705 -0.6763508571891368 0.9357802728007408 0.3339219449032286 0.11318752470575748 0 0 0 0 0 0
-15.733642578125 0.4577178955078125 10.802172660827637 0.3282985026321851 -0.1569774969011668 -0.9314387573190785 0.9283976540087663 0.2353391706891747 0.28756437674084534 0 0 0 0 0 0
-15.401947021484375 0.2592620849609375 10.959654808044434 0.334013886519796 0.41850917645142555 -0.8445618940242867 0.9179902624210956 0.05884426855387744 0.3922132457712351 0 0 0 0 0 0
-15.06915283203125 0.0179290771484375 10.99077320098877 0.3328757435403051 0.8381022330484188 -0.4321786509323927 0.9076482275314138 -0.16050837681452687 0.3878295450728951 0 0 0 0 0 0
-14.737579345703125 -0.207366943359375 10.89513874053955 0.3255459489833534 0.9346762177162087 0.14282927968820125 0.9020029751465336 -0.3523000615432615 0.24955019427645478 0 0 0 0 0 0
-14.408599853515625 -0.35601806640625 10.685039520263672 0.31493653029685087 0.6869019017751203 0.6549662275433017 0.9041325565663599 -0.42705036951266756 0.01312638776939101 0 0 0 0 0 0
-13.968719482421875 -0.4395751953125 10.514237403869629 0.28061449199691896 0.2576495757133212 0.9245929931683761 0.9180138380714515 -0.35325025714150055 -0.18018004589517256 0 0 0 0 0 0
-13.648162841796875 -0.4888153076171875 10.384544372558594 0.3104432378747036 -0.05966247530548494 0.9487177583972447 0.9441907343805348 0.13498013912200174 -0.3004733251930219 0 0 0 0 0 0
-13.369873046875 -0.087921142578125 10.105457305908203 0.2997582230287367 -0.5654131307879785 0.7684093956083505 0.9371105810003879 0.02355462950335993 -0.3482368998341146 0 0 0 0 0 0
-13.042388916015625 0.230316162109375 10.10318660736084 0.3020494733467508 -0.8890966248159536 0.3439088649509193 0.9371645052459283 0.21086453410498343 -0.2779547415746722 0 0 0 0 0 0
-12.718048095703125 0.4639129638671875 10.280134201049805 0.3089870615404569 -0.9311191586593843 -0.193763020667087 0.9389260776388988 0.3310934001567173 -0.0937815605665456 0 0 0 0 0 0
-12.39154052734375 0.5447845458984375 10.551608085632324 0.31883286149226076 -0.6640253194539104 -0.6763253518513034 0.9357654836873328 0.33393253638476145 0.1132785093610096 0 0 0 0 0 0
-12.06201171875 0.459808349609375 10.806580543518066 0.3283646057516046 -0.15701077105873656 -0.9314098472000036 0.928402505557429 0.23521017346827977 0.28765424031588677 0 0 0 0 0 0
-11.7303466796875 0.2613067626953125 10.964094161987305 0.33393539078792467 0.4185445633681871 -0.8445753982056602 0.9180001421015821 0.058940428644383945 0.39217568126120667 0 0 0 0 0 0
-11.39776611328125 0.01995849609375 10.995165824890137 0.3328647582827771 0.8381127210899492 -0.4321667727169104 0.90762507352227 -0.16045048224797512 0.387907680589192 0 0 0 0 0 0
-11.066131591796875 -0.2053070068359375 10.899557113647461 0.3254776273663275 0.9346991122514952 0.14283516247847772 0.9019826613501362 -0.35224342748644116 0.24970351702835553 0 0 0 0 0 0
-10.7371826171875 -0.3539581298828125 10.689464569091797 0.315016950574239 0.6868727551513378 0.6549581200975508 0.9041363944438269 -0.4270463986876068 0.01299052000739256 0 0 0 0 0 0
-10.298370361328125 -0.448333740234375 10.501462936401367 0.2772529285837134 0.2598960102422729 0.924978311881907 0.9173704112428516 -0.357770069730996 -0.17444800308630545 0 0 0 0 0 0
-9.981048583984375 -0.4828338623046875 10.382852554321289 0.31440678832169594 -0.059318436767803594 0.9474332137500038 0.9411003476501957 0.15027970238480517 -0.3028962639317551 0 0 0 0 0 0
-9.696533203125 -0.091339111328125 10.104962348937988 0.29968121998371733 -0.5654499393862833 0.7684123453180064 0.9379616446205343 0.027381764103041117 -0.34565617630146306 0 0 0 0 0 0
-9.4803466796875 -1.3714141845703125 9.299490928649902 0.3020599658106683 0.8890893613517853 -0.3439184272258939 -0.09173126732571361 -0.3319876589254312 -0.9388128508472976 0 0 0 0 0 0
-9.06402587890625 -0.5321044921875 7.531867980957031 0.3090673310282914 0.9310929913278866 0.1937607452275535 0.9389132226775605 -0.3311582648867517 0.09368118209348998 0 0 0 0 0 0
-8.73736572265625 -0.6129913330078125 7.260406494140625 0.31876329250552304 0.6640393289425132 0.676344389322936 0.9357774309436003 -0.3339335476214751 -0.11317678874014551 0 0 0 0 0 0
-8.407989501953125 -0.5279693603515625 7.0054097175598145 0.32836766602250705 0.15697408755606607 0.9314149514297437 0.9283863731149296 -0.23528258727097584 -0.2876470864472342 0 0 0 0 0 0
-8.076263427734375 -0.3295135498046875 6.847910404205322 0.3339377442504567 -0.41854751312725735 0.8445730058555654 0.9179816523682351 -0.05901274728667844 -0.39220808453289635 0 0 0 0 0 0
-7.743621826171875 -0.088165283203125 6.816824436187744 0.3328752290413864 -0.8381009376620742 0.4321815592787324 0.9076484720612151 0.16050677150674417 -0.3878296371674343 0 0 0 0 0 0
-7.4119873046875 0.137115478515625 6.91244649887085 0.32547729483080123 -0.9346981572836723 -0.1428421692643001 0.9019854144176431 0.35224453782214166 -0.24969200578372205 0 0 0 0 0 0
-7.083038330078125 0.2857513427734375 7.122529983520508 0.31501522888895855 -0.6868690011352128 -0.6549628850916301 0.904136338730082 0.4270465170863166 -0.012990505463951193 0 0 0 0 0 0
-6.643096923828125 0.3693389892578125 7.293342590332031 0.2806866334926751 -0.25764576279009616 -0.9245721576463668 0.9180130081050591 0.35320703545824184 0.1802689852767281 0 0 0 0 0 0
-6.32354736328125 0.4205474853515625 7.42747688293457 0.31044182889448807 0.05970035171047847 -0.9487158367384254 0.9447629322493514 -0.12973588838199862 0.3009843868265279 0 0 0 0 0 0
-6.045166015625 0.0197296142578125 7.706541061401367 0.29968121998371733 0.5654499393862833 -0.7684123453180064 0.9371198167441162 -0.023453013600011285 0.34821890416597406 0 0 0 0 0 0
-5.7177886962890625 -0.29852294921875 7.70880126953125 0.302084387310714 0.8890871088585443 -0.3439027999372288 0.9371580050957682 -0.21090737623251996 0.27794415290780033 0 0 0 0 0 0
-5.3934326171875 -0.5321044921875 7.531867980957031 0.3090673310282914 0.9310929913278866 0.1937607452275535 0.9389132226775605 -0.3311582648867517 0.09368118209348998 0 0 0 0 0 0
-5.0667877197265625 -0.6129913330078125 7.260406494140625 0.3187975635106759 0.6640312538028401 0.6763361645459193 0.9357714793868241 -0.33393315268595325 -0.11322715179414614 0 0 0 0 0 0
-4.737396240234375 -0.5279693603515625 7.0054097175598145 0.32833363177292035 0.1569760537638628 0.9314266180389785 0.9283917946269273 -0.23531124229032296 -0.2876061454857635 0 0 0 0 0 0
-4.4056854248046875 -0.3295135498046875 6.847910404205322 0.3339377442504567 -0.41854751312725735 0.8445730058555654 0.9179993986564254 -0.05893757877469267 -0.3921778498011052 0 0 0 0 0 0
-4.1925506591796875 -0.817840576171875 5.665031433105469 0.3328647582827771 0.8381127210899492 -0.4321667727169104 -0.3164938575199339 -0.33241988244347015 -0.8884417031569496 0 0 0 0 0 0
-3.7249298095703125 -0.2053070068359375 3.8407325744628906 0.3255001273521553 0.9346923263224963 0.14282829624262364 0.9020043261203186 -0.3522582507798702 0.2496043277223694 0 0 0 0 0 0
-3.3959503173828125 -0.3539581298828125 3.6306467056274414 0.31497285982171075 0.6868979395433626 0.6549529129844497 0.9041493466161965 -0.4270177235539726 0.013031607126066881 0 0 0 0 0 0
-2.95721435546875 -0.4483184814453125 3.442629337310791 0.27725262286748087 0.2598957236648524 0.924978484038318 0.9173539879828413 -0.3578217694481766 -0.17442832923855411 0 0 0 0 0 0
-2.639862060546875 -0.4828338623046875 3.324028491973877 0.31440714342139814 -0.059318503763682855 0.9474330917151006 0.9411054741497769 0.15023815225562856 -0.30290094772406767 0 0 0 0 0 0
-2.3553619384765625 -0.091339111328125 3.0461385250091553 0.299681082727568 -0.5654496804061533 0.7684125894230338 0.9379617558661 0.027381881576990282 -0.34565586512293756 0 0 0 0 0 0
-2.03070068359375 0.2303314208984375 3.0443735122680664 0.302084387310714 -0.8890871088585443 0.3439027999372288 0.9371654219447426 0.21092463679408022 -0.2779060443826616 0 0 0 0 0 0
-1.70635986328125 0.4639129638671875 3.2213144302368164 0.3090672596393457 -0.9310927762622995 -0.19376189256711157 0.9389131750776649 0.33115838208906107 -0.09368124485580674 0 0 0 0 0 0
-1.37969970703125 0.5447998046875 3.4927682876586914 0.31883209032194676 -0.6640237133565599 -0.6763272922787482 0.9357678050462661 0.3339225304724555 0.11328882858325197 0 0 0 0 0 0
-1.050323486328125 0.4597930908203125 3.747772693634033 0.32836606410587793 -0.15701146838519905 -0.9314092155111727 0.9283928631695155 0.23526107806198499 0.28764373235831453 0 0 0 0 0 0
-0.7076568603515625 0.26287841796875 3.9093174934387207 0.33397130031523 0.4185417598011083 -0.8445625884849185 0.9180193182056242 0.058789801167301016 0.39215340197426574 0 0 0 0 0 0
-0.3723907470703125 0.017913818359375 3.942465305328369 0.33287540054123393 0.838101369458046 -0.4321805898314509 0.9076369632198552 -0.16048400569037308 0.38786599092291124 0 0 0 0 0 0
-0.040771484375 -0.207366943359375 3.846848487854004 0.3254660222659646 0.9347039315029221 0.14283006960493883 0.9020057724177004 -0.3522277257988375 0.24964217533046545 0 0 0 0 0 0
0.2881927490234375 -0.3560028076171875 3.636756420135498 0.3149813589334746 0.6868783273532933 0.6549693938931523 0.9041489934020881 -0.42701917736431094 0.01300845467756962 0 0 0 0 0 0
0.7269287109375 -0.4503631591796875 3.448728561401367 0.27721679623652007 0.25989789909996025 0.9249886107016598 0.9173539935243222 -0.35784337124135407 -0.17438397926300594 0 0 0 0 0 0
1.044281005859375 -0.484893798828125 3.330127716064453 0.31440678832169594 -0.059318436767803594 0.9474332137500038 0.9411058970368963 0.15023567612395478 -0.30290086196965044 0 0 0 0 0 0
1.3287811279296875 -0.0933990478515625 3.0522375106811523 0.2996868605405833 -0.5654224346910037 0.7684303845940935 0.9379621014799462 0.027383543757521344 -0.34565479559613094 0 0 0 0 0 0
1.54498291015625 -1.37347412109375 2.2467684745788574 0.30208494460203433 0.8890887490642271 -0.34389806997451133 -0.09165724825228855 -0.3319912668495818 -0.9388188044444082 0 0 0 0 0 0
1.9613037109375 -0.534149169921875 0.4791555106639862 0.30903273359187033 0.9311036861511383 0.1937645354663709 0.9389122834478397 -0.33113713645069354 0.09376524331541358 0 0 0 0 0 0
2.2879486083984375 -0.61505126953125 0.20769354701042175 0.3187976277694241 0.6640313876489609 0.6763360028459104 0.9357715099762458 -0.33393299150059147 -0.11322737435904319 0 0 0 0 0 0
2.6173248291015625 -0.530029296875 -0.04730948433279991 0.32836798789258687 0.15697424142402358 0.9314148120234755 0.9283934338594874 -0.23524315857708822 -0.287656545743817 0 0 0 0 0 0
2.9490509033203125 -0.3315582275390625 -0.2048015296459198 0.33393778627681425 -0.41854756580182845 0.8445729631345683 0.9179905266910695 -0.0589750543085361 -0.39219298294941296 0 0 0 0 0 0
3.281707763671875 -0.0902252197265625 -0.23589250445365906 0.33287542197870024 -0.8381014234325057 0.4321804686504354 0.907648038857973 0.16050667710254254 -0.3878306900733565 0 0 0 0 0 0
3.6133270263671875 0.13507080078125 -0.14027151465415955 0.3254658767991566 -0.9347035137376623 -0.14283313497163014 0.9019937595959939 0.352230428198196 -0.2496817636536562 0 0 0 0 0 0
3.942291259765625 0.2837066650390625 0.069814532995224 0.31497279834309744 -0.6868978054698021 -0.6549530831629762 0.9041374893919545 0.42704188055368064 -0.013062638676372506 0 0 0 0 0 0
4.3822174072265625 0.367279052734375 0.24062952399253845 0.28072181331845325 -0.2576430394282964 -0.9245622357425967 0.9180131576049442 0.35318399747079965 0.18031335611858115 0 0 0 0 0 0
4.7017669677734375 0.418487548828125 0.37476643919944763 0.31047616911067905 0.059699619690160056 -0.9487046451995519 0.9447485210698552 -0.1297687579514645 0.30101545042747546 0 0 0 0 0 0
4.9801483154296875 0.017669677734375 0.653828501701355 0.2996809969425163 0.5654495185436506 -0.7684127419885055 0.937119878647293 -0.02345264234688025 0.3482187625775386 0 0 0 0 0 0
5.3075408935546875 -0.300567626953125 0.656078577041626 0.30208494460203433 0.8890887490642271 -0.34389806997451133 0.9371593923735658 -0.21091297813743975 0.27793522435849094 0 0 0 0 0 0
5.63189697265625 -0.534149169921875 0.4791555106639862 0.30903273359187033 0.9311036861511383 0.1937645354663709 0.9389122985661323 -0.3311371211843159 0.09376514584335638 0 0 0 0 0 0
5.9585418701171875 -0.61505126953125 0.20769450068473816 0.3187976277694241 0.6640313876489609 0.6763360028459104 0.9357737763594106 -0.33392292760818953 -0.11323832344053839 0 0 0 0 0 0
6.2879180908203125 -0.530029296875 -0.04731049761176109 0.328368306914834 0.1569743939305927 0.9314146738504867 0.9283933348907502 -0.23524320811636149 -0.2876568246462332 0 0 0 0 0 0
6.61962890625 -0.3315582275390625 -0.2048024833202362 0.33393778627681425 -0.41854756580182845 0.8445729631345683 0.9179993695178946 -0.058937595085450774 -0.39217791555656445 0 0 0 0 0 0
6.832763671875 -0.81988525390625 -1.3876864910125732 0.3329096206013486 0.8380914821372326 -0.43217340510503777 -0.3165296727042464 -0.33240119512257726 -0.8884359356638075 0 0 0 0 0 0
7.3003997802734375 -0.207366943359375 -3.2119734287261963 0.3255001273521553 0.9346923263224963 0.14282829624262364 0.9020043762405581 -0.3522582423706075 0.2496041584686687 0 0 0 0 0 0
7.629364013671875 -0.3560028076171875 -3.4220685958862305 0.31498123596652616 0.6868780591998631 0.654969734246422 0.9041489852275755 -0.427019194370193 0.013008464604899619 0 0 0 0 0 0
8.068099975585938 -0.4503631591796875 -3.6100924015045166 0.27725216429428956 0.2598952937998067 0.9249787422718667 0.9173543359647394 -0.3578208672825188 -0.17442834982845656 0 0 0 0 0 0
8.385467529296875 -0.484893798828125 -3.7286953926086426 0.31440678832169594 -0.059318436767803594 0.9474332137500038 0.9411111802961232 0.15019374710237604 -0.3029052403854801 0 0 0 0 0 0
8.669952392578125 -0.0933990478515625 -4.006585597991943 0.2996867232760446 -0.565422175712517 0.7684306286871905 0.9379621696795375 0.02738345777734706 -0.34565461734252995 0 0 0 0 0 0
8.994613647460938 0.228271484375 -4.008333683013916 0.3020848826810535 -0.8890885668199663 0.3438985955272171 0.9371592404051329 0.21091236075801306 -0.2779362052751612 0 0 0 0 0 0
9.3189697265625 0.46185302734375 -3.8314034938812256 0.30903272020755557 -0.931103645824715 -0.1937647505947413 0.9389123091604127 0.3311371234604165 -0.09376503171984038 0 0 0 0 0 0
9.6456298828125 0.542755126953125 -3.559941530227661 0.3187891025870588 -0.66405177669445 -0.6763200026176085 0.9357673352227592 0.3339612730087391 0.11317845404704346 0 0 0 0 0 0
9.974990844726562 0.457733154296875 -3.3049404621124268 0.3283680306187475 -0.15697426184899463 -0.9314147935181879 0.9283934801662884 0.2352428367917464 0.2876566594447263 0 0 0 0 0 0
10.306716918945312 0.2592620849609375 -3.147453546524048 0.3339711321973768 0.4185415491113213 -0.8445627593768846 0.9179963701671392 0.05888749038170634 0.39219246274820385 0 0 0 0 0 0
10.639373779296875 0.017913818359375 -3.1163644790649414 0.3328757435403051 0.8381022330484188 -0.4321786509323927 0.9076368936350078 -0.16048526648917005 0.38786563208473845 0 0 0 0 0 0
10.970993041992188 -0.207366943359375 -3.2119734287261963 0.3254660222659646 0.9347039315029221 0.14283006960493883 0.9020057222842763 -0.35222773420891923 0.24964234460618315 0 0 0 0 0 0
11.299957275390625 -0.3560028076171875 -3.4220685958862305 0.31498123596652616 0.6868780591998631 0.654969734246422 0.9041489852275755 -0.427019194370193 0.013008464604899619 0 0 0 0 0 0
11.739883422851562 -0.4395904541015625 -3.592886447906494 0.2807216199438508 0.25764286195145647 0.9245623439128174 0.9180087404277891 -0.353198267537838 -0.18030789307862827 0 0 0 0 0 0
12.060440063476562 -0.488800048828125 -3.7225844860076904 0.3104413022476073 -0.05970025043223218 0.9487160154425235 0.9441891636114057 0.13501171315955487 -0.3004640754375074 0 0 0 0 0 0
12.338729858398438 -0.087921142578125 -4.001652717590332 0.299681082727568 -0.5654496804061533 0.7684125894230338 0.9371197522576141 0.02345231234415088 -0.34821912494051843 0 0 0 0 0 0
12.557662963867188 -1.3714141845703125 -4.807637691497803 0.3020850065229459 0.8890889313082839 -0.34389754442148235 -0.09168322489470707 -0.33198208605304247 -0.938819514503601 0 0 0 0 0 0
12.973983764648438 -0.5321044921875 -6.5752482414245605 0.30903275589903123 0.9311037533617522 0.1937641769190248 0.938912267470374 -0.3311371309609233 0.09376542269199972 0 0 0 0 0 0
13.300643920898438 -0.6129913330078125 -6.846705436706543 0.3187978205457321 0.6640317891874546 0.6763355177452972 0.9357650707437468 -0.33396150340369946 -0.1131964956184217 0 0 0 0 0 0
13.6300048828125 -0.5279693603515625 -7.10170841217041 0.32836766602250705 0.15697408755606607 0.9314149514297437 0.9283936740556971 -0.23524233474271117 -0.2876564442493205 0 0 0 0 0 0
13.961746215820312 -0.3295135498046875 -7.259202480316162 0.3339374080399008 -0.4185470917310705 0.8445733476229615 0.9179907001119177 -0.05897528385634181 -0.39219254251208696 0 0 0 0 0 0
14.294387817382812 -0.088165283203125 -7.290290355682373 0.33287540054123393 -0.838101369458046 0.4321805898314509 0.907648157044326 0.16050683044242858 -0.3878303500183604 0 0 0 0 0 0
14.626007080078125 0.137115478515625 -7.194670677185059 0.32547729483080123 -0.9346981572836723 -0.1428421692643001 0.9020088018339302 0.3522406144002617 -0.24961304248985935 0 0 0 0 0 0
14.954971313476562 0.2857513427734375 -6.984585285186768 0.31498086706587347 -0.6868772547399925 -0.6549707553038394 0.9041489660363191 0.42701923452276425 -0.013008480428082643 0 0 0 0 0 0
15.393707275390625 0.380126953125 -6.796568393707275 0.2772520114368678 -0.25989515051174744 -0.9249788283494316 0.9173542647508499 0.35782115437483103 0.17442813541768706 0 0 0 0 0 0
15.7110595703125 0.414642333984375 -6.677966594696045 0.31440714342139814 0.059318503763682855 -0.9474330917151006 0.9411055534730857 -0.15023752284326553 0.3029010134549516 0 0 0 0 0 0
15.995559692382812 0.0231475830078125 -6.400076389312744 0.29968121998371733 0.5654499393862833 -0.7684123453180064 0.9379619489545307 -0.027383202501505985 0.3456552365206984 0 0 0 0 0 0
16.320220947265625 -0.29852294921875 -6.398324489593506 0.3020850065229459 0.8890889313082839 -0.34389754442148235 0.9371651804584723 -0.21092671208555885 0.2779052836219835 0 0 0 0 0 0
16.644577026367188 -0.5321044921875 -6.5752482414245605 0.30903275589903123 0.9311037533617522 0.1937641769190248 0.938912267470374 -0.3311371309609233 0.09376542269199972 0 0 0 0 0 0
16.971221923828125 -0.6129913330078125 -6.84670352935791 0.31883286149226076 0.6640253194539104 0.6763253518513034 0.9357589059043508 -0.3339617468009615 -0.11324672928761713 0 0 0 0 0 0
17.300628662109375 -0.527984619140625 -7.101717472076416 0.32833107982077103 0.15697483367752676 0.9314277232376322 0.9283981087974712 -0.23528040524468746 -0.2876109916000685 0 0 0 0 0 0
17.632354736328125 -0.32952880859375 -7.259189605712891 0.3339061560867121 -0.41851758693331637 0.844600324623967 0.9180059746080645 -0.05898575194736207 -0.3921552137242371 0 0 0 0 0 0
17.845458984375 -0.817840576171875 -8.442081451416016 0.33287540054123393 0.838101369458046 -0.4321805898314509 -0.31653889669016283 -0.3324106345371281 -0.8884291175602016 0 0 0 0 0 0
18.3131103515625 -0.2053070068359375 -10.26638126373291 0.3255118442309432 0.9346878246040748 0.14283105335420657 0.9019927325561923 -0.35227149827628 0.2496275263627756 0 0 0 0 0 0
18.642074584960938 -0.3539581298828125 -10.47647476196289 0.315016950574239 0.6868727551513378 0.6549581200975508 0.9041363944438269 -0.4270463986876068 0.01299052000739256 0 0 0 0 0 0
19.08203125 -0.437530517578125 -10.64730167388916 0.28068477729965663 0.25764405896736625 0.9245731959510086 0.9180138600863131 -0.35320512980623514 -0.18026838038876336 0 0 0 0 0 0
19.401458740234375 -0.4887237548828125 -10.781414031982422 0.3104777081728473 -0.059661768716345154 0.9487065226303514 0.9447453186596757 0.12978229397211496 -0.30101966554024934 0 0 0 0 0 0
19.679977416992188 -0.0879364013671875 -11.060478210449219 0.29964430262839103 -0.5654522594348365 0.7684250348618161 0.9371254784390265 0.02340305916934245 -0.34820702819148014 0 0 0 0 0 0
20.007232666015625 0.2303314208984375 -11.062722206115723 0.3020841396238825 -0.8890863798729423 0.3439049021344782 0.9371592124372548 0.2109091307483916 -0.2779387506465091 0 0 0 0 0 0
20.31378173828125 0.4662322998046875 -10.88116455078125 0.3090328272816903 -0.9311039684349458 -0.19376302956699548 0.9391272541783351 0.33091867139009457 -0.0923733369802972 0 0 0 0 0 0
20.63916015625 0.5447998046875 -10.612733840942383 0.3187985916519126 -0.6640333953434058 -0.6763335773340441 0.9357671376114421 0.3339520239567244 0.11320737547393267 0 0 0 0 0 0
20.968490600585938 0.45977783203125 -10.357712745666504 0.3284071684450812 -0.15697473552694963 -0.9314009148160249 0.9283788887758039 0.23525678595305996 0.28769234181402875 0 0 0 0 0 0
21.30035400390625 0.2613372802734375 -10.200210571289062 0.33393539078792467 0.4185445633681871 -0.8445753982056602 0.9180003789808708 0.058939425104594274 0.39217527759831766 0 0 0 0 0 0
21.948623657226562 0.9791107177734375 -9.57108211517334 -0.8924472598160984 0 0.4511517355022998 0.4379812668750775 -0.23986194277321632 0.86639405484777 0 0 0 0 0 0
19.13201904296875 0.6123046875 -7.507227420806885 0 1 0 0 0 1 0 0 0 0 0 0
19.47943115234375 0.6123046875 -8.236650466918945 0 1 0 0 0 1 0 0 0 0 0 0
21.276504516601562 0.9690399169921875 -10.510871887207031 -0.8691690264766978 0 0.4945151194994438 -0.017103095795064225 0.9994017396207225 -0.030060721170630245 0 0 0 0 0 0
21.58856201171875 0.4227447509765625 -10.6217041015625 -0.3339407223033348 -0.4185130985138093 0.8445888824510406 -0.940971598537183 0.09546456249517629 -0.3247444657788382 0 0 0 0 0 0
21.024627685546875 0.3673553466796875 -10.849812507629395 -0.3284071684450812 0.15697473552694963 0.9314009148160249 -0.9019983942379323 0.24047357248449425 -0.35856848401488983 0 0 0 0 0 0
20.695098876953125 0.1535491943359375 -10.996818542480469 -0.3187985916519126 0.6640333953434058 0.6763335773340441 -0.9038560450271729 0.001821707857957382 -0.4278328309612501 0 0 0 0 0 0
20.368331909179688 -0.1222686767578125 -10.998647689819336 -0.3090673310282914 0.9310929913278866 0.1937607452275535 -0.9124892883599347 -0.23290081562898307 -0.3363339244080715 0 0 0 0 0 0
20.060653686523438 -0.35955810546875 -10.827987670898438 -0.3020494733467508 0.8890966248159536 -0.3439088649509193 -0.922224055253183 -0.36387838608672257 -0.13074904225766332 0 0 0 0 0 0
19.738967895507812 -0.4458465576171875 -10.550819396972656 -0.299643753660602 0.5654512234896376 -0.7684260112374232 -0.9336030511205048 -0.3396496767177482 0.11412028760923026 0 0 0 0 0 0
19.371917724609375 -0.327606201171875 -10.408040046691895 -0.3104425310929542 0.05970048674864504 -0.9487155984648797 -0.9412860376054337 -0.1586147228425657 0.29803014127205035 0 0 0 0 0 0
18.908676147460938 -0.498321533203125 -10.227860450744629 -0.2806496352126449 -0.2576468174835128 -0.9245830950734644 -0.9539957924206802 -0.030991886301501802 0.2982139014652293 0 0 0 0 0 0
18.73223876953125 -0.036712646484375 -10.094619750976562 -0.315016950574239 -0.6868727551513378 -0.6549581200975508 -0.9479204961964437 0.19351392451375926 0.2529804219894715 0 0 0 0 0 0
18.36737060546875 0.2871551513671875 -10.182099342346191 -0.3255001273521553 -0.9346923263224963 -0.14282829624262364 -0.9296946181759712 0.2888326334340259 0.2285686478898646 0 0 0 0 0 0
18.036636352539062 0.43975830078125 -10.383626937866211 -0.33287540054123393 -0.838101369458046 0.4321805898314509 -0.9187956352720335 0.39138448170590195 0.05131050657382983 0 0 0 0 0 0
17.704635620117188 0.4667510986328125 -10.625943183898926 -0.3339799948790418 -0.4185145087170722 0.8445726546685626 -0.9079658939420524 0.38343484117917004 -0.16904336132458564 0 0 0 0 0 0
17.373016357421875 0.3673858642578125 -10.851446151733398 -0.3283318089462176 0.1569751822718352 0.931427407469218 -0.9020164912785865 0.240510691140321 -0.35849805705006665 0 0 0 0 0 0
17.043792724609375 0.1535186767578125 -10.998417854309082 -0.3188333756066467 0.6640263901872338 0.6763240582251845 -0.9038529021623397 0.0017767112811159567 -0.42783965986072375 0 0 0 0 0 0
16.716888427734375 -0.1222686767578125 -11.000280380249023 -0.3090326845159825 0.9311035382873842 0.19376532427025903 -0.912492934533102 -0.23285995001549684 -0.3363523273383859 0 0 0 0 0 0
16.392196655273438 -0.3571014404296875 -10.83224868774414 -0.30209463305017664 0.8890791157807068 -0.34391446402394305 -0.9238784771211037 -0.3619667338134924 -0.12421208928595803 0 0 0 0 0 0
16.068405151367188 -0.4458465576171875 -10.550826072692871 -0.29968121998371733 0.5654499393862833 -0.7684123453180064 -0.9335903495596145 -0.3396767879121593 0.11414350162332977 0 0 0 0 0 0
15.700927734375 -0.3242950439453125 -10.427680015563965 -0.31440678684637113 0.05935658339395214 -0.94743082512273 -0.9407952343842132 -0.15268961647037285 0.30263874170714467 0 0 0 0 0 0
15.237945556640625 -0.502410888671875 -10.228806495666504 -0.2772523171518657 -0.2598954370880106 -0.9249786561941595 -0.9523176626609129 -0.05328657516715596 0.3004190578026146 0 0 0 0 0 0
15.168869018554688 -0.5410003662109375 -9.240250587463379 -0.3149806211322656 0.6868767184337622 0.6549714360067913 0.5146557131181787 -0.45621841801932994 0.7259436975515107 0 0 0 0 0 0
14.680267333984375 -0.3553466796875 -7.278956413269043 -0.3254656897660073 0.9347029765982744 0.14283707615133662 -0.9297003616926856 -0.28879034744760457 -0.22859871541542331 0 0 0 0 0 0
14.34954833984375 -0.5079498291015625 -7.077418327331543 -0.3328752290413864 0.8381009376620742 -0.4321815592787324 -0.9188006217998239 -0.3913755640895026 -0.05128923097376941 0 0 0 0 0 0
14.01751708984375 -0.534942626953125 -6.835113525390625 -0.3339427396519336 0.4185156267673479 -0.8445868319985192 -0.9079695127876037 -0.383447544855519 0.1689951010902876 0 0 0 0 0 0
13.686004638671875 -0.4355621337890625 -6.609613418579102 -0.32833363177292035 -0.1569760537638628 -0.9314266180389785 -0.9020151138384596 -0.24051266532831136 0.35850019835930735 0 0 0 0 0 0
13.35662841796875 -0.2217254638671875 -6.462628364562988 -0.31883209032194676 -0.6640237133565599 -0.6763272922787482 -0.9038669482309327 -0.0017437209093236212 0.4278101206529491 0 0 0 0 0 0
13.02984619140625 0.0540924072265625 -6.460788249969482 -0.3090562110347933 -0.9310976370215095 -0.19375615797640747 -0.9124883629978134 0.23288769229301787 0.3363455220037921 0 0 0 0 0 0
12.705093383789062 0.2889251708984375 -6.628798484802246 -0.3020850065229459 -0.8890889313082839 0.34389754442148235 -0.9238796892197904 0.36195759534707517 0.12422970263872882 0 0 0 0 0 0
12.381332397460938 0.377655029296875 -6.910235404968262 -0.29968121998371733 -0.5654499393862833 0.7684123453180064 -0.9335820502599252 0.3397085331966197 -0.11411690455789433 0 0 0 0 0 0
12.014236450195312 0.259429931640625 -7.0530242919921875 -0.3104759479407858 -0.05969957716271407 0.9487047202564471 -0.9412790614676764 0.1585882735453787 -0.2980662475632332 0 0 0 0 0 0
11.551605224609375 0.42877197265625 -7.236791610717773 -0.28068632412561195 0.25764547881820915 0.924572330698571 -0.9540554462871508 0.030335879621893685 -0.2980904893105308 0 0 0 0 0 0
11.373565673828125 -0.03350830078125 -7.370860576629639 -0.314973105736244 0.6868984758377795 0.6549522322693466 -0.947934702235751 -0.19348321555622652 -0.2529506781869555 0 0 0 0 0 0
11.008758544921875 -0.357391357421875 -7.283379554748535 -0.3254656897660073 0.9347029765982744 0.14283707615133662 -0.9297076635235711 -0.28879912268584107 -0.2285579294652256 0 0 0 0 0 0
10.67803955078125 -0.510009765625 -7.0818376541137695 -0.33287557204087354 0.8381018012534943 -0.43217962038267105 -0.9188006363900086 -0.39137550838605417 -0.05128939466276627 0 0 0 0 0 0
10.34600830078125 -0.5370025634765625 -6.83953332901001 -0.3339430758785935 0.4185160481453106 -0.8445864902528194 -0.9079796467874751 -0.3834144469508693 0.16901574745878334 0 0 0 0 0 0
10.014511108398438 -0.4376068115234375 -6.614042282104492 -0.32836606410587793 -0.15701146838519905 -0.9314092155111727 -0.9020134013245241 -0.24046222217880084 0.3585383431877214 0 0 0 0 0 0
9.87420654296875 -0.2227630615234375 -5.813620567321777 -0.3188313191531507 0.6640221072623708 0.676329232692113 0.8400945803246515 -0.13240827436583977 0.526031505699619 0 0 0 0 0 0
9.374832153320312 -0.12432861328125 -3.9458565711975098 -0.3090672239447267 0.9310926687290655 0.19376246623659243 -0.9124915128168659 -0.23290239104479718 -0.3363267983417375 0 0 0 0 0 0
9.050079345703125 -0.3591766357421875 -3.7778594493865967 -0.30208494460203433 0.8890887490642271 -0.34389806997451133 -0.9238796013231204 -0.3619577393349306 -0.12422993678891835 0 0 0 0 0 0
8.726318359375 -0.4478912353515625 -3.496415376663208 -0.2996802591923962 0.5654481265286264 -0.7684140540461535 -0.9335823055661011 -0.3397078332417347 0.114116899572713 0 0 0 0 0 0
8.35882568359375 -0.3263397216796875 -3.373281478881836 -0.31440678832169594 0.059318436767803594 -0.9474332137500038 -0.9408000171030196 -0.15264018337464658 0.30264881007252 0 0 0 0 0 0
7.8958587646484375 -0.5044708251953125 -3.1744043827056885 -0.2772520114368678 -0.25989515051174744 -0.9249788283494316 -0.9523176890228962 -0.0532872203192529 0.3004188598020068 0 0 0 0 0 0
7.7215118408203125 -0.0374298095703125 -3.0409045219421387 -0.314973105736244 -0.6868984758377795 -0.6549522322693466 -0.9478323235478606 0.19198985598438895 0.2544676435953249 0 0 0 0 0 0
7.3546600341796875 0.28509521484375 -3.1277034282684326 -0.3254659945582318 -0.9347038519292491 -0.14283065348462545 -0.9296998836263112 0.28879176007616286 0.22859887510076599 0 0 0 0 0 0
7.0239410400390625 0.4376983642578125 -3.329226493835449 -0.3329096634794669 -0.8380915900818022 0.4321731627439917 -0.9188002572082861 0.3913846432464881 0.05122644224232947 0 0 0 0 0 0
6.691925048828125 0.4647064208984375 -3.5715465545654297 -0.33393723993482555 -0.41854688103323123 0.8445735185062723 -0.9079767087765109 0.38343397217522124 -0.16898723413709943 0 0 0 0 0 0
6.36041259765625 0.3653106689453125 -3.797034502029419 -0.32836606410587793 0.15701146838519905 0.9314092155111727 -0.9020136147454032 0.24046149275458026 -0.3585382954667055 0 0 0 0 0 0
6.0310211181640625 0.1514892578125 -3.94403338432312 -0.31879717795840784 0.6640304507265772 0.676337134743919 -0.9038677601183785 0.001795212629472772 -0.4278081923364724 0 0 0 0 0 0
5.7042388916015625 -0.12432861328125 -3.9458565711975098 -0.30903272020755557 0.931103645824715 0.1937647505947413 -0.9124927987701777 -0.23286005938527374 -0.336352619932794 0 0 0 0 0 0
5.379486083984375 -0.3591766357421875 -3.7778594493865967 -0.30208494460203433 0.8890887490642271 -0.34389806997451133 -0.9238796013231204 -0.3619577393349306 -0.12422993678891835 0 0 0 0 0 0
5.0557403564453125 -0.4478912353515625 -3.496415376663208 -0.2996802591923962 0.5654481265286264 -0.7684140540461535 -0.9335906688062613 -0.33967584332388323 0.11414370144728486 0 0 0 0 0 0
4.688629150390625 -0.3296661376953125 -3.3536393642425537 -0.3104764792117704 0.05966153255771089 -0.948706939675856 -0.9412790982068031 -0.15857480747487887 0.2980732958741737 0 0 0 0 0 0
4.2254791259765625 -0.5003662109375 -3.1734654903411865 -0.2807217746435133 -0.25764300393291056 -0.9245622573766588 -0.9539826237965251 -0.03090060628398674 0.29826549586832835 0 0 0 0 0 0
4.1551971435546875 -0.5422821044921875 -2.186046600341797 -0.3149810515161637 0.686877656969849 0.6549702447755792 0.5150204009034156 -0.45595822728325835 0.7258485252626704 0 0 0 0 0 0
3.6675872802734375 -0.357391357421875 -0.22455152869224548 -0.32549997494609734 0.9346918886797402 0.142831507540844 -0.9297019940623965 -0.28884050560878366 -0.22852869525743602 0 0 0 0 0 0
3.3368682861328125 -0.510009765625 -0.023019520565867424 -0.3329093626623938 0.8380908327824902 -0.43217486305622926 -0.9187964306534273 -0.3913915256715093 -0.05124248872810657 0 0 0 0 0 0
3.0048370361328125 -0.5370025634765625 0.21928951144218445 -0.33394311790696407 0.41851610081760365 -0.8445864475345344 -0.9079797505777727 -0.3834140924997257 0.16901599395719274 0 0 0 0 0 0
2.6733245849609375 -0.4376068115234375 0.44477948546409607 -0.3283320299821987 -0.1570134350420274 -0.9314208819347307 -0.9020152564586724 -0.24049989680403372 0.35850840541477513 0 0 0 0 0 0
2.34393310546875 -0.223785400390625 0.5917764902114868 -0.3187976117047361 -0.6640313541874285 -0.6763360432709218 -0.9038560165160816 -0.0018246981792096586 0.42783287845166346 0 0 0 0 0 0
2.0171661376953125 0.052032470703125 0.5936145782470703 -0.3090672239447267 -0.9310926687290655 -0.19376246623659243 -0.9124880592463372 0.23289877349745336 0.3363386731201676 0 0 0 0 0 0
1.692413330078125 0.286865234375 0.42560550570487976 -0.30208496782238425 -0.8890888174057723 0.34389787289216334 -0.9238796992924971 0.3619576078059426 0.12422959142895393 0 0 0 0 0 0
1.36865234375 0.3755950927734375 0.14416345953941345 -0.29968740959955914 -0.5654234706065002 0.7684294082183516 -0.9335891939111897 0.3396737592527709 -0.11416196515191013 0 0 0 0 0 0
1.00115966796875 0.2540435791015625 0.021028490737080574 -0.3144070560335106 -0.05931848727640245 0.9474331217471659 -0.9407998186029709 0.15264107944799493 -0.3026489751867137 0 0 0 0 0 0
0.5381927490234375 0.432159423828125 -0.17784950137138367 -0.27725212607991967 0.2598952579777783 0.9249787637912712 -0.952317706148057 0.05328677391525969 -0.30041888469702965 0 0 0 0 0 0
0.3638458251953125 -0.0348663330078125 -0.3113485276699066 -0.3149728271611964 0.6868978683167813 0.6549530033918043 -0.9478345342295823 -0.1920196773345053 -0.2544369062029784 0 0 0 0 0 0
-0.0030059814453125 -0.357391357421875 -0.2245505154132843 -0.32546586987209114 0.9347034938438642 0.14283328094137007 -0.9297001333021672 -0.28879124719562005 -0.22859850760915115 0 0 0 0 0 0
-0.3337249755859375 -0.510009765625 -0.023020533844828606 -0.33287544274624264 0.8381014757202557 -0.4321803512563042 -0.9188006194285551 -0.39137554991626794 -0.05128938160518738 0 0 0 0 0 0
-0.6657562255859375 -0.5370025634765625 0.2192884385585785 -0.33394315993534307 0.41851615348990734 -0.8445864048162333 -0.907979763700649 -0.3834140329914596 0.16901605845403384 0 0 0 0 0 0
-1.009429931640625 -0.4377288818359375 0.43660053610801697 -0.32833363177292035 -0.1569760537638628 -0.9314266180389785 -0.9045177769199678 -0.23182378586600938 0.3579180402585349 0 0 0 0 0 0
-1.151123046875 -0.220703125 1.2391014099121094 -0.31879769202818287 0.6640315214951034 0.6763358411458037 0.8402539969269127 -0.1321774037442185 0.5258349119141726 0 0 0 0 0 0
-1.6504974365234375 -0.122283935546875 3.106851577758789 -0.30902177964289596 0.9311088284537029 0.193757294783733 -0.9124786169959663 -0.23283431417665282 -0.3364089113965571 0 0 0 0 0 0
-1.9752349853515625 -0.3571014404296875 3.2748637199401855 -0.3020945091942978 0.8890787512668651 -0.34391551514929986 -0.9238823465981509 -0.36196219640192434 -0.1241965298234584 0 0 0 0 0 0
-2.2989959716796875 -0.4458465576171875 3.5562915802001953 -0.29968121998371733 0.5654499393862833 -0.7684123453180064 -0.9335904134606143 -0.33967654346019993 0.11414370642909082 0 0 0 0 0 0
-2.66650390625 -0.3242950439453125 3.679431438446045 -0.314372055139308 0.05935722822433724 -0.9474423098030886 -0.9408022065814365 -0.15272190770683486 0.3026007716412588 0 0 0 0 0 0
-3.12945556640625 -0.502410888671875 3.878307342529297 -0.27725262286748087 -0.2598957236648524 -0.924978484038318 -0.9523176092877115 -0.05328613448636581 0.30041930515870474 0 0 0 0 0 0
-3.303802490234375 -0.0353851318359375 4.011814594268799 -0.3149811129996098 -0.6868777910465028 -0.6549700745992931 -0.9478325730782435 0.1920298686877498 0.25443652045970505 0 0 0 0 0 0
-3.6706695556640625 0.287139892578125 3.9250082969665527 -0.3254776273663275 -0.9346991122514952 -0.14283516247847772 -0.9297006922553412 0.28880751899269713 0.22857567629391906 0 0 0 0 0 0
-4.0013885498046875 0.43975830078125 3.7234816551208496 -0.33287540054123393 -0.838101369458046 0.4321805898314509 -0.9187917912687268 0.3913913667257188 0.0513268190109072 0 0 0 0 0 0
-4.333404541015625 0.4667510986328125 3.481179714202881 -0.333976968584744 -0.4185107164298374 0.8445757305821245 -0.9079770924956061 0.3833996211435446 -0.16906309476113338 0 0 0 0 0 0
-4.6649169921875 0.36737060546875 3.255674362182617 -0.32833399634050425 0.15697622806334088 0.9314264601513528 -0.9020037089380317 0.2405510905510601 -0.3585031128131673 0 0 0 0 0 0
-4.994293212890625 0.153533935546875 3.1086907386779785 -0.31883209032194676 0.6640237133565599 0.6763272922787482 -0.9038672081630826 0.0017430395759650984 -0.4278095742506373 0 0 0 0 0 0
-5.321075439453125 -0.122283935546875 3.106851577758789 -0.3090562824165224 0.9310978520741662 0.19375501067521572 -0.9124884765323242 -0.23288831430850734 -0.33634478330168865 0 0 0 0 0 0
-5.6458282470703125 -0.3571014404296875 3.2748637199401855 -0.3020945091942978 0.8890787512668651 -0.34391551514929986 -0.9238823465981509 -0.36196219640192434 -0.1241965298234584 0 0 0 0 0 0
-5.9695892333984375 -0.4458465576171875 3.5562915802001953 -0.299646498512687 0.5654564032404277 -0.7684211293057247 -0.9335939768507804 -0.33968359736770015 0.11409355839521738 0 0 0 0 0 0
-6.336700439453125 -0.3276214599609375 3.6990866661071777 -0.3104411266990221 0.05970021667288886 -0.9487160750103539 -0.9412798568278107 -0.15866381340355304 0.2980235316991915 0 0 0 0 0 0
-6.799835205078125 -0.4983062744140625 3.879246711730957 -0.2806866334926751 -0.25764576279009616 -0.9245721576463668 -0.9539890301999161 -0.030944870845177334 0.2982404151462355 0 0 0 0 0 0
-6.8701171875 -0.54022216796875 4.866665363311768 -0.31501547484361325 0.6868695374223904 0.6549622043829736 0.514886378129436 -0.4560352813263796 0.7258951989111937 0 0 0 0 0 0
-7.357757568359375 -0.3553466796875 6.828155517578125 -0.3254656897660073 0.9347029765982744 0.14283707615133662 -0.9297003616926856 -0.28879034744760457 -0.22859871541542331 0 0 0 0 0 0
-7.688446044921875 -0.5079498291015625 7.029700756072998 -0.3328752290413864 0.8381009376620742 -0.4321815592787324 -0.9188006064376576 -0.39137559160961227 -0.05128929617394683 0 0 0 0 0 0
-8.020477294921875 -0.534942626953125 7.271998405456543 -0.3339430758785935 0.4185160481453106 -0.8445864902528194 -0.9079798885674468 -0.3834136604348794 0.16901623279724895 0 0 0 0 0 0
-8.35198974609375 -0.4355621337890625 7.497504234313965 -0.3283680306187475 -0.15697426184899463 -0.9314147935181879 -0.9020133910247516 -0.24047399232653913 0.35853047489239204 0 0 0 0 0 0
-8.681396484375 -0.2217254638671875 7.644486427307129 -0.31875573176506666 -0.6640617255344997 -0.6763259629402524 -0.9038460767760099 -0.0019009425206395686 0.42785354493582073 0 0 0 0 0 0
-9.008148193359375 0.0540924072265625 7.646324157714844 -0.3090673310282914 -0.9310929913278866 -0.1937607452275535 -0.912487748226168 0.2328992023977403 0.3363392199248163 0 0 0 0 0 0
-9.332916259765625 0.2889251708984375 7.478315353393555 -0.3020497210108662 -0.8890973538267565 0.34390676273594484 -0.9238718434177169 0.36194870296031495 0.12431393069682777 0 0 0 0 0 0
-9.65667724609375 0.377655029296875 7.1968889236450195 -0.29968121998371733 -0.5654499393862833 0.7684123453180064 -0.9335988390235446 0.33964430801814344 -0.11417071342847258 0 0 0 0 0 0
-10.024169921875 0.2560882568359375 7.0737457275390625 -0.3144074985218568 -0.05931857075970484 0.9474329696797842 -0.9407951673816515 0.1526762255736508 -0.3026457056954787 0 0 0 0 0 0
-10.487152099609375 0.4342193603515625 6.874868392944336 -0.2772517057224872 0.2598948639360629 0.9249790005041341 -0.9523123426777379 0.053328530150976446 -0.3004284771049101 0 0 0 0 0 0
-10.661468505859375 -0.032806396484375 6.741364479064941 -0.3149455203541541 0.6868833623421631 0.6549813476324159 -0.947842592890196 -0.19197758773131474 -0.25443864665584026 0 0 0 0 0 0
-11.0283203125 -0.3553466796875 6.828161716461182 -0.3254656897660073 0.9347029765982744 0.14283707615133662 -0.9297002503229991 -0.2887902136165784 -0.22859933741952101 0 0 0 0 0 0
-11.359039306640625 -0.5079345703125 7.029689311981201 -0.3329434106006819 0.8380805145390675 -0.43216864357275797 -0.9187923907183206 -0.39140721847135473 -0.051195039668215446 0 0 0 0 0 0
-11.691162109375 -0.5349578857421875 7.272002220153809 -0.3338672665026695 0.41855480439525705 -0.8445972555459103 -0.9079620542029572 -0.3835287150485924 0.16885091904020536 0 0 0 0 0 0
-12.022552490234375 -0.435546875 7.497507095336914 -0.3282985026321851 -0.1569774969011668 -0.9314387573190785 -0.9020165885655101 -0.2405532709640036 0.3584692424478814 0 0 0 0 0 0
-12.162872314453125 -0.220703125 8.29792308807373 -0.31883234737854943 0.6640242487219921 0.6763266454711644 0.8401775674891369 -0.13226608064900428 0.5259347288378929 0 0 0 0 0 0
-12.662322998046875 -0.122283935546875 10.165665626525879 -0.3089870615404569 0.9311191586593843 0.193763020667087 -0.9124901905574618 -0.23280125085335596 -0.33640040091759665 0 0 0 0 0 0
-12.9869384765625 -0.3571014404296875 10.333702087402344 -0.3020494733467508 0.8890966248159536 -0.3439088649509193 -0.9238713249323289 -0.3619494778958658 -0.12431552766526563 0 0 0 0 0 0
-13.310699462890625 -0.4458465576171875 10.615114212036133 -0.2997517576097263 0.5654390815791515 -0.7683928219555447 -0.933588351039466 -0.3396427064140747 0.1142612041908088 0 0 0 0 0 0
-13.6778564453125 -0.3276214599609375 10.757917404174805 -0.3104425310929542 0.05970048674864504 -0.9487155984648797 -0.9412804373928692 -0.15865631188442172 0.29802569164540543 0 0 0 0 0 0
-14.14306640625 -0.500274658203125 10.934167861938477 -0.28068477729965663 -0.25764405896736625 -0.9245731959510086 -0.9539057265628476 -0.03171106449869432 0.29842632795878704 0 0 0 0 0 0
-14.318572998046875 -0.0388031005859375 11.066905975341797 -0.31501350720997195 -0.6868652471328113 -0.6549676500075825 -0.947923812816635 0.1935406368168895 0.2529475577974342 0 0 0 0 0 0
-14.683258056640625 0.2851104736328125 10.979387283325195 -0.32547773820802894 -0.9346994305641262 -0.14283282687843113 -0.9296978017354766 0.28880476783900605 0.22859090865929144 0 0 0 0 0 0
-15.0140380859375 0.437713623046875 10.777892112731934 -0.33287540054123393 -0.838101369458046 0.4321805898314509 -0.9188006905432122 0.3913754261580379 0.05128905201825137 0 0 0 0 0 0
-15.346038818359375 0.4647064208984375 10.535577774047852 -0.3340085539362327 -0.4185406411361746 0.8445484104625066 -0.9079745816133693 0.38339320769128743 -0.1690911217072395 0 0 0 0 0 0
-15.67767333984375 0.365325927734375 10.310073852539062 -0.3282965364546631 0.15701470416539545 0.931433178938632 -0.9020173113779981 0.24053906715446913 -0.35847695483373193 0 0 0 0 0 0
-16.007049560546875 0.1514892578125 10.163097381591797 -0.3187526478444387 0.6640553008228803 0.6763337245333793 -0.9038707149096936 0.0018455650071406975 -0.4278017351746533 0 0 0 0 0 0
-16.33367919921875 -0.12432861328125 10.16128158569336 -0.3090673310282914 0.9310929913278866 0.1937607452275535 -0.912490335522506 -0.23290191250537565 -0.33633032383263184 0 0 0 0 0 0
-16.6585693359375 -0.359161376953125 10.329249382019043 -0.3021190524121463 0.8890768629507442 -0.34389883677507604 -0.923891146019109 -0.36196295158677033 -0.12412885235146137 0 0 0 0 0 0
-16.9822998046875 -0.4478912353515625 10.610703468322754 -0.29967792585879854 0.565443723905928 -0.7684182037460885 -0.9335997054990812 -0.33964194185539004 0.11417066709417345 0 0 0 0 0 0
-17.3497314453125 -0.326324462890625 10.733824729919434 -0.314408918931255 0.05931883874521979 -0.9474324815343826 -0.9407940832755735 -0.1526812192935813 0.3026465564791689 0 0 0 0 0 0
-17.81280517578125 -0.5044708251953125 10.932717323303223 -0.2772495682482188 -0.2599310068854379 -0.9249694852078629 -0.952312185773492 -0.05332323195913829 0.30042991488988907 0 0 0 0 0 0
-17.987152099609375 -0.037445068359375 11.0662202835083 -0.3149447826180205 -0.6868817533696798 -0.6549833897050231 -0.9478428697621005 0.19197682382430828 0.2544381916212194 0 0 0 0 0 0
-18.35382080078125 0.2851104736328125 10.979387283325195 -0.3255459489833534 -0.9346762177162087 -0.14282927968820125 -0.929701514078528 0.2889032855491786 0.22845127777927332 0 0 0 0 0 0
-18.68463134765625 0.437713623046875 10.777892112731934 -0.33287540054123393 -0.838101369458046 0.4321805898314509 -0.9188006905432122 0.3913754261580379 0.05128905201825137 0 0 0 0 0 0
-19.016632080078125 0.4647064208984375 10.535577774047852 -0.3340085539362327 -0.4185406411361746 0.8445484104625066 -0.9079745816133693 0.38339320769128743 -0.1690911217072395 0 0 0 0 0 0
-19.3482666015625 0.365325927734375 10.310073852539062 -0.3282965364546631 0.15701470416539545 0.931433178938632 -0.9020173113779981 0.24053906715446913 -0.35847695483373193 0 0 0 0 0 0
-19.677642822265625 0.1514892578125 10.163097381591797 -0.3187526478444387 0.6640553008228803 0.6763337245333793 -0.9038707149096936 0.0018455650071406975 -0.4278017351746533 0 0 0 0 0 0
-20.0042724609375 -0.12432861328125 10.16128158569336 -0.3090673310282914 0.9310929913278866 0.1937607452275535 -0.9124680479744781 -0.23287856924190994 -0.33640694614333805 0 0 0 0 0 0
-20.73211669921875 1.5522613525390625 9.899892807006836 0.93442962974829 0 -0.3561478162904744 -0.25957873396587644 -0.6846722195643831 -0.6810600800439369 0 0 0 0 0 0
-17.391876220703125 0.6123046875 7.767819404602051 0 1 0 0 0 1 0 0 0 0 0 0
-17.795379638671875 0.6123046875 7.628643989562988 0 1 0 0 0 1 0 0 0 0 0 0
-18.247283935546875 0.6123046875 7.045490741729736 0 1 0 0 0 1 0 0 0 0 0 0
-17.918914794921875 0.6123046875 6.384866714477539 0 1 0 0 0 1 0 0 0 0 0 0
-20.653472900390625 0.322357177734375 6.762214660644531 0.9617979743048234 0 -0.27376021738583195 0.25719851239552355 -0.34254100529780596 0.9036119658963677 0 0 0 0 0 0
-20.301055908203125 -0.5157318115234375 7.481680870056152 0.3090673310282914 0.9310929913278866 0.1937607452275535 0.9371609992602803 -0.2634895349145127 -0.2286974561642673 0 0 0 0 0 0
-19.750030517578125 -0.61505126953125 7.2559919357299805 0.31883234737854943 0.6640242487219921 0.6763266454711644 0.9357677100679386 -0.33392285076879713 -0.11328866902142645 0 0 0 0 0 0
-19.420684814453125 -0.530029296875 7.00097131729126 0.32836693683226975 0.15697373897128136 0.9314152672512772 0.9284010785459639 -0.23520263610506484 -0.28766500886260027 0 0 0 0 0 0
-19.08905029296875 -0.3315582275390625 6.8434953689575195 0.334013886519796 -0.41850917645142555 0.8445618940242867 0.9179720481835093 -0.05892144956827642 -0.3922442880840284 0 0 0 0 0 0
-18.756256103515625 -0.0902252197265625 6.812389373779297 0.3328651012489515 -0.8381135846367996 0.4321648338513669 0.9076473934944328 0.16049738884278106 -0.38783604429889146 0 0 0 0 0 0
-18.4246826171875 0.13507080078125 6.908025741577148 0.3254656897660073 -0.9347029765982744 -0.14283707615133662 0.9020053015550996 0.3522293762631795 -0.24964154795174895 0 0 0 0 0 0
-18.095703125 0.2837066650390625 7.118101119995117 0.3150174424854751 -0.686873827729894 -0.654956758656321 0.904136405797835 0.42704637415920266 -0.01299053611098768 0 0 0 0 0 0
-17.657012939453125 0.378082275390625 7.306148529052734 0.2772492625423141 -0.2599307202756368 -0.9249696573816526 0.9173611980740516 0.3578077188378844 0.17441923233454035 0 0 0 0 0 0
-17.339569091796875 0.412628173828125 7.424711227416992 0.31440252718426626 0.05931763282838316 -0.94743467813659 0.9411025668547203 -0.1502726479678653 0.30289286873774857 0 0 0 0 0 0
-17.055145263671875 0.021087646484375 7.702608108520508 0.29967847487633326 0.5654447598131221 -0.768417227354824 0.9379778308883251 -0.027450117353397138 0.34560682837484225 0 0 0 0 0 0
-16.7305908203125 -0.3005828857421875 7.704346656799316 0.30218937002820756 0.88905928392419 -0.34388250073268 0.9371441290965936 -0.21105007061437933 0.27788261729272057 0 0 0 0 0 0
-16.40606689453125 -0.5341644287109375 7.527459144592285 0.3089981795616586 0.9311145144124645 0.19376760843345672 0.9389114665270007 -0.33111583188234783 0.09384862226467569 0 0 0 0 0 0
-16.079437255859375 -0.61505126953125 7.2559919357299805 0.31883234737854943 0.6640242487219921 0.6763266454711644 0.9357677100679386 -0.33392285076879713 -0.11328866902142645 0 0 0 0 0 0
-15.750091552734375 -0.530029296875 7.00097131729126 0.32836693683226975 0.15697373897128136 0.9314152672512772 0.9284010785459639 -0.23520263610506484 -0.28766500886260027 0 0 0 0 0 0
-15.41845703125 -0.3315582275390625 6.8434953689575195 0.3339461019428785 -0.41851984057748687 0.8445834144950701 0.9179803540337218 -0.05901465944242083 -0.3922108356216308 0 0 0 0 0 0
-15.205169677734375 -0.81988525390625 5.660609722137451 0.33287557204087354 0.8381018012534943 -0.43217962038267105 -0.31656531530028365 -0.33239671039553387 -0.8884249141413469 0 0 0 0 0 0
-14.737579345703125 -0.207366943359375 3.836315631866455 0.32554589355385843 0.9346760585723739 0.14283044746072895 0.902002963472658 -0.35230032530188715 0.24954986411282118 0 0 0 0 0 0
-14.408599853515625 -0.35601806640625 3.626216411590576 0.31493653029685087 0.6869019017751203 0.6549662275433017 0.9041325565663599 -0.42705036951266756 0.01312638776939101 0 0 0 0 0 0
-13.968719482421875 -0.4395751953125 3.455413341522217 0.2806148012966404 0.25764985970058585 0.924592820158969 0.9180137671463207 -0.35325034666887095 -0.1801802317351806 0 0 0 0 0 0
-13.648162841796875 -0.4888153076171875 3.3257203102111816 0.3104432378747036 -0.05966247530548494 0.9487177583972447 0.9441907576441417 0.134979930199116 -0.30047334594406805 0 0 0 0 0 0
-13.369873046875 -0.087921142578125 3.04663348197937 0.2997583603200341 -0.5654133897510238 0.7684091514997081 0.937110689867125 0.023555535774454538 -0.34823654557088024 0 0 0 0 0 0
-13.042388916015625 0.230316162109375 3.0443625450134277 0.3020494733467508 -0.8890966248159536 0.3439088649509193 0.9371645052459283 0.21086453410498343 -0.2779547415746722 0 0 0 0 0 0
-12.718048095703125 0.4639129638671875 3.221311569213867 0.3089870615404569 -0.9311191586593843 -0.193763020667087 0.93892608772018 0.331093389977173 -0.09378149557295642 0 0 0 0 0 0
-12.39154052734375 0.5447845458984375 3.4927854537963867 0.31883286149226076 -0.6640253194539104 -0.6763253518513034 0.9357654836873328 0.33393253638476145 0.1132785093610096 0 0 0 0 0 0
-12.06201171875 0.459808349609375 3.7477574348449707 0.3283646057516046 -0.15701077105873656 -0.9314098472000036 0.928402505557429 0.23521017346827977 0.28765424031588677 0 0 0 0 0 0
-11.7303466796875 0.2613067626953125 3.905270576477051 0.3339350545811553 0.41854414197674616 -0.8445757399658305 0.9179999606651261 0.058942054352226624 0.3921758616329748 0 0 0 0 0 0
-11.39776611328125 0.01995849609375 3.9363412857055664 0.3328651012489515 0.8381135846367996 -0.4321648338513669 0.9076252843221765 -0.16045231457239437 0.3879064294484557 0 0 0 0 0 0
-11.066131591796875 -0.2053070068359375 3.840733528137207 0.32547768278739536 0.9346992714084342 0.14283399467875268 0.9019825726625766 -0.3522431803575894 0.2497041859972927 0 0 0 0 0 0
-10.7371826171875 -0.3539581298828125 3.6306405067443848 0.315016950574239 0.6868727551513378 0.6549581200975508 0.9041363944438269 -0.4270463986876068 0.01299052000739256 0 0 0 0 0 0
-10.298370361328125 -0.448333740234375 3.442638397216797 0.27725262286748087 0.2598957236648524 0.924978484038318 0.9173703390379179 -0.35777042352135335 -0.1744476572121493 0 0 0 0 0 0
-9.981048583984375 -0.4828338623046875 3.324028491973877 0.31440714342139814 -0.059318503763682855 0.9474330917151006 0.9411002156096852 0.15027987066259774 -0.3028965906923304 0 0 0 0 0 0
-9.696533203125 -0.091339111328125 3.0461385250091553 0.299681082727568 -0.5654496804061533 0.7684125894230338 0.9379617558661 0.027381881576990282 -0.34565586512293756 0 0 0 0 0 0
-9.4803466796875 -1.3714141845703125 2.240666627883911 0.3020599658106683 0.8890893613517853 -0.3439184272258939 -0.09173126732571361 -0.3319876589254312 -0.9388128508472976 0 0 0 0 0 0
-9.06402587890625 -0.5321044921875 0.4730435311794281 0.3090672373302203 0.9310927090540628 0.19376225111056045 0.9389132061237541 -0.3311583723143737 0.0936809682513359 0 0 0 0 0 0
-8.73736572265625 -0.6129913330078125 0.20157954096794128 0.3187631639987486 0.6640390612405717 0.6763447127199618 0.9357775327103907 -0.3339331465235853 -0.1131771307610838 0 0 0 0 0 0
-8.407989501953125 -0.5279693603515625 -0.05341651663184166 0.32836766887091234 0.15697408891772818 0.9314149501960618 0.9283863644198541 -0.23528263077540199 -0.2876470789260546 0 0 0 0 0 0
-8.076263427734375 -0.3295135498046875 -0.21091052889823914 0.3339428657368676 -0.4185157847840044 0.8445867038440027 0.9179821241514894 -0.05901541085734107 -0.3922065795211229 0 0 0 0 0 0
-7.743621826171875 -0.088165283203125 -0.2420004904270172 0.33287529335385363 -0.8381010995856251 0.4321811957361775 0.9076482751213545 0.16050663290097333 -0.3878301554340796 0 0 0 0 0 0
-7.4119873046875 0.137115478515625 -0.14637848734855652 0.3254774749561518 -0.9346986745634823 -0.1428383739246455 0.9019860163815903 0.3522435854521838 -0.2496911747736791 0 0 0 0 0 0
-7.083038330078125 0.2857513427734375 0.06370553374290466 0.31501584377583625 -0.6868703418536822 -0.6549611833169992 0.9041363515496498 0.4270464892232737 -0.012990529187235502 0 0 0 0 0 0
-6.643096923828125 0.3693389892578125 0.23451945185661316 0.2806867108345384 -0.2576458337831574 -0.9245721143832263 0.9180131146558725 0.35320665878588514 0.18026918069691034 0 0 0 0 0 0
-6.32354736328125 0.4205474853515625 0.36865243315696716 0.3104420065010432 0.05970038586558523 -0.9487157764721248 0.9447717459784573 -0.12965234642295137 0.30099271929374066 0 0 0 0 0 0
-6.045166015625 0.0197296142578125 0.6477174758911133 0.2996807224305665 0.5654490005840487 -0.7684132301971343 0.9371199497065117 -0.02345216178074994 0.34821860371019026 0 0 0 0 0 0
-5.7177886962890625 -0.29852294921875 0.6499764919281006 0.30208444923224886 0.8890872911044354 -0.3439022743871085 0.9371579153353125 -0.21090743110923243 0.2779444139163003 0 0 0 0 0 0
-5.3934326171875 -0.5321044921875 0.4730435311794281 0.3090672373302203 0.9310927090540628 0.19376225111056045 0.9389132061237541 -0.3311583723143737 0.0936809682513359 0 0 0 0 0 0
-5.0667877197265625 -0.6129913330078125 0.20157954096794128 0.318797434993211 0.6640309861106647 0.6763364879456436 0.9357715811825453 -0.3339327514039288 -0.11322749397086068 0 0 0 0 0 0
-4.737396240234375 -0.5279693603515625 -0.05341651663184166 0.3283336346211017 0.1569760551255761 0.9314266168054836 0.9283917859316395 -0.23531128578793423 -0.28760613796560436 0 0 0 0 0 0
-4.4056854248046875 -0.3295135498046875 -0.21091052889823914 0.3339428657368676 -0.4185157847840044 0.8445867038440027 0.9179998702272516 -0.058940238524742054 -0.39217634623393066 0 0 0 0 0 0
-4.1925506591796875 -0.817840576171875 -1.3937934637069702 0.3328647582827771 0.8381127210899492 -0.4321667727169104 -0.31649520230267836 -0.3324192276562263 -0.8884414690928293 0 0 0 0 0 0
-3.7249298095703125 -0.2053070068359375 -3.218090534210205 0.3255000996422072 0.9346922467517875 0.14282888011536285 0.9020043202957104 -0.3522583826883116 0.24960416261290289 0 0 0 0 0 0
-3.3959503173828125 -0.3539581298828125 -3.4281764030456543 0.314973105736244 0.6868984758377795 0.6549522322693466 0.9041493576525763 -0.4270177003662915 0.01303160121849507 0 0 0 0 0 0
-2.95721435546875 -0.4483184814453125 -3.6161954402923584 0.27725247000959613 0.2598955803763592 0.9249785701163099 0.9173540922764053 -0.35782150546470537 -0.17442832227222776 0 0 0 0 0 0
-2.639862060546875 -0.4828338623046875 -3.7347943782806396 0.31440714342139814 -0.059318503763682855 0.9474330917151006 0.9411054212673776 0.15023857186368492 -0.30290090390342583 0 0 0 0 0 0
-2.3553619384765625 -0.091339111328125 -4.0126848220825195 0.29968094547150065 -0.565449421426178 0.7684128335277255 0.9379616949309504 0.02738118526274428 -0.3456560856340685 0 0 0 0 0 0
-2.03070068359375 0.2303314208984375 -4.014450550079346 0.30208432538911 -0.8890869266124494 0.3439033254870259 0.9371654771627163 0.21092450157713327 -0.2779059608011612 0 0 0 0 0 0
-1.70635986328125 0.4639129638671875 -3.8375093936920166 0.3090672239447267 -0.9310926687290655 -0.19376246623659243 0.9389131663750797 0.3311584254352798 -0.09368117885012099 0 0 0 0 0 0
-1.37969970703125 0.5447998046875 -3.5660555362701416 0.31883209032194676 -0.6640237133565599 -0.6763272922787482 0.9357677808973823 0.3339226377378952 0.11328871188496761 0 0 0 0 0 0
-1.050323486328125 0.4597930908203125 -3.311051368713379 0.3283658818109394 -0.15701138121907837 -0.9314092944727368 0.9283929247684493 0.23526102191218132 0.2876435794672302 0 0 0 0 0 0
-0.7076568603515625 0.26287841796875 -3.1495015621185303 0.3339711321973768 0.4185415491113213 -0.8445627593768846 0.9180193460341735 0.05879011194886349 0.39215329023741285 0 0 0 0 0 0
-0.3723907470703125 0.017913818359375 -3.1163644790649414 0.3328757435403051 0.8381022330484188 -0.4321786509323927 0.9076368936350078 -0.16048526648917005 0.38786563208473845 0 0 0 0 0 0
-0.040771484375 -0.207366943359375 -3.2119734287261963 0.3254660222659646 0.9347039315029221 0.14283006960493883 0.9020057222842763 -0.35222773420891923 0.24964234460618315 0 0 0 0 0 0
0.2881927490234375 -0.3560028076171875 -3.4220685958862305 0.31498123596652616 0.6868780591998631 0.654969734246422 0.9041489852275755 -0.427019194370193 0.013008464604899619 0 0 0 0 0 0
0.7269287109375 -0.4503631591796875 -3.6100924015045166 0.2772169490777594 0.2598980423925657 0.9249885246339713 0.9173539945417877 -0.35784330459876607 -0.17438411066396053 0 0 0 0 0 0
1.044281005859375 -0.484893798828125 -3.7286953926086426 0.31440678832169594 -0.059318436767803594 0.9474332137500038 0.9411059234775632 0.15023546631967172 -0.302900883879783 0 0 0 0 0 0
1.3287811279296875 -0.0933990478515625 -4.006585597991943 0.2996867232760446 -0.565422175712517 0.7684306286871905 0.9379621696795375 0.02738345777734706 -0.34565461734252995 0 0 0 0 0 0
1.54498291015625 -1.37347412109375 -4.812054634094238 0.3020850065229459 0.8890889313082839 -0.34389754442148235 -0.09165512738094073 -0.3319914175495985 -0.938818958211961 0 0 0 0 0 0
1.9613037109375 -0.534149169921875 -6.579667568206787 0.3090326845159825 0.9311035382873842 0.19376532427025903 0.9389122702195676 -0.3311371973805517 0.09376516059865402 0 0 0 0 0 0
2.2879486083984375 -0.61505126953125 -6.851134300231934 0.3187975635106759 0.6640312538028401 0.6763361645459193 0.9357715759644184 -0.3339327238539973 -0.11322761834693407 0 0 0 0 0 0
2.617340087890625 -0.530029296875 -7.106128692626953 0.32833399634050425 0.15697622806334088 0.9314264601513528 0.9283915300476856 -0.23531213390480304 -0.28760627005141143 0 0 0 0 0 0
2.9490509033203125 -0.3315582275390625 -7.2636237144470215 0.3339377442504567 -0.41854751312725735 0.8445730058555654 0.9179904077510076 -0.0589756652298253 -0.39219316948136485 0 0 0 0 0 0
3.281707763671875 -0.0902252197265625 -7.294710636138916 0.33287540054123393 -0.838101369458046 0.4321805898314509 0.9076482971488498 0.16050711614288873 -0.38782990388865907 0 0 0 0 0 0
3.6133270263671875 0.13507080078125 -7.1990885734558105 0.3254656897660073 -0.9347029765982744 -0.14283707615133662 0.9019932063547539 0.35223140509081924 -0.24968238415558613 0 0 0 0 0 0
3.942291259765625 0.2837066650390625 -6.989016532897949 0.31497335165090573 -0.6868990121324766 -0.6549515515526494 0.9041493686889454 0.42701767717863126 -0.013031595310928713 0 0 0 0 0 0
4.3822174072265625 0.367279052734375 -6.818192481994629 0.2807217746435133 -0.25764300393291056 -0.9245622573766588 0.9180131576000992 0.3531840147839072 0.1803133222316549 0 0 0 0 0 0
4.7017669677734375 0.418487548828125 -6.684057712554932 0.3104762990695613 0.059699644679182144 -0.948704601096278 0.9447484686130186 -0.12976887151826572 0.3010155661061936 0 0 0 0 0 0
4.9801483154296875 0.017669677734375 -6.404994487762451 0.29968039644805283 0.5654483855078268 -0.7684138099431387 0.937120052147395 -0.02345167434019097 0.34821836085121266 0 0 0 0 0 0
5.3075408935546875 -0.300567626953125 -6.402746677398682 0.3020850065229459 0.8890889313082839 -0.34389754442148235 0.9371593371500521 -0.21091311337246704 0.27793530794054955 0 0 0 0 0 0
5.63189697265625 -0.534149169921875 -6.579667568206787 0.3090326845159825 0.9311035382873842 0.19376532427025903 0.9389122903772742 -0.33113717702531825 0.09376503063618434 0 0 0 0 0 0
5.9585418701171875 -0.61505126953125 -6.851133346557617 0.3187975635106759 0.6640312538028401 0.6763361645459193 0.9357738302750618 -0.33392271355022735 -0.11323850911943734 0 0 0 0 0 0
6.2879180908203125 -0.530029296875 -7.1061296463012695 0.3283680306187475 0.15697426184899463 0.9314147935181879 0.9283933387962874 -0.2352436162996959 -0.2876564782321505 0 0 0 0 0 0
6.61962890625 -0.3315582275390625 -7.263624668121338 0.3339377442504567 -0.41854751312725735 0.8445730058555654 0.9179992802159687 -0.05893808054669623 -0.3921780516352677 0 0 0 0 0 0
6.832763671875 -0.81988525390625 -8.446503639221191 0.3329093204541565 0.8380907265243288 -0.43217510162973805 -0.3165302562083435 -0.3324027647853901 -0.8884351404957535 0 0 0 0 0 0
7.3003997802734375 -0.207366943359375 -10.270798683166504 0.3255001273521553 0.9346923263224963 0.14282829624262364 0.9020044263607014 -0.3522582339613451 0.24960398921518978 0 0 0 0 0 0
7.629364013671875 -0.3560028076171875 -10.480891227722168 0.31498160486746785 0.6868788636603641 0.6549687131854172 0.9041489937541661 -0.4270191759479767 0.013008476699445033 0 0 0 0 0 0
8.068099975585938 -0.4503631591796875 -10.66891860961914 0.2772523171518657 0.2598954370880106 0.9249786561941595 0.9173542667728074 -0.3578210210508666 -0.17442839828376697 0 0 0 0 0 0
8.385467529296875 -0.484893798828125 -10.787519454956055 0.31440678832169594 -0.059318436767803594 0.9474332137500038 0.9411111802961232 0.15019374710237604 -0.3029052403854801 0 0 0 0 0 0
8.669952392578125 -0.0933990478515625 -11.065409660339355 0.2996865860115882 -0.5654219167341853 0.7684308727799521 0.9379621087438185 0.02738276140151524 -0.3456548378641288 0 0 0 0 0 0
8.994613647460938 0.228271484375 -11.067157745361328 0.3020848826810535 -0.8890885668199663 0.3438985955272171 0.9371592404051329 0.21091236075801306 -0.2779362052751612 0 0 0 0 0 0
9.3189697265625 0.46185302734375 -10.890226364135742 0.3090326845159825 -0.9311035382873842 -0.19376532427025903 0.9389123105349081 0.33113715667013527 -0.09376490067407328 0 0 0 0 0 0
9.6456298828125 0.542755126953125 -10.618765830993652 0.31878948811002855 -0.6640525797558187 -0.6763190324027472 0.9357673135586038 0.3339612171906532 0.11317879787244392 0 0 0 0 0 0
9.974990844726562 0.457733154296875 -10.363764762878418 0.3283680306187475 -0.15697426184899463 -0.9314147935181879 0.9283934801662884 0.2352428367917464 0.2876566594447263 0 0 0 0 0 0
10.306716918945312 0.2592620849609375 -10.206281661987305 0.33397130031523 0.4185417598011083 -0.8445625884849185 0.9179964608422316 0.058886677520656044 0.3921923725567792 0 0 0 0 0 0
10.639373779296875 0.017913818359375 -10.17518138885498 0.33287540054123393 0.838101369458046 -0.4321805898314509 0.9076369632198552 -0.16048400569037308 0.38786599092291124 0 0 0 0 0 0
10.970993041992188 -0.207366943359375 -10.270798683166504 0.3254660222659646 0.9347039315029221 0.14283006960493883 0.9020057724177004 -0.3522277257988375 0.24964217533046545 0 0 0 0 0 0
11.299957275390625 -0.3560028076171875 -10.480891227722168 0.31498160486746785 0.6868788636603641 0.6549687131854172 0.9041489937541661 -0.4270191759479767 0.013008476699445033 0 0 0 0 0 0
11.739883422851562 -0.4395904541015625 -10.651712417602539 0.2807217746435133 0.25764300393291056 0.9245622573766588 0.9180087049302301 -0.3531983123349793 -0.18030798605731377 0 0 0 0 0 0
12.060440063476562 -0.488800048828125 -10.781407356262207 0.3104411266990221 -0.05970021667288886 0.9487160750103539 0.9441892157192165 0.13501173379989892 -0.30046390241737203 0 0 0 0 0 0
12.338729858398438 -0.087921142578125 -11.060476303100586 0.29968121998371733 -0.5654499393862833 0.7684123453180064 0.9371198167441162 0.023453013600011285 -0.34821890416597406 0 0 0 0 0 0
12.666122436523438 0.2303314208984375 -11.06274127960205 0.302084387310714 -0.8890871088585443 0.3439027999372288 0.937158143231229 0.2109076976701826 -0.27794344323775344 0 0 0 0 0 0
12.990493774414062 0.4639129638671875 -10.885804176330566 0.3090326845159825 -0.9311035382873842 -0.19376532427025903 0.9389187688476335 0.33113063389782943 -0.09372325645252465 0 0 0 0 0 0
13.317123413085938 0.5447998046875 -10.614344596862793 0.31879807758095685 -0.6640323245724202 -0.6763348709431105 0.9357714343696173 0.3339331496960217 0.1132275326584642 0 0 0 0 0 0
13.646514892578125 0.4597930908203125 -10.359345436096191 0.32836730142701454 -0.15697391326349497 -0.9314151093407735 0.928393585205411 0.23524339170839936 0.28765586663054843 0 0 0 0 0 0
13.978225708007812 0.261322021484375 -10.201849937438965 0.3339427396519336 0.4185156267673479 -0.8445868319985192 0.9179912037778253 0.05897727436500346 0.39219106427226824 0 0 0 0 0 0
14.310882568359375 0.0199737548828125 -10.17076301574707 0.33290897742801406 0.838089862964761 -0.4321770405094911 0.907645478753768 -0.1605524899678309 0.387817718603693 0 0 0 0 0 0
14.642486572265625 -0.2053070068359375 -10.26638412475586 0.3255001273521553 0.9346923263224963 0.14282829624262364 0.9020044263607014 -0.3522582339613451 0.24960398921518978 0 0 0 0 0 0
14.971466064453125 -0.3539581298828125 -10.476472854614258 0.3149811129996098 0.6868777910465028 0.6549700745992931 0.9041371218847143 -0.42704336559042416 0.013039506709567687 0 0 0 0 0 0
15.410186767578125 -0.4483184814453125 -10.664497375488281 0.2772523171518657 0.2598954370880106 0.9249786561941595 0.9173660809050753 -0.3577839230348268 -0.1744423630391196 0 0 0 0 0 0
15.727554321289062 -0.4828338623046875 -10.783086776733398 0.3144074985218568 -0.05931857075970484 0.9474329696797842 0.9411105461657763 0.15019702103015123 -0.3029055872202141 0 0 0 0 0 0
16.012054443359375 -0.091339111328125 -11.060979843139648 0.2997159402639733 -0.5654434749310011 0.7684035605133782 0.9379572747388197 0.027432026971806127 -0.34566404884040874 0 0 0 0 0 0
16.336715698242188 0.2303314208984375 -11.06274127960205 0.302084387310714 -0.8890871088585443 0.3439027999372288 0.937158143231229 0.2109076976701826 -0.27794344323775344 0 0 0 0 0 0
16.661087036132812 0.4639129638671875 -10.885804176330566 0.3090326845159825 -0.9311035382873842 -0.19376532427025903 0.9389123105349081 0.33113715667013527 -0.09376490067407328 0 0 0 0 0 0
16.987701416015625 0.5447998046875 -10.614346504211426 0.3188338897217073 -0.664027460921962 -0.6763227645928076 0.9357587192430237 0.3339621697147859 0.11324702450858791 0 0 0 0 0 0
17.317153930664062 0.4597930908203125 -10.359334945678711 0.32833253807465534 -0.15697553086757368 -0.9314270916987 0.9283920934509948 0.23531129516087582 0.287605137623427 0 0 0 0 0 0
17.648727416992188 0.2613067626953125 -10.201852798461914 0.334013886519796 0.41850917645142555 -0.8445618940242867 0.9179908308943264 0.05884185924435403 0.39221227670052866 0 0 0 0 0 0
17.83184814453125 0.7502899169921875 -9.017963409423828 0.3328647582827771 -0.8381127210899492 0.4321667727169104 -0.33412817154214275 0.32373701121665177 0.8851851289704397 0 0 0 0 0 0
18.296585083007812 0.137115478515625 -7.194669246673584 0.3255114008182668 -0.9346865513710505 -0.1428403956289053 0.9019918373227682 0.3522737436284744 -0.24962759253150832 0 0 0 0 0 0
18.62554931640625 0.2857666015625 -6.984583377838135 0.3150167046188136 -0.6868722188624797 -0.6549588008157741 0.9041426468519042 0.42703365923759834 -0.012974128941073427 0 0 0 0 0 0
19.065521240234375 0.369354248046875 -6.813763618469238 0.2806499445444789 -0.257647101461657 -0.92458292204409 0.9179975347856205 0.3532799264546659 0.180204938033644 0 0 0 0 0 0
19.385086059570312 0.420562744140625 -6.679656505584717 0.3104017405057721 0.05969997835707672 -0.948728977145292 0.9447807411889209 -0.12968781826487163 0.30094919981985496 0 0 0 0 0 0
19.66339111328125 0.01971435546875 -6.4005913734436035 0.299643753660602 0.5654512234896376 -0.7684260112374232 0.9371325216219607 -0.023433902661835388 0.34818599788690685 0 0 0 0 0 0
19.990692138671875 -0.29852294921875 -6.398346424102783 0.30212016709138734 0.8890801432321925 -0.3438893769032368 0.937153235080559 -0.21095794066386026 0.2779218617685653 0 0 0 0 0 0
20.930770874023438 1.3208465576171875 -6.195417404174805 -0.9491198813707338 0 0.314914989777883 0.310549890310798 -0.1659224696943422 0.9359639414413792 0 0 0 0 0 0
18.569671630859375 0.6123046875 -4.660956382751465 0 1 0 0 0 1 0 0 0 0 0 0
18.973312377929688 0.6123046875 -4.521768569946289 0 1 0 0 0 1 0 0 0 0 0 0
19.425079345703125 0.6123046875 -3.9386274814605713 0 1 0 0 0 1 0 0 0 0 0 0
19.096725463867188 0.6123046875 -3.278003454208374 0 1 0 0 0 1 0 0 0 0 0 0
20.7652587890625 0.3437652587890625 -2.7199504375457764 -0.9796306520331164 0 0.20080783250951903 -0.19333822893910793 -0.270207079720769 -0.9431905763415278 0 0 0 0 0 0
20.277359008789062 -0.3448638916015625 -3.6986024379730225 -0.3020841396238825 0.8890863798729423 -0.3439049021344782 -0.9484351582129852 -0.2439792138466425 0.20234844668611668 0 0 0 0 0 0
19.738967895507812 -0.4458465576171875 -3.4919955730438232 -0.2996440281443323 0.5654517414619271 -0.7684255230502905 -0.9336030215367623 -0.33964971087125345 0.11412042798071635 0 0 0 0 0 0
19.371917724609375 -0.327606201171875 -3.3492164611816406 -0.3104425310929542 0.05970048674864504 -0.9487155984648797 -0.9412861207092712 -0.15861410558994216 0.29803020730790747 0 0 0 0 0 0
18.908676147460938 -0.498321533203125 -3.1690354347229004 -0.2806496352126449 -0.2576468174835128 -0.9245830950734644 -0.9539958145747086 -0.030991683482151665 0.2982138516717166 0 0 0 0 0 0
18.73223876953125 -0.036712646484375 -3.035801410675049 -0.31501731950761797 -0.68687355958515 -0.6549570990172264 -0.9479203499040482 0.19351417876544022 0.2529807756619547 0 0 0 0 0 0
18.36737060546875 0.2871551513671875 -3.12327241897583 -0.3255000719321505 -0.934692167180767 -0.14282946398795296 -0.9296946873826781 0.28883235534551044 0.22856871780274224 0 0 0 0 0 0
18.036636352539062 0.43975830078125 -3.324803590774536 -0.3328756577906153 -0.838102017151022 0.43217913565771915 -0.9187956385320413 0.3913844536757086 0.05131066200572689 0 0 0 0 0 0
17.704635620117188 0.4667510986328125 -3.5671205520629883 -0.3339798267504311 -0.4185142980330074 0.8445728255548429 -0.9079658112178342 0.3834351775766248 -0.16904304261436762 0 0 0 0 0 0
17.373016357421875 0.3673858642578125 -3.792623519897461 -0.3283318089462176 0.1569751822718352 0.931427407469218 -0.9020163489946538 0.24051117737797423 -0.35849808884095336 0 0 0 0 0 0
17.043792724609375 0.1535186767578125 -3.939593553543091 -0.31883376119287893 0.6640271932381483 0.6763230880014887 -0.9038531392207093 0.001774942729200781 -0.42783916639220565 0 0 0 0 0 0
16.716888427734375 -0.1222686767578125 -3.9414565563201904 -0.30903272020755557 0.931103645824715 0.1937647505947413 -0.9124929913142005 -0.2328602610473243 -0.33635195796581074 0 0 0 0 0 0
16.392196655273438 -0.3571014404296875 -3.773425579071045 -0.30209463305017664 0.8890791157807068 -0.34391446402394305 -0.9238784979198769 -0.3619667090048139 -0.1242120068815271 0 0 0 0 0 0
16.068405151367188 -0.4458465576171875 -3.492002487182617 -0.29968121998371733 0.5654499393862833 -0.7684123453180064 -0.9335903974853521 -0.3396766045732754 0.1141436552275828 0 0 0 0 0 0
15.700927734375 -0.3242950439453125 -3.3688573837280273 -0.31440678684637113 0.05935658339395214 -0.94743082512273 -0.9407953149047942 -0.15268898952943208 0.302638807705936 0 0 0 0 0 0
15.237945556640625 -0.502410888671875 -3.1699814796447754 -0.27725216429428956 -0.2598952937998067 -0.9249787422718667 -0.9523177163582006 -0.053286591035242456 0.30041888476949136 0 0 0 0 0 0
15.168869018554688 -0.5410003662109375 -2.181426525115967 -0.3149810515161637 0.686877656969849 0.6549702447755792 0.5146552749432228 -0.4562173502234829 0.725944679247792 0 0 0 0 0 0
14.680267333984375 -0.3553466796875 -0.22012951970100403 -0.32546586987209114 0.9347034938438642 0.14283328094137007 -0.9297000845779151 -0.2887911886458031 -0.22859877973506673 0 0 0 0 0 0
14.34954833984375 -0.5079498291015625 -0.01859751157462597 -0.3329092125886037 0.8380904549755498 -0.43217571131718135 -0.9187964319455061 -0.39139153627001805 -0.05124238460885802 0 0 0 0 0 0
14.01751708984375 -0.534942626953125 0.22370848059654236 -0.3339428657368676 0.4185157847840044 -0.8445867038440027 -0.9079694614918783 -0.3834476612563279 0.16899511257785313 0 0 0 0 0 0
13.686004638671875 -0.4355621337890625 0.4492104947566986 -0.32833363177292035 -0.1569760537638628 -0.9314266180389785 -0.9020150871598526 -0.24051275649839168 0.3585002043200941 0 0 0 0 0 0
13.35662841796875 -0.2217254638671875 0.5961945056915283 -0.31883162440728435 -0.6640227430076092 -0.6763284646135064 -0.9038673658692744 -0.0017440124903801866 0.42780923708701407 0 0 0 0 0 0
13.02984619140625 0.0540924072265625 0.5980324745178223 -0.3090562645711266 -0.9310977983111121 -0.19375529750058818 -0.9124883518837408 0.23288805797804854 0.33634529895288795 0 0 0 0 0 0
12.705093383789062 0.2889251708984375 0.43002447485923767 -0.3020849368619155 -0.8890887262837056 0.3438981356686172 -0.923879696949385 0.3619576301783503 0.12422954366971306 0 0 0 0 0 0
12.381332397460938 0.377655029296875 0.14858445525169373 -0.29968094547150065 -0.565449421426178 0.7684128335277255 -0.9335821117941597 0.33970837685031163 -0.11411686656968782 0 0 0 0 0 0
12.014236450195312 0.259429931640625 0.005799504462629557 -0.31047586187320236 -0.059699560613289314 0.948704749464591 -0.9412791118615902 0.15858809485372116 -0.29806618349575165 0 0 0 0 0 0
11.551605224609375 0.42877197265625 -0.177963525056839 -0.2806864014673192 0.25764554981112725 0.9245722874355736 -0.9540554664871186 0.030335440989956476 -0.2980904692974795 0 0 0 0 0 0
11.373565673828125 -0.03350830078125 -0.3120405375957489 -0.31497279642189085 0.6868978012800034 0.6549530884810535 -0.9479348005312698 -0.19348263976305463 -0.2529507502500474 0 0 0 0 0 0
11.008758544921875 -0.357391357421875 -0.2245505154132843 -0.32546586987209114 0.9347034938438642 0.14283328094137007 -0.9297001333021672 -0.28879124719562005 -0.22859850760915115 0 0 0 0 0 0
10.67803955078125 -0.510009765625 -0.023020533844828606 -0.33287544274624264 0.8381014757202557 -0.4321803512563042 -0.9188006194285551 -0.39137554991626794 -0.05128938160518738 0 0 0 0 0 0
10.34600830078125 -0.5370025634765625 0.2192884385585785 -0.33394315993534307 0.41851615348990734 -0.8445864048162333 -0.907979763700649 -0.3834140329914596 0.16901605845403384 0 0 0 0 0 0
10.014511108398438 -0.4376068115234375 0.4447804391384125 -0.3283664286963157 -0.1570116427177086 -0.9314090575876498 -0.9020135330858662 -0.24046122506873316 0.35853868043545467 0 0 0 0 0 0
9.87420654296875 -0.2227630615234375 1.2452025413513184 -0.318831447681178 0.6640223749445161 0.6763289092908633 0.8400926122520902 -0.13241119874548146 0.5260339126769715 0 0 0 0 0 0
9.374832153320312 -0.12432861328125 3.1129674911499023 -0.3090672596393457 0.9310927762622995 0.19376189256711157 -0.9124914412356689 -0.23290256761731765 -0.33632687027490504 0 0 0 0 0 0
9.050079345703125 -0.3591766357421875 3.28096342086792 -0.3020850065229459 0.8890889313082839 -0.34389754442148235 -0.9238796060092551 -0.3619576945900276 -0.12423003230803686 0 0 0 0 0 0
8.726318359375 -0.4478912353515625 3.5624074935913086 -0.29968039644805283 0.5654483855078268 -0.7684138099431387 -0.9335823147357499 -0.33970775867131636 0.1141170465406015 0 0 0 0 0 0
8.35882568359375 -0.3263397216796875 3.6855416297912598 -0.31440678832169594 0.059318436767803594 -0.9474332137500038 -0.9407999902702149 -0.15264039235745672 0.30264878808368817 0 0 0 0 0 0
7.8958587646484375 -0.5044708251953125 3.884418487548828 -0.2772520114368678 -0.25989515051174744 -0.9249788283494316 -0.9523177160337808 -0.053287015847206784 0.3004188104468543 0 0 0 0 0 0
7.7215118408203125 -0.0374298095703125 4.017911434173584 -0.31497335165090573 -0.6868990121324766 -0.6549515515526494 -0.947832269523802 0.19199065770328944 0.25446723994262493 0 0 0 0 0 0
7.3546600341796875 0.28509521484375 3.931121349334717 -0.3254660222659646 -0.9347039315029221 -0.14283006960493883 -0.9296998351032913 0.2887918824139831 0.2285989178904866 0 0 0 0 0 0
7.0239410400390625 0.4376983642578125 3.7295966148376465 -0.3329093204541565 -0.8380907265243288 0.43217510162973805 -0.9188001812687304 0.39138480882471455 0.051226539233000495 0 0 0 0 0 0
6.691925048828125 0.4647064208984375 3.4872794151306152 -0.33397130031523 -0.4185417598011083 0.8445625884849185 -0.9079739366129903 0.3834197930487287 -0.169034294538061 0 0 0 0 0 0
6.36041259765625 0.3653106689453125 3.2617883682250977 -0.32836606410587793 0.15701146838519905 0.9314092155111727 -0.9020134724648815 0.24046197903738784 -0.35853832728073776 0 0 0 0 0 0
6.0310211181640625 0.1514892578125 3.1147894859313965 -0.31879704944106946 0.6640301830346651 0.6763374581424699 -0.9038677677539217 0.0017955749958274837 -0.4278081746834404 0 0 0 0 0 0
5.7042388916015625 -0.12432861328125 3.1129674911499023 -0.30903275589903123 0.9311037533617522 0.1937641769190248 -0.9124927271885942 -0.23286023597600117 -0.336352691871379 0 0 0 0 0 0
5.379486083984375 -0.3591766357421875 3.28096342086792 -0.3020850065229459 0.8890889313082839 -0.34389754442148235 -0.9238796060092551 -0.3619576945900276 -0.12423003230803686 0 0 0 0 0 0
5.0557403564453125 -0.4478912353515625 3.5624074935913086 -0.29968039644805283 0.5654483855078268 -0.7684138099431387 -0.9335906779721681 -0.3396757687334619 0.11414384844922318 0 0 0 0 0 0
4.688629150390625 -0.3296661376953125 3.705183506011963 -0.310476654777076 0.059661566294550536 -0.94870688009823 -0.9412790942868627 -0.15857443739475094 0.2980735051349615 0 0 0 0 0 0
4.2254791259765625 -0.5003662109375 3.8853583335876465 -0.28072208404330623 -0.2576432878962482 -0.9245620843039118 -0.953982605907389 -0.030899764143713187 0.29826564033091446 0 0 0 0 0 0
4.1551971435546875 -0.5422821044921875 4.8727803230285645 -0.31498160486746785 0.6868788636603641 0.6549687131854172 0.5150200589117733 -0.45595669744731326 0.7258497289187706 0 0 0 0 0 0
3.667572021484375 -0.357391357421875 6.834266662597656 -0.3254656897660073 0.9347029765982744 0.14283707615133662 -0.929700473061378 -0.2887904812777819 -0.22859809341461507 0 0 0 0 0 0
3.3368682861328125 -0.510009765625 7.035810470581055 -0.3329093204541565 0.8380907265243288 -0.43217510162973805 -0.9187964307171047 -0.39139152918937026 -0.051242460716824714 0 0 0 0 0 0
3.0048370361328125 -0.5370025634765625 7.278114318847656 -0.33394341210579453 0.41851646952395155 -0.8445861485060876 -0.9079797517703765 -0.38341397088527834 0.1690162634334005 0 0 0 0 0 0
2.6733245849609375 -0.4376068115234375 7.503603935241699 -0.3283320299821987 -0.1570134350420274 -0.9314208819347307 -0.9020151052811969 -0.24050041342546777 0.358508439212706 0 0 0 0 0 0
2.34393310546875 -0.223785400390625 7.650599479675293 -0.3187975635106759 -0.6640312538028401 -0.6763361645459193 -0.9038564527202749 -0.0018236984949523544 0.42783196117134725 0 0 0 0 0 0
2.0171661376953125 0.052032470703125 7.652436256408691 -0.3090673310282914 -0.9310929913278866 -0.1937607452275535 -0.9124908488866285 0.2329024502453819 0.33632855865635014 0 0 0 0 0 0
1.692413330078125 0.286865234375 7.484428405761719 -0.3020848826810535 -0.8890885668199663 0.3438985955272171 -0.9238797214523474 0.3619576352153563 0.12422934676814451 0 0 0 0 0 0
1.36865234375 0.3755950927734375 7.202983856201172 -0.29968713506990696 -0.5654229526484421 0.7684298964068934 -0.9335893353525099 0.33967329722705875 -0.11416218317357742 0 0 0 0 0 0
1.00115966796875 0.2540435791015625 7.07984733581543 -0.31440678832169594 -0.059318436767803594 0.9474332137500038 -0.9407999366044907 0.1526408103229654 -0.30264874410599346 0 0 0 0 0 0
0.5381927490234375 0.432159423828125 6.880969524383545 -0.2772520114368678 0.25989515051174744 0.9249788283494316 -0.9523177160337808 0.053287015847206784 -0.3004188104468543 0 0 0 0 0 0
0.3638458251953125 -0.0348663330078125 6.7474775314331055 -0.31497335165090573 0.6868990121324766 0.6549515515526494 -0.9478343569582401 -0.1920205004550273 -0.254436945380501 0 0 0 0 0 0
-0.0030059814453125 -0.357391357421875 6.834267616271973 -0.3254656897660073 0.9347029765982744 0.14283707615133662 -0.9297077191857501 -0.2887991895855779 -0.22855761851477166 0 0 0 0 0 0
-0.3337249755859375 -0.510009765625 7.035809516906738 -0.33287557204087354 0.8381018012534943 -0.43217962038267105 -0.9188006363900086 -0.39137550838605417 -0.05128939466276627 0 0 0 0 0 0
-0.6657562255859375 -0.5370025634765625 7.27811336517334 -0.3339430758785935 0.4185160481453106 -0.8445864902528194 -0.907979767677391 -0.3834140536934827 0.16901599012768706 0 0 0 0 0 0
-1.009429931640625 -0.4377288818359375 7.495424270629883 -0.32833399634050425 -0.15697622806334088 -0.9314264601513528 -0.904517882783274 -0.2318228511571116 0.3579183781348072 0 0 0 0 0 0
-1.151123046875 -0.220703125 8.29792594909668 -0.31879807758095685 0.6640323245724202 0.6763348709431105 0.8402504802673334 -0.13218217737565074 0.525839331350126 0 0 0 0 0 0
-1.6504974365234375 -0.122283935546875 10.165675163269043 -0.30902170826745307 0.9311086133934405 0.19375844209739468 -0.9124785033661258 -0.2328336920301744 -0.3364096502039045 0 0 0 0 0 0
-1.9752349853515625 -0.3571014404296875 10.333687782287598 -0.30209463305017664 0.8890791157807068 -0.34391446402394305 -0.9238823559729945 -0.36196210693877445 -0.12419672081915992 0 0 0 0 0 0
-2.2989959716796875 -0.4458465576171875 10.615114212036133 -0.29968121998371733 0.5654499393862833 -0.7684123453180064 -0.9335904134606143 -0.33967654346019993 0.11414370642909082 0 0 0 0 0 0
-2.66650390625 -0.3242950439453125 10.738255500793457 -0.3143717000723263 0.05935716118341702 -0.9474424318183566 -0.9408023280370832 -0.15272182361921263 0.3026004364676741 0 0 0 0 0 0
-3.12945556640625 -0.502410888671875 10.93713092803955 -0.2772523171518657 -0.2598954370880106 -0.9249786561941595 -0.9523175546172319 -0.05328739305612937 0.3004192552236579 0 0 0 0 0 0
-3.303802490234375 -0.0353851318359375 11.070637702941895 -0.3149811129996098 -0.6868777910465028 -0.6549700745992931 -0.9478325554313152 0.1920296162132414 0.2544367767472667 0 0 0 0 0 0
-3.6706695556640625 0.287139892578125 10.983832359313965 -0.3254776273663275 -0.9346991122514952 -0.14283516247847772 -0.9297006922553412 0.28880751899269713 0.22857567629391906 0 0 0 0 0 0
-4.0013885498046875 0.43975830078125 10.782305717468262 -0.33287540054123393 -0.838101369458046 0.4321805898314509 -0.9187917912687268 0.3913913667257188 0.0513268190109072 0 0 0 0 0 0
-4.333404541015625 0.4667510986328125 10.540002822875977 -0.33397663233252706 -0.4185102950679788 0.8445760723451365 -0.9079771688736529 0.38339950729214756 -0.16906294275306039 0 0 0 0 0 0
-4.6649169921875 0.36737060546875 10.314498901367188 -0.32833399634050425 0.15697622806334088 0.9314264601513528 -0.9020037800898121 0.24055084743444696 -0.35850309692143445 0 0 0 0 0 0
-4.994293212890625 0.153533935546875 10.16751480102539 -0.31883234737854943 0.6640242487219921 0.6763266454711644 -0.9038671062136522 0.001742541951960994 -0.42780979167441224 0 0 0 0 0 0
-5.321075439453125 -0.122283935546875 10.165675163269043 -0.3090562110347933 0.9310976370215095 0.19375615797640747 -0.9124883629978134 -0.23288769229301787 -0.3363455220037921 0 0 0 0 0 0
-5.6458282470703125 -0.3571014404296875 10.333687782287598 -0.30209463305017664 0.8890791157807068 -0.34391446402394305 -0.9238823559729945 -0.36196210693877445 -0.12419672081915992 0 0 0 0 0 0
-5.9695892333984375 -0.4458465576171875 10.615114212036133 -0.299646498512687 0.5654564032404277 -0.7684211293057247 -0.9335939768507804 -0.33968359736770015 0.11409355839521738 0 0 0 0 0 0
-6.336700439453125 -0.3276214599609375 10.75791072845459 -0.3104411266990221 0.05970021667288886 -0.9487160750103539 -0.9412798568278107 -0.15866381340355304 0.2980235316991915 0 0 0 0 0 0
-6.799835205078125 -0.4983062744140625 10.938070297241211 -0.2806866334926751 -0.25764576279009616 -0.9245721576463668 -0.9539890301999161 -0.030944870845177334 0.2982404151462355 0 0 0 0 0 0
-6.9764404296875 -0.0367431640625 11.071330070495605 -0.31501547484361325 -0.6868695374223904 -0.6549622043829736 -0.9479231000257908 0.19354299624127178 0.2529484236824695 0 0 0 0 0 0
-7.34124755859375 0.287139892578125 10.983832359313965 -0.3254776273663275 -0.9346991122514952 -0.14283516247847772 -0.9297006922553412 0.28880751899269713 0.22857567629391906 0 0 0 0 0 0
-7.671966552734375 0.43975830078125 10.782305717468262 -0.33287540054123393 -0.838101369458046 0.4321805898314509 -0.9188005983704929 0.3913755912781251 0.05128944321907354 0 0 0 0 0 0
-8.003997802734375 0.4667510986328125 10.540002822875977 -0.3339427396519336 -0.4185156267673479 0.8445868319985192 -0.9079799044742513 0.3834137432435765 -0.1690159594916373 0 0 0 0 0 0
-8.33551025390625 0.36737060546875 10.314498901367188 -0.3282999607833927 0.15697819412313047 0.9314381258674479 -0.9020167957568167 0.24055037720337108 -0.3584706629557308 0 0 0 0 0 0
-8.664886474609375 0.153533935546875 10.16751480102539 -0.31883234737854943 0.6640242487219921 0.6763266454711644 -0.9038671062136522 0.001742541951960994 -0.42780979167441224 0 0 0 0 0 0
-8.991668701171875 -0.122283935546875 10.165675163269043 -0.3090562110347933 0.9310976370215095 0.19375615797640747 -0.9124883629978134 -0.23288769229301787 -0.3363455220037921 0 0 0 0 0 0
-9.31640625 -0.3571014404296875 10.333687782287598 -0.3021292990911555 0.8890688692700088 -0.3439105004585277 -0.9238900210779623 -0.36197159211661917 -0.12411202783422134 0 0 0 0 0 0
-9.640167236328125 -0.4458465576171875 10.615114212036133 -0.29968121998371733 0.5654499393862833 -0.7684123453180064 -0.9335987751197649 -0.33964455253530934 0.11417050857364394 0 0 0 0 0 0
-10.007659912109375 -0.3242950439453125 10.738255500793457 -0.31440607665103304 0.059356449316792945 -0.9474310692020859 -0.9408062613194406 -0.15260545627721192 0.30264691205522076 0 0 0 0 0 0
-10.47064208984375 -0.502410888671875 10.93713092803955 -0.2772523171518657 -0.2598954370880106 -0.9249786561941595 -0.9523120738369532 -0.05332887562282514 0.30042926796363717 0 0 0 0 0 0
-10.64495849609375 -0.0353851318359375 11.070635795593262 -0.315016950574239 -0.6868727551513378 -0.6549581200975508 -0.9478220442006182 0.19207647197816496 0.25444056563327827 0 0 0 0 0 0
-11.011871337890625 0.2871551513671875 10.983839988708496 -0.3254660222659646 -0.9347039315029221 -0.14283006960493883 -0.9297000021582253 0.2887920831528347 0.22859798488884792 0 0 0 0 0 0
-11.34259033203125 0.43975830078125 10.78231143951416 -0.33294323907480483 -0.8380800827765196 0.4321696130082253 -0.9187960415500236 0.39140069030144614 0.0511794261745748 0 0 0 0 0 0
-11.67462158203125 0.466766357421875 10.539998054504395 -0.33393471837492694 -0.4185437205859833 0.8445760817249685 -0.9079772813070308 0.3834331186206386 -0.16898609462066538 0 0 0 0 0 0
-12.006011962890625 0.3673553466796875 10.314494132995605 -0.3283658430525224 0.15697321609678552 0.9314157409796325 -0.9020107379796656 0.24048634021025042 -0.35852886737563927 0 0 0 0 0 0
-12.175689697265625 0.15362548828125 9.514139175415039 -0.3187562457541987 -0.6640627963246877 -0.6763246693194956 0.8320733442339433 0.1456738938065736 -0.535194419326821 0 0 0 0 0 0
-12.6788330078125 0.0540924072265625 7.646336555480957 -0.3089870615404569 -0.9311191586593843 -0.193763020667087 -0.9124899337391243 0.2328009819380924 0.3364012836381996 0 0 0 0 0 0
-13.003448486328125 0.288909912109375 7.478299140930176 -0.3020494733467508 -0.8890966248159536 0.3439088649509193 -0.92389121393316 0.36192576066768867 0.12423674409057471 0 0 0 0 0 0
-13.327239990234375 0.3776397705078125 7.19688606262207 -0.2996887822527487 -0.5654260604060898 0.7684269672555184 -0.9335804435041426 0.33970683633302406 -0.11413509913789355 0 0 0 0 0 0
-13.694366455078125 0.259429931640625 7.054083824157715 -0.3104425310929542 -0.05970048674864504 0.9487155984648797 -0.941279493255074 0.15866332211201292 -0.29802494156337095 0 0 0 0 0 0
-14.15704345703125 0.4287872314453125 6.870327472686768 -0.28068508666359965 0.2576443429363892 0.9245730229016655 -0.9540650309484386 0.03025160265938979 -0.29806837681628306 0 0 0 0 0 0
-14.3349609375 -0.0335235595703125 6.736262321472168 -0.3150171965297928 0.6868732914404758 0.6549574393777331 -0.9479184118862037 -0.1934845071634845 -0.2530107307899039 0 0 0 0 0 0
-14.6998291015625 -0.357391357421875 6.823726654052734 -0.3254773502544746 0.9346983164480939 0.14284100146815445 -0.9296987594523788 -0.2888033896736589 -0.22858875472278298 0 0 0 0 0 0
-15.030548095703125 -0.510009765625 7.025273323059082 -0.3328757435403051 0.8381022330484188 -0.4321786509323927 -0.9188006744094426 -0.3913754254941361 -0.05128934610655049 0 0 0 0 0 0
-15.362579345703125 -0.5370025634765625 7.267578125 -0.3339467744075596 0.4185206833476509 -0.844582730981993 -0.9079578411106984 -0.3834838899031553 0.16897533829036826 0 0 0 0 0 0
-15.694183349609375 -0.4376373291015625 7.49308967590332 -0.3283665722382728 -0.15697356467942528 -0.931415425161255 -0.9020112683639443 -0.24048343405630357 0.3585294823148522 0 0 0 0 0 0
-16.023406982421875 -0.2237701416015625 7.640066146850586 -0.31883234737854943 -0.6640242487219921 -0.6763266454711644 -0.9038650040574053 -0.001748052056901371 0.4278142105567712 0 0 0 0 0 0
-16.350250244140625 0.052032470703125 7.641912460327148 -0.3090673310282914 -0.9310929913278866 -0.1937607452275535 -0.9124892883599347 0.23290081562898307 0.3363339244080715 0 0 0 0 0 0
-16.674957275390625 0.2868804931640625 7.473888397216797 -0.30212004323924635 -0.8890797787597366 0.34389042800527847 -0.9238640801357703 0.36199461195758237 0.12423792636939252 0 0 0 0 0 0
-16.9989013671875 0.3756256103515625 7.192469596862793 -0.29960903125421035 -0.5654576865649554 0.7684347943030183 -0.9335896906447216 0.3397214434277752 -0.11401592168307895 0 0 0 0 0 0
-17.36627197265625 0.2540283203125 7.069317817687988 -0.31433377339602225 -0.059319055537720225 0.9474574019726327 -0.9408097004179468 0.15274654472648994 -0.3025650354446324 0 0 0 0 0 0
-17.8292236328125 0.432159423828125 6.870468616485596 -0.2772492625423141 0.2599307202756368 0.9249696573816526 -0.9523124012512579 0.05332244586230233 -0.30042937138423215 0 0 0 0 0 0
-17.867828369140625 0.4703521728515625 5.88173246383667 -0.3149447826180205 -0.6868817533696798 -0.6549833897050231 0.5358591743665442 0.4409037554112303 -0.7200408486408807 0 0 0 0 0 0
-18.35382080078125 0.2851104736328125 3.920564651489258 -0.3255458381239292 -0.9346758994272922 -0.14283161523266016 -0.9297015412755597 0.2889025959296563 0.22845203920069154 0 0 0 0 0 0
-18.68463134765625 0.437713623046875 3.7190685272216797 -0.33287557204087354 -0.8381018012534943 0.43217962038267105 -0.9188006824763605 0.39137542582609214 0.05128919906197986 0 0 0 0 0 0
-19.016632080078125 0.4647064208984375 3.4767537117004395 -0.33400889020330704 -0.4185410625069307 0.8445480686501654 -0.9079745656774292 0.38339312483951493 -0.1690913951349274 0 0 0 0 0 0
-19.3482666015625 0.365325927734375 3.251249313354492 -0.3282961719252801 0.15701452982157252 0.9314333368116675 -0.902017188442979 0.24054003367141288 -0.3584766156317302 0 0 0 0 0 0
-19.677642822265625 0.1514892578125 3.1042747497558594 -0.3187529048368969 0.6640558362135832 0.6763330777425564 -0.9038706996820746 0.0018448402992993901 -0.4278017704737877 0 0 0 0 0 0
-20.0042724609375 -0.12432861328125 3.1024575233459473 -0.3090672596393457 0.9310927762622995 0.19376189256711157 -0.9124679343640352 -0.2328779470644924 -0.33640768500207996 0 0 0 0 0 0
-20.741302490234375 1.5673675537109375 2.7921946048736572 0.9962192216629749 0 -0.08687498137678326 -0.03692830683386794 -0.9051585423991837 -0.42346701557048005 0 0 0 0 0 0
-17.391876220703125 0.6123046875 1.8854665756225586 0 1 0 0 0 1 0 0 0 0 0 0
-17.795379638671875 0.6123046875 1.7462904453277588 0 1 0 0 0 1 0 0 0 0 0 0
-18.247283935546875 0.6123046875 1.163137435913086 0 1 0 0 0 1 0 0 0 0 0 0
-17.918914794921875 0.6123046875 0.5025135278701782 0 1 0 0 0 1 0 0 0 0 0 0
-20.48016357421875 0.2733001708984375 -0.001518515287898481 0.9999912384064408 0 0.004186061436853313 -0.0037210212135787134 -0.4580868241430732 0.888899665624665 0 0 0 0 0 0
-20.301055908203125 -0.5157318115234375 0.42285749316215515 0.3090672908720574 0.9310928703536383 0.19376139060615274 0.9371611147347084 -0.2634894982151738 -0.228697025252876 0 0 0 0 0 0
-19.750030517578125 -0.61505126953125 0.19717153906822205 0.31883254017111207 0.6640246502462966 0.6763261603644497 0.9357676086483588 -0.3339232250711022 -0.11328840347822915 0 0 0 0 0 0
-19.420684814453125 -0.530029296875 -0.0578555129468441 0.32836648393827667 0.15697352246817012 0.9314154634049985 0.9284012150273692 -0.2352025879548802 -0.28766460775533664 0 0 0 0 0 0
-19.08905029296875 -0.3315582275390625 -0.21532848477363586 0.3340143068738563 -0.41850970314219704 0.8445614667858151 0.9179720602720268 -0.05892032663584968 -0.39224442847420415 0 0 0 0 0 0
-18.756256103515625 -0.0902252197265625 -0.24643853306770325 0.33286492976596826 -0.8381131528636361 0.43216580328488774 0.9076473845183087 0.16049666926791528 -0.38783636308497327 0 0 0 0 0 0
-18.4246826171875 0.13507080078125 -0.15080150961875916 0.3254659183614071 -0.9347036331000419 -0.1428322591529949 0.9020057506064492 0.35222822054388275 -0.24964155608669483 0 0 0 0 0 0
-18.095733642578125 0.2837066650390625 0.0592864491045475 0.3150169179082767 -0.6868726839254576 -0.6549582105055317 0.9041601119595193 0.42699806542027036 -0.012928420966848259 0 0 0 0 0 0
-17.657012939453125 0.378082275390625 0.24732443690299988 0.27724941539518927 -0.259930863580465 -0.9249695712948289 0.9173658071321754 0.35779318202395455 0.1744248113139466 0 0 0 0 0 0
-17.339569091796875 0.412628173828125 0.36588844656944275 0.3144026180374599 0.059317649969455245 -0.9474346469141248 0.9411025626710657 -0.15027245622886712 0.30289297686294403 0 0 0 0 0 0
-17.055145263671875 0.021087646484375 0.6437845230102539 0.29967838909225686 0.5654445979524597 -0.7684173799163129 0.937962812094563 -0.02737886065733044 0.34565323825586547 0 0 0 0 0 0
-16.7305908203125 -0.300567626953125 0.6455245018005371 0.3021997116024172 0.8890515625607088 -0.34389337506817097 0.9371449058834439 -0.21106509807942567 0.27786858359561584 0 0 0 0 0 0
-16.40606689453125 -0.5341644287109375 0.46863552927970886 0.3089982821656304 0.9311148235924329 0.19376595909788175 0.9389114726330822 -0.3311157261225915 0.09384893431619924 0 0 0 0 0 0
-16.079437255859375 -0.61505126953125 0.19717153906822205 0.31883254017111207 0.6640246502462966 0.6763261603644497 0.9357676086483588 -0.3339232250711022 -0.11328840347822915 0 0 0 0 0 0
-15.750091552734375 -0.530029296875 -0.0578555129468441 0.32836648393827667 0.15697352246817012 0.9314154634049985 0.9284012150273692 -0.2352025879548802 -0.28766460775533664 0 0 0 0 0 0
-15.41845703125 -0.3315582275390625 -0.21532848477363586 0.3339465222330506 -0.4185203673085216 0.8445829872998809 0.917980366221612 -0.05901353661343812 -0.39221097604224403 0 0 0 0 0 0
-15.205169677734375 -0.81988525390625 -1.3982174396514893 0.3328757006654667 0.8381021250997368 -0.4321788932951028 -0.3165660258776775 -0.33239556987954116 -0.8884250876604447 0 0 0 0 0 0
-14.737579345703125 -0.207366943359375 -3.2225074768066406 0.32554586583894807 0.9346759789999889 0.1428310313467691 0.9020029075346675 -0.3523004655898881 0.2495498682511258 0 0 0 0 0 0
-14.408599853515625 -0.35601806640625 -3.4326064586639404 0.31493702208215146 0.6869029743984134 0.6549648661452301 0.9041562967440119 -0.42700200831388097 0.013064300749253228 0 0 0 0 0 0
-13.968719482421875 -0.4395751953125 -3.6034114360809326 0.2806148012966404 0.25764985970058585 0.924592820158969 0.9180093121010711 -0.35326464603198887 -0.18017489492049735 0 0 0 0 0 0
-13.648162841796875 -0.4888153076171875 -3.733102560043335 0.3104432378747036 -0.05966247530548494 0.9487177583972447 0.9441907111168891 0.13498034804485265 -0.3004733044419653 0 0 0 0 0 0
-13.369873046875 -0.087921142578125 -4.0121893882751465 0.2997583603200341 -0.5654133897510238 0.7684091514997081 0.9371107343044549 0.023555740684267027 -0.3482364121285725 0 0 0 0 0 0
-13.042388916015625 0.230316162109375 -4.014460563659668 0.3020494114305489 -0.8890964425627437 0.34390939050385505 0.9371645259277696 0.21086431849347056 -0.27795483541191235 0 0 0 0 0 0
-12.718048095703125 0.4639129638671875 -3.837512493133545 0.3089870615404569 -0.9311191586593843 -0.193763020667087 0.9389260978014432 0.33109337979764136 -0.09378143057945691 0 0 0 0 0 0
-12.39154052734375 0.5447845458984375 -3.5660383701324463 0.31883260443532074 -0.6640247840877755 -0.6763259986620161 0.935765482065633 0.333932645142119 0.1132782021523175 0 0 0 0 0 0
-12.06201171875 0.459808349609375 -3.3110663890838623 0.3283644234581617 -0.15701068389333103 -0.9314099261605159 0.9284025318214423 0.23521031220039726 0.287654042109837 0 0 0 0 0 0
-11.7303466796875 0.2613067626953125 -3.1535584926605225 0.33393522268447245 0.41854435267238194 -0.8445755690858745 0.9180001106038967 0.058940990612749926 0.39217567053148683 0 0 0 0 0 0
-11.39776611328125 0.01995849609375 -3.1224825382232666 0.33286492976596826 0.8381131528636361 -0.43216580328488774 0.9076250387468037 -0.16045111267315398 0.38790750119301626 0 0 0 0 0 0
-11.066131591796875 -0.2053070068359375 -3.2180895805358887 0.3254776550769157 0.9346991918301205 0.14283457857868975 0.9019825668517338 -0.35224331233014555 0.24970402082114132 0 0 0 0 0 0
-10.7371826171875 -0.3539581298828125 -3.428182363510132 0.3150171965297928 0.6868732914404758 0.6549574393777331 0.9041363974583577 -0.42704639184833526 0.012990535029040079 0 0 0 0 0 0
-10.298370361328125 -0.448333740234375 -3.616185426712036 0.27725247000959613 0.2598955803763592 0.9249785701163099 0.917370443327108 -0.35777015950966834 -0.17444765023998451 0 0 0 0 0 0
-9.981048583984375 -0.4828338623046875 -3.7347943782806396 0.31440714342139814 -0.059318503763682855 0.9474330917151006 0.9411001627114266 0.15028029025957296 -0.30289654686711937 0 0 0 0 0 0
-9.696533203125 -0.091339111328125 -4.0126848220825195 0.29968094547150065 -0.565449421426178 0.7684128335277255 0.9379616949309504 0.02738118526274428 -0.3456560856340685 0 0 0 0 0 0
-9.4803466796875 -1.3714141845703125 -4.818156719207764 0.3020600896549112 0.8890897258774136 -0.34391737609038103 -0.09172702507228352 -0.33198796046803963 -0.9388131587145869 0 0 0 0 0 0
-9.06402587890625 -0.5321044921875 -6.585779666900635 0.3090671882500103 0.9310925611955382 0.1937630399058746 0.9389132079968285 -0.33115841793154527 0.0936807882235221 0 0 0 0 0 0
-8.73736572265625 -0.6129913330078125 -6.857240676879883 0.31876354951919866 0.66403986434666 0.6763437425277112 0.935777432593188 -0.3339334389722085 -0.11317709567529864 0 0 0 0 0 0
-8.407989501953125 -0.5279693603515625 -7.112237453460693 0.32836766602250705 0.15697408755606607 0.9314149514297437 0.9283863731149296 -0.23528258727097584 -0.2876470864472342 0 0 0 0 0 0
-8.076263427734375 -0.3295135498046875 -7.269736289978027 0.3339377442504567 -0.41854751312725735 0.8445730058555654 0.9179816523682351 -0.05901274728667844 -0.39220808453289635 0 0 0 0 0 0
-7.743621826171875 -0.088165283203125 -7.3008222579956055 0.33287540054123393 -0.838101369458046 0.4321805898314509 0.9076484372527787 0.1605074018426434 -0.38782945775986777 0 0 0 0 0 0
-7.4119873046875 0.137115478515625 -7.205200672149658 0.32547729483080123 -0.9346981572836723 -0.1428421692643001 0.9019854144176431 0.35224453782214166 -0.24969200578372205 0 0 0 0 0 0
-7.083038330078125 0.2857513427734375 -6.995117664337158 0.31501547484361325 -0.6868695374223904 -0.6549622043829736 0.9041363337570367 0.4270465265221647 -0.012990541395128015 0 0 0 0 0 0
-6.643096923828125 0.3693389892578125 -6.824304580688477 0.2806866334926751 -0.25764576279009616 -0.9245721576463668 0.91801307913017 0.35320680742096616 0.1802690703848903 0 0 0 0 0 0
-6.32354736328125 0.4205474853515625 -6.6901702880859375 0.31044182889448807 0.05970035171047847 -0.9487158367384254 0.9447628877484637 -0.12973630740149483 0.3009843458969399 0 0 0 0 0 0
-6.045166015625 0.0197296142578125 -6.411105632781982 0.29968094547150065 0.565449421426178 -0.7684128335277255 0.9371198655777803 -0.023452430595220213 0.3482188120114412 0 0 0 0 0 0
-5.7177886962890625 -0.29852294921875 -6.4088454246521 0.302084387310714 0.8890871088585443 -0.3439027999372288 0.9371579360275533 -0.2109072155130235 0.27794450774411744 0 0 0 0 0 0
-5.3934326171875 -0.5321044921875 -6.585779666900635 0.3090671882500103 0.9310925611955382 0.1937630399058746 0.9389132079968285 -0.33115841793154527 0.0936807882235221 0 0 0 0 0 0
-5.0667877197265625 -0.6129913330078125 -6.857240676879883 0.3187978205457321 0.6640317891874546 0.6763355177452972 0.9357714810226327 -0.3339330439831622 -0.1132274588642177 0 0 0 0 0 0
-4.737396240234375 -0.5279693603515625 -7.112237453460693 0.32833363177292035 0.1569760537638628 0.9314266180389785 0.9283917946269273 -0.23531124229032296 -0.2876061454857635 0 0 0 0 0 0
-4.4056854248046875 -0.3295135498046875 -7.269736289978027 0.3339377442504567 -0.41854751312725735 0.8445730058555654 0.9179993986564254 -0.05893757877469267 -0.3921778498011052 0 0 0 0 0 0
-4.1925506591796875 -0.817840576171875 -8.452615737915039 0.3328647582827771 0.8381127210899492 -0.4321667727169104 -0.3164911679501432 -0.3324211920167071 -0.8884421712794514 0 0 0 0 0 0
-3.7249298095703125 -0.2053070068359375 -10.276914596557617 0.3255001273521553 0.9346923263224963 0.14282829624262364 0.9020044263607014 -0.3522582339613451 0.24960398921518978 0 0 0 0 0 0
-3.3959503173828125 -0.3539581298828125 -10.487000465393066 0.31497285982171075 0.6868979395433626 0.6549529129844497 0.9041493519582774 -0.4270177126696429 0.01303159314180331 0 0 0 0 0 0
-2.95721435546875 -0.4483184814453125 -10.675017356872559 0.2772529285837134 0.2598960102422729 0.924978311881907 0.9173539900044128 -0.35782163612500223 -0.1744285921052237 0 0 0 0 0 0
-2.639862060546875 -0.4828338623046875 -10.793618202209473 0.3144074985218568 -0.05931857075970484 0.9474329696797842 0.9411052892296246 0.1502387401514557 -0.30290123067054076 0 0 0 0 0 0
-2.3553619384765625 -0.091339111328125 -11.071508407592773 0.29968121998371733 -0.5654499393862833 0.7684123453180064 0.9379618168006681 0.027382577890333163 -0.3456556446119022 0 0 0 0 0 0
-2.03070068359375 0.2303314208984375 -11.073273658752441 0.302084387310714 -0.8890871088585443 0.3439027999372288 0.9371654564664155 0.21092471714156194 -0.27790586698529274 0 0 0 0 0 0
-1.70635986328125 0.4639129638671875 -10.896332740783691 0.3090673310282914 -0.9310929913278866 -0.1937607452275535 0.9389131824179164 0.3311583055663537 -0.09368144179229002 0 0 0 0 0 0
-1.37969970703125 0.5447998046875 -10.624878883361816 0.31883234737854943 -0.6640242487219921 -0.6763266454711644 0.9357677583656229 0.3339226362382279 0.11328890241806278 0 0 0 0 0 0
-1.050323486328125 0.4597930908203125 -10.369874954223633 0.32836606410587793 -0.15701146838519905 -0.9314092155111727 0.9283930045496724 0.23526029853447725 0.2876439136096931 0 0 0 0 0 0
-0.7076568603515625 0.26287841796875 -10.208329200744629 0.33397130031523 0.4185417598011083 -0.8445625884849185 0.9180193182056242 0.058789801167301016 0.39215340197426574 0 0 0 0 0 0
-0.3723907470703125 0.017913818359375 -10.17518138885498 0.33287540054123393 0.838101369458046 -0.4321805898314509 0.9076369632198552 -0.16048400569037308 0.38786599092291124 0 0 0 0 0 0
-0.040771484375 -0.207366943359375 -10.270798683166504 0.3254660222659646 0.9347039315029221 0.14283006960493883 0.9020057724177004 -0.3522277257988375 0.24964217533046545 0 0 0 0 0 0
0.2881927490234375 -0.3560028076171875 -10.480891227722168 0.31498160486746785 0.6868788636603641 0.6549687131854172 0.9041489937541661 -0.4270191759479767 0.013008476699445033 0 0 0 0 0 0
0.7269287109375 -0.4503631591796875 -10.66891860961914 0.2772171019191531 0.2598981856853158 0.9249884385661408 0.9173539253662105 -0.357843458325947 -0.17438415911008553 0 0 0 0 0 0
1.044281005859375 -0.484893798828125 -10.787519454956055 0.31440678832169594 -0.059318436767803594 0.9474332137500038 0.9411059234775632 0.15023546631967172 -0.302900883879783 0 0 0 0 0 0
1.3287811279296875 -0.0933990478515625 -11.065409660339355 0.2996865860115882 -0.5654219167341853 0.7684308727799521 0.9379621087438185 0.02738276140151524 -0.3456548378641288 0 0 0 0 0 0
1.6534423828125 0.228271484375 -11.067156791687012 0.3020848826810535 -0.8890885668199663 0.3438985955272171 0.9371592404051329 0.21091236075801306 -0.2779362052751612 0 0 0 0 0 0
1.9777984619140625 0.46185302734375 -10.890227317810059 0.3090326845159825 -0.9311035382873842 -0.19376532427025903 0.9389187285605737 0.33113067459420176 -0.0937235162645146 0 0 0 0 0 0
2.304443359375 0.542755126953125 -10.61876392364502 0.31878948811002855 -0.6640525797558187 -0.6763190324027472 0.9357673618416016 0.3339610028730309 0.11317903106162623 0 0 0 0 0 0
2.633819580078125 0.457733154296875 -10.363765716552734 0.3283680306187475 -0.15697426184899463 -0.9314147935181879 0.9283936215358547 0.23524205728265946 0.28765684065734043 0 0 0 0 0 0
2.965545654296875 0.2592620849609375 -10.206280708312988 0.3339374080399008 0.4185470917310705 -0.8445733476229615 0.9179909370401005 0.05897428028851037 0.3921921388512149 0 0 0 0 0 0
3.2982025146484375 0.017913818359375 -10.17518138885498 0.33287540054123393 0.838101369458046 -0.4321805898314509 0.9076351077523885 -0.1604802226149922 0.3878718980858922 0 0 0 0 0 0
3.6298065185546875 -0.207366943359375 -10.270800590515137 0.3255001273521553 0.9346923263224963 0.14282829624262364 0.9020044263607014 -0.3522582339613451 0.24960398921518978 0 0 0 0 0 0
3.958770751953125 -0.3560028076171875 -10.480890274047852 0.31501596675330806 0.686870609997586 0.6549608429608771 0.904148209591261 -0.4270223255719903 0.012959496749737912 0 0 0 0 0 0
4.398712158203125 -0.4395904541015625 -10.651712417602539 0.2806866334926751 0.25764576279009616 0.9245721576463668 0.918008696688394 -0.3532208775412975 -0.18026381909144198 0 0 0 0 0 0
4.71826171875 -0.4907989501953125 -10.785847663879395 0.3104755968127604 -0.059699509646390224 0.9487048394162121 0.9447482420074875 0.12977305922197635 -0.3010144719509869 0 0 0 0 0 0
4.9966278076171875 -0.0899658203125 -11.064909934997559 0.29968012193682164 -0.5654478675495809 0.7684142981488328 0.9371201898832495 0.023451501090005294 -0.34821800184626867 0 0 0 0 0 0
5.32403564453125 0.228271484375 -11.067157745361328 0.3020848826810535 -0.8890885668199663 0.3438985955272171 0.9371592404051329 0.21091236075801306 -0.2779362052751612 0 0 0 0 0 0
5.64837646484375 0.46185302734375 -10.890226364135742 0.3090326845159825 -0.9311035382873842 -0.19376532427025903 0.9389187688476335 0.33113063389782943 -0.09372325645252465 0 0 0 0 0 0
5.97503662109375 0.542755126953125 -10.618765830993652 0.31878948811002855 -0.6640525797558187 -0.6763190324027472 0.9357673135586038 0.3339612171906532 0.11317879787244392 0 0 0 0 0 0
6.304412841796875 0.457733154296875 -10.363764762878418 0.32833399634050425 -0.15697622806334088 -0.9314264601513528 0.9283916007494118 0.23531174423150492 0.2876063606471036 0 0 0 0 0 0
6.636138916015625 0.2592620849609375 -10.206281661987305 0.3339374080399008 0.4185470917310705 -0.8445733476229615 0.9179917439587602 0.058970862348929086 0.3921907640643488 0 0 0 0 0 0
6.8191375732421875 0.74822998046875 -9.022383689880371 0.3328757435403051 -0.8381022330484188 0.4321786509323927 -0.3341894072055464 0.3237167984336892 0.8851694044212373 0 0 0 0 0 0
7.2839202880859375 0.13507080078125 -7.199090480804443 0.3254656897660073 -0.9347029765982744 -0.14283707615133662 0.901993306650966 0.35223138827107275 -0.24968204555692372 0 0 0 0 0 0
7.612884521484375 0.2837066650390625 -6.989016532897949 0.31497335165090573 -0.6868990121324766 -0.6549515515526494 0.9041493633468821 0.4270176880629249 -0.013031609295196858 0 0 0 0 0 0
8.051605224609375 0.3780670166015625 -6.800986289978027 0.2772520114368678 -0.25989515051174744 -0.9249788283494316 0.9173660788908574 0.3577840563726387 0.1744421001534713 0 0 0 0 0 0
8.368972778320312 0.4125823974609375 -6.682385444641113 0.31440607665103304 0.059356449316792945 -0.9474310692020859 0.9411082271520862 -0.1502311440072103 0.3028958701549799 0 0 0 0 0 0
8.653472900390625 0.0211029052734375 -6.404494285583496 0.2996868605405833 0.5654224346910037 -0.7684303845940935 0.9379544959085684 -0.02734759796051871 0.34567827888181446 0 0 0 0 0 0
8.978134155273438 -0.300567626953125 -6.402746677398682 0.3020850065229459 0.8890889313082839 -0.34389754442148235 0.9371593371500521 -0.21091311337246704 0.27793530794054955 0 0 0 0 0 0
9.302474975585938 -0.534149169921875 -6.579667568206787 0.3090671882500103 0.9310925611955382 0.1937630399058746 0.9389131677374024 -0.33115845861143206 0.0936810479201473 0 0 0 0 0 0
9.629135131835938 -0.61505126953125 -6.851133346557617 0.3187975635106759 0.6640312538028401 0.6763361645459193 0.9357674449053994 -0.3339510652819718 -0.11320766339897785 0 0 0 0 0 0
9.958511352539062 -0.530029296875 -7.1061296463012695 0.32833399634050425 0.15697622806334088 0.9314264601513528 0.9283987617979977 -0.23527227146089313 -0.2876155374342228 0 0 0 0 0 0
10.29022216796875 -0.3315582275390625 -7.263624668121338 0.3339377442504567 -0.41854751312725735 0.8445730058555654 0.9179904077510076 -0.0589756652298253 -0.39219316948136485 0 0 0 0 0 0
10.622879028320312 -0.0902252197265625 -7.294710636138916 0.33287557204087354 -0.8381018012534943 0.43217962038267105 0.907648122236044 0.1605074607794721 -0.38783017061016517 0 0 0 0 0 0
10.954498291015625 0.13507080078125 -7.199090480804443 0.3254997948256132 -0.9346913714534162 -0.14283530270565242 0.9020035545383507 0.35225995141399463 -0.24960471596103917 0 0 0 0 0 0
11.283462524414062 0.2837066650390625 -6.989016532897949 0.3150077128347453 -0.6868907586601185 -0.6549436819467377 0.9041485802153179 0.42702083816320796 -0.01298262951086456 0 0 0 0 0 0
11.723403930664062 0.367279052734375 -6.818192481994629 0.28068632412561195 -0.25764547881820915 -0.924572330698571 0.9180132211277036 0.3532064898114777 0.1802689695698983 0 0 0 0 0 0
12.043624877929688 0.4210357666015625 -6.6799845695495605 0.3104759479407858 0.05969957716271407 -0.9487047202564471 0.9453832129125086 -0.12362083762961669 0.30160979633787555 0 0 0 0 0 0
12.322235107421875 0.0197296142578125 -6.400576591491699 0.29968121998371733 0.5654499393862833 -0.7684123453180064 0.9371198167441162 -0.023453013600011285 0.34821890416597406 0 0 0 0 0 0
12.571914672851562 1.299560546875 -5.598482608795166 0.3020945091942978 -0.8890787512668651 0.34391551514929986 -0.07073072961248417 0.3388719565901166 0.9381700064088981 0 0 0 0 0 0
12.990493774414062 0.4639129638671875 -3.8269805908203125 0.30903275589903123 -0.9311037533617522 -0.1937641769190248 0.9389187661096774 0.3311305675112865 -0.0937235184291249 0 0 0 0 0 0
13.317123413085938 0.5447998046875 -3.555520534515381 0.3187978205457321 -0.6640317891874546 -0.6763355177452972 0.9357714810226327 0.3339330439831622 0.1132274588642177 0 0 0 0 0 0
13.646514892578125 0.4597930908203125 -3.3005213737487793 0.32836730142701454 -0.15697391326349497 -0.9314151093407735 0.928393585205411 0.23524339170839936 0.28765586663054843 0 0 0 0 0 0
13.978225708007812 0.261322021484375 -3.1430325508117676 0.3339425715388064 0.4185154160786207 -0.844587002870982 0.9179911722626442 0.05897783638152888 0.3921910535231655 0 0 0 0 0 0
14.310897827148438 0.0199737548828125 -3.1119415760040283 0.3328754862910797 0.8381015853558356 -0.43218010510724825 0.9076372260996485 -0.16048489234652555 0.38786500889698683 0 0 0 0 0 0
14.642486572265625 -0.2053070068359375 -3.2075605392456055 0.3255000165117115 0.9346920080377906 0.1428306317326858 0.9020041524610329 -0.3522588036414038 0.249604175045572 0 0 0 0 0 0
14.971466064453125 -0.3539581298828125 -3.4176464080810547 0.3149732286935588 0.6868987439850931 0.6549518919111973 0.9041493551576518 -0.42701770509893017 0.013031619241134268 0 0 0 0 0 0
15.410186767578125 -0.4483184814453125 -3.605675458908081 0.27725216429428956 0.2598952937998067 0.9249787422718667 0.9173660447979302 -0.35778409993095445 -0.17444219010434134 0 0 0 0 0 0
15.727554321289062 -0.4828338623046875 -3.7242634296417236 0.3144076760723697 -0.05931860425776934 0.9474329086619706 0.941110440498266 0.15019741989349886 -0.302905717744806 0 0 0 0 0 0
16.012054443359375 -0.091339111328125 -4.002155780792236 0.29971580299506045 -0.5654432159597532 0.7684038046236615 0.9379572999086101 0.027431737546789133 -0.345664003511089 0 0 0 0 0 0
16.336715698242188 0.2303314208984375 -4.003918647766113 0.3020842634674367 -0.8890867443661508 0.3439038510364999 0.9371581155482636 0.21090710576005714 -0.27794398572723916 0 0 0 0 0 0
16.661087036132812 0.4639129638671875 -3.8269805908203125 0.30903275589903123 -0.9311037533617522 -0.1937641769190248 0.9389123077858963 0.3311370902505989 -0.09376516276597202 0 0 0 0 0 0
16.987701416015625 0.5447998046875 -3.55552339553833 0.31883376119287893 -0.6640271932381483 -0.6763230880014887 0.9357587425757582 0.3339621168504428 0.11324698760588417 0 0 0 0 0 0
17.317153930664062 0.4597930908203125 -3.3005104064941406 0.3283318089462176 -0.1569751822718352 -0.931427407469218 0.9283921276951035 0.23531223963914846 0.28760425433182796 0 0 0 0 0 0
17.648727416992188 0.2613067626953125 -3.143036365509033 0.3340137183784086 0.4185089657754135 -0.8445620649192236 0.9179901717664196 0.05884508153895639 0.3922133359779259 0 0 0 0 0 0
17.83184814453125 0.7502899169921875 -1.9591424465179443 0.3328648011535944 -0.83811282903342 0.4321665303590452 -0.3341275238867054 0.32373706886904824 0.8851853523536278 0 0 0 0 0 0
18.296585083007812 0.137115478515625 -0.1358495056629181 0.3255116294563989 -0.9346872078917948 -0.14283557852328138 0.9020038907575889 0.3522706409522496 -0.24958841435704338 0 0 0 0 0 0
18.62554931640625 0.2857666015625 0.07423946261405945 0.3150168890853707 -0.6868726210790971 -0.6549582902772562 0.9041426517276269 0.42703364878075384 -0.012974133340269785 0 0 0 0 0 0
19.065505981445312 0.369354248046875 0.245060533285141 0.28068508666359965 -0.2576443429363892 -0.9245730229016655 0.9180090870611586 0.3532203156603977 0.18026293206843025 0 0 0 0 0 0
19.385086059570312 0.420562744140625 0.37916645407676697 0.31040191783362014 0.05970001246277689 -0.9487289169816397 0.9447762053197676 -0.12973001797413666 0.3009452513298898 0 0 0 0 0 0
19.66339111328125 0.01971435546875 0.658232569694519 0.29964366788450364 0.5654510616234243 -0.768426163795627 0.9371326924395753 -0.02343443749217392 0.3481855021398478 0 0 0 0 0 0
19.990692138671875 -0.29852294921875 0.660475492477417 0.30212013612837807 0.889080052114155 -0.3438896396788684 0.9371532109079161 -0.21095775252627852 0.2779220860853706 0 0 0 0 0 0
20.931976318359375 1.360748291015625 0.9069185256958008 -0.9981922902361113 0 -0.06010117896669577 -0.05810768610853057 -0.25541675001802894 0.9650833024280032 0 0 0 0 0 0
18.569671630859375 0.6123046875 1.2213964462280273 0 1 0 0 0 1 0 0 0 0 0 0
18.973312377929688 0.6123046875 1.3605844974517822 0 1 0 0 0 1 0 0 0 0 0 0
19.425079345703125 0.6123046875 1.9437255859375 0 1 0 0 0 1 0 0 0 0 0 0
19.096725463867188 0.6123046875 2.6043496131896973 0 1 0 0 0 1 0 0 0 0 0 0
20.596893310546875 0.2866363525390625 3.9313507080078125 -0.9845219153529989 0 -0.17526151371496934 0.1602396180176041 -0.40506321697419173 -0.900137242353682 0 0 0 0 0 0
20.277359008789062 -0.3448638916015625 3.3602213859558105 -0.3020841396238825 0.8890863798729423 -0.3439049021344782 -0.9484351442454039 -0.24397915749631152 0.2023485800977859 0 0 0 0 0 0
19.738967895507812 -0.4458465576171875 3.566828727722168 -0.299643753660602 0.5654512234896376 -0.7684260112374232 -0.9336030191767013 -0.33964979892178765 0.1141201852282806 0 0 0 0 0 0
19.371917724609375 -0.327606201171875 3.709606647491455 -0.3104425310929542 0.05970048674864504 -0.9487155984648797 -0.9412860930080289 -0.15861431134085394 0.29803018529596487 0 0 0 0 0 0
18.908676147460938 -0.498321533203125 3.889786720275879 -0.2806496352126449 -0.2576468174835128 -0.9245830950734644 -0.9539957924206802 -0.030991886301501802 0.2982139014652293 0 0 0 0 0 0
18.73223876953125 -0.036712646484375 4.023027420043945 -0.315016950574239 -0.6868727551513378 -0.6549581200975508 -0.9479204793527874 0.1935136735743051 0.2529806770553023 0 0 0 0 0 0
18.36737060546875 0.2871551513671875 3.935547351837158 -0.3255001827717258 -0.9346924854629788 -0.14282712849669785 -0.9296946324686289 0.2888330118762058 0.22856811153251624 0 0 0 0 0 0
18.036636352539062 0.43975830078125 3.734020709991455 -0.33287557204087354 -0.8381018012534943 0.43217962038267105 -0.9187956118292725 0.39138450890245347 0.051310718904125724 0 0 0 0 0 0
17.704635620117188 0.4667510986328125 3.491703510284424 -0.3339796586219556 -0.41851408734911194 0.8445729964408651 -0.9079659098579269 0.38343492400114687 -0.16904308797493506 0 0 0 0 0 0
17.373016357421875 0.3673858642578125 3.266200542449951 -0.3283318089462176 0.1569751822718352 0.931427407469218 -0.9020164201366524 0.24051093425914458 -0.35849807294552083 0 0 0 0 0 0
17.043792724609375 0.1535186767578125 3.119229316711426 -0.31883363266409265 0.6640269255544222 0.6763234114097783 -0.903852973539149 0.0017757593705668932 -0.42783951302222706 0 0 0 0 0 0
16.716888427734375 -0.1222686767578125 3.117366313934326 -0.3090326845159825 0.9311035382873842 0.19376532427025903 -0.912492934533102 -0.23285995001549684 -0.3363523273383859 0 0 0 0 0 0
16.392196655273438 -0.3571014404296875 3.285398483276367 -0.30209463305017664 0.8890791157807068 -0.34391446402394305 -0.9238785187186153 -0.36196668419616557 -0.12421192447720458 0 0 0 0 0 0
16.068405151367188 -0.4458465576171875 3.5668206214904785 -0.29968121998371733 0.5654499393862833 -0.7684123453180064 -0.933590381510098 -0.33967666568629373 0.11414360402611991 0 0 0 0 0 0
15.700927734375 -0.3242950439453125 3.6899666786193848 -0.31440678684637113 0.05935658339395214 -0.94743082512273 -0.9407952880646389 -0.15268919850978294 0.3026387857063493 0 0 0 0 0 0
15.237945556640625 -0.502410888671875 3.888840675354004 -0.2772523171518657 -0.2598954370880106 -0.9249786561941595 -0.9523176626609129 -0.05328657516715596 0.3004190578026146 0 0 0 0 0 0
15.168869018554688 -0.5410003662109375 4.877396583557129 -0.31498086706587347 0.6868772547399925 0.6549707553038394 0.5146528003156658 -0.4562196966854431 0.7259449589903396 0 0 0 0 0 0
14.680267333984375 -0.3553466796875 6.838690757751465 -0.3254656897660073 0.9347029765982744 0.14283707615133662 -0.9297003616926856 -0.28879034744760457 -0.22859871541542331 0 0 0 0 0 0
14.34954833984375 -0.5079498291015625 7.040229320526123 -0.33287540054123393 0.838101369458046 -0.4321805898314509 -0.9188006137327224 -0.39137556375794075 -0.05128937801852274 0 0 0 0 0 0
14.01751708984375 -0.534942626953125 7.282533645629883 -0.3339427396519336 0.4185156267673479 -0.8445868319985192 -0.9079695127876037 -0.383447544855519 0.1689951010902876 0 0 0 0 0 0
13.686004638671875 -0.4355621337890625 7.508033752441406 -0.3283332672060842 -0.15697587946474226 -0.9314267759260783 -0.9020149909282384 -0.24051363196075468 0.35849985910984233 0 0 0 0 0 0
13.35662841796875 -0.2217254638671875 7.6550188064575195 -0.31883183326551273 -0.6640231779914788 -0.6763279390847675 -0.9038667902465934 -0.0017448998684967076 0.42781044963134035 0 0 0 0 0 0
13.02984619140625 0.0540924072265625 7.656858444213867 -0.3090562110347933 -0.9310976370215095 -0.19375615797640747 -0.9124886197044276 0.2328879611653512 0.3363446394015433 0 0 0 0 0 0
12.705093383789062 0.2889251708984375 7.488848686218262 -0.3020848826810535 -0.8890885668199663 0.3438985955272171 -0.9238796382422436 0.36195773445817225 0.12422967643557824 0 0 0 0 0 0
12.381332397460938 0.377655029296875 7.2074127197265625 -0.29968121998371733 -0.5654499393862833 0.7684123453180064 -0.9335820502599252 0.3397085331966197 -0.11411690455789433 0 0 0 0 0 0
12.014236450195312 0.259429931640625 7.06462287902832 -0.3104762990695613 -0.059699644679182144 0.948704601096278 -0.941279053639102 0.15858753334652215 -0.2980666661123687 0 0 0 0 0 0
11.551605224609375 0.42877197265625 6.880855560302734 -0.2806866334926751 0.25764576279009616 0.9245721576463668 -0.9540554280089576 0.030335037697609583 -0.29809063349010045 0 0 0 0 0 0
11.373565673828125 -0.03350830078125 6.746786594390869 -0.31497335165090573 0.6868990121324766 0.6549515515526494 -0.9479346384203174 -0.19348388682414255 -0.25295040387863515 0 0 0 0 0 0
11.008758544921875 -0.357391357421875 6.834267616271973 -0.3254656897660073 0.9347029765982744 0.14283707615133662 -0.9297077191857501 -0.2887991895855779 -0.22855761851477166 0 0 0 0 0 0
10.67803955078125 -0.510009765625 7.035809516906738 -0.33287557204087354 0.8381018012534943 -0.43217962038267105 -0.9188006363900086 -0.39137550838605417 -0.05128939466276627 0 0 0 0 0 0
10.34600830078125 -0.5370025634765625 7.27811336517334 -0.3339430758785935 0.4185160481453106 -0.8445864902528194 -0.907979767677391 -0.3834140536934827 0.16901599012768706 0 0 0 0 0 0
10.014511108398438 -0.4376068115234375 7.503604888916016 -0.32836606410587793 -0.15701146838519905 -0.9314092155111727 -0.902013259043616 -0.24046270846164491 0.3585383750016234 0 0 0 0 0 0
9.87420654296875 -0.2227630615234375 8.30402660369873 -0.3188313191531507 0.6640221072623708 0.676329232692113 0.8400929904469339 -0.13241094039052634 0.5260333737196 0 0 0 0 0 0
9.374832153320312 -0.12432861328125 10.17179012298584 -0.3090671882500103 0.9310925611955382 0.1937630399058746 -0.9124913918911615 -0.23290201282154074 -0.33632738834089293 0 0 0 0 0 0
9.050079345703125 -0.3591766357421875 10.339787483215332 -0.3020848826810535 0.8890885668199663 -0.3438985955272171 -0.9238795550315821 -0.36195783370146944 -0.12423000610474608 0 0 0 0 0 0
8.726318359375 -0.4478912353515625 10.621231079101562 -0.2996806709596125 0.5654489034666925 -0.7684133217361029 -0.933582333075042 -0.339707609529876 0.11411734047750483 0 0 0 0 0 0
8.35882568359375 -0.3263397216796875 10.744365692138672 -0.31440678832169594 0.059318436767803594 -0.9474332137500038 -0.9408000439357862 -0.15263997439179924 0.3026488320613414 0 0 0 0 0 0
7.8958587646484375 -0.5044708251953125 10.943242073059082 -0.2772523171518657 -0.2598954370880106 -0.9249786561941595 -0.9523177707037669 -0.05328575727921919 0.3004188603816147 0 0 0 0 0 0
7.7215118408203125 -0.0374298095703125 11.076735496520996 -0.31497335165090573 -0.6868990121324766 -0.6549515515526494 -0.947832269523802 0.19199065770328944 0.25446723994262493 0 0 0 0 0 0
7.3546600341796875 0.28509521484375 10.989944458007812 -0.3254660222659646 -0.9347039315029221 -0.14283006960493883 -0.9296997794178162 0.28879181550060806 0.22859922889267756 0 0 0 0 0 0
7.0239410400390625 0.4376983642578125 10.788420677185059 -0.3329093204541565 -0.8380907265243288 0.43217510162973805 -0.9188001659291758 0.39138483631194265 0.051226604353530415 0 0 0 0 0 0
6.691925048828125 0.4647064208984375 10.546102523803711 -0.33397130031523 -0.4185417598011083 0.8445625884849185 -0.9079739366129903 0.3834197930487287 -0.169034294538061 0 0 0 0 0 0
6.36041259765625 0.3653106689453125 10.320611953735352 -0.32836606410587793 0.15701146838519905 0.9314092155111727 -0.9020135436051746 0.24046173589598108 -0.35853831137373254 0 0 0 0 0 0
6.0310211181640625 0.1514892578125 10.173613548278809 -0.31879704944106946 0.6640301830346651 0.6763374581424699 -0.903867854408185 0.001795347889049463 -0.42780799255448915 0 0 0 0 0 0
5.7042388916015625 -0.12432861328125 10.17179012298584 -0.3090326845159825 0.9311035382873842 0.19376532427025903 -0.9124926778066472 -0.2328596811313494 -0.3363532099633665 0 0 0 0 0 0
5.379486083984375 -0.3591766357421875 10.339787483215332 -0.3020848826810535 0.8890885668199663 -0.3438985955272171 -0.9238795550315821 -0.36195783370146944 -0.12423000610474608 0 0 0 0 0 0
5.0557403564453125 -0.4478912353515625 10.621231079101562 -0.2996806709596125 0.5654489034666925 -0.7684133217361029 -0.9335906963039767 -0.33967561955201536 0.11414414245422644 0 0 0 0 0 0
4.688629150390625 -0.3296661376953125 10.764007568359375 -0.31047630364665246 0.05966149882090729 -0.9487069992533811 -0.941279157522905 -0.15857476600308526 0.29807313062407575 0 0 0 0 0 0
4.2254791259765625 -0.5003662109375 10.944182395935059 -0.2807217746435133 -0.25764300393291056 -0.9245622573766588 -0.9539826680800083 -0.030900200587911045 0.29826539626073906 0 0 0 0 0 0
4.0488739013671875 -0.0388031005859375 11.077427864074707 -0.31498160486746785 -0.6868788636603641 -0.6549687131854172 -0.947931039419595 0.19346997798313967 0.25297452860730846 0 0 0 0 0 0
3.6840667724609375 0.28509521484375 10.989945411682129 -0.3254660222659646 -0.9347039315029221 -0.14283006960493883 -0.9296997794178162 0.28879181550060806 0.22859922889267756 0 0 0 0 0 0
3.3533477783203125 0.4376983642578125 10.788419723510742 -0.33287540054123393 -0.838101369458046 0.4321805898314509 -0.9187955430537075 0.39138464688658636 0.051310897927291856 0 0 0 0 0 0
3.021331787109375 0.4647064208984375 10.54610538482666 -0.3339374080399008 -0.4185470917310705 0.8445733476229615 -0.9079766706074591 0.3834340290792373 -0.16898731010539408 0 0 0 0 0 0
2.6898193359375 0.3653106689453125 10.320610046386719 -0.32836730142701454 0.15697391326349497 0.9314151093407735 -0.902013714396699 0.240473980622768 -0.35852966918193957 0 0 0 0 0 0
2.3604278564453125 0.1514892578125 10.173614501953125 -0.31879704944106946 0.6640301830346651 0.6763374581424699 -0.9038561365514267 0.0018260565076598076 -0.42783261906493264 0 0 0 0 0 0
2.0336456298828125 -0.12432861328125 10.17179012298584 -0.3090326845159825 0.9311035382873842 0.19376532427025903 -0.9124812767439577 -0.23284774082148338 -0.33639240357958144 0 0 0 0 0 0
1.7089080810546875 -0.3591766357421875 10.339788436889648 -0.30208513036456136 0.8890892957957862 -0.3438964933144549 -0.9238796569869288 -0.36195755547851877 -0.12423005851133574 0 0 0 0 0 0
1.3851470947265625 -0.4478912353515625 10.621230125427246 -0.2996806709596125 0.5654489034666925 -0.7684133217361029 -0.9335906324025364 -0.33967586400667943 0.11414393764693871 0 0 0 0 0 0
1.01763916015625 -0.3263397216796875 10.744365692138672 -0.31440678832169594 0.059318436767803594 -0.9474332137500038 -0.9407947048248437 -0.15268155062126607 0.30264445719923777 0 0 0 0 0 0
0.5546722412109375 -0.5044708251953125 10.943242073059082 -0.2772171019191531 -0.2598981856853158 -0.9249884385661408 -0.9523177013243982 -0.053371942074776 0.30040378084069036 0 0 0 0 0 0
0.380340576171875 -0.0374298095703125 11.076735496520996 -0.31497335165090573 -0.6868990121324766 -0.6549515515526494 -0.9478343746100744 0.19202075291561174 0.2544366890942638 0 0 0 0 0 0
0.01348876953125 0.28509521484375 10.989944458007812 -0.3254660222659646 -0.9347039315029221 -0.14283006960493883 -0.9296997794178162 0.28879181550060806 0.22859922889267756 0 0 0 0 0 0
-0.317230224609375 0.4376983642578125 10.788420677185059 -0.3329093204541565 -0.8380907265243288 0.43217510162973805 -0.9188001659291758 0.39138483631194265 0.051226604353530415 0 0 0 0 0 0
-0.649261474609375 0.4647064208984375 10.546102523803711 -0.3339374080399008 -0.4185470917310705 0.8445733476229615 -0.9079662774769 0.3834678318541228 -0.1689664490300941 0 0 0 0 0 0
-0.991912841796875 0.3696746826171875 10.317083358764648 -0.32833399634050425 0.15697622806334088 0.9314264601513528 -0.901695836790741 0.2416010534939292 -0.35857153939607284 0 0 0 0 0 0
-1.1639251708984375 0.15362548828125 9.514138221740723 -0.31879000214124503 -0.6640536505055394 -0.6763177387774565 0.8319141583053253 0.14589507657703948 -0.5353816020762405 0 0 0 0 0 0
-1.6669769287109375 0.0540924072265625 7.646324157714844 -0.3090673310282914 -0.9310929913278866 -0.1937607452275535 -0.912487748226168 0.2328992023977403 0.3363392199248163 0 0 0 0 0 0
-1.991729736328125 0.2889251708984375 7.478315353393555 -0.302084387310714 -0.8890871088585443 0.3439027999372288 -0.9238795175426727 0.36195819165769644 0.124229241956186 0 0 0 0 0 0
-2.3155059814453125 0.377655029296875 7.1968889236450195 -0.29968121998371733 -0.5654499393862833 0.7684123453180064 -0.9335904773617446 0.3396762990073274 -0.11414391123557475 0 0 0 0 0 0
-2.6829833984375 0.2560882568359375 7.0737457275390625 -0.3144074985218568 -0.05931857075970484 0.9474329696797842 -0.9407951673816515 0.1526762255736508 -0.3026457056954787 0 0 0 0 0 0
-3.145965576171875 0.4342193603515625 6.874868392944336 -0.2772517057224872 0.2598948639360629 0.9249790005041341 -0.9523178234280123 0.0532870475828202 -0.3004184643813353 0 0 0 0 0 0
-3.320281982421875 -0.032806396484375 6.741366386413574 -0.3149811129996098 0.6868777910465028 0.6549700745992931 -0.9478325554313152 -0.1920296162132414 -0.2544367767472667 0 0 0 0 0 0
-3.687164306640625 -0.3553466796875 6.828155517578125 -0.3254656897660073 0.9347029765982744 0.14283707615133662 -0.9297003616926856 -0.28879034744760457 -0.22859871541542331 0 0 0 0 0 0
-4.0178680419921875 -0.5079498291015625 7.029700756072998 -0.3328752290413864 0.8381009376620742 -0.4321815592787324 -0.9188006064376576 -0.39137559160961227 -0.05128929617394683 0 0 0 0 0 0
-4.3498992919921875 -0.534942626953125 7.271998405456543 -0.3339430758785935 0.4185160481453106 -0.8445864902528194 -0.9079798885674468 -0.3834136604348794 0.16901623279724895 0 0 0 0 0 0
-4.681396484375 -0.4355621337890625 7.497504234313965 -0.3283680306187475 -0.15697426184899463 -0.9314147935181879 -0.9020133910247516 -0.24047399232653913 0.35853047489239204 0 0 0 0 0 0
-5.01080322265625 -0.2217254638671875 7.644486427307129 -0.31879000214124503 -0.6640536505055394 -0.6763177387774565 -0.9038567668045089 -0.0018212417599989565 0.42783130808783904 0 0 0 0 0 0
-5.3375701904296875 0.0540924072265625 7.646324157714844 -0.3090328272816903 -0.9311039684349458 -0.19376302956699548 -0.9124778895528767 0.23284520003821282 0.3364033500075364 0 0 0 0 0 0
-5.662322998046875 0.2889251708984375 7.478315353393555 -0.302084387310714 -0.8890871088585443 0.3439027999372288 -0.9238696156077266 0.36197000027560755 0.12426846847574927 0 0 0 0 0 0
-5.9860992431640625 0.377655029296875 7.1968889236450195 -0.299646498512687 -0.5654564032404277 0.7684211293057247 -0.933594040735061 0.33968335302670377 -0.11409376310963242 0 0 0 0 0 0
-6.353179931640625 0.259429931640625 7.05409049987793 -0.31044182889448807 -0.05970035171047847 0.9487158367384254 -0.9412797304652893 0.15866315625244048 -0.2980242806604961 0 0 0 0 0 0
-6.81634521484375 0.4301300048828125 6.873929500579834 -0.2806869428603624 0.2576460467625561 0.9245719845935906 -0.9539889095761048 0.030944970014629564 -0.29824079069870435 0 0 0 0 0 0
-6.85614013671875 0.4716339111328125 5.886336326599121 -0.31501547484361325 -0.6868695374223904 -0.6549622043829736 0.5360379000837773 0.44072801206346207 -0.720015408902034 0 0 0 0 0 0
-7.34124755859375 0.287139892578125 3.9250082969665527 -0.3254776273663275 -0.9346991122514952 -0.14283516247847772 -0.9297006922553412 0.28880751899269713 0.22857567629391906 0 0 0 0 0 0
-7.671966552734375 0.43975830078125 3.7234816551208496 -0.33287540054123393 -0.838101369458046 0.4321805898314509 -0.9188005983704929 0.3913755912781251 0.05128944321907354 0 0 0 0 0 0
-8.003997802734375 0.4667510986328125 3.481179714202881 -0.3339430758785935 -0.4185160481453106 0.8445864902528194 -0.9079798281224014 0.3834138570643332 -0.1690161114623857 0 0 0 0 0 0
-8.33551025390625 0.36737060546875 3.255674362182617 -0.3282999607833927 0.15697819412313047 0.9314381258674479 -0.90201672461185 0.24055062029840066 -0.3584706788491418 0 0 0 0 0 0
-8.664886474609375 0.153533935546875 3.1086907386779785 -0.31883209032194676 0.6640237133565599 0.6763272922787482 -0.9038672081630826 0.0017430395759650984 -0.4278095742506373 0 0 0 0 0 0
-8.991668701171875 -0.122283935546875 3.106851577758789 -0.3090562824165224 0.9310978520741662 0.19375501067521572 -0.9124884765323242 -0.23288831430850734 -0.33634478330168865 0 0 0 0 0 0
-9.31640625 -0.3571014404296875 3.2748637199401855 -0.3021291752239191 0.88906850476877 -0.3439115515750205 -0.923890011693782 -0.3619716815125334 -0.12411183696752102 0 0 0 0 0 0
-9.640167236328125 -0.4458465576171875 3.5562915802001953 -0.29968121998371733 0.5654499393862833 -0.7684123453180064 -0.9335987751197649 -0.33964455253530934 0.11417050857364394 0 0 0 0 0 0
-10.007659912109375 -0.3242950439453125 3.679431438446045 -0.3144064317483239 0.05935651635530114 -0.9474309471626147 -0.9408061398396322 -0.152605540391963 0.3026472472726748 0 0 0 0 0 0
-10.47064208984375 -0.502410888671875 3.878307342529297 -0.27725262286748087 -0.2598957236648524 -0.924978484038318 -0.9523121285584699 -0.0533276170162695 0.3004293179165484 0 0 0 0 0 0
-10.64495849609375 -0.0353851318359375 4.011812686920166 -0.3150167046188136 -0.6868722188624797 -0.6549588008157741 -0.947822107122412 0.19207579658196838 0.25444084109559434 0 0 0 0 0 0
-11.011871337890625 0.2871551513671875 3.925016403198242 -0.3254660776811044 -0.9347040906493321 -0.1428289018451181 -0.9297000164816286 0.2887924616519195 0.228597448470197 0 0 0 0 0 0
-11.34259033203125 0.43975830078125 3.7234883308410645 -0.3329434106006819 -0.8380805145390675 0.43216864357275797 -0.9187960641610662 0.39140063505126965 0.05117944278318232 0 0 0 0 0 0
-11.67462158203125 0.466766357421875 3.481175422668457 -0.3339350545811553 -0.41854414197674616 0.8445757399658305 -0.9079772654135518 0.3834330358244493 -0.1689863678838486 0 0 0 0 0 0
-12.006011962890625 0.3673553466796875 3.255671501159668 -0.3283665722382728 0.15697356467942528 0.931415425161255 -0.9020108414871575 0.2404848929873982 -0.35852957769822774 0 0 0 0 0 0
-12.175689697265625 0.15362548828125 2.4553165435791016 -0.318755603267889 -0.6640614578371723 -0.6763262863444637 0.8320758001954021 0.14567180657008305 -0.5351911691160364 0 0 0 0 0 0
-12.6788330078125 0.0540924072265625 0.5875115394592285 -0.3089870615404569 -0.9311191586593843 -0.193763020667087 -0.912492841568282 0.2328040267736083 0.3363912888358366 0 0 0 0 0 0
-13.003448486328125 0.288909912109375 0.4194755256175995 -0.3020495584814154 -0.8890968754137849 0.3439081423151051 -0.9238911709641019 0.36192575807285815 0.12423707119039672 0 0 0 0 0 0
-13.327239990234375 0.3776397705078125 0.13805946707725525 -0.29968857635424667 -0.5654256719351635 0.7684273334020817 -0.9335805735388243 0.3397063982465128 -0.11413533940590695 0 0 0 0 0 0
-13.694366455078125 0.259429931640625 -0.004738477524369955 -0.3104425328073096 -0.05970048707832877 0.9487155978831553 -0.9412794724334771 0.15866347281340973 -0.29802492709527445 0 0 0 0 0 0
-14.15704345703125 0.4287872314453125 -0.18849048018455505 -0.28068512533413637 0.25764437843255733 0.9245730012704574 -0.9540650534022755 0.030251269304340647 -0.2980683387781893 0 0 0 0 0 0
-14.3349609375 -0.0335235595703125 -0.32256248593330383 -0.31501688716384363 0.6868726168893399 0.6549582955953703 -0.9479225683491337 -0.19354439085256087 -0.2529493490481706 0 0 0 0 0 0
-14.6998291015625 -0.357391357421875 -0.23509052395820618 -0.32547752345065484 0.934698813828873 0.1428373521013542 -0.9296984527065736 -0.28880415010013893 -0.2285890415569817 0 0 0 0 0 0
-15.030548095703125 -0.510009765625 -0.03355452045798302 -0.3329434092606368 0.8380805111659247 -0.4321686511464784 -0.9187922949746445 -0.3914073901668676 -0.051195445285565355 0 0 0 0 0 0
-15.362548828125 -0.5370025634765625 0.20875343680381775 -0.3340143489093088 0.41850975581133243 -0.8445614240618793 -0.9079732067651171 -0.38338772180739544 0.16911094158570902 0 0 0 0 0 0
-15.694183349609375 -0.4376373291015625 0.43426546454429626 -0.32836648393827667 -0.15697352246817012 -0.9314154634049985 -0.9020115665371964 -0.24048254740277766 0.35852932687268996 0 0 0 0 0 0
-16.023406982421875 -0.2237548828125 0.581242561340332 -0.3188243837209606 -0.6640458090230297 -0.6763092309468354 -0.9038647147525488 -0.0017483757159536435 0.42781482046283714 0 0 0 0 0 0
-16.350250244140625 0.052032470703125 0.5830905437469482 -0.3090672953338673 -0.9310928837952398 -0.19376131889743192 -0.9124893278596791 0.23290060544639987 0.336333962788315 0 0 0 0 0 0
-16.674957275390625 0.2868804931640625 0.4150654971599579 -0.302120128387623 -0.8890800293346375 0.3438897053727636 -0.9238640891826146 0.3619945473270413 0.1242380474100771 0 0 0 0 0 0
-16.9989013671875 0.3756256103515625 0.133651465177536 -0.2996089626397123 -0.5654575570675395 0.768434916346964 -0.9335896221914202 0.33972172484192203 -0.11401564369379712 0 0 0 0 0 0
-17.36627197265625 0.2540283203125 0.010500463657081127 -0.31433381985498376 -0.05931906430515774 0.9474573860102287 -0.9408095777641381 0.15274738650449907 -0.30256499186672225 0 0 0 0 0 0
-17.8292236328125 0.4321746826171875 -0.18834951519966125 -0.2772520878655594 0.259895222155759 0.9249787853106669 -0.9523123941913275 0.05332708469471883 -0.3004285703916062 0 0 0 0 0 0
-17.867828369140625 0.4703521728515625 -1.1770985126495361 -0.3149452744419811 -0.6868828260177219 -0.6549820283248795 0.5358580399422502 0.44090301412073135 -0.7200421468001051 0 0 0 0 0 0
-18.35382080078125 0.2851104736328125 -3.138258457183838 -0.32553425888002285 -0.9346807997817201 -0.14282593887259556 -0.9297031400813182 0.2888900845448942 0.2284613542255691 0 0 0 0 0 0
-18.68463134765625 0.437713623046875 -3.339754581451416 -0.3328756577906153 -0.838102017151022 0.43217913565771915 -0.9188006938049711 0.39137539814022665 0.051289207384042114 0 0 0 0 0 0
-19.016632080078125 0.4647064208984375 -3.582071542739868 -0.3340083858028984 -0.4185404304510508 0.8445485813682901 -0.9079745895812921 0.3833932491170615 -0.16909098499372188 0 0 0 0 0 0
-19.3482666015625 0.365325927734375 -3.8075735569000244 -0.3282963541898781 0.15701461699343927 0.9314332578752154 -0.9020172499105794 0.24053955041320166 -0.35847678523269855 0 0 0 0 0 0
-19.677642822265625 0.1514892578125 -3.954549551010132 -0.31875277634064675 0.6640555685181879 0.6763334011381634 -0.9038706206314462 0.0018454297477698556 -0.4278019349516438 0 0 0 0 0 0
-20.0042724609375 -0.12432861328125 -3.9563655853271484 -0.3090672953338673 0.9310928837952398 0.19376131889743192 -0.9124679269668737 -0.2328781909170018 -0.3364075362592235 0 0 0 0 0 0
-20.73583984375 1.57818603515625 -4.322027683258057 0.9792992712085581 0 0.2024177299803234 -0.038217374097086046 -0.9820146987802115 0.1848960889168124 0 0 0 0 0 0
-17.391876220703125 0.6123046875 -3.9968864917755127 0 1 0 0 0 1 0 0 0 0 0 0
-17.795379638671875 0.6123046875 -4.1360626220703125 0 1 0 0 0 1 0 0 0 0 0 0
-18.247283935546875 0.6123046875 -4.719215393066406 0 1 0 0 0 1 0 0 0 0 0 0
-17.918914794921875 0.6123046875 -5.3798394203186035 0 1 0 0 0 1 0 0 0 0 0 0
-20.426666259765625 0.2261505126953125 -6.649421691894531 0.9596545812551351 0 0.2811815866589264 -0.19760634010968225 -0.7114158736617272 0.6744176666210474 0 0 0 0 0 0
-20.301055908203125 -0.5157318115234375 -6.6359663009643555 0.3090673310282914 0.9310929913278866 0.1937607452275535 0.9371609992602803 -0.2634895349145127 -0.2286974561642673 0 0 0 0 0 0
-19.750030517578125 -0.61505126953125 -6.8616557121276855 0.31883209032194676 0.6640237133565599 0.6763272922787482 0.9357676843021041 -0.3339230667973582 -0.11328824509420524 0 0 0 0 0 0
-19.420684814453125 -0.530029296875 -7.11667537689209 0.32836693683226975 0.15697373897128136 0.9314152672512772 0.9284011492177547 -0.23520224633231276 -0.28766509946704777 0 0 0 0 0 0
-19.08905029296875 -0.3315582275390625 -7.27415132522583 0.33401455908669825 -0.41851001915716834 0.844561210441958 0.9179719372154549 -0.05892020494748157 -0.392244734743313 0 0 0 0 0 0
-18.756256103515625 -0.0902252197265625 -7.305257320404053 0.3328651012489515 -0.8381135846367996 0.4321648338513669 0.9076475336026568 0.160497674523608 -0.3878355981824363 0 0 0 0 0 0
-18.4246826171875 0.13507080078125 -7.209621429443359 0.3254657451837524 -0.9347031357521665 -0.1428359083950949 0.9020053131875119 0.3522291124011361 -0.24964187821478695 0 0 0 0 0 0
-18.095703125 0.2837066650390625 -6.999545574188232 0.3150174424854751 -0.686873827729894 -0.654956758656321 0.904136411122763 0.4270463633093808 -0.01299052217128294 0 0 0 0 0 0
-17.657012939453125 0.378082275390625 -6.811498641967773 0.2772495682482188 -0.2599310068854379 -0.9249694852078629 0.917361270298598 0.3578073650756015 0.17441957818375156 0 0 0 0 0 0
-17.339569091796875 0.412628173828125 -6.692935466766357 0.31440217209439675 0.05931756583435901 -0.9474348001661178 0.9411027782307544 -0.15027185030989887 0.30289260771896526 0 0 0 0 0 0
-17.055145263671875 0.021087646484375 -6.415038585662842 0.2996782003674016 0.5654442418592152 -0.768417715551127 0.9379778812196281 -0.027449538579544994 0.3456067377446617 0 0 0 0 0 0
-16.7305908203125 -0.3005828857421875 -6.413300514221191 0.30218949390305727 0.8890596483714411 -0.3438814496483687 0.9371441566640676 -0.21105066236650605 0.27788207488978667 0 0 0 0 0 0
-16.40606689453125 -0.5341644287109375 -6.5901875495910645 0.30899825093841987 0.9311147294944385 0.19376646106975243 0.9389114637536959 -0.3311157653957124 0.09384888458742544 0 0 0 0 0 0
-16.079437255859375 -0.61505126953125 -6.8616557121276855 0.31883209032194676 0.6640237133565599 0.6763272922787482 0.9357676843021041 -0.3339230667973582 -0.11328824509420524 0 0 0 0 0 0
-15.750091552734375 -0.530029296875 -7.11667537689209 0.32836693683226975 0.15697373897128136 0.9314152672512772 0.9284011492177547 -0.23520224633231276 -0.28766509946704777 0 0 0 0 0 0
-15.41845703125 -0.3315582275390625 -7.27415132522583 0.3339467744075596 -0.4185206833476509 0.844582730981993 0.9179802431951759 -0.05901341492428837 -0.3922112822985843 0 0 0 0 0 0
-15.205169677734375 -0.81988525390625 -8.457037925720215 0.3328757435403051 0.8381022330484188 -0.4321786509323927 -0.31656267626504886 -0.3323969362058266 -0.8884257699981973 0 0 0 0 0 0
-14.737579345703125 -0.207366943359375 -10.281331062316895 0.3255459489833534 0.9346762177162087 0.14282927968820125 0.9020029751465336 -0.3523000615432615 0.24955019427645478 0 0 0 0 0 0
-14.408599853515625 -0.35601806640625 -10.491430282592773 0.31493653029685087 0.6869019017751203 0.6549662275433017 0.9041325565663599 -0.42705036951266756 0.01312638776939101 0 0 0 0 0 0
-13.968719482421875 -0.4395751953125 -10.662233352661133 0.2806151105969858 0.2576501436884233 0.9245926471489899 0.9180138382340112 -0.3532499803633206 -0.18018058770070788 0 0 0 0 0 0
-13.648162841796875 -0.4888153076171875 -10.791926383972168 0.3104432378747036 -0.05966247530548494 0.9487177583972447 0.9441907343805348 0.13498013912200174 -0.3004733251930219 0 0 0 0 0 0
-13.369873046875 -0.087921142578125 -11.071013450622559 0.2997582230287367 -0.5654131307879785 0.7684093956083505 0.9371107587503954 0.02355544914390429 -0.3482363660646133 0 0 0 0 0 0
-13.042388916015625 0.230316162109375 -11.073284149169922 0.3020494733467508 -0.8890966248159536 0.3439088649509193 0.9371645052459283 0.21086453410498343 -0.2779547415746722 0 0 0 0 0 0
-12.718048095703125 0.4639129638671875 -10.89633560180664 0.3089870615404569 -0.9311191586593843 -0.193763020667087 0.9389260776388988 0.3310934001567173 -0.0937815605665456 0 0 0 0 0 0
-12.39154052734375 0.5447845458984375 -10.624861717224121 0.31883286149226076 -0.6640253194539104 -0.6763253518513034 0.9357654836873328 0.33393253638476145 0.1132785093610096 0 0 0 0 0 0
-12.06201171875 0.459808349609375 -10.369889259338379 0.3283646057516046 -0.15701077105873656 -0.9314098472000036 0.928402505557429 0.23521017346827977 0.28765424031588677 0 0 0 0 0 0
-11.7303466796875 0.2613067626953125 -10.212376594543457 0.33393539078792467 0.4185445633681871 -0.8445753982056602 0.9179999052206801 0.05894143218616716 0.3921760849244457 0 0 0 0 0 0
-11.39776611328125 0.01995849609375 -10.181305885314941 0.3328651012489515 0.8381135846367996 -0.4321648338513669 0.9076252843221765 -0.16045231457239437 0.3879064294484557 0 0 0 0 0 0
-11.066131591796875 -0.2053070068359375 -10.2769136428833 0.3254776273663275 0.9346991122514952 0.14283516247847772 0.9019826613501362 -0.35224342748644116 0.24970351702835553 0 0 0 0 0 0
-10.7371826171875 -0.3539581298828125 -10.487006187438965 0.315016950574239 0.6868727551513378 0.6549581200975508 0.9041363944438269 -0.4270463986876068 0.01299052000739256 0 0 0 0 0 0
-10.298370361328125 -0.448333740234375 -10.675008773803711 0.2772523171518657 0.2598954370880106 0.9249786561941595 0.9173702668330407 -0.35777077731021806 -0.1744473113393212 0 0 0 0 0 0
-9.981048583984375 -0.4828338623046875 -10.793618202209473 0.3144074985218568 -0.05931857075970484 0.9474329696797842 0.9411000306703902 0.15028045853812455 -0.30289687362823975 0 0 0 0 0 0
-9.696533203125 -0.091339111328125 -11.071508407592773 0.29968121998371733 -0.5654499393862833 0.7684123453180064 0.9379618168006681 0.027382577890333163 -0.3456556446119022 0 0 0 0 0 0
-9.371856689453125 0.2303314208984375 -11.073273658752441 0.3020497210108662 -0.8890973538267565 0.34390676273594484 0.9371624691290913 0.21086085186690653 -0.2779643998893158 0 0 0 0 0 0
-9.047515869140625 0.4639129638671875 -10.896332740783691 0.30899832231479146 -0.9311149445752382 -0.193765313705253 0.9389114206090887 0.33111573964912944 -0.09384940706489947 0 0 0 0 0 0
-8.720855712890625 0.5447998046875 -10.624878883361816 0.31876380653304287 -0.6640403997511581 -0.676343095730922 0.9357668896366741 0.33398012894617485 0.11312648553190914 0 0 0 0 0 0
-8.391510009765625 0.4597930908203125 -10.369874954223633 0.32836606410587793 -0.15701146838519905 -0.9314092155111727 0.9284003048246409 0.2352200422150633 0.28765327347669467 0 0 0 0 0 0
-8.059783935546875 0.261322021484375 -10.21237850189209 0.3339427396519336 0.4185156267673479 -0.8445868319985192 0.9179996023256483 0.05894169497700934 0.39217675444012384 0 0 0 0 0 0
-7.72711181640625 0.0199737548828125 -10.181293487548828 0.33287540054123393 0.838101369458046 -0.4321805898314509 0.9076482971488498 -0.16050711614288873 0.38782990388865907 0 0 0 0 0 0
-7.3955078125 -0.2053070068359375 -10.276914596557617 0.3254660222659646 0.9347039315029221 0.14283006960493883 0.9020057724177004 -0.3522277257988375 0.24964217533046545 0 0 0 0 0 0
-7.0665283203125 -0.3539581298828125 -10.487000465393066 0.3149384974411353 0.6869061922750148 0.6549607819127498 0.9041382704549029 -0.42703872579287533 0.013111619732688332 0 0 0 0 0 0
-6.626617431640625 -0.4375152587890625 -10.657825469970703 0.2806893920431477 0.2576101473861615 0.9245812442171473 0.9180134374016391 -0.3531969857241658 -0.18028648874885375 0 0 0 0 0 0
-6.307037353515625 -0.488739013671875 -10.791946411132812 0.3104411266990221 -0.05970021667288886 0.9487160750103539 0.9447637554417789 0.12973019186192558 -0.30098425826447217 0 0 0 0 0 0
-6.0286865234375 -0.087921142578125 -11.071008682250977 0.29968121998371733 -0.5654499393862833 0.7684123453180064 0.9371196389371275 0.02345219409286615 -0.3482194378701145 0 0 0 0 0 0
-5.7012786865234375 0.2303314208984375 -11.073273658752441 0.302084387310714 -0.8890871088585443 0.3439027999372288 0.9371580050957682 0.21090737623251996 -0.27794415290780033 0 0 0 0 0 0
-5.3769378662109375 0.4639129638671875 -10.896332740783691 0.3090328272816903 -0.9311039684349458 -0.19376302956699548 0.9389123050368005 0.331137023830667 -0.09376542485932898 0 0 0 0 0 0
-5.0502777099609375 0.5447998046875 -10.624878883361816 0.31879807758095685 -0.6640323245724202 -0.6763348709431105 0.9357673274732767 0.3339513838447304 0.11320769435736776 0 0 0 0 0 0
-4.720916748046875 0.4597930908203125 -10.369874954223633 0.32836606410587793 -0.15701146838519905 -0.9314092155111727 0.9283930045496724 0.23526029853447725 0.2876439136096931 0 0 0 0 0 0
-4.389190673828125 0.261322021484375 -10.21237850189209 0.3339427396519336 0.4185156267673479 -0.8445868319985192 0.9179907299256186 0.05897928159876497 0.39219187155361085 0 0 0 0 0 0
-4.2061920166015625 0.7502899169921875 -9.028496742248535 0.3329093204541565 -0.8380907265243288 0.43217510162973805 -0.3340901146205495 0.3237555636125599 0.8851927080261913 0 0 0 0 0 0
-3.7414093017578125 0.137115478515625 -7.205200672149658 0.32547729483080123 -0.9346981572836723 -0.1428421692643001 0.9019970084825226 0.35224259325497903 -0.24965286336348635 0 0 0 0 0 0
-3.4124603271484375 0.2857513427734375 -6.995117664337158 0.31501547484361325 -0.6868695374223904 -0.6549622043829736 0.9041481929528352 0.4270223608665631 -0.012959494591596071 0 0 0 0 0 0
-2.97369384765625 0.380126953125 -6.807101249694824 0.27721649055450426 -0.2598976125151834 -0.9249887828366095 0.9173539212964306 0.35784372489525457 0.17438363350713765 0 0 0 0 0 0
-2.6563720703125 0.414642333984375 -6.688498497009277 0.3144074985218568 0.05931857075970484 -0.9474329696797842 0.9411054478766505 -0.15023748132558448 0.3029013621326812 0 0 0 0 0 0
-2.3718414306640625 0.0231475830078125 -6.410605430603027 0.29968094547150065 0.565449421426178 -0.7684128335277255 0.9379617810213305 -0.027381592157050723 0.34565581978933674 0 0 0 0 0 0
-2.047210693359375 -0.29852294921875 -6.4088454246521 0.302084387310714 0.8890871088585443 -0.3439027999372288 0.9371579360275533 -0.2109072155130235 0.27794450774411744 0 0 0 0 0 0
-1.72283935546875 -0.5321044921875 -6.585779666900635 0.3090671882500103 0.9310925611955382 0.1937630399058746 0.9389132079968285 -0.33115841793154527 0.0936807882235221 0 0 0 0 0 0
-1.3961944580078125 -0.6129913330078125 -6.857240676879883 0.3187978205457321 0.6640317891874546 0.6763355177452972 0.9357650948877152 -0.3339613962280712 -0.11319661222484949 0 0 0 0 0 0
-1.0668182373046875 -0.5279693603515625 -7.112237453460693 0.32836766602250705 0.15697408755606607 0.9314149514297437 0.9283936740556971 -0.23524233474271117 -0.2876564442493205 0 0 0 0 0 0
-0.722564697265625 -0.3336181640625 -7.262604713439941 0.3339377442504567 -0.41854751312725735 0.8445730058555654 0.9189113063638259 -0.05503774214324232 -0.3906057577359828 0 0 0 0 0 0
-0.388885498046875 -0.0902252197265625 -7.294710636138916 0.33287557204087354 -0.8381018012534943 0.43217962038267105 0.907648122236044 0.1605074607794721 -0.38783017061016517 0 0 0 0 0 0
-0.0572662353515625 0.13507080078125 -7.199090480804443 0.3254997948256132 -0.9346913714534162 -0.14283530270565242 0.9020035545383507 0.35225995141399463 -0.24960471596103917 0 0 0 0 0 0
0.271697998046875 0.2837066650390625 -6.989016532897949 0.3150077128347453 -0.6868907586601185 -0.6549436819467377 0.9041485802153179 0.42702083816320796 -0.01298262951086456 0 0 0 0 0 0
0.7104339599609375 0.3780670166015625 -6.800986289978027 0.2772520114368678 -0.25989515051174744 -0.9249788283494316 0.9173542647508499 0.35782115437483103 0.17442813541768706 0 0 0 0 0 0
1.027801513671875 0.4125823974609375 -6.682385444641113 0.3143717000723263 0.05935716118341702 -0.9474424318183566 0.9411292363235656 -0.15015183478257302 0.30286991770139415 0 0 0 0 0 0
1.312286376953125 0.0211029052734375 -6.404494285583496 0.2996868605405833 0.5654224346910037 -0.7684303845940935 0.9379619723444053 -0.027382933361343564 0.3456551943719658 0 0 0 0 0 0
1.559234619140625 1.297515869140625 -5.602901458740234 0.3020850065229459 -0.8890889313082839 0.34389754442148235 -0.07067902617806723 0.3388693134261879 0.9381748577299351 0 0 0 0 0 0
1.9777984619140625 0.46185302734375 -3.831404447555542 0.30903272020755557 -0.931103645824715 -0.1937647505947413 0.9389187473351269 0.3311306210527453 -0.09372351734681991 0 0 0 0 0 0
2.304443359375 0.542755126953125 -3.5599405765533447 0.3187891025870588 -0.66405177669445 -0.6763200026176085 0.9357673593642369 0.33396116585044094 0.1131785706408127 0 0 0 0 0 0
2.633819580078125 0.457733154296875 -3.304941415786743 0.32836766602250705 -0.15697408755606607 -0.9314149514297437 0.928393603370919 0.23524272449673936 0.287656353643218 0 0 0 0 0 0
2.965545654296875 0.2592620849609375 -3.1474525928497314 0.33393723993482555 0.41854688103323123 -0.8445735185062723 0.9179909647557688 0.0589745913863675 0.39219202719788165 0 0 0 0 0 0
3.2982025146484375 0.017913818359375 -3.116363525390625 0.3328651012489515 0.8381135846367996 -0.4321648338513669 0.9076356389631337 -0.16047342314724278 0.3878734682179104 0 0 0 0 0 0
3.62982177734375 -0.207366943359375 -3.211975574493408 0.3254659945582318 0.9347038519292491 0.14283065348462545 0.9019940726421182 -0.3522298190371818 0.24968149210448012 0 0 0 0 0 0
3.958770751953125 -0.3560028076171875 -3.422067403793335 0.31501572079839646 0.6868700737098483 0.6549615236727226 0.9041481986162133 -0.4270223486315393 0.012959502623975742 0 0 0 0 0 0
4.398712158203125 -0.4395904541015625 -3.5928874015808105 0.2806867881764407 0.2576459047762545 0.9245720711200501 0.9180086967171353 -0.35322080830830654 -0.1802639546047229 0 0 0 0 0 0
4.71826171875 -0.4907989501953125 -3.7270233631134033 0.3104759479407858 -0.05969957716271407 0.9487047202564471 0.9447480704981568 0.12977364636679595 -0.30101475711113557 0 0 0 0 0 0
4.9966278076171875 -0.0899658203125 -4.006085395812988 0.29968039644805283 -0.5654483855078268 0.7684138099431387 0.9371202299529922 0.023452493845592844 -0.3482178271502962 0 0 0 0 0 0
5.32403564453125 0.228271484375 -4.008333683013916 0.3020848826810535 -0.8890885668199663 0.3438985955272171 0.9371592404051329 0.21091236075801306 -0.2779362052751612 0 0 0 0 0 0
5.64837646484375 0.46185302734375 -3.8314034938812256 0.30903272020755557 -0.931103645824715 -0.1937647505947413 0.938918767478666 0.33113060070460737 -0.09372338744064256 0 0 0 0 0 0
5.97503662109375 0.542755126953125 -3.559941530227661 0.3187891025870588 -0.66405177669445 -0.6763200026176085 0.9357673352227592 0.3339612730087391 0.11317845404704346 0 0 0 0 0 0
6.304412841796875 0.457733154296875 -3.3049404621124268 0.32833399634050425 -0.15697622806334088 -0.9314264601513528 0.9283916007494118 0.23531174423150492 0.2876063606471036 0 0 0 0 0 0
6.636138916015625 0.2592620849609375 -3.147453546524048 0.33393723993482555 0.41854688103323123 -0.8445735185062723 0.9179916532214281 0.05897167519427819 0.392190854228614 0 0 0 0 0 0
6.8191375732421875 0.74822998046875 -1.963565468788147 0.3328754434161633 -0.8381014774069572 0.43218034746939643 -0.3341601422739296 0.32373322458469117 0.8851744453018655 0 0 0 0 0 0
7.2839202880859375 0.13507080078125 -0.14027252793312073 0.3254658767991566 -0.9347035137376623 -0.14283313497163014 0.9019938849646313 0.3522304071750971 -0.24968134040748236 0 0 0 0 0 0
7.612884521484375 0.2837066650390625 0.069814532995224 0.31497279834309744 -0.6868978054698021 -0.6549530831629762 0.904149344483126 0.4270177280753866 -0.013031606964177819 0 0 0 0 0 0
8.051605224609375 0.3780670166015625 0.2578354775905609 0.27725212607991967 -0.2598952579777783 -0.9249787637912712 0.9173660445461559 0.3577841165981516 0.17444215724365647 0 0 0 0 0 0
8.368972778320312 0.4125823974609375 0.3764384686946869 0.3144063448811921 0.05935649995573101 -0.9474309770170353 0.9411133733404655 -0.15018963327251722 0.30290046645259006 0 0 0 0 0 0
8.653472900390625 0.0211029052734375 0.654328465461731 0.29968746107390554 0.5654235677237052 -0.7684293166828507 0.9379543213006752 -0.027348559159211697 0.3456786766135643 0 0 0 0 0 0
8.978134155273438 -0.300567626953125 0.656078577041626 0.30208494460203433 0.8890887490642271 -0.34389806997451133 0.9371593923735658 -0.21091297813743975 0.27793522435849094 0 0 0 0 0 0
9.302474975585938 -0.534149169921875 0.4791555106639862 0.3090672373302203 0.9310927090540628 0.19376225111056045 0.9389131759291179 -0.3311584028242224 0.09368116302441587 0 0 0 0 0 0
9.629135131835938 -0.61505126953125 0.20769450068473816 0.3187976277694241 0.6640313876489609 0.6763360028459104 0.935767390993445 -0.33395127927593926 -0.11320747777105976 0 0 0 0 0 0
9.958511352539062 -0.530029296875 -0.04731049761176109 0.3283342726148746 0.1569763601499023 0.9314263405017863 0.9283914554832795 -0.23531211547628147 -0.2876065258225467 0 0 0 0 0 0
10.29022216796875 -0.3315582275390625 -0.2048024833202362 0.33393778627681425 -0.41854756580182845 0.8445729631345683 0.9179904970748789 -0.058975179754766606 -0.3921930334071604 0 0 0 0 0 0
10.622879028320312 -0.0902252197265625 -0.23589250445365906 0.33287542197870024 -0.8381014234325057 0.4321804686504354 0.9076480913974083 0.16050678424047066 -0.3878305227743493 0 0 0 0 0 0
10.954498291015625 0.13507080078125 -0.14027252793312073 0.3254999818737167 -0.9346919085727974 -0.14283136157284096 0.9020041326502267 0.35225897062876266 -0.24960401097233365 0 0 0 0 0 0
11.283462524414062 0.2837066650390625 0.069814532995224 0.31500715947987334 -0.6868895520409396 -0.6549452135663097 0.9041485614222485 0.4270208780251075 -0.01298262718962159 0 0 0 0 0 0
11.723403930664062 0.367279052734375 0.24062952399253845 0.2806864014673192 -0.25764554981112725 -0.9245722874355736 0.9180132388971621 0.3532063981856806 0.1802690586047436 0 0 0 0 0 0
12.043624877929688 0.4210357666015625 0.37883850932121277 0.3104758180679058 0.05969955219022884 -0.9487047643304796 0.9453833069383089 -0.12362030349088655 0.30160972054495927 0 0 0 0 0 0
12.322235107421875 0.0197296142578125 0.6582474708557129 0.2996809969425163 0.5654495185436506 -0.7684127419885055 0.9371198564214952 -0.023452539908595648 0.3482188292904218 0 0 0 0 0 0
12.571914672851562 1.299560546875 1.4603404998779297 0.30209457112227184 -0.8890789335238878 0.343914989586783 -0.0707296551829877 0.33887175253311935 0.9381701611183486 0 0 0 0 0 0
12.990493774414062 0.4639129638671875 3.231842517852783 0.30903275589903123 -0.9311037533617522 -0.1937641769190248 0.9389187661096774 0.3311305675112865 -0.0937235184291249 0 0 0 0 0 0
13.317123413085938 0.5447998046875 3.503302574157715 0.3187978205457321 -0.6640317891874546 -0.6763355177452972 0.9357714810226327 0.3339330439831622 0.1132274588642177 0 0 0 0 0 0
13.646514892578125 0.4597930908203125 3.7583017349243164 0.32836730142701454 -0.15697391326349497 -0.9314151093407735 0.928393585205411 0.23524339170839936 0.28765586663054843 0 0 0 0 0 0
13.978225708007812 0.261322021484375 3.915797710418701 0.3339420672002366 0.41851478401345626 -0.8445875154868219 0.9179910777153648 0.05897952243080759 0.39219102127511446 0 0 0 0 0 0
14.310882568359375 0.0199737548828125 3.9468836784362793 0.33290897742801406 0.838089862964761 -0.4321770405094911 0.907645478753768 -0.1605524899678309 0.387817718603693 0 0 0 0 0 0
14.642486572265625 -0.2053070068359375 3.8512625694274902 0.3255001273521553 0.9346923263224963 0.14282829624262364 0.9020044263607014 -0.3522582339613451 0.24960398921518978 0 0 0 0 0 0
14.971466064453125 -0.3539581298828125 3.6411757469177246 0.3149811129996098 0.6868777910465028 0.6549700745992931 0.9041371111933505 -0.4270433873717272 0.013039534693549971 0 0 0 0 0 0
15.410186767578125 -0.4483184814453125 3.4531493186950684 0.2772523171518657 0.2598954370880106 0.9249786561941595 0.9173660107049574 -0.3577841434893111 -0.17444228005530218 0 0 0 0 0 0
15.727554321289062 -0.4828338623046875 3.3345603942871094 0.3144074985218568 -0.05931857075970484 0.9474329696797842 0.9411105461657763 0.15019702103015123 -0.3029055872202141 0 0 0 0 0 0
16.012054443359375 -0.091339111328125 3.0566673278808594 0.2997159402639733 -0.5654434749310011 0.7684035605133782 0.9379572317012145 0.027431823517894006 -0.34566418176877595 0 0 0 0 0 0
16.336715698242188 0.2303314208984375 3.054905414581299 0.3020842634674367 -0.8890867443661508 0.3439038510364999 0.9371581500821475 0.21090718611976092 -0.2779438083096141 0 0 0 0 0 0
16.661087036132812 0.4639129638671875 3.231842517852783 0.30903275589903123 -0.9311037533617522 -0.1937641769190248 0.9389123077858963 0.3311370902505989 -0.09376516276597202 0 0 0 0 0 0
16.987701416015625 0.5447998046875 3.503300666809082 0.31883363266409265 -0.6640269255544222 -0.6763234114097783 0.9357587417595946 0.333962171210223 0.11324683404428555 0 0 0 0 0 0
17.317153930664062 0.4597930908203125 3.758312702178955 0.3283318089462176 -0.1569751822718352 -0.931427407469218 0.9283921276951035 0.23531223963914846 0.28760425433182796 0 0 0 0 0 0
17.648727416992188 0.2613067626953125 3.9157943725585938 0.3340135502371565 0.41850875509957103 -0.8445622358139026 0.9179907680113024 0.05884298331021028 0.3922122552409266 0 0 0 0 0 0
17.83184814453125 0.7502899169921875 5.0996832847595215 0.3328647582827771 -0.8381127210899492 0.4321667727169104 -0.33412817154214275 0.32373701121665177 0.8851851289704397 0 0 0 0 0 0
18.296585083007812 0.137115478515625 6.922977447509766 0.32551145624637134 -0.934686710529543 -0.14283922784665584 0.9019917487115835 0.35227349659746043 -0.24962826132314936 0 0 0 0 0 0
18.62554931640625 0.2857666015625 7.133063316345215 0.3150167046188136 -0.6868722188624797 -0.6549588008157741 0.9041426415338212 0.4270336700743818 -0.012974142863736113 0 0 0 0 0 0
19.065521240234375 0.369354248046875 7.3038835525512695 0.2806499445444789 -0.257647101461657 -0.92458292204409 0.9179975347856205 0.3532799264546659 0.180204938033644 0 0 0 0 0 0
19.385086059570312 0.420562744140625 7.437990188598633 0.3104024426188948 0.05970011339542466 -0.948728738932682 0.944780442859052 -0.12968857333111314 0.30094981099577717 0 0 0 0 0 0
19.66339111328125 0.01971435546875 7.7170562744140625 0.29964430262839103 0.5654522594348365 -0.7684250348618161 0.9371324239897355 -0.023435068562162004 0.34818618219080655 0 0 0 0 0 0
19.990692138671875 -0.29852294921875 7.719300270080566 0.30212029094325127 0.889080507703833 -0.3438883257999023 0.9371532627226806 -0.21095853251097918 0.27792131931366565 0 0 0 0 0 0
20.904296875 1.3952178955078125 8.016772270202637 -0.9111588655554066 0 -0.41205524110219055 -0.3169906451558907 -0.63889780005975 0.7009468824115447 0 0 0 0 0 0
18.569671630859375 0.6123046875 7.1037492752075195 0 1 0 0 0 1 0 0 0 0 0 0
18.973312377929688 0.6123046875 7.242937088012695 0 1 0 0 0 1 0 0 0 0 0 0
19.425079345703125 0.6123046875 7.826078414916992 0 1 0 0 0 1 0 0 0 0 0 0
19.096725463867188 0.6123046875 8.486701965332031 0 1 0 0 0 1 0 0 0 0 0 0
20.644973754882812 0.2393341064453125 10.506706237792969 -0.8721251255065239 0 -0.4892829094299433 0.3118133698295924 -0.7706270024549138 -0.5557935277446727 0 0 0 0 0 0
20.277359008789062 -0.3448638916015625 10.419044494628906 -0.3020841396238825 0.8890863798729423 -0.3439049021344782 -0.9484351721805279 -0.24397927019689408 0.2023483132746191 0 0 0 0 0 0
19.738967895507812 -0.4458465576171875 10.625651359558105 -0.29964430262839103 0.5654522594348365 -0.7684250348618161 -0.933603023896771 -0.33964962282032196 0.11412067073417721 0 0 0 0 0 0
19.371917724609375 -0.327606201171875 10.768430709838867 -0.3104425310929542 0.05970048674864504 -0.9487155984648797 -0.9412861484104764 -0.15861389983899304 0.29803022931984047 0 0 0 0 0 0
18.908676147460938 -0.498321533203125 10.948610305786133 -0.2806496352126449 -0.2576468174835128 -0.9245830950734644 -0.9539958810364969 -0.03099107502449949 0.2982137022911993 0 0 0 0 0 0
18.73223876953125 -0.036712646484375 11.081851959228516 -0.3150164586635167 -0.6868716825739019 -0.6549594815324029 -0.9479206238775228 0.19351258175209218 0.25298097069006553 0 0 0 0 0 0
18.36737060546875 0.2871551513671875 10.99437141418457 -0.3255001273521553 -0.9346923263224963 -0.14282829624262364 -0.9296946181759712 0.2888326334340259 0.2285686478898646 0 0 0 0 0 0
18.036636352539062 0.43975830078125 10.79284381866455 -0.3328757435403051 -0.8381022330484188 0.4321786509323927 -0.9187956191257943 0.3913844810389567 0.05131080078419081 0 0 0 0 0 0
17.704635620117188 0.4667510986328125 10.55052661895752 -0.3339793223654106 -0.4185136659818298 0.8445733382121356 -0.907965925773676 0.38343500682282466 -0.16904281462615475 0 0 0 0 0 0
17.373016357421875 0.3673858642578125 10.325024604797363 -0.3283318089462176 0.1569751822718352 0.931427407469218 -0.9020164912785865 0.240510691140321 -0.35849805705006665 0 0 0 0 0 0
17.043792724609375 0.1535186767578125 10.178053855895996 -0.3188338897217073 0.664027460921962 0.6763227645928076 -0.9038532182393558 0.0017743532128008568 -0.4278390019026266 0 0 0 0 0 0
16.716888427734375 -0.1222686767578125 10.176190376281738 -0.3090326845159825 0.9311035382873842 0.19376532427025903 -0.912492934533102 -0.23285995001549684 -0.3363523273383859 0 0 0 0 0 0
16.392196655273438 -0.3571014404296875 10.344221115112305 -0.30209463305017664 0.8890791157807068 -0.34391446402394305 -0.9238784771211037 -0.3619667338134924 -0.12421208928595803 0 0 0 0 0 0
16.068405151367188 -0.4458465576171875 10.62564468383789 -0.29968121998371733 0.5654499393862833 -0.7684123453180064 -0.9335904134606143 -0.33967654346019993 0.11414370642909082 0 0 0 0 0 0
15.700927734375 -0.3242950439453125 10.74878978729248 -0.31440678684637113 0.05935658339395214 -0.94743082512273 -0.940795341744911 -0.15268878054904403 0.30263882970551226 0 0 0 0 0 0
15.237945556640625 -0.502410888671875 10.947664260864258 -0.2772523171518657 -0.2598954370880106 -0.9249786561941595 -0.9523176626609129 -0.05328657516715596 0.3004190578026146 0 0 0 0 0 0
15.063613891601562 -0.0353851318359375 11.081168174743652 -0.3149811129996098 -0.6868777910465028 -0.6549700745992931 -0.9478325554313152 0.1920296162132414 0.2544367767472667 0 0 0 0 0 0
14.696762084960938 0.287139892578125 10.994362831115723 -0.3254776273663275 -0.9346991122514952 -0.14283516247847772 -0.9297077148788815 0.28881595958193984 0.22853644432661468 0 0 0 0 0 0
14.36602783203125 0.43975830078125 10.792839050292969 -0.33287505754133084 -0.8381005058655786 0.4321825287245155 -0.9187917766728593 0.3913914224712998 0.05132665520198493 0 0 0 0 0 0
14.034027099609375 0.4667510986328125 10.550522804260254 -0.3339427396519336 -0.4185156267673479 0.8445868319985192 -0.9079801462546135 0.38341295672430364 -0.1690164448311992 0 0 0 0 0 0
13.702499389648438 0.36737060546875 10.325030326843262 -0.3283332672060842 0.15697587946474226 0.9314267759260783 -0.9020158446407189 0.24051071452156966 -0.35849966836444136 0 0 0 0 0 0
13.373123168945312 0.153533935546875 10.178048133850098 -0.31878948811002855 0.6640525797558187 0.6763190324027472 -0.9038681684313103 0.0017928928085653001 -0.427807339385389 0 0 0 0 0 0
13.04632568359375 -0.122283935546875 10.176206588745117 -0.30902170826745307 0.9311086133934405 0.19375844209739468 -0.9124782465439407 -0.23283342310299573 -0.3364105329359302 0 0 0 0 0 0
12.721603393554688 -0.3571014404296875 10.344221115112305 -0.30209463305017664 0.8890791157807068 -0.34391446402394305 -0.9238784771211037 -0.3619667338134924 -0.12421208928595803 0 0 0 0 0 0
12.397811889648438 -0.4458465576171875 10.62564468383789 -0.29968121998371733 0.5654499393862833 -0.7684123453180064 -0.9335820502599252 -0.3397085331966197 0.11411690455789433 0 0 0 0 0 0
12.030715942382812 -0.3276214599609375 10.768441200256348 -0.31044182889448807 0.05970035171047847 -0.9487158367384254 -0.9412854420171626 -0.15862074241332022 0.2980288186112244 0 0 0 0 0 0
11.565567016601562 -0.500244140625 10.944703102111816 -0.2807217746435133 -0.25764300393291056 -0.9245622573766588 -0.9538989299068907 -0.031664608476050043 0.2984529847271548 0 0 0 0 0 0
11.390060424804688 -0.0388031005859375 11.077427864074707 -0.31501547484361325 -0.6868695374223904 -0.6549622043829736 -0.9479235456339481 0.19354964161000066 0.25294166889898745 0 0 0 0 0 0
11.025253295898438 0.28509521484375 10.989944458007812 -0.3254660222659646 -0.9347039315029221 -0.14283006960493883 -0.9296997794178162 0.28879181550060806 0.22859922889267756 0 0 0 0 0 0
10.694534301757812 0.4376983642578125 10.788420677185059 -0.3329093204541565 -0.8380907265243288 0.43217510162973805 -0.9188001659291758 0.39138483631194265 0.051226604353530415 0 0 0 0 0 0
10.362503051757812 0.4647064208984375 10.546102523803711 -0.3339374080399008 -0.4185470917310705 0.8445733476229615 -0.9079662774769 0.3834678318541228 -0.1689664490300941 0 0 0 0 0 0
10.030990600585938 0.3653106689453125 10.320611953735352 -0.3283320299821987 0.1570134350420274 0.9314208819347307 -0.9020151052811969 0.24050041342546777 -0.358508439212706 0 0 0 0 0 0
9.861404418945312 0.1515655517578125 9.520251274108887 -0.3187975635106759 -0.6640312538028401 -0.6763361645459193 0.8319437574292495 0.1458553478431095 -0.5353464317430983 0 0 0 0 0 0
9.35833740234375 0.052032470703125 7.652436256408691 -0.3090328272816903 -0.9311039684349458 -0.19376302956699548 -0.9124781463606856 0.23284546896737332 0.3364024672851429 0 0 0 0 0 0
9.033584594726562 0.286865234375 7.484429359436035 -0.3020848826810535 -0.8890885668199663 0.3438985955272171 -0.9238797214523474 0.3619576352153563 0.12422934676814451 0 0 0 0 0 0
8.7098388671875 0.3755950927734375 7.2029829025268555 -0.29968713506990696 -0.5654229526484421 0.7684298964068934 -0.9335893353525099 0.33967329722705875 -0.11416218317357742 0 0 0 0 0 0
8.342330932617188 0.2540435791015625 7.07984733581543 -0.31440678832169594 -0.059318436767803594 0.9474332137500038 -0.9407999366044907 0.1526408103229654 -0.30264874410599346 0 0 0 0 0 0
7.879364013671875 0.432159423828125 6.880969524383545 -0.2772520114368678 0.25989515051174744 0.9249788283494316 -0.9523122352779383 0.053328498409481104 -0.30042882318001163 0 0 0 0 0 0
7.7050323486328125 -0.0348663330078125 6.7474775314331055 -0.31497335165090573 0.6868990121324766 0.6549515515526494 -0.9478343569582401 -0.1920205004550273 -0.254436945380501 0 0 0 0 0 0
7.3381805419921875 -0.357391357421875 6.834267616271973 -0.3254997948256132 0.9346913714534162 0.14283530270565242 -0.9297023337261285 -0.28883973994520895 -0.22852828116575538 0 0 0 0 0 0
7.0074462890625 -0.510009765625 7.035809516906738 -0.33287557204087354 0.8381018012534943 -0.43217962038267105 -0.9187918293187626 -0.39139128377525 -0.05132677042094116 0 0 0 0 0 0
6.6754150390625 -0.5370025634765625 7.27811336517334 -0.3339430758785935 0.4185160481453106 -0.8445864902528194 -0.9079693759989542 -0.38344785525769715 0.16899513172379327 0 0 0 0 0 0
6.3439178466796875 -0.4376068115234375 7.503604888916016 -0.32836606410587793 -0.15701146838519905 -0.9314092155111727 -0.902013259043616 -0.24046270846164491 0.3585383750016234 0 0 0 0 0 0
6.0145263671875 -0.223785400390625 7.650600433349609 -0.3187975635106759 -0.6640312538028401 -0.6763361645459193 -0.9038561060452567 -0.001824606958241389 0.42783268969791666 0 0 0 0 0 0
5.687744140625 0.052032470703125 7.652436256408691 -0.3090328272816903 -0.9311039684349458 -0.19376302956699548 -0.9124781463606856 0.23284546896737332 0.3364024672851429 0 0 0 0 0 0
5.3629913330078125 0.286865234375 7.484429359436035 -0.3020502163357735 -0.8890988118385795 0.34390255829048244 -0.9238819507642865 0.3619363379752514 0.12427480961579153 0 0 0 0 0 0
5.03924560546875 0.3755950927734375 7.2029829025268555 -0.29968713506990696 -0.5654229526484421 0.7684298964068934 -0.9335893353525099 0.33967329722705875 -0.11416218317357742 0 0 0 0 0 0
4.6721343994140625 0.25738525390625 7.06020450592041 -0.31044182889448807 -0.05970035171047847 0.9487158367384254 -0.9412853866097486 0.15862115393097753 -0.2980287745848403 0 0 0 0 0 0
4.208984375 0.428070068359375 6.880030632019043 -0.2806866334926751 0.25764576279009616 0.9245721576463668 -0.9539888831229251 0.030946217798704385 -0.2982407458444086 0 0 0 0 0 0
4.1691741943359375 0.469573974609375 5.892435550689697 -0.31501596675330806 -0.686870609997586 -0.6549608429608771 0.5361668524641648 0.4406312744223378 -0.7199786012928557 0 0 0 0 0 0
3.6840667724609375 0.28509521484375 3.931122303009033 -0.3254660222659646 -0.9347039315029221 -0.14283006960493883 -0.9296998351032913 0.2887918824139831 0.2285989178904866 0 0 0 0 0 0
3.3533477783203125 0.4376983642578125 3.72959566116333 -0.33287540054123393 -0.838101369458046 0.4321805898314509 -0.9187955430537075 0.39138464688658636 0.051310897927291856 0 0 0 0 0 0
3.021331787109375 0.4647064208984375 3.487281322479248 -0.3339374080399008 -0.4185470917310705 0.8445733476229615 -0.907976610164089 0.3834342256824296 -0.16898718877549773 0 0 0 0 0 0
2.6898193359375 0.3653106689453125 3.261786460876465 -0.32836766602250705 0.15697408755606607 0.9314149514297437 -0.902013908414141 0.24047277074652734 -0.35852999254864876 0 0 0 0 0 0
2.3604278564453125 0.1514892578125 3.114790439605713 -0.31879704944106946 0.6640301830346651 0.6763374581424699 -0.9038562232206733 0.0018258293909687061 -0.4278324369333113 0 0 0 0 0 0
2.0336456298828125 -0.12432861328125 3.112966537475586 -0.30903275589903123 0.9311037533617522 0.1937641769190248 -0.912481454551809 -0.23284843019736257 -0.33639144408507066 0 0 0 0 0 0
1.7089080810546875 -0.3591766357421875 3.2809643745422363 -0.30208513036456136 0.8890892957957862 -0.3438964933144549 -0.9238796569869288 -0.36195755547851877 -0.12423005851133574 0 0 0 0 0 0
1.3851470947265625 -0.4478912353515625 3.562406539916992 -0.29968039644805283 0.5654483855078268 -0.7684138099431387 -0.9335906460214848 -0.33967589096044276 0.11414374604601092 0 0 0 0 0 0
1.01763916015625 -0.3263397216796875 3.6855416297912598 -0.31440678832169594 0.059318436767803594 -0.9474332137500038 -0.9407946511435541 -0.1526819685757839 0.3026444132170658 0 0 0 0 0 0
0.5546722412109375 -0.5044708251953125 3.884418487548828 -0.27721679623652007 -0.25989789909996025 -0.9249886107016598 -0.9523176465531475 -0.05337320056881282 0.3004037308764919 0 0 0 0 0 0
0.380340576171875 -0.0374298095703125 4.017911434173584 -0.31497335165090573 -0.6868990121324766 -0.6549515515526494 -0.9478343746100744 0.19202075291561174 0.2544366890942638 0 0 0 0 0 0
0.01348876953125 0.28509521484375 3.931121349334717 -0.3254660222659646 -0.9347039315029221 -0.14283006960493883 -0.9296998351032913 0.2887918824139831 0.2285989178904866 0 0 0 0 0 0
-0.317230224609375 0.4376983642578125 3.7295966148376465 -0.3329093204541565 -0.8380907265243288 0.43217510162973805 -0.9188001812687304 0.39138480882471455 0.051226539233000495 0 0 0 0 0 0
-0.649261474609375 0.4647064208984375 3.4872794151306152 -0.3339374080399008 -0.4185470917310705 0.8445733476229615 -0.9079662774769 0.3834678318541228 -0.1689664490300941 0 0 0 0 0 0
-0.991912841796875 0.3696746826171875 3.2582592964172363 -0.32833363177292035 0.1569760537638628 0.9314266180389785 -0.9016957133303151 0.2416020185750411 -0.3585711995994657 0 0 0 0 0 0
-1.1639251708984375 0.15362548828125 2.4553146362304688 -0.3187892310946732 -0.6640520443814851 -0.6763196792130458 0.8319157213708894 0.14589480982853656 -0.5353792459565909 0 0 0 0 0 0
-1.6669769287109375 0.0540924072265625 0.5874994993209839 -0.3090672417920484 -0.9310927224957193 -0.19376217940187687 -0.9124877346709871 0.23289855929776795 0.3363397020157369 0 0 0 0 0 0
-1.991729736328125 0.2889251708984375 0.4194914996623993 -0.30208444149206076 -0.8890872683237101 0.34390234008089116 -0.92387947223676 0.36195821143261697 0.12422952127423947 0 0 0 0 0 0
-2.3155059814453125 0.377655029296875 0.1380614936351776 -0.29968073958755376 -0.5654490329565057 0.7684131996841344 -0.9335905411335054 0.33967619339205746 -0.11414370393819573 0 0 0 0 0 0
-2.6829833984375 0.256103515625 0.01491746585816145 -0.3144069664763355 -0.05935661730613662 0.9474307633875529 -0.9407953882819999 0.15268798227198987 -0.30263908778779697 0 0 0 0 0 0
-3.145965576171875 0.4342193603515625 -0.18396052718162537 -0.2772518967939027 0.2598950430457979 0.9249788929075117 -0.9523177731884234 0.053286899953129054 -0.3004186498252527 0 0 0 0 0 0
-3.320281982421875 -0.032806396484375 -0.3174555003643036 -0.31498147997909587 0.6868785913168948 0.6549690588575132 -0.9478324473854722 -0.19203042090087055 -0.25443657192294644 0 0 0 0 0 0
-3.687164306640625 -0.3553466796875 -0.2306635081768036 -0.3254658767991566 0.9347035137376623 0.14283313497163014 -0.9297001211714677 -0.2887912777800047 -0.22859851830655092 0 0 0 0 0 0
-4.0178680419921875 -0.5079498291015625 -0.029125479981303215 -0.33287527124644634 0.8381010439244128 -0.43218132070395454 -0.918800594850999 -0.3913756087281508 -0.05128937311100775 0 0 0 0 0 0
-4.3498992919921875 -0.534942626953125 0.21317443251609802 -0.3339428657368676 0.4185157847840044 -0.8445867038440027 -0.907979822952946 -0.38341395797681044 0.16901591031288646 0 0 0 0 0 0
-4.681396484375 -0.4355621337890625 0.438680499792099 -0.32836766602250705 -0.15697408755606607 -0.9314149514297437 -0.9020133837514321 -0.24047456394559047 0.35853010979340355 0 0 0 0 0 0
-5.01080322265625 -0.2217254638671875 0.5856624841690063 -0.3187973546698169 -0.6640308188030996 -0.6763366900702728 -0.9038569851224901 -0.0018229246829721054 0.42783083969120683 0 0 0 0 0 0
-5.3375701904296875 0.0540924072265625 0.5874994993209839 -0.30903273805330556 -0.9311036995932702 -0.1937644637569079 -0.9124778759352241 0.23284455680110316 0.33640383216729214 0 0 0 0 0 0
-5.662322998046875 0.2889251708984375 0.4194914996623993 -0.30208444149206076 -0.8890872683237101 0.34390234008089116 -0.9238695702772377 0.36197002005197876 0.12426874787862893 0 0 0 0 0 0
-5.9860992431640625 0.377655029296875 0.1380614936351776 -0.29964601816120084 -0.5654554967795645 0.7684219836534566 -0.9335941044698297 0.3396832474549627 -0.1140935558987773 0 0 0 0 0 0
-6.353179931640625 0.259429931640625 -0.004731503780931234 -0.3104419622708214 -0.059700377359773335 0.9487157914805374 -0.9412797136621337 0.15866297798424986 -0.29802442863849476 0 0 0 0 0 0
-6.81634521484375 0.4301300048828125 -0.18489953875541687 -0.2806866721636019 0.2576457982866224 0.924572136014801 -0.9539888947353545 0.03094598576119866 -0.29824073277619906 0 0 0 0 0 0
-6.85614013671875 0.4716339111328125 -1.1724904775619507 -0.3150156593096886 -0.6868699396379575 -0.6549616938504347 0.5360395119515182 0.4407262309432117 -0.7200152991328511 0 0 0 0 0 0
-7.34124755859375 0.287139892578125 -3.133814573287964 -0.3254776273663275 -0.9346991122514952 -0.14283516247847772 -0.9297006087474994 0.2888074186317297 0.22857614275730118 0 0 0 0 0 0
-7.671966552734375 0.43975830078125 -3.335341453552246 -0.33287540054123393 -0.838101369458046 0.4321805898314509 -0.9188006137327224 0.39137556375794075 0.05128937801852274 0 0 0 0 0 0
-8.003997802734375 0.4667510986328125 -3.5776445865631104 -0.3339430758785935 -0.4185160481453106 0.8445864902528194 -0.9079797072324155 0.383414250322328 -0.1690158687931529 0 0 0 0 0 0
-8.33551025390625 0.36737060546875 -3.803149461746216 -0.3282999607833927 0.15697819412313047 0.9314381258674479 -0.902016866901719 0.24055013410834764 -0.35847064706229814 0 0 0 0 0 0
-8.664886474609375 0.153533935546875 -3.950132369995117 -0.31883209032194676 0.6640237133565599 0.6763272922787482 -0.903867294806818 0.0017428124652320548 -0.4278093921167645 0 0 0 0 0 0
-8.991668701171875 -0.122283935546875 -3.951972484588623 -0.30905624672570653 0.9310977445479846 0.19375558432591095 -0.9124884839418929 -0.2328880705190647 -0.33634493200185583 0 0 0 0 0 0
-9.31640625 -0.3571014404296875 -3.7839605808258057 -0.3021292990911555 0.8890688692700088 -0.3439105004585277 -0.9238900003037245 -0.36197161690783775 -0.124112110174268 0 0 0 0 0 0
-9.640167236328125 -0.4458465576171875 -3.502532482147217 -0.29968121998371733 0.5654499393862833 -0.7684123453180064 -0.9335987910956975 -0.33964449140610353 0.1141705597872833 0 0 0 0 0 0
-10.007659912109375 -0.3242950439453125 -3.3793914318084717 -0.31440625419958396 0.05935648283602919 -0.947431008182402 -0.9408061737552389 -0.15260570732576145 0.3026470576688815 0 0 0 0 0 0
-10.47064208984375 -0.502410888671875 -3.180513381958008 -0.2772523171518657 -0.2598954370880106 -0.9249786561941595 -0.9523121278777654 -0.053328466667905514 0.30042916925587076 0 0 0 0 0 0
-10.64495849609375 -0.0353851318359375 -3.047015428543091 -0.31501707355199987 -0.6868730232958719 -0.6549577797378414 -0.947822003921157 0.1920766834424341 0.2544405560452919 0 0 0 0 0 0
-11.011871337890625 0.2871551513671875 -3.1338064670562744 -0.32553425888002285 -0.9346807997817201 -0.14282593887259556 -0.929689155558964 0.2888732713662813 0.2285395088955156 0 0 0 0 0 0
-11.34259033203125 0.43975830078125 -3.335334539413452 -0.3329434106006819 -0.8380805145390675 0.43216864357275797 -0.9187960564996033 0.39140064878252123 0.05117947531383499 0 0 0 0 0 0
-11.67462158203125 0.466766357421875 -3.577648401260376 -0.33393539078792467 -0.4185445633681871 0.8445753982056602 -0.9079772495199471 0.3834329530279607 -0.16898664114790174 0 0 0 0 0 0
-12.006011962890625 0.3673553466796875 -3.803152561187744 -0.32836638994155476 0.15697347753363128 0.9314155041160466 -0.9020108511836432 0.24048513321617085 -0.35852939216884316 0 0 0 0 0 0
-12.175689697265625 0.15362548828125 -4.6035075187683105 -0.31875598875954836 -0.6640622609294181 -0.6763253161306563 0.8320750190730817 0.14567194020325822 -0.5351923471724436 0 0 0 0 0 0
-12.6788330078125 0.0540924072265625 -6.471310615539551 -0.3089870615404569 -0.9311191586593843 -0.193763020667087 -0.9124900621485663 0.23280111639592735 0.33640084227735767 0 0 0 0 0 0
-13.003448486328125 0.288909912109375 -6.639347553253174 -0.30204959717894697 -0.8890969893217626 0.3439078138440785 -0.9238911816931663 0.36192572080043856 0.1242370999850203 0 0 0 0 0 0
-13.327239990234375 0.3776397705078125 -6.920760631561279 -0.2996887822527487 -0.5654260604060898 0.7684269672555184 -0.9335805074094118 0.33970659190751273 -0.11413530391499388 0 0 0 0 0 0
-13.694366455078125 0.259429931640625 -7.063563346862793 -0.3104425310929542 -0.05970048674864504 0.9487155984648797 -0.9412794378317979 0.15866373361886307 -0.29802489753236583 0 0 0 0 0 0
-14.15704345703125 0.4287872314453125 -7.24731969833374 -0.28068477729965663 0.25764405896736625 0.9245731959510086 -0.954065093287851 0.03025203892516427 -0.29806813300068613 0 0 0 0 0 0
-14.3349609375 -0.0335235595703125 -7.381384372711182 -0.3150174424854751 0.686873827729894 0.654956758656321 -0.9479183480641556 -0.19348517862911926 -0.2530104564127349 0 0 0 0 0 0
-14.6998291015625 -0.357391357421875 -7.293920516967773 -0.3254773502544746 0.9346983164480939 0.14284100146815445 -0.9296987594523788 -0.2888033896736589 -0.22858875472278298 0 0 0 0 0 0
-15.030548095703125 -0.510009765625 -7.092373371124268 -0.3328757435403051 0.8381022330484188 -0.4321786509323927 -0.9188006897715353 -0.39137539797420995 -0.05128928090624602 0 0 0 0 0 0
-15.362579345703125 -0.5370025634765625 -6.85006856918335 -0.33394643817494857 0.4185202619622299 -0.8445830727390478 -0.9079578570002256 -0.38348397268237105 0.16897506504601295 0 0 0 0 0 0
-15.694183349609375 -0.4376373291015625 -6.6245574951171875 -0.32836693683226975 -0.15697373897128136 -0.9314152672512772 -0.9020113912622457 -0.24048246728557612 0.3585298215788887 0 0 0 0 0 0
-16.023406982421875 -0.2237701416015625 -6.477580547332764 -0.31883234737854943 -0.6640242487219921 -0.6763266454711644 -0.9038650040574053 -0.001748052056901371 0.4278142105567712 0 0 0 0 0 0
-16.350250244140625 0.052032470703125 -6.475735664367676 -0.3090673310282914 -0.9310929913278866 -0.1937607452275535 -0.9124892883599347 0.23290081562898307 0.3363339244080715 0 0 0 0 0 0
-16.674957275390625 0.2868804931640625 -6.643758296966553 -0.30212016709138734 -0.8890801432321925 0.3438893769032368 -0.9238640895120026 0.36199452246051395 0.12423811741467619 0 0 0 0 0 0
-16.9989013671875 0.3756256103515625 -6.925177574157715 -0.29960875679634147 -0.5654571685755245 0.7684352824782981 -0.9335897042238667 0.339721470344113 -0.11401573029379353 0 0 0 0 0 0
-17.36627197265625 0.2540283203125 -7.0483293533325195 -0.31433377339602225 -0.059319055537720225 0.9474574019726327 -0.9408097004179468 0.15274654472648994 -0.3025650354446324 0 0 0 0 0 0
-17.8292236328125 0.432159423828125 -7.247178554534912 -0.2772492625423141 0.2599307202756368 0.9249696573816526 -0.9523124012512579 0.05332244586230233 -0.30042937138423215 0 0 0 0 0 0
-17.867828369140625 0.4703521728515625 -8.235915184020996 -0.3149452744419811 -0.6868828260177219 -0.6549820283248795 0.5358476502790079 0.44091067665272277 -0.7200451867099065 0 0 0 0 0 0
-18.35382080078125 0.2851104736328125 -10.19708251953125 -0.3255458381239292 -0.9346758994272922 -0.14283161523266016 -0.9297015968758829 0.2889026627938307 0.22845172837399907 0 0 0 0 0 0
-18.68463134765625 0.437713623046875 -10.398578643798828 -0.33287540054123393 -0.838101369458046 0.4321805898314509 -0.9188006598191479 0.39137548119779525 0.051289182417863406 0 0 0 0 0 0
-19.016632080078125 0.4647064208984375 -10.640893936157227 -0.3340085539362327 -0.4185406411361746 0.8445484104625066 -0.9079744606963175 0.38339360114102583 -0.16909087890051244 0 0 0 0 0 0
-19.3482666015625 0.365325927734375 -10.866397857666016 -0.32829580739664493 0.1570143554781072 0.9314334946841774 -0.9020170655072322 0.2405410001862713 -0.3584762764299889 0 0 0 0 0 0
-19.677642822265625 0.1514892578125 -11.013372421264648 -0.31875316182952373 0.6640563716046373 0.676332430950169 -0.9038706844539769 0.0018441155913375118 -0.4278018057727026 0 0 0 0 0 0
-20.0042724609375 -0.12432861328125 -11.015189170837402 -0.3090673310282914 0.9310929913278866 0.1937607452275535 -0.9124680479744781 -0.23287856924190994 -0.33640694614333805 0 0 0 0 0 0
-20.357666015625 -0.3464202880859375 -10.82861328125 -0.3021188047026013 0.8890761339903445 -0.3439009389545985 -0.9363014819467137 -0.3445235597477945 -0.06813994190704706 0 0 0 0 0 0
-20.691986083984375 -0.4458465576171875 -10.529053688049316 -0.29968176900913623 0.5654509753083536 -0.7684113688945436 -0.9335789154772038 -0.33972036413951306 0.1141073300245197 0 0 0 0 0 0
-21.059112548828125 -0.3276214599609375 -10.386265754699707 -0.31051147034102616 0.05969907261470589 -0.9486931261032717 -0.9412788531577588 -0.15850671768769833 0.29811028336152146 0 0 0 0 0 0
-21.52435302734375 -0.500274658203125 -10.210002899169922 -0.28068539602816667 -0.257644626905985 -0.9245728498517504 -0.953905513469182 -0.03171100289233457 0.29842701564814594 0 0 0 0 0 0
-21.69970703125 -0.0387725830078125 -10.077282905578613 -0.315017934397225 -0.6868749003095704 -0.6549553972087133 -0.9479222258479446 0.19354619644636442 0.2529492510062518 0 0 0 0 0 0
-22.0645751953125 0.28509521484375 -10.16474723815918 -0.3255458381239292 -0.9346758994272922 -0.14283161523266016 -0.9296874464478052 0.28888564847120235 0.22853081635685896 0 0 0 0 0 0
-21.976078033447266 1.3848053216934204 -10.111660957336426 -0.8846295413892025 -0.22332907193133394 0.40933445998574125 -0.3175646634119753 0.9313480095067476 -0.17816725215330145 0 0 0 0 0 0
-22.3208065032959 1.6211655139923096 -10.449271202087402 -0.5163691740073545 -0.01224928998603894 0.8562784775000479 -0.3175715271123356 0.9313422995427463 -0.1781848653785403 0 0 0 0 0 0
-22.783246994018555 1.8547322750091553 -10.591691970825195 0.04807938685748333 0.20346836029973642 0.9779003011127182 -0.3175935764340891 0.9313384641774811 -0.17816561214593396 0 0 0 0 0 0
-23.23472785949707 2.1346824169158936 -10.511209487915039 0.5942544132578895 0.34187497830938857 0.7279994447315714 -0.3175150243448964 0.9313601107571947 -0.1781924616969134 0 0 0 0 0 0
-23.550750732421875 2.492568254470825 -10.264760971069336 0.9146483265173005 0.3504426529639847 0.20151522469199593 -0.31758060523279047 0.9313395964166682 -0.1781828143408111 0 0 0 0 0 0
-23.658288955688477 2.9303345680236816 -9.972389221191406 0.8875727711037736 0.2258318148288698 -0.4015153389426951 -0.3175773988996702 0.931338788460104 -0.17819275186658293 0 0 0 0 0 0
-23.56348419189453 3.41957950592041 -9.771544456481934 0.5232864204859291 0.015430748017500311 -0.8520171442821112 -0.31757820449908347 0.9313408048730047 -0.17818077675675942 0 0 0 0 0 0
-23.349409103393555 3.9123356342315674 -9.76490306854248 -0.039792320805939606 -0.20083201000167286 -0.9788171815837546 -0.3175711427334423 0.9313431694054648 -0.1781810037707706 0 0 0 0 0 0
-23.14439582824707 4.359308242797852 -9.981393814086914 -0.5877922907677833 -0.34075654837827307 -0.7337473663675307 -0.3174868542183261 0.9313683359317062 -0.17819966392324071 0 0 0 0 0 0
-23.073383331298828 4.728611469268799 -10.365142822265625 -0.9124353359880714 -0.3512840280475842 -0.20990781138156728 -0.317579392535112 0.931345363026271 -0.1781548321165974 0 0 0 0 0 0
-23.21033477783203 5.017824649810791 -10.796735763549805 -0.8904648769438764 -0.22829403668098017 0.3936421417292996 -0.31756073304053906 0.9313378477401233 -0.17822736657862243 0 0 0 0 0 0
-23.55029296875 5.255010604858398 -11.138599395751953 -0.5301615884615365 -0.01860276750720053 0.8476925310282105 -0.31755909130069815 0.931349706029915 -0.17816831539380396 0 0 0 0 0 0
-24.011075973510742 5.487947940826416 -11.287239074707031 0.03148997196485953 0.19817606372373212 0.9796604664028347 -0.31758211157980454 0.9313372396759667 -0.178192447643731 0 0 0 0 0 0
-24.464698791503906 5.766064167022705 -11.212557792663574 0.5812487598673354 0.33964709756185985 0.7394523164278338 -0.3175414941267878 0.9313522125195302 -0.17818657565232981 0 0 0 0 0 0
-24.785818099975586 6.121600151062012 -10.969320297241211 0.9101505889959663 0.3520905930782706 0.218307397071394 -0.31754670065027707 0.9313471129048787 -0.17820395110622678 0 0 0 0 0 0
-24.899459838867188 6.557394027709961 -10.676319122314453 0.8932575151117432 0.23080074927436423 -0.38577457903649626 -0.3175842008756072 0.9313425813767295 -0.17816080227909897 0 0 0 0 0 0
-24.809476852416992 7.045798301696777 -10.471260070800781 0.5370243997754677 0.02176784422953987 -0.8432858086102228 -0.3175714594855535 0.9313401475073304 -0.1781962338581808 0 0 0 0 0 0
-24.597091674804688 7.539175510406494 -10.458419799804688 -0.02326931456008132 -0.19551350155294556 -0.9804249128364755 -0.31756566608736286 0.9313435520923201 -0.1781887642320624 0 0 0 0 0 0
-24.3900146484375 7.987986087799072 -10.66907787322998 -0.5746852729895937 -0.338508899266862 -0.7450829229864376 -0.3175735058066849 0.931341598603103 -0.17818500251443234 0 0 0 0 0 0
-24.313932418823242 8.359624862670898 -11.049582481384277 -0.9077933628871606 -0.3528996212806851 -0.22665627632600263 -0.3175738063463272 0.9313467517655146 -0.17815753000794105 0 0 0 0 0 0
-24.44478416442871 8.650826454162598 -11.481742858886719 -0.8960111245833907 -0.23321046512721372 0.37785836444090526 -0.3175575968075056 0.9313432490547048 -0.17820472819223487 0 0 0 0 0 0
-24.779870986938477 8.888855934143066 -11.827775001525879 -0.5438115419630501 -0.024940868335914752 0.8388366705827901 -0.31756496221297925 0.9313447786426331 -0.17818360774710382 0 0 0 0 0 0
-25.238903045654297 9.121194839477539 -11.98259449005127 0.014953479505219415 0.19283599000975077 0.9811170543862983 -0.3176167691942697 0.9313224259136874 -0.1782081000315042 0 0 0 0 0 0
-25.69454574584961 9.39751148223877 -11.91376781463623 0.5681122503807371 0.3372834188581654 0.7506586216987601 -0.3174873301108201 0.9313682943100017 -0.17819903359216466 0 0 0 0 0 0
-26.02068519592285 9.750697135925293 -11.673830032348633 0.9053637571334776 0.35366583882904523 0.23502540652980689 -0.3175565541272375 0.931345132064563 -0.1781967449491628 0 0 0 0 0 0
-26.14046287536621 10.184521675109863 -11.380313873291016 0.8986771714718189 0.23564746639814896 -0.3699319032680804 -0.3175527311849029 0.9313539140266162 -0.1781576541839034 0 0 0 0 0 0
-26.055368423461914 10.67204761505127 -11.171119689941406 0.5505538632183992 0.028126364875789046 -0.834325686584184 -0.3175809806579346 0.9313422971320675 -0.1781680282685659 0 0 0 0 0 0
-25.844776153564453 11.165983200073242 -11.152125358581543 -0.006718788051611468 -0.19011213728578552 -0.9817393916634639 -0.3175786983394337 0.931340950742811 -0.17817913410528166 0 0 0 0 0 0
-25.63570785522461 11.616570472717285 -11.356902122497559 -0.5614620435016625 -0.3360704167745562 -0.7561858559083959 -0.3174776955345103 0.931370839263867 -0.17820289730253208 0 0 0 0 0 0
-25.55464744567871 11.990579605102539 -11.734054565429688 -0.9028566511082748 -0.3544462324067859 -0.2433469454959014 -0.3176188501033774 0.9313384481813577 -0.1781206360816986 0 0 0 0 0 0
-25.67935562133789 12.283774375915527 -12.166675567626953 -0.901285037289386 -0.23808514461772276 0.3619402512440806 -0.3175761990729873 0.9313431162874263 -0.17817226924069832 0 0 0 0 0 0
-26.009506225585938 12.522683143615723 -12.516790390014648 -0.5573042060690442 -0.03127367622827854 0.829719217008333 -0.31758097256017465 0.9313345707406216 -0.17820842631906045 0 0 0 0 0 0
-26.46672248840332 12.75448989868164 -12.677772521972656 -0.0015831057632061942 0.1873929921332537 0.9822837473334723 -0.3175688426745336 0.9313428692141392 -0.17818667213440068 0 0 0 0 0 0
-26.92426872253418 13.028996467590332 -12.614846229553223 0.554719119280398 0.3348771562770094 0.7616718380697839 -0.317633485896318 0.9313298757718058 -0.17813935873979803 0 0 0 0 0 0
-27.255361557006836 13.379838943481445 -12.378292083740234 0.9003078003659728 0.35513205952055193 0.25164873315968617 -0.31758540952934655 0.9313476153043715 -0.1781323303640806 0 0 0 0 0 0
-27.381277084350586 13.811652183532715 -12.08437728881836 0.9038394248164886 0.24042416698922428 -0.35393574851226406 -0.3175403200250208 0.9313406907538799 -0.1782488791114642 0 0 0 0 0 0
-27.301149368286133 14.298274993896484 -11.871150970458984 0.5639931391356344 0.034414538828489896 -0.8250620452579038 -0.31759150787955953 0.9313227720466183 -0.17825130684006374 0 0 0 0 0 0
-27.092432022094727 14.792723655700684 -11.845993995666504 0.009841992619893629 -0.18462796136127005 -0.9827592029916846 -0.3175501635258219 0.931356031766751 -0.17815115979531157 0 0 0 0 0 0
-26.88148307800293 15.245077133178711 -12.044859886169434 -0.5480065864380419 -0.33362053893742283 -0.7670633071785069 -0.3175681085530952 0.9313418944493588 -0.17819307526806188 0 0 0 0 0 0
-26.795480728149414 15.621406555175781 -12.418578147888184 -0.8976731100563464 -0.3558214768820827 -0.2599501184289403 -0.31756870200379084 0.9313433363224104 -0.17818448135421056 0 0 0 0 0 0
-26.914091110229492 15.916621208190918 -12.851550102233887 -0.906301598523881 -0.2428155522255763 0.34591620388534333 -0.31753476813229 0.9313562398923664 -0.17817751104088858 0 0 0 0 0 0
-27.23930549621582 16.156484603881836 -13.205669403076172 -0.5705629052844813 -0.03763729596511952 0.8203910074261944 -0.3175232733057321 0.9313747660716084 -0.1781011399016592 0 0 0 0 0 0
-27.694547653198242 16.38775062561035 -13.372779846191406 -0.018176770247774327 0.18195843458947228 0.9831382065127509 -0.31759978989589494 0.9313220557294924 -0.1782402927788099 0 0 0 0 0 0
-28.153961181640625 16.66050910949707 -13.315783500671387 0.541222362640283 0.33235419923726883 0.7724111861097197 -0.31759601405193216 0.9313315005654045 -0.17819766528469716 0 0 0 0 0 0
-28.489986419677734 17.00902557373047 -13.082711219787598 0.8949792308039883 0.3564772837432532 0.26820910238941115 -0.3175568615882528 0.9313435707734946 -0.1782043569531798 0 0 0 0 0 0
-28.62200164794922 17.43878936767578 -12.788511276245117 0.9086930851590161 0.24519979282222854 -0.33786674678654777 -0.3175654643823494 0.9313434758063968 -0.17818952243182726 0 0 0 0 0 0
-28.546855926513672 17.92445945739746 -12.571320533752441 0.5771665650615915 0.04075956939034784 -0.8156086155001782 -0.3175662291584631 0.931344505438847 -0.1781827777506683 0 0 0 0 0 0
-28.340164184570312 18.419414520263672 -12.540047645568848 0.02634037312878448 -0.17911835195685377 -0.9834748602459021 -0.3175692081005401 0.9313533911714982 -0.1781310158836635 0 0 0 0 0 0
-28.127471923828125 18.873544692993164 -12.732954025268555 -0.5343928942403047 -0.3310308155969522 -0.7777164224257369 -0.3175940232190705 0.9313339058928903 -0.17818864203370974 0 0 0 0 0 0
-28.03656578063965 19.252208709716797 -13.10314655303955 -0.8922189707525147 -0.3571011986529653 -0.27644898652362376 -0.31755157405211915 0.9313483721051886 -0.17818868537041516 0 0 0 0 0 0
-28.149059295654297 19.549461364746094 -13.53635025024414 -0.9110262208506066 -0.24753835657351686 0.3297817262183337 -0.3175621473794686 0.9313444162270014 -0.17819051858762552 0 0 0 0 0 0
-28.469234466552734 19.790307998657227 -13.894381523132324 -0.5837501966409157 -0.04393957117922988 0.8107434995152769 -0.31754024828213556 0.9313580404435909 -0.17815833189046848 0 0 0 0 0 0
-28.92245864868164 20.0211181640625 -14.067597389221191 -0.034608828653071785 0.1763867705574233 0.9837123238790827 -0.31753372981311684 0.9313579027586533 -0.1781706693032651 0 0 0 0 0 0
-29.383546829223633 20.29212760925293 -14.016578674316406 0.5275485406580684 0.32971545374817834 0.7829305568242787 -0.3176817132368207 0.9313122601781628 -0.17814545494275383 0 0 0 0 0 0
-29.72443389892578 20.638309478759766 -13.787083625793457 0.8893800609326123 0.3577137063307419 0.2846822992717083 -0.31755837514582924 0.9313471384806742 -0.17818301271053003 0 0 0 0 0 0
-29.862558364868164 21.06602668762207 -13.49269962310791 0.9132903543537794 0.24983429610166452 -0.32168859652734655 -0.3175651074750551 0.9313254013187561 -0.17828460217532768 0 0 0 0 0 0
-29.792497634887695 21.550704956054688 -13.271645545959473 0.5902246175935549 0.047082929043850426 -0.8058648140843436 -0.3175928867665402 0.9313330360466532 -0.17819521386226744 0 0 0 0 0 0
-29.587907791137695 22.046104431152344 -13.234282493591309 0.04296763274006011 -0.17360144325461863 -0.9838782045744426 -0.31756631635628463 0.9313411524164293 -0.178200147394826 0 0 0 0 0 0
-29.37349510192871 22.501941680908203 -13.421197891235352 -0.5207049682077811 -0.3283033833579724 -0.7880883355052539 -0.31751671713735363 0.931358509813797 -0.17819781293759285 0 0 0 0 0 0
-29.277820587158203 22.88294219970703 -13.787762641906738 -0.8864711801997659 -0.3583028633306156 -0.2928957234312515 -0.3175586796177395 0.9313424561930153 -0.17820694232212086 0 0 0 0 0 0
-29.384214401245117 23.182266235351562 -14.22109603881836 -0.9154610934447952 -0.2521841797863428 0.31358272569507 -0.317584835749673 0.9313433737373412 -0.17815552839415524 0 0 0 0 0 0
-29.69925880432129 23.424102783203125 -14.582948684692383 -0.5966695054969458 -0.0502441967172109 0.8009126181464944 -0.3175651832273711 0.9313501924853618 -0.1781549139351642 0 0 0 0 0 0
-30.150325775146484 23.654462814331055 -14.76223373413086 -0.05123059818203293 0.17084813224704393 0.983964603793047 -0.31763633166475996 0.9313090164893328 -0.17824330734203342 0 0 0 0 0 0
-30.61308479309082 23.923805236816406 -14.717229843139648 0.5137148988335213 0.326960199597309 0.7932175178321221 -0.3175878651323535 0.931332018004764 -0.17820948392228855 0 0 0 0 0 0
-30.958723068237305 24.267656326293945 -14.491410255432129 0.8834966764229315 0.3588433348311989 0.3011064326726649 -0.3175338493624802 0.931345895416735 -0.178233211269522 0 0 0 0 0 0
-31.102968215942383 24.693283081054688 -14.196952819824219 0.9176047727606687 0.254431936243176 -0.3053946149269666 -0.3175445167248035 0.9313529266389395 -0.1781774563155885 0 0 0 0 0 0
-31.03803253173828 25.176929473876953 -13.972114562988281 0.6030439843298868 0.053398542934051905 -0.7959186821378522 -0.3175181862984892 0.9313791141881256 -0.1780874701484097 0 0 0 0 0 0
-30.835660934448242 25.672767639160156 -13.928693771362305 0.05950345883820421 -0.167991534444168 -0.9839909464732813 -0.3176396494443053 0.9313149100537738 -0.1782065975558425 0 0 0 0 0 0
-30.619691848754883 26.13028335571289 -14.109585762023926 -0.5067620250866152 -0.3255262705466243 -0.7982636764341208 -0.31761112446941653 0.9313331923131151 -0.17816188848666595 0 0 0 0 0 0
-30.519254684448242 26.513620376586914 -14.472431182861328 -0.8804304089459148 -0.3594408975496683 -0.309264508426069 -0.3176540910001395 0.9313273927029649 -0.17811559749772773 0 0 0 0 0 0
-30.61952781677246 26.815031051635742 -14.905779838562012 -0.9196068617678885 -0.2568345306916249 0.2972528277978672 -0.3176380432326149 0.9313649723297583 -0.17794763782794107 0 0 0 0 0 0
-30.929428100585938 27.05789566040039 -15.271369934082031 -0.6094752510067071 -0.05654212227006574 0.790786258618287 -0.31755547698530984 0.931353736790775 -0.1781536864689922 0 0 0 0 0 0
-31.378273010253906 27.287893295288086 -15.456697463989258 -0.06770657105944528 0.16512506861170015 0.9839458988945244 -0.31749026567052396 0.9313767016868885 -0.17814985478330692 0 0 0 0 0 0
-31.842531204223633 27.555530548095703 -15.417734146118164 0.49976385603292023 0.3241098065286676 0.8032365289969425 -0.3175587718115448 0.9313401046790594 -0.17821906705496454 0 0 0 0 0 0
-32.19286346435547 27.89702796936035 -15.19566822052002 0.8773336362564979 0.3599263686468952 0.3173936039771598 -0.3176505395988191 0.9313328285230916 -0.17809350692194473 0 0 0 0 0 0
-32.34321975708008 28.320606231689453 -14.901254653930664 0.9216115169477311 0.2589998225636066 -0.28905242386342705 -0.3175996683373207 0.9313456894995673 -0.17811697651431072 0 0 0 0 0 0
-32.283477783203125 28.803190231323242 -14.672722816467285 0.6157291679287761 0.059700828512215025 -0.785692944372477 -0.31759074427087586 0.9313481541775276 -0.1781200013013238 0 0 0 0 0 0
-32.08338165283203 29.299388885498047 -14.623286247253418 0.07590282630321296 -0.1623246647200638 -0.9838137344958664 -0.3175733134037404 0.9313447590225271 -0.17816882571044929 0 0 0 0 0 0
-31.865983963012695 29.758577346801758 -14.798110961914062 -0.49264817687799695 -0.322649627259089 -0.8082047957345692 -0.3176610510421772 0.9313156404086107 -0.17816462774938976 0 0 0 0 0 0
-31.760862350463867 30.144207000732422 -15.157160758972168 -0.8741782253244298 -0.36034561894056366 -0.32552029933473065 -0.317546591086543 0.9313444598732932 -0.1782180113025616 0 0 0 0 0 0
-31.85502052307129 30.447711944580078 -15.590410232543945 -0.9235240359925229 -0.2612305063988722 0.28082374805324145 -0.31761184412294835 0.9313350138824016 -0.17815108304326116 0 0 0 0 0 0
-32.159725189208984 30.691680908203125 -15.959622383117676 -0.6220578715087017 -0.06281139351102046 0.7804477774580868 -0.3175566766578216 0.9313534817479439 -0.17815288138568555 0 0 0 0 0 0
-32.60618209838867 30.921329498291016 -16.15094566345215 -0.08415889912775826 0.15948130459709992 0.9836071335556746 -0.3176050634783027 0.9313317598674885 -0.1781801804777127 0 0 0 0 0 0
-33.071868896484375 31.18733787536621 -16.118061065673828 0.48563899894043694 0.32113021864342994 0.81303760391642 -0.31752088494940944 0.9313560259943776 -0.17820336827597935 0 0 0 0 0 0
-33.426815032958984 31.526506423950195 -15.899855613708496 0.8709347910115249 0.3608311011357728 0.3335768371138155 -0.31764835501513955 0.9313358314927531 -0.1780816990425415 0 0 0 0 0 0
-33.583282470703125 31.947975158691406 -15.605610847473145 0.925408159180606 0.2633220203566917 -0.27254587231736277 -0.3175269899575844 0.9313302734736224 -0.1783270376584098 0 0 0 0 0 0
-33.52879333496094 32.4294548034668 -15.3734769821167 0.6282574077626906 0.06591853306094263 -0.7752079569963132 -0.3175924573305777 0.9313333457963964 -0.1781943603327985 0 0 0 0 0 0
-33.331085205078125 32.92597961425781 -15.3180570602417 0.09250627106389875 -0.15663123669623433 -0.9833154354045606 -0.3175907383499021 0.9313275386542342 -0.1782277718499848 0 0 0 0 0 0
-33.11228942871094 33.38678741455078 -15.486784934997559 -0.4785021852618268 -0.31960863663809147 -0.8178544968917129 -0.31759372267557817 0.9313425570957462 -0.1781439548775792 0 0 0 0 0 0
-33.00259017944336 33.77476501464844 -15.841938018798828 -0.8676402677631972 -0.3612203390065496 -0.3416434288023122 -0.3175809332171011 0.9313405228871537 -0.17817738713214534 0 0 0 0 0 0
