t = 0
b = 250 250 250
E = 0 0 0
-52.669981 -1.128077 1.396518 0.309056 0.931095 0.193768 0.862010 -0.434416 -0.261192 0 0 0 0 0 0
-52.119059 -1.227368 1.170872 0.318814 0.664033 0.676326 0.877026 -0.430222 -0.213854 0 0 0 0 0 0
-51.789605 -1.142356 0.915904 0.328342 0.156985 0.931422 0.874425 -0.254612 -0.412982 0 0 0 0 0 0
-51.457963 -0.943860 0.758402 0.333985 -0.418530 0.844563 0.865295 -0.002621 -0.501256 0 0 0 0 0 0
-51.125172 -0.702535 0.727293 0.332891 -0.838099 0.432173 0.852492 0.275579 -0.444199 0 0 0 0 0 0
-50.793577 -0.477232 0.822929 0.325437 -0.934713 -0.142837 0.841279 0.491659 -0.224769 0 0 0 0 0 0
-50.464698 -0.328621 1.033016 0.314955 -0.686886 -0.654974 0.836651 0.538601 0.099620 0 0 0 0 0 0
-50.025996 -0.234250 1.221039 0.277243 -0.259905 -0.924979 0.878230 0.385981 0.282367 0 0 0 0 0 0
-49.708621 -0.199724 1.339640 0.314419 0.059337 -0.947428 0.912838 -0.154491 0.377967 0 0 0 0 0 0
-49.424124 -0.591215 1.617538 0.299703 0.565438 -0.768413 0.858955 -0.140035 0.492530 0 0 0 0 0 0
-49.099406 -0.912872 1.619290 0.302068 0.889093 -0.343900 0.865775 -0.370542 0.336352 0 0 0 0 0 0
-48.839284 -1.154856 1.433163 0.309055 0.931097 0.193761 0.833030 -0.550471 0.055166 0 0 0 0 0 0
-48.518089 -1.225303 1.175323 0.318815 0.664032 0.676328 0.877097 -0.430120 -0.213772 0 0 0 0 0 0
-48.200851 -1.139348 0.914192 0.328407 0.156975 0.931401 0.867326 -0.257206 -0.426135 0 0 0 0 0 0
-47.869735 -0.941841 0.758358 0.333921 -0.418537 0.844585 0.865323 -0.002676 -0.501207 0 0 0 0 0 0
-47.537237 -0.700458 0.727293 0.332892 -0.838098 0.432174 0.852446 0.275653 -0.444242 0 0 0 0 0 0
-47.205596 -0.475186 0.822901 0.325501 -0.934691 -0.142834 0.841303 0.491636 -0.224728 0 0 0 0 0 0
-46.876635 -0.326547 1.032988 0.315017 -0.686871 -0.654959 0.836649 0.538601 0.099641 0 0 0 0 0 0
-46.437798 -0.232162 1.220992 0.277243 -0.259904 -0.924979 0.878269 0.385955 0.282281 0 0 0 0 0 0
-46.120480 -0.197670 1.339612 0.314419 0.059337 -0.947428 0.912838 -0.154489 0.377967 0 0 0 0 0 0
-45.835983 -0.589162 1.617510 0.299703 0.565438 -0.768413 0.858955 -0.140037 0.492530 0 0 0 0 0 0
-45.589108 0.687266 2.419104 0.302129 -0.889075 0.343894 0.203433 -0.522126 0.828251 0 0 0 0 0 0
-45.200812 -0.141328 4.183761 0.309055 -0.931097 -0.193761 0.851042 0.518630 -0.082163 0 0 0 0 0 0
-44.879972 -0.069554 4.443900 0.318814 -0.664031 -0.676328 0.877095 0.430121 0.213774 0 0 0 0 0 0
-44.550642 -0.154576 4.698910 0.328408 -0.156980 -0.931400 0.874376 0.254612 0.413085 0 0 0 0 0 0
-44.218772 -0.353020 4.856412 0.333921 0.418538 -0.844584 0.865321 0.002684 0.501211 0 0 0 0 0 0
-43.886272 -0.594397 4.887473 0.332892 0.838099 -0.432173 0.852448 -0.275656 0.444237 0 0 0 0 0 0
-43.554632 -0.819673 4.791864 0.325501 0.934691 0.142838 0.841301 -0.491637 0.224736 0 0 0 0 0 0
-43.225668 -0.968312 4.581788 0.315018 0.686873 0.654957 0.836651 -0.538597 -0.099643 0 0 0 0 0 0
-42.786834 -1.062693 4.393778 0.277243 0.259903 0.924979 0.878268 -0.385957 -0.282281 0 0 0 0 0 0
-42.469492 -1.097195 4.275152 0.314353 -0.059333 0.947450 0.912831 0.154508 -0.377977 0 0 0 0 0 0
-42.185105 -0.705696 3.997288 0.299703 -0.565434 0.768415 0.858983 0.140031 -0.492483 0 0 0 0 0 0
-41.860301 -0.384036 3.995511 0.302068 -0.889094 0.343900 0.865774 0.370538 -0.336359 0 0 0 0 0 0
-41.536098 -0.150435 4.172464 0.309055 -0.931097 -0.193761 0.873625 0.482906 -0.059845 0 0 0 0 0 0
-41.209384 -0.069554 4.443900 0.318814 -0.664031 -0.676328 0.877095 0.430121 0.213774 0 0 0 0 0 0
-40.880053 -0.154576 4.698910 0.328408 -0.156980 -0.931400 0.874376 0.254612 0.413085 0 0 0 0 0 0
-40.548184 -0.353020 4.856412 0.333921 0.418538 -0.844584 0.865321 0.002684 0.501211 0 0 0 0 0 0
-40.365351 0.135930 6.040280 0.332890 -0.838097 0.432178 0.164383 -0.628452 0.760280 0 0 0 0 0 0
-39.900563 -0.477236 7.863581 0.325502 -0.934691 -0.142831 0.841304 0.491634 -0.224731 0 0 0 0 0 0
-39.571600 -0.328601 8.073668 0.315018 -0.686873 -0.654958 0.836651 0.538596 0.099648 0 0 0 0 0 0
-39.131658 -0.245014 8.244490 0.280744 -0.257641 -0.924556 0.884435 0.377727 0.274038 0 0 0 0 0 0
-38.811386 -0.191256 8.382711 0.310467 0.059696 -0.948708 0.907593 -0.129161 0.399489 0 0 0 0 0 0
-38.532702 -0.592555 8.662106 0.299642 0.565448 -0.768429 0.859494 -0.134638 0.493095 0 0 0 0 0 0
-38.205449 -0.910837 8.664333 0.302068 0.889093 -0.343900 0.865726 -0.370630 0.336382 0 0 0 0 0 0
-37.881051 -1.144403 8.487434 0.309055 0.931097 0.193761 0.873694 -0.482778 0.059868 0 0 0 0 0 0
-37.554325 -1.225303 8.215973 0.318815 0.664030 0.676329 0.877096 -0.430121 -0.213773 0 0 0 0 0 0
-37.237066 -1.139351 7.954834 0.328342 0.156978 0.931423 0.867308 -0.257238 -0.426151 0 0 0 0 0 0
-36.906053 -0.941837 7.799040 0.333921 -0.418538 0.844585 0.865349 -0.002671 -0.501162 0 0 0 0 0 0
-36.573471 -0.700459 7.767939 0.332891 -0.838096 0.432180 0.852445 0.275656 -0.444242 0 0 0 0 0 0
-36.241833 -0.475182 7.863553 0.325501 -0.934692 -0.142831 0.841304 0.491633 -0.224731 0 0 0 0 0 0
-35.912871 -0.326547 8.073641 0.315018 -0.686873 -0.654957 0.836650 0.538597 0.099646 0 0 0 0 0 0
-35.474151 -0.232178 8.261685 0.277243 -0.259904 -0.924979 0.878207 0.386017 0.282387 0 0 0 0 0 0
-35.156704 -0.197626 8.380247 0.314353 0.059338 -0.947450 0.912900 -0.154428 0.377844 0 0 0 0 0 0
-34.872284 -0.589164 8.658144 0.299642 0.565448 -0.768429 0.858962 -0.140021 0.492523 0 0 0 0 0 0
-34.625388 0.687271 9.459750 0.302069 -0.889093 0.343901 0.203425 -0.522132 0.828249 0 0 0 0 0 0
-34.195013 -0.146804 11.213045 0.309055 -0.931097 -0.193761 0.873793 0.477151 -0.093876 0 0 0 0 0 0
-33.871311 -0.069553 11.480295 0.318814 -0.664031 -0.676328 0.877096 0.430127 0.213761 0 0 0 0 0 0
-33.541984 -0.154574 11.735312 0.328405 -0.156979 -0.931401 0.874372 0.254615 0.413091 0 0 0 0 0 0
-33.210113 -0.353022 11.892803 0.333921 0.418538 -0.844584 0.865326 0.002678 0.501202 0 0 0 0 0 0
-32.877612 -0.594399 11.923878 0.332891 0.838096 -0.432179 0.852445 -0.275656 0.444243 0 0 0 0 0 0
-32.545974 -0.819677 11.828263 0.325501 0.934692 0.142831 0.841304 -0.491634 0.224732 0 0 0 0 0 0
-32.217012 -0.968311 11.618176 0.315018 0.686873 0.654957 0.836651 -0.538596 -0.099648 0 0 0 0 0 0
-31.778175 -1.062693 11.430169 0.277243 0.259903 0.924979 0.878268 -0.385957 -0.282281 0 0 0 0 0 0
-31.460854 -1.097195 11.311550 0.314419 -0.059332 0.947428 0.912838 0.154488 -0.377968 0 0 0 0 0 0
-31.176360 -0.705694 11.033653 0.299703 -0.565434 0.768415 0.858957 0.140042 -0.492526 0 0 0 0 0 0
-30.851642 -0.384036 11.031902 0.302068 -0.889094 0.343900 0.865774 0.370538 -0.336359 0 0 0 0 0 0
-30.527441 -0.150438 11.208865 0.309055 -0.931097 -0.193761 0.873628 0.482903 -0.059824 0 0 0 0 0 0
-30.200722 -0.069553 11.480295 0.318814 -0.664031 -0.676328 0.877096 0.430127 0.213761 0 0 0 0 0 0
-29.871396 -0.154574 11.735312 0.328405 -0.156979 -0.931401 0.874372 0.254615 0.413091 0 0 0 0 0 0
-29.539525 -0.353022 11.892803 0.333921 0.418538 -0.844584 0.865326 0.002678 0.501202 0 0 0 0 0 0
-29.356694 0.135933 13.076686 0.332893 -0.838105 0.432161 0.164385 -0.628458 0.760275 0 0 0 0 0 0
-28.891900 -0.477248 14.899967 0.325501 -0.934690 -0.142838 0.841304 0.491642 -0.224713 0 0 0 0 0 0
-28.562800 -0.328602 15.110049 0.314953 -0.686881 -0.654980 0.836700 0.538533 0.099574 0 0 0 0 0 0
-28.122900 -0.245031 15.280809 0.280688 -0.257655 -0.924569 0.884459 0.377718 0.273972 0 0 0 0 0 0
-27.802652 -0.191267 15.419038 0.310398 0.059697 -0.948730 0.907593 -0.129150 0.399493 0 0 0 0 0 0
-27.524115 -0.592592 15.698450 0.299645 0.565454 -0.768424 0.859436 -0.134662 0.493189 0 0 0 0 0 0
-27.196806 -0.910820 15.700698 0.302129 0.889076 -0.343894 0.865745 -0.370630 0.336333 0 0 0 0 0 0
-26.872314 -1.144432 15.523809 0.309053 0.931091 0.193793 0.873657 -0.482831 0.059977 0 0 0 0 0 0
-26.545662 -1.225305 15.252393 0.318816 0.664033 0.676325 0.877100 -0.430092 -0.213815 0 0 0 0 0 0
-26.185537 -1.142462 15.015648 0.328348 0.156981 0.931421 0.891095 -0.248757 -0.379566 0 0 0 0 0 0
-25.852057 -0.941814 14.854208 0.333915 -0.418530 0.844591 0.865259 -0.002649 -0.501318 0 0 0 0 0 0
-25.519501 -0.700443 14.823141 0.332893 -0.838101 0.432168 0.852443 0.275629 -0.444263 0 0 0 0 0 0
-25.187714 -0.475209 14.918726 0.325436 -0.934712 -0.142848 0.841355 0.491539 -0.224746 0 0 0 0 0 0
-24.858818 -0.326568 15.128849 0.314951 -0.686879 -0.654984 0.836647 0.538606 0.099628 0 0 0 0 0 0
-24.420119 -0.232191 15.316904 0.277236 -0.259897 -0.924983 0.878222 0.385984 0.282388 0 0 0 0 0 0
-24.102734 -0.197673 15.435464 0.314423 0.059338 -0.947427 0.912853 -0.154511 0.377923 0 0 0 0 0 0
-23.818241 -0.589159 15.713373 0.299705 0.565442 -0.768409 0.858948 -0.140021 0.492547 0 0 0 0 0 0
-23.571223 0.687254 16.514929 0.302069 -0.889093 0.343901 0.203457 -0.522142 0.828235 0 0 0 0 0 0
-23.152674 -0.149205 18.283500 0.309053 -0.931091 -0.193793 0.872955 0.483365 -0.065632 0 0 0 0 0 0
-22.826913 -0.069546 18.553447 0.318753 -0.664049 -0.676340 0.877084 0.430125 0.213813 0 0 0 0 0 0
-22.497668 -0.154592 18.808472 0.328348 -0.156986 -0.931420 0.874384 0.254620 0.413064 0 0 0 0 0 0
-22.165961 -0.353045 18.966021 0.333980 0.418520 -0.844570 0.865276 0.002628 0.501288 0 0 0 0 0 0
-21.833170 -0.594382 18.997128 0.332882 0.838075 -0.432227 0.852521 -0.275635 0.444109 0 0 0 0 0 0
-21.501611 -0.819709 18.901421 0.325501 0.934691 0.142838 0.841294 -0.491612 0.224817 0 0 0 0 0 0
-21.172618 -0.968316 18.691381 0.314957 0.686891 0.654968 0.836632 -0.538623 -0.099662 0 0 0 0 0 0
-20.734004 -1.062656 18.503319 0.277245 0.259905 0.924978 0.878226 -0.385978 -0.282382 0 0 0 0 0 0
-20.416610 -1.097189 18.384767 0.314423 -0.059333 0.947427 0.912853 0.154507 -0.377925 0 0 0 0 0 0
-20.131983 -0.705725 18.106865 0.299645 -0.565451 0.768425 0.859006 0.139947 -0.492466 0 0 0 0 0 0
-19.807469 -0.384030 18.105135 0.302068 -0.889094 0.343900 0.865725 0.370640 -0.336372 0 0 0 0 0 0
-19.483074 -0.150449 18.282035 0.309053 -0.931091 -0.193793 0.873679 0.482792 -0.059972 0 0 0 0 0 0
-19.156325 -0.069546 18.553447 0.318753 -0.664049 -0.676340 0.877084 0.430125 0.213813 0 0 0 0 0 0
-18.827080 -0.154592 18.808472 0.328348 -0.156986 -0.931420 0.874384 0.254620 0.413064 0 0 0 0 0 0
-18.495373 -0.353045 18.966021 0.333980 0.418520 -0.844570 0.865276 0.002628 0.501288 0 0 0 0 0 0
-18.312271 0.135920 20.149896 0.332892 -0.838102 0.432166 0.164407 -0.628455 0.760273 0 0 0 0 0 0
-17.847527 -0.477247 21.973194 0.325501 -0.934690 -0.142838 0.841307 0.491641 -0.224704 0 0 0 0 0 0
-17.518540 -0.328593 22.183204 0.315020 -0.686876 -0.654954 0.836639 0.538635 0.099537 0 0 0 0 0 0
-17.078612 -0.245011 22.354036 0.280678 -0.257646 -0.924575 0.884411 0.377769 0.274058 0 0 0 0 0 0
-16.758441 -0.191264 22.492250 0.310463 0.059695 -0.948709 0.907602 -0.129138 0.399478 0 0 0 0 0 0
-16.479814 -0.592591 22.771693 0.299705 0.565442 -0.768409 0.859430 -0.134680 0.493194 0 0 0 0 0 0
-16.152345 -0.910810 22.773954 0.302068 0.889093 -0.343900 0.865775 -0.370552 0.336340 0 0 0 0 0 0
-15.827994 -1.144409 22.597037 0.308996 0.931123 0.193732 0.873687 -0.482796 0.059827 0 0 0 0 0 0
-15.501496 -1.225281 22.325524 0.318816 0.664033 0.676325 0.877051 -0.430202 -0.213795 0 0 0 0 0 0
-15.171957 -1.140294 22.070598 0.328348 0.156981 0.931421 0.874427 -0.254617 -0.412974 0 0 0 0 0 0
-14.840293 -0.941814 21.913031 0.333915 -0.418530 0.844591 0.865259 -0.002649 -0.501318 0 0 0 0 0 0
-14.507736 -0.700443 21.881965 0.332893 -0.838101 0.432168 0.852443 0.275629 -0.444263 0 0 0 0 0 0
-14.175953 -0.475212 21.977548 0.325449 -0.934708 -0.142840 0.841364 0.491534 -0.224722 0 0 0 0 0 0
-13.847042 -0.326564 22.187674 0.314969 -0.686888 -0.654965 0.836659 0.538581 0.099661 0 0 0 0 0 0
-13.408334 -0.232197 22.375750 0.277220 -0.259889 -0.924990 0.878203 0.386039 0.282371 0 0 0 0 0 0
-13.090978 -0.197671 22.494284 0.314410 0.059338 -0.947431 0.912853 -0.154517 0.377920 0 0 0 0 0 0
-12.806449 -0.589150 22.772191 0.299681 0.565447 -0.768415 0.858968 -0.139995 0.492519 0 0 0 0 0 0
-12.559518 0.687265 23.573758 0.302081 -0.889089 0.343900 0.203441 -0.522136 0.828243 0 0 0 0 0 0
-12.140955 -0.148392 25.345225 0.309045 -0.931107 -0.193729 0.873681 0.482808 -0.059808 0 0 0 0 0 0
-11.814305 -0.067505 25.616718 0.318803 -0.664037 -0.676328 0.877078 0.430171 0.213746 0 0 0 0 0 0
-11.484930 -0.152520 25.871677 0.328361 -0.156986 -0.931415 0.874389 0.254621 0.413051 0 0 0 0 0 0
-11.153213 -0.350984 26.029226 0.333941 0.418526 -0.844583 0.865282 0.002655 0.501279 0 0 0 0 0 0
-10.820562 -0.592350 26.060306 0.332886 0.838103 -0.432169 0.852467 -0.275588 0.444243 0 0 0 0 0 0
-10.488945 -0.817605 25.964686 0.325483 0.934697 0.142839 0.841304 -0.491641 0.224713 0 0 0 0 0 0
-10.159974 -0.966257 25.754592 0.314987 0.686885 0.654959 0.836664 -0.538574 -0.099656 0 0 0 0 0 0
-9.720063 -1.049825 25.583711 0.280705 0.257641 0.924568 0.884426 -0.377733 -0.274060 0 0 0 0 0 0
-9.400464 -1.101043 25.449639 0.310450 -0.059697 0.948713 0.908018 0.135200 -0.396515 0 0 0 0 0 0
-9.122120 -0.700221 25.170570 0.299687 -0.565446 0.768413 0.859445 0.134661 -0.493174 0 0 0 0 0 0
-8.794715 -0.381988 25.168315 0.302081 -0.889089 0.343900 0.865757 0.370590 -0.336345 0 0 0 0 0 0
-8.470367 -0.148392 25.345225 0.309045 -0.931107 -0.193729 0.873681 0.482808 -0.059808 0 0 0 0 0 0
-8.143716 -0.067505 25.616718 0.318803 -0.664037 -0.676328 0.877078 0.430171 0.213746 0 0 0 0 0 0
-7.814341 -0.152520 25.871677 0.328361 -0.156986 -0.931415 0.874389 0.254621 0.413051 0 0 0 0 0 0
-7.482625 -0.350984 26.029226 0.333941 0.418526 -0.844583 0.865282 0.002655 0.501279 0 0 0 0 0 0
-7.281197 0.139982 27.077206 0.332886 -0.838103 0.432169 0.167559 -0.640324 0.749606 0 0 0 0 0 0
-6.834846 -0.475194 28.895219 0.325481 -0.934697 -0.142839 0.841303 0.491643 -0.224714 0 0 0 0 0 0
-6.505890 -0.326554 29.105319 0.314994 -0.686882 -0.654959 0.836663 0.538574 0.099665 0 0 0 0 0 0
-6.067134 -0.232183 29.293389 0.277220 -0.259889 -0.924990 0.878219 0.386029 0.282336 0 0 0 0 0 0
-5.749802 -0.197671 29.411931 0.314410 0.059338 -0.947431 0.912853 -0.154517 0.377920 0 0 0 0 0 0
-5.465272 -0.589150 29.689838 0.299681 0.565447 -0.768415 0.858968 -0.139995 0.492519 0 0 0 0 0 0
-5.140639 -0.910818 29.691587 0.302087 0.889088 -0.343898 0.865754 -0.370596 0.336346 0 0 0 0 0 0
-4.816262 -1.144412 29.514684 0.309045 0.931107 0.193729 0.873686 -0.482799 0.059811 0 0 0 0 0 0
-4.489630 -1.225299 29.243185 0.318804 0.664036 0.676328 0.877071 -0.430181 -0.213755 0 0 0 0 0 0
-4.160245 -1.140281 28.988233 0.328361 0.156980 0.931416 0.874395 -0.254624 -0.413038 0 0 0 0 0 0
-3.815998 -0.945932 28.837771 0.333940 -0.418529 0.844581 0.873321 -0.005551 -0.487113 0 0 0 0 0 0
-3.482322 -0.702510 28.805670 0.332885 -0.838104 0.432168 0.852466 0.275590 -0.444243 0 0 0 0 0 0
-3.150694 -0.477250 28.901287 0.325482 -0.934697 -0.142839 0.841310 0.491631 -0.224712 0 0 0 0 0 0
-2.821732 -0.328608 29.111388 0.314988 -0.686883 -0.654961 0.836661 0.538577 0.099665 0 0 0 0 0 0
-2.383005 -0.234237 29.299455 0.277245 -0.259906 -0.924978 0.878233 0.385979 0.282360 0 0 0 0 0 0
-2.065629 -0.199726 29.418008 0.314403 0.059338 -0.947433 0.912858 -0.154508 0.377913 0 0 0 0 0 0
-1.781140 -0.591206 29.695907 0.299687 0.565446 -0.768413 0.858965 -0.140000 0.492523 0 0 0 0 0 0
-1.534195 0.685212 30.497476 0.302082 -0.889090 0.343898 0.203439 -0.522137 0.828243 0 0 0 0 0 0
-1.115629 -0.150446 32.268941 0.309043 -0.931108 -0.193729 0.873683 0.482805 -0.059810 0 0 0 0 0 0
-0.788990 -0.069558 32.540437 0.318804 -0.664037 -0.676327 0.877075 0.430175 0.213751 0 0 0 0 0 0
-0.459622 -0.154560 32.795509 0.328337 -0.156975 -0.931426 0.874354 0.254654 0.413105 0 0 0 0 0 0
-0.127892 -0.353051 32.952947 0.333941 0.418526 -0.844582 0.865335 0.002595 0.501187 0 0 0 0 0 0
0.204762 -0.594404 32.984023 0.332885 0.838104 -0.432169 0.852465 -0.275591 0.444245 0 0 0 0 0 0
0.536381 -0.819664 32.888405 0.325482 0.934697 0.142839 0.841306 -0.491638 0.224714 0 0 0 0 0 0
0.865344 -0.968305 32.678293 0.314976 0.686852 0.655000 0.836627 -0.538648 -0.099569 0 0 0 0 0 0
1.305301 -1.051909 32.507582 0.280699 0.257646 0.924568 0.884453 -0.377713 -0.274000 0 0 0 0 0 0
1.624822 -1.103111 32.373372 0.310451 -0.059690 0.948714 0.907977 0.135159 -0.396624 0 0 0 0 0 0
1.903196 -0.702271 32.094288 0.299688 -0.565444 0.768415 0.859447 0.134663 -0.493171 0 0 0 0 0 0
2.230602 -0.384039 32.092034 0.302080 -0.889090 0.343899 0.865756 0.370587 -0.336351 0 0 0 0 0 0
2.554950 -0.150446 32.268942 0.309045 -0.931107 -0.193729 0.873682 0.482808 -0.059808 0 0 0 0 0 0
2.881602 -0.069558 32.540435 0.318803 -0.664037 -0.676328 0.877077 0.430172 0.213747 0 0 0 0 0 0
3.210960 -0.154561 32.795510 0.328339 -0.156975 -0.931425 0.874352 0.254654 0.413111 0 0 0 0 0 0
3.542702 -0.353048 32.952946 0.333941 0.418526 -0.844582 0.865340 0.002598 0.501179 0 0 0 0 0 0
3.875346 -0.594407 32.984023 0.332886 0.838103 -0.432169 0.852459 -0.275598 0.444251 0 0 0 0 0 0
4.206972 -0.819663 32.888407 0.325482 0.934697 0.142839 0.841310 -0.491631 0.224713 0 0 0 0 0 0
4.535935 -0.968305 32.678293 0.314974 0.686852 0.655000 0.836625 -0.538651 -0.099569 0 0 0 0 0 0
4.974691 -1.062689 32.490388 0.277245 0.259905 0.924978 0.878261 -0.385951 -0.282311 0 0 0 0 0 0
5.292018 -1.097206 32.371701 0.314403 -0.059333 0.947433 0.912823 0.154448 -0.378022 0 0 0 0 0 0
5.576525 -0.705703 32.093788 0.299688 -0.565444 0.768415 0.858967 0.140005 -0.492519 0 0 0 0 0 0
5.901191 -0.384039 32.092034 0.302080 -0.889090 0.343899 0.865756 0.370587 -0.336351 0 0 0 0 0 0
7.077798 -0.906857 32.170226 -0.228120 0.000000 -0.973633 0.378799 0.586453 -0.715949 0 0 0 0 0 0
6.394259 0.000000 26.369294 0.000000 1.000000 0.000000 0.000000 0.000000 1.000000 0 0 0 0 0 0
6.797847 0.000000 26.230118 0.000000 1.000000 0.000000 0.000000 0.000000 1.000000 0 0 0 0 0 0
7.249647 0.000000 25.646941 0.000000 1.000000 0.000000 0.000000 0.000000 1.000000 0 0 0 0 0 0
6.921306 0.000000 24.986353 0.000000 1.000000 0.000000 0.000000 0.000000 1.000000 0 0 0 0 0 0
7.500108 0.348666 28.616333 -0.258551 0.000000 -0.965998 -0.515380 -0.234685 0.824201 0 0 0 0 0 0
6.154824 -0.337689 29.392378 -0.302081 -0.889090 0.343899 -0.852975 0.442835 -0.276280 0 0 0 0 0 0
5.616396 -0.236707 29.185758 -0.299687 -0.565446 0.768413 -0.860330 0.440214 -0.256988 0 0 0 0 0 0
5.248901 -0.358261 29.062614 -0.314403 -0.059338 0.947433 -0.929869 0.154557 -0.333850 0 0 0 0 0 0
4.785928 -0.180147 28.863777 -0.277245 0.259906 0.924978 -0.906768 0.018100 -0.421241 0 0 0 0 0 0
4.611595 -0.647167 28.730260 -0.314988 0.686883 0.654961 -0.888895 -0.294239 -0.351125 0 0 0 0 0 0
4.244736 -0.969701 28.817010 -0.325482 0.934697 0.142839 -0.875667 -0.415454 -0.246181 0 0 0 0 0 0
3.914016 -1.122320 29.018530 -0.332885 0.838104 -0.432168 -0.865768 -0.500394 0.007197 0 0 0 0 0 0
3.581995 -1.149314 29.260872 -0.333940 0.418529 -0.844581 -0.852266 -0.438266 0.285597 0 0 0 0 0 0
3.250489 -1.049918 29.486357 -0.328361 -0.156987 -0.931415 -0.840866 -0.213508 0.497351 0 0 0 0 0 0
2.921092 -0.836098 29.633370 -0.318803 -0.664039 -0.676326 -0.836266 0.111425 0.536884 0 0 0 0 0 0
2.594327 -0.560285 29.635141 -0.309046 -0.931107 -0.193730 -0.839698 0.400875 0.366343 0 0 0 0 0 0
2.269552 -0.325442 29.467204 -0.302081 -0.889090 0.343899 -0.848909 0.525555 0.056080 0 0 0 0 0 0
1.945808 -0.236707 29.185758 -0.299687 -0.565446 0.768413 -0.860330 0.440214 -0.256988 0 0 0 0 0 0
1.578711 -0.354926 29.042922 -0.310452 -0.059696 0.948713 -0.923931 0.161504 -0.346798 0 0 0 0 0 0
1.115541 -0.184250 28.862833 -0.280701 0.257645 0.924568 -0.915543 0.001147 -0.402219 0 0 0 0 0 0
1.061104 -0.149050 28.016979 -0.314976 -0.686852 -0.655000 -0.164193 -0.559642 -0.812307 0 0 0 0 0 0
0.590662 -0.327193 26.055015 -0.325482 -0.934697 -0.142839 -0.875709 0.415437 0.246062 0 0 0 0 0 0
0.259919 -0.174597 25.853515 -0.332885 -0.838104 0.432169 -0.865767 0.500395 -0.007200 0 0 0 0 0 0
-0.072095 -0.147603 25.611176 -0.333941 -0.418526 0.844582 -0.852262 0.438271 -0.285600 0 0 0 0 0 0
-0.403617 -0.246989 25.385690 -0.328337 0.156975 0.931426 -0.840867 0.213498 -0.497355 0 0 0 0 0 0
-0.732989 -0.460850 25.238683 -0.318804 0.664037 0.676327 -0.836266 -0.111377 -0.536893 0 0 0 0 0 0
-1.059773 -0.736629 25.236907 -0.309043 0.931108 0.193729 -0.839695 -0.400875 -0.366349 0 0 0 0 0 0
-1.384538 -0.971472 25.404844 -0.302082 0.889090 -0.343898 -0.848907 -0.525558 -0.056079 0 0 0 0 0 0
-1.708292 -1.060199 25.686288 -0.299688 0.565444 -0.768415 -0.860335 -0.440206 0.256986 0 0 0 0 0 0
-2.075787 -0.938647 25.809432 -0.314403 0.059333 -0.947433 -0.929867 -0.154568 0.333851 0 0 0 0 0 0
-2.538738 -1.116783 26.008397 -0.277245 -0.259905 -0.924978 -0.906718 -0.018165 0.421346 0 0 0 0 0 0
-2.713099 -0.649754 26.141931 -0.314974 -0.686852 -0.655000 -0.888898 0.294324 0.351047 0 0 0 0 0 0
-3.079921 -0.327192 26.055014 -0.325482 -0.934697 -0.142839 -0.875707 0.415441 0.246062 0 0 0 0 0 0
-3.410671 -0.174598 25.853517 -0.332886 -0.838103 0.432169 -0.865770 0.500390 -0.007199 0 0 0 0 0 0
-3.742681 -0.147603 25.611174 -0.333941 -0.418526 0.844582 -0.852258 0.438276 -0.285606 0 0 0 0 0 0
-4.085339 -0.242632 25.382202 -0.328361 0.156986 0.931415 -0.845669 0.216692 -0.487739 0 0 0 0 0 0
-4.257354 -0.458682 24.579299 -0.318804 -0.664036 -0.676328 -0.149163 -0.622422 -0.768337 0 0 0 0 0 0
-4.760404 -0.558226 22.711421 -0.309045 -0.931107 -0.193729 -0.839688 0.400885 0.366353 0 0 0 0 0 0
-5.085175 -0.323390 22.543487 -0.302087 -0.889088 0.343898 -0.848912 0.525551 0.056078 0 0 0 0 0 0
-5.408944 -0.234651 22.262043 -0.299681 -0.565447 0.768415 -0.860333 0.440213 -0.256980 0 0 0 0 0 0
-5.776409 -0.356212 22.138895 -0.314410 -0.059338 0.947431 -0.929866 0.154555 -0.333859 0 0 0 0 0 0
-6.239395 -0.178071 21.939927 -0.277220 0.259889 0.924990 -0.906724 0.018136 -0.421334 0 0 0 0 0 0
-6.413701 -0.645144 21.806552 -0.314994 0.686882 0.654959 -0.888929 -0.294283 -0.351002 0 0 0 0 0 0
-6.780601 -0.967652 21.893289 -0.325481 0.934697 0.142839 -0.875670 -0.415448 -0.246181 0 0 0 0 0 0
-7.111303 -1.120260 22.094816 -0.332886 0.838103 -0.432169 -0.865766 -0.500398 0.007205 0 0 0 0 0 0
-7.443323 -1.147254 22.337152 -0.333941 0.418526 -0.844583 -0.852265 -0.438269 0.285596 0 0 0 0 0 0
-7.774832 -1.047872 22.562640 -0.328361 -0.156980 -0.931416 -0.840866 -0.213507 0.497352 0 0 0 0 0 0
-8.104236 -0.834044 22.709651 -0.318804 -0.664036 -0.676328 -0.836275 0.111421 0.536870 0 0 0 0 0 0
-8.430993 -0.558226 22.711421 -0.309045 -0.931107 -0.193729 -0.839688 0.400885 0.366353 0 0 0 0 0 0
-8.755763 -0.323390 22.543487 -0.302087 -0.889088 0.343898 -0.848912 0.525551 0.056078 0 0 0 0 0 0
-9.079532 -0.234651 22.262043 -0.299681 -0.565447 0.768415 -0.860333 0.440213 -0.256980 0 0 0 0 0 0
-9.446599 -0.352877 22.119203 -0.310457 -0.059695 0.948711 -0.923928 0.161502 -0.346806 0 0 0 0 0 0
-9.909774 -0.182180 21.938986 -0.280698 0.257645 0.924569 -0.915498 0.001223 -0.402320 0 0 0 0 0 0
-9.949586 -0.140676 20.951416 -0.314987 -0.686885 -0.654959 -0.160841 -0.544774 -0.823014 0 0 0 0 0 0
-10.434692 -0.325159 18.990146 -0.325483 -0.934697 -0.142839 -0.875674 0.415444 0.246174 0 0 0 0 0 0
-10.765403 -0.172542 18.788620 -0.332886 -0.838103 0.432169 -0.865764 0.500401 -0.007204 0 0 0 0 0 0
-11.097422 -0.145550 18.546283 -0.333941 -0.418526 0.844583 -0.852265 0.438267 -0.285597 0 0 0 0 0 0
-11.428930 -0.244939 18.320796 -0.328361 0.156986 0.931415 -0.840865 0.213510 -0.497352 0 0 0 0 0 0
-11.758324 -0.458761 18.173783 -0.318803 0.664037 0.676328 -0.836267 -0.111428 -0.536881 0 0 0 0 0 0
-12.085090 -0.734575 18.172013 -0.309045 0.931107 0.193729 -0.839696 -0.400873 -0.366348 0 0 0 0 0 0
-12.409864 -0.969411 18.339949 -0.302081 0.889089 -0.343900 -0.848911 -0.525553 -0.056080 0 0 0 0 0 0
-12.733609 -1.058151 18.621394 -0.299687 0.565446 -0.768413 -0.860329 -0.440218 0.256987 0 0 0 0 0 0
-13.101104 -0.936599 18.744539 -0.314403 0.059340 -0.947433 -0.929869 -0.154556 0.333850 0 0 0 0 0 0
-13.564076 -1.114709 18.943377 -0.277245 -0.259908 -0.924977 -0.906768 -0.018103 0.421241 0 0 0 0 0 0
-13.738399 -0.647694 19.076890 -0.315019 -0.686878 -0.654952 -0.888900 0.294233 0.351118 0 0 0 0 0 0
-14.105315 -0.325152 18.990153 -0.325502 -0.934690 -0.142838 -0.875668 0.415456 0.246175 0 0 0 0 0 0
-14.436039 -0.172538 18.788627 -0.332893 -0.838101 0.432168 -0.865772 0.500387 -0.007198 0 0 0 0 0 0
-14.768055 -0.145546 18.546279 -0.333915 -0.418530 0.844591 -0.852254 0.438289 -0.285597 0 0 0 0 0 0
-15.099455 -0.244955 18.320793 -0.328348 0.156987 0.931420 -0.840833 0.213517 -0.497404 0 0 0 0 0 0
-15.269113 -0.458680 17.520477 -0.318816 -0.664033 -0.676325 -0.149186 -0.622419 -0.768334 0 0 0 0 0 0
-15.772265 -0.558229 15.652609 -0.308996 -0.931123 -0.193732 -0.839695 0.400853 0.366373 0 0 0 0 0 0
-16.096901 -0.323402 15.484647 -0.302068 -0.889093 0.343900 -0.848895 0.525580 0.056070 0 0 0 0 0 0
-16.420666 -0.234660 15.203217 -0.299705 -0.565442 0.768409 -0.860334 0.440204 -0.256994 0 0 0 0 0 0
-16.787790 -0.352872 15.060373 -0.310463 -0.059695 0.948709 -0.923923 0.161506 -0.346817 0 0 0 0 0 0
-17.250485 -0.183516 14.876625 -0.280680 0.257648 0.924574 -0.914660 -0.000044 -0.404223 0 0 0 0 0 0
-17.428391 -0.645829 14.742561 -0.315024 0.686885 0.654942 -0.888316 -0.296650 -0.350562 0 0 0 0 0 0
-17.793270 -0.969674 14.830003 -0.325500 0.934687 0.142866 -0.875692 -0.415497 -0.246020 0 0 0 0 0 0
-18.123977 -1.122326 15.031623 -0.332889 0.838094 -0.432184 -0.865766 -0.500398 0.007178 0 0 0 0 0 0
-18.456011 -1.149314 15.273834 -0.333994 0.418541 -0.844554 -0.852302 -0.438220 0.285558 0 0 0 0 0 0
-18.787609 -1.049945 15.499435 -0.328326 -0.156978 -0.931429 -0.840838 -0.213560 0.497377 0 0 0 0 0 0
-19.116846 -0.836050 15.646305 -0.318815 -0.664036 -0.676323 -0.836279 0.111522 0.536842 0 0 0 0 0 0
-19.443699 -0.560274 15.648226 -0.309054 -0.931090 -0.193794 -0.839698 0.400834 0.366387 0 0 0 0 0 0
-19.768361 -0.325430 15.480090 -0.302122 -0.889055 0.343952 -0.848880 0.525599 0.056115 0 0 0 0 0 0
-20.092329 -0.236672 15.198777 -0.299645 -0.565454 0.768424 -0.860371 0.440133 -0.256992 0 0 0 0 0 0
-20.459698 -0.358276 15.075554 -0.314336 -0.059335 0.947456 -0.929862 0.154580 -0.333858 0 0 0 0 0 0
-20.922657 -0.180152 14.876764 -0.277247 0.259908 0.924977 -0.906799 0.018113 -0.421175 0 0 0 0 0 0
-20.961265 -0.141945 13.888029 -0.314954 -0.686885 -0.654976 -0.161165 -0.544951 -0.822833 0 0 0 0 0 0
-21.447265 -0.327197 11.926862 -0.325501 -0.934692 -0.142831 -0.875637 0.415544 0.246135 0 0 0 0 0 0
-21.778060 -0.174596 11.725367 -0.332892 -0.838099 0.432173 -0.865772 0.500387 -0.007213 0 0 0 0 0 0
-22.110065 -0.147603 11.483052 -0.333986 -0.418528 0.844564 -0.852285 0.438232 -0.285592 0 0 0 0 0 0
-22.441688 -0.246974 11.257548 -0.328341 0.156983 0.931423 -0.840876 0.213529 -0.497325 0 0 0 0 0 0
-22.771067 -0.460817 11.110572 -0.318753 0.664049 0.676340 -0.836287 -0.111398 -0.536856 0 0 0 0 0 0
-23.097695 -0.736641 11.108756 -0.309055 0.931097 0.193761 -0.839657 -0.400924 -0.366383 0 0 0 0 0 0
-23.421121 -0.968872 11.280229 -0.302068 0.889091 -0.343907 -0.850156 -0.524283 -0.048600 0 0 0 0 0 0
-23.745323 -1.058146 11.562589 -0.299704 0.565440 -0.768411 -0.860330 -0.440205 0.257005 0 0 0 0 0 0
-24.112834 -0.936599 11.685740 -0.314421 0.059340 -0.947427 -0.929862 -0.154548 0.333873 0 0 0 0 0 0
-24.575824 -1.114721 11.884612 -0.277245 -0.259908 -0.924977 -0.906761 -0.018134 0.421254 0 0 0 0 0 0
-24.750162 -0.647704 12.018110 -0.315016 -0.686872 -0.654960 -0.888916 0.294240 0.351071 0 0 0 0 0 0
-25.117070 -0.325155 11.931314 -0.325502 -0.934691 -0.142831 -0.875682 0.415457 0.246124 0 0 0 0 0 0
-25.447802 -0.172542 11.729786 -0.332892 -0.838099 0.432173 -0.865772 0.500387 -0.007214 0 0 0 0 0 0
-25.779829 -0.145546 11.487473 -0.333921 -0.418538 0.844584 -0.852265 0.438279 -0.285579 0 0 0 0 0 0
-26.111221 -0.244954 11.261969 -0.328341 0.156984 0.931423 -0.840823 0.213526 -0.497417 0 0 0 0 0 0
-26.308759 -0.457390 10.447354 -0.318815 -0.664030 -0.676329 -0.156547 -0.619899 -0.768907 0 0 0 0 0 0
-26.816489 -0.558222 8.579461 -0.309055 -0.931097 -0.193761 -0.839707 0.400831 0.366368 0 0 0 0 0 0
-27.141182 -0.323381 8.411438 -0.302129 -0.889076 0.343894 -0.848900 0.525575 0.056030 0 0 0 0 0 0
-27.465122 -0.234631 8.130019 -0.299642 -0.565448 0.768429 -0.860358 0.440195 -0.256927 0 0 0 0 0 0
-27.832117 -0.352886 7.987227 -0.310402 -0.059697 0.948729 -0.923949 0.161493 -0.346754 0 0 0 0 0 0
-28.294664 -0.183562 7.803472 -0.280678 0.257646 0.924575 -0.914608 -0.000094 -0.404341 0 0 0 0 0 0
-28.472772 -0.645802 7.669390 -0.314955 0.686888 0.654972 -0.888369 -0.296588 -0.350481 0 0 0 0 0 0
-28.837557 -0.969682 7.756875 -0.325502 0.934691 0.142831 -0.875699 -0.415424 -0.246119 0 0 0 0 0 0
-29.168363 -1.122319 7.958397 -0.332891 0.838099 -0.432172 -0.865772 -0.500387 0.007229 0 0 0 0 0 0
-29.500393 -1.149318 8.200717 -0.333921 0.418541 -0.844583 -0.852266 -0.438278 0.285580 0 0 0 0 0 0
-29.831786 -1.049901 8.426207 -0.328341 -0.156985 -0.931422 -0.840828 -0.213521 0.497411 0 0 0 0 0 0
-30.161213 -0.836101 8.573191 -0.318814 -0.664033 -0.676327 -0.836308 0.111413 0.536821 0 0 0 0 0 0
-30.488085 -0.560271 8.575047 -0.308994 -0.931115 -0.193772 -0.839687 0.400850 0.366394 0 0 0 0 0 0
-30.812698 -0.325448 8.407006 -0.302068 -0.889093 0.343900 -0.848902 0.525569 0.056061 0 0 0 0 0 0
-31.136473 -0.236713 8.125582 -0.299702 -0.565437 0.768414 -0.860329 0.440209 -0.257004 0 0 0 0 0 0
-31.503987 -0.358260 8.002436 -0.314419 -0.059337 0.947428 -0.929862 0.154546 -0.333874 0 0 0 0 0 0
-31.966978 -0.180134 7.803563 -0.277243 0.259904 0.924979 -0.906762 0.018128 -0.421253 0 0 0 0 0 0
-32.005483 -0.141949 6.814852 -0.315018 -0.686873 -0.654957 -0.161196 -0.544946 -0.822830 0 0 0 0 0 0
-32.491709 -0.327209 4.853730 -0.325501 -0.934692 -0.142831 -0.875677 0.415457 0.246140 0 0 0 0 0 0
-32.822434 -0.174598 4.652189 -0.332891 -0.838096 0.432179 -0.865771 0.500388 -0.007217 0 0 0 0 0 0
-33.154464 -0.147597 4.409878 -0.333921 -0.418538 0.844584 -0.852266 0.438274 -0.285585 0 0 0 0 0 0
-33.485839 -0.247008 4.184389 -0.328405 0.156979 0.931401 -0.840851 0.213481 -0.497388 0 0 0 0 0 0
-33.815366 -0.460818 4.037371 -0.318814 0.664031 0.676328 -0.836281 -0.111420 -0.536861 0 0 0 0 0 0
-34.142135 -0.736633 4.035559 -0.309055 0.931097 0.193761 -0.839714 -0.400837 -0.366347 0 0 0 0 0 0
-34.471154 -0.964663 4.217986 -0.302069 0.889093 -0.343901 -0.859155 -0.511090 -0.025281 0 0 0 0 0 0
-34.799457 -1.058150 4.507416 -0.299642 0.565448 -0.768429 -0.860307 -0.440252 0.257003 0 0 0 0 0 0
-35.166876 -0.936586 4.630538 -0.314419 0.059339 -0.947428 -0.929873 -0.154533 0.333849 0 0 0 0 0 0
-35.629942 -1.114721 4.829431 -0.277243 -0.259906 -0.924978 -0.906762 -0.018132 0.421254 0 0 0 0 0 0
-35.804298 -0.647695 4.962918 -0.314955 -0.686890 -0.654970 -0.888909 0.294245 0.351087 0 0 0 0 0 0
-36.170985 -0.325147 4.876104 -0.325502 -0.934690 -0.142838 -0.875636 0.415551 0.246127 0 0 0 0 0 0
-36.501775 -0.172542 4.674589 -0.332892 -0.838099 0.432173 -0.865773 0.500384 -0.007220 0 0 0 0 0 0
-36.833785 -0.145551 4.432285 -0.333986 -0.418528 0.844564 -0.852286 0.438235 -0.285584 0 0 0 0 0 0
-37.165405 -0.244921 4.206786 -0.328344 0.156985 0.931422 -0.840876 0.213531 -0.497324 0 0 0 0 0 0
-37.323728 -0.459185 3.410847 -0.318815 -0.664031 -0.676328 -0.146200 -0.623271 -0.768218 0 0 0 0 0 0
-37.825148 -0.558223 1.543071 -0.309055 -0.931097 -0.193761 -0.839708 0.400833 0.366366 0 0 0 0 0 0
-38.149987 -0.323390 1.375074 -0.302068 -0.889093 0.343900 -0.848955 0.525482 0.056081 0 0 0 0 0 0
-38.473716 -0.234656 1.093609 -0.299642 -0.565449 0.768428 -0.860309 0.440247 -0.257002 0 0 0 0 0 0
-38.840756 -0.352888 0.950841 -0.310467 -0.059696 0.948708 -0.923952 0.161474 -0.346754 0 0 0 0 0 0
-39.303387 -0.183556 0.767055 -0.280745 0.257641 0.924556 -0.914604 -0.000106 -0.404351 0 0 0 0 0 0
-39.481497 -0.645803 0.632976 -0.315017 0.686871 0.654960 -0.888358 -0.296605 -0.350492 0 0 0 0 0 0
-39.846296 -0.969702 0.720470 -0.325501 0.934691 0.142834 -0.875680 -0.415456 -0.246131 0 0 0 0 0 0
-40.177023 -1.122321 0.922005 -0.332891 0.838099 -0.432173 -0.865770 -0.500390 0.007214 0 0 0 0 0 0
-40.509051 -1.149318 1.164324 -0.333920 0.418540 -0.844584 -0.852265 -0.438277 0.285584 0 0 0 0 0 0
-40.840445 -1.049901 1.389816 -0.328342 -0.156985 -0.931422 -0.840828 -0.213521 0.497411 0 0 0 0 0 0
-41.169872 -0.836102 1.536801 -0.318814 -0.664033 -0.676326 -0.836308 0.111413 0.536821 0 0 0 0 0 0
-41.496742 -0.560274 1.538643 -0.308995 -0.931116 -0.193765 -0.839690 0.400852 0.366386 0 0 0 0 0 0
-41.821360 -0.325449 1.370619 -0.302068 -0.889093 0.343900 -0.848899 0.525572 0.056069 0 0 0 0 0 0
-42.145132 -0.236713 1.089193 -0.299702 -0.565437 0.768413 -0.860329 0.440208 -0.257003 0 0 0 0 0 0
-42.512646 -0.358260 0.966048 -0.314419 -0.059337 0.947428 -0.929862 0.154547 -0.333874 0 0 0 0 0 0
-42.975637 -0.180134 0.767174 -0.277243 0.259904 0.924979 -0.906761 0.018129 -0.421254 0 0 0 0 0 0
-43.014142 -0.141949 -0.221536 -0.315018 -0.686872 -0.654958 -0.161196 -0.544946 -0.822831 0 0 0 0 0 0
-43.500368 -0.327210 -2.182660 -0.325501 -0.934691 -0.142838 -0.875680 0.415461 0.246122 0 0 0 0 0 0
-43.831092 -0.174596 -2.384208 -0.332891 -0.838097 0.432176 -0.865772 0.500386 -0.007213 0 0 0 0 0 0
-44.163123 -0.147598 -2.626515 -0.333921 -0.418538 0.844585 -0.852265 0.438279 -0.285581 0 0 0 0 0 0
-44.494497 -0.247008 -2.852001 -0.328408 0.156980 0.931400 -0.840852 0.213482 -0.497387 0 0 0 0 0 0
-44.824026 -0.460814 -2.999020 -0.318814 0.664031 0.676328 -0.836281 -0.111425 -0.536860 0 0 0 0 0 0
-45.150795 -0.736636 -3.000844 -0.309055 0.931097 0.193761 -0.839708 -0.400831 -0.366368 0 0 0 0 0 0
-45.885868 0.962964 -3.347920 0.994263 0.000000 0.106963 0.442676 -0.896417 0.021786 0 0 0 0 0 0
-38.862706 -0.000001 -3.042682 0.000000 1.000000 0.000000 0.000000 0.000000 1.000000 0 0 0 0 0 0
-39.266353 -0.000001 -3.181859 0.000000 1.000000 0.000000 0.000000 0.000000 1.000000 0 0 0 0 0 0
-39.718118 -0.000001 -3.765000 0.000000 1.000000 0.000000 0.000000 0.000000 1.000000 0 0 0 0 0 0
-39.389765 -0.000001 -4.425635 0.000000 1.000000 0.000000 0.000000 0.000000 1.000000 0 0 0 0 0 0
-45.577025 -0.365475 -5.900033 0.988371 0.000000 0.152059 0.170945 -0.542297 0.822613 0 0 0 0 0 0
-45.447515 -1.128061 -5.680464 0.308995 0.931116 0.193765 0.862025 -0.434406 -0.261161 0 0 0 0 0 0
-44.896551 -1.227344 -5.906124 0.318814 0.664033 0.676327 0.877046 -0.430193 -0.213830 0 0 0 0 0 0
-44.567017 -1.142357 -6.161094 0.328341 0.156985 0.931422 0.874424 -0.254612 -0.412983 0 0 0 0 0 0
-44.235355 -0.943856 -6.318595 0.333921 -0.418541 0.844583 0.865280 -0.002643 -0.501282 0 0 0 0 0 0
-43.902788 -0.702515 -6.349681 0.332890 -0.838097 0.432178 0.852444 0.275656 -0.444243 0 0 0 0 0 0
-43.571151 -0.477236 -6.254066 0.325502 -0.934691 -0.142831 0.841304 0.491634 -0.224731 0 0 0 0 0 0
-43.242188 -0.328601 -6.043979 0.315018 -0.686873 -0.654958 0.836651 0.538596 0.099648 0 0 0 0 0 0
-42.803351 -0.234216 -5.855971 0.277243 -0.259904 -0.924979 0.878267 0.385959 0.282281 0 0 0 0 0 0
-42.486033 -0.199724 -5.737353 0.314419 0.059337 -0.947428 0.912838 -0.154491 0.377967 0 0 0 0 0 0
-42.201535 -0.591216 -5.459455 0.299702 0.565437 -0.768414 0.858955 -0.140037 0.492529 0 0 0 0 0 0
-41.876818 -0.912873 -5.457703 0.302068 0.889093 -0.343900 0.865775 -0.370540 0.336354 0 0 0 0 0 0
-41.552470 -1.146454 -5.634643 0.308995 0.931116 0.193765 0.873682 -0.482801 0.059866 0 0 0 0 0 0
-41.225963 -1.227344 -5.906124 0.318814 0.664033 0.676327 0.877046 -0.430193 -0.213830 0 0 0 0 0 0
-40.896429 -1.142357 -6.161094 0.328341 0.156985 0.931422 0.874424 -0.254612 -0.412983 0 0 0 0 0 0
-40.564767 -0.943856 -6.318595 0.333921 -0.418541 0.844583 0.865280 -0.002643 -0.501282 0 0 0 0 0 0
-40.232200 -0.702515 -6.349681 0.332890 -0.838097 0.432178 0.852444 0.275656 -0.444243 0 0 0 0 0 0
-39.900563 -0.477236 -6.254066 0.325502 -0.934691 -0.142831 0.841304 0.491634 -0.224731 0 0 0 0 0 0
-39.571600 -0.328601 -6.043979 0.315018 -0.686873 -0.654958 0.836651 0.538596 0.099648 0 0 0 0 0 0
-39.131658 -0.245014 -5.873157 0.280744 -0.257641 -0.924556 0.884435 0.377727 0.274038 0 0 0 0 0 0
-38.811386 -0.191256 -5.734936 0.310467 0.059696 -0.948708 0.907593 -0.129161 0.399489 0 0 0 0 0 0
-38.532702 -0.592555 -5.455541 0.299642 0.565448 -0.768429 0.859494 -0.134638 0.493095 0 0 0 0 0 0
-38.205449 -0.910837 -5.453314 0.302068 0.889093 -0.343900 0.865726 -0.370630 0.336382 0 0 0 0 0 0
-37.881051 -1.144403 -5.630213 0.309055 0.931097 0.193761 0.873694 -0.482778 0.059868 0 0 0 0 0 0
-37.554325 -1.225303 -5.901674 0.318815 0.664030 0.676329 0.877096 -0.430121 -0.213773 0 0 0 0 0 0
-37.237066 -1.139351 -6.162813 0.328342 0.156978 0.931423 0.867308 -0.257238 -0.426151 0 0 0 0 0 0
-36.906053 -0.941837 -6.318607 0.333921 -0.418538 0.844585 0.865349 -0.002671 -0.501162 0 0 0 0 0 0
-36.573471 -0.700459 -6.349708 0.332891 -0.838096 0.432180 0.852445 0.275656 -0.444242 0 0 0 0 0 0
-36.241833 -0.475182 -6.254094 0.325501 -0.934692 -0.142831 0.841304 0.491633 -0.224731 0 0 0 0 0 0
-35.912871 -0.326547 -6.044006 0.315018 -0.686873 -0.654957 0.836650 0.538597 0.099646 0 0 0 0 0 0
-35.474151 -0.232178 -5.855962 0.277243 -0.259904 -0.924979 0.878207 0.386017 0.282387 0 0 0 0 0 0
-35.156704 -0.197626 -5.737400 0.314353 0.059338 -0.947450 0.912900 -0.154428 0.377844 0 0 0 0 0 0
-34.872284 -0.589164 -5.459503 0.299642 0.565448 -0.768429 0.858962 -0.140021 0.492523 0 0 0 0 0 0
-34.625388 0.687271 -4.657897 0.302069 -0.889093 0.343901 0.203425 -0.522132 0.828249 0 0 0 0 0 0
-34.195013 -0.146804 -2.904602 0.309055 -0.931097 -0.193761 0.873793 0.477151 -0.093876 0 0 0 0 0 0
-33.871311 -0.069553 -2.637352 0.318814 -0.664031 -0.676328 0.877096 0.430127 0.213761 0 0 0 0 0 0
-33.541984 -0.154574 -2.382335 0.328405 -0.156979 -0.931401 0.874372 0.254615 0.413091 0 0 0 0 0 0
-33.210113 -0.353021 -2.224842 0.333920 0.418538 -0.844585 0.865325 0.002678 0.501204 0 0 0 0 0 0
-32.877613 -0.594399 -2.193777 0.332891 0.838097 -0.432176 0.852447 -0.275656 0.444237 0 0 0 0 0 0
-32.545972 -0.819676 -2.289382 0.325501 0.934692 0.142831 0.841302 -0.491635 0.224736 0 0 0 0 0 0
-32.217012 -0.968311 -2.499471 0.315018 0.686872 0.654959 0.836650 -0.538598 -0.099645 0 0 0 0 0 0
-31.778175 -1.062694 -2.687477 0.277243 0.259903 0.924979 0.878268 -0.385955 -0.282282 0 0 0 0 0 0
-31.460854 -1.097195 -2.806097 0.314419 -0.059332 0.947428 0.912838 0.154488 -0.377968 0 0 0 0 0 0
-31.176360 -0.705694 -3.083994 0.299703 -0.565434 0.768415 0.858957 0.140042 -0.492526 0 0 0 0 0 0
-30.851642 -0.384036 -3.085745 0.302068 -0.889094 0.343900 0.865774 0.370538 -0.336359 0 0 0 0 0 0
-30.527441 -0.150438 -2.908782 0.309055 -0.931097 -0.193761 0.873628 0.482903 -0.059824 0 0 0 0 0 0
-30.200722 -0.069553 -2.637352 0.318814 -0.664031 -0.676328 0.877096 0.430127 0.213761 0 0 0 0 0 0
-29.871396 -0.154574 -2.382335 0.328405 -0.156979 -0.931401 0.874372 0.254615 0.413091 0 0 0 0 0 0
-29.539525 -0.353021 -2.224842 0.333920 0.418538 -0.844585 0.865325 0.002678 0.501204 0 0 0 0 0 0
-29.356693 0.135931 -1.040969 0.332891 -0.838099 0.432173 0.164384 -0.628454 0.760279 0 0 0 0 0 0
-28.891903 -0.477240 0.782326 0.325501 -0.934691 -0.142834 0.841303 0.491636 -0.224727 0 0 0 0 0 0
-28.562797 -0.328601 0.992386 0.314955 -0.686886 -0.654974 0.836702 0.538531 0.099565 0 0 0 0 0 0
-28.122918 -0.245031 1.163222 0.280679 -0.257647 -0.924574 0.884439 0.377734 0.274017 0 0 0 0 0 0
-27.802652 -0.191267 1.301433 0.310402 0.059697 -0.948729 0.907601 -0.129162 0.399471 0 0 0 0 0 0
-27.524111 -0.592585 1.580832 0.299643 0.565449 -0.768428 0.859443 -0.134693 0.493169 0 0 0 0 0 0
-27.196808 -0.910828 1.583074 0.302129 0.889076 -0.343894 0.865745 -0.370620 0.336343 0 0 0 0 0 0
-26.872314 -1.144425 1.406186 0.309055 0.931097 0.193761 0.873672 -0.482817 0.059874 0 0 0 0 0 0
-26.545665 -1.225303 1.134721 0.318815 0.664032 0.676328 0.877097 -0.430120 -0.213772 0 0 0 0 0 0
-26.185546 -1.142469 0.897956 0.328341 0.156978 0.931424 0.891080 -0.248763 -0.379596 0 0 0 0 0 0
-25.852060 -0.941808 0.736562 0.333921 -0.418538 0.844584 0.865278 -0.002640 -0.501285 0 0 0 0 0 0
-25.519495 -0.700460 0.705486 0.332892 -0.838098 0.432174 0.852447 0.275656 -0.444240 0 0 0 0 0 0
-25.187713 -0.475203 0.801072 0.325436 -0.934713 -0.142837 0.841356 0.491535 -0.224754 0 0 0 0 0 0
-24.858816 -0.326567 1.011182 0.314955 -0.686886 -0.654974 0.836651 0.538601 0.099617 0 0 0 0 0 0
-24.420113 -0.232198 1.199201 0.277244 -0.259905 -0.924978 0.878231 0.385980 0.282365 0 0 0 0 0 0
-24.102738 -0.197670 1.317800 0.314420 0.059337 -0.947428 0.912839 -0.154488 0.377967 0 0 0 0 0 0
-23.818241 -0.589161 1.595698 0.299703 0.565439 -0.768412 0.858955 -0.140036 0.492531 0 0 0 0 0 0
-23.571226 0.687250 2.397277 0.302068 -0.889091 0.343907 0.203455 -0.522138 0.828238 0 0 0 0 0 0
-23.152672 -0.149202 4.165842 0.309055 -0.931097 -0.193761 0.872965 0.483354 -0.065583 0 0 0 0 0 0
-22.826915 -0.069548 4.435819 0.318753 -0.664049 -0.676340 0.877082 0.430151 0.213767 0 0 0 0 0 0
-22.497669 -0.154591 4.690824 0.328341 -0.156983 -0.931423 0.874378 0.254631 0.413069 0 0 0 0 0 0
-22.165962 -0.353051 4.848305 0.333986 0.418528 -0.844564 0.865299 0.002613 0.501249 0 0 0 0 0 0
-21.833171 -0.594380 4.879424 0.332892 0.838099 -0.432173 0.852488 -0.275573 0.444211 0 0 0 0 0 0
-21.501596 -0.819672 4.783790 0.325501 0.934692 0.142831 0.841305 -0.491637 0.224720 0 0 0 0 0 0
-21.172616 -0.968317 4.573691 0.314954 0.686885 0.654976 0.836621 -0.538647 -0.099619 0 0 0 0 0 0
-20.733997 -1.062660 4.385673 0.277243 0.259903 0.924979 0.878230 -0.385978 -0.282371 0 0 0 0 0 0
-20.416618 -1.097195 4.267070 0.314419 -0.059332 0.947428 0.912838 0.154488 -0.377968 0 0 0 0 0 0
-20.131984 -0.705722 3.989175 0.299642 -0.565446 0.768431 0.859014 0.139964 -0.492448 0 0 0 0 0 0
-19.807472 -0.384021 3.987451 0.302067 -0.889092 0.343906 0.865727 0.370634 -0.336373 0 0 0 0 0 0
-19.483078 -0.150455 4.164366 0.309055 -0.931097 -0.193761 0.873696 0.482775 -0.059859 0 0 0 0 0 0
-19.156327 -0.069548 4.435819 0.318753 -0.664049 -0.676340 0.877082 0.430151 0.213767 0 0 0 0 0 0
-18.827080 -0.154591 4.690824 0.328341 -0.156983 -0.931423 0.874378 0.254631 0.413069 0 0 0 0 0 0
-18.495374 -0.353051 4.848305 0.333986 0.418528 -0.844564 0.865299 0.002613 0.501249 0 0 0 0 0 0
-18.312273 0.135924 6.032209 0.332891 -0.838099 0.432172 0.164405 -0.628453 0.760275 0 0 0 0 0 0
-17.847527 -0.477239 7.855500 0.325501 -0.934690 -0.142838 0.841301 0.491637 -0.224735 0 0 0 0 0 0
-17.518562 -0.328600 8.065576 0.315018 -0.686873 -0.654958 0.836650 0.538598 0.099643 0 0 0 0 0 0
-17.078603 -0.245010 8.236408 0.280678 -0.257646 -0.924575 0.884417 0.377770 0.274036 0 0 0 0 0 0
-16.758438 -0.191267 8.374592 0.310467 0.059696 -0.948708 0.907609 -0.129146 0.399458 0 0 0 0 0 0
-16.479810 -0.592584 8.654018 0.299704 0.565440 -0.768411 0.859436 -0.134707 0.493176 0 0 0 0 0 0
-16.152345 -0.910817 8.656290 0.302068 0.889091 -0.343906 0.865772 -0.370546 0.336354 0 0 0 0 0 0
-15.828000 -1.144410 8.479341 0.308994 0.931117 0.193765 0.873680 -0.482802 0.059879 0 0 0 0 0 0
-15.501494 -1.225283 8.207867 0.318816 0.664033 0.676325 0.877053 -0.430175 -0.213841 0 0 0 0 0 0
-15.171957 -1.140295 7.952896 0.328342 0.156978 0.931423 0.874421 -0.254628 -0.412980 0 0 0 0 0 0
-14.840295 -0.941808 7.795383 0.333921 -0.418538 0.844585 0.865276 -0.002641 -0.501288 0 0 0 0 0 0
-14.507731 -0.700460 7.764311 0.332892 -0.838098 0.432174 0.852448 0.275656 -0.444237 0 0 0 0 0 0
-14.175953 -0.475204 7.859897 0.325449 -0.934708 -0.142840 0.841358 0.491531 -0.224754 0 0 0 0 0 0
-13.847039 -0.326563 8.070007 0.314966 -0.686882 -0.654973 0.836650 0.538601 0.099627 0 0 0 0 0 0
-13.408329 -0.232193 8.258028 0.277238 -0.259906 -0.924980 0.878227 0.385988 0.282368 0 0 0 0 0 0
-13.090978 -0.197671 8.376623 0.314408 0.059338 -0.947432 0.912839 -0.154489 0.377966 0 0 0 0 0 0
-12.806449 -0.589152 8.654516 0.299680 0.565444 -0.768417 0.858975 -0.140009 0.492504 0 0 0 0 0 0
-12.559521 0.687262 9.456107 0.302080 -0.889087 0.343905 0.203438 -0.522132 0.828246 0 0 0 0 0 0
-12.140962 -0.148391 11.227612 0.309043 -0.931101 -0.193762 0.873674 0.482814 -0.059860 0 0 0 0 0 0
-11.814302 -0.067503 11.499066 0.318803 -0.664037 -0.676328 0.877079 0.430145 0.213792 0 0 0 0 0 0
-11.484930 -0.152519 11.754070 0.328354 -0.156983 -0.931418 0.874383 0.254632 0.413057 0 0 0 0 0 0
-11.153216 -0.350990 11.911566 0.333947 0.418534 -0.844576 0.865299 0.002647 0.501249 0 0 0 0 0 0
-10.820556 -0.592333 11.942652 0.332885 0.838101 -0.432175 0.852471 -0.275616 0.444216 0 0 0 0 0 0
-10.488944 -0.817612 11.847030 0.325483 0.934698 0.142832 0.841303 -0.491637 0.224730 0 0 0 0 0 0
-10.159971 -0.966258 11.636945 0.314985 0.686879 0.654967 0.836654 -0.538598 -0.099612 0 0 0 0 0 0
-9.720054 -1.049828 11.466120 0.280705 0.257641 0.924568 0.884433 -0.377730 -0.274041 0 0 0 0 0 0
-9.400475 -1.101049 11.331999 0.310454 -0.059698 0.948712 0.908004 0.135175 -0.396555 0 0 0 0 0 0
-9.122116 -0.700228 11.052937 0.299686 -0.565443 0.768416 0.859451 0.134688 -0.493157 0 0 0 0 0 0
-8.794715 -0.381981 11.050671 0.302080 -0.889087 0.343905 0.865754 0.370583 -0.336359 0 0 0 0 0 0
-8.470374 -0.148391 11.227612 0.309043 -0.931101 -0.193762 0.873674 0.482814 -0.059860 0 0 0 0 0 0
-8.143714 -0.067503 11.499066 0.318803 -0.664037 -0.676328 0.877079 0.430145 0.213792 0 0 0 0 0 0
-7.814342 -0.152519 11.754070 0.328354 -0.156983 -0.931418 0.874383 0.254632 0.413057 0 0 0 0 0 0
-7.482628 -0.350990 11.911566 0.333947 0.418534 -0.844576 0.865299 0.002647 0.501249 0 0 0 0 0 0
-7.299618 0.137982 13.095449 0.332886 -0.838103 0.432169 0.164402 -0.628455 0.760274 0 0 0 0 0 0
-6.834847 -0.475193 14.918750 0.325481 -0.934696 -0.142846 0.841298 0.491644 -0.224730 0 0 0 0 0 0
-6.505889 -0.326554 15.128846 0.314989 -0.686870 -0.654975 0.836650 0.538599 0.099636 0 0 0 0 0 0
-6.067137 -0.232172 15.316901 0.277229 -0.259898 -0.924985 0.878231 0.385985 0.282357 0 0 0 0 0 0
-5.749798 -0.197674 15.435463 0.314410 0.059338 -0.947431 0.912853 -0.154514 0.377922 0 0 0 0 0 0
-5.465272 -0.589150 15.713368 0.299681 0.565447 -0.768415 0.858968 -0.139995 0.492519 0 0 0 0 0 0
-5.140639 -0.910818 15.715117 0.302087 0.889088 -0.343898 0.865754 -0.370596 0.336346 0 0 0 0 0 0
-4.816262 -1.144412 15.538214 0.309045 0.931107 0.193729 0.873686 -0.482799 0.059811 0 0 0 0 0 0
-4.489630 -1.225299 15.266714 0.318804 0.664036 0.676328 0.877071 -0.430181 -0.213755 0 0 0 0 0 0
-4.160245 -1.140281 15.011762 0.328361 0.156980 0.931416 0.874395 -0.254624 -0.413038 0 0 0 0 0 0
-3.815998 -0.945929 14.861342 0.333947 -0.418536 0.844575 0.873333 -0.005547 -0.487092 0 0 0 0 0 0
-3.482319 -0.702522 14.829237 0.332889 -0.838112 0.432150 0.852458 0.275585 -0.444261 0 0 0 0 0 0
-3.150683 -0.477255 14.924804 0.325483 -0.934699 -0.142825 0.841308 0.491637 -0.224709 0 0 0 0 0 0
-2.821733 -0.328608 15.134934 0.314987 -0.686880 -0.654965 0.836655 0.538592 0.099636 0 0 0 0 0 0
-2.383004 -0.234236 15.322982 0.277240 -0.259901 -0.924981 0.878229 0.385988 0.282359 0 0 0 0 0 0
-2.065631 -0.199724 15.441536 0.314403 0.059338 -0.947433 0.912858 -0.154510 0.377912 0 0 0 0 0 0
-1.781140 -0.591206 15.719436 0.299687 0.565446 -0.768413 0.858965 -0.140000 0.492523 0 0 0 0 0 0
-1.534195 0.685212 16.521006 0.302082 -0.889090 0.343898 0.203439 -0.522137 0.828243 0 0 0 0 0 0
-1.115629 -0.150446 18.292471 0.309043 -0.931108 -0.193729 0.873683 0.482805 -0.059810 0 0 0 0 0 0
-0.788990 -0.069558 18.563966 0.318804 -0.664037 -0.676327 0.877075 0.430175 0.213751 0 0 0 0 0 0
-0.459622 -0.154560 18.819038 0.328337 -0.156975 -0.931426 0.874354 0.254654 0.413105 0 0 0 0 0 0
-0.127892 -0.353051 18.976476 0.333941 0.418526 -0.844582 0.865335 0.002595 0.501187 0 0 0 0 0 0
0.204762 -0.594404 19.007553 0.332885 0.838104 -0.432169 0.852465 -0.275591 0.444245 0 0 0 0 0 0
0.536381 -0.819664 18.911935 0.325482 0.934697 0.142839 0.841306 -0.491638 0.224714 0 0 0 0 0 0
0.865344 -0.968305 18.701822 0.314976 0.686852 0.655000 0.836627 -0.538648 -0.099569 0 0 0 0 0 0
1.305301 -1.051909 18.531111 0.280699 0.257646 0.924568 0.884453 -0.377713 -0.274000 0 0 0 0 0 0
1.624822 -1.103111 18.396901 0.310451 -0.059690 0.948714 0.907977 0.135159 -0.396624 0 0 0 0 0 0
1.903196 -0.702271 18.117818 0.299688 -0.565444 0.768415 0.859447 0.134663 -0.493171 0 0 0 0 0 0
2.230602 -0.384039 18.115563 0.302080 -0.889090 0.343899 0.865756 0.370587 -0.336351 0 0 0 0 0 0
2.554950 -0.150446 18.292472 0.309045 -0.931107 -0.193729 0.873682 0.482808 -0.059808 0 0 0 0 0 0
2.881602 -0.069558 18.563965 0.318803 -0.664037 -0.676328 0.877077 0.430172 0.213747 0 0 0 0 0 0
3.210960 -0.154561 18.819039 0.328339 -0.156975 -0.931425 0.874352 0.254654 0.413111 0 0 0 0 0 0
3.542702 -0.353048 18.976475 0.333941 0.418526 -0.844582 0.865340 0.002598 0.501179 0 0 0 0 0 0
3.725701 0.135924 20.160340 0.332885 -0.838104 0.432168 0.164399 -0.628456 0.760274 0 0 0 0 0 0
4.190483 -0.477250 21.983640 0.325482 -0.934697 -0.142839 0.841310 0.491631 -0.224712 0 0 0 0 0 0
4.519444 -0.328608 22.193741 0.314988 -0.686883 -0.654961 0.836661 0.538577 0.099665 0 0 0 0 0 0
4.958171 -0.234237 22.381808 0.277245 -0.259906 -0.924978 0.878233 0.385979 0.282360 0 0 0 0 0 0
5.275547 -0.199726 22.500361 0.314403 0.059338 -0.947433 0.912858 -0.154508 0.377913 0 0 0 0 0 0
5.560037 -0.591206 22.778259 0.299687 0.565446 -0.768413 0.858965 -0.140000 0.492523 0 0 0 0 0 0
5.884701 -0.912870 22.780014 0.302081 0.889090 -0.343899 0.865757 -0.370589 0.336347 0 0 0 0 0 0
6.209050 -1.146459 22.603104 0.309046 0.931107 0.193730 0.873683 -0.482805 0.059807 0 0 0 0 0 0
6.535701 -1.227360 22.331612 0.318803 0.664039 0.676326 0.877073 -0.430181 -0.213744 0 0 0 0 0 0
6.865074 -1.142339 22.076651 0.328361 0.156987 0.931415 0.874391 -0.254617 -0.413051 0 0 0 0 0 0
7.196791 -0.943873 21.919103 0.333940 -0.418529 0.844581 0.865280 -0.002661 -0.501281 0 0 0 0 0 0
7.529443 -0.702510 21.888023 0.332885 -0.838104 0.432168 0.852466 0.275590 -0.444243 0 0 0 0 0 0
7.861071 -0.477250 21.983640 0.325482 -0.934697 -0.142839 0.841310 0.491631 -0.224712 0 0 0 0 0 0
8.190032 -0.328608 22.193741 0.314988 -0.686883 -0.654961 0.836661 0.538577 0.099665 0 0 0 0 0 0
8.629958 -0.245023 22.364613 0.280698 -0.257645 -0.924569 0.884426 0.377739 0.274049 0 0 0 0 0 0
8.950193 -0.191265 22.502851 0.310450 0.059695 -0.948713 0.907588 -0.129153 0.399504 0 0 0 0 0 0
9.228807 -0.592581 22.782137 0.299687 0.565446 -0.768413 0.859497 -0.134764 0.493056 0 0 0 0 0 0
9.478474 0.687257 23.584336 0.302087 -0.889088 0.343899 0.203431 -0.522132 0.828248 0 0 0 0 0 0
9.897065 -0.148383 25.355824 0.309035 -0.931097 -0.193795 0.873660 0.482826 -0.059978 0 0 0 0 0 0
10.223693 -0.067503 25.627243 0.318803 -0.664037 -0.676328 0.877077 0.430124 0.213845 0 0 0 0 0 0
10.553085 -0.152518 25.882263 0.328354 -0.156986 -0.931418 0.874394 0.254622 0.413041 0 0 0 0 0 0
10.884794 -0.350992 26.039674 0.333961 0.418552 -0.844562 0.865324 0.002637 0.501206 0 0 0 0 0 0
11.217470 -0.592299 26.070775 0.332880 0.838105 -0.432170 0.852470 -0.275653 0.444196 0 0 0 0 0 0
11.549080 -0.817635 25.975239 0.325483 0.934697 0.142839 0.841258 -0.491628 0.224917 0 0 0 0 0 0
11.878028 -0.966257 25.765177 0.314987 0.686885 0.654959 0.836656 -0.538585 -0.099661 0 0 0 0 0 0
12.316754 -1.060623 25.577107 0.277245 0.259908 0.924977 0.878235 -0.385976 -0.282359 0 0 0 0 0 0
12.634127 -1.095129 25.458557 0.314410 -0.059340 0.947431 0.912858 0.154508 -0.377911 0 0 0 0 0 0
12.918629 -0.703653 25.180656 0.299687 -0.565446 0.768413 0.858963 0.140003 -0.492526 0 0 0 0 0 0
13.243283 -0.381989 25.178904 0.302087 -0.889088 0.343899 0.865759 0.370588 -0.336341 0 0 0 0 0 0
13.567653 -0.148383 25.355824 0.309035 -0.931097 -0.193795 0.873660 0.482826 -0.059978 0 0 0 0 0 0
13.894272 -0.067506 25.627241 0.318835 -0.664029 -0.676320 0.877084 0.430108 0.213847 0 0 0 0 0 0
14.223717 -0.152510 25.882274 0.328342 -0.156987 -0.931422 0.874380 0.254639 0.413059 0 0 0 0 0 0
14.555305 -0.351003 26.039671 0.334000 0.418546 -0.844549 0.865312 0.002607 0.501226 0 0 0 0 0 0
14.888109 -0.592288 26.070790 0.332893 0.838101 -0.432168 0.852495 -0.275618 0.444169 0 0 0 0 0 0
15.219693 -0.817638 25.975241 0.325502 0.934690 0.142838 0.841259 -0.491628 0.224909 0 0 0 0 0 0
15.548633 -0.966263 25.765175 0.315019 0.686878 0.654952 0.836653 -0.538587 -0.099678 0 0 0 0 0 0
15.988586 -1.049839 25.594292 0.280678 0.257643 0.924575 0.884414 -0.377761 -0.274058 0 0 0 0 0 0
16.308028 -1.101016 25.460229 0.310484 -0.059701 0.948702 0.907994 0.135212 -0.396565 0 0 0 0 0 0
16.586554 -0.700272 25.181155 0.299645 -0.565454 0.768424 0.859486 0.134645 -0.493107 0 0 0 0 0 0
16.913801 -0.381979 25.178923 0.302069 -0.889093 0.343901 0.865726 0.370643 -0.336366 0 0 0 0 0 0
18.092747 -0.921316 25.257388 -0.608716 0.000000 -0.793388 0.061797 0.735114 -0.675121 0 0 0 0 0 0
15.474706 0.000000 20.643412 0.000000 1.000000 0.000000 0.000000 0.000000 1.000000 0 0 0 0 0 0
15.878353 0.000000 20.504235 0.000000 1.000000 0.000000 0.000000 0.000000 1.000000 0 0 0 0 0 0
16.330118 0.000000 19.921059 0.000000 1.000000 0.000000 0.000000 0.000000 1.000000 0 0 0 0 0 0
16.001765 0.000000 19.260353 0.000000 1.000000 0.000000 0.000000 0.000000 1.000000 0 0 0 0 0 0
18.041913 0.396936 21.849567 -0.654817 0.000000 -0.755787 -0.354581 -0.302613 0.884702 0 0 0 0 0 0
17.167411 -0.335631 22.479124 -0.302129 -0.889076 0.343894 -0.852996 0.442816 -0.276247 0 0 0 0 0 0
16.628944 -0.234631 22.272506 -0.299645 -0.565454 0.768424 -0.860364 0.440191 -0.256917 0 0 0 0 0 0
16.261942 -0.352894 22.129777 -0.310398 -0.059697 0.948730 -0.923965 0.161495 -0.346709 0 0 0 0 0 0
15.798828 -0.182185 21.949604 -0.280678 0.257647 0.924574 -0.915508 0.001226 -0.402297 0 0 0 0 0 0
15.622291 -0.643780 21.816307 -0.315020 0.686876 0.654953 -0.888310 -0.296652 -0.350574 0 0 0 0 0 0
15.257435 -0.967632 21.903860 -0.325504 0.934700 0.142767 -0.875682 -0.415454 -0.246127 0 0 0 0 0 0
14.926682 -1.120243 22.105322 -0.332893 0.838101 -0.432168 -0.865782 -0.500367 0.007317 0 0 0 0 0 0
14.594653 -1.147253 22.347640 -0.333935 0.418556 -0.844570 -0.852284 -0.438263 0.285548 0 0 0 0 0 0
14.263137 -1.047870 22.573078 -0.328335 -0.156982 -0.931425 -0.840900 -0.213529 0.497285 0 0 0 0 0 0
13.933845 -0.834021 22.720090 -0.318822 -0.664032 -0.676324 -0.836230 0.111473 0.536929 0 0 0 0 0 0
13.606971 -0.558215 22.722015 -0.309041 -0.931095 -0.193794 -0.839689 0.400838 0.366404 0 0 0 0 0 0
13.282270 -0.323388 22.553901 -0.302081 -0.889090 0.343899 -0.848933 0.525526 0.055999 0 0 0 0 0 0
12.958491 -0.234654 22.272488 -0.299687 -0.565446 0.768413 -0.860330 0.440214 -0.256988 0 0 0 0 0 0
12.590989 -0.356208 22.149340 -0.314382 -0.059334 0.947441 -0.929866 0.154577 -0.333850 0 0 0 0 0 0
12.128032 -0.178101 21.950509 -0.277245 0.259906 0.924978 -0.906770 0.018107 -0.421237 0 0 0 0 0 0
12.089494 -0.139892 20.961818 -0.314987 -0.686885 -0.654959 -0.161182 -0.544954 -0.822828 0 0 0 0 0 0
11.603321 -0.325156 19.000732 -0.325483 -0.934697 -0.142839 -0.875667 0.415456 0.246177 0 0 0 0 0 0
11.272621 -0.172566 18.799119 -0.332880 -0.838105 0.432170 -0.865793 0.500349 -0.007379 0 0 0 0 0 0
10.940577 -0.145558 18.556832 -0.333961 -0.418552 0.844562 -0.852291 0.438245 -0.285555 0 0 0 0 0 0
10.609061 -0.244945 18.331376 -0.328354 0.156986 0.931418 -0.840865 0.213533 -0.497343 0 0 0 0 0 0
10.279684 -0.458761 18.184374 -0.318803 0.664037 0.676328 -0.836270 -0.111427 -0.536877 0 0 0 0 0 0
9.952890 -0.734594 18.182465 -0.309035 0.931097 0.193795 -0.839671 -0.400865 -0.366415 0 0 0 0 0 0
9.628193 -0.969412 18.350573 -0.302087 0.889088 -0.343899 -0.848931 -0.525529 -0.055992 0 0 0 0 0 0
9.304385 -1.058154 18.631980 -0.299687 0.565446 -0.768413 -0.860334 -0.440213 0.256979 0 0 0 0 0 0
8.937280 -0.939923 18.774695 -0.310471 0.059701 -0.948706 -0.923970 -0.161465 0.346711 0 0 0 0 0 0
8.472135 -1.112564 18.951037 -0.280698 -0.257646 -0.924569 -0.917161 -0.003174 0.398505 0 0 0 0 0 0
8.296614 -0.651111 19.083798 -0.314974 -0.686852 -0.655000 -0.888351 0.296671 0.350454 0 0 0 0 0 0
7.931844 -0.327192 18.996190 -0.325482 -0.934697 -0.142839 -0.875707 0.415441 0.246062 0 0 0 0 0 0
7.601094 -0.174598 18.794693 -0.332886 -0.838103 0.432169 -0.865770 0.500390 -0.007199 0 0 0 0 0 0
7.269084 -0.147603 18.552350 -0.333941 -0.418526 0.844582 -0.852258 0.438276 -0.285606 0 0 0 0 0 0
6.937559 -0.246987 18.326868 -0.328339 0.156975 0.931425 -0.840872 0.213496 -0.497347 0 0 0 0 0 0
6.767981 -0.460757 17.526555 -0.318803 -0.664039 -0.676326 -0.149161 -0.622417 -0.768341 0 0 0 0 0 0
6.264915 -0.560285 15.658671 -0.309046 -0.931107 -0.193730 -0.839698 0.400875 0.366343 0 0 0 0 0 0
5.940140 -0.325442 15.490734 -0.302081 -0.889090 0.343899 -0.848909 0.525555 0.056080 0 0 0 0 0 0
5.616396 -0.236707 15.209288 -0.299687 -0.565446 0.768413 -0.860330 0.440214 -0.256988 0 0 0 0 0 0
5.248901 -0.358261 15.086144 -0.314403 -0.059338 0.947433 -0.929869 0.154557 -0.333850 0 0 0 0 0 0
4.785933 -0.180141 14.887267 -0.277240 0.259901 0.924981 -0.906754 0.018109 -0.421271 0 0 0 0 0 0
4.611598 -0.647176 14.753777 -0.314987 0.686880 0.654965 -0.888903 -0.294250 -0.351095 0 0 0 0 0 0
4.244743 -0.969698 14.840568 -0.325483 0.934699 0.142825 -0.875674 -0.415452 -0.246158 0 0 0 0 0 0
3.914009 -1.122319 15.042050 -0.332889 0.838112 -0.432150 -0.865775 -0.500382 0.007227 0 0 0 0 0 0
3.581996 -1.149309 15.284415 -0.333947 0.418536 -0.844575 -0.852270 -0.438262 0.285591 0 0 0 0 0 0
3.250486 -1.049915 15.509890 -0.328361 -0.156987 -0.931415 -0.840864 -0.213514 0.497352 0 0 0 0 0 0
2.921092 -0.836098 15.656899 -0.318803 -0.664039 -0.676326 -0.836266 0.111425 0.536884 0 0 0 0 0 0
2.594327 -0.560285 15.658671 -0.309046 -0.931107 -0.193730 -0.839698 0.400875 0.366343 0 0 0 0 0 0
2.269552 -0.325442 15.490734 -0.302081 -0.889090 0.343899 -0.848909 0.525555 0.056080 0 0 0 0 0 0
1.945808 -0.236707 15.209288 -0.299687 -0.565446 0.768413 -0.860330 0.440214 -0.256988 0 0 0 0 0 0
1.578711 -0.354926 15.066451 -0.310452 -0.059696 0.948713 -0.923931 0.161504 -0.346798 0 0 0 0 0 0
1.115545 -0.184245 14.886323 -0.280695 0.257639 0.924571 -0.915529 0.001156 -0.402251 0 0 0 0 0 0
1.075737 -0.142736 13.898736 -0.314989 -0.686880 -0.654964 -0.160843 -0.544766 -0.823018 0 0 0 0 0 0
0.590640 -0.327214 11.937420 -0.325482 -0.934698 -0.142832 -0.875678 0.415453 0.246142 0 0 0 0 0 0
0.259921 -0.174601 11.735894 -0.332884 -0.838101 0.432175 -0.865767 0.500395 -0.007216 0 0 0 0 0 0
-0.072102 -0.147603 11.493580 -0.333947 -0.418534 0.844576 -0.852273 0.438257 -0.285591 0 0 0 0 0 0
-0.403613 -0.246991 11.268085 -0.328353 0.156982 0.931419 -0.840862 0.213516 -0.497355 0 0 0 0 0 0
-0.733000 -0.460824 11.121089 -0.318802 0.664034 0.676331 -0.836277 -0.111430 -0.536866 0 0 0 0 0 0
-1.059779 -0.736640 11.119265 -0.309041 0.931101 0.193762 -0.839689 -0.400870 -0.366369 0 0 0 0 0 0
-1.384525 -0.971477 11.287263 -0.302082 0.889090 -0.343898 -0.848912 -0.525550 -0.056078 0 0 0 0 0 0
-1.708287 -1.060199 11.568705 -0.299685 0.565438 -0.768420 -0.860330 -0.440211 0.256996 0 0 0 0 0 0
-2.075789 -0.938650 11.691840 -0.314399 0.059332 -0.947435 -0.929870 -0.154561 0.333844 0 0 0 0 0 0
-2.538753 -1.116774 11.890717 -0.277243 -0.259903 -0.924979 -0.906754 -0.018115 0.421271 0 0 0 0 0 0
-2.713091 -0.649743 12.024210 -0.314987 -0.686881 -0.654965 -0.888902 0.294259 0.351090 0 0 0 0 0 0
-3.079944 -0.327213 11.937419 -0.325482 -0.934698 -0.142832 -0.875677 0.415457 0.246142 0 0 0 0 0 0
-3.410669 -0.174602 11.735895 -0.332885 -0.838101 0.432175 -0.865770 0.500389 -0.007215 0 0 0 0 0 0
-3.742687 -0.147603 11.493577 -0.333947 -0.418534 0.844576 -0.852268 0.438262 -0.285597 0 0 0 0 0 0
-4.085337 -0.242629 11.264558 -0.328354 0.156983 0.931418 -0.845651 0.216708 -0.487762 0 0 0 0 0 0
-4.257350 -0.458688 10.461613 -0.318804 -0.664036 -0.676328 -0.149163 -0.622415 -0.768342 0 0 0 0 0 0
-4.760414 -0.558217 8.593799 -0.309043 -0.931101 -0.193762 -0.839677 0.400880 0.366385 0 0 0 0 0 0
-5.085160 -0.323387 8.425790 -0.302086 -0.889086 0.343904 -0.848917 0.525544 0.056071 0 0 0 0 0 0
-5.408942 -0.234650 8.144363 -0.299680 -0.565444 0.768417 -0.860332 0.440209 -0.256993 0 0 0 0 0 0
-5.776411 -0.356211 8.021220 -0.314408 -0.059338 0.947432 -0.929870 0.154551 -0.333851 0 0 0 0 0 0
-6.239404 -0.178086 7.822343 -0.277238 0.259906 0.924980 -0.906757 0.018126 -0.421263 0 0 0 0 0 0
-6.413715 -0.645113 7.688841 -0.314992 0.686876 0.654967 -0.888896 -0.294271 -0.351096 0 0 0 0 0 0
-6.780594 -0.967651 7.775630 -0.325481 0.934697 0.142839 -0.875682 -0.415449 -0.246136 0 0 0 0 0 0
-7.111298 -1.120256 7.977175 -0.332885 0.838100 -0.432175 -0.865767 -0.500395 0.007227 0 0 0 0 0 0
-7.443333 -1.147253 8.219473 -0.333947 0.418533 -0.844576 -0.852275 -0.438260 0.285579 0 0 0 0 0 0
-7.774834 -1.047873 8.444979 -0.328354 -0.156977 -0.931419 -0.840856 -0.213517 0.497365 0 0 0 0 0 0
-8.104232 -0.834035 8.591961 -0.318804 -0.664036 -0.676328 -0.836286 0.111426 0.536851 0 0 0 0 0 0
-8.431002 -0.558217 8.593799 -0.309043 -0.931101 -0.193762 -0.839677 0.400880 0.366385 0 0 0 0 0 0
-8.755748 -0.323387 8.425790 -0.302086 -0.889086 0.343904 -0.848917 0.525544 0.056071 0 0 0 0 0 0
-9.079530 -0.234650 8.144363 -0.299680 -0.565444 0.768417 -0.860332 0.440209 -0.256993 0 0 0 0 0 0
-9.446606 -0.352879 8.001565 -0.310461 -0.059696 0.948710 -0.923943 0.161487 -0.346773 0 0 0 0 0 0
-9.909783 -0.182183 7.821404 -0.280700 0.257647 0.924568 -0.915517 0.001197 -0.402277 0 0 0 0 0 0
-9.949585 -0.140675 6.833811 -0.314985 -0.686879 -0.654967 -0.160839 -0.544768 -0.823018 0 0 0 0 0 0
-10.434683 -0.325162 4.872483 -0.325483 -0.934698 -0.142832 -0.875688 0.415445 0.246123 0 0 0 0 0 0
-10.765401 -0.172546 4.670956 -0.332885 -0.838101 0.432175 -0.865764 0.500401 -0.007220 0 0 0 0 0 0
-11.097431 -0.145550 4.428654 -0.333947 -0.418534 0.844576 -0.852276 0.438258 -0.285579 0 0 0 0 0 0
-11.428931 -0.244938 4.203149 -0.328354 0.156983 0.931418 -0.840855 0.213520 -0.497365 0 0 0 0 0 0
-11.758320 -0.458770 4.056165 -0.318803 0.664037 0.676328 -0.836279 -0.111433 -0.536862 0 0 0 0 0 0
-12.085099 -0.734584 4.054326 -0.309043 0.931101 0.193762 -0.839685 -0.400869 -0.366379 0 0 0 0 0 0
-12.409849 -0.969415 4.222338 -0.302080 0.889087 -0.343905 -0.848916 -0.525545 -0.056073 0 0 0 0 0 0
-12.733607 -1.058153 4.503766 -0.299686 0.565443 -0.768416 -0.860327 -0.440215 0.256999 0 0 0 0 0 0
-13.101106 -0.936600 4.626906 -0.314401 0.059340 -0.947434 -0.929873 -0.154552 0.333843 0 0 0 0 0 0
-13.564068 -1.114711 4.825782 -0.277245 -0.259908 -0.924977 -0.906753 -0.018125 0.421272 0 0 0 0 0 0
-13.738401 -0.647697 4.959287 -0.315016 -0.686872 -0.654960 -0.888904 0.294260 0.351086 0 0 0 0 0 0
-14.105305 -0.325155 4.872491 -0.325502 -0.934691 -0.142831 -0.875682 0.415457 0.246124 0 0 0 0 0 0
-14.436037 -0.172542 4.670963 -0.332892 -0.838099 0.432173 -0.865772 0.500387 -0.007214 0 0 0 0 0 0
-14.768064 -0.145546 4.428650 -0.333921 -0.418538 0.844584 -0.852265 0.438279 -0.285579 0 0 0 0 0 0
-15.099457 -0.244954 4.203146 -0.328341 0.156984 0.931423 -0.840823 0.213526 -0.497417 0 0 0 0 0 0
-15.269110 -0.458686 3.402791 -0.318816 -0.664032 -0.676327 -0.149185 -0.622412 -0.768340 0 0 0 0 0 0
-15.772274 -0.558218 1.534986 -0.308994 -0.931117 -0.193765 -0.839683 0.400847 0.366408 0 0 0 0 0 0
-16.096886 -0.323398 1.366950 -0.302068 -0.889091 0.343906 -0.848900 0.525572 0.056063 0 0 0 0 0 0
-16.420663 -0.234659 1.085534 -0.299703 -0.565439 0.768412 -0.860331 0.440201 -0.257008 0 0 0 0 0 0
-16.787797 -0.352873 0.942736 -0.310467 -0.059696 0.948708 -0.923940 0.161488 -0.346780 0 0 0 0 0 0
-17.250486 -0.183513 0.758984 -0.280679 0.257647 0.924574 -0.914657 -0.000043 -0.404231 0 0 0 0 0 0
-17.428393 -0.645828 0.624912 -0.315017 0.686871 0.654960 -0.888316 -0.296682 -0.350536 0 0 0 0 0 0
-17.793261 -0.969702 0.712384 -0.325501 0.934691 0.142834 -0.875680 -0.415456 -0.246131 0 0 0 0 0 0
-18.123988 -1.122321 0.913920 -0.332891 0.838099 -0.432173 -0.865770 -0.500390 0.007214 0 0 0 0 0 0
-18.455996 -1.149314 1.156228 -0.333986 0.418530 -0.844563 -0.852287 -0.438232 0.285586 0 0 0 0 0 0
-18.787615 -1.049936 1.381740 -0.328341 -0.156985 -0.931423 -0.840873 -0.213531 0.497330 0 0 0 0 0 0
-19.116854 -0.836067 1.528717 -0.318814 -0.664034 -0.676326 -0.836233 0.111479 0.536923 0 0 0 0 0 0
-19.443689 -0.560279 1.530565 -0.309056 -0.931097 -0.193761 -0.839709 0.400835 0.366360 0 0 0 0 0 0
-19.768383 -0.325433 1.362540 -0.302129 -0.889076 0.343894 -0.848900 0.525576 0.056030 0 0 0 0 0 0
-20.092323 -0.236683 1.081126 -0.299643 -0.565449 0.768428 -0.860360 0.440194 -0.256924 0 0 0 0 0 0
-20.459694 -0.358274 0.957975 -0.314354 -0.059339 0.947449 -0.929869 0.154556 -0.333851 0 0 0 0 0 0
-20.922657 -0.180139 0.759125 -0.277244 0.259905 0.924979 -0.906777 0.018127 -0.421220 0 0 0 0 0 0
-20.961263 -0.141947 -0.229624 -0.314955 -0.686886 -0.654974 -0.161166 -0.544950 -0.822834 0 0 0 0 0 0
-21.447266 -0.327198 -2.190784 -0.325501 -0.934692 -0.142831 -0.875635 0.415545 0.246141 0 0 0 0 0 0
-21.778060 -0.174596 -2.392280 -0.332892 -0.838099 0.432172 -0.865773 0.500385 -0.007217 0 0 0 0 0 0
-22.110065 -0.147603 -2.634597 -0.333985 -0.418527 0.844565 -0.852284 0.438236 -0.285589 0 0 0 0 0 0
-22.441688 -0.246974 -2.860099 -0.328341 0.156983 0.931423 -0.840877 0.213528 -0.497325 0 0 0 0 0 0
-22.771067 -0.460817 -3.007075 -0.318753 0.664049 0.676340 -0.836287 -0.111398 -0.536856 0 0 0 0 0 0
-23.097695 -0.736641 -3.008891 -0.309055 0.931097 0.193761 -0.839657 -0.400924 -0.366383 0 0 0 0 0 0
-23.421121 -0.968872 -2.837418 -0.302068 0.889091 -0.343907 -0.850156 -0.524283 -0.048600 0 0 0 0 0 0
-23.745323 -1.058146 -2.555058 -0.299704 0.565440 -0.768411 -0.860330 -0.440205 0.257005 0 0 0 0 0 0
-24.112834 -0.936599 -2.431907 -0.314421 0.059340 -0.947427 -0.929862 -0.154548 0.333873 0 0 0 0 0 0
-24.575824 -1.114722 -2.233033 -0.277245 -0.259907 -0.924978 -0.906760 -0.018135 0.421256 0 0 0 0 0 0
-24.750162 -0.647703 -2.099541 -0.315016 -0.686873 -0.654959 -0.888918 0.294241 0.351066 0 0 0 0 0 0
-25.117071 -0.325155 -2.186332 -0.325502 -0.934691 -0.142831 -0.875680 0.415457 0.246128 0 0 0 0 0 0
-25.447802 -0.172542 -2.387860 -0.332892 -0.838099 0.432173 -0.865772 0.500386 -0.007215 0 0 0 0 0 0
-25.779829 -0.145547 -2.630174 -0.333922 -0.418539 0.844584 -0.852266 0.438277 -0.285580 0 0 0 0 0 0
-26.111222 -0.244954 -2.855678 -0.328341 0.156984 0.931423 -0.840823 0.213527 -0.497417 0 0 0 0 0 0
-26.308759 -0.457390 -3.670293 -0.318815 -0.664030 -0.676329 -0.156547 -0.619899 -0.768907 0 0 0 0 0 0
-26.816489 -0.558222 -5.538186 -0.309055 -0.931097 -0.193761 -0.839707 0.400831 0.366368 0 0 0 0 0 0
-27.141182 -0.323381 -5.706209 -0.302129 -0.889076 0.343894 -0.848900 0.525575 0.056030 0 0 0 0 0 0
-27.465122 -0.234631 -5.987628 -0.299642 -0.565448 0.768429 -0.860358 0.440195 -0.256927 0 0 0 0 0 0
-27.832117 -0.352886 -6.130420 -0.310402 -0.059697 0.948729 -0.923949 0.161493 -0.346754 0 0 0 0 0 0
-28.294664 -0.183562 -6.314175 -0.280678 0.257646 0.924575 -0.914608 -0.000094 -0.404341 0 0 0 0 0 0
-28.472772 -0.645802 -6.448257 -0.314955 0.686888 0.654972 -0.888369 -0.296588 -0.350481 0 0 0 0 0 0
-28.837557 -0.969682 -6.360772 -0.325502 0.934691 0.142831 -0.875699 -0.415424 -0.246119 0 0 0 0 0 0
-29.168363 -1.122319 -6.159250 -0.332891 0.838099 -0.432172 -0.865772 -0.500387 0.007229 0 0 0 0 0 0
-29.500393 -1.149318 -5.916930 -0.333921 0.418541 -0.844583 -0.852266 -0.438278 0.285580 0 0 0 0 0 0
-29.831786 -1.049901 -5.691440 -0.328341 -0.156985 -0.931422 -0.840828 -0.213521 0.497411 0 0 0 0 0 0
-30.161213 -0.836101 -5.544456 -0.318814 -0.664033 -0.676327 -0.836308 0.111413 0.536821 0 0 0 0 0 0
-30.488085 -0.560271 -5.542601 -0.308994 -0.931115 -0.193772 -0.839687 0.400850 0.366394 0 0 0 0 0 0
-30.812698 -0.325448 -5.710641 -0.302068 -0.889093 0.343900 -0.848902 0.525569 0.056061 0 0 0 0 0 0
-31.136473 -0.236713 -5.992065 -0.299702 -0.565437 0.768414 -0.860329 0.440209 -0.257004 0 0 0 0 0 0
-31.503987 -0.358260 -6.115211 -0.314419 -0.059337 0.947428 -0.929862 0.154546 -0.333874 0 0 0 0 0 0
-31.966978 -0.180134 -6.314084 -0.277243 0.259904 0.924979 -0.906762 0.018128 -0.421253 0 0 0 0 0 0
-32.005483 -0.141949 -7.302796 -0.315018 -0.686873 -0.654957 -0.161196 -0.544946 -0.822830 0 0 0 0 0 0
-32.491709 -0.327209 -9.263917 -0.325501 -0.934692 -0.142831 -0.875677 0.415457 0.246140 0 0 0 0 0 0
-32.822434 -0.174598 -9.465458 -0.332891 -0.838096 0.432179 -0.865771 0.500388 -0.007217 0 0 0 0 0 0
-33.154464 -0.147597 -9.707769 -0.333921 -0.418538 0.844584 -0.852266 0.438274 -0.285585 0 0 0 0 0 0
-33.485839 -0.247008 -9.933258 -0.328405 0.156979 0.931401 -0.840851 0.213481 -0.497388 0 0 0 0 0 0
-33.815366 -0.460818 -10.080276 -0.318814 0.664031 0.676328 -0.836281 -0.111420 -0.536861 0 0 0 0 0 0
-34.142135 -0.736633 -10.082088 -0.309055 0.931097 0.193761 -0.839714 -0.400837 -0.366347 0 0 0 0 0 0
-34.866334 0.968593 -10.471820 0.945810 0.000000 0.324720 0.290849 -0.809561 0.509920 0 0 0 0 0 0
-29.688824 -0.000001 -8.943729 0.000000 1.000000 0.000000 0.000000 0.000000 1.000000 0 0 0 0 0 0
-30.092471 -0.000001 -9.082906 0.000000 1.000000 0.000000 0.000000 0.000000 1.000000 0 0 0 0 0 0
-30.544235 -0.000001 -9.666047 0.000000 1.000000 0.000000 0.000000 0.000000 1.000000 0 0 0 0 0 0
-30.215882 -0.000001 -10.326682 0.000000 1.000000 0.000000 0.000000 0.000000 1.000000 0 0 0 0 0 0
-34.591190 -0.397564 -12.617468 0.928115 0.000000 0.372295 0.343545 -0.703536 0.622104 0 0 0 0 0 0
-34.438857 -1.128056 -12.761713 0.308994 0.931115 0.193772 0.862023 -0.434402 -0.261172 0 0 0 0 0 0
-33.887892 -1.227345 -12.987373 0.318814 0.664033 0.676327 0.877047 -0.430188 -0.213839 0 0 0 0 0 0
-33.558358 -1.142357 -13.242350 0.328341 0.156985 0.931422 0.874424 -0.254612 -0.412983 0 0 0 0 0 0
-33.226696 -0.943857 -13.399866 0.333918 -0.418538 0.844585 0.865276 -0.002645 -0.501289 0 0 0 0 0 0
-32.894131 -0.702513 -13.430935 0.332890 -0.838097 0.432178 0.852450 0.275659 -0.444231 0 0 0 0 0 0
-32.562492 -0.477236 -13.335322 0.325502 -0.934691 -0.142831 0.841304 0.491634 -0.224731 0 0 0 0 0 0
-32.233387 -0.328601 -13.125268 0.314960 -0.686897 -0.654960 0.836715 0.538505 0.099598 0 0 0 0 0 0
-31.794752 -0.234258 -12.937200 0.277252 -0.259913 -0.924974 0.878233 0.385975 0.282365 0 0 0 0 0 0
-31.477370 -0.199727 -12.818606 0.314419 0.059337 -0.947428 0.912838 -0.154487 0.377968 0 0 0 0 0 0
-31.192877 -0.591216 -12.540711 0.299702 0.565437 -0.768414 0.858955 -0.140037 0.492529 0 0 0 0 0 0
-30.868159 -0.912873 -12.538960 0.302068 0.889093 -0.343900 0.865775 -0.370540 0.336354 0 0 0 0 0 0
-30.543811 -1.146455 -12.715901 0.308994 0.931115 0.193772 0.873679 -0.482803 0.059882 0 0 0 0 0 0
-30.217304 -1.227345 -12.987373 0.318814 0.664033 0.676327 0.877047 -0.430188 -0.213839 0 0 0 0 0 0
-29.887770 -1.142357 -13.242350 0.328341 0.156985 0.931422 0.874424 -0.254612 -0.412983 0 0 0 0 0 0
-29.556108 -0.943857 -13.399866 0.333918 -0.418538 0.844585 0.865276 -0.002645 -0.501289 0 0 0 0 0 0
-29.223543 -0.702513 -13.430935 0.332890 -0.838097 0.432178 0.852450 0.275659 -0.444231 0 0 0 0 0 0
-28.891904 -0.477236 -13.335322 0.325502 -0.934691 -0.142831 0.841304 0.491634 -0.224731 0 0 0 0 0 0
-28.562799 -0.328601 -13.125268 0.314960 -0.686897 -0.654960 0.836715 0.538505 0.099598 0 0 0 0 0 0
-28.122921 -0.245038 -12.954416 0.280688 -0.257655 -0.924569 0.884442 0.377728 0.274015 0 0 0 0 0 0
-27.802648 -0.191270 -12.816211 0.310402 0.059697 -0.948729 0.907601 -0.129158 0.399472 0 0 0 0 0 0
-27.524110 -0.592584 -12.536815 0.299642 0.565448 -0.768429 0.859443 -0.134697 0.493167 0 0 0 0 0 0
-27.196809 -0.910831 -12.534574 0.302129 0.889076 -0.343894 0.865744 -0.370617 0.336347 0 0 0 0 0 0
-26.872314 -1.144425 -12.711461 0.309055 0.931097 0.193761 0.873672 -0.482817 0.059874 0 0 0 0 0 0
-26.545666 -1.225303 -12.982930 0.318815 0.664030 0.676329 0.877096 -0.430121 -0.213773 0 0 0 0 0 0
-26.185545 -1.142469 -13.219689 0.328342 0.156978 0.931423 0.891082 -0.248761 -0.379593 0 0 0 0 0 0
-25.852060 -0.941808 -13.381088 0.333921 -0.418538 0.844585 0.865276 -0.002641 -0.501288 0 0 0 0 0 0
-25.519495 -0.700460 -13.412160 0.332892 -0.838098 0.432174 0.852448 0.275656 -0.444237 0 0 0 0 0 0
-25.187713 -0.475203 -13.316575 0.325436 -0.934714 -0.142834 0.841358 0.491535 -0.224746 0 0 0 0 0 0
-24.858818 -0.326567 -13.106462 0.314960 -0.686897 -0.654960 0.836664 0.538576 0.099651 0 0 0 0 0 0
-24.420110 -0.232208 -12.918430 0.277236 -0.259897 -0.924983 0.878220 0.386021 0.282342 0 0 0 0 0 0
-24.102742 -0.197667 -12.799850 0.314421 0.059337 -0.947427 0.912839 -0.154491 0.377966 0 0 0 0 0 0
-23.818241 -0.589160 -12.521949 0.299704 0.565440 -0.768411 0.858954 -0.140035 0.492532 0 0 0 0 0 0
-23.571226 0.687250 -11.720369 0.302068 -0.889091 0.343907 0.203455 -0.522138 0.828238 0 0 0 0 0 0
-23.152672 -0.149202 -9.951805 0.309055 -0.931097 -0.193761 0.872965 0.483354 -0.065583 0 0 0 0 0 0
-22.826915 -0.069548 -9.681828 0.318753 -0.664049 -0.676340 0.877082 0.430151 0.213767 0 0 0 0 0 0
-22.497669 -0.154591 -9.426823 0.328341 -0.156983 -0.931423 0.874378 0.254631 0.413069 0 0 0 0 0 0
-22.165962 -0.353051 -9.269342 0.333986 0.418528 -0.844564 0.865299 0.002613 0.501249 0 0 0 0 0 0
-21.833171 -0.594380 -9.238223 0.332892 0.838099 -0.432173 0.852488 -0.275573 0.444211 0 0 0 0 0 0
-21.501596 -0.819672 -9.333857 0.325501 0.934692 0.142831 0.841305 -0.491637 0.224720 0 0 0 0 0 0
-21.172616 -0.968317 -9.543956 0.314954 0.686885 0.654976 0.836621 -0.538647 -0.099619 0 0 0 0 0 0
-20.733997 -1.062660 -9.731974 0.277243 0.259903 0.924979 0.878230 -0.385978 -0.282371 0 0 0 0 0 0
-20.416618 -1.097195 -9.850577 0.314419 -0.059332 0.947428 0.912838 0.154488 -0.377968 0 0 0 0 0 0
-20.131984 -0.705722 -10.128472 0.299642 -0.565446 0.768431 0.859014 0.139964 -0.492448 0 0 0 0 0 0
-19.807472 -0.384021 -10.130196 0.302067 -0.889092 0.343906 0.865727 0.370634 -0.336373 0 0 0 0 0 0
-19.483078 -0.150455 -9.953281 0.309055 -0.931097 -0.193761 0.873696 0.482775 -0.059859 0 0 0 0 0 0
-19.156327 -0.069548 -9.681828 0.318753 -0.664049 -0.676340 0.877082 0.430151 0.213767 0 0 0 0 0 0
-18.827080 -0.154591 -9.426823 0.328341 -0.156983 -0.931423 0.874378 0.254631 0.413069 0 0 0 0 0 0
-18.495374 -0.353051 -9.269342 0.333986 0.418528 -0.844564 0.865299 0.002613 0.501249 0 0 0 0 0 0
-18.312273 0.135924 -8.085438 0.332891 -0.838099 0.432172 0.164405 -0.628453 0.760275 0 0 0 0 0 0
-17.847527 -0.477239 -6.262147 0.325501 -0.934690 -0.142838 0.841301 0.491637 -0.224735 0 0 0 0 0 0
-17.518562 -0.328600 -6.052071 0.315018 -0.686873 -0.654958 0.836650 0.538598 0.099643 0 0 0 0 0 0
-17.078603 -0.245010 -5.881239 0.280678 -0.257646 -0.924575 0.884417 0.377770 0.274036 0 0 0 0 0 0
-16.758438 -0.191267 -5.743055 0.310467 0.059696 -0.948708 0.907609 -0.129146 0.399458 0 0 0 0 0 0
-16.479810 -0.592584 -5.463629 0.299704 0.565440 -0.768411 0.859436 -0.134707 0.493176 0 0 0 0 0 0
-16.152345 -0.910817 -5.461357 0.302068 0.889091 -0.343906 0.865772 -0.370546 0.336354 0 0 0 0 0 0
-15.828000 -1.144410 -5.638306 0.308994 0.931117 0.193765 0.873680 -0.482802 0.059879 0 0 0 0 0 0
-15.501494 -1.225283 -5.909780 0.318816 0.664033 0.676325 0.877053 -0.430175 -0.213841 0 0 0 0 0 0
-15.171957 -1.140295 -6.164751 0.328342 0.156978 0.931423 0.874421 -0.254628 -0.412980 0 0 0 0 0 0
-14.840295 -0.941808 -6.322264 0.333921 -0.418538 0.844585 0.865276 -0.002641 -0.501288 0 0 0 0 0 0
-14.507731 -0.700460 -6.353336 0.332892 -0.838098 0.432174 0.852448 0.275656 -0.444237 0 0 0 0 0 0
-14.175953 -0.475204 -6.257750 0.325449 -0.934708 -0.142840 0.841358 0.491531 -0.224754 0 0 0 0 0 0
-13.847039 -0.326563 -6.047641 0.314966 -0.686882 -0.654973 0.836650 0.538601 0.099627 0 0 0 0 0 0
-13.408329 -0.232193 -5.859619 0.277238 -0.259906 -0.924980 0.878227 0.385988 0.282368 0 0 0 0 0 0
-13.090978 -0.197671 -5.741024 0.314408 0.059338 -0.947432 0.912839 -0.154489 0.377966 0 0 0 0 0 0
-12.806449 -0.589152 -5.463131 0.299680 0.565444 -0.768417 0.858975 -0.140009 0.492504 0 0 0 0 0 0
-12.559521 0.687262 -4.661540 0.302080 -0.889087 0.343905 0.203438 -0.522132 0.828246 0 0 0 0 0 0
-12.140962 -0.148391 -2.890035 0.309043 -0.931101 -0.193762 0.873674 0.482814 -0.059860 0 0 0 0 0 0
-11.814302 -0.067503 -2.618581 0.318803 -0.664037 -0.676328 0.877079 0.430145 0.213792 0 0 0 0 0 0
-11.484930 -0.152519 -2.363577 0.328354 -0.156983 -0.931418 0.874383 0.254632 0.413057 0 0 0 0 0 0
-11.153216 -0.350990 -2.206086 0.333948 0.418535 -0.844575 0.865301 0.002646 0.501246 0 0 0 0 0 0
-10.820556 -0.592332 -2.174996 0.332885 0.838101 -0.432174 0.852470 -0.275615 0.444221 0 0 0 0 0 0
-10.488944 -0.817612 -2.270616 0.325483 0.934698 0.142832 0.841302 -0.491637 0.224731 0 0 0 0 0 0
-10.159971 -0.966258 -2.480702 0.314985 0.686880 0.654966 0.836655 -0.538596 -0.099615 0 0 0 0 0 0
-9.720054 -1.049828 -2.651529 0.280705 0.257641 0.924568 0.884432 -0.377732 -0.274040 0 0 0 0 0 0
-9.400475 -1.101049 -2.785648 0.310454 -0.059698 0.948712 0.908004 0.135175 -0.396555 0 0 0 0 0 0
-9.122116 -0.700228 -3.064710 0.299686 -0.565443 0.768416 0.859451 0.134688 -0.493157 0 0 0 0 0 0
-8.794715 -0.381981 -3.066976 0.302080 -0.889087 0.343905 0.865754 0.370583 -0.336359 0 0 0 0 0 0
-8.470374 -0.148391 -2.890035 0.309043 -0.931101 -0.193762 0.873674 0.482814 -0.059860 0 0 0 0 0 0
-8.143714 -0.067503 -2.618581 0.318803 -0.664037 -0.676328 0.877079 0.430145 0.213792 0 0 0 0 0 0
-7.814342 -0.152519 -2.363577 0.328354 -0.156983 -0.931418 0.874383 0.254632 0.413057 0 0 0 0 0 0
-7.482628 -0.350990 -2.206086 0.333948 0.418535 -0.844575 0.865301 0.002646 0.501246 0 0 0 0 0 0
-7.299618 0.137982 -1.022200 0.332885 -0.838100 0.432175 0.164401 -0.628453 0.760276 0 0 0 0 0 0
-6.834846 -0.475186 0.801096 0.325481 -0.934698 -0.142835 0.841299 0.491639 -0.224738 0 0 0 0 0 0
-6.505887 -0.326553 1.011180 0.314992 -0.686877 -0.654965 0.836655 0.538594 0.099626 0 0 0 0 0 0
-6.067131 -0.232179 1.199197 0.277238 -0.259905 -0.924980 0.878240 0.385981 0.282334 0 0 0 0 0 0
-5.749802 -0.197671 1.317799 0.314407 0.059337 -0.947432 0.912839 -0.154490 0.377966 0 0 0 0 0 0
-5.465273 -0.589153 1.595692 0.299679 0.565443 -0.768418 0.858975 -0.140010 0.492503 0 0 0 0 0 0
-5.140639 -0.910826 1.597451 0.302086 0.889086 -0.343904 0.865751 -0.370588 0.336363 0 0 0 0 0 0
-4.816269 -1.144413 1.420518 0.309043 0.931101 0.193762 0.873680 -0.482805 0.059862 0 0 0 0 0 0
-4.489629 -1.225301 1.149054 0.318803 0.664035 0.676330 0.877072 -0.430156 -0.213802 0 0 0 0 0 0
-4.160245 -1.140283 0.894058 0.328354 0.156977 0.931419 0.874390 -0.254634 -0.413043 0 0 0 0 0 0
-3.815998 -0.945925 0.743692 0.333946 -0.418536 0.844575 0.873353 -0.005520 -0.487056 0 0 0 0 0 0
-3.482316 -0.702526 0.711582 0.332884 -0.838101 0.432174 0.852469 0.275615 -0.444221 0 0 0 0 0 0
-3.150693 -0.477242 0.807202 0.325482 -0.934698 -0.142835 0.841307 0.491627 -0.224736 0 0 0 0 0 0
-2.821729 -0.328606 1.017289 0.314986 -0.686878 -0.654967 0.836652 0.538598 0.099626 0 0 0 0 0 0
-2.382997 -0.234235 1.205310 0.277244 -0.259905 -0.924979 0.878237 0.385980 0.282345 0 0 0 0 0 0
-2.065637 -0.199720 1.323913 0.314400 0.059338 -0.947434 0.912843 -0.154488 0.377956 0 0 0 0 0 0
-1.781140 -0.591209 1.601803 0.299685 0.565441 -0.768417 0.858972 -0.140016 0.492506 0 0 0 0 0 0
-1.534198 0.685209 2.403397 0.302082 -0.889090 0.343898 0.203437 -0.522135 0.828244 0 0 0 0 0 0
-1.115635 -0.150448 4.174894 0.309041 -0.931101 -0.193762 0.873676 0.482812 -0.059849 0 0 0 0 0 0
-0.788988 -0.069556 4.446358 0.318802 -0.664034 -0.676331 0.877074 0.430157 0.213787 0 0 0 0 0 0
-0.459607 -0.154570 4.701356 0.328353 -0.156982 -0.931419 0.874387 0.254627 0.413053 0 0 0 0 0 0
-0.127891 -0.353043 4.858841 0.333947 0.418534 -0.844576 0.865306 0.002640 0.501237 0 0 0 0 0 0
0.204768 -0.594390 4.889940 0.332884 0.838101 -0.432175 0.852464 -0.275610 0.444235 0 0 0 0 0 0
0.536382 -0.819671 4.794321 0.325482 0.934698 0.142832 0.841304 -0.491634 0.224730 0 0 0 0 0 0
0.865345 -0.968305 4.584231 0.314989 0.686880 0.654964 0.836656 -0.538591 -0.099631 0 0 0 0 0 0
1.305280 -1.051891 4.413409 0.280699 0.257646 0.924568 0.884432 -0.377742 -0.274029 0 0 0 0 0 0
1.624833 -1.103104 4.279274 0.310455 -0.059691 0.948712 0.907995 0.135184 -0.396573 0 0 0 0 0 0
1.903201 -0.702279 4.000212 0.299685 -0.565438 0.768420 0.859454 0.134698 -0.493149 0 0 0 0 0 0
2.230600 -0.384029 3.997964 0.302080 -0.889090 0.343899 0.865756 0.370574 -0.336366 0 0 0 0 0 0
2.554945 -0.150448 4.174895 0.309043 -0.931101 -0.193762 0.873675 0.482815 -0.059847 0 0 0 0 0 0
2.881604 -0.069556 4.446356 0.318802 -0.664034 -0.676331 0.877077 0.430154 0.213784 0 0 0 0 0 0
3.210975 -0.154571 4.701357 0.328354 -0.156982 -0.931418 0.874384 0.254628 0.413059 0 0 0 0 0 0
3.542704 -0.353040 4.858840 0.333947 0.418534 -0.844576 0.865311 0.002643 0.501229 0 0 0 0 0 0
3.725699 0.135928 6.042738 0.332884 -0.838101 0.432173 0.164397 -0.628453 0.760276 0 0 0 0 0 0
4.190483 -0.477242 7.866031 0.325482 -0.934697 -0.142839 0.841304 0.491627 -0.224744 0 0 0 0 0 0
4.519450 -0.328606 8.076105 0.314987 -0.686880 -0.654965 0.836654 0.538595 0.099626 0 0 0 0 0 0
4.958178 -0.234236 8.264135 0.277243 -0.259904 -0.924979 0.878236 0.385983 0.282345 0 0 0 0 0 0
5.275539 -0.199720 8.382736 0.314399 0.059337 -0.947435 0.912843 -0.154489 0.377956 0 0 0 0 0 0
5.560036 -0.591210 8.660627 0.299684 0.565440 -0.768419 0.858973 -0.140018 0.492505 0 0 0 0 0 0
5.884698 -0.912880 8.662375 0.302081 0.889090 -0.343899 0.865757 -0.370576 0.336361 0 0 0 0 0 0
6.209046 -1.146460 8.485454 0.309044 0.931101 0.193762 0.873674 -0.482814 0.059868 0 0 0 0 0 0
6.535701 -1.227362 8.213988 0.318801 0.664036 0.676330 0.877073 -0.430157 -0.213794 0 0 0 0 0 0
6.865075 -1.142341 7.958992 0.328356 0.156985 0.931417 0.874389 -0.254619 -0.413053 0 0 0 0 0 0
7.196790 -0.943868 7.801497 0.333947 -0.418536 0.844575 0.865298 -0.002651 -0.501251 0 0 0 0 0 0
7.529448 -0.702527 7.770411 0.332884 -0.838101 0.432173 0.852471 0.275617 -0.444217 0 0 0 0 0 0
7.861071 -0.477242 7.866031 0.325482 -0.934697 -0.142839 0.841304 0.491627 -0.224744 0 0 0 0 0 0
8.190038 -0.328606 8.076105 0.314987 -0.686880 -0.654965 0.836654 0.538595 0.099626 0 0 0 0 0 0
8.629967 -0.245022 8.246929 0.280698 -0.257645 -0.924569 0.884433 0.377741 0.274027 0 0 0 0 0 0
8.950196 -0.191268 8.385137 0.310454 0.059696 -0.948712 0.907596 -0.129161 0.399484 0 0 0 0 0 0
9.228806 -0.592578 8.664545 0.299686 0.565443 -0.768416 0.859451 -0.134689 0.493156 0 0 0 0 0 0
9.478483 0.687261 9.466639 0.302086 -0.889086 0.343905 0.203439 -0.522132 0.828246 0 0 0 0 0 0
9.897061 -0.148390 11.238141 0.309037 -0.931103 -0.193762 0.873678 0.482808 -0.059864 0 0 0 0 0 0
10.223691 -0.067505 11.509601 0.318803 -0.664037 -0.676328 0.877075 0.430151 0.213799 0 0 0 0 0 0
10.553084 -0.152517 11.764600 0.328348 -0.156983 -0.931420 0.874388 0.254633 0.413046 0 0 0 0 0 0
10.884791 -0.350990 11.922096 0.333945 0.418531 -0.844578 0.865302 0.002641 0.501243 0 0 0 0 0 0
11.217458 -0.592339 11.953182 0.332879 0.838103 -0.432176 0.852469 -0.275609 0.444226 0 0 0 0 0 0
11.549062 -0.817609 11.857561 0.325483 0.934698 0.142832 0.841305 -0.491633 0.224727 0 0 0 0 0 0
11.878031 -0.966259 11.647473 0.314985 0.686879 0.654967 0.836646 -0.538609 -0.099618 0 0 0 0 0 0
12.316761 -1.060626 11.459447 0.277243 0.259906 0.924978 0.878238 -0.385976 -0.282348 0 0 0 0 0 0
12.634120 -1.095134 11.340858 0.314408 -0.059340 0.947432 0.912848 0.154494 -0.377943 0 0 0 0 0 0
12.918629 -0.703652 11.062966 0.299686 -0.565443 0.768416 0.858969 0.140017 -0.492512 0 0 0 0 0 0
13.243283 -0.381982 11.061203 0.302086 -0.889086 0.343905 0.865756 0.370582 -0.336356 0 0 0 0 0 0
13.567649 -0.148390 11.238141 0.309037 -0.931103 -0.193762 0.873678 0.482808 -0.059864 0 0 0 0 0 0
13.894270 -0.067508 11.509598 0.318835 -0.664029 -0.676320 0.877082 0.430135 0.213801 0 0 0 0 0 0
14.223717 -0.152509 11.764611 0.328335 -0.156984 -0.931425 0.874375 0.254650 0.413065 0 0 0 0 0 0
14.555301 -0.351000 11.922092 0.333984 0.418525 -0.844566 0.865291 0.002610 0.501264 0 0 0 0 0 0
14.738411 0.137972 13.105980 0.332889 -0.838090 0.432192 0.164404 -0.628446 0.760281 0 0 0 0 0 0
15.203164 -0.475161 14.929235 0.325502 -0.934696 -0.142803 0.841294 0.491622 -0.224794 0 0 0 0 0 0
15.532112 -0.326549 15.139332 0.315023 -0.686882 -0.654945 0.836657 0.538586 0.099650 0 0 0 0 0 0
15.972070 -0.242962 15.310185 0.280678 -0.257647 -0.924574 0.884409 0.377779 0.274051 0 0 0 0 0 0
16.291642 -0.191731 15.444351 0.310398 0.059697 -0.948730 0.908018 -0.135121 0.396543 0 0 0 0 0 0
16.569961 -0.592588 15.723298 0.299645 0.565454 -0.768424 0.859488 -0.134765 0.493071 0 0 0 0 0 0
16.897265 -0.910820 15.725545 0.302129 0.889076 -0.343894 0.865745 -0.370630 0.336333 0 0 0 0 0 0
17.220115 -1.145497 15.545433 0.308997 0.931122 0.193733 0.873469 -0.483890 0.053880 0 0 0 0 0 0
17.547352 -1.227343 15.272772 0.318815 0.664036 0.676323 0.877047 -0.430211 -0.213793 0 0 0 0 0 0
17.876890 -1.142354 15.017843 0.328348 0.156988 0.931420 0.874429 -0.254606 -0.412976 0 0 0 0 0 0
18.208553 -0.943860 14.860318 0.333921 -0.418541 0.844583 0.865270 -0.002654 -0.501300 0 0 0 0 0 0
18.541255 -0.702538 14.829241 0.332830 -0.838130 0.432159 0.852485 0.275526 -0.444246 0 0 0 0 0 0
18.872843 -0.477269 14.924817 0.325438 -0.934714 -0.142827 0.841308 0.491631 -0.224721 0 0 0 0 0 0
19.201792 -0.328622 15.134936 0.314955 -0.686888 -0.654972 0.836654 0.538595 0.099629 0 0 0 0 0 0
19.641732 -0.245031 15.305781 0.280673 -0.257641 -0.924578 0.884427 0.377746 0.274038 0 0 0 0 0 0
19.962001 -0.191262 15.444021 0.310398 0.059697 -0.948730 0.907594 -0.129157 0.399490 0 0 0 0 0 0
20.240550 -0.592588 15.723298 0.299645 0.565454 -0.768424 0.859488 -0.134765 0.493071 0 0 0 0 0 0
20.490179 0.687267 16.525513 0.302069 -0.889093 0.343901 0.203416 -0.522130 0.828252 0 0 0 0 0 0
20.908785 -0.148394 18.297000 0.309053 -0.931091 -0.193793 0.873679 0.482793 -0.059972 0 0 0 0 0 0
21.235515 -0.067499 18.568407 0.318816 -0.664034 -0.676325 0.877100 0.430092 0.213815 0 0 0 0 0 0
21.564860 -0.152521 18.823455 0.328348 -0.156987 -0.931420 0.874362 0.254641 0.413097 0 0 0 0 0 0
21.896487 -0.351000 18.980848 0.334000 0.418546 -0.844549 0.865317 0.002611 0.501219 0 0 0 0 0 0
22.229286 -0.592288 19.011966 0.332893 0.838101 -0.432168 0.852495 -0.275618 0.444169 0 0 0 0 0 0
22.560870 -0.817638 18.916418 0.325502 0.934690 0.142838 0.841259 -0.491628 0.224909 0 0 0 0 0 0
22.889810 -0.966263 18.706351 0.315019 0.686878 0.654952 0.836653 -0.538587 -0.099678 0 0 0 0 0 0
23.328524 -1.060629 18.518264 0.277245 0.259908 0.924977 0.878206 -0.386010 -0.282401 0 0 0 0 0 0
23.645832 -1.095125 18.399732 0.314423 -0.059340 0.947426 0.912853 0.154512 -0.377922 0 0 0 0 0 0
23.930466 -0.703676 18.121829 0.299645 -0.565454 0.768424 0.859005 0.139944 -0.492469 0 0 0 0 0 0
24.254978 -0.381979 18.120099 0.302069 -0.889093 0.343901 0.865726 0.370643 -0.336366 0 0 0 0 0 0
24.554769 -0.139750 18.287104 0.309053 -0.931091 -0.193793 0.853203 0.514150 -0.087722 0 0 0 0 0 0
24.875910 -0.067493 18.547800 0.318753 -0.664049 -0.676340 0.877085 0.430124 0.213812 0 0 0 0 0 0
25.205156 -0.152538 18.802825 0.328348 -0.156987 -0.931420 0.874384 0.254620 0.413065 0 0 0 0 0 0
25.536862 -0.350991 18.960374 0.333980 0.418520 -0.844570 0.865277 0.002628 0.501288 0 0 0 0 0 0
25.869646 -0.592340 18.991474 0.332893 0.838101 -0.432168 0.852489 -0.275553 0.444221 0 0 0 0 0 0
26.201227 -0.817605 18.895840 0.325502 0.934690 0.142838 0.841309 -0.491638 0.224703 0 0 0 0 0 0
26.530206 -0.966269 18.685735 0.314956 0.686893 0.654966 0.836627 -0.538631 -0.099659 0 0 0 0 0 0
26.970058 -1.049817 18.514874 0.280678 0.257643 0.924575 0.884434 -0.377728 -0.274039 0 0 0 0 0 0
27.289587 -1.101018 18.380792 0.310463 -0.059697 0.948709 0.907991 0.135228 -0.396568 0 0 0 0 0 0
27.568094 -0.700243 18.101721 0.299645 -0.565454 0.768424 0.859487 0.134602 -0.493117 0 0 0 0 0 0
27.895354 -0.381979 18.099487 0.302069 -0.889093 0.343901 0.865726 0.370643 -0.336366 0 0 0 0 0 0
28.903364 -0.867747 17.905247 -0.871268 0.000000 -0.490808 -0.329505 0.764740 -0.553714 0 0 0 0 0 0
24.297059 0.000000 14.509529 0.000000 1.000000 0.000000 0.000000 0.000000 1.000000 0 0 0 0 0 0
24.700706 0.000000 14.370353 0.000000 1.000000 0.000000 0.000000 0.000000 1.000000 0 0 0 0 0 0
25.152471 0.000000 13.787176 0.000000 1.000000 0.000000 0.000000 0.000000 1.000000 0 0 0 0 0 0
24.824118 0.000000 13.126588 0.000000 1.000000 0.000000 0.000000 0.000000 1.000000 0 0 0 0 0 0
28.348683 0.457554 14.733026 -0.901739 0.000000 -0.432280 -0.026718 -0.327401 0.944508 0 0 0 0 0 0
28.158198 -0.335645 15.443163 -0.302068 -0.889093 0.343900 -0.852974 0.442836 -0.276284 0 0 0 0 0 0
27.619758 -0.234660 15.236535 -0.299705 -0.565442 0.768409 -0.860334 0.440204 -0.256994 0 0 0 0 0 0
27.252633 -0.352872 15.093690 -0.310463 -0.059695 0.948709 -0.923923 0.161506 -0.346817 0 0 0 0 0 0
26.789466 -0.182188 14.913539 -0.280688 0.257655 0.924569 -0.915518 0.001211 -0.402275 0 0 0 0 0 0
26.612868 -0.643725 14.780302 -0.314952 0.686882 0.654980 -0.888367 -0.296633 -0.350448 0 0 0 0 0 0
26.248073 -0.967651 14.867798 -0.325436 0.934713 0.142841 -0.875684 -0.415434 -0.246155 0 0 0 0 0 0
25.917486 -1.120254 15.069334 -0.332894 0.838104 -0.432162 -0.865733 -0.500454 0.007254 0 0 0 0 0 0
25.585424 -1.147252 15.311648 -0.333982 0.418522 -0.844568 -0.852276 -0.438245 0.285599 0 0 0 0 0 0
25.253795 -1.047889 15.537139 -0.328348 -0.156981 -0.931421 -0.840883 -0.213523 0.497317 0 0 0 0 0 0
24.924433 -0.834052 15.684138 -0.318816 -0.664033 -0.676325 -0.836302 0.111411 0.536831 0 0 0 0 0 0
24.597715 -0.558206 15.685910 -0.309057 -0.931103 -0.193728 -0.839640 0.400958 0.366384 0 0 0 0 0 0
24.295975 -0.325007 15.497493 -0.302129 -0.889076 0.343894 -0.841883 0.539324 0.019017 0 0 0 0 0 0
23.970120 -0.234631 15.213683 -0.299645 -0.565454 0.768424 -0.860364 0.440191 -0.256917 0 0 0 0 0 0
23.602749 -0.356222 15.090519 -0.314336 -0.059335 0.947456 -0.929862 0.154582 -0.333858 0 0 0 0 0 0
23.139771 -0.178098 14.891706 -0.277180 0.259911 0.924996 -0.906783 0.018128 -0.421207 0 0 0 0 0 0
23.101382 -0.139893 13.902988 -0.315016 -0.686872 -0.654960 -0.161175 -0.544948 -0.822833 0 0 0 0 0 0
22.615118 -0.325155 11.941846 -0.325502 -0.934691 -0.142831 -0.875682 0.415457 0.246124 0 0 0 0 0 0
22.284387 -0.172542 11.740318 -0.332892 -0.838099 0.432173 -0.865772 0.500387 -0.007214 0 0 0 0 0 0
21.952382 -0.145550 11.498001 -0.333984 -0.418525 0.844566 -0.852283 0.438238 -0.285589 0 0 0 0 0 0
21.620760 -0.244920 11.272499 -0.328341 0.156984 0.931423 -0.840877 0.213528 -0.497325 0 0 0 0 0 0
21.291523 -0.458791 11.125523 -0.318816 0.664034 0.676325 -0.836234 -0.111479 -0.536923 0 0 0 0 0 0
20.964686 -0.734578 11.123674 -0.309055 0.931097 0.193761 -0.839708 -0.400837 -0.366360 0 0 0 0 0 0
20.639848 -0.969412 11.291676 -0.302068 0.889091 -0.343907 -0.848952 -0.525484 -0.056095 0 0 0 0 0 0
20.316117 -1.058151 11.573126 -0.299643 0.565451 -0.768427 -0.860310 -0.440244 0.257006 0 0 0 0 0 0
19.949080 -0.939917 11.715905 -0.310467 0.059697 -0.948708 -0.923951 -0.161473 0.346757 0 0 0 0 0 0
19.483907 -1.112534 11.892189 -0.280744 -0.257642 -0.924556 -0.917175 -0.003104 0.398473 0 0 0 0 0 0
19.308339 -0.651108 12.024914 -0.315018 -0.686873 -0.654957 -0.888360 0.296605 0.350489 0 0 0 0 0 0
18.943538 -0.327209 11.937428 -0.325501 -0.934692 -0.142831 -0.875677 0.415457 0.246140 0 0 0 0 0 0
18.612811 -0.174596 11.735899 -0.332892 -0.838099 0.432173 -0.865772 0.500387 -0.007213 0 0 0 0 0 0
18.280785 -0.147598 11.493576 -0.333921 -0.418538 0.844584 -0.852264 0.438276 -0.285588 0 0 0 0 0 0
17.949389 -0.247008 11.268080 -0.328341 0.156983 0.931423 -0.840827 0.213522 -0.497411 0 0 0 0 0 0
17.779737 -0.460739 10.467727 -0.318814 -0.664033 -0.676327 -0.149185 -0.622412 -0.768340 0 0 0 0 0 0
17.276575 -0.560270 8.599921 -0.308995 -0.931116 -0.193765 -0.839684 0.400845 0.366408 0 0 0 0 0 0
16.952286 -0.322642 8.435012 -0.302129 -0.889076 0.343894 -0.846591 0.528484 0.063146 0 0 0 0 0 0
16.628946 -0.234631 8.154905 -0.299643 -0.565451 0.768427 -0.860361 0.440193 -0.256922 0 0 0 0 0 0
16.261955 -0.352887 8.012102 -0.310402 -0.059697 0.948729 -0.923945 0.161499 -0.346762 0 0 0 0 0 0
15.798820 -0.182187 7.831953 -0.280678 0.257647 0.924574 -0.915523 0.001203 -0.402264 0 0 0 0 0 0
15.622289 -0.643775 7.698688 -0.315017 0.686870 0.654961 -0.888317 -0.296688 -0.350526 0 0 0 0 0 0
15.257422 -0.967657 7.786156 -0.325500 0.934691 0.142838 -0.875678 -0.415458 -0.246134 0 0 0 0 0 0
14.926696 -1.120260 7.987700 -0.332892 0.838098 -0.432174 -0.865775 -0.500381 0.007221 0 0 0 0 0 0
14.594665 -1.147257 8.230009 -0.333921 0.418538 -0.844585 -0.852264 -0.438281 0.285579 0 0 0 0 0 0
14.263145 -1.047879 8.455492 -0.328329 -0.156979 -0.931428 -0.840896 -0.213519 0.497297 0 0 0 0 0 0
13.933849 -0.834012 8.602484 -0.318822 -0.664032 -0.676324 -0.836242 0.111478 0.536910 0 0 0 0 0 0
13.606980 -0.558224 8.604342 -0.309043 -0.931101 -0.193762 -0.839701 0.400842 0.366372 0 0 0 0 0 0
13.282250 -0.323386 8.436323 -0.302081 -0.889090 0.343899 -0.848918 0.525543 0.056059 0 0 0 0 0 0
12.958493 -0.234654 8.154887 -0.299686 -0.565443 0.768416 -0.860328 0.440216 -0.256993 0 0 0 0 0 0
12.590993 -0.356207 8.031752 -0.314401 -0.059338 0.947434 -0.929872 0.154555 -0.333842 0 0 0 0 0 0
12.128032 -0.178088 7.832864 -0.277243 0.259904 0.924979 -0.906749 0.018123 -0.421282 0 0 0 0 0 0
12.089496 -0.139895 6.844159 -0.314985 -0.686879 -0.654967 -0.161180 -0.544948 -0.822832 0 0 0 0 0 0
11.603330 -0.325159 4.883013 -0.325483 -0.934698 -0.142832 -0.875681 0.415457 0.246126 0 0 0 0 0 0
11.272599 -0.172547 4.681490 -0.332879 -0.838103 0.432176 -0.865769 0.500393 -0.007213 0 0 0 0 0 0
10.940592 -0.145553 4.439173 -0.333945 -0.418531 0.844578 -0.852268 0.438265 -0.285592 0 0 0 0 0 0
10.609068 -0.244936 4.213682 -0.328348 0.156983 0.931420 -0.840865 0.213517 -0.497350 0 0 0 0 0 0
10.279688 -0.458769 4.066700 -0.318803 0.664037 0.676328 -0.836281 -0.111433 -0.536858 0 0 0 0 0 0
9.952899 -0.734585 4.064857 -0.309037 0.931103 0.193762 -0.839682 -0.400870 -0.366384 0 0 0 0 0 0
9.628174 -0.969414 4.232873 -0.302086 0.889086 -0.343905 -0.848913 -0.525551 -0.056067 0 0 0 0 0 0
9.304387 -1.058155 4.514295 -0.299686 0.565443 -0.768416 -0.860332 -0.440209 0.256992 0 0 0 0 0 0
8.937287 -0.939930 4.657093 -0.310454 0.059698 -0.948712 -0.923946 -0.161487 0.346764 0 0 0 0 0 0
8.472128 -1.112550 4.833355 -0.280698 -0.257646 -0.924569 -0.917196 -0.003133 0.398424 0 0 0 0 0 0
8.296621 -0.651104 4.966078 -0.314987 -0.686881 -0.654965 -0.888356 0.296612 0.350494 0 0 0 0 0 0
7.931821 -0.327213 4.878596 -0.325482 -0.934698 -0.142832 -0.875677 0.415457 0.246142 0 0 0 0 0 0
7.601095 -0.174602 4.677071 -0.332885 -0.838101 0.432175 -0.865770 0.500389 -0.007215 0 0 0 0 0 0
7.269078 -0.147603 4.434754 -0.333947 -0.418534 0.844576 -0.852268 0.438262 -0.285597 0 0 0 0 0 0
6.937563 -0.246990 4.209263 -0.328354 0.156982 0.931418 -0.840867 0.213514 -0.497347 0 0 0 0 0 0
6.767980 -0.460742 3.408902 -0.318802 -0.664037 -0.676329 -0.149159 -0.622416 -0.768342 0 0 0 0 0 0
6.264907 -0.560273 1.541089 -0.309044 -0.931101 -0.193762 -0.839686 0.400867 0.366379 0 0 0 0 0 0
5.940155 -0.325439 1.373081 -0.302081 -0.889090 0.343899 -0.848917 0.525544 0.056059 0 0 0 0 0 0
5.616400 -0.236707 1.091638 -0.299685 -0.565441 0.768417 -0.860326 0.440218 -0.256996 0 0 0 0 0 0
5.248899 -0.358260 0.968503 -0.314400 -0.059338 0.947434 -0.929873 0.154551 -0.333843 0 0 0 0 0 0
4.785936 -0.180144 0.769625 -0.277244 0.259905 0.924979 -0.906753 0.018120 -0.421273 0 0 0 0 0 0
4.611595 -0.647166 0.636126 -0.314986 0.686878 0.654967 -0.888901 -0.294263 -0.351091 0 0 0 0 0 0
4.244744 -0.969698 0.722924 -0.325482 0.934698 0.142835 -0.875680 -0.415456 -0.246133 0 0 0 0 0 0
3.914019 -1.122315 0.924454 -0.332884 0.838101 -0.432174 -0.865768 -0.500393 0.007216 0 0 0 0 0 0
3.581986 -1.149314 1.166763 -0.333946 0.418536 -0.844575 -0.852276 -0.438255 0.285582 0 0 0 0 0 0
3.250486 -1.049917 1.392255 -0.328355 -0.156985 -0.931417 -0.840860 -0.213515 0.497359 0 0 0 0 0 0
2.921095 -0.836091 1.539251 -0.318802 -0.664037 -0.676329 -0.836272 0.111428 0.536873 0 0 0 0 0 0
2.594319 -0.560273 1.541089 -0.309044 -0.931101 -0.193762 -0.839686 0.400867 0.366379 0 0 0 0 0 0
2.269567 -0.325439 1.373081 -0.302081 -0.889090 0.343899 -0.848917 0.525544 0.056059 0 0 0 0 0 0
1.945812 -0.236707 1.091638 -0.299685 -0.565441 0.768417 -0.860326 0.440218 -0.256996 0 0 0 0 0 0
1.578704 -0.354927 0.948854 -0.310456 -0.059697 0.948711 -0.923948 0.161485 -0.346761 0 0 0 0 0 0
1.115554 -0.184241 0.768685 -0.280701 0.257645 0.924568 -0.915510 0.001192 -0.402294 0 0 0 0 0 0
1.075735 -0.142731 -0.218906 -0.314988 -0.686878 -0.654966 -0.160843 -0.544768 -0.823018 0 0 0 0 0 0
0.590641 -0.327213 -2.180228 -0.325482 -0.934698 -0.142832 -0.875680 0.415453 0.246136 0 0 0 0 0 0
0.259921 -0.174601 -2.381753 -0.332884 -0.838102 0.432172 -0.865769 0.500392 -0.007222 0 0 0 0 0 0
-0.072102 -0.147604 -2.624070 -0.333946 -0.418533 0.844577 -0.852271 0.438261 -0.285588 0 0 0 0 0 0
-0.403612 -0.246991 -2.849562 -0.328353 0.156982 0.931419 -0.840862 0.213515 -0.497355 0 0 0 0 0 0
-0.733000 -0.460824 -2.996558 -0.318802 0.664034 0.676331 -0.836277 -0.111430 -0.536866 0 0 0 0 0 0
-1.059779 -0.736640 -2.998382 -0.309041 0.931101 0.193762 -0.839689 -0.400870 -0.366369 0 0 0 0 0 0
-1.384525 -0.971477 -2.830384 -0.302082 0.889090 -0.343898 -0.848912 -0.525550 -0.056078 0 0 0 0 0 0
-1.708287 -1.060199 -2.548942 -0.299685 0.565438 -0.768420 -0.860330 -0.440211 0.256996 0 0 0 0 0 0
-2.075789 -0.938650 -2.425807 -0.314399 0.059332 -0.947435 -0.929870 -0.154561 0.333844 0 0 0 0 0 0
-2.538753 -1.116774 -2.226930 -0.277243 -0.259903 -0.924979 -0.906754 -0.018115 0.421271 0 0 0 0 0 0
-2.713092 -0.649742 -2.093430 -0.314986 -0.686879 -0.654966 -0.888901 0.294259 0.351094 0 0 0 0 0 0
-3.079943 -0.327212 -2.180229 -0.325482 -0.934698 -0.142832 -0.875679 0.415456 0.246136 0 0 0 0 0 0
-3.410669 -0.174602 -2.381752 -0.332886 -0.838102 0.432172 -0.865772 0.500387 -0.007220 0 0 0 0 0 0
-3.742687 -0.147604 -2.624072 -0.333946 -0.418533 0.844577 -0.852267 0.438267 -0.285594 0 0 0 0 0 0
-4.085336 -0.242628 -2.853089 -0.328354 0.156983 0.931418 -0.845652 0.216707 -0.487762 0 0 0 0 0 0
-4.257350 -0.458688 -3.656035 -0.318804 -0.664036 -0.676328 -0.149163 -0.622415 -0.768342 0 0 0 0 0 0
-4.760414 -0.558217 -5.523848 -0.309043 -0.931101 -0.193762 -0.839677 0.400880 0.366385 0 0 0 0 0 0
-5.085160 -0.323387 -5.691857 -0.302086 -0.889086 0.343904 -0.848917 0.525544 0.056071 0 0 0 0 0 0
-5.408942 -0.234650 -5.973285 -0.299680 -0.565444 0.768417 -0.860332 0.440209 -0.256993 0 0 0 0 0 0
-5.776411 -0.356211 -6.096427 -0.314408 -0.059338 0.947432 -0.929870 0.154551 -0.333851 0 0 0 0 0 0
-6.239404 -0.178086 -6.295304 -0.277238 0.259906 0.924980 -0.906757 0.018126 -0.421263 0 0 0 0 0 0
-6.413715 -0.645113 -6.428806 -0.314992 0.686876 0.654967 -0.888896 -0.294271 -0.351096 0 0 0 0 0 0
-6.780594 -0.967651 -6.342017 -0.325481 0.934697 0.142839 -0.875682 -0.415449 -0.246136 0 0 0 0 0 0
-7.111298 -1.120256 -6.140472 -0.332885 0.838100 -0.432175 -0.865767 -0.500395 0.007227 0 0 0 0 0 0
-7.443333 -1.147253 -5.898174 -0.333947 0.418533 -0.844576 -0.852275 -0.438260 0.285579 0 0 0 0 0 0
-7.774834 -1.047873 -5.672669 -0.328354 -0.156977 -0.931419 -0.840856 -0.213517 0.497365 0 0 0 0 0 0
-8.104232 -0.834035 -5.525687 -0.318804 -0.664036 -0.676328 -0.836286 0.111426 0.536851 0 0 0 0 0 0
-8.431002 -0.558217 -5.523848 -0.309043 -0.931101 -0.193762 -0.839677 0.400880 0.366385 0 0 0 0 0 0
-8.755748 -0.323387 -5.691857 -0.302086 -0.889086 0.343904 -0.848917 0.525544 0.056071 0 0 0 0 0 0
-9.079530 -0.234650 -5.973285 -0.299680 -0.565444 0.768417 -0.860332 0.440209 -0.256993 0 0 0 0 0 0
-9.446606 -0.352879 -6.116082 -0.310461 -0.059696 0.948710 -0.923943 0.161487 -0.346773 0 0 0 0 0 0
-9.909783 -0.182183 -6.296243 -0.280700 0.257647 0.924568 -0.915517 0.001197 -0.402277 0 0 0 0 0 0
-9.949585 -0.140675 -7.283836 -0.314985 -0.686879 -0.654967 -0.160839 -0.544768 -0.823018 0 0 0 0 0 0
-10.434683 -0.325162 -9.245164 -0.325483 -0.934698 -0.142832 -0.875688 0.415445 0.246123 0 0 0 0 0 0
-10.765401 -0.172546 -9.446691 -0.332885 -0.838101 0.432175 -0.865764 0.500401 -0.007220 0 0 0 0 0 0
-11.097431 -0.145550 -9.688993 -0.333947 -0.418534 0.844576 -0.852276 0.438258 -0.285579 0 0 0 0 0 0
-11.428931 -0.244938 -9.914498 -0.328354 0.156983 0.931418 -0.840855 0.213520 -0.497365 0 0 0 0 0 0
-11.758320 -0.458770 -10.061482 -0.318803 0.664037 0.676328 -0.836279 -0.111433 -0.536862 0 0 0 0 0 0
-12.085099 -0.734584 -10.063321 -0.309043 0.931101 0.193762 -0.839685 -0.400869 -0.366379 0 0 0 0 0 0
-12.409849 -0.969415 -9.895309 -0.302080 0.889087 -0.343905 -0.848916 -0.525545 -0.056073 0 0 0 0 0 0
-12.733607 -1.058153 -9.613881 -0.299686 0.565443 -0.768416 -0.860327 -0.440215 0.256999 0 0 0 0 0 0
-13.101106 -0.936600 -9.490741 -0.314401 0.059340 -0.947434 -0.929873 -0.154552 0.333843 0 0 0 0 0 0
-13.564068 -1.114711 -9.291865 -0.277245 -0.259908 -0.924977 -0.906753 -0.018125 0.421272 0 0 0 0 0 0
-13.738401 -0.647697 -9.158360 -0.315016 -0.686872 -0.654960 -0.888904 0.294260 0.351086 0 0 0 0 0 0
-14.105305 -0.325155 -9.245156 -0.325502 -0.934691 -0.142831 -0.875682 0.415457 0.246124 0 0 0 0 0 0
-14.436037 -0.172542 -9.446684 -0.332892 -0.838099 0.432173 -0.865772 0.500387 -0.007214 0 0 0 0 0 0
-14.768064 -0.145546 -9.688997 -0.333921 -0.418538 0.844584 -0.852265 0.438279 -0.285579 0 0 0 0 0 0
-15.099457 -0.244954 -9.914501 -0.328341 0.156984 0.931423 -0.840823 0.213526 -0.497417 0 0 0 0 0 0
-15.269110 -0.458686 -10.714856 -0.318816 -0.664033 -0.676325 -0.149186 -0.622413 -0.768340 0 0 0 0 0 0
-15.772274 -0.558220 -12.582660 -0.308994 -0.931117 -0.193765 -0.839683 0.400849 0.366405 0 0 0 0 0 0
-16.096886 -0.323398 -12.750697 -0.302068 -0.889091 0.343906 -0.848900 0.525572 0.056063 0 0 0 0 0 0
-16.420664 -0.234659 -13.032110 -0.299704 -0.565440 0.768411 -0.860332 0.440201 -0.257006 0 0 0 0 0 0
-16.787797 -0.352873 -13.174912 -0.310467 -0.059696 0.948708 -0.923939 0.161490 -0.346783 0 0 0 0 0 0
-17.250484 -0.183511 -13.358681 -0.280676 0.257645 0.924576 -0.914651 -0.000039 -0.404245 0 0 0 0 0 0
-17.428393 -0.645833 -13.492775 -0.315014 0.686863 0.654970 -0.888312 -0.296681 -0.350546 0 0 0 0 0 0
-17.793246 -0.969695 -13.405210 -0.325503 0.934694 0.142810 -0.875699 -0.415455 -0.246067 0 0 0 0 0 0
-18.124000 -1.122321 -13.203737 -0.332894 0.838107 -0.432155 -0.865775 -0.500382 0.007235 0 0 0 0 0 0
-18.455995 -1.149309 -12.961404 -0.333992 0.418538 -0.844556 -0.852291 -0.438230 0.285578 0 0 0 0 0 0
-18.787617 -1.049934 -12.735904 -0.328341 -0.156985 -0.931422 -0.840871 -0.213538 0.497330 0 0 0 0 0 0
-19.116854 -0.836069 -12.588930 -0.318814 -0.664033 -0.676327 -0.836234 0.111484 0.536920 0 0 0 0 0 0
-19.443688 -0.560277 -12.587084 -0.309056 -0.931097 -0.193761 -0.839709 0.400833 0.366363 0 0 0 0 0 0
-19.768383 -0.325433 -12.755107 -0.302129 -0.889076 0.343894 -0.848900 0.525576 0.056030 0 0 0 0 0 0
-20.092322 -0.236683 -13.036527 -0.299642 -0.565448 0.768429 -0.860358 0.440195 -0.256927 0 0 0 0 0 0
-20.459694 -0.358273 -13.159679 -0.314353 -0.059338 0.947450 -0.929869 0.154555 -0.333852 0 0 0 0 0 0
-20.922656 -0.180138 -13.358540 -0.277241 0.259903 0.924980 -0.906773 0.018129 -0.421229 0 0 0 0 0 0
-20.961265 -0.141949 -14.347263 -0.314957 -0.686891 -0.654968 -0.161168 -0.544954 -0.822830 0 0 0 0 0 0
-21.447274 -0.327194 -16.308374 -0.325501 -0.934691 -0.142838 -0.875623 0.415544 0.246186 0 0 0 0 0 0
-21.778036 -0.174611 -16.509974 -0.332882 -0.838075 0.432227 -0.865763 0.500402 -0.007236 0 0 0 0 0 0
-22.110085 -0.147592 -16.752200 -0.333980 -0.418520 0.844570 -0.852292 0.438233 -0.285571 0 0 0 0 0 0
-22.441685 -0.246974 -16.977702 -0.328348 0.156986 0.931420 -0.840883 0.213523 -0.497317 0 0 0 0 0 0
-22.771071 -0.460808 -17.124709 -0.318753 0.664049 0.676340 -0.836276 -0.111393 -0.536875 0 0 0 0 0 0
-23.097705 -0.736650 -17.126592 -0.309053 0.931091 0.193793 -0.839645 -0.400919 -0.366415 0 0 0 0 0 0
-23.789134 0.969043 -17.576057 0.782962 0.000000 0.622069 -0.053078 -0.565030 0.823361 0 0 0 0 0 0
-20.485294 -0.000001 -14.814118 0.000000 1.000000 0.000000 0.000000 0.000000 1.000000 0 0 0 0 0 0
-20.888824 -0.000001 -14.953294 0.000000 1.000000 0.000000 0.000000 0.000000 1.000000 0 0 0 0 0 0
-21.340706 -0.000001 -15.536471 0.000000 1.000000 0.000000 0.000000 0.000000 1.000000 0 0 0 0 0 0
-21.012353 -0.000001 -16.197059 0.000000 1.000000 0.000000 0.000000 0.000000 1.000000 0 0 0 0 0 0
-23.843254 -0.398897 -19.171932 0.754216 0.000000 0.656627 0.701986 -0.710579 0.047888 0 0 0 0 0 0
-23.394496 -1.128013 -19.806156 0.309054 0.931090 0.193794 0.862030 -0.434373 -0.261199 0 0 0 0 0 0
-22.843449 -1.227367 -20.031841 0.318815 0.664036 0.676323 0.877095 -0.430102 -0.213813 0 0 0 0 0 0
-22.514100 -1.142337 -20.286897 0.328326 0.156978 0.931429 0.874354 -0.254675 -0.413093 0 0 0 0 0 0
-22.182491 -0.943845 -20.444284 0.334000 -0.418548 0.844548 0.865317 -0.002635 -0.501218 0 0 0 0 0 0
-21.849679 -0.702572 -20.475402 0.332892 -0.838102 0.432166 0.852495 0.275620 -0.444169 0 0 0 0 0 0
-21.518115 -0.477247 -20.379747 0.325501 -0.934690 -0.142838 0.841307 0.491641 -0.224704 0 0 0 0 0 0
-21.189128 -0.328593 -20.169737 0.315020 -0.686876 -0.654954 0.836639 0.538635 0.099537 0 0 0 0 0 0
-20.750440 -0.234231 -19.981702 0.277245 -0.259906 -0.924978 0.878204 0.386013 0.282402 0 0 0 0 0 0
-20.432994 -0.199672 -19.863058 0.314336 0.059335 -0.947456 0.912876 -0.154408 0.377909 0 0 0 0 0 0
-20.148573 -0.591238 -19.585282 0.299645 0.565454 -0.768424 0.859007 -0.140062 0.492433 0 0 0 0 0 0
-19.823989 -0.912889 -19.583399 0.302122 0.889055 -0.343952 0.865717 -0.370629 0.336404 0 0 0 0 0 0
-19.499547 -1.146485 -19.760456 0.309054 0.931090 0.193794 0.873684 -0.482794 0.059882 0 0 0 0 0 0
-19.172861 -1.227367 -20.031841 0.318815 0.664036 0.676323 0.877095 -0.430102 -0.213813 0 0 0 0 0 0
-18.843512 -1.142337 -20.286897 0.328326 0.156978 0.931429 0.874354 -0.254675 -0.413093 0 0 0 0 0 0
-18.511902 -0.943845 -20.444284 0.334000 -0.418548 0.844548 0.865317 -0.002635 -0.501218 0 0 0 0 0 0
-18.179090 -0.702572 -20.475402 0.332892 -0.838102 0.432166 0.852495 0.275620 -0.444169 0 0 0 0 0 0
-17.847527 -0.477247 -20.379747 0.325501 -0.934690 -0.142838 0.841307 0.491641 -0.224704 0 0 0 0 0 0
-17.518540 -0.328593 -20.169737 0.315020 -0.686876 -0.654954 0.836639 0.538635 0.099537 0 0 0 0 0 0
-17.078612 -0.245011 -19.998905 0.280678 -0.257646 -0.924575 0.884411 0.377769 0.274058 0 0 0 0 0 0
-16.758441 -0.191264 -19.860691 0.310463 0.059695 -0.948709 0.907602 -0.129138 0.399478 0 0 0 0 0 0
-16.479814 -0.592591 -19.581248 0.299705 0.565442 -0.768409 0.859430 -0.134680 0.493194 0 0 0 0 0 0
-16.152345 -0.910810 -19.578987 0.302068 0.889093 -0.343900 0.865775 -0.370552 0.336340 0 0 0 0 0 0
-15.827994 -1.144409 -19.755904 0.308996 0.931123 0.193732 0.873687 -0.482796 0.059827 0 0 0 0 0 0
-15.501496 -1.225281 -20.027417 0.318816 0.664033 0.676325 0.877051 -0.430202 -0.213795 0 0 0 0 0 0
-15.171957 -1.140294 -20.282343 0.328348 0.156981 0.931421 0.874427 -0.254617 -0.412974 0 0 0 0 0 0
-14.840293 -0.941814 -20.439910 0.333915 -0.418530 0.844591 0.865259 -0.002649 -0.501318 0 0 0 0 0 0
-14.507736 -0.700443 -20.470976 0.332893 -0.838101 0.432168 0.852443 0.275629 -0.444263 0 0 0 0 0 0
-14.175953 -0.475212 -20.375393 0.325449 -0.934708 -0.142840 0.841364 0.491534 -0.224722 0 0 0 0 0 0
-13.847042 -0.326564 -20.165267 0.314969 -0.686888 -0.654965 0.836659 0.538581 0.099661 0 0 0 0 0 0
-13.408334 -0.232197 -19.977192 0.277220 -0.259889 -0.924990 0.878203 0.386039 0.282371 0 0 0 0 0 0
-13.090978 -0.197671 -19.858657 0.314410 0.059338 -0.947431 0.912853 -0.154517 0.377920 0 0 0 0 0 0
-12.806449 -0.589150 -19.580750 0.299681 0.565447 -0.768415 0.858968 -0.139995 0.492519 0 0 0 0 0 0
-12.559518 0.687265 -18.779184 0.302081 -0.889089 0.343900 0.203441 -0.522136 0.828243 0 0 0 0 0 0
-12.140955 -0.148392 -17.007716 0.309045 -0.931107 -0.193729 0.873681 0.482808 -0.059808 0 0 0 0 0 0
-11.814305 -0.067505 -16.736223 0.318803 -0.664037 -0.676328 0.877078 0.430171 0.213746 0 0 0 0 0 0
-11.484930 -0.152520 -16.481264 0.328361 -0.156986 -0.931415 0.874389 0.254621 0.413051 0 0 0 0 0 0
-11.153213 -0.350984 -16.323715 0.333941 0.418526 -0.844583 0.865282 0.002655 0.501279 0 0 0 0 0 0
-10.820562 -0.592350 -16.292635 0.332886 0.838103 -0.432169 0.852467 -0.275588 0.444243 0 0 0 0 0 0
-10.488945 -0.817605 -16.388255 0.325483 0.934697 0.142839 0.841304 -0.491641 0.224713 0 0 0 0 0 0
-10.159974 -0.966257 -16.598349 0.314987 0.686885 0.654959 0.836664 -0.538574 -0.099656 0 0 0 0 0 0
-9.720063 -1.049825 -16.769230 0.280705 0.257641 0.924568 0.884426 -0.377733 -0.274060 0 0 0 0 0 0
-9.400464 -1.101043 -16.903303 0.310450 -0.059697 0.948713 0.908018 0.135200 -0.396515 0 0 0 0 0 0
-9.122120 -0.700221 -17.182371 0.299687 -0.565446 0.768413 0.859445 0.134661 -0.493174 0 0 0 0 0 0
-8.794715 -0.381988 -17.184626 0.302081 -0.889089 0.343900 0.865757 0.370590 -0.336345 0 0 0 0 0 0
-8.470367 -0.148392 -17.007716 0.309045 -0.931107 -0.193729 0.873681 0.482808 -0.059808 0 0 0 0 0 0
-8.143716 -0.067505 -16.736223 0.318803 -0.664037 -0.676328 0.877078 0.430171 0.213746 0 0 0 0 0 0
-7.814341 -0.152520 -16.481264 0.328361 -0.156986 -0.931415 0.874389 0.254621 0.413051 0 0 0 0 0 0
-7.482625 -0.350984 -16.323715 0.333941 0.418526 -0.844583 0.865282 0.002655 0.501279 0 0 0 0 0 0
-7.299618 0.137976 -15.139849 0.332885 -0.838100 0.432175 0.164402 -0.628452 0.760276 0 0 0 0 0 0
-6.834845 -0.475187 -13.316551 0.325481 -0.934698 -0.142832 0.841301 0.491639 -0.224730 0 0 0 0 0 0
-6.505888 -0.326553 -13.106465 0.314997 -0.686888 -0.654951 0.836667 0.538568 0.099660 0 0 0 0 0 0
-6.067127 -0.232189 -12.918433 0.277229 -0.259898 -0.924985 0.878230 0.386021 0.282312 0 0 0 0 0 0
-5.749806 -0.197668 -12.799851 0.314408 0.059338 -0.947432 0.912839 -0.154493 0.377965 0 0 0 0 0 0
-5.465272 -0.589152 -12.521955 0.299680 0.565444 -0.768417 0.858975 -0.140009 0.492504 0 0 0 0 0 0
-5.140639 -0.910825 -12.520195 0.302086 0.889086 -0.343904 0.865751 -0.370590 0.336360 0 0 0 0 0 0
-4.816269 -1.144413 -12.697129 0.309043 0.931101 0.193762 0.873680 -0.482805 0.059862 0 0 0 0 0 0
-4.489628 -1.225301 -12.968589 0.318804 0.664036 0.676328 0.877073 -0.430155 -0.213800 0 0 0 0 0 0
-4.160245 -1.140282 -13.223587 0.328354 0.156977 0.931419 0.874389 -0.254635 -0.413043 0 0 0 0 0 0
-3.815998 -0.945927 -13.373995 0.333940 -0.418529 0.844581 0.873341 -0.005526 -0.487078 0 0 0 0 0 0
-3.482319 -0.702515 -13.406097 0.332881 -0.838094 0.432191 0.852479 0.275622 -0.444199 0 0 0 0 0 0
-3.150704 -0.477237 -13.310427 0.325481 -0.934695 -0.142853 0.841306 0.491622 -0.224748 0 0 0 0 0 0
-2.821726 -0.328606 -13.100381 0.314988 -0.686883 -0.654961 0.836660 0.538580 0.099656 0 0 0 0 0 0
-2.383000 -0.234238 -12.912333 0.277249 -0.259909 -0.924976 0.878240 0.385974 0.282347 0 0 0 0 0 0
-2.065635 -0.199721 -12.793733 0.314399 0.059337 -0.947435 0.912843 -0.154487 0.377957 0 0 0 0 0 0
-1.781140 -0.591210 -12.515844 0.299684 0.565440 -0.768419 0.858973 -0.140018 0.492505 0 0 0 0 0 0
-1.534199 0.685208 -11.714250 0.302082 -0.889090 0.343898 0.203437 -0.522135 0.828244 0 0 0 0 0 0
-1.115635 -0.150448 -9.942753 0.309041 -0.931101 -0.193762 0.873676 0.482812 -0.059849 0 0 0 0 0 0
-0.788988 -0.069556 -9.671289 0.318802 -0.664034 -0.676331 0.877074 0.430157 0.213787 0 0 0 0 0 0
-0.459607 -0.154570 -9.416291 0.328353 -0.156982 -0.931419 0.874387 0.254627 0.413053 0 0 0 0 0 0
-0.127891 -0.353043 -9.258806 0.333947 0.418534 -0.844576 0.865306 0.002640 0.501237 0 0 0 0 0 0
0.204768 -0.594390 -9.227707 0.332884 0.838101 -0.432175 0.852464 -0.275610 0.444235 0 0 0 0 0 0
0.536382 -0.819671 -9.323326 0.325482 0.934698 0.142832 0.841304 -0.491634 0.224730 0 0 0 0 0 0
0.865345 -0.968305 -9.533416 0.314989 0.686880 0.654964 0.836656 -0.538591 -0.099631 0 0 0 0 0 0
1.305280 -1.051891 -9.704238 0.280699 0.257646 0.924568 0.884432 -0.377742 -0.274029 0 0 0 0 0 0
1.624833 -1.103104 -9.838373 0.310455 -0.059691 0.948712 0.907995 0.135184 -0.396573 0 0 0 0 0 0
1.903201 -0.702279 -10.117435 0.299685 -0.565438 0.768420 0.859454 0.134698 -0.493149 0 0 0 0 0 0
2.230600 -0.384029 -10.119683 0.302080 -0.889090 0.343899 0.865756 0.370574 -0.336366 0 0 0 0 0 0
2.554945 -0.150448 -9.942752 0.309043 -0.931101 -0.193762 0.873675 0.482815 -0.059847 0 0 0 0 0 0
2.881604 -0.069556 -9.671291 0.318802 -0.664034 -0.676331 0.877077 0.430154 0.213784 0 0 0 0 0 0
3.210975 -0.154571 -9.416290 0.328354 -0.156982 -0.931418 0.874384 0.254628 0.413059 0 0 0 0 0 0
3.542704 -0.353040 -9.258807 0.333947 0.418534 -0.844576 0.865311 0.002643 0.501229 0 0 0 0 0 0
3.725699 0.135928 -8.074909 0.332884 -0.838101 0.432173 0.164397 -0.628453 0.760276 0 0 0 0 0 0
4.190483 -0.477242 -6.251616 0.325482 -0.934697 -0.142839 0.841304 0.491627 -0.224744 0 0 0 0 0 0
4.519450 -0.328606 -6.041542 0.314987 -0.686880 -0.654965 0.836654 0.538595 0.099626 0 0 0 0 0 0
4.958178 -0.234236 -5.853512 0.277243 -0.259904 -0.924979 0.878236 0.385983 0.282345 0 0 0 0 0 0
5.275539 -0.199720 -5.734911 0.314399 0.059337 -0.947435 0.912843 -0.154489 0.377956 0 0 0 0 0 0
5.560036 -0.591210 -5.457020 0.299684 0.565440 -0.768419 0.858973 -0.140018 0.492505 0 0 0 0 0 0
5.884698 -0.912880 -5.455272 0.302081 0.889090 -0.343899 0.865757 -0.370576 0.336361 0 0 0 0 0 0
6.209046 -1.146460 -5.632193 0.309044 0.931101 0.193762 0.873674 -0.482814 0.059868 0 0 0 0 0 0
6.535701 -1.227362 -5.903659 0.318801 0.664036 0.676330 0.877073 -0.430157 -0.213794 0 0 0 0 0 0
6.865075 -1.142341 -6.158655 0.328356 0.156985 0.931417 0.874389 -0.254619 -0.413053 0 0 0 0 0 0
7.196790 -0.943868 -6.316150 0.333947 -0.418536 0.844575 0.865298 -0.002651 -0.501251 0 0 0 0 0 0
7.529448 -0.702527 -6.347236 0.332884 -0.838101 0.432173 0.852471 0.275617 -0.444217 0 0 0 0 0 0
7.861071 -0.477242 -6.251616 0.325482 -0.934697 -0.142839 0.841304 0.491627 -0.224744 0 0 0 0 0 0
8.190038 -0.328606 -6.041542 0.314987 -0.686880 -0.654965 0.836654 0.538595 0.099626 0 0 0 0 0 0
8.629967 -0.245022 -5.870718 0.280698 -0.257645 -0.924569 0.884433 0.377741 0.274027 0 0 0 0 0 0
8.950196 -0.191268 -5.732510 0.310454 0.059696 -0.948712 0.907596 -0.129161 0.399484 0 0 0 0 0 0
9.228806 -0.592578 -5.453102 0.299686 0.565443 -0.768416 0.859451 -0.134689 0.493156 0 0 0 0 0 0
9.478483 0.687261 -4.651008 0.302086 -0.889086 0.343905 0.203439 -0.522132 0.828246 0 0 0 0 0 0
9.897061 -0.148390 -2.879506 0.309037 -0.931103 -0.193762 0.873678 0.482808 -0.059864 0 0 0 0 0 0
10.223691 -0.067505 -2.608046 0.318803 -0.664037 -0.676328 0.877075 0.430151 0.213799 0 0 0 0 0 0
10.553084 -0.152517 -2.353047 0.328348 -0.156983 -0.931420 0.874388 0.254633 0.413046 0 0 0 0 0 0
10.884791 -0.350990 -2.195558 0.333946 0.418532 -0.844577 0.865305 0.002640 0.501240 0 0 0 0 0 0
11.217459 -0.592337 -2.164467 0.332879 0.838103 -0.432174 0.852467 -0.275608 0.444231 0 0 0 0 0 0
11.549062 -0.817609 -2.260086 0.325483 0.934697 0.142834 0.841304 -0.491633 0.224732 0 0 0 0 0 0
11.878031 -0.966259 -2.470172 0.314985 0.686880 0.654965 0.836648 -0.538606 -0.099624 0 0 0 0 0 0
12.316761 -1.060625 -2.658201 0.277243 0.259906 0.924979 0.878238 -0.385978 -0.282347 0 0 0 0 0 0
12.634120 -1.095134 -2.776789 0.314408 -0.059340 0.947432 0.912848 0.154494 -0.377943 0 0 0 0 0 0
12.918629 -0.703652 -3.054681 0.299686 -0.565443 0.768416 0.858969 0.140017 -0.492512 0 0 0 0 0 0
13.243283 -0.381982 -3.056444 0.302086 -0.889086 0.343905 0.865756 0.370582 -0.336356 0 0 0 0 0 0
13.567649 -0.148390 -2.879506 0.309037 -0.931103 -0.193762 0.873678 0.482808 -0.059864 0 0 0 0 0 0
13.894270 -0.067508 -2.608049 0.318835 -0.664029 -0.676320 0.877082 0.430135 0.213801 0 0 0 0 0 0
14.223717 -0.152509 -2.353036 0.328335 -0.156984 -0.931425 0.874375 0.254650 0.413065 0 0 0 0 0 0
14.555301 -0.351001 -2.195562 0.333985 0.418526 -0.844565 0.865293 0.002609 0.501260 0 0 0 0 0 0
14.738410 0.137977 -1.011668 0.332892 -0.838098 0.432174 0.164405 -0.628452 0.760275 0 0 0 0 0 0
15.203157 -0.475186 0.811625 0.325501 -0.934691 -0.142834 0.841303 0.491636 -0.224728 0 0 0 0 0 0
15.532118 -0.326547 1.021714 0.315017 -0.686871 -0.654960 0.836648 0.538601 0.099641 0 0 0 0 0 0
15.972081 -0.242955 1.192535 0.280679 -0.257647 -0.924574 0.884420 0.377766 0.274034 0 0 0 0 0 0
16.291653 -0.191738 1.326641 0.310402 0.059697 -0.948729 0.908036 -0.135145 0.396492 0 0 0 0 0 0
16.569960 -0.592585 1.605707 0.299643 0.565450 -0.768428 0.859443 -0.134692 0.493169 0 0 0 0 0 0
16.897263 -0.910828 1.607950 0.302129 0.889076 -0.343894 0.865745 -0.370621 0.336343 0 0 0 0 0 0
17.220105 -1.145489 1.427794 0.308995 0.931116 0.193765 0.873468 -0.483892 0.053877 0 0 0 0 0 0
17.547353 -1.227344 1.155151 0.318814 0.664034 0.676326 0.877047 -0.430186 -0.213841 0 0 0 0 0 0
17.876889 -1.142356 0.900179 0.328343 0.156986 0.931422 0.874425 -0.254612 -0.412981 0 0 0 0 0 0
18.208551 -0.943857 0.742669 0.333920 -0.418540 0.844583 0.865277 -0.002647 -0.501288 0 0 0 0 0 0
18.541258 -0.702542 0.711586 0.332826 -0.838120 0.432184 0.852497 0.275556 -0.444206 0 0 0 0 0 0
18.872833 -0.477256 0.807215 0.325437 -0.934713 -0.142837 0.841307 0.491622 -0.224747 0 0 0 0 0 0
19.201796 -0.328621 1.017291 0.314955 -0.686886 -0.654974 0.836651 0.538601 0.099619 0 0 0 0 0 0
19.641741 -0.245031 1.188097 0.280679 -0.257647 -0.924574 0.884439 0.377734 0.274016 0 0 0 0 0 0
19.962007 -0.191267 1.326308 0.310402 0.059697 -0.948729 0.907601 -0.129162 0.399471 0 0 0 0 0 0
20.240548 -0.592585 1.605707 0.299643 0.565450 -0.768428 0.859443 -0.134692 0.493169 0 0 0 0 0 0
20.490189 0.687271 2.407816 0.302068 -0.889091 0.343907 0.203424 -0.522130 0.828250 0 0 0 0 0 0
20.908781 -0.148400 4.179317 0.309055 -0.931097 -0.193761 0.873696 0.482776 -0.059859 0 0 0 0 0 0
21.235512 -0.067500 4.450765 0.318816 -0.664034 -0.676325 0.877098 0.430118 0.213770 0 0 0 0 0 0
21.564860 -0.152520 4.705793 0.328341 -0.156984 -0.931423 0.874356 0.254652 0.413102 0 0 0 0 0 0
21.896484 -0.350997 4.863270 0.333984 0.418525 -0.844566 0.865295 0.002614 0.501256 0 0 0 0 0 0
22.229274 -0.592329 4.894373 0.332892 0.838099 -0.432173 0.852494 -0.275574 0.444199 0 0 0 0 0 0
22.560851 -0.817612 4.798740 0.325502 0.934691 0.142831 0.841307 -0.491634 0.224719 0 0 0 0 0 0
22.889812 -0.966264 4.588647 0.315016 0.686872 0.654960 0.836642 -0.538612 -0.099635 0 0 0 0 0 0
23.328531 -1.060633 4.400604 0.277243 0.259906 0.924978 0.878210 -0.386010 -0.282390 0 0 0 0 0 0
23.645825 -1.095129 4.282034 0.314421 -0.059340 0.947427 0.912842 0.154498 -0.377954 0 0 0 0 0 0
23.930466 -0.703674 4.004140 0.299643 -0.565451 0.768427 0.859011 0.139958 -0.492454 0 0 0 0 0 0
24.254978 -0.381972 4.002399 0.302068 -0.889091 0.343907 0.865723 0.370637 -0.336380 0 0 0 0 0 0
24.554760 -0.139763 4.169442 0.309055 -0.931097 -0.193761 0.853231 0.514131 -0.087561 0 0 0 0 0 0
24.875908 -0.067495 4.430186 0.318753 -0.664049 -0.676340 0.877083 0.430151 0.213767 0 0 0 0 0 0
25.205155 -0.152536 4.685190 0.328341 -0.156984 -0.931423 0.874378 0.254631 0.413070 0 0 0 0 0 0
25.536861 -0.350998 4.842672 0.333986 0.418528 -0.844564 0.865299 0.002613 0.501249 0 0 0 0 0 0
25.723195 0.136742 6.067951 0.332892 -0.838098 0.432174 0.166124 -0.624931 0.762800 0 0 0 0 0 0
26.193906 -0.475178 7.893252 0.325436 -0.934713 -0.142841 0.841276 0.491659 -0.224778 0 0 0 0 0 0
26.522786 -0.326566 8.103328 0.314955 -0.686888 -0.654972 0.836652 0.538599 0.099618 0 0 0 0 0 0
26.962728 -0.242978 8.274141 0.280678 -0.257647 -0.924574 0.884437 0.377738 0.274017 0 0 0 0 0 0
27.282231 -0.191781 8.408283 0.310467 0.059696 -0.948708 0.907973 -0.135203 0.396616 0 0 0 0 0 0
27.560614 -0.592583 8.687350 0.299702 0.565437 -0.768414 0.859438 -0.134715 0.493172 0 0 0 0 0 0
27.888076 -0.910821 8.689605 0.302068 0.889093 -0.343900 0.865775 -0.370540 0.336354 0 0 0 0 0 0
28.224716 -1.138790 8.498867 0.309056 0.931097 0.193761 0.885372 -0.463973 0.029088 0 0 0 0 0 0
28.557067 -1.227365 8.217919 0.318815 0.664036 0.676323 0.877094 -0.430128 -0.213767 0 0 0 0 0 0
28.886412 -1.142340 7.962888 0.328341 0.156985 0.931422 0.874358 -0.254647 -0.413102 0 0 0 0 0 0
29.218036 -0.943859 7.805412 0.333986 -0.418530 0.844563 0.865293 -0.002626 -0.501260 0 0 0 0 0 0
29.550828 -0.702537 7.774306 0.332891 -0.838099 0.432172 0.852494 0.275582 -0.444194 0 0 0 0 0 0
29.882403 -0.477239 7.869943 0.325501 -0.934690 -0.142838 0.841301 0.491637 -0.224735 0 0 0 0 0 0
30.211365 -0.328601 8.080029 0.315017 -0.686869 -0.654962 0.836649 0.538599 0.099648 0 0 0 0 0 0
30.651329 -0.245008 8.250849 0.280680 -0.257648 -0.924574 0.884422 0.377763 0.274033 0 0 0 0 0 0
30.971492 -0.191268 8.389035 0.310467 0.059696 -0.948708 0.907609 -0.129145 0.399458 0 0 0 0 0 0
31.250119 -0.592584 8.668461 0.299704 0.565440 -0.768411 0.859436 -0.134707 0.493176 0 0 0 0 0 0
31.499880 0.687250 9.470543 0.302068 -0.889091 0.343907 0.203455 -0.522138 0.828238 0 0 0 0 0 0
31.918299 -0.148380 11.242076 0.309055 -0.931097 -0.193761 0.873627 0.482903 -0.059837 0 0 0 0 0 0
32.245018 -0.067500 11.513499 0.318816 -0.664034 -0.676325 0.877098 0.430118 0.213770 0 0 0 0 0 0
32.574346 -0.152522 11.768519 0.328405 -0.156980 -0.931401 0.874372 0.254620 0.413089 0 0 0 0 0 0
32.906215 -0.350968 11.926021 0.333921 0.418538 -0.844584 0.865321 0.002685 0.501211 0 0 0 0 0 0
33.238716 -0.592344 11.957082 0.332892 0.838099 -0.432173 0.852448 -0.275656 0.444237 0 0 0 0 0 0
33.570357 -0.817612 11.861474 0.325502 0.934691 0.142831 0.841307 -0.491634 0.224719 0 0 0 0 0 0
33.899318 -0.966264 11.651381 0.315016 0.686872 0.654960 0.836642 -0.538612 -0.099635 0 0 0 0 0 0
34.338156 -1.060646 11.463387 0.277245 0.259908 0.924977 0.878273 -0.385948 -0.282277 0 0 0 0 0 0
34.655471 -1.095130 11.344769 0.314421 -0.059340 0.947427 0.912839 0.154492 -0.377965 0 0 0 0 0 0
34.939972 -0.703646 11.066871 0.299704 -0.565440 0.768411 0.858954 0.140035 -0.492532 0 0 0 0 0 0
35.264691 -0.381988 11.065103 0.302068 -0.889091 0.343907 0.865772 0.370547 -0.336352 0 0 0 0 0 0
35.564275 -0.139743 11.232202 0.309055 -0.931097 -0.193761 0.853150 0.514267 -0.087545 0 0 0 0 0 0
35.885395 -0.067500 11.492915 0.318816 -0.664034 -0.676325 0.877098 0.430118 0.213770 0 0 0 0 0 0
36.214722 -0.152522 11.747936 0.328405 -0.156980 -0.931401 0.874372 0.254620 0.413089 0 0 0 0 0 0
36.546591 -0.350968 11.905438 0.333921 0.418538 -0.844584 0.865321 0.002685 0.501211 0 0 0 0 0 0
36.879093 -0.592344 11.936499 0.332892 0.838099 -0.432173 0.852448 -0.275656 0.444237 0 0 0 0 0 0
37.210734 -0.817612 11.840890 0.325502 0.934691 0.142831 0.841307 -0.491634 0.224719 0 0 0 0 0 0
37.539695 -0.966264 11.630798 0.315016 0.686872 0.654960 0.836642 -0.538612 -0.099635 0 0 0 0 0 0
37.979633 -1.049838 11.459977 0.280745 0.257638 0.924557 0.884440 -0.377714 -0.274041 0 0 0 0 0 0
38.299300 -1.101076 11.325855 0.310467 -0.059697 0.948708 0.908032 0.135144 -0.396502 0 0 0 0 0 0
38.577602 -0.700222 11.046791 0.299704 -0.565440 0.768411 0.859436 0.134706 -0.493177 0 0 0 0 0 0
38.905067 -0.381988 11.044519 0.302068 -0.889091 0.343907 0.865772 0.370547 -0.336352 0 0 0 0 0 0
39.936199 -0.878214 10.804526 -0.974860 0.000000 -0.222820 -0.462180 0.825866 -0.323011 0 0 0 0 0 0
33.471765 0.000000 8.630447 0.000000 1.000000 0.000000 0.000000 0.000000 1.000000 0 0 0 0 0 0
33.875294 0.000000 8.491271 0.000000 1.000000 0.000000 0.000000 0.000000 1.000000 0 0 0 0 0 0
34.327176 0.000000 7.908129 0.000000 1.000000 0.000000 0.000000 0.000000 1.000000 0 0 0 0 0 0
33.998824 0.000000 7.247494 0.000000 1.000000 0.000000 0.000000 0.000000 1.000000 0 0 0 0 0 0
39.232378 0.487188 7.900036 -0.985650 0.000000 -0.168802 0.046094 -0.402881 0.914091 0 0 0 0 0 0
39.167649 -0.335630 8.388244 -0.302129 -0.889076 0.343894 -0.852995 0.442816 -0.276249 0 0 0 0 0 0
38.629182 -0.234631 8.181616 -0.299643 -0.565451 0.768427 -0.860361 0.440193 -0.256922 0 0 0 0 0 0
38.262190 -0.352887 8.038813 -0.310402 -0.059697 0.948729 -0.923945 0.161499 -0.346762 0 0 0 0 0 0
37.799055 -0.182187 7.858663 -0.280678 0.257647 0.924574 -0.915523 0.001203 -0.402264 0 0 0 0 0 0
37.622525 -0.643775 7.725398 -0.315017 0.686870 0.654961 -0.888317 -0.296688 -0.350526 0 0 0 0 0 0
37.257657 -0.967657 7.812866 -0.325500 0.934691 0.142838 -0.875678 -0.415458 -0.246134 0 0 0 0 0 0
36.926932 -1.120260 8.014410 -0.332892 0.838098 -0.432174 -0.865775 -0.500381 0.007221 0 0 0 0 0 0
36.594900 -1.147257 8.256719 -0.333921 0.418538 -0.844585 -0.852264 -0.438281 0.285579 0 0 0 0 0 0
36.263385 -1.047880 8.482201 -0.328342 -0.156978 -0.931423 -0.840901 -0.213510 0.497292 0 0 0 0 0 0
35.934065 -0.834012 8.629201 -0.318815 -0.664030 -0.676329 -0.836236 0.111486 0.536918 0 0 0 0 0 0
35.607229 -0.558222 8.631046 -0.309055 -0.931097 -0.193761 -0.839707 0.400831 0.366368 0 0 0 0 0 0
35.305465 -0.324984 8.442593 -0.302068 -0.889091 0.343906 -0.841849 0.539375 0.019136 0 0 0 0 0 0
34.979854 -0.234659 8.158803 -0.299704 -0.565440 0.768411 -0.860332 0.440201 -0.257006 0 0 0 0 0 0
34.612342 -0.356208 8.035653 -0.314421 -0.059337 0.947427 -0.929862 0.154551 -0.333873 0 0 0 0 0 0
34.149351 -0.178080 7.836782 -0.277245 0.259906 0.924978 -0.906762 0.018129 -0.421253 0 0 0 0 0 0
34.110845 -0.139894 6.848070 -0.315016 -0.686872 -0.654960 -0.161195 -0.544945 -0.822831 0 0 0 0 0 0
33.624624 -0.325155 4.886933 -0.325502 -0.934691 -0.142831 -0.875682 0.415457 0.246124 0 0 0 0 0 0
33.293892 -0.172542 4.685405 -0.332892 -0.838099 0.432173 -0.865772 0.500387 -0.007214 0 0 0 0 0 0
32.961865 -0.145546 4.443092 -0.333921 -0.418538 0.844584 -0.852265 0.438279 -0.285579 0 0 0 0 0 0
32.630493 -0.244954 4.217596 -0.328405 0.156980 0.931401 -0.840847 0.213485 -0.497394 0 0 0 0 0 0
32.300963 -0.458763 4.070590 -0.318816 0.664034 0.676325 -0.836285 -0.111422 -0.536854 0 0 0 0 0 0
31.974192 -0.734578 4.068761 -0.309055 0.931097 0.193761 -0.839708 -0.400837 -0.366360 0 0 0 0 0 0
31.649481 -0.969428 4.236791 -0.302068 0.889091 -0.343907 -0.848875 -0.525612 -0.056070 0 0 0 0 0 0
31.325783 -1.058146 4.518208 -0.299704 0.565440 -0.768411 -0.860330 -0.440205 0.257005 0 0 0 0 0 0
30.958650 -0.939932 4.661011 -0.310467 0.059697 -0.948708 -0.923939 -0.161487 0.346784 0 0 0 0 0 0
30.493420 -1.112578 4.837261 -0.280678 -0.257647 -0.924574 -0.917227 -0.003167 0.398352 0 0 0 0 0 0
30.317910 -0.651109 4.969999 -0.314954 -0.686885 -0.654976 -0.888365 0.296588 0.350489 0 0 0 0 0 0
29.953108 -0.327218 4.882499 -0.325437 -0.934713 -0.142834 -0.875687 0.415437 0.246139 0 0 0 0 0 0
29.622523 -0.174607 4.680954 -0.332892 -0.838099 0.432173 -0.865727 0.500463 -0.007254 0 0 0 0 0 0
29.290450 -0.147603 4.438680 -0.333986 -0.418528 0.844564 -0.852286 0.438236 -0.285583 0 0 0 0 0 0
28.958831 -0.246973 4.213168 -0.328341 0.156983 0.931423 -0.840872 0.213533 -0.497330 0 0 0 0 0 0
28.789368 -0.460743 3.412814 -0.318815 -0.664035 -0.676325 -0.149152 -0.622417 -0.768343 0 0 0 0 0 0
28.286240 -0.560280 1.545008 -0.309056 -0.931097 -0.193761 -0.839709 0.400836 0.366358 0 0 0 0 0 0
27.941367 -0.321643 1.397807 -0.302068 -0.889093 0.343900 -0.852065 0.515246 0.092233 0 0 0 0 0 0
27.619762 -0.234660 1.118856 -0.299703 -0.565438 0.768413 -0.860330 0.440208 -0.257002 0 0 0 0 0 0
27.252626 -0.352873 0.976064 -0.310467 -0.059696 0.948708 -0.923940 0.161487 -0.346780 0 0 0 0 0 0
26.789464 -0.182182 0.795895 -0.280679 0.257647 0.924574 -0.915511 0.001202 -0.402292 0 0 0 0 0 0
26.612875 -0.643748 0.662656 -0.314954 0.686886 0.654974 -0.888367 -0.296590 -0.350483 0 0 0 0 0 0
26.248072 -0.967642 0.750146 -0.325436 0.934713 0.142837 -0.875685 -0.415440 -0.246142 0 0 0 0 0 0
25.917489 -1.120250 0.951700 -0.332892 0.838098 -0.432174 -0.865730 -0.500459 0.007259 0 0 0 0 0 0
25.585416 -1.147254 1.193976 -0.333986 0.418527 -0.844564 -0.852285 -0.438236 0.285587 0 0 0 0 0 0
25.253793 -1.047889 1.419479 -0.328343 -0.156979 -0.931423 -0.840877 -0.213528 0.497324 0 0 0 0 0 0
24.924435 -0.834045 1.566461 -0.318815 -0.664031 -0.676328 -0.836309 0.111415 0.536819 0 0 0 0 0 0
24.597706 -0.558195 1.568300 -0.309055 -0.931096 -0.193767 -0.839631 0.400955 0.366407 0 0 0 0 0 0
24.295979 -0.324989 1.379855 -0.302129 -0.889076 0.343894 -0.841876 0.539332 0.019111 0 0 0 0 0 0
23.970124 -0.234631 1.096077 -0.299643 -0.565450 0.768428 -0.860360 0.440194 -0.256924 0 0 0 0 0 0
23.602753 -0.356220 0.972926 -0.314354 -0.059339 0.947449 -0.929868 0.154559 -0.333851 0 0 0 0 0 0
23.139770 -0.178087 0.774068 -0.277179 0.259910 0.924997 -0.906767 0.018140 -0.421242 0 0 0 0 0 0
23.101384 -0.139893 -0.214664 -0.315017 -0.686873 -0.654958 -0.161175 -0.544947 -0.822833 0 0 0 0 0 0
22.615117 -0.325155 -2.175798 -0.325502 -0.934691 -0.142833 -0.875680 0.415457 0.246130 0 0 0 0 0 0
22.284387 -0.172542 -2.377329 -0.332892 -0.838099 0.432172 -0.865773 0.500385 -0.007218 0 0 0 0 0 0
21.952382 -0.145550 -2.619646 -0.333985 -0.418526 0.844565 -0.852284 0.438236 -0.285590 0 0 0 0 0 0
21.620759 -0.244921 -2.845148 -0.328341 0.156984 0.931423 -0.840876 0.213529 -0.497325 0 0 0 0 0 0
21.291523 -0.458791 -2.992124 -0.318816 0.664034 0.676325 -0.836234 -0.111479 -0.536923 0 0 0 0 0 0
20.964686 -0.734578 -2.993973 -0.309055 0.931097 0.193761 -0.839708 -0.400837 -0.366360 0 0 0 0 0 0
20.639848 -0.969412 -2.825971 -0.302068 0.889091 -0.343907 -0.848952 -0.525484 -0.056095 0 0 0 0 0 0
20.316117 -1.058151 -2.544521 -0.299643 0.565451 -0.768427 -0.860310 -0.440244 0.257006 0 0 0 0 0 0
19.949080 -0.939917 -2.401742 -0.310467 0.059697 -0.948708 -0.923951 -0.161473 0.346757 0 0 0 0 0 0
19.483907 -1.112534 -2.225459 -0.280744 -0.257642 -0.924556 -0.917175 -0.003104 0.398473 0 0 0 0 0 0
19.308338 -0.651108 -2.092726 -0.315017 -0.686871 -0.654959 -0.888358 0.296605 0.350493 0 0 0 0 0 0
18.943540 -0.327208 -2.180220 -0.325501 -0.934692 -0.142831 -0.875679 0.415457 0.246135 0 0 0 0 0 0
18.612811 -0.174596 -2.381748 -0.332892 -0.838100 0.432171 -0.865773 0.500384 -0.007218 0 0 0 0 0 0
18.280785 -0.147599 -2.624073 -0.333920 -0.418537 0.844585 -0.852263 0.438280 -0.285584 0 0 0 0 0 0
17.949389 -0.247008 -2.849567 -0.328341 0.156983 0.931423 -0.840827 0.213521 -0.497411 0 0 0 0 0 0
17.779737 -0.460739 -3.649920 -0.318814 -0.664033 -0.676327 -0.149185 -0.622412 -0.768340 0 0 0 0 0 0
17.276575 -0.560270 -5.517726 -0.308995 -0.931116 -0.193765 -0.839684 0.400845 0.366408 0 0 0 0 0 0
16.952286 -0.322642 -5.682635 -0.302129 -0.889076 0.343894 -0.846591 0.528484 0.063146 0 0 0 0 0 0
16.628946 -0.234631 -5.962742 -0.299643 -0.565451 0.768427 -0.860361 0.440193 -0.256922 0 0 0 0 0 0
16.261955 -0.352887 -6.105545 -0.310402 -0.059697 0.948729 -0.923945 0.161499 -0.346762 0 0 0 0 0 0
15.798820 -0.182187 -6.285694 -0.280678 0.257647 0.924574 -0.915523 0.001203 -0.402264 0 0 0 0 0 0
15.622289 -0.643775 -6.418959 -0.315017 0.686870 0.654961 -0.888317 -0.296688 -0.350526 0 0 0 0 0 0
15.257422 -0.967657 -6.331491 -0.325500 0.934691 0.142838 -0.875678 -0.415458 -0.246134 0 0 0 0 0 0
14.926696 -1.120260 -6.129948 -0.332892 0.838098 -0.432174 -0.865775 -0.500381 0.007221 0 0 0 0 0 0
14.594665 -1.147257 -5.887638 -0.333921 0.418538 -0.844585 -0.852264 -0.438281 0.285579 0 0 0 0 0 0
14.263145 -1.047879 -5.662155 -0.328329 -0.156979 -0.931428 -0.840896 -0.213519 0.497297 0 0 0 0 0 0
13.933849 -0.834012 -5.515163 -0.318822 -0.664032 -0.676324 -0.836242 0.111478 0.536910 0 0 0 0 0 0
13.606980 -0.558224 -5.513305 -0.309043 -0.931101 -0.193762 -0.839701 0.400842 0.366372 0 0 0 0 0 0
13.282250 -0.323386 -5.681324 -0.302081 -0.889090 0.343899 -0.848918 0.525543 0.056059 0 0 0 0 0 0
12.958493 -0.234654 -5.962761 -0.299686 -0.565443 0.768416 -0.860328 0.440216 -0.256993 0 0 0 0 0 0
12.590993 -0.356207 -6.085895 -0.314401 -0.059338 0.947434 -0.929872 0.154555 -0.333842 0 0 0 0 0 0
12.128032 -0.178088 -6.284783 -0.277243 0.259904 0.924979 -0.906749 0.018123 -0.421282 0 0 0 0 0 0
12.089496 -0.139895 -7.273488 -0.314985 -0.686879 -0.654967 -0.161180 -0.544948 -0.822832 0 0 0 0 0 0
11.603330 -0.325159 -9.234634 -0.325483 -0.934698 -0.142832 -0.875681 0.415457 0.246126 0 0 0 0 0 0
11.272599 -0.172547 -9.436157 -0.332879 -0.838103 0.432176 -0.865769 0.500393 -0.007213 0 0 0 0 0 0
10.940592 -0.145553 -9.678474 -0.333945 -0.418531 0.844578 -0.852268 0.438265 -0.285592 0 0 0 0 0 0
10.609068 -0.244936 -9.903965 -0.328348 0.156983 0.931420 -0.840865 0.213517 -0.497350 0 0 0 0 0 0
10.279688 -0.458769 -10.050947 -0.318803 0.664037 0.676328 -0.836281 -0.111433 -0.536858 0 0 0 0 0 0
9.952899 -0.734585 -10.052790 -0.309037 0.931103 0.193762 -0.839682 -0.400870 -0.366384 0 0 0 0 0 0
9.628174 -0.969414 -9.884774 -0.302086 0.889086 -0.343905 -0.848913 -0.525551 -0.056067 0 0 0 0 0 0
9.304387 -1.058155 -9.603352 -0.299686 0.565443 -0.768416 -0.860332 -0.440209 0.256992 0 0 0 0 0 0
8.937287 -0.939930 -9.460554 -0.310454 0.059698 -0.948712 -0.923946 -0.161487 0.346764 0 0 0 0 0 0
8.472128 -1.112550 -9.284292 -0.280698 -0.257646 -0.924569 -0.917196 -0.003133 0.398424 0 0 0 0 0 0
8.296621 -0.651104 -9.151569 -0.314987 -0.686881 -0.654965 -0.888356 0.296612 0.350494 0 0 0 0 0 0
7.931821 -0.327213 -9.239051 -0.325482 -0.934698 -0.142832 -0.875677 0.415457 0.246142 0 0 0 0 0 0
7.601095 -0.174602 -9.440576 -0.332885 -0.838101 0.432175 -0.865770 0.500389 -0.007215 0 0 0 0 0 0
7.269078 -0.147603 -9.682893 -0.333947 -0.418534 0.844576 -0.852268 0.438262 -0.285597 0 0 0 0 0 0
6.937563 -0.246990 -9.908384 -0.328354 0.156982 0.931418 -0.840867 0.213514 -0.497347 0 0 0 0 0 0
6.767979 -0.460742 -10.708745 -0.318801 -0.664036 -0.676330 -0.149159 -0.622415 -0.768343 0 0 0 0 0 0
6.264907 -0.560271 -12.576560 -0.309044 -0.931101 -0.193762 -0.839685 0.400864 0.366383 0 0 0 0 0 0
5.940155 -0.325439 -12.744566 -0.302081 -0.889090 0.343899 -0.848917 0.525544 0.056059 0 0 0 0 0 0
5.616401 -0.236707 -13.026014 -0.299684 -0.565440 0.768419 -0.860325 0.440219 -0.256998 0 0 0 0 0 0
5.248899 -0.358259 -13.149149 -0.314399 -0.059337 0.947435 -0.929873 0.154550 -0.333843 0 0 0 0 0 0
4.785931 -0.180149 -13.347987 -0.277249 0.259909 0.924976 -0.906768 0.018109 -0.421241 0 0 0 0 0 0
4.611593 -0.647158 -13.481506 -0.314988 0.686883 0.654961 -0.888894 -0.294250 -0.351118 0 0 0 0 0 0
4.244735 -0.969699 -13.394757 -0.325481 0.934695 0.142853 -0.875672 -0.415462 -0.246148 0 0 0 0 0 0
3.914028 -1.122316 -13.193177 -0.332881 0.838094 -0.432191 -0.865763 -0.500403 0.007189 0 0 0 0 0 0
3.581984 -1.149319 -12.950896 -0.333940 0.418529 -0.844581 -0.852273 -0.438261 0.285585 0 0 0 0 0 0
3.250489 -1.049919 -12.725395 -0.328356 -0.156985 -0.931417 -0.840862 -0.213509 0.497358 0 0 0 0 0 0
2.921094 -0.836092 -12.578395 -0.318801 -0.664036 -0.676330 -0.836273 0.111434 0.536870 0 0 0 0 0 0
2.594319 -0.560271 -12.576560 -0.309044 -0.931101 -0.193762 -0.839685 0.400864 0.366383 0 0 0 0 0 0
2.269567 -0.325439 -12.744566 -0.302081 -0.889090 0.343899 -0.848917 0.525544 0.056059 0 0 0 0 0 0
1.945813 -0.236707 -13.026014 -0.299684 -0.565440 0.768419 -0.860325 0.440219 -0.256998 0 0 0 0 0 0
1.578703 -0.354927 -13.168791 -0.310456 -0.059697 0.948711 -0.923950 0.161482 -0.346757 0 0 0 0 0 0
1.115550 -0.184246 -13.348927 -0.280706 0.257650 0.924565 -0.915522 0.001184 -0.402266 0 0 0 0 0 0
1.075729 -0.142735 -14.336488 -0.314976 -0.686852 -0.655000 -0.160836 -0.544756 -0.823026 0 0 0 0 0 0
0.590662 -0.327193 -16.297926 -0.325482 -0.934697 -0.142839 -0.875709 0.415437 0.246062 0 0 0 0 0 0
0.259919 -0.174597 -16.499426 -0.332885 -0.838104 0.432169 -0.865767 0.500395 -0.007200 0 0 0 0 0 0
-0.072095 -0.147603 -16.741765 -0.333941 -0.418526 0.844582 -0.852262 0.438271 -0.285600 0 0 0 0 0 0
-0.403617 -0.246989 -16.967251 -0.328337 0.156975 0.931426 -0.840867 0.213498 -0.497355 0 0 0 0 0 0
-0.732989 -0.460850 -17.114258 -0.318804 0.664037 0.676327 -0.836266 -0.111377 -0.536893 0 0 0 0 0 0
-1.059773 -0.736629 -17.116034 -0.309043 0.931108 0.193729 -0.839695 -0.400875 -0.366349 0 0 0 0 0 0
-1.384538 -0.971472 -16.948098 -0.302082 0.889090 -0.343898 -0.848907 -0.525558 -0.056079 0 0 0 0 0 0
-1.708292 -1.060199 -16.666653 -0.299688 0.565444 -0.768415 -0.860335 -0.440206 0.256986 0 0 0 0 0 0
-2.075787 -0.938647 -16.543509 -0.314403 0.059333 -0.947433 -0.929867 -0.154568 0.333851 0 0 0 0 0 0
-2.538738 -1.116783 -16.344544 -0.277245 -0.259905 -0.924978 -0.906718 -0.018165 0.421346 0 0 0 0 0 0
-2.713099 -0.649754 -16.211010 -0.314974 -0.686852 -0.655000 -0.888898 0.294324 0.351047 0 0 0 0 0 0
-3.079921 -0.327192 -16.297927 -0.325482 -0.934697 -0.142839 -0.875707 0.415441 0.246062 0 0 0 0 0 0
-3.410671 -0.174598 -16.499424 -0.332886 -0.838103 0.432169 -0.865770 0.500390 -0.007199 0 0 0 0 0 0
-3.742681 -0.147603 -16.741768 -0.333941 -0.418526 0.844582 -0.852258 0.438276 -0.285606 0 0 0 0 0 0
-4.085339 -0.242632 -16.970740 -0.328361 0.156986 0.931415 -0.845669 0.216692 -0.487739 0 0 0 0 0 0
-4.257354 -0.458682 -17.773642 -0.318804 -0.664036 -0.676328 -0.149163 -0.622422 -0.768337 0 0 0 0 0 0
-4.760404 -0.558226 -19.641520 -0.309045 -0.931107 -0.193729 -0.839688 0.400885 0.366353 0 0 0 0 0 0
-5.085175 -0.323390 -19.809455 -0.302087 -0.889088 0.343898 -0.848912 0.525551 0.056078 0 0 0 0 0 0
-5.408944 -0.234651 -20.090899 -0.299681 -0.565447 0.768415 -0.860333 0.440213 -0.256980 0 0 0 0 0 0
-5.776409 -0.356212 -20.214046 -0.314410 -0.059338 0.947431 -0.929866 0.154555 -0.333859 0 0 0 0 0 0
-6.239395 -0.178071 -20.413014 -0.277220 0.259889 0.924990 -0.906724 0.018136 -0.421334 0 0 0 0 0 0
-6.413701 -0.645144 -20.546389 -0.314994 0.686882 0.654959 -0.888929 -0.294283 -0.351002 0 0 0 0 0 0
-6.780601 -0.967652 -20.459652 -0.325481 0.934697 0.142839 -0.875670 -0.415448 -0.246181 0 0 0 0 0 0
-7.111303 -1.120260 -20.258125 -0.332886 0.838103 -0.432169 -0.865766 -0.500398 0.007205 0 0 0 0 0 0
-7.443323 -1.147254 -20.015789 -0.333941 0.418526 -0.844583 -0.852265 -0.438269 0.285596 0 0 0 0 0 0
-7.774832 -1.047872 -19.790301 -0.328361 -0.156980 -0.931416 -0.840866 -0.213507 0.497352 0 0 0 0 0 0
-8.104236 -0.834044 -19.643290 -0.318804 -0.664036 -0.676328 -0.836275 0.111421 0.536870 0 0 0 0 0 0
-8.430993 -0.558226 -19.641520 -0.309045 -0.931107 -0.193729 -0.839688 0.400885 0.366353 0 0 0 0 0 0
-8.755763 -0.323390 -19.809455 -0.302087 -0.889088 0.343898 -0.848912 0.525551 0.056078 0 0 0 0 0 0
-9.079532 -0.234651 -20.090899 -0.299681 -0.565447 0.768415 -0.860333 0.440213 -0.256980 0 0 0 0 0 0
-9.446599 -0.352877 -20.233738 -0.310457 -0.059695 0.948711 -0.923928 0.161502 -0.346806 0 0 0 0 0 0
-9.909774 -0.182180 -20.413955 -0.280698 0.257645 0.924569 -0.915498 0.001223 -0.402320 0 0 0 0 0 0
-9.936367 -0.137095 -21.542497 -0.314987 -0.686885 -0.654959 -0.158146 -0.531876 -0.831924 0 0 0 0 0 0
-10.434692 -0.325159 -23.503972 -0.325483 -0.934697 -0.142839 -0.875674 0.415444 0.246174 0 0 0 0 0 0
-10.765403 -0.172542 -23.705497 -0.332886 -0.838103 0.432169 -0.865764 0.500401 -0.007204 0 0 0 0 0 0
-11.097422 -0.145550 -23.947835 -0.333941 -0.418526 0.844583 -0.852265 0.438267 -0.285597 0 0 0 0 0 0
-11.428930 -0.244939 -24.173321 -0.328361 0.156986 0.931415 -0.840865 0.213510 -0.497352 0 0 0 0 0 0
-11.758324 -0.458761 -24.320335 -0.318803 0.664037 0.676328 -0.836267 -0.111428 -0.536881 0 0 0 0 0 0
-12.085090 -0.734575 -24.322105 -0.309045 0.931107 0.193729 -0.839696 -0.400873 -0.366348 0 0 0 0 0 0
-12.764341 0.933308 -24.852850 0.445816 0.000000 0.895125 -0.470587 -0.343409 0.812784 0 0 0 0 0 0
-11.401106 -0.000001 -20.858706 0.000000 1.000000 0.000000 0.000000 0.000000 1.000000 0 0 0 0 0 0
-11.804706 -0.000001 -20.997882 0.000000 1.000000 0.000000 0.000000 0.000000 1.000000 0 0 0 0 0 0
-12.256471 -0.000001 -21.581059 0.000000 1.000000 0.000000 0.000000 0.000000 1.000000 0 0 0 0 0 0
-11.928118 -0.000001 -22.241647 0.000000 1.000000 0.000000 0.000000 0.000000 1.000000 0 0 0 0 0 0
-13.496588 -0.324575 -26.175713 0.428731 0.000000 0.903432 0.862404 -0.423194 -0.277790 0 0 0 0 0 0
-12.381796 -1.126034 -27.001743 0.309045 0.931107 0.193729 0.862043 -0.434399 -0.261113 0 0 0 0 0 0
-11.830807 -1.225299 -27.227403 0.318804 0.664036 0.676328 0.877071 -0.430181 -0.213755 0 0 0 0 0 0
-11.501421 -1.140281 -27.482355 0.328361 0.156980 0.931416 0.874395 -0.254624 -0.413038 0 0 0 0 0 0
-11.169701 -0.941825 -27.639907 0.333941 -0.418526 0.844583 0.865282 -0.002651 -0.501279 0 0 0 0 0 0
-10.837052 -0.700454 -27.670988 0.332886 -0.838103 0.432169 0.852467 0.275589 -0.444242 0 0 0 0 0 0
-10.505435 -0.475194 -27.575369 0.325481 -0.934697 -0.142839 0.841303 0.491643 -0.224714 0 0 0 0 0 0
-10.176478 -0.326554 -27.365270 0.314994 -0.686882 -0.654959 0.836663 0.538574 0.099665 0 0 0 0 0 0
-9.736512 -0.242973 -27.194509 0.280698 -0.257645 -0.924569 0.884442 0.377764 0.273966 0 0 0 0 0 0
-9.417002 -0.191753 -27.060338 0.310457 0.059695 -0.948711 0.907977 -0.135155 0.396623 0 0 0 0 0 0
-9.138602 -0.592582 -26.781251 0.299681 0.565447 -0.768415 0.859448 -0.134655 0.493170 0 0 0 0 0 0
-8.811227 -0.910818 -26.779001 0.302087 0.889088 -0.343898 0.865754 -0.370596 0.336346 0 0 0 0 0 0
-8.486850 -1.144412 -26.955904 0.309045 0.931107 0.193729 0.873686 -0.482799 0.059811 0 0 0 0 0 0
-8.160218 -1.225299 -27.227403 0.318804 0.664036 0.676328 0.877071 -0.430181 -0.213755 0 0 0 0 0 0
-7.830833 -1.140281 -27.482355 0.328361 0.156980 0.931416 0.874395 -0.254624 -0.413038 0 0 0 0 0 0
-7.499113 -0.941825 -27.639907 0.333941 -0.418526 0.844583 0.865282 -0.002651 -0.501279 0 0 0 0 0 0
-7.166463 -0.700454 -27.670988 0.332886 -0.838103 0.432169 0.852467 0.275589 -0.444242 0 0 0 0 0 0
-6.834846 -0.475194 -27.575369 0.325481 -0.934697 -0.142839 0.841303 0.491643 -0.224714 0 0 0 0 0 0
-6.505890 -0.326554 -27.365270 0.314994 -0.686882 -0.654959 0.836663 0.538574 0.099665 0 0 0 0 0 0
-6.067134 -0.232183 -27.177199 0.277220 -0.259889 -0.924990 0.878219 0.386029 0.282336 0 0 0 0 0 0
-5.749802 -0.197671 -27.058657 0.314410 0.059338 -0.947431 0.912853 -0.154517 0.377920 0 0 0 0 0 0
-5.465272 -0.589150 -26.780750 0.299681 0.565447 -0.768415 0.858968 -0.139995 0.492519 0 0 0 0 0 0
-5.140639 -0.910818 -26.779001 0.302087 0.889088 -0.343898 0.865754 -0.370596 0.336346 0 0 0 0 0 0
-4.816262 -1.144412 -26.955904 0.309045 0.931107 0.193729 0.873686 -0.482799 0.059811 0 0 0 0 0 0
-4.489630 -1.225299 -27.227403 0.318804 0.664036 0.676328 0.877071 -0.430181 -0.213755 0 0 0 0 0 0
-4.160245 -1.140281 -27.482355 0.328361 0.156980 0.931416 0.874395 -0.254624 -0.413038 0 0 0 0 0 0
-3.815998 -0.945932 -27.632817 0.333940 -0.418529 0.844581 0.873321 -0.005551 -0.487113 0 0 0 0 0 0
-3.482322 -0.702510 -27.664918 0.332885 -0.838104 0.432168 0.852466 0.275590 -0.444243 0 0 0 0 0 0
-3.150694 -0.477250 -27.569301 0.325482 -0.934697 -0.142839 0.841310 0.491631 -0.224712 0 0 0 0 0 0
-2.821732 -0.328608 -27.359200 0.314988 -0.686883 -0.654961 0.836661 0.538577 0.099665 0 0 0 0 0 0
-2.383005 -0.234237 -27.171133 0.277245 -0.259906 -0.924978 0.878233 0.385979 0.282360 0 0 0 0 0 0
-2.065629 -0.199726 -27.052580 0.314403 0.059338 -0.947433 0.912858 -0.154508 0.377913 0 0 0 0 0 0
-1.781140 -0.591206 -26.774682 0.299687 0.565446 -0.768413 0.858965 -0.140000 0.492523 0 0 0 0 0 0
-1.534195 0.685212 -25.973112 0.302082 -0.889090 0.343898 0.203439 -0.522137 0.828243 0 0 0 0 0 0
-1.115629 -0.150446 -24.201647 0.309043 -0.931108 -0.193729 0.873683 0.482805 -0.059810 0 0 0 0 0 0
-0.788990 -0.069558 -23.930152 0.318804 -0.664037 -0.676327 0.877075 0.430175 0.213751 0 0 0 0 0 0
-0.459622 -0.154560 -23.675079 0.328337 -0.156975 -0.931426 0.874354 0.254654 0.413105 0 0 0 0 0 0
-0.127892 -0.353051 -23.517642 0.333941 0.418526 -0.844582 0.865335 0.002595 0.501187 0 0 0 0 0 0
0.204762 -0.594404 -23.486565 0.332885 0.838104 -0.432169 0.852465 -0.275591 0.444245 0 0 0 0 0 0
0.536381 -0.819664 -23.582183 0.325482 0.934697 0.142839 0.841306 -0.491638 0.224714 0 0 0 0 0 0
0.865344 -0.968305 -23.792295 0.314976 0.686852 0.655000 0.836627 -0.538648 -0.099569 0 0 0 0 0 0
1.305301 -1.051909 -23.963006 0.280699 0.257646 0.924568 0.884453 -0.377713 -0.274000 0 0 0 0 0 0
1.624822 -1.103111 -24.097217 0.310451 -0.059690 0.948714 0.907977 0.135159 -0.396624 0 0 0 0 0 0
1.903196 -0.702271 -24.376300 0.299688 -0.565444 0.768415 0.859447 0.134663 -0.493171 0 0 0 0 0 0
2.230602 -0.384039 -24.378554 0.302080 -0.889090 0.343899 0.865756 0.370587 -0.336351 0 0 0 0 0 0
2.554950 -0.150446 -24.201646 0.309045 -0.931107 -0.193729 0.873682 0.482808 -0.059808 0 0 0 0 0 0
2.881602 -0.069558 -23.930153 0.318803 -0.664037 -0.676328 0.877077 0.430172 0.213747 0 0 0 0 0 0
3.210960 -0.154561 -23.675078 0.328339 -0.156975 -0.931425 0.874352 0.254654 0.413111 0 0 0 0 0 0
3.542702 -0.353048 -23.517642 0.333941 0.418526 -0.844582 0.865340 0.002598 0.501179 0 0 0 0 0 0
3.709709 0.131904 -22.198356 0.332885 -0.838104 0.432168 0.162064 -0.618121 0.769195 0 0 0 0 0 0
4.190483 -0.477250 -20.369301 0.325482 -0.934697 -0.142839 0.841310 0.491631 -0.224712 0 0 0 0 0 0
4.519444 -0.328608 -20.159200 0.314988 -0.686883 -0.654961 0.836661 0.538577 0.099665 0 0 0 0 0 0
4.958171 -0.234237 -19.971133 0.277245 -0.259906 -0.924978 0.878233 0.385979 0.282360 0 0 0 0 0 0
5.275547 -0.199726 -19.852580 0.314403 0.059338 -0.947433 0.912858 -0.154508 0.377913 0 0 0 0 0 0
5.560037 -0.591206 -19.574682 0.299687 0.565446 -0.768413 0.858965 -0.140000 0.492523 0 0 0 0 0 0
5.884701 -0.912870 -19.572927 0.302081 0.889090 -0.343899 0.865757 -0.370589 0.336347 0 0 0 0 0 0
6.209050 -1.146459 -19.749837 0.309046 0.931107 0.193730 0.873683 -0.482805 0.059807 0 0 0 0 0 0
6.535701 -1.227360 -20.021329 0.318803 0.664039 0.676326 0.877073 -0.430181 -0.213744 0 0 0 0 0 0
6.865074 -1.142339 -20.276290 0.328361 0.156987 0.931415 0.874391 -0.254617 -0.413051 0 0 0 0 0 0
7.196791 -0.943873 -20.433838 0.333940 -0.418529 0.844581 0.865280 -0.002661 -0.501281 0 0 0 0 0 0
7.529443 -0.702510 -20.464918 0.332885 -0.838104 0.432168 0.852466 0.275590 -0.444243 0 0 0 0 0 0
7.861071 -0.477250 -20.369301 0.325482 -0.934697 -0.142839 0.841310 0.491631 -0.224712 0 0 0 0 0 0
8.190032 -0.328608 -20.159200 0.314988 -0.686883 -0.654961 0.836661 0.538577 0.099665 0 0 0 0 0 0
8.629958 -0.245023 -19.988328 0.280698 -0.257645 -0.924569 0.884426 0.377739 0.274049 0 0 0 0 0 0
8.950193 -0.191265 -19.850090 0.310450 0.059695 -0.948713 0.907588 -0.129153 0.399504 0 0 0 0 0 0
9.228807 -0.592581 -19.570805 0.299687 0.565446 -0.768413 0.859497 -0.134764 0.493056 0 0 0 0 0 0
9.478474 0.687257 -18.768605 0.302087 -0.889088 0.343899 0.203431 -0.522132 0.828248 0 0 0 0 0 0
9.897065 -0.148383 -16.997118 0.309035 -0.931097 -0.193795 0.873660 0.482826 -0.059978 0 0 0 0 0 0
10.223693 -0.067503 -16.725698 0.318803 -0.664037 -0.676328 0.877077 0.430124 0.213845 0 0 0 0 0 0
10.553085 -0.152518 -16.470678 0.328354 -0.156986 -0.931418 0.874394 0.254622 0.413041 0 0 0 0 0 0
10.884794 -0.350992 -16.313267 0.333961 0.418552 -0.844562 0.865324 0.002637 0.501206 0 0 0 0 0 0
11.217470 -0.592299 -16.282166 0.332880 0.838105 -0.432170 0.852470 -0.275653 0.444196 0 0 0 0 0 0
11.549080 -0.817635 -16.377702 0.325483 0.934697 0.142839 0.841258 -0.491628 0.224917 0 0 0 0 0 0
11.878028 -0.966257 -16.587764 0.314987 0.686885 0.654959 0.836656 -0.538585 -0.099661 0 0 0 0 0 0
12.316754 -1.060623 -16.775834 0.277245 0.259908 0.924977 0.878235 -0.385976 -0.282359 0 0 0 0 0 0
12.634127 -1.095129 -16.894384 0.314410 -0.059340 0.947431 0.912858 0.154508 -0.377911 0 0 0 0 0 0
12.918629 -0.703653 -17.172286 0.299687 -0.565446 0.768413 0.858963 0.140003 -0.492526 0 0 0 0 0 0
13.243283 -0.381989 -17.174037 0.302087 -0.889088 0.343899 0.865759 0.370588 -0.336341 0 0 0 0 0 0
13.567653 -0.148383 -16.997118 0.309035 -0.931097 -0.193795 0.873660 0.482826 -0.059978 0 0 0 0 0 0
13.894272 -0.067506 -16.725701 0.318835 -0.664029 -0.676320 0.877084 0.430108 0.213847 0 0 0 0 0 0
14.223717 -0.152510 -16.470668 0.328342 -0.156987 -0.931422 0.874380 0.254639 0.413059 0 0 0 0 0 0
14.555305 -0.351003 -16.313271 0.334000 0.418546 -0.844549 0.865312 0.002607 0.501226 0 0 0 0 0 0
14.738398 0.137992 -15.129247 0.332896 -0.838109 0.432150 0.164404 -0.628456 0.760273 0 0 0 0 0 0
15.203172 -0.475195 -13.306039 0.325502 -0.934696 -0.142803 0.841308 0.491643 -0.224695 0 0 0 0 0 0
15.532115 -0.326547 -13.095893 0.315014 -0.686864 -0.654969 0.836634 0.538636 0.099578 0 0 0 0 0 0
15.972083 -0.242950 -12.925120 0.280678 -0.257647 -0.924574 0.884422 0.377758 0.274038 0 0 0 0 0 0
16.291652 -0.191738 -12.791006 0.310402 0.059697 -0.948729 0.908036 -0.135145 0.396492 0 0 0 0 0 0
16.569959 -0.592585 -12.511940 0.299643 0.565451 -0.768427 0.859442 -0.134689 0.493171 0 0 0 0 0 0
16.897263 -0.910825 -12.509696 0.302129 0.889076 -0.343894 0.865745 -0.370623 0.336340 0 0 0 0 0 0
17.220105 -1.145489 -12.689853 0.308995 0.931116 0.193765 0.873468 -0.483892 0.053877 0 0 0 0 0 0
17.547352 -1.227344 -12.962500 0.318814 0.664033 0.676327 0.877046 -0.430187 -0.213843 0 0 0 0 0 0
17.876891 -1.142355 -13.217463 0.328343 0.156986 0.931421 0.874428 -0.254609 -0.412977 0 0 0 0 0 0
18.208551 -0.943860 -13.375018 0.333914 -0.418533 0.844590 0.865263 -0.002655 -0.501311 0 0 0 0 0 0
18.541256 -0.702531 -13.406094 0.332823 -0.838112 0.432201 0.852506 0.275563 -0.444183 0 0 0 0 0 0
18.872822 -0.477251 -13.310414 0.325436 -0.934710 -0.142856 0.841306 0.491617 -0.224759 0 0 0 0 0 0
19.201799 -0.328620 -13.100379 0.314957 -0.686891 -0.654968 0.836659 0.538583 0.099649 0 0 0 0 0 0
19.641739 -0.245034 -12.929547 0.280684 -0.257651 -0.924571 0.884441 0.377728 0.274018 0 0 0 0 0 0
19.962009 -0.191269 -12.791337 0.310402 0.059697 -0.948729 0.907601 -0.129160 0.399472 0 0 0 0 0 0
20.240548 -0.592585 -12.511940 0.299643 0.565451 -0.768427 0.859442 -0.134689 0.493171 0 0 0 0 0 0
20.490189 0.687271 -11.709831 0.302068 -0.889091 0.343907 0.203424 -0.522130 0.828250 0 0 0 0 0 0
20.908781 -0.148400 -9.938330 0.309055 -0.931097 -0.193761 0.873696 0.482776 -0.059859 0 0 0 0 0 0
21.235512 -0.067500 -9.666882 0.318816 -0.664034 -0.676325 0.877098 0.430118 0.213770 0 0 0 0 0 0
21.564860 -0.152520 -9.411854 0.328341 -0.156984 -0.931423 0.874356 0.254652 0.413102 0 0 0 0 0 0
21.896484 -0.350997 -9.254377 0.333984 0.418525 -0.844566 0.865295 0.002614 0.501256 0 0 0 0 0 0
22.229274 -0.592329 -9.223274 0.332892 0.838099 -0.432173 0.852494 -0.275574 0.444199 0 0 0 0 0 0
22.560851 -0.817612 -9.318907 0.325502 0.934691 0.142831 0.841307 -0.491634 0.224719 0 0 0 0 0 0
22.889812 -0.966264 -9.529000 0.315016 0.686872 0.654960 0.836642 -0.538612 -0.099635 0 0 0 0 0 0
23.328531 -1.060633 -9.717043 0.277243 0.259906 0.924978 0.878210 -0.386010 -0.282390 0 0 0 0 0 0
23.645825 -1.095129 -9.835613 0.314421 -0.059340 0.947427 0.912842 0.154498 -0.377954 0 0 0 0 0 0
23.930466 -0.703674 -10.113507 0.299643 -0.565451 0.768427 0.859011 0.139958 -0.492454 0 0 0 0 0 0
24.254978 -0.381972 -10.115248 0.302068 -0.889091 0.343907 0.865723 0.370637 -0.336380 0 0 0 0 0 0
24.554760 -0.139763 -9.948205 0.309055 -0.931097 -0.193761 0.853231 0.514131 -0.087561 0 0 0 0 0 0
24.875908 -0.067495 -9.687461 0.318753 -0.664049 -0.676340 0.877083 0.430151 0.213767 0 0 0 0 0 0
25.205155 -0.152536 -9.432457 0.328341 -0.156984 -0.931423 0.874378 0.254631 0.413070 0 0 0 0 0 0
25.536861 -0.350998 -9.274975 0.333986 0.418528 -0.844564 0.865299 0.002613 0.501249 0 0 0 0 0 0
25.723195 0.136742 -8.049696 0.332892 -0.838098 0.432174 0.166124 -0.624931 0.762800 0 0 0 0 0 0
26.193906 -0.475178 -6.224395 0.325436 -0.934713 -0.142841 0.841276 0.491659 -0.224778 0 0 0 0 0 0
26.522786 -0.326566 -6.014319 0.314955 -0.686888 -0.654972 0.836652 0.538599 0.099618 0 0 0 0 0 0
26.962728 -0.242978 -5.843506 0.280678 -0.257647 -0.924574 0.884437 0.377738 0.274017 0 0 0 0 0 0
27.282231 -0.191781 -5.709364 0.310467 0.059696 -0.948708 0.907973 -0.135203 0.396616 0 0 0 0 0 0
27.560614 -0.592583 -5.430297 0.299702 0.565437 -0.768414 0.859438 -0.134715 0.493172 0 0 0 0 0 0
27.888076 -0.910821 -5.428042 0.302068 0.889093 -0.343900 0.865775 -0.370540 0.336354 0 0 0 0 0 0
28.224716 -1.138790 -5.618780 0.309056 0.931097 0.193761 0.885372 -0.463973 0.029088 0 0 0 0 0 0
28.557067 -1.227365 -5.899729 0.318815 0.664036 0.676323 0.877094 -0.430128 -0.213767 0 0 0 0 0 0
28.886412 -1.142340 -6.154759 0.328341 0.156985 0.931422 0.874358 -0.254647 -0.413102 0 0 0 0 0 0
29.218036 -0.943859 -6.312235 0.333986 -0.418530 0.844563 0.865293 -0.002626 -0.501260 0 0 0 0 0 0
29.550828 -0.702537 -6.343341 0.332891 -0.838099 0.432172 0.852494 0.275582 -0.444194 0 0 0 0 0 0
29.882403 -0.477239 -6.247704 0.325501 -0.934690 -0.142838 0.841301 0.491637 -0.224735 0 0 0 0 0 0
30.211365 -0.328601 -6.037618 0.315017 -0.686869 -0.654962 0.836649 0.538599 0.099648 0 0 0 0 0 0
30.651329 -0.245008 -5.866798 0.280680 -0.257648 -0.924574 0.884422 0.377763 0.274033 0 0 0 0 0 0
30.971492 -0.191268 -5.728612 0.310467 0.059696 -0.948708 0.907609 -0.129145 0.399458 0 0 0 0 0 0
31.250119 -0.592584 -5.449186 0.299704 0.565440 -0.768411 0.859436 -0.134707 0.493176 0 0 0 0 0 0
31.499880 0.687250 -4.647104 0.302068 -0.889091 0.343907 0.203455 -0.522138 0.828238 0 0 0 0 0 0
31.918299 -0.148380 -2.875571 0.309055 -0.931097 -0.193761 0.873627 0.482903 -0.059837 0 0 0 0 0 0
32.245018 -0.067500 -2.604148 0.318816 -0.664034 -0.676325 0.877098 0.430118 0.213770 0 0 0 0 0 0
32.574346 -0.152522 -2.349128 0.328405 -0.156980 -0.931401 0.874372 0.254620 0.413089 0 0 0 0 0 0
32.906215 -0.350969 -2.191630 0.333922 0.418539 -0.844584 0.865322 0.002684 0.501209 0 0 0 0 0 0
33.238717 -0.592343 -2.160564 0.332892 0.838099 -0.432173 0.852446 -0.275655 0.444241 0 0 0 0 0 0
33.570357 -0.817612 -2.256174 0.325502 0.934691 0.142835 0.841305 -0.491634 0.224727 0 0 0 0 0 0
33.899318 -0.966264 -2.466262 0.315016 0.686872 0.654959 0.836643 -0.538609 -0.099641 0 0 0 0 0 0
34.338157 -1.060646 -2.654261 0.277244 0.259907 0.924978 0.878272 -0.385951 -0.282276 0 0 0 0 0 0
34.655471 -1.095130 -2.772878 0.314421 -0.059340 0.947427 0.912839 0.154492 -0.377965 0 0 0 0 0 0
34.939972 -0.703646 -3.050776 0.299704 -0.565440 0.768411 0.858954 0.140035 -0.492532 0 0 0 0 0 0
35.264691 -0.381988 -3.052544 0.302068 -0.889091 0.343907 0.865772 0.370547 -0.336352 0 0 0 0 0 0
35.564275 -0.139743 -2.885446 0.309055 -0.931097 -0.193761 0.853150 0.514267 -0.087545 0 0 0 0 0 0
35.885395 -0.067500 -2.624732 0.318816 -0.664034 -0.676325 0.877098 0.430118 0.213770 0 0 0 0 0 0
36.214722 -0.152522 -2.369711 0.328405 -0.156980 -0.931401 0.874372 0.254620 0.413089 0 0 0 0 0 0
36.546592 -0.350969 -2.212215 0.333922 0.418539 -0.844584 0.865323 0.002684 0.501208 0 0 0 0 0 0
36.732660 0.136750 -0.986969 0.332892 -0.838098 0.432174 0.166104 -0.624933 0.762803 0 0 0 0 0 0
37.203392 -0.475186 0.838334 0.325501 -0.934691 -0.142833 0.841304 0.491636 -0.224727 0 0 0 0 0 0
37.532353 -0.326547 1.048423 0.315017 -0.686871 -0.654960 0.836648 0.538601 0.099641 0 0 0 0 0 0
37.972316 -0.242955 1.219245 0.280679 -0.257647 -0.924574 0.884419 0.377766 0.274034 0 0 0 0 0 0
38.291888 -0.191738 1.353352 0.310402 0.059697 -0.948729 0.908036 -0.135145 0.396492 0 0 0 0 0 0
38.570195 -0.592585 1.632418 0.299643 0.565449 -0.768428 0.859443 -0.134693 0.493169 0 0 0 0 0 0
38.897498 -0.910828 1.634660 0.302129 0.889076 -0.343894 0.865745 -0.370620 0.336343 0 0 0 0 0 0
39.176411 -1.128807 1.380487 0.309056 0.931097 0.193761 0.865907 -0.489085 -0.104884 0 0 0 0 0 0
39.514901 -1.227365 1.085906 0.318815 0.664035 0.676325 0.877093 -0.430129 -0.213769 0 0 0 0 0 0
39.844247 -1.142340 0.830878 0.328341 0.156985 0.931423 0.874359 -0.254646 -0.413101 0 0 0 0 0 0
40.176014 -0.943886 0.673414 0.333920 -0.418540 0.844583 0.865345 -0.002686 -0.501170 0 0 0 0 0 0
40.508599 -0.702515 0.642323 0.332891 -0.838099 0.432173 0.852446 0.275655 -0.444242 0 0 0 0 0 0
40.840238 -0.477240 0.737932 0.325501 -0.934691 -0.142834 0.841303 0.491636 -0.224727 0 0 0 0 0 0
41.169201 -0.328601 0.948020 0.315017 -0.686871 -0.654960 0.836649 0.538600 0.099643 0 0 0 0 0 0
41.609144 -0.245013 1.118833 0.280745 -0.257642 -0.924555 0.884438 0.377722 0.274035 0 0 0 0 0 0
41.929414 -0.191257 1.257054 0.310468 0.059696 -0.948708 0.907594 -0.129160 0.399489 0 0 0 0 0 0
42.207955 -0.592583 1.536451 0.299703 0.565439 -0.768412 0.859437 -0.134709 0.493176 0 0 0 0 0 0
42.457716 0.687250 2.338534 0.302068 -0.889091 0.343907 0.203455 -0.522138 0.828238 0 0 0 0 0 0
42.876282 -0.148393 4.110042 0.308994 -0.931117 -0.193765 0.873679 0.482803 -0.059879 0 0 0 0 0 0
43.202789 -0.067521 4.381516 0.318816 -0.664034 -0.676325 0.877053 0.430175 0.213841 0 0 0 0 0 0
43.532326 -0.152505 4.636488 0.328341 -0.156984 -0.931423 0.874422 0.254622 0.412982 0 0 0 0 0 0
43.863986 -0.351001 4.794002 0.333921 0.418538 -0.844584 0.865276 0.002645 0.501288 0 0 0 0 0 0
44.196552 -0.592344 4.825073 0.332892 0.838099 -0.432173 0.852448 -0.275656 0.444237 0 0 0 0 0 0
44.528192 -0.817613 4.729463 0.325502 0.934690 0.142838 0.841303 -0.491634 0.224735 0 0 0 0 0 0
44.857297 -0.966264 4.519407 0.314953 0.686887 0.654974 0.836697 -0.538539 -0.099566 0 0 0 0 0 0
45.295934 -1.060611 4.331358 0.277245 0.259908 0.924977 0.878234 -0.385974 -0.282363 0 0 0 0 0 0
45.613306 -1.095130 4.212760 0.314421 -0.059340 0.947427 0.912839 0.154492 -0.377965 0 0 0 0 0 0
45.897807 -0.703646 3.934862 0.299704 -0.565440 0.768411 0.858954 0.140035 -0.492532 0 0 0 0 0 0
46.222526 -0.381988 3.933094 0.302068 -0.889091 0.343907 0.865772 0.370547 -0.336352 0 0 0 0 0 0
47.335681 -0.899591 3.642725 -0.999168 0.000000 -0.040780 -0.464011 0.869298 -0.170339 0 0 0 0 0 0
39.662118 0.000000 2.687106 0.000000 1.000000 0.000000 0.000000 0.000000 1.000000 0 0 0 0 0 0
40.065647 0.000000 2.547929 0.000000 1.000000 0.000000 0.000000 0.000000 1.000000 0 0 0 0 0 0
40.517529 0.000000 1.964788 0.000000 1.000000 0.000000 0.000000 0.000000 1.000000 0 0 0 0 0 0
40.189176 0.000000 1.304165 0.000000 1.000000 0.000000 0.000000 0.000000 1.000000 0 0 0 0 0 0
46.608680 0.494547 0.930271 -0.999983 0.000000 0.005844 0.004623 -0.492508 0.870296 0 0 0 0 0 0
46.476131 -0.335649 1.233434 -0.302068 -0.889091 0.343906 -0.852972 0.442831 -0.276297 0 0 0 0 0 0
45.937690 -0.234659 1.026793 -0.299703 -0.565439 0.768412 -0.860332 0.440201 -0.257007 0 0 0 0 0 0
45.570178 -0.356207 0.903642 -0.314421 -0.059337 0.947427 -0.929862 0.154550 -0.333873 0 0 0 0 0 0
45.107187 -0.178080 0.704769 -0.277245 0.259905 0.924978 -0.906761 0.018129 -0.421254 0 0 0 0 0 0
44.932830 -0.645107 0.571274 -0.314954 0.686886 0.654974 -0.888907 -0.294250 -0.351085 0 0 0 0 0 0
44.566001 -0.967643 0.658079 -0.325436 0.934713 0.142837 -0.875684 -0.415440 -0.246143 0 0 0 0 0 0
44.235418 -1.120250 0.859634 -0.332892 0.838098 -0.432174 -0.865730 -0.500459 0.007259 0 0 0 0 0 0
43.903345 -1.147254 1.101907 -0.333986 0.418527 -0.844564 -0.852285 -0.438235 0.285586 0 0 0 0 0 0
43.571723 -1.047890 1.327417 -0.328342 -0.156978 -0.931423 -0.840875 -0.213529 0.497328 0 0 0 0 0 0
43.242366 -0.834043 1.474386 -0.318816 -0.664033 -0.676326 -0.836314 0.111418 0.536811 0 0 0 0 0 0
42.915636 -0.558196 1.476226 -0.309055 -0.931097 -0.193761 -0.839628 0.400953 0.366417 0 0 0 0 0 0
42.590813 -0.323389 1.308240 -0.302068 -0.889091 0.343906 -0.848951 0.525486 0.056096 0 0 0 0 0 0
42.267101 -0.234659 1.026793 -0.299703 -0.565439 0.768412 -0.860332 0.440201 -0.257007 0 0 0 0 0 0
41.899968 -0.352874 0.883995 -0.310468 -0.059696 0.948708 -0.923940 0.161488 -0.346780 0 0 0 0 0 0
41.437413 -0.183555 0.700229 -0.280745 0.257642 0.924555 -0.914604 -0.000105 -0.404351 0 0 0 0 0 0
41.259302 -0.645801 0.566150 -0.315017 0.686871 0.654960 -0.888358 -0.296608 -0.350491 0 0 0 0 0 0
40.894504 -0.969702 0.653644 -0.325501 0.934691 0.142834 -0.875680 -0.415456 -0.246131 0 0 0 0 0 0
40.563777 -1.122321 0.855179 -0.332891 0.838099 -0.432173 -0.865770 -0.500390 0.007214 0 0 0 0 0 0
40.231749 -1.149318 1.097496 -0.333920 0.418540 -0.844583 -0.852265 -0.438277 0.285583 0 0 0 0 0 0
39.900234 -1.049925 1.322973 -0.328341 -0.156985 -0.931423 -0.840902 -0.213510 0.497290 0 0 0 0 0 0
39.760014 -0.835067 2.123414 -0.318816 0.664034 0.676325 -0.141477 0.623318 0.769064 0 0 0 0 0 0
39.260592 -0.736630 3.991156 -0.309055 0.931097 0.193761 -0.839709 -0.400837 -0.366359 0 0 0 0 0 0
38.967407 -0.962323 4.204278 -0.302068 0.889091 -0.343907 -0.846619 -0.531167 0.033135 0 0 0 0 0 0
38.636748 -1.058146 4.497624 -0.299704 0.565440 -0.768411 -0.860330 -0.440205 0.257005 0 0 0 0 0 0
38.269615 -0.939932 4.640428 -0.310467 0.059697 -0.948708 -0.923939 -0.161487 0.346784 0 0 0 0 0 0
37.806471 -1.110623 4.820579 -0.280745 -0.257638 -0.924557 -0.915523 -0.001180 0.402264 0 0 0 0 0 0
37.629797 -0.649049 4.953850 -0.315016 -0.686872 -0.654960 -0.888356 0.296597 0.350504 0 0 0 0 0 0
37.265000 -0.325155 4.866349 -0.325502 -0.934691 -0.142831 -0.875682 0.415457 0.246124 0 0 0 0 0 0
36.934269 -0.172542 4.664822 -0.332892 -0.838099 0.432173 -0.865772 0.500387 -0.007214 0 0 0 0 0 0
36.602242 -0.145546 4.422509 -0.333921 -0.418538 0.844584 -0.852265 0.438279 -0.285579 0 0 0 0 0 0
36.270869 -0.244954 4.197012 -0.328405 0.156980 0.931401 -0.840847 0.213485 -0.497394 0 0 0 0 0 0
35.941340 -0.458763 4.050006 -0.318816 0.664034 0.676325 -0.836285 -0.111422 -0.536854 0 0 0 0 0 0
35.614568 -0.734578 4.048177 -0.309055 0.931097 0.193761 -0.839708 -0.400837 -0.366360 0 0 0 0 0 0
35.320837 -0.969188 4.236836 -0.302068 0.889091 -0.343907 -0.835775 -0.548694 -0.020352 0 0 0 0 0 0
34.996371 -1.058146 4.518208 -0.299704 0.565440 -0.768411 -0.860330 -0.440205 0.257005 0 0 0 0 0 0
34.628860 -0.936599 4.641359 -0.314421 0.059340 -0.947427 -0.929862 -0.154548 0.333873 0 0 0 0 0 0
34.165870 -1.114721 4.840231 -0.277245 -0.259908 -0.924977 -0.906761 -0.018134 0.421254 0 0 0 0 0 0
34.096744 -1.153311 5.828784 -0.314954 0.686885 0.654976 -0.169883 0.544158 0.821603 0 0 0 0 0 0
33.608187 -0.967636 7.790096 -0.325501 0.934692 0.142831 -0.875701 -0.415425 -0.246108 0 0 0 0 0 0
33.277375 -1.120260 7.991608 -0.332892 0.838098 -0.432174 -0.865774 -0.500383 0.007215 0 0 0 0 0 0
32.945347 -1.147257 8.233919 -0.333921 0.418538 -0.844585 -0.852264 -0.438281 0.285579 0 0 0 0 0 0
32.613954 -1.047856 8.459425 -0.328342 -0.156978 -0.931423 -0.840824 -0.213524 0.497416 0 0 0 0 0 0
32.284531 -0.834043 8.606395 -0.318816 -0.664033 -0.676325 -0.836313 0.111416 0.536812 0 0 0 0 0 0
31.957655 -0.558220 8.608253 -0.308994 -0.931117 -0.193765 -0.839683 0.400849 0.366405 0 0 0 0 0 0
31.633043 -0.323398 8.440216 -0.302068 -0.889091 0.343906 -0.848900 0.525572 0.056063 0 0 0 0 0 0
31.309266 -0.234659 8.158803 -0.299704 -0.565440 0.768411 -0.860332 0.440201 -0.257006 0 0 0 0 0 0
30.942133 -0.352873 8.016000 -0.310467 -0.059696 0.948708 -0.923939 0.161490 -0.346783 0 0 0 0 0 0
30.479442 -0.183514 7.832258 -0.280680 0.257648 0.924574 -0.914660 -0.000046 -0.404224 0 0 0 0 0 0
30.301535 -0.645825 7.698179 -0.315017 0.686869 0.654962 -0.888314 -0.296684 -0.350539 0 0 0 0 0 0
29.936668 -0.969705 7.785648 -0.325501 0.934690 0.142838 -0.875680 -0.415455 -0.246134 0 0 0 0 0 0
29.605944 -1.122321 7.987190 -0.332891 0.838099 -0.432172 -0.865771 -0.500388 0.007217 0 0 0 0 0 0
29.273933 -1.149314 8.229496 -0.333986 0.418530 -0.844563 -0.852287 -0.438234 0.285584 0 0 0 0 0 0
28.942315 -1.049936 8.455006 -0.328341 -0.156985 -0.931422 -0.840873 -0.213532 0.497330 0 0 0 0 0 0
28.802039 -0.835072 9.255425 -0.318753 0.664049 0.676340 -0.141480 0.623317 0.769064 0 0 0 0 0 0
28.302822 -0.736641 11.123198 -0.309055 0.931097 0.193761 -0.839657 -0.400924 -0.366383 0 0 0 0 0 0
27.949916 -0.969714 11.271091 -0.302068 0.889091 -0.343907 -0.858992 -0.504516 -0.087157 0 0 0 0 0 0
27.627082 -1.058151 11.552544 -0.299642 0.565448 -0.768429 -0.860308 -0.440252 0.256999 0 0 0 0 0 0
27.260043 -0.939918 11.695307 -0.310467 0.059697 -0.948708 -0.923955 -0.161467 0.346749 0 0 0 0 0 0
26.796806 -1.110623 11.875500 -0.280678 -0.257643 -0.924575 -0.915509 -0.001199 0.402295 0 0 0 0 0 0
26.620216 -0.649051 12.008746 -0.314953 -0.686887 -0.654974 -0.888365 0.296581 0.350495 0 0 0 0 0 0
26.255559 -0.325144 11.921230 -0.325502 -0.934691 -0.142831 -0.875638 0.415545 0.246131 0 0 0 0 0 0
25.924763 -0.172542 11.719735 -0.332892 -0.838099 0.432173 -0.865772 0.500387 -0.007214 0 0 0 0 0 0
25.592759 -0.145550 11.477419 -0.333986 -0.418528 0.844564 -0.852286 0.438231 -0.285593 0 0 0 0 0 0
25.261135 -0.244921 11.251915 -0.328341 0.156984 0.931423 -0.840876 0.213530 -0.497325 0 0 0 0 0 0
24.931756 -0.458763 11.104939 -0.318753 0.664049 0.676340 -0.836288 -0.111399 -0.536855 0 0 0 0 0 0
24.605128 -0.734589 11.103123 -0.309055 0.931097 0.193761 -0.839656 -0.400924 -0.366384 0 0 0 0 0 0
24.311202 -0.969173 11.291722 -0.302068 0.889091 -0.343907 -0.835864 -0.548559 -0.020383 0 0 0 0 0 0
23.986705 -1.058151 11.573126 -0.299643 0.565451 -0.768427 -0.860310 -0.440244 0.257006 0 0 0 0 0 0
23.619289 -0.936584 11.696253 -0.314421 0.059340 -0.947427 -0.929873 -0.154535 0.333848 0 0 0 0 0 0
23.156222 -1.114722 11.895144 -0.277243 -0.259906 -0.924978 -0.906761 -0.018131 0.421254 0 0 0 0 0 0
23.087243 -1.153310 12.883696 -0.315023 0.686882 0.654945 -0.169879 0.544163 0.821601 0 0 0 0 0 0
22.598595 -0.967641 14.844967 -0.325502 0.934696 0.142803 -0.875666 -0.415458 -0.246177 0 0 0 0 0 0
22.267876 -1.120244 15.046517 -0.332889 0.838090 -0.432192 -0.865777 -0.500377 0.007292 0 0 0 0 0 0
21.935827 -1.147259 15.288799 -0.333927 0.418545 -0.844578 -0.852279 -0.438269 0.285555 0 0 0 0 0 0
21.604322 -1.047874 15.514249 -0.328348 -0.156981 -0.931421 -0.840907 -0.213513 0.497280 0 0 0 0 0 0
21.275003 -0.834020 15.661273 -0.318816 -0.664033 -0.676325 -0.836222 0.111472 0.536942 0 0 0 0 0 0
20.948159 -0.558218 15.663189 -0.309053 -0.931091 -0.193793 -0.839697 0.400832 0.366392 0 0 0 0 0 0
20.623496 -0.323382 15.495068 -0.302129 -0.889076 0.343894 -0.848915 0.525558 0.055969 0 0 0 0 0 0
20.299532 -0.234631 15.213683 -0.299645 -0.565454 0.768424 -0.860364 0.440191 -0.256917 0 0 0 0 0 0
19.932530 -0.352894 15.070954 -0.310398 -0.059697 0.948730 -0.923965 0.161495 -0.346709 0 0 0 0 0 0
19.470001 -0.183558 14.887174 -0.280673 0.257641 0.924578 -0.914594 -0.000083 -0.404373 0 0 0 0 0 0
19.291891 -0.645815 14.753091 -0.314955 0.686888 0.654972 -0.888370 -0.296572 -0.350491 0 0 0 0 0 0
18.927082 -0.969691 14.840573 -0.325438 0.934714 0.142827 -0.875681 -0.415433 -0.246167 0 0 0 0 0 0
18.596348 -1.122306 15.042051 -0.332830 0.838130 -0.432159 -0.865782 -0.500370 0.007203 0 0 0 0 0 0
18.264360 -1.149290 15.284406 -0.333921 0.418541 -0.844583 -0.852284 -0.438246 0.285572 0 0 0 0 0 0
17.932873 -1.049899 15.509893 -0.328348 -0.156988 -0.931420 -0.840832 -0.213521 0.497403 0 0 0 0 0 0
17.792544 -0.835077 16.310268 -0.318816 0.664034 0.676325 -0.141509 0.623321 0.769056 0 0 0 0 0 0
17.293099 -0.736629 18.178073 -0.308996 0.931123 0.193732 -0.839695 -0.400853 -0.366372 0 0 0 0 0 0
16.969831 -0.968827 18.349582 -0.302069 0.889093 -0.343901 -0.850200 -0.524225 -0.048460 0 0 0 0 0 0
16.645527 -1.058150 18.631987 -0.299645 0.565454 -0.768424 -0.860312 -0.440247 0.256993 0 0 0 0 0 0
16.278484 -0.939910 18.774683 -0.310484 0.059701 -0.948702 -0.923975 -0.161451 0.346703 0 0 0 0 0 0
15.815252 -1.110633 18.954905 -0.280678 -0.257643 -0.924575 -0.915494 -0.001212 0.402331 0 0 0 0 0 0
15.638809 -0.649020 19.088163 -0.315019 -0.686878 -0.654952 -0.888310 0.296645 0.350581 0 0 0 0 0 0
15.273932 -0.325152 19.000741 -0.325502 -0.934690 -0.142838 -0.875668 0.415456 0.246175 0 0 0 0 0 0
14.943233 -0.172562 18.799124 -0.332893 -0.838101 0.432168 -0.865796 0.500343 -0.007380 0 0 0 0 0 0
14.611191 -0.145555 18.556837 -0.334000 -0.418546 0.844549 -0.852306 0.438218 -0.285552 0 0 0 0 0 0
14.279574 -0.244929 18.331369 -0.328342 0.156987 0.931422 -0.840874 0.213548 -0.497321 0 0 0 0 0 0
13.950357 -0.458780 18.184378 -0.318835 0.664029 0.676320 -0.836233 -0.111478 -0.536924 0 0 0 0 0 0
13.623445 -0.734588 18.182448 -0.309035 0.931097 0.193795 -0.839697 -0.400821 -0.366403 0 0 0 0 0 0
13.298782 -0.969412 18.350573 -0.302087 0.889088 -0.343899 -0.848931 -0.525529 -0.055992 0 0 0 0 0 0
12.974973 -1.058154 18.631980 -0.299687 0.565446 -0.768413 -0.860334 -0.440213 0.256979 0 0 0 0 0 0
12.607499 -0.936597 18.755130 -0.314410 0.059340 -0.947431 -0.929865 -0.154553 0.333862 0 0 0 0 0 0
12.144507 -1.114713 18.953966 -0.277245 -0.259908 -0.924977 -0.906773 -0.018108 0.421230 0 0 0 0 0 0
12.075432 -1.153311 19.942492 -0.314988 0.686884 0.654961 -0.169885 0.544163 0.821599 0 0 0 0 0 0
11.586851 -0.967628 21.903869 -0.325484 0.934707 0.142768 -0.875682 -0.415454 -0.246129 0 0 0 0 0 0
11.256101 -1.120238 22.105326 -0.332886 0.838103 -0.432169 -0.865781 -0.500370 0.007319 0 0 0 0 0 0
10.924079 -1.147248 22.347640 -0.333961 0.418552 -0.844562 -0.852288 -0.438250 0.285557 0 0 0 0 0 0
10.592572 -1.047865 22.573094 -0.328361 -0.156980 -0.931416 -0.840868 -0.213526 0.497340 0 0 0 0 0 0
10.263188 -0.834040 22.720099 -0.318804 -0.664036 -0.676328 -0.836267 0.111427 0.536881 0 0 0 0 0 0
9.936402 -0.558212 22.722005 -0.309041 -0.931095 -0.193794 -0.839673 0.400864 0.366411 0 0 0 0 0 0
9.611681 -0.323388 22.553901 -0.302081 -0.889090 0.343899 -0.848933 0.525526 0.055999 0 0 0 0 0 0
9.287902 -0.234654 22.272488 -0.299687 -0.565446 0.768413 -0.860330 0.440214 -0.256988 0 0 0 0 0 0
8.920785 -0.352883 22.129773 -0.310450 -0.059695 0.948713 -0.923966 0.161487 -0.346711 0 0 0 0 0 0
8.458182 -0.183541 21.946020 -0.280698 0.257645 0.924569 -0.914624 -0.000075 -0.404305 0 0 0 0 0 0
8.280132 -0.645812 21.811923 -0.314988 0.686883 0.654961 -0.888349 -0.296584 -0.350534 0 0 0 0 0 0
7.915325 -0.969701 21.899363 -0.325482 0.934697 0.142839 -0.875667 -0.415454 -0.246181 0 0 0 0 0 0
7.584604 -1.122320 22.100883 -0.332885 0.838104 -0.432168 -0.865768 -0.500394 0.007197 0 0 0 0 0 0
7.252583 -1.149314 22.343225 -0.333940 0.418529 -0.844581 -0.852266 -0.438266 0.285597 0 0 0 0 0 0
6.921077 -1.049918 22.568710 -0.328361 -0.156987 -0.931415 -0.840866 -0.213508 0.497351 0 0 0 0 0 0
6.780764 -0.835076 23.369094 -0.318803 0.664037 0.676328 -0.141497 0.623322 0.769057 0 0 0 0 0 0
6.281404 -0.736628 25.236907 -0.309045 0.931107 0.193729 -0.839697 -0.400873 -0.366347 0 0 0 0 0 0
5.956630 -0.971472 25.404843 -0.302080 0.889090 -0.343899 -0.848908 -0.525557 -0.056081 0 0 0 0 0 0
5.632887 -1.060198 25.686289 -0.299688 0.565444 -0.768415 -0.860333 -0.440208 0.256989 0 0 0 0 0 0
5.265390 -0.938647 25.809432 -0.314403 0.059333 -0.947433 -0.929867 -0.154568 0.333851 0 0 0 0 0 0
4.802439 -1.116783 26.008397 -0.277245 -0.259905 -0.924978 -0.906718 -0.018165 0.421346 0 0 0 0 0 0
4.628077 -0.649754 26.141931 -0.314974 -0.686852 -0.655000 -0.888898 0.294324 0.351047 0 0 0 0 0 0
4.261255 -0.327192 26.055014 -0.325482 -0.934697 -0.142839 -0.875707 0.415441 0.246062 0 0 0 0 0 0
3.930506 -0.174598 25.853517 -0.332886 -0.838103 0.432169 -0.865770 0.500390 -0.007199 0 0 0 0 0 0
3.598496 -0.147603 25.611174 -0.333941 -0.418526 0.844582 -0.852258 0.438276 -0.285606 0 0 0 0 0 0
3.266971 -0.246987 25.385691 -0.328339 0.156975 0.931425 -0.840872 0.213496 -0.497347 0 0 0 0 0 0
2.937597 -0.460851 25.238682 -0.318803 0.664037 0.676328 -0.836264 -0.111378 -0.536896 0 0 0 0 0 0
2.610816 -0.736628 25.236907 -0.309045 0.931107 0.193729 -0.839697 -0.400873 -0.366347 0 0 0 0 0 0
2.286042 -0.971472 25.404843 -0.302080 0.889090 -0.343899 -0.848908 -0.525557 -0.056081 0 0 0 0 0 0
1.962299 -1.060198 25.686289 -0.299688 0.565444 -0.768415 -0.860333 -0.440208 0.256989 0 0 0 0 0 0
1.595199 -0.941980 25.829124 -0.310451 0.059690 -0.948714 -0.923929 -0.161514 0.346798 0 0 0 0 0 0
1.132051 -1.112680 26.009342 -0.280699 -0.257646 -0.924568 -0.915493 -0.001221 0.402332 0 0 0 0 0 0
1.046911 -1.148602 26.855168 -0.314991 0.686883 0.654960 -0.173524 0.558716 0.811003 0 0 0 0 0 0
0.574140 -0.969701 28.817009 -0.325482 0.934697 0.142839 -0.875669 -0.415451 -0.246180 0 0 0 0 0 0
0.243427 -1.122320 29.018531 -0.332884 0.838104 -0.432168 -0.865765 -0.500399 0.007198 0 0 0 0 0 0
-0.088587 -1.149314 29.260873 -0.333940 0.418529 -0.844581 -0.852263 -0.438269 0.285601 0 0 0 0 0 0
-0.420100 -1.049919 29.486356 -0.328359 -0.156988 -0.931416 -0.840869 -0.213509 0.497346 0 0 0 0 0 0
-0.749498 -0.836099 29.633369 -0.318803 -0.664039 -0.676326 -0.836268 0.111423 0.536880 0 0 0 0 0 0
-1.076263 -0.560284 29.635141 -0.309045 -0.931107 -0.193730 -0.839696 0.400877 0.366344 0 0 0 0 0 0
-1.401032 -0.325442 29.467204 -0.302082 -0.889090 0.343899 -0.848907 0.525558 0.056079 0 0 0 0 0 0
-1.724781 -0.236706 29.185759 -0.299687 -0.565446 0.768413 -0.860331 0.440213 -0.256987 0 0 0 0 0 0
-2.092275 -0.358261 29.062614 -0.314403 -0.059338 0.947433 -0.929869 0.154557 -0.333850 0 0 0 0 0 0
-2.555249 -0.180147 28.863777 -0.277245 0.259906 0.924978 -0.906768 0.018100 -0.421241 0 0 0 0 0 0
-2.729581 -0.647167 28.730260 -0.314988 0.686883 0.654961 -0.888895 -0.294239 -0.351125 0 0 0 0 0 0
-3.096440 -0.969701 28.817010 -0.325482 0.934697 0.142839 -0.875667 -0.415454 -0.246181 0 0 0 0 0 0
-3.427160 -1.122320 29.018530 -0.332885 0.838104 -0.432168 -0.865768 -0.500394 0.007197 0 0 0 0 0 0
-3.759182 -1.149314 29.260872 -0.333940 0.418529 -0.844581 -0.852266 -0.438266 0.285597 0 0 0 0 0 0
-4.102851 -1.050032 29.478202 -0.328361 -0.156980 -0.931416 -0.850398 -0.207832 0.483353 0 0 0 0 0 0
-4.244553 -0.833019 30.280669 -0.318803 0.664037 0.676328 -0.141497 0.623322 0.769057 0 0 0 0 0 0
-4.743913 -0.734575 32.148483 -0.309045 0.931107 0.193729 -0.839696 -0.400873 -0.366348 0 0 0 0 0 0
-5.068687 -0.969411 32.316420 -0.302081 0.889089 -0.343900 -0.848911 -0.525553 -0.056080 0 0 0 0 0 0
-5.392432 -1.058151 32.597864 -0.299687 0.565446 -0.768413 -0.860329 -0.440218 0.256987 0 0 0 0 0 0
-5.759928 -0.936599 32.721010 -0.314403 0.059340 -0.947433 -0.929869 -0.154556 0.333850 0 0 0 0 0 0
-6.222899 -1.114709 32.919847 -0.277245 -0.259908 -0.924977 -0.906768 -0.018103 0.421241 0 0 0 0 0 0
-6.397233 -0.647691 33.053363 -0.314987 -0.686885 -0.654959 -0.888894 0.294238 0.351128 0 0 0 0 0 0
-6.764104 -0.325159 32.966616 -0.325483 -0.934697 -0.142839 -0.875674 0.415444 0.246174 0 0 0 0 0 0
-7.094815 -0.172542 32.765091 -0.332886 -0.838103 0.432169 -0.865764 0.500401 -0.007204 0 0 0 0 0 0
-7.426834 -0.145550 32.522754 -0.333941 -0.418526 0.844583 -0.852265 0.438267 -0.285597 0 0 0 0 0 0
-7.758341 -0.244939 32.297267 -0.328361 0.156986 0.931415 -0.840865 0.213510 -0.497352 0 0 0 0 0 0
-8.087736 -0.458761 32.150254 -0.318803 0.664037 0.676328 -0.836267 -0.111428 -0.536881 0 0 0 0 0 0
-8.414502 -0.734575 32.148483 -0.309045 0.931107 0.193729 -0.839696 -0.400873 -0.366348 0 0 0 0 0 0
-8.739276 -0.969411 32.316420 -0.302081 0.889089 -0.343900 -0.848911 -0.525553 -0.056080 0 0 0 0 0 0
-9.063020 -1.058151 32.597864 -0.299687 0.565446 -0.768413 -0.860329 -0.440218 0.256987 0 0 0 0 0 0
-9.430118 -0.939932 32.740702 -0.310450 0.059697 -0.948713 -0.923931 -0.161503 0.346798 0 0 0 0 0 0
-9.893284 -1.110608 32.920789 -0.280705 -0.257641 -0.924568 -0.915544 -0.001142 0.402215 0 0 0 0 0 0
-10.069881 -0.649040 33.054056 -0.314987 -0.686885 -0.654959 -0.888347 0.296580 0.350544 0 0 0 0 0 0
-10.434692 -0.325159 32.966616 -0.325483 -0.934697 -0.142839 -0.875674 0.415444 0.246174 0 0 0 0 0 0
-10.765403 -0.172542 32.765091 -0.332886 -0.838103 0.432169 -0.865764 0.500401 -0.007204 0 0 0 0 0 0
-11.097422 -0.145550 32.522754 -0.333941 -0.418526 0.844583 -0.852265 0.438267 -0.285597 0 0 0 0 0 0
-11.428930 -0.244939 32.297267 -0.328361 0.156986 0.931415 -0.840865 0.213510 -0.497352 0 0 0 0 0 0
-11.758324 -0.458761 32.150254 -0.318803 0.664037 0.676328 -0.836267 -0.111428 -0.536881 0 0 0 0 0 0
-12.085090 -0.734575 32.148483 -0.309045 0.931107 0.193729 -0.839696 -0.400873 -0.366348 0 0 0 0 0 0
-12.786748 0.850250 31.957277 0.399088 0.000000 -0.916913 -0.395480 -0.260426 -0.880780 0 0 0 0 0 0
-11.401106 -0.000001 26.200118 0.000000 1.000000 0.000000 0.000000 0.000000 1.000000 0 0 0 0 0 0
-11.804706 -0.000001 26.060941 0.000000 1.000000 0.000000 0.000000 0.000000 1.000000 0 0 0 0 0 0
-12.256471 -0.000001 25.477765 0.000000 1.000000 0.000000 0.000000 0.000000 1.000000 0 0 0 0 0 0
-11.928118 -0.000001 24.817176 0.000000 1.000000 0.000000 0.000000 0.000000 1.000000 0 0 0 0 0 0
-13.507887 -0.193539 28.369465 0.436129 0.000000 -0.899884 0.386807 -0.191881 0.901977 0 0 0 0 0 0
-12.381796 -1.126034 29.468845 0.309045 0.931107 0.193729 0.862043 -0.434399 -0.261113 0 0 0 0 0 0
-11.830807 -1.225299 29.243185 0.318804 0.664036 0.676328 0.877071 -0.430181 -0.213755 0 0 0 0 0 0
-11.501421 -1.140281 28.988233 0.328361 0.156980 0.931416 0.874395 -0.254624 -0.413038 0 0 0 0 0 0
-11.169701 -0.941825 28.830681 0.333941 -0.418526 0.844583 0.865282 -0.002651 -0.501279 0 0 0 0 0 0
-10.837052 -0.700454 28.799600 0.332886 -0.838103 0.432169 0.852467 0.275589 -0.444242 0 0 0 0 0 0
-10.505435 -0.475194 28.895219 0.325481 -0.934697 -0.142839 0.841303 0.491643 -0.224714 0 0 0 0 0 0
-10.176478 -0.326554 29.105319 0.314994 -0.686882 -0.654959 0.836663 0.538574 0.099665 0 0 0 0 0 0
-9.736512 -0.242973 29.276080 0.280698 -0.257645 -0.924569 0.884442 0.377764 0.273966 0 0 0 0 0 0
-9.417002 -0.191753 29.410250 0.310457 0.059695 -0.948711 0.907977 -0.135155 0.396623 0 0 0 0 0 0
-9.138602 -0.592582 29.689338 0.299681 0.565447 -0.768415 0.859448 -0.134655 0.493170 0 0 0 0 0 0
-8.811227 -0.910818 29.691587 0.302087 0.889088 -0.343898 0.865754 -0.370596 0.336346 0 0 0 0 0 0
-8.486850 -1.144412 29.514684 0.309045 0.931107 0.193729 0.873686 -0.482799 0.059811 0 0 0 0 0 0
-8.160218 -1.225299 29.243185 0.318804 0.664036 0.676328 0.877071 -0.430181 -0.213755 0 0 0 0 0 0
-7.830833 -1.140281 28.988233 0.328361 0.156980 0.931416 0.874395 -0.254624 -0.413038 0 0 0 0 0 0
-7.499113 -0.941825 28.830681 0.333941 -0.418526 0.844583 0.865282 -0.002651 -0.501279 0 0 0 0 0 0
-7.267310 -1.432117 27.783739 0.332886 0.838103 -0.432169 0.177377 0.639519 -0.748033 0 0 0 0 0 0
-6.818357 -0.817605 25.964686 0.325483 0.934697 0.142839 0.841304 -0.491641 0.224713 0 0 0 0 0 0
-6.489385 -0.966257 25.754592 0.314987 0.686885 0.654959 0.836664 -0.538574 -0.099656 0 0 0 0 0 0
-6.050658 -1.060623 25.566519 0.277245 0.259908 0.924977 0.878235 -0.385976 -0.282359 0 0 0 0 0 0
-5.733283 -1.095129 25.447968 0.314403 -0.059340 0.947433 0.912858 0.154510 -0.377912 0 0 0 0 0 0
-5.448791 -0.703654 25.170070 0.299687 -0.565446 0.768413 0.858965 0.140002 -0.492522 0 0 0 0 0 0
-5.124127 -0.381988 25.168315 0.302081 -0.889089 0.343900 0.865757 0.370590 -0.336345 0 0 0 0 0 0
-4.799779 -0.148392 25.345225 0.309045 -0.931107 -0.193729 0.873681 0.482808 -0.059808 0 0 0 0 0 0
-4.473128 -0.067505 25.616718 0.318803 -0.664037 -0.676328 0.877078 0.430171 0.213746 0 0 0 0 0 0
-4.143753 -0.152520 25.871677 0.328361 -0.156986 -0.931415 0.874389 0.254621 0.413051 0 0 0 0 0 0
-3.801077 -0.349417 26.033248 0.333941 0.418526 -0.844582 0.869888 0.006834 0.493202 0 0 0 0 0 0
-3.465831 -0.594407 26.066376 0.332886 0.838103 -0.432169 0.852459 -0.275598 0.444251 0 0 0 0 0 0
-3.134204 -0.819663 25.970760 0.325482 0.934697 0.142839 0.841310 -0.491631 0.224713 0 0 0 0 0 0
-2.805242 -0.968305 25.760645 0.314974 0.686852 0.655000 0.836625 -0.538651 -0.099569 0 0 0 0 0 0
-2.366486 -1.062689 25.572741 0.277245 0.259905 0.924978 0.878261 -0.385951 -0.282311 0 0 0 0 0 0
-2.049159 -1.097206 25.454054 0.314403 -0.059333 0.947433 0.912823 0.154448 -0.378022 0 0 0 0 0 0
-1.764652 -0.705703 25.176141 0.299688 -0.565444 0.768415 0.858967 0.140005 -0.492519 0 0 0 0 0 0
-1.548447 -1.985781 24.370695 0.302082 0.889090 -0.343899 0.189602 0.521295 -0.832047 0 0 0 0 0 0
-1.132125 -1.146460 22.603104 0.309045 0.931107 0.193730 0.873683 -0.482806 0.059807 0 0 0 0 0 0
-0.805480 -1.227360 22.331612 0.318803 0.664039 0.676326 0.877071 -0.430184 -0.213747 0 0 0 0 0 0
-0.476100 -1.142340 22.076653 0.328359 0.156988 0.931416 0.874394 -0.254616 -0.413045 0 0 0 0 0 0
-0.144383 -0.943874 21.919104 0.333940 -0.418529 0.844581 0.865282 -0.002661 -0.501278 0 0 0 0 0 0
0.188270 -0.702510 21.888023 0.332884 -0.838104 0.432168 0.852464 0.275592 -0.444246 0 0 0 0 0 0
0.519888 -0.477249 21.983641 0.325482 -0.934697 -0.142839 0.841306 0.491638 -0.224713 0 0 0 0 0 0
0.848850 -0.328608 22.193741 0.314991 -0.686883 -0.654960 0.836662 0.538575 0.099666 0 0 0 0 0 0
1.288779 -0.245022 22.364614 0.280701 -0.257645 -0.924568 0.884426 0.377739 0.274050 0 0 0 0 0 0
1.608354 -0.193821 22.498692 0.310452 0.059696 -0.948713 0.908013 -0.135210 0.396523 0 0 0 0 0 0
1.886710 -0.594637 22.777759 0.299687 0.565446 -0.768413 0.859446 -0.134660 0.493172 0 0 0 0 0 0
2.214113 -0.912870 22.780014 0.302081 0.889090 -0.343899 0.865757 -0.370589 0.336347 0 0 0 0 0 0
2.538462 -1.146459 22.603104 0.309046 0.931107 0.193730 0.873683 -0.482805 0.059807 0 0 0 0 0 0
2.865113 -1.227360 22.331612 0.318803 0.664039 0.676326 0.877073 -0.430181 -0.213744 0 0 0 0 0 0
3.194486 -1.142339 22.076651 0.328361 0.156987 0.931415 0.874391 -0.254617 -0.413051 0 0 0 0 0 0
3.526202 -0.943873 21.919103 0.333940 -0.418529 0.844581 0.865280 -0.002661 -0.501281 0 0 0 0 0 0
3.739335 -1.432195 20.736239 0.332886 0.838103 -0.432169 0.173584 0.627722 -0.758837 0 0 0 0 0 0
4.206972 -0.819663 18.911936 0.325482 0.934697 0.142839 0.841310 -0.491631 0.224713 0 0 0 0 0 0
4.535935 -0.968305 18.701822 0.314974 0.686852 0.655000 0.836625 -0.538651 -0.099569 0 0 0 0 0 0
4.974691 -1.062689 18.513918 0.277245 0.259905 0.924978 0.878261 -0.385951 -0.282311 0 0 0 0 0 0
5.292018 -1.097206 18.395230 0.314403 -0.059333 0.947433 0.912823 0.154448 -0.378022 0 0 0 0 0 0
5.576525 -0.705703 18.117317 0.299688 -0.565444 0.768415 0.858967 0.140005 -0.492519 0 0 0 0 0 0
5.901191 -0.384039 18.115563 0.302080 -0.889090 0.343899 0.865756 0.370587 -0.336351 0 0 0 0 0 0
6.225539 -0.150446 18.292472 0.309045 -0.931107 -0.193729 0.873682 0.482808 -0.059808 0 0 0 0 0 0
6.552190 -0.069558 18.563965 0.318803 -0.664037 -0.676328 0.877077 0.430172 0.213747 0 0 0 0 0 0
6.881549 -0.154561 18.819039 0.328339 -0.156975 -0.931425 0.874352 0.254654 0.413111 0 0 0 0 0 0
7.213290 -0.353048 18.976475 0.333941 0.418526 -0.844582 0.865340 0.002598 0.501179 0 0 0 0 0 0
7.545934 -0.594407 19.007552 0.332886 0.838103 -0.432169 0.852459 -0.275598 0.444251 0 0 0 0 0 0
7.877561 -0.819663 18.911936 0.325482 0.934697 0.142839 0.841310 -0.491631 0.224713 0 0 0 0 0 0
8.206523 -0.968305 18.701822 0.314974 0.686852 0.655000 0.836625 -0.538651 -0.099569 0 0 0 0 0 0
8.646478 -1.051908 18.531112 0.280698 0.257646 0.924569 0.884454 -0.377712 -0.273998 0 0 0 0 0 0
8.966998 -1.101111 18.401417 0.310471 -0.059701 0.948706 0.909298 0.140242 -0.391803 0 0 0 0 0 0
9.245305 -0.700249 18.122334 0.299687 -0.565446 0.768413 0.859444 0.134704 -0.493164 0 0 0 0 0 0
9.464223 -1.983722 17.316258 0.302081 0.889090 -0.343899 0.189591 0.521293 -0.832051 0 0 0 0 0 0
9.880553 -1.144419 15.548644 0.309041 0.931095 0.193794 0.873658 -0.482831 0.059972 0 0 0 0 0 0
10.207210 -1.225302 15.277231 0.318804 0.664036 0.676328 0.877081 -0.430119 -0.213837 0 0 0 0 0 0
10.536580 -1.140280 15.022206 0.328361 0.156980 0.931416 0.874388 -0.254627 -0.413050 0 0 0 0 0 0
10.868312 -0.941823 14.864742 0.333953 -0.418541 0.844570 0.865313 -0.002644 -0.501226 0 0 0 0 0 0
11.200963 -0.700487 14.833646 0.332882 -0.838092 0.432193 0.852476 0.275670 -0.444175 0 0 0 0 0 0
11.532586 -0.475163 14.929234 0.325483 -0.934702 -0.142804 0.841297 0.491613 -0.224803 0 0 0 0 0 0
11.861535 -0.326554 15.139329 0.314991 -0.686890 -0.654953 0.836661 0.538583 0.099633 0 0 0 0 0 0
12.300265 -0.232190 15.327368 0.277245 -0.259906 -0.924978 0.878231 0.385988 0.282353 0 0 0 0 0 0
12.617627 -0.197657 15.446042 0.314382 0.059334 -0.947441 0.912819 -0.154466 0.378023 0 0 0 0 0 0
12.902123 -0.589178 15.723812 0.299687 0.565446 -0.768413 0.859018 -0.140062 0.492413 0 0 0 0 0 0
13.226795 -0.910817 15.725567 0.302081 0.889090 -0.343899 0.865757 -0.370589 0.336347 0 0 0 0 0 0
13.551141 -1.144419 15.548644 0.309041 0.931095 0.193794 0.873658 -0.482831 0.059972 0 0 0 0 0 0
13.877793 -1.225301 15.277232 0.318822 0.664032 0.676324 0.877085 -0.430110 -0.213838 0 0 0 0 0 0
14.207201 -1.140285 15.022198 0.328335 0.156982 0.931425 0.874376 -0.254646 -0.413065 0 0 0 0 0 0
14.538924 -0.941832 14.864755 0.333927 -0.418545 0.844578 0.865342 -0.002668 -0.501175 0 0 0 0 0 0
14.752026 -1.430151 13.681860 0.332892 0.838099 -0.432173 0.173580 0.627721 -0.758839 0 0 0 0 0 0
15.219675 -0.817612 11.857563 0.325502 0.934691 0.142831 0.841307 -0.491634 0.224719 0 0 0 0 0 0
15.548636 -0.966264 11.647471 0.315016 0.686872 0.654960 0.836642 -0.538612 -0.099635 0 0 0 0 0 0
15.988595 -1.049842 11.476643 0.280678 0.257643 0.924575 0.884422 -0.377758 -0.274040 0 0 0 0 0 0
16.308024 -1.101023 11.342531 0.310467 -0.059697 0.948708 0.907977 0.135203 -0.396608 0 0 0 0 0 0
16.586545 -0.700250 11.063466 0.299643 -0.565451 0.768427 0.859493 0.134629 -0.493099 0 0 0 0 0 0
16.913801 -0.381972 11.061222 0.302068 -0.889091 0.343907 0.865723 0.370637 -0.336380 0 0 0 0 0 0
17.238346 -0.149215 11.235172 0.308994 -0.931116 -0.193765 0.873017 0.483254 -0.065626 0 0 0 0 0 0
17.563871 -0.069573 11.505197 0.318814 -0.664031 -0.676328 0.877050 0.430184 0.213832 0 0 0 0 0 0
17.893407 -0.154557 11.760165 0.328341 -0.156983 -0.931423 0.874423 0.254618 0.412983 0 0 0 0 0 0
18.225069 -0.353054 11.917668 0.333921 0.418538 -0.844584 0.865281 0.002638 0.501280 0 0 0 0 0 0
18.557635 -0.594400 11.948752 0.332892 0.838099 -0.432173 0.852442 -0.275648 0.444254 0 0 0 0 0 0
18.889274 -0.819672 11.853145 0.325501 0.934692 0.142831 0.841305 -0.491637 0.224720 0 0 0 0 0 0
19.218235 -0.968311 11.643052 0.315018 0.686873 0.654957 0.836651 -0.538596 -0.099648 0 0 0 0 0 0
19.658177 -1.051899 11.472229 0.280744 0.257642 0.924556 0.884435 -0.377727 -0.274038 0 0 0 0 0 0
19.978766 -1.101125 11.342521 0.310467 -0.059697 0.948708 0.909289 0.140249 -0.391821 0 0 0 0 0 0
20.257133 -0.700250 11.063466 0.299643 -0.565451 0.768427 0.859493 0.134629 -0.493099 0 0 0 0 0 0
20.475899 -1.983742 10.257481 0.302129 0.889076 -0.343894 0.189599 0.521282 -0.832056 0 0 0 0 0 0
20.892344 -1.144425 8.489885 0.309055 0.931097 0.193761 0.873672 -0.482817 0.059874 0 0 0 0 0 0
21.218995 -1.225303 8.218426 0.318816 0.664033 0.676325 0.877098 -0.430119 -0.213769 0 0 0 0 0 0
21.548341 -1.140280 7.963399 0.328342 0.156978 0.931423 0.874356 -0.254657 -0.413100 0 0 0 0 0 0
21.880110 -0.941837 7.805930 0.333921 -0.418538 0.844585 0.865344 -0.002678 -0.501171 0 0 0 0 0 0
22.212693 -0.700460 7.774843 0.332892 -0.838098 0.432174 0.852448 0.275656 -0.444237 0 0 0 0 0 0
22.544333 -0.475186 7.870452 0.325500 -0.934691 -0.142838 0.841301 0.491636 -0.224736 0 0 0 0 0 0
22.873294 -0.326547 8.080538 0.315017 -0.686870 -0.654961 0.836648 0.538601 0.099646 0 0 0 0 0 0
23.312154 -0.232158 8.268544 0.277178 -0.259909 -0.924997 0.878251 0.386000 0.282276 0 0 0 0 0 0
23.629384 -0.197680 8.387134 0.314355 0.059339 -0.947449 0.912847 -0.154490 0.377947 0 0 0 0 0 0
23.913881 -0.589162 8.665033 0.299643 0.565451 -0.768427 0.858960 -0.140017 0.492526 0 0 0 0 0 0
24.238440 -0.910825 8.666775 0.302129 0.889076 -0.343894 0.865745 -0.370623 0.336340 0 0 0 0 0 0
24.547213 -1.152265 8.503066 0.309055 0.931096 0.193767 0.857806 -0.505667 0.092034 0 0 0 0 0 0
24.868421 -1.225307 8.241185 0.318815 0.664030 0.676329 0.877030 -0.430213 -0.213857 0 0 0 0 0 0
25.197878 -1.140297 7.986217 0.328342 0.156978 0.931423 0.874422 -0.254623 -0.412982 0 0 0 0 0 0
25.529521 -0.941811 7.828722 0.333986 -0.418527 0.844564 0.865299 -0.002609 -0.501249 0 0 0 0 0 0
25.729233 -1.429267 6.603895 0.332892 0.838099 -0.432173 0.170130 0.624614 -0.762177 0 0 0 0 0 0
26.201228 -0.817612 4.778156 0.325502 0.934691 0.142831 0.841307 -0.491634 0.224719 0 0 0 0 0 0
26.530208 -0.966270 4.568059 0.314953 0.686887 0.654974 0.836616 -0.538656 -0.099615 0 0 0 0 0 0
26.970067 -1.049820 4.397254 0.280678 0.257643 0.924575 0.884442 -0.377725 -0.274020 0 0 0 0 0 0
27.289574 -1.101024 4.263111 0.310467 -0.059697 0.948708 0.907973 0.135197 -0.396618 0 0 0 0 0 0
27.568098 -0.700251 3.984045 0.299642 -0.565448 0.768429 0.859494 0.134637 -0.493095 0 0 0 0 0 0
27.895352 -0.381969 3.981817 0.302068 -0.889091 0.343907 0.865728 0.370637 -0.336367 0 0 0 0 0 0
28.241153 -0.158438 4.168809 0.309055 -0.931097 -0.193761 0.889995 0.454692 -0.034125 0 0 0 0 0 0
28.573602 -0.069548 4.450261 0.318753 -0.664049 -0.676340 0.877082 0.430151 0.213767 0 0 0 0 0 0
28.902849 -0.154591 4.705266 0.328341 -0.156983 -0.931423 0.874378 0.254631 0.413069 0 0 0 0 0 0
29.234554 -0.353051 4.862761 0.333986 0.418528 -0.844564 0.865294 0.002621 0.501258 0 0 0 0 0 0
29.567346 -0.594377 4.893867 0.332892 0.838099 -0.432173 0.852494 -0.275582 0.444194 0 0 0 0 0 0
29.898941 -0.819680 4.798232 0.325437 0.934713 0.142834 0.841280 -0.491659 0.224762 0 0 0 0 0 0
30.227818 -0.968291 4.588138 0.314954 0.686885 0.654976 0.836650 -0.538604 -0.099615 0 0 0 0 0 0
30.667764 -1.051883 4.417331 0.280678 0.257647 0.924574 0.884438 -0.377733 -0.274020 0 0 0 0 0 0
30.988326 -1.101114 4.287637 0.310467 -0.059697 0.948708 0.909305 0.140233 -0.391790 0 0 0 0 0 0
31.266638 -0.700222 4.008551 0.299704 -0.565440 0.768411 0.859436 0.134706 -0.493177 0 0 0 0 0 0
31.485604 -1.983722 3.202585 0.302068 0.889091 -0.343906 0.189595 0.521296 -0.832048 0 0 0 0 0 0
31.901929 -1.144410 1.434960 0.308994 0.931117 0.193765 0.873680 -0.482802 0.059879 0 0 0 0 0 0
32.228435 -1.225283 1.163484 0.318816 0.664033 0.676326 0.877052 -0.430176 -0.213841 0 0 0 0 0 0
32.557972 -1.140295 0.908515 0.328342 0.156978 0.931423 0.874422 -0.254627 -0.412979 0 0 0 0 0 0
32.889634 -0.941808 0.751006 0.333922 -0.418538 0.844584 0.865278 -0.002641 -0.501286 0 0 0 0 0 0
33.222199 -0.700461 0.719929 0.332892 -0.838098 0.432174 0.852447 0.275656 -0.444239 0 0 0 0 0 0
33.553839 -0.475186 0.815538 0.325501 -0.934691 -0.142833 0.841304 0.491636 -0.224727 0 0 0 0 0 0
33.882943 -0.326547 1.025600 0.314954 -0.686886 -0.654974 0.836702 0.538533 0.099562 0 0 0 0 0 0
34.321582 -0.232198 1.213643 0.277245 -0.259905 -0.924978 0.878232 0.385979 0.282364 0 0 0 0 0 0
34.638956 -0.197670 1.332243 0.314420 0.059337 -0.947427 0.912839 -0.154487 0.377967 0 0 0 0 0 0
34.923453 -0.589161 1.610140 0.299703 0.565439 -0.768412 0.858955 -0.140036 0.492531 0 0 0 0 0 0
35.248173 -0.910818 1.611908 0.302068 0.889091 -0.343906 0.865772 -0.370545 0.336356 0 0 0 0 0 0
35.556650 -1.152264 1.448128 0.309055 0.931097 0.193761 0.857755 -0.505758 0.092006 0 0 0 0 0 0
35.878052 -1.225303 1.186308 0.318815 0.664032 0.676327 0.877097 -0.430120 -0.213771 0 0 0 0 0 0
36.207401 -1.140281 0.931282 0.328341 0.156978 0.931424 0.874356 -0.254656 -0.413100 0 0 0 0 0 0
36.539169 -0.941837 0.773818 0.333921 -0.418538 0.844584 0.865346 -0.002677 -0.501168 0 0 0 0 0 0
36.738696 -1.429274 -0.451016 0.332892 0.838099 -0.432173 0.170110 0.624614 -0.762181 0 0 0 0 0 0
37.210734 -0.817612 -2.276756 0.325502 0.934691 0.142831 0.841307 -0.491634 0.224720 0 0 0 0 0 0
37.539695 -0.966264 -2.486849 0.315016 0.686873 0.654959 0.836643 -0.538609 -0.099638 0 0 0 0 0 0
37.979634 -1.049838 -2.657671 0.280744 0.257638 0.924557 0.884439 -0.377717 -0.274040 0 0 0 0 0 0
38.299299 -1.101077 -2.791792 0.310467 -0.059697 0.948708 0.908032 0.135144 -0.396502 0 0 0 0 0 0
38.577602 -0.700222 -3.070856 0.299704 -0.565440 0.768411 0.859436 0.134706 -0.493177 0 0 0 0 0 0
38.905067 -0.381988 -3.073128 0.302068 -0.889091 0.343907 0.865772 0.370547 -0.336352 0 0 0 0 0 0
39.946112 -0.895608 -3.373551 -0.991916 0.000000 0.126896 -0.501896 0.864118 0.037416 0 0 0 0 0 0
33.471765 0.000000 -3.134259 0.000000 1.000000 0.000000 0.000000 0.000000 1.000000 0 0 0 0 0 0
33.875294 0.000000 -3.273435 0.000000 1.000000 0.000000 0.000000 0.000000 1.000000 0 0 0 0 0 0
34.327176 0.000000 -3.856576 0.000000 1.000000 0.000000 0.000000 0.000000 1.000000 0 0 0 0 0 0
33.998824 0.000000 -4.517212 0.000000 1.000000 0.000000 0.000000 0.000000 1.000000 0 0 0 0 0 0
39.173900 0.524249 -5.876709 -0.983932 0.000000 0.178544 0.062353 -0.564816 0.822858 0 0 0 0 0 0
39.167649 -0.335630 -5.729403 -0.302129 -0.889076 0.343894 -0.852995 0.442816 -0.276249 0 0 0 0 0 0
38.629182 -0.234631 -5.936031 -0.299643 -0.565451 0.768427 -0.860361 0.440193 -0.256922 0 0 0 0 0 0
38.262190 -0.352887 -6.078834 -0.310402 -0.059697 0.948729 -0.923945 0.161499 -0.346762 0 0 0 0 0 0
37.799055 -0.182187 -6.258984 -0.280678 0.257647 0.924574 -0.915523 0.001203 -0.402264 0 0 0 0 0 0
37.622525 -0.643775 -6.392249 -0.315017 0.686870 0.654961 -0.888317 -0.296688 -0.350526 0 0 0 0 0 0
37.257657 -0.967657 -6.304781 -0.325500 0.934691 0.142838 -0.875678 -0.415458 -0.246134 0 0 0 0 0 0
36.926932 -1.120260 -6.103237 -0.332892 0.838098 -0.432174 -0.865775 -0.500381 0.007221 0 0 0 0 0 0
36.594900 -1.147257 -5.860928 -0.333921 0.418538 -0.844585 -0.852264 -0.438281 0.285579 0 0 0 0 0 0
36.263385 -1.047880 -5.635446 -0.328342 -0.156978 -0.931423 -0.840901 -0.213510 0.497292 0 0 0 0 0 0
35.934065 -0.834012 -5.488446 -0.318815 -0.664030 -0.676329 -0.836236 0.111486 0.536918 0 0 0 0 0 0
35.607229 -0.558222 -5.486601 -0.309055 -0.931097 -0.193761 -0.839707 0.400831 0.366368 0 0 0 0 0 0
35.305465 -0.324984 -5.675054 -0.302068 -0.889091 0.343906 -0.841849 0.539375 0.019136 0 0 0 0 0 0
34.979854 -0.234659 -5.958844 -0.299704 -0.565440 0.768411 -0.860332 0.440201 -0.257006 0 0 0 0 0 0
34.612342 -0.356208 -6.081994 -0.314421 -0.059337 0.947427 -0.929862 0.154551 -0.333873 0 0 0 0 0 0
34.149351 -0.178080 -6.280865 -0.277245 0.259906 0.924978 -0.906762 0.018129 -0.421253 0 0 0 0 0 0
33.974994 -0.645107 -6.414369 -0.314954 0.686885 0.654976 -0.888906 -0.294250 -0.351089 0 0 0 0 0 0
33.608187 -0.967636 -6.327551 -0.325501 0.934692 0.142831 -0.875701 -0.415425 -0.246108 0 0 0 0 0 0
33.277375 -1.120260 -6.126040 -0.332892 0.838098 -0.432174 -0.865774 -0.500383 0.007215 0 0 0 0 0 0
32.945347 -1.147257 -5.883728 -0.333921 0.418538 -0.844585 -0.852264 -0.438281 0.285579 0 0 0 0 0 0
32.613954 -1.047856 -5.658222 -0.328342 -0.156978 -0.931423 -0.840824 -0.213524 0.497416 0 0 0 0 0 0
32.284531 -0.834043 -5.511252 -0.318816 -0.664033 -0.676325 -0.836313 0.111416 0.536812 0 0 0 0 0 0
31.957655 -0.558220 -5.509394 -0.308994 -0.931117 -0.193765 -0.839683 0.400849 0.366405 0 0 0 0 0 0
31.633043 -0.323398 -5.677431 -0.302068 -0.889091 0.343906 -0.848900 0.525572 0.056063 0 0 0 0 0 0
31.309266 -0.234659 -5.958844 -0.299704 -0.565440 0.768411 -0.860332 0.440201 -0.257006 0 0 0 0 0 0
30.942133 -0.352873 -6.101647 -0.310467 -0.059696 0.948708 -0.923939 0.161490 -0.346783 0 0 0 0 0 0
30.479442 -0.183514 -6.285389 -0.280680 0.257648 0.924574 -0.914660 -0.000046 -0.404224 0 0 0 0 0 0
30.301535 -0.645825 -6.419468 -0.315017 0.686869 0.654962 -0.888314 -0.296684 -0.350539 0 0 0 0 0 0
29.936668 -0.969705 -6.331999 -0.325501 0.934690 0.142838 -0.875680 -0.415455 -0.246134 0 0 0 0 0 0
29.605944 -1.122321 -6.130457 -0.332891 0.838099 -0.432172 -0.865771 -0.500388 0.007217 0 0 0 0 0 0
29.273933 -1.149314 -5.888151 -0.333986 0.418530 -0.844563 -0.852287 -0.438234 0.285584 0 0 0 0 0 0
28.942315 -1.049936 -5.662641 -0.328341 -0.156985 -0.931422 -0.840873 -0.213532 0.497330 0 0 0 0 0 0
28.802039 -0.835072 -4.862222 -0.318753 0.664049 0.676340 -0.141480 0.623317 0.769064 0 0 0 0 0 0
28.302822 -0.736641 -2.994449 -0.309055 0.931097 0.193761 -0.839657 -0.400924 -0.366383 0 0 0 0 0 0
27.949916 -0.969714 -2.846556 -0.302068 0.889091 -0.343907 -0.858992 -0.504516 -0.087157 0 0 0 0 0 0
27.627082 -1.058151 -2.565104 -0.299642 0.565448 -0.768429 -0.860308 -0.440252 0.256999 0 0 0 0 0 0
27.260043 -0.939918 -2.422340 -0.310467 0.059697 -0.948708 -0.923955 -0.161467 0.346749 0 0 0 0 0 0
26.796806 -1.110623 -2.242147 -0.280678 -0.257643 -0.924575 -0.915509 -0.001199 0.402295 0 0 0 0 0 0
26.620216 -0.649051 -2.108908 -0.314954 -0.686888 -0.654972 -0.888367 0.296581 0.350491 0 0 0 0 0 0
26.255558 -0.325145 -2.196415 -0.325502 -0.934691 -0.142831 -0.875636 0.415546 0.246137 0 0 0 0 0 0
25.924763 -0.172542 -2.397912 -0.332892 -0.838099 0.432172 -0.865773 0.500385 -0.007218 0 0 0 0 0 0
25.592758 -0.145551 -2.640230 -0.333985 -0.418526 0.844565 -0.852284 0.438235 -0.285589 0 0 0 0 0 0
25.261135 -0.244921 -2.865732 -0.328341 0.156984 0.931423 -0.840876 0.213529 -0.497325 0 0 0 0 0 0
24.931756 -0.458763 -3.012708 -0.318753 0.664049 0.676340 -0.836288 -0.111399 -0.536855 0 0 0 0 0 0
24.605128 -0.734589 -3.014524 -0.309055 0.931097 0.193761 -0.839656 -0.400924 -0.366384 0 0 0 0 0 0
24.311202 -0.969173 -2.825925 -0.302068 0.889091 -0.343907 -0.835864 -0.548559 -0.020383 0 0 0 0 0 0
23.986705 -1.058151 -2.544521 -0.299643 0.565451 -0.768427 -0.860310 -0.440244 0.257006 0 0 0 0 0 0
23.619289 -0.936584 -2.421395 -0.314421 0.059340 -0.947427 -0.929873 -0.154535 0.333848 0 0 0 0 0 0
23.156222 -1.114722 -2.222502 -0.277243 -0.259906 -0.924979 -0.906761 -0.018131 0.421255 0 0 0 0 0 0
23.087242 -1.153306 -1.233953 -0.315017 0.686871 0.654960 -0.169876 0.544157 0.821605 0 0 0 0 0 0
22.598599 -0.967654 0.727336 -0.325501 0.934691 0.142834 -0.875679 -0.415459 -0.246132 0 0 0 0 0 0
22.267871 -1.120260 0.928873 -0.332892 0.838098 -0.432174 -0.865774 -0.500382 0.007218 0 0 0 0 0 0
21.935842 -1.147258 1.171184 -0.333921 0.418538 -0.844584 -0.852265 -0.438279 0.285581 0 0 0 0 0 0
21.604326 -1.047880 1.396667 -0.328341 -0.156978 -0.931424 -0.840901 -0.213510 0.497292 0 0 0 0 0 0
21.275007 -0.834010 1.543667 -0.318815 -0.664032 -0.676327 -0.836235 0.111481 0.536921 0 0 0 0 0 0
20.948169 -0.558224 1.545514 -0.309055 -0.931097 -0.193761 -0.839708 0.400834 0.366364 0 0 0 0 0 0
20.623477 -0.323381 1.377490 -0.302129 -0.889076 0.343894 -0.848900 0.525575 0.056030 0 0 0 0 0 0
20.299536 -0.234631 1.096077 -0.299643 -0.565450 0.768428 -0.860360 0.440194 -0.256924 0 0 0 0 0 0
19.932543 -0.352887 0.953279 -0.310402 -0.059697 0.948729 -0.923946 0.161497 -0.346759 0 0 0 0 0 0
19.469995 -0.183562 0.769527 -0.280679 0.257647 0.924574 -0.914610 -0.000095 -0.404338 0 0 0 0 0 0
19.291886 -0.645801 0.635438 -0.314955 0.686886 0.654974 -0.888367 -0.296590 -0.350483 0 0 0 0 0 0
18.927083 -0.969691 0.722930 -0.325437 0.934713 0.142837 -0.875686 -0.415437 -0.246142 0 0 0 0 0 0
18.596358 -1.122303 0.924456 -0.332826 0.838120 -0.432184 -0.865775 -0.500381 0.007191 0 0 0 0 0 0
18.264351 -1.149295 1.166753 -0.333920 0.418540 -0.844583 -0.852291 -0.438240 0.285563 0 0 0 0 0 0
17.932873 -1.049901 1.392259 -0.328343 -0.156986 -0.931422 -0.840828 -0.213521 0.497410 0 0 0 0 0 0
17.792547 -0.835072 2.192675 -0.318814 0.664031 0.676328 -0.141509 0.623313 0.769062 0 0 0 0 0 0
17.293093 -0.736640 4.060432 -0.308994 0.931116 0.193765 -0.839689 -0.400849 -0.366392 0 0 0 0 0 0
16.969829 -0.968848 4.231942 -0.302068 0.889091 -0.343907 -0.850182 -0.524241 -0.048593 0 0 0 0 0 0
16.645529 -1.058151 4.514303 -0.299643 0.565451 -0.768427 -0.860310 -0.440244 0.257006 0 0 0 0 0 0
16.278491 -0.939917 4.657081 -0.310467 0.059697 -0.948708 -0.923951 -0.161473 0.346757 0 0 0 0 0 0
15.815251 -1.110622 4.837261 -0.280678 -0.257643 -0.924575 -0.915514 -0.001192 0.402283 0 0 0 0 0 0
15.638807 -0.649024 4.970502 -0.315016 -0.686872 -0.654960 -0.888314 0.296672 0.350549 0 0 0 0 0 0
15.273942 -0.325155 4.883022 -0.325502 -0.934691 -0.142831 -0.875682 0.415457 0.246124 0 0 0 0 0 0
14.943210 -0.172542 4.681495 -0.332892 -0.838099 0.432173 -0.865772 0.500387 -0.007214 0 0 0 0 0 0
14.611205 -0.145550 4.439178 -0.333984 -0.418525 0.844566 -0.852283 0.438238 -0.285589 0 0 0 0 0 0
14.279581 -0.244920 4.213675 -0.328335 0.156984 0.931425 -0.840874 0.213532 -0.497327 0 0 0 0 0 0
13.950361 -0.458789 4.066704 -0.318835 0.664029 0.676320 -0.836244 -0.111484 -0.536905 0 0 0 0 0 0
13.623454 -0.734579 4.064841 -0.309037 0.931103 0.193762 -0.839708 -0.400826 -0.366372 0 0 0 0 0 0
13.298762 -0.969414 4.232873 -0.302086 0.889086 -0.343905 -0.848913 -0.525551 -0.056067 0 0 0 0 0 0
12.974975 -1.058155 4.514295 -0.299686 0.565443 -0.768416 -0.860332 -0.440209 0.256992 0 0 0 0 0 0
12.607497 -0.936597 4.637441 -0.314408 0.059340 -0.947432 -0.929869 -0.154549 0.333854 0 0 0 0 0 0
12.144514 -1.114717 4.836315 -0.277243 -0.259906 -0.924978 -0.906758 -0.018126 0.421261 0 0 0 0 0 0
12.075434 -1.153308 5.824871 -0.314985 0.686877 0.654968 -0.169883 0.544156 0.821604 0 0 0 0 0 0
11.586838 -0.967652 7.786165 -0.325481 0.934697 0.142839 -0.875678 -0.415458 -0.246136 0 0 0 0 0 0
11.256115 -1.120255 7.987704 -0.332885 0.838100 -0.432175 -0.865774 -0.500383 0.007223 0 0 0 0 0 0
10.924091 -1.147253 8.230008 -0.333947 0.418533 -0.844576 -0.852268 -0.438267 0.285588 0 0 0 0 0 0
10.592580 -1.047875 8.455508 -0.328354 -0.156977 -0.931419 -0.840864 -0.213516 0.497352 0 0 0 0 0 0
10.263192 -0.834032 8.602493 -0.318804 -0.664036 -0.676328 -0.836278 0.111432 0.536862 0 0 0 0 0 0
9.936412 -0.558220 8.604333 -0.309043 -0.931101 -0.193762 -0.839685 0.400868 0.366379 0 0 0 0 0 0
9.611662 -0.323386 8.436323 -0.302081 -0.889090 0.343899 -0.848918 0.525543 0.056059 0 0 0 0 0 0
9.287905 -0.234654 8.154887 -0.299686 -0.565443 0.768416 -0.860328 0.440216 -0.256993 0 0 0 0 0 0
8.920798 -0.352875 8.012097 -0.310454 -0.059696 0.948712 -0.923946 0.161491 -0.346764 0 0 0 0 0 0
8.458180 -0.183539 7.828330 -0.280698 0.257645 0.924569 -0.914624 -0.000077 -0.404306 0 0 0 0 0 0
8.280131 -0.645808 7.694261 -0.314987 0.686880 0.654965 -0.888356 -0.296611 -0.350494 0 0 0 0 0 0
7.915331 -0.969695 7.781742 -0.325482 0.934697 0.142839 -0.875680 -0.415460 -0.246126 0 0 0 0 0 0
7.584609 -1.122316 7.983284 -0.332884 0.838101 -0.432173 -0.865769 -0.500391 0.007219 0 0 0 0 0 0
7.252574 -1.149314 8.225588 -0.333947 0.418536 -0.844575 -0.852277 -0.438257 0.285579 0 0 0 0 0 0
6.921074 -1.049917 8.451079 -0.328356 -0.156985 -0.931417 -0.840860 -0.213515 0.497358 0 0 0 0 0 0
6.780768 -0.835072 9.251501 -0.318802 0.664034 0.676331 -0.141496 0.623314 0.769063 0 0 0 0 0 0
6.281398 -0.736639 11.119265 -0.309043 0.931101 0.193762 -0.839690 -0.400869 -0.366367 0 0 0 0 0 0
5.956643 -0.971478 11.287262 -0.302080 0.889090 -0.343899 -0.848913 -0.525549 -0.056080 0 0 0 0 0 0
5.632892 -1.060198 11.568706 -0.299685 0.565438 -0.768420 -0.860328 -0.440213 0.256999 0 0 0 0 0 0
5.265387 -0.938650 11.691840 -0.314399 0.059332 -0.947435 -0.929870 -0.154561 0.333844 0 0 0 0 0 0
4.802424 -1.116774 11.890717 -0.277243 -0.259903 -0.924979 -0.906754 -0.018115 0.421271 0 0 0 0 0 0
4.628085 -0.649743 12.024210 -0.314987 -0.686881 -0.654965 -0.888902 0.294259 0.351090 0 0 0 0 0 0
4.261232 -0.327213 11.937419 -0.325482 -0.934698 -0.142832 -0.875677 0.415457 0.246142 0 0 0 0 0 0
3.930507 -0.174602 11.735895 -0.332885 -0.838101 0.432175 -0.865770 0.500389 -0.007215 0 0 0 0 0 0
3.598489 -0.147603 11.493577 -0.333947 -0.418534 0.844576 -0.852268 0.438262 -0.285597 0 0 0 0 0 0
3.266975 -0.246990 11.268086 -0.328354 0.156982 0.931418 -0.840867 0.213514 -0.497347 0 0 0 0 0 0
2.937585 -0.460824 11.121088 -0.318802 0.664034 0.676331 -0.836274 -0.111431 -0.536869 0 0 0 0 0 0
2.610809 -0.736639 11.119265 -0.309043 0.931101 0.193762 -0.839690 -0.400869 -0.366367 0 0 0 0 0 0
2.286055 -0.971478 11.287262 -0.302080 0.889090 -0.343899 -0.848913 -0.525549 -0.056080 0 0 0 0 0 0
1.962304 -1.060198 11.568706 -0.299685 0.565438 -0.768420 -0.860328 -0.440213 0.256999 0 0 0 0 0 0
1.595192 -0.941979 11.711482 -0.310455 0.059691 -0.948712 -0.923948 -0.161493 0.346757 0 0 0 0 0 0
1.132042 -1.112678 11.891657 -0.280699 -0.257646 -0.924568 -0.915507 -0.001198 0.402299 0 0 0 0 0 0
1.061767 -1.154586 12.879078 -0.314989 0.686880 0.654964 -0.169578 0.543975 0.821787 0 0 0 0 0 0
0.574147 -0.969697 14.840567 -0.325483 0.934699 0.142825 -0.875676 -0.415449 -0.246158 0 0 0 0 0 0
0.243420 -1.122320 15.042051 -0.332887 0.838112 -0.432150 -0.865772 -0.500387 0.007228 0 0 0 0 0 0
-0.088586 -1.149309 15.284416 -0.333947 0.418536 -0.844575 -0.852267 -0.438264 0.285595 0 0 0 0 0 0
-0.420103 -1.049916 15.509889 -0.328359 -0.156988 -0.931416 -0.840867 -0.213515 0.497347 0 0 0 0 0 0
-0.749498 -0.836099 15.656898 -0.318803 -0.664039 -0.676326 -0.836268 0.111423 0.536880 0 0 0 0 0 0
-1.076263 -0.560284 15.658670 -0.309045 -0.931107 -0.193730 -0.839696 0.400877 0.366344 0 0 0 0 0 0
-1.401032 -0.325442 15.490733 -0.302082 -0.889090 0.343899 -0.848907 0.525558 0.056079 0 0 0 0 0 0
-1.724781 -0.236706 15.209288 -0.299687 -0.565446 0.768413 -0.860331 0.440213 -0.256987 0 0 0 0 0 0
-2.092275 -0.358261 15.086144 -0.314403 -0.059338 0.947433 -0.929869 0.154557 -0.333850 0 0 0 0 0 0
-2.555244 -0.180141 14.887267 -0.277240 0.259901 0.924981 -0.906754 0.018109 -0.421271 0 0 0 0 0 0
-2.729579 -0.647176 14.753777 -0.314987 0.686880 0.654965 -0.888903 -0.294250 -0.351095 0 0 0 0 0 0
-3.096433 -0.969698 14.840568 -0.325483 0.934699 0.142825 -0.875674 -0.415452 -0.246158 0 0 0 0 0 0
-3.427167 -1.122319 15.042050 -0.332889 0.838112 -0.432150 -0.865775 -0.500382 0.007227 0 0 0 0 0 0
-3.759180 -1.149309 15.284415 -0.333947 0.418536 -0.844575 -0.852270 -0.438262 0.285591 0 0 0 0 0 0
-4.102854 -1.050029 15.501734 -0.328361 -0.156980 -0.931416 -0.850396 -0.207838 0.483353 0 0 0 0 0 0
-4.244553 -0.833019 16.304198 -0.318803 0.664037 0.676328 -0.141497 0.623322 0.769057 0 0 0 0 0 0
-4.743913 -0.734575 18.172013 -0.309045 0.931107 0.193729 -0.839696 -0.400873 -0.366348 0 0 0 0 0 0
-5.068687 -0.969411 18.339949 -0.302081 0.889089 -0.343900 -0.848911 -0.525553 -0.056080 0 0 0 0 0 0
-5.392432 -1.058151 18.621394 -0.299687 0.565446 -0.768413 -0.860329 -0.440218 0.256987 0 0 0 0 0 0
-5.759928 -0.936599 18.744539 -0.314403 0.059340 -0.947433 -0.929869 -0.154556 0.333850 0 0 0 0 0 0
-6.222899 -1.114709 18.943377 -0.277245 -0.259908 -0.924977 -0.906768 -0.018103 0.421241 0 0 0 0 0 0
-6.397233 -0.647691 19.076893 -0.314987 -0.686885 -0.654959 -0.888894 0.294238 0.351128 0 0 0 0 0 0
-6.764104 -0.325159 18.990146 -0.325483 -0.934697 -0.142839 -0.875674 0.415444 0.246174 0 0 0 0 0 0
-7.094815 -0.172542 18.788620 -0.332886 -0.838103 0.432169 -0.865764 0.500401 -0.007204 0 0 0 0 0 0
-7.426834 -0.145550 18.546283 -0.333941 -0.418526 0.844583 -0.852265 0.438267 -0.285597 0 0 0 0 0 0
-7.758341 -0.244939 18.320796 -0.328361 0.156986 0.931415 -0.840865 0.213510 -0.497352 0 0 0 0 0 0
-8.087736 -0.458761 18.173783 -0.318803 0.664037 0.676328 -0.836267 -0.111428 -0.536881 0 0 0 0 0 0
-8.414502 -0.734575 18.172013 -0.309045 0.931107 0.193729 -0.839696 -0.400873 -0.366348 0 0 0 0 0 0
-8.739276 -0.969411 18.339949 -0.302081 0.889089 -0.343900 -0.848911 -0.525553 -0.056080 0 0 0 0 0 0
-9.063020 -1.058151 18.621394 -0.299687 0.565446 -0.768413 -0.860329 -0.440218 0.256987 0 0 0 0 0 0
-9.430118 -0.939932 18.764231 -0.310450 0.059697 -0.948713 -0.923931 -0.161503 0.346798 0 0 0 0 0 0
-9.893284 -1.110608 18.944319 -0.280705 -0.257641 -0.924568 -0.915544 -0.001142 0.402215 0 0 0 0 0 0
-9.963543 -1.152535 19.931845 -0.314994 0.686882 0.654959 -0.169576 0.543965 0.821794 0 0 0 0 0 0
-10.451190 -0.967652 21.893289 -0.325481 0.934697 0.142839 -0.875670 -0.415448 -0.246181 0 0 0 0 0 0
-10.781892 -1.120260 22.094816 -0.332886 0.838103 -0.432169 -0.865766 -0.500398 0.007205 0 0 0 0 0 0
-11.113912 -1.147254 22.337152 -0.333941 0.418526 -0.844583 -0.852265 -0.438269 0.285596 0 0 0 0 0 0
-11.445420 -1.047872 22.562640 -0.328361 -0.156980 -0.931416 -0.840866 -0.213507 0.497352 0 0 0 0 0 0
-11.774824 -0.834044 22.709651 -0.318804 -0.664036 -0.676328 -0.836275 0.111421 0.536870 0 0 0 0 0 0
-12.101581 -0.558226 22.711421 -0.309045 -0.931107 -0.193729 -0.839688 0.400885 0.366353 0 0 0 0 0 0
-12.426351 -0.323390 22.543487 -0.302087 -0.889088 0.343898 -0.848912 0.525551 0.056078 0 0 0 0 0 0
-12.750120 -0.234651 22.262043 -0.299681 -0.565447 0.768415 -0.860333 0.440213 -0.256980 0 0 0 0 0 0
-13.117585 -0.356212 22.138895 -0.314410 -0.059338 0.947431 -0.929866 0.154555 -0.333859 0 0 0 0 0 0
-13.580572 -0.178071 21.939927 -0.277220 0.259889 0.924990 -0.906724 0.018136 -0.421334 0 0 0 0 0 0
-13.754886 -0.645146 21.806550 -0.314969 0.686888 0.654965 -0.888925 -0.294287 -0.351010 0 0 0 0 0 0
-14.121755 -0.967648 21.893294 -0.325449 0.934708 0.142840 -0.875671 -0.415442 -0.246188 0 0 0 0 0 0
-14.452485 -1.120241 22.094805 -0.332893 0.838101 -0.432168 -0.865806 -0.500328 0.007193 0 0 0 0 0 0
-14.784573 -1.147258 22.337156 -0.333915 0.418530 -0.844591 -0.852254 -0.438290 0.285597 0 0 0 0 0 0
-15.115974 -1.047856 22.562643 -0.328348 -0.156981 -0.931421 -0.840834 -0.213514 0.497403 0 0 0 0 0 0
-15.256303 -0.833020 23.363020 -0.318816 0.664034 0.676325 -0.141509 0.623320 0.769056 0 0 0 0 0 0
-15.755747 -0.734576 25.230826 -0.308996 0.931123 0.193732 -0.839695 -0.400854 -0.366373 0 0 0 0 0 0
-16.080384 -0.969400 25.398789 -0.302069 0.889093 -0.343901 -0.848896 -0.525578 -0.056069 0 0 0 0 0 0
-16.404149 -1.058145 25.680217 -0.299705 0.565442 -0.768409 -0.860332 -0.440208 0.256992 0 0 0 0 0 0
-16.771273 -0.939934 25.823062 -0.310463 0.059697 -0.948709 -0.923924 -0.161502 0.346817 0 0 0 0 0 0
-17.236513 -1.112573 25.999279 -0.280678 -0.257647 -0.924574 -0.917242 -0.003148 0.398317 0 0 0 0 0 0
-17.412018 -0.651105 26.132026 -0.314957 -0.686891 -0.654968 -0.888362 0.296562 0.350520 0 0 0 0 0 0
-17.776686 -0.327194 26.044567 -0.325501 -0.934691 -0.142838 -0.875623 0.415544 0.246186 0 0 0 0 0 0
-18.107448 -0.174611 25.842967 -0.332882 -0.838075 0.432227 -0.865763 0.500402 -0.007236 0 0 0 0 0 0
-18.439496 -0.147592 25.600741 -0.333980 -0.418520 0.844570 -0.852292 0.438233 -0.285571 0 0 0 0 0 0
-18.771097 -0.246974 25.375239 -0.328348 0.156986 0.931420 -0.840883 0.213523 -0.497317 0 0 0 0 0 0
-19.100482 -0.460808 25.228232 -0.318753 0.664049 0.676340 -0.836276 -0.111393 -0.536875 0 0 0 0 0 0
-19.427116 -0.736650 25.226349 -0.309053 0.931091 0.193793 -0.839645 -0.400919 -0.366415 0 0 0 0 0 0
-19.751991 -0.971470 25.394410 -0.302068 0.889094 -0.343900 -0.848968 -0.525466 -0.056021 0 0 0 0 0 0
-20.075742 -1.060197 25.675847 -0.299645 0.565451 -0.768425 -0.860316 -0.440237 0.256995 0 0 0 0 0 0
-20.443157 -0.938632 25.798976 -0.314423 0.059333 -0.947427 -0.929868 -0.154551 0.333856 0 0 0 0 0 0
-20.906235 -1.116781 25.997829 -0.277245 -0.259905 -0.924978 -0.906777 -0.018106 0.421222 0 0 0 0 0 0
-21.080581 -0.649747 26.131342 -0.314957 -0.686891 -0.654968 -0.888902 0.294223 0.351122 0 0 0 0 0 0
-21.447274 -0.327194 26.044567 -0.325501 -0.934691 -0.142838 -0.875623 0.415544 0.246186 0 0 0 0 0 0
-21.778036 -0.174611 25.842967 -0.332882 -0.838075 0.432227 -0.865763 0.500402 -0.007236 0 0 0 0 0 0
-22.110085 -0.147592 25.600741 -0.333980 -0.418520 0.844570 -0.852292 0.438233 -0.285571 0 0 0 0 0 0
-22.441685 -0.246974 25.375239 -0.328348 0.156986 0.931420 -0.840883 0.213523 -0.497317 0 0 0 0 0 0
-22.771071 -0.460808 25.228232 -0.318753 0.664049 0.676340 -0.836276 -0.111393 -0.536875 0 0 0 0 0 0
-23.097705 -0.736650 25.226349 -0.309053 0.931091 0.193793 -0.839645 -0.400919 -0.366415 0 0 0 0 0 0
-23.790039 0.913033 25.021390 0.718178 0.000000 -0.695859 -0.112350 -0.409818 -0.905222 0 0 0 0 0 0
-20.485294 -0.000001 20.480000 0.000000 1.000000 0.000000 0.000000 0.000000 1.000000 0 0 0 0 0 0
-20.888824 -0.000001 20.340824 0.000000 1.000000 0.000000 0.000000 0.000000 1.000000 0 0 0 0 0 0
-21.340706 -0.000001 19.757647 0.000000 1.000000 0.000000 0.000000 0.000000 1.000000 0 0 0 0 0 0
-21.012353 -0.000001 19.097059 0.000000 1.000000 0.000000 0.000000 0.000000 1.000000 0 0 0 0 0 0
-24.090157 -0.232125 21.578797 0.757348 0.000000 -0.653011 0.240090 -0.245263 0.939257 0 0 0 0 0 0
-23.394496 -1.128013 22.546785 0.309054 0.931090 0.193794 0.862030 -0.434373 -0.261199 0 0 0 0 0 0
-22.843449 -1.227367 22.321100 0.318815 0.664036 0.676323 0.877095 -0.430102 -0.213813 0 0 0 0 0 0
-22.514100 -1.142337 22.066045 0.328326 0.156978 0.931429 0.874354 -0.254675 -0.413093 0 0 0 0 0 0
-22.182491 -0.943845 21.908658 0.334000 -0.418548 0.844548 0.865317 -0.002635 -0.501218 0 0 0 0 0 0
-21.849679 -0.702572 21.877539 0.332892 -0.838102 0.432166 0.852495 0.275620 -0.444169 0 0 0 0 0 0
-21.518115 -0.477247 21.973194 0.325501 -0.934690 -0.142838 0.841307 0.491641 -0.224704 0 0 0 0 0 0
-21.189128 -0.328593 22.183204 0.315020 -0.686876 -0.654954 0.836639 0.538635 0.099537 0 0 0 0 0 0
-20.750440 -0.234231 22.371240 0.277245 -0.259906 -0.924978 0.878204 0.386013 0.282402 0 0 0 0 0 0
-20.432994 -0.199672 22.489883 0.314336 0.059335 -0.947456 0.912876 -0.154408 0.377909 0 0 0 0 0 0
-20.148573 -0.591238 22.767659 0.299645 0.565454 -0.768424 0.859007 -0.140062 0.492433 0 0 0 0 0 0
-19.823989 -0.912889 22.769543 0.302122 0.889055 -0.343952 0.865717 -0.370629 0.336404 0 0 0 0 0 0
-19.499547 -1.146485 22.592485 0.309054 0.931090 0.193794 0.873684 -0.482794 0.059882 0 0 0 0 0 0
-19.172861 -1.227367 22.321100 0.318815 0.664036 0.676323 0.877095 -0.430102 -0.213813 0 0 0 0 0 0
-18.843512 -1.142337 22.066045 0.328326 0.156978 0.931429 0.874354 -0.254675 -0.413093 0 0 0 0 0 0
-18.511902 -0.943845 21.908658 0.334000 -0.418548 0.844548 0.865317 -0.002635 -0.501218 0 0 0 0 0 0
-18.298608 -1.432197 20.725785 0.332882 0.838075 -0.432227 0.173594 0.627706 -0.758848 0 0 0 0 0 0
-17.831023 -0.819709 18.901421 0.325501 0.934691 0.142838 0.841294 -0.491612 0.224817 0 0 0 0 0 0
-17.502030 -0.968316 18.691381 0.314957 0.686891 0.654968 0.836632 -0.538623 -0.099662 0 0 0 0 0 0
-17.062175 -1.051880 18.520522 0.280678 0.257647 0.924574 0.884431 -0.377736 -0.274039 0 0 0 0 0 0
-16.741600 -1.101113 18.390840 0.310463 -0.059697 0.948709 0.909308 0.140242 -0.391780 0 0 0 0 0 0
-16.463296 -0.700215 18.111742 0.299705 -0.565442 0.768409 0.859430 0.134679 -0.493195 0 0 0 0 0 0
-16.135827 -0.381995 18.109481 0.302069 -0.889093 0.343901 0.865775 0.370553 -0.336338 0 0 0 0 0 0
-15.811476 -0.148395 18.286399 0.308996 -0.931123 -0.193732 0.873686 0.482797 -0.059828 0 0 0 0 0 0
-15.484978 -0.067523 18.557912 0.318816 -0.664034 -0.676325 0.877051 0.430201 0.213795 0 0 0 0 0 0
-15.155439 -0.152506 18.812838 0.328348 -0.156987 -0.931420 0.874428 0.254611 0.412976 0 0 0 0 0 0
-14.823777 -0.350994 18.970405 0.333915 0.418530 -0.844591 0.865259 0.002653 0.501318 0 0 0 0 0 0
-14.491219 -0.592361 19.001470 0.332893 0.838101 -0.432168 0.852443 -0.275628 0.444264 0 0 0 0 0 0
-14.159573 -0.817605 18.905864 0.325502 0.934690 0.142838 0.841309 -0.491638 0.224703 0 0 0 0 0 0
-13.830614 -0.966263 18.695763 0.315019 0.686878 0.654952 0.836653 -0.538587 -0.099678 0 0 0 0 0 0
-13.391806 -1.060641 18.507705 0.277245 0.259908 0.924977 0.878254 -0.385963 -0.282316 0 0 0 0 0 0
-13.074459 -1.095129 18.389144 0.314403 -0.059340 0.947433 0.912858 0.154510 -0.377912 0 0 0 0 0 0
-12.789967 -0.703654 18.111246 0.299687 -0.565446 0.768413 0.858965 0.140002 -0.492522 0 0 0 0 0 0
-12.573779 -1.983732 17.305799 0.302087 0.889088 -0.343898 0.189599 0.521295 -0.832048 0 0 0 0 0 0
-12.157438 -1.144412 15.538214 0.309045 0.931107 0.193729 0.873686 -0.482799 0.059811 0 0 0 0 0 0
-11.830807 -1.225299 15.266714 0.318804 0.664036 0.676328 0.877071 -0.430181 -0.213755 0 0 0 0 0 0
-11.501421 -1.140281 15.011762 0.328361 0.156980 0.931416 0.874395 -0.254624 -0.413038 0 0 0 0 0 0
-11.169701 -0.941825 14.854210 0.333941 -0.418526 0.844583 0.865282 -0.002651 -0.501279 0 0 0 0 0 0
-10.837052 -0.700454 14.823130 0.332886 -0.838103 0.432169 0.852467 0.275589 -0.444242 0 0 0 0 0 0
-10.505435 -0.475193 14.918750 0.325481 -0.934696 -0.142846 0.841298 0.491644 -0.224730 0 0 0 0 0 0
-10.176477 -0.326554 15.128846 0.314989 -0.686870 -0.654975 0.836650 0.538599 0.099636 0 0 0 0 0 0
-9.736514 -0.242963 15.299591 0.280707 -0.257654 -0.924564 0.884454 0.377720 0.273987 0 0 0 0 0 0
-9.416998 -0.191756 15.433783 0.310457 0.059695 -0.948711 0.907977 -0.135151 0.396625 0 0 0 0 0 0
-9.138602 -0.592582 15.712867 0.299681 0.565447 -0.768415 0.859448 -0.134655 0.493170 0 0 0 0 0 0
-8.811227 -0.910818 15.715117 0.302087 0.889088 -0.343898 0.865754 -0.370596 0.336346 0 0 0 0 0 0
-8.486850 -1.144412 15.538214 0.309045 0.931107 0.193729 0.873686 -0.482799 0.059811 0 0 0 0 0 0
-8.160218 -1.225299 15.266714 0.318804 0.664036 0.676328 0.877071 -0.430181 -0.213755 0 0 0 0 0 0
-7.830833 -1.140281 15.011762 0.328361 0.156980 0.931416 0.874395 -0.254624 -0.413038 0 0 0 0 0 0
-7.499113 -0.941825 14.854210 0.333941 -0.418526 0.844583 0.865282 -0.002651 -0.501279 0 0 0 0 0 0
-7.285985 -1.430137 13.671334 0.332885 0.838101 -0.432175 0.173582 0.627718 -0.758840 0 0 0 0 0 0
-6.818356 -0.817612 11.847030 0.325483 0.934698 0.142832 0.841303 -0.491637 0.224730 0 0 0 0 0 0
-6.489383 -0.966258 11.636945 0.314985 0.686879 0.654967 0.836654 -0.538598 -0.099612 0 0 0 0 0 0
-6.050649 -1.060626 11.448927 0.277245 0.259908 0.924977 0.878242 -0.385973 -0.282341 0 0 0 0 0 0
-5.733291 -1.095134 11.330327 0.314401 -0.059340 0.947434 0.912843 0.154489 -0.377955 0 0 0 0 0 0
-5.448791 -0.703652 11.052437 0.299686 -0.565443 0.768416 0.858972 0.140016 -0.492507 0 0 0 0 0 0
-5.124127 -0.381981 11.050671 0.302080 -0.889087 0.343905 0.865754 0.370583 -0.336359 0 0 0 0 0 0
-4.799785 -0.148391 11.227612 0.309043 -0.931101 -0.193762 0.873674 0.482814 -0.059860 0 0 0 0 0 0
-4.473126 -0.067503 11.499066 0.318803 -0.664037 -0.676328 0.877079 0.430145 0.213792 0 0 0 0 0 0
-4.143754 -0.152519 11.754070 0.328354 -0.156983 -0.931418 0.874383 0.254632 0.413057 0 0 0 0 0 0
-3.801081 -0.349423 11.915616 0.333947 0.418534 -0.844576 0.869895 0.006842 0.493189 0 0 0 0 0 0
-3.465825 -0.594393 11.948764 0.332885 0.838101 -0.432175 0.852458 -0.275617 0.444241 0 0 0 0 0 0
-3.134203 -0.819670 11.853146 0.325482 0.934698 0.142832 0.841308 -0.491627 0.224729 0 0 0 0 0 0
-2.805241 -0.968305 11.643054 0.314987 0.686881 0.654965 0.836654 -0.538594 -0.099631 0 0 0 0 0 0
-2.366510 -1.062672 11.455027 0.277243 0.259903 0.924979 0.878236 -0.385982 -0.282345 0 0 0 0 0 0
-2.049145 -1.097199 11.336426 0.314399 -0.059332 0.947435 0.912843 0.154486 -0.377958 0 0 0 0 0 0
-1.764652 -0.705700 11.058536 0.299685 -0.565438 0.768420 0.858974 0.140022 -0.492501 0 0 0 0 0 0
-1.548451 -1.985777 10.253067 0.302082 0.889090 -0.343899 0.189601 0.521293 -0.832049 0 0 0 0 0 0
-1.132129 -1.146461 8.485454 0.309043 0.931101 0.193762 0.873673 -0.482815 0.059868 0 0 0 0 0 0
-0.805480 -1.227361 8.213987 0.318801 0.664036 0.676330 0.877071 -0.430160 -0.213797 0 0 0 0 0 0
-0.476099 -1.142342 7.958993 0.328355 0.156985 0.931418 0.874392 -0.254619 -0.413047 0 0 0 0 0 0
-0.144384 -0.943869 7.801498 0.333947 -0.418536 0.844575 0.865300 -0.002652 -0.501248 0 0 0 0 0 0
0.188275 -0.702526 7.770411 0.332883 -0.838102 0.432174 0.852469 0.275619 -0.444219 0 0 0 0 0 0
0.519889 -0.477241 7.866033 0.325482 -0.934697 -0.142839 0.841300 0.491634 -0.224745 0 0 0 0 0 0
0.848855 -0.328606 8.076105 0.314989 -0.686880 -0.654964 0.836655 0.538594 0.099627 0 0 0 0 0 0
1.288788 -0.245022 8.246929 0.280701 -0.257645 -0.924568 0.884433 0.377740 0.274028 0 0 0 0 0 0
1.608340 -0.193814 8.381064 0.310456 0.059697 -0.948711 0.907996 -0.135179 0.396573 0 0 0 0 0 0
1.886715 -0.594629 8.660127 0.299684 0.565440 -0.768419 0.859453 -0.134694 0.493150 0 0 0 0 0 0
2.214110 -0.912880 8.662375 0.302081 0.889090 -0.343899 0.865757 -0.370576 0.336361 0 0 0 0 0 0
2.538458 -1.146460 8.485454 0.309044 0.931101 0.193762 0.873674 -0.482814 0.059868 0 0 0 0 0 0
2.865113 -1.227362 8.213988 0.318801 0.664036 0.676330 0.877073 -0.430157 -0.213794 0 0 0 0 0 0
3.194487 -1.142341 7.958992 0.328356 0.156985 0.931417 0.874389 -0.254619 -0.413053 0 0 0 0 0 0
3.526201 -0.943868 7.801497 0.333947 -0.418536 0.844575 0.865298 -0.002651 -0.501251 0 0 0 0 0 0
3.739334 -1.432199 6.618618 0.332885 0.838101 -0.432175 0.173582 0.627721 -0.758838 0 0 0 0 0 0
4.206973 -0.819670 4.794323 0.325482 0.934698 0.142832 0.841308 -0.491627 0.224729 0 0 0 0 0 0
4.535936 -0.968305 4.584231 0.314987 0.686881 0.654965 0.836654 -0.538594 -0.099631 0 0 0 0 0 0
4.974667 -1.062672 4.396203 0.277243 0.259903 0.924979 0.878236 -0.385982 -0.282345 0 0 0 0 0 0
5.292032 -1.097199 4.277602 0.314399 -0.059332 0.947435 0.912843 0.154486 -0.377958 0 0 0 0 0 0
5.576524 -0.705700 3.999712 0.299685 -0.565438 0.768420 0.858974 0.140022 -0.492501 0 0 0 0 0 0
5.901188 -0.384029 3.997964 0.302080 -0.889090 0.343899 0.865756 0.370574 -0.336366 0 0 0 0 0 0
6.225533 -0.150448 4.174895 0.309043 -0.931101 -0.193762 0.873675 0.482815 -0.059847 0 0 0 0 0 0
6.552192 -0.069556 4.446356 0.318802 -0.664034 -0.676331 0.877077 0.430154 0.213784 0 0 0 0 0 0
6.881563 -0.154571 4.701357 0.328354 -0.156982 -0.931418 0.874384 0.254628 0.413059 0 0 0 0 0 0
7.213292 -0.353040 4.858840 0.333947 0.418534 -0.844576 0.865311 0.002643 0.501229 0 0 0 0 0 0
7.545940 -0.594393 4.889940 0.332885 0.838101 -0.432175 0.852458 -0.275617 0.444241 0 0 0 0 0 0
7.877562 -0.819670 4.794323 0.325482 0.934698 0.142832 0.841308 -0.491627 0.224729 0 0 0 0 0 0
8.206524 -0.968305 4.584231 0.314987 0.686881 0.654965 0.836654 -0.538594 -0.099631 0 0 0 0 0 0
8.646457 -1.051891 4.413410 0.280698 0.257646 0.924569 0.884432 -0.377741 -0.274027 0 0 0 0 0 0
8.967002 -1.101113 4.283714 0.310454 -0.059698 0.948712 0.909292 0.140249 -0.391815 0 0 0 0 0 0
9.245296 -0.700228 4.004645 0.299686 -0.565443 0.768416 0.859451 0.134688 -0.493157 0 0 0 0 0 0
9.464231 -1.983726 3.198661 0.302081 0.889090 -0.343899 0.189599 0.521295 -0.832048 0 0 0 0 0 0
9.880552 -1.144413 1.431050 0.309043 0.931101 0.193762 0.873672 -0.482817 0.059869 0 0 0 0 0 0
10.207207 -1.225300 1.159588 0.318803 0.664035 0.676330 0.877078 -0.430147 -0.213794 0 0 0 0 0 0
10.536580 -1.140281 0.904587 0.328354 0.156977 0.931419 0.874383 -0.254636 -0.413054 0 0 0 0 0 0
10.868309 -0.941821 0.747096 0.333947 -0.418534 0.844576 0.865307 -0.002645 -0.501235 0 0 0 0 0 0
11.200956 -0.700467 0.716005 0.332885 -0.838100 0.432175 0.852463 0.275625 -0.444227 0 0 0 0 0 0
11.532578 -0.475189 0.811624 0.325481 -0.934698 -0.142835 0.841307 0.491627 -0.224736 0 0 0 0 0 0
11.861541 -0.326552 1.021712 0.314986 -0.686879 -0.654967 0.836652 0.538599 0.099624 0 0 0 0 0 0
12.300273 -0.232183 1.209730 0.277244 -0.259905 -0.924979 0.878238 0.385979 0.282343 0 0 0 0 0 0
12.617634 -0.197665 1.328332 0.314400 0.059338 -0.947434 0.912843 -0.154486 0.377957 0 0 0 0 0 0
12.902130 -0.589155 1.606222 0.299685 0.565442 -0.768417 0.858972 -0.140017 0.492506 0 0 0 0 0 0
13.226793 -0.910824 1.607972 0.302081 0.889090 -0.343899 0.865757 -0.370580 0.336357 0 0 0 0 0 0
13.551140 -1.144413 1.431050 0.309043 0.931101 0.193762 0.873672 -0.482817 0.059869 0 0 0 0 0 0
13.877790 -1.225299 1.159589 0.318822 0.664030 0.676326 0.877083 -0.430137 -0.213795 0 0 0 0 0 0
14.207201 -1.140287 0.904578 0.328328 0.156979 0.931428 0.874371 -0.254655 -0.413069 0 0 0 0 0 0
14.538921 -0.941831 0.747110 0.333921 -0.418538 0.844584 0.865337 -0.002669 -0.501184 0 0 0 0 0 0
14.752025 -1.430146 -0.435786 0.332892 0.838099 -0.432172 0.173581 0.627720 -0.758840 0 0 0 0 0 0
15.219675 -0.817612 -2.260083 0.325502 0.934691 0.142833 0.841306 -0.491634 0.224724 0 0 0 0 0 0
15.548636 -0.966264 -2.470174 0.315017 0.686873 0.654958 0.836644 -0.538608 -0.099641 0 0 0 0 0 0
15.988595 -1.049841 -2.641005 0.280678 0.257643 0.924575 0.884421 -0.377760 -0.274038 0 0 0 0 0 0
16.308024 -1.101023 -2.775116 0.310467 -0.059697 0.948708 0.907977 0.135203 -0.396608 0 0 0 0 0 0
16.586545 -0.700250 -3.054181 0.299643 -0.565451 0.768427 0.859493 0.134629 -0.493099 0 0 0 0 0 0
16.913801 -0.381972 -3.056425 0.302068 -0.889091 0.343907 0.865723 0.370637 -0.336380 0 0 0 0 0 0
17.238346 -0.149215 -2.882475 0.308994 -0.931116 -0.193765 0.873017 0.483254 -0.065626 0 0 0 0 0 0
17.563871 -0.069573 -2.612450 0.318814 -0.664031 -0.676328 0.877050 0.430184 0.213832 0 0 0 0 0 0
17.893407 -0.154557 -2.357482 0.328341 -0.156983 -0.931423 0.874423 0.254618 0.412983 0 0 0 0 0 0
18.225069 -0.353054 -2.199975 0.333920 0.418537 -0.844585 0.865280 0.002638 0.501282 0 0 0 0 0 0
18.557633 -0.594400 -2.168901 0.332892 0.838100 -0.432171 0.852445 -0.275649 0.444248 0 0 0 0 0 0
18.889276 -0.819672 -2.264501 0.325501 0.934692 0.142831 0.841304 -0.491637 0.224724 0 0 0 0 0 0
19.218235 -0.968311 -2.474596 0.315017 0.686871 0.654959 0.836649 -0.538600 -0.099643 0 0 0 0 0 0
19.658177 -1.051900 -2.645416 0.280744 0.257642 0.924556 0.884436 -0.377725 -0.274039 0 0 0 0 0 0
19.978766 -1.101125 -2.775126 0.310467 -0.059697 0.948708 0.909289 0.140249 -0.391821 0 0 0 0 0 0
20.257133 -0.700250 -3.054181 0.299643 -0.565451 0.768427 0.859493 0.134629 -0.493099 0 0 0 0 0 0
20.475899 -1.983742 -3.860166 0.302129 0.889076 -0.343894 0.189599 0.521282 -0.832056 0 0 0 0 0 0
20.892344 -1.144425 -5.627762 0.309055 0.931097 0.193761 0.873672 -0.482817 0.059874 0 0 0 0 0 0
21.218995 -1.225303 -5.899221 0.318816 0.664033 0.676325 0.877098 -0.430119 -0.213769 0 0 0 0 0 0
21.548341 -1.140280 -6.154248 0.328342 0.156978 0.931423 0.874356 -0.254657 -0.413100 0 0 0 0 0 0
21.880110 -0.941837 -6.311717 0.333921 -0.418538 0.844585 0.865344 -0.002678 -0.501171 0 0 0 0 0 0
22.212693 -0.700460 -6.342804 0.332892 -0.838098 0.432174 0.852448 0.275656 -0.444237 0 0 0 0 0 0
22.544333 -0.475186 -6.247195 0.325500 -0.934691 -0.142838 0.841301 0.491636 -0.224736 0 0 0 0 0 0
22.873294 -0.326547 -6.037109 0.315017 -0.686870 -0.654961 0.836648 0.538601 0.099646 0 0 0 0 0 0
23.312154 -0.232158 -5.849103 0.277178 -0.259909 -0.924997 0.878251 0.386000 0.282276 0 0 0 0 0 0
23.629384 -0.197680 -5.730513 0.314355 0.059339 -0.947449 0.912847 -0.154490 0.377947 0 0 0 0 0 0
23.913881 -0.589162 -5.452614 0.299643 0.565451 -0.768427 0.858960 -0.140017 0.492526 0 0 0 0 0 0
24.238440 -0.910825 -5.450872 0.302129 0.889076 -0.343894 0.865745 -0.370623 0.336340 0 0 0 0 0 0
24.547213 -1.152265 -5.614581 0.309055 0.931096 0.193767 0.857806 -0.505667 0.092034 0 0 0 0 0 0
24.868421 -1.225307 -5.876462 0.318815 0.664030 0.676329 0.877030 -0.430213 -0.213857 0 0 0 0 0 0
25.197878 -1.140297 -6.131430 0.328342 0.156978 0.931423 0.874422 -0.254623 -0.412982 0 0 0 0 0 0
25.529521 -0.941811 -6.288926 0.333986 -0.418527 0.844564 0.865299 -0.002609 -0.501249 0 0 0 0 0 0
25.729233 -1.429267 -7.513752 0.332892 0.838099 -0.432173 0.170130 0.624614 -0.762177 0 0 0 0 0 0
26.201228 -0.817612 -9.339491 0.325502 0.934691 0.142831 0.841307 -0.491634 0.224719 0 0 0 0 0 0
26.530208 -0.966270 -9.549588 0.314953 0.686887 0.654974 0.836616 -0.538656 -0.099615 0 0 0 0 0 0
26.970067 -1.049820 -9.720393 0.280678 0.257643 0.924575 0.884442 -0.377725 -0.274020 0 0 0 0 0 0
27.289574 -1.101024 -9.854536 0.310467 -0.059697 0.948708 0.907973 0.135197 -0.396618 0 0 0 0 0 0
27.568098 -0.700251 -10.133602 0.299642 -0.565448 0.768429 0.859494 0.134637 -0.493095 0 0 0 0 0 0
27.895352 -0.381969 -10.135830 0.302068 -0.889091 0.343907 0.865728 0.370637 -0.336367 0 0 0 0 0 0
28.928833 -0.911796 -10.482785 -0.920592 0.000000 0.390526 -0.418991 0.851356 0.315658 0 0 0 0 0 0
24.297059 0.000000 -9.019871 0.000000 1.000000 0.000000 0.000000 0.000000 1.000000 0 0 0 0 0 0
24.700706 0.000000 -9.159047 0.000000 1.000000 0.000000 0.000000 0.000000 1.000000 0 0 0 0 0 0
25.152471 0.000000 -9.742188 0.000000 1.000000 0.000000 0.000000 0.000000 1.000000 0 0 0 0 0 0
24.824118 0.000000 -10.402824 0.000000 1.000000 0.000000 0.000000 0.000000 1.000000 0 0 0 0 0 0
28.222534 0.547998 -12.647453 -0.896666 0.000000 0.442708 -0.071445 -0.764010 0.641236 0 0 0 0 0 0
28.158204 -0.335645 -12.792146 -0.302068 -0.889093 0.343900 -0.852972 0.442835 -0.276289 0 0 0 0 0 0
27.619763 -0.234660 -12.998795 -0.299702 -0.565437 0.768414 -0.860329 0.440209 -0.257004 0 0 0 0 0 0
27.252625 -0.352873 -13.141581 -0.310467 -0.059696 0.948708 -0.923942 0.161484 -0.346776 0 0 0 0 0 0
26.789457 -0.182190 -13.321689 -0.280688 0.257655 0.924569 -0.915532 0.001188 -0.402242 0 0 0 0 0 0
26.612871 -0.643734 -13.454947 -0.314960 0.686897 0.654960 -0.888359 -0.296571 -0.350520 0 0 0 0 0 0
26.248061 -0.967635 -13.367512 -0.325436 0.934713 0.142841 -0.875673 -0.415448 -0.246171 0 0 0 0 0 0
25.917491 -1.120250 -13.165938 -0.332891 0.838096 -0.432180 -0.865728 -0.500463 0.007248 0 0 0 0 0 0
25.585414 -1.147255 -12.923673 -0.333984 0.418525 -0.844566 -0.852284 -0.438238 0.285585 0 0 0 0 0 0
25.253793 -1.047890 -12.698169 -0.328342 -0.156978 -0.931423 -0.840878 -0.213525 0.497325 0 0 0 0 0 0
24.924436 -0.834043 -12.551186 -0.318815 -0.664030 -0.676329 -0.836309 0.111415 0.536818 0 0 0 0 0 0
24.597707 -0.558193 -12.549348 -0.309055 -0.931096 -0.193767 -0.839631 0.400953 0.366410 0 0 0 0 0 0
24.295979 -0.324989 -12.737792 -0.302129 -0.889076 0.343894 -0.841876 0.539332 0.019111 0 0 0 0 0 0
23.970123 -0.234631 -13.021565 -0.299643 -0.565451 0.768427 -0.860361 0.440193 -0.256922 0 0 0 0 0 0
23.602753 -0.356221 -13.144716 -0.314355 -0.059339 0.947449 -0.929868 0.154560 -0.333850 0 0 0 0 0 0
23.139771 -0.178085 -13.343585 -0.277178 0.259909 0.924997 -0.906762 0.018144 -0.421252 0 0 0 0 0 0
22.965577 -0.645131 -13.477105 -0.315014 0.686864 0.654969 -0.888872 -0.294317 -0.351117 0 0 0 0 0 0
22.598614 -0.967647 -13.390245 -0.325502 0.934696 0.142803 -0.875694 -0.415453 -0.246084 0 0 0 0 0 0
22.267856 -1.120260 -13.188790 -0.332896 0.838109 -0.432150 -0.865781 -0.500371 0.007247 0 0 0 0 0 0
21.935843 -1.147251 -12.946444 -0.333929 0.418548 -0.844576 -0.852270 -0.438275 0.285571 0 0 0 0 0 0
21.604322 -1.047876 -12.720977 -0.328342 -0.156978 -0.931423 -0.840898 -0.213518 0.497293 0 0 0 0 0 0
21.275007 -0.834011 -12.573980 -0.318816 -0.664033 -0.676325 -0.836233 0.111478 0.536923 0 0 0 0 0 0
20.948169 -0.558227 -12.572130 -0.309055 -0.931097 -0.193761 -0.839708 0.400837 0.366360 0 0 0 0 0 0
20.623477 -0.323381 -12.740157 -0.302129 -0.889076 0.343894 -0.848900 0.525575 0.056030 0 0 0 0 0 0
20.299535 -0.234631 -13.021565 -0.299643 -0.565451 0.768427 -0.860361 0.440193 -0.256922 0 0 0 0 0 0
19.932543 -0.352887 -13.164368 -0.310402 -0.059697 0.948729 -0.923945 0.161499 -0.346762 0 0 0 0 0 0
19.469991 -0.183567 -13.348084 -0.280684 0.257651 0.924571 -0.914622 -0.000104 -0.404309 0 0 0 0 0 0
19.291884 -0.645793 -13.482193 -0.314957 0.686891 0.654968 -0.888360 -0.296577 -0.350511 0 0 0 0 0 0
18.927074 -0.969692 -13.394751 -0.325436 0.934710 0.142856 -0.875679 -0.415444 -0.246157 0 0 0 0 0 0
18.596366 -1.122304 -13.193176 -0.332823 0.838112 -0.432201 -0.865770 -0.500391 0.007165 0 0 0 0 0 0
18.264349 -1.149300 -12.950906 -0.333914 0.418533 -0.844590 -0.852287 -0.438245 0.285566 0 0 0 0 0 0
17.932876 -1.049903 -12.725391 -0.328343 -0.156986 -0.931421 -0.840830 -0.213516 0.497410 0 0 0 0 0 0
17.792547 -0.835073 -11.924972 -0.318814 0.664031 0.676328 -0.141509 0.623313 0.769062 0 0 0 0 0 0
17.293093 -0.736640 -10.057215 -0.308994 0.931116 0.193765 -0.839689 -0.400849 -0.366392 0 0 0 0 0 0
16.969829 -0.968848 -9.885705 -0.302068 0.889091 -0.343907 -0.850182 -0.524241 -0.048593 0 0 0 0 0 0
16.645529 -1.058151 -9.603345 -0.299643 0.565451 -0.768427 -0.860310 -0.440244 0.257006 0 0 0 0 0 0
16.278491 -0.939917 -9.460566 -0.310467 0.059697 -0.948708 -0.923951 -0.161473 0.346757 0 0 0 0 0 0
15.815251 -1.110622 -9.280386 -0.280678 -0.257643 -0.924575 -0.915514 -0.001192 0.402283 0 0 0 0 0 0
15.638807 -0.649024 -9.147145 -0.315016 -0.686872 -0.654960 -0.888314 0.296672 0.350549 0 0 0 0 0 0
15.273942 -0.325155 -9.234625 -0.325502 -0.934691 -0.142831 -0.875682 0.415457 0.246124 0 0 0 0 0 0
14.943210 -0.172542 -9.436152 -0.332892 -0.838099 0.432173 -0.865772 0.500387 -0.007214 0 0 0 0 0 0
14.611205 -0.145550 -9.678469 -0.333984 -0.418525 0.844566 -0.852283 0.438238 -0.285589 0 0 0 0 0 0
14.279581 -0.244920 -9.903972 -0.328335 0.156984 0.931425 -0.840874 0.213532 -0.497327 0 0 0 0 0 0
13.950361 -0.458789 -10.050943 -0.318835 0.664029 0.676320 -0.836244 -0.111484 -0.536905 0 0 0 0 0 0
13.623454 -0.734579 -10.052806 -0.309037 0.931103 0.193762 -0.839708 -0.400826 -0.366372 0 0 0 0 0 0
13.298762 -0.969414 -9.884774 -0.302086 0.889086 -0.343905 -0.848913 -0.525551 -0.056067 0 0 0 0 0 0
12.974975 -1.058155 -9.603352 -0.299686 0.565443 -0.768416 -0.860332 -0.440209 0.256992 0 0 0 0 0 0
12.607497 -0.936597 -9.480206 -0.314408 0.059340 -0.947432 -0.929869 -0.154549 0.333854 0 0 0 0 0 0
12.144514 -1.114717 -9.281332 -0.277243 -0.259906 -0.924978 -0.906758 -0.018126 0.421261 0 0 0 0 0 0
12.075434 -1.153308 -8.292776 -0.314985 0.686877 0.654968 -0.169883 0.544156 0.821604 0 0 0 0 0 0
11.586838 -0.967652 -6.331482 -0.325481 0.934697 0.142839 -0.875678 -0.415458 -0.246136 0 0 0 0 0 0
11.256115 -1.120255 -6.129944 -0.332885 0.838100 -0.432175 -0.865774 -0.500383 0.007223 0 0 0 0 0 0
10.924091 -1.147253 -5.887639 -0.333947 0.418533 -0.844576 -0.852268 -0.438267 0.285588 0 0 0 0 0 0
10.592580 -1.047875 -5.662139 -0.328354 -0.156977 -0.931419 -0.840864 -0.213516 0.497352 0 0 0 0 0 0
10.263192 -0.834032 -5.515154 -0.318804 -0.664036 -0.676328 -0.836278 0.111432 0.536862 0 0 0 0 0 0
9.936412 -0.558220 -5.513314 -0.309043 -0.931101 -0.193762 -0.839685 0.400868 0.366379 0 0 0 0 0 0
9.611662 -0.323386 -5.681324 -0.302081 -0.889090 0.343899 -0.848918 0.525543 0.056059 0 0 0 0 0 0
9.287905 -0.234654 -5.962761 -0.299686 -0.565443 0.768416 -0.860328 0.440216 -0.256993 0 0 0 0 0 0
8.920798 -0.352875 -6.105550 -0.310454 -0.059696 0.948712 -0.923946 0.161491 -0.346764 0 0 0 0 0 0
8.458180 -0.183539 -6.289317 -0.280698 0.257645 0.924569 -0.914624 -0.000077 -0.404306 0 0 0 0 0 0
8.280131 -0.645808 -6.423386 -0.314987 0.686880 0.654965 -0.888356 -0.296611 -0.350494 0 0 0 0 0 0
7.915331 -0.969695 -6.335905 -0.325482 0.934697 0.142839 -0.875680 -0.415460 -0.246126 0 0 0 0 0 0
7.584609 -1.122316 -6.134363 -0.332884 0.838101 -0.432173 -0.865769 -0.500391 0.007219 0 0 0 0 0 0
7.252574 -1.149314 -5.892059 -0.333947 0.418536 -0.844575 -0.852277 -0.438257 0.285579 0 0 0 0 0 0
6.921074 -1.049917 -5.666568 -0.328356 -0.156985 -0.931417 -0.840860 -0.213515 0.497358 0 0 0 0 0 0
6.780768 -0.835072 -4.866146 -0.318802 0.664034 0.676331 -0.141496 0.623314 0.769063 0 0 0 0 0 0
6.281398 -0.736639 -2.998382 -0.309043 0.931101 0.193762 -0.839690 -0.400869 -0.366367 0 0 0 0 0 0
5.956643 -0.971478 -2.830385 -0.302080 0.889090 -0.343899 -0.848913 -0.525549 -0.056080 0 0 0 0 0 0
5.632892 -1.060198 -2.548941 -0.299685 0.565438 -0.768420 -0.860328 -0.440213 0.256999 0 0 0 0 0 0
5.265387 -0.938650 -2.425807 -0.314399 0.059332 -0.947435 -0.929870 -0.154561 0.333844 0 0 0 0 0 0
4.802424 -1.116774 -2.226930 -0.277243 -0.259903 -0.924979 -0.906754 -0.018115 0.421271 0 0 0 0 0 0
4.628085 -0.649742 -2.093430 -0.314986 -0.686879 -0.654966 -0.888901 0.294259 0.351094 0 0 0 0 0 0
4.261234 -0.327212 -2.180229 -0.325482 -0.934698 -0.142832 -0.875679 0.415456 0.246136 0 0 0 0 0 0
3.930507 -0.174602 -2.381752 -0.332886 -0.838102 0.432172 -0.865772 0.500387 -0.007220 0 0 0 0 0 0
3.598489 -0.147604 -2.624072 -0.333946 -0.418533 0.844577 -0.852267 0.438267 -0.285594 0 0 0 0 0 0
3.266975 -0.246990 -2.849560 -0.328354 0.156982 0.931418 -0.840867 0.213513 -0.497347 0 0 0 0 0 0
2.937585 -0.460824 -2.996559 -0.318802 0.664034 0.676331 -0.836274 -0.111431 -0.536869 0 0 0 0 0 0
2.610809 -0.736639 -2.998382 -0.309043 0.931101 0.193762 -0.839690 -0.400869 -0.366367 0 0 0 0 0 0
2.286055 -0.971478 -2.830385 -0.302080 0.889090 -0.343899 -0.848913 -0.525549 -0.056080 0 0 0 0 0 0
1.962304 -1.060198 -2.548941 -0.299685 0.565438 -0.768420 -0.860328 -0.440213 0.256999 0 0 0 0 0 0
1.595192 -0.941979 -2.406165 -0.310455 0.059691 -0.948712 -0.923948 -0.161493 0.346757 0 0 0 0 0 0
1.132042 -1.112678 -2.225991 -0.280699 -0.257646 -0.924568 -0.915507 -0.001198 0.402299 0 0 0 0 0 0
1.061766 -1.154585 -1.238572 -0.314989 0.686878 0.654967 -0.169577 0.543974 0.821788 0 0 0 0 0 0
0.574148 -0.969697 0.722923 -0.325482 0.934698 0.142835 -0.875681 -0.415453 -0.246132 0 0 0 0 0 0
0.243430 -1.122316 0.924455 -0.332883 0.838102 -0.432174 -0.865765 -0.500398 0.007217 0 0 0 0 0 0
-0.088596 -1.149314 1.166764 -0.333946 0.418536 -0.844575 -0.852274 -0.438258 0.285586 0 0 0 0 0 0
-0.420103 -1.049918 1.392254 -0.328354 -0.156985 -0.931418 -0.840863 -0.213515 0.497354 0 0 0 0 0 0
-0.749495 -0.836092 1.539251 -0.318802 -0.664037 -0.676329 -0.836275 0.111427 0.536869 0 0 0 0 0 0
-1.076272 -0.560272 1.541089 -0.309043 -0.931101 -0.193762 -0.839684 0.400869 0.366381 0 0 0 0 0 0
-1.401018 -0.325439 1.373080 -0.302082 -0.889090 0.343899 -0.848916 0.525547 0.056058 0 0 0 0 0 0
-1.724777 -0.236706 1.091638 -0.299685 -0.565441 0.768417 -0.860327 0.440217 -0.256994 0 0 0 0 0 0
-2.092278 -0.358260 0.968503 -0.314400 -0.059338 0.947434 -0.929873 0.154551 -0.333843 0 0 0 0 0 0
-2.555240 -0.180144 0.769625 -0.277244 0.259905 0.924979 -0.906753 0.018120 -0.421273 0 0 0 0 0 0
-2.729582 -0.647166 0.636126 -0.314986 0.686878 0.654967 -0.888901 -0.294263 -0.351091 0 0 0 0 0 0
-3.096432 -0.969698 0.722924 -0.325482 0.934698 0.142835 -0.875680 -0.415456 -0.246133 0 0 0 0 0 0
-3.427157 -1.122315 0.924454 -0.332884 0.838101 -0.432174 -0.865768 -0.500393 0.007216 0 0 0 0 0 0
-3.759190 -1.149314 1.166763 -0.333946 0.418536 -0.844575 -0.852276 -0.438255 0.285582 0 0 0 0 0 0
-4.102858 -1.050029 1.384075 -0.328354 -0.156977 -0.931419 -0.850400 -0.207830 0.483350 0 0 0 0 0 0
-4.244549 -0.833013 2.186576 -0.318803 0.664037 0.676328 -0.141497 0.623315 0.769063 0 0 0 0 0 0
-4.743923 -0.734584 4.054326 -0.309043 0.931101 0.193762 -0.839685 -0.400869 -0.366379 0 0 0 0 0 0
-5.068672 -0.969415 4.222338 -0.302080 0.889087 -0.343905 -0.848916 -0.525545 -0.056073 0 0 0 0 0 0
-5.392430 -1.058153 4.503766 -0.299686 0.565443 -0.768416 -0.860327 -0.440215 0.256999 0 0 0 0 0 0
-5.759930 -0.936600 4.626906 -0.314401 0.059340 -0.947434 -0.929873 -0.154552 0.333843 0 0 0 0 0 0
-6.222891 -1.114711 4.825782 -0.277245 -0.259908 -0.924977 -0.906753 -0.018125 0.421272 0 0 0 0 0 0
-6.397234 -0.647695 4.959289 -0.314985 -0.686879 -0.654967 -0.888898 0.294265 0.351096 0 0 0 0 0 0
-6.764094 -0.325162 4.872483 -0.325483 -0.934698 -0.142832 -0.875688 0.415445 0.246123 0 0 0 0 0 0
-7.094813 -0.172546 4.670956 -0.332885 -0.838101 0.432175 -0.865764 0.500401 -0.007220 0 0 0 0 0 0
-7.426843 -0.145550 4.428654 -0.333947 -0.418534 0.844576 -0.852276 0.438258 -0.285579 0 0 0 0 0 0
-7.758343 -0.244938 4.203149 -0.328354 0.156983 0.931418 -0.840855 0.213520 -0.497365 0 0 0 0 0 0
-8.087732 -0.458770 4.056165 -0.318803 0.664037 0.676328 -0.836279 -0.111433 -0.536862 0 0 0 0 0 0
-8.414511 -0.734584 4.054326 -0.309043 0.931101 0.193762 -0.839685 -0.400869 -0.366379 0 0 0 0 0 0
-8.739261 -0.969415 4.222338 -0.302080 0.889087 -0.343905 -0.848916 -0.525545 -0.056073 0 0 0 0 0 0
-9.063018 -1.058153 4.503766 -0.299686 0.565443 -0.768416 -0.860327 -0.440215 0.256999 0 0 0 0 0 0
-9.430124 -0.939930 4.646561 -0.310454 0.059698 -0.948712 -0.923946 -0.161487 0.346764 0 0 0 0 0 0
-9.893273 -1.110616 4.826721 -0.280705 -0.257641 -0.924568 -0.915514 -0.001182 0.402283 0 0 0 0 0 0
-9.963555 -1.152529 5.814140 -0.314992 0.686876 0.654967 -0.169577 0.543973 0.821789 0 0 0 0 0 0
-10.451182 -0.967651 7.775630 -0.325481 0.934697 0.142839 -0.875682 -0.415449 -0.246136 0 0 0 0 0 0
-10.781887 -1.120256 7.977175 -0.332885 0.838100 -0.432175 -0.865767 -0.500395 0.007227 0 0 0 0 0 0
-11.113921 -1.147253 8.219473 -0.333947 0.418533 -0.844576 -0.852275 -0.438260 0.285579 0 0 0 0 0 0
-11.445422 -1.047873 8.444979 -0.328354 -0.156977 -0.931419 -0.840856 -0.213517 0.497365 0 0 0 0 0 0
-11.774821 -0.834035 8.591961 -0.318804 -0.664036 -0.676328 -0.836286 0.111426 0.536851 0 0 0 0 0 0
-12.101590 -0.558217 8.593799 -0.309043 -0.931101 -0.193762 -0.839677 0.400880 0.366385 0 0 0 0 0 0
-12.426336 -0.323387 8.425790 -0.302086 -0.889086 0.343904 -0.848917 0.525544 0.056071 0 0 0 0 0 0
-12.750118 -0.234650 8.144363 -0.299680 -0.565444 0.768417 -0.860332 0.440209 -0.256993 0 0 0 0 0 0
-13.117587 -0.356211 8.021220 -0.314408 -0.059338 0.947432 -0.929870 0.154551 -0.333851 0 0 0 0 0 0
-13.580580 -0.178086 7.822343 -0.277238 0.259906 0.924980 -0.906757 0.018126 -0.421263 0 0 0 0 0 0
-13.754900 -0.645115 7.688839 -0.314966 0.686882 0.654973 -0.888891 -0.294275 -0.351104 0 0 0 0 0 0
-14.121748 -0.967648 7.775636 -0.325449 0.934708 0.142840 -0.875683 -0.415443 -0.246143 0 0 0 0 0 0
-14.452481 -1.120237 7.977164 -0.332892 0.838098 -0.432174 -0.865808 -0.500325 0.007215 0 0 0 0 0 0
-14.784582 -1.147257 8.219477 -0.333921 0.418538 -0.844585 -0.852264 -0.438281 0.285579 0 0 0 0 0 0
-15.115976 -1.047856 8.444982 -0.328342 -0.156978 -0.931423 -0.840824 -0.213524 0.497416 0 0 0 0 0 0
-15.256299 -0.833014 9.245398 -0.318816 0.664034 0.676325 -0.141510 0.623314 0.769061 0 0 0 0 0 0
-15.755757 -0.734585 11.113140 -0.308994 0.931117 0.193765 -0.839683 -0.400849 -0.366405 0 0 0 0 0 0
-16.080369 -0.969403 11.281177 -0.302068 0.889091 -0.343907 -0.848901 -0.525570 -0.056063 0 0 0 0 0 0
-16.404147 -1.058146 11.562589 -0.299704 0.565440 -0.768411 -0.860330 -0.440205 0.257005 0 0 0 0 0 0
-16.771279 -0.939932 11.705392 -0.310467 0.059697 -0.948708 -0.923939 -0.161487 0.346784 0 0 0 0 0 0
-17.236509 -1.112578 11.881642 -0.280678 -0.257647 -0.924574 -0.917227 -0.003167 0.398352 0 0 0 0 0 0
-17.412020 -0.651109 12.014380 -0.314954 -0.686885 -0.654976 -0.888365 0.296588 0.350489 0 0 0 0 0 0
-17.776676 -0.327197 11.926862 -0.325501 -0.934692 -0.142831 -0.875637 0.415544 0.246135 0 0 0 0 0 0
-18.107472 -0.174596 11.725367 -0.332892 -0.838099 0.432173 -0.865772 0.500387 -0.007213 0 0 0 0 0 0
-18.439477 -0.147603 11.483052 -0.333986 -0.418528 0.844564 -0.852285 0.438232 -0.285592 0 0 0 0 0 0
-18.771100 -0.246974 11.257548 -0.328341 0.156983 0.931423 -0.840876 0.213529 -0.497325 0 0 0 0 0 0
-19.100479 -0.460817 11.110572 -0.318753 0.664049 0.676340 -0.836287 -0.111398 -0.536856 0 0 0 0 0 0
-19.427107 -0.736641 11.108756 -0.309055 0.931097 0.193761 -0.839657 -0.400924 -0.366383 0 0 0 0 0 0
-19.752011 -0.971473 11.276724 -0.302067 0.889092 -0.343906 -0.848950 -0.525488 -0.056097 0 0 0 0 0 0
-20.075741 -1.060197 11.558178 -0.299642 0.565446 -0.768431 -0.860312 -0.440242 0.257001 0 0 0 0 0 0
-20.443159 -0.938634 11.681299 -0.314419 0.059332 -0.947428 -0.929871 -0.154544 0.333850 0 0 0 0 0 0
-20.906227 -1.116784 11.880192 -0.277243 -0.259903 -0.924979 -0.906762 -0.018125 0.421253 0 0 0 0 0 0
-20.975203 -1.155362 12.868745 -0.315024 0.686885 0.654942 -0.169880 0.544164 0.821600 0 0 0 0 0 0
-21.463859 -0.969674 14.830003 -0.325500 0.934687 0.142866 -0.875692 -0.415497 -0.246020 0 0 0 0 0 0
-21.794565 -1.122326 15.031623 -0.332889 0.838094 -0.432184 -0.865766 -0.500398 0.007178 0 0 0 0 0 0
-22.126599 -1.149314 15.273834 -0.333994 0.418541 -0.844554 -0.852302 -0.438220 0.285558 0 0 0 0 0 0
-22.458197 -1.049945 15.499435 -0.328326 -0.156978 -0.931429 -0.840838 -0.213560 0.497377 0 0 0 0 0 0
-22.787434 -0.836050 15.646305 -0.318815 -0.664036 -0.676323 -0.836279 0.111522 0.536842 0 0 0 0 0 0
-23.114287 -0.560274 15.648226 -0.309054 -0.931090 -0.193794 -0.839698 0.400834 0.366387 0 0 0 0 0 0
-23.438808 -0.322611 15.483324 -0.302068 -0.889093 0.343900 -0.846611 0.528436 0.063282 0 0 0 0 0 0
-23.761842 -0.234660 15.203217 -0.299705 -0.565442 0.768409 -0.860334 0.440204 -0.256994 0 0 0 0 0 0
-24.129350 -0.356208 15.080062 -0.314423 -0.059338 0.947427 -0.929858 0.154555 -0.333881 0 0 0 0 0 0
-24.592343 -0.178074 14.881164 -0.277236 0.259897 0.924983 -0.906753 0.018124 -0.421273 0 0 0 0 0 0
-24.766696 -0.645126 14.747663 -0.314951 0.686879 0.654984 -0.888909 -0.294240 -0.351090 0 0 0 0 0 0
-25.133526 -0.967655 14.834470 -0.325436 0.934712 0.142848 -0.875686 -0.415433 -0.246148 0 0 0 0 0 0
-25.464234 -1.120239 15.035991 -0.332893 0.838101 -0.432168 -0.865799 -0.500341 0.007207 0 0 0 0 0 0
-25.796338 -1.147258 15.278333 -0.333915 0.418530 -0.844591 -0.852254 -0.438290 0.285597 0 0 0 0 0 0
-26.127739 -1.047856 15.503820 -0.328348 -0.156981 -0.931421 -0.840834 -0.213514 0.497403 0 0 0 0 0 0
-26.297833 -0.833926 16.289913 -0.318753 0.664049 0.676340 -0.149162 0.624039 0.767024 0 0 0 0 0 0
-26.799916 -0.734598 18.157643 -0.309053 0.931091 0.193793 -0.839645 -0.400920 -0.366415 0 0 0 0 0 0
-27.124816 -0.969434 18.325603 -0.302069 0.889093 -0.343901 -0.848938 -0.525494 -0.056219 0 0 0 0 0 0
-27.448519 -1.058149 18.607106 -0.299630 0.565425 -0.768451 -0.860286 -0.440270 0.257043 0 0 0 0 0 0
-27.815588 -0.939927 18.749818 -0.310463 0.059697 -0.948709 -0.923974 -0.161428 0.346716 0 0 0 0 0 0
-28.280749 -1.112524 18.926068 -0.280763 -0.257659 -0.924545 -0.917188 -0.003123 0.398442 0 0 0 0 0 0
-28.456331 -0.651147 19.058828 -0.315020 -0.686876 -0.654953 -0.888348 0.296632 0.350495 0 0 0 0 0 0
-28.821127 -0.327204 18.971376 -0.325501 -0.934691 -0.142838 -0.875667 0.415455 0.246179 0 0 0 0 0 0
-29.151850 -0.174592 18.769850 -0.332893 -0.838101 0.432168 -0.865772 0.500387 -0.007197 0 0 0 0 0 0
-29.483867 -0.147599 18.527502 -0.333915 -0.418530 0.844591 -0.852254 0.438290 -0.285597 0 0 0 0 0 0
-29.815247 -0.247007 18.302024 -0.328412 0.156982 0.931398 -0.840857 0.213475 -0.497380 0 0 0 0 0 0
-30.144781 -0.460809 18.154989 -0.318816 0.664034 0.676325 -0.836273 -0.111417 -0.536874 0 0 0 0 0 0
-30.471540 -0.736621 18.153229 -0.309057 0.931103 0.193728 -0.839720 -0.400841 -0.366328 0 0 0 0 0 0
-30.796275 -0.971485 18.321183 -0.302068 0.889094 -0.343900 -0.848867 -0.525623 -0.056078 0 0 0 0 0 0
-31.119959 -1.060192 18.602619 -0.299706 0.565440 -0.768410 -0.860337 -0.440198 0.256994 0 0 0 0 0 0
-31.487468 -0.938647 18.725772 -0.314423 0.059333 -0.947427 -0.929857 -0.154564 0.333881 0 0 0 0 0 0
-31.950470 -1.116781 18.924605 -0.277245 -0.259905 -0.924978 -0.906777 -0.018106 0.421222 0 0 0 0 0 0
-32.124796 -0.649751 19.058114 -0.315020 -0.686876 -0.654953 -0.888913 0.294213 0.351102 0 0 0 0 0 0
-32.491715 -0.327204 18.971376 -0.325501 -0.934691 -0.142838 -0.875667 0.415455 0.246179 0 0 0 0 0 0
-32.822438 -0.174592 18.769850 -0.332893 -0.838101 0.432168 -0.865772 0.500387 -0.007197 0 0 0 0 0 0
-33.154455 -0.147599 18.527502 -0.333915 -0.418530 0.844591 -0.852254 0.438290 -0.285597 0 0 0 0 0 0
-33.485835 -0.247007 18.302024 -0.328412 0.156982 0.931398 -0.840857 0.213475 -0.497380 0 0 0 0 0 0
-33.815369 -0.460809 18.154989 -0.318816 0.664034 0.676325 -0.836273 -0.111417 -0.536874 0 0 0 0 0 0
-34.142128 -0.736621 18.153229 -0.309057 0.931103 0.193728 -0.839720 -0.400841 -0.366328 0 0 0 0 0 0
-34.865578 0.935707 17.902808 0.907807 0.000000 -0.419388 0.143159 -0.564594 -0.812858 0 0 0 0 0 0
-29.688824 -0.000001 14.585647 0.000000 1.000000 0.000000 0.000000 0.000000 1.000000 0 0 0 0 0 0
-30.092471 -0.000001 14.446471 0.000000 1.000000 0.000000 0.000000 0.000000 1.000000 0 0 0 0 0 0
-30.544235 -0.000001 13.863412 0.000000 1.000000 0.000000 0.000000 0.000000 1.000000 0 0 0 0 0 0
-30.215882 -0.000001 13.202706 0.000000 1.000000 0.000000 0.000000 0.000000 1.000000 0 0 0 0 0 0
-34.865081 -0.274716 14.678262 0.930213 0.000000 -0.367021 0.150440 -0.311885 0.938134 0 0 0 0 0 0
-34.438857 -1.128083 15.473581 0.308997 0.931122 0.193733 0.862032 -0.434415 -0.261122 0 0 0 0 0 0
-33.887895 -1.227343 15.247925 0.318815 0.664036 0.676323 0.877047 -0.430211 -0.213793 0 0 0 0 0 0
-33.558357 -1.142354 14.992996 0.328348 0.156988 0.931420 0.874429 -0.254606 -0.412976 0 0 0 0 0 0
-33.226695 -0.943862 14.835444 0.333916 -0.418535 0.844587 0.865262 -0.002657 -0.501314 0 0 0 0 0 0
-32.894135 -0.702504 14.804377 0.332893 -0.838105 0.432161 0.852440 0.275628 -0.444270 0 0 0 0 0 0
-32.562489 -0.477248 14.899967 0.325501 -0.934690 -0.142838 0.841304 0.491642 -0.224713 0 0 0 0 0 0
-32.233388 -0.328602 15.110049 0.314953 -0.686881 -0.654980 0.836700 0.538533 0.099574 0 0 0 0 0 0
-31.794754 -0.234246 15.298131 0.277236 -0.259897 -0.924983 0.878220 0.385990 0.282385 0 0 0 0 0 0
-31.477370 -0.199727 15.416688 0.314423 0.059338 -0.947427 0.912853 -0.154513 0.377922 0 0 0 0 0 0
-31.192876 -0.591212 15.694597 0.299705 0.565442 -0.768409 0.858948 -0.140019 0.492547 0 0 0 0 0 0
-30.868157 -0.912863 15.696354 0.302068 0.889093 -0.343900 0.865775 -0.370552 0.336340 0 0 0 0 0 0
-30.543805 -1.146457 15.519436 0.308997 0.931122 0.193733 0.873688 -0.482793 0.059826 0 0 0 0 0 0
-30.217306 -1.227343 15.247925 0.318815 0.664036 0.676323 0.877047 -0.430211 -0.213793 0 0 0 0 0 0
-29.887769 -1.142354 14.992996 0.328348 0.156988 0.931420 0.874429 -0.254606 -0.412976 0 0 0 0 0 0
-29.556106 -0.943862 14.835444 0.333916 -0.418535 0.844587 0.865262 -0.002657 -0.501314 0 0 0 0 0 0
-29.343035 -1.432197 13.652572 0.332891 0.838096 -0.432179 0.173580 0.627717 -0.758842 0 0 0 0 0 0
-28.875386 -0.819677 11.828263 0.325501 0.934692 0.142831 0.841304 -0.491634 0.224732 0 0 0 0 0 0
-28.546424 -0.968311 11.618176 0.315018 0.686873 0.654957 0.836651 -0.538596 -0.099648 0 0 0 0 0 0
-28.106481 -1.051899 11.447354 0.280744 0.257642 0.924556 0.884435 -0.377727 -0.274038 0 0 0 0 0 0
-27.785896 -1.101126 11.317633 0.310467 -0.059697 0.948708 0.909286 0.140244 -0.391831 0 0 0 0 0 0
-27.507525 -0.700251 11.038577 0.299642 -0.565448 0.768429 0.859494 0.134637 -0.493095 0 0 0 0 0 0
-27.180272 -0.381969 11.036349 0.302068 -0.889091 0.343907 0.865728 0.370637 -0.336367 0 0 0 0 0 0
-26.855878 -0.148400 11.213265 0.309055 -0.931097 -0.193761 0.873696 0.482776 -0.059859 0 0 0 0 0 0
-26.529127 -0.067495 11.484718 0.318753 -0.664049 -0.676340 0.877083 0.430151 0.213767 0 0 0 0 0 0
-26.173588 -0.147616 11.744244 0.328341 -0.156984 -0.931423 0.885854 0.247447 0.392469 0 0 0 0 0 0
-25.835544 -0.351001 11.911569 0.333921 0.418538 -0.844584 0.865276 0.002645 0.501288 0 0 0 0 0 0
-25.502978 -0.592344 11.942640 0.332892 0.838099 -0.432173 0.852448 -0.275656 0.444237 0 0 0 0 0 0
-25.171337 -0.817612 11.847032 0.325502 0.934691 0.142831 0.841307 -0.491634 0.224719 0 0 0 0 0 0
-24.842376 -0.966264 11.636939 0.315016 0.686872 0.654960 0.836642 -0.538612 -0.099635 0 0 0 0 0 0
-24.403538 -1.060646 11.448944 0.277245 0.259908 0.924977 0.878273 -0.385948 -0.282277 0 0 0 0 0 0
-24.086223 -1.095130 11.330327 0.314421 -0.059340 0.947427 0.912839 0.154492 -0.377965 0 0 0 0 0 0
-23.801722 -0.703646 11.052429 0.299704 -0.565440 0.768411 0.858954 0.140035 -0.492532 0 0 0 0 0 0
-23.585502 -1.983722 10.246966 0.302068 0.889091 -0.343906 0.189595 0.521296 -0.832048 0 0 0 0 0 0
-23.170995 -1.145480 8.476050 0.309056 0.931097 0.193761 0.873439 -0.483949 0.053820 0 0 0 0 0 0
-22.843454 -1.227364 8.203466 0.318814 0.664033 0.676327 0.877091 -0.430130 -0.213772 0 0 0 0 0 0
-22.514104 -1.142340 7.948446 0.328341 0.156985 0.931422 0.874361 -0.254643 -0.413097 0 0 0 0 0 0
-22.182482 -0.943859 7.790970 0.333986 -0.418530 0.844563 0.865293 -0.002626 -0.501260 0 0 0 0 0 0
-21.849689 -0.702537 7.759864 0.332891 -0.838099 0.432172 0.852494 0.275582 -0.444194 0 0 0 0 0 0
-21.518115 -0.477239 7.855500 0.325501 -0.934690 -0.142838 0.841301 0.491637 -0.224735 0 0 0 0 0 0
-21.189150 -0.328600 8.065576 0.315018 -0.686873 -0.654958 0.836650 0.538598 0.099643 0 0 0 0 0 0
-20.750433 -0.234230 8.253623 0.277243 -0.259904 -0.924979 0.878207 0.386018 0.282387 0 0 0 0 0 0
-20.432987 -0.199680 8.372186 0.314353 0.059338 -0.947450 0.912900 -0.154430 0.377843 0 0 0 0 0 0
-20.148566 -0.591217 8.650083 0.299642 0.565448 -0.768429 0.858962 -0.140019 0.492524 0 0 0 0 0 0
-19.824009 -0.912883 8.651821 0.302129 0.889076 -0.343894 0.865744 -0.370617 0.336347 0 0 0 0 0 0
-19.499514 -1.146473 8.474934 0.309056 0.931097 0.193761 0.873674 -0.482814 0.059873 0 0 0 0 0 0
-19.172865 -1.227364 8.203466 0.318814 0.664033 0.676327 0.877091 -0.430130 -0.213772 0 0 0 0 0 0
-18.843516 -1.142340 7.948446 0.328341 0.156985 0.931422 0.874361 -0.254643 -0.413097 0 0 0 0 0 0
-18.511894 -0.943859 7.790970 0.333986 -0.418530 0.844563 0.865293 -0.002626 -0.501260 0 0 0 0 0 0
-18.298614 -1.432194 6.608084 0.332892 0.838099 -0.432173 0.173601 0.627719 -0.758835 0 0 0 0 0 0
-17.831008 -0.819672 4.783790 0.325501 0.934692 0.142831 0.841305 -0.491637 0.224720 0 0 0 0 0 0
-17.502028 -0.968317 4.573691 0.314954 0.686885 0.654976 0.836621 -0.538647 -0.099619 0 0 0 0 0 0
-17.062166 -1.051883 4.402888 0.280678 0.257647 0.924574 0.884438 -0.377733 -0.274020 0 0 0 0 0 0
-16.741604 -1.101114 4.273195 0.310467 -0.059697 0.948708 0.909305 0.140233 -0.391790 0 0 0 0 0 0
-16.463292 -0.700222 3.994108 0.299704 -0.565440 0.768411 0.859436 0.134706 -0.493177 0 0 0 0 0 0
-16.135827 -0.381988 3.991837 0.302068 -0.889091 0.343907 0.865772 0.370547 -0.336352 0 0 0 0 0 0
-15.811483 -0.148393 4.168786 0.308994 -0.931117 -0.193765 0.873679 0.482803 -0.059879 0 0 0 0 0 0
-15.484976 -0.067521 4.440260 0.318816 -0.664034 -0.676325 0.877053 0.430175 0.213841 0 0 0 0 0 0
-15.155439 -0.152505 4.695232 0.328341 -0.156984 -0.931423 0.874422 0.254622 0.412982 0 0 0 0 0 0
-14.823779 -0.351001 4.852745 0.333921 0.418538 -0.844584 0.865276 0.002645 0.501288 0 0 0 0 0 0
-14.491213 -0.592344 4.883816 0.332892 0.838099 -0.432173 0.852448 -0.275656 0.444237 0 0 0 0 0 0
-14.159572 -0.817612 4.788208 0.325502 0.934691 0.142831 0.841307 -0.491634 0.224719 0 0 0 0 0 0
-13.830611 -0.966264 4.578115 0.315016 0.686872 0.654960 0.836642 -0.538612 -0.099635 0 0 0 0 0 0
-13.391797 -1.060644 4.390113 0.277245 0.259908 0.924977 0.878261 -0.385960 -0.282298 0 0 0 0 0 0
-13.074467 -1.095134 4.271503 0.314401 -0.059340 0.947434 0.912843 0.154489 -0.377955 0 0 0 0 0 0
-12.789967 -0.703652 3.993613 0.299686 -0.565443 0.768416 0.858972 0.140016 -0.492507 0 0 0 0 0 0
-12.573783 -1.983728 3.188141 0.302086 0.889086 -0.343904 0.189596 0.521291 -0.832051 0 0 0 0 0 0
-12.157445 -1.144413 1.420518 0.309043 0.931101 0.193762 0.873680 -0.482805 0.059862 0 0 0 0 0 0
-11.830805 -1.225301 1.149054 0.318803 0.664035 0.676330 0.877072 -0.430156 -0.213802 0 0 0 0 0 0
-11.501421 -1.140283 0.894058 0.328354 0.156977 0.931419 0.874390 -0.254634 -0.413043 0 0 0 0 0 0
-11.169704 -0.941818 0.736564 0.333947 -0.418534 0.844576 0.865301 -0.002642 -0.501246 0 0 0 0 0 0
-10.837045 -0.700471 0.705474 0.332885 -0.838100 0.432175 0.852470 0.275616 -0.444219 0 0 0 0 0 0
-10.505434 -0.475186 0.801096 0.325481 -0.934698 -0.142835 0.841299 0.491639 -0.224738 0 0 0 0 0 0
-10.176475 -0.326553 1.011180 0.314992 -0.686877 -0.654965 0.836655 0.538594 0.099626 0 0 0 0 0 0
-9.736531 -0.242965 1.181994 0.280699 -0.257646 -0.924568 0.884433 0.377740 0.274026 0 0 0 0 0 0
-9.416992 -0.191761 1.316127 0.310461 0.059696 -0.948710 0.907996 -0.135179 0.396572 0 0 0 0 0 0
-9.138597 -0.592575 1.595192 0.299679 0.565443 -0.768418 0.859454 -0.134685 0.493151 0 0 0 0 0 0
-8.811227 -0.910826 1.597451 0.302086 0.889086 -0.343904 0.865751 -0.370588 0.336363 0 0 0 0 0 0
-8.486857 -1.144413 1.420518 0.309043 0.931101 0.193762 0.873680 -0.482805 0.059862 0 0 0 0 0 0
-8.160217 -1.225301 1.149054 0.318803 0.664035 0.676330 0.877072 -0.430156 -0.213802 0 0 0 0 0 0
-7.830833 -1.140283 0.894058 0.328354 0.156977 0.931419 0.874390 -0.254634 -0.413043 0 0 0 0 0 0
-7.499115 -0.941818 0.736564 0.333947 -0.418534 0.844576 0.865301 -0.002642 -0.501246 0 0 0 0 0 0
-7.285984 -1.430143 -0.446319 0.332885 0.838101 -0.432174 0.173582 0.627720 -0.758839 0 0 0 0 0 0
-6.818356 -0.817612 -2.270616 0.325483 0.934698 0.142832 0.841302 -0.491637 0.224731 0 0 0 0 0 0
-6.489383 -0.966258 -2.480702 0.314985 0.686880 0.654966 0.836655 -0.538596 -0.099615 0 0 0 0 0 0
-6.050649 -1.060625 -2.668721 0.277245 0.259907 0.924978 0.878241 -0.385975 -0.282340 0 0 0 0 0 0
-5.733291 -1.095134 -2.787320 0.314401 -0.059340 0.947434 0.912843 0.154490 -0.377955 0 0 0 0 0 0
-5.448791 -0.703652 -3.065210 0.299686 -0.565443 0.768416 0.858972 0.140016 -0.492507 0 0 0 0 0 0
-5.124127 -0.381981 -3.066976 0.302080 -0.889087 0.343905 0.865754 0.370583 -0.336359 0 0 0 0 0 0
-4.799785 -0.148391 -2.890035 0.309043 -0.931101 -0.193762 0.873674 0.482814 -0.059860 0 0 0 0 0 0
-4.473126 -0.067503 -2.618581 0.318803 -0.664037 -0.676328 0.877079 0.430145 0.213792 0 0 0 0 0 0
-4.143754 -0.152519 -2.363577 0.328354 -0.156983 -0.931418 0.874383 0.254632 0.413057 0 0 0 0 0 0
-3.801081 -0.349423 -2.202027 0.333946 0.418533 -0.844577 0.869894 0.006842 0.493191 0 0 0 0 0 0
-3.465826 -0.594393 -2.168890 0.332886 0.838102 -0.432172 0.852461 -0.275618 0.444235 0 0 0 0 0 0
-3.134202 -0.819669 -2.264499 0.325482 0.934698 0.142832 0.841307 -0.491628 0.224733 0 0 0 0 0 0
-2.805241 -0.968305 -2.474594 0.314986 0.686879 0.654966 0.836653 -0.538597 -0.099626 0 0 0 0 0 0
-2.366510 -1.062674 -2.662618 0.277243 0.259903 0.924979 0.878237 -0.385980 -0.282347 0 0 0 0 0 0
-2.049145 -1.097199 -2.781221 0.314399 -0.059332 0.947435 0.912843 0.154486 -0.377958 0 0 0 0 0 0
-1.764652 -0.705700 -3.059111 0.299685 -0.565438 0.768420 0.858974 0.140022 -0.492501 0 0 0 0 0 0
-1.548451 -1.985777 -3.864580 0.302082 0.889090 -0.343899 0.189601 0.521293 -0.832049 0 0 0 0 0 0
-1.132129 -1.146461 -5.632193 0.309043 0.931101 0.193762 0.873673 -0.482815 0.059868 0 0 0 0 0 0
-0.805480 -1.227361 -5.903660 0.318801 0.664036 0.676330 0.877071 -0.430160 -0.213797 0 0 0 0 0 0
-0.476099 -1.142342 -6.158654 0.328355 0.156985 0.931418 0.874392 -0.254619 -0.413047 0 0 0 0 0 0
-0.144384 -0.943869 -6.316149 0.333947 -0.418536 0.844575 0.865300 -0.002652 -0.501248 0 0 0 0 0 0
0.188275 -0.702526 -6.347236 0.332883 -0.838102 0.432174 0.852469 0.275619 -0.444219 0 0 0 0 0 0
0.519889 -0.477241 -6.251614 0.325482 -0.934697 -0.142839 0.841300 0.491634 -0.224745 0 0 0 0 0 0
0.848855 -0.328606 -6.041542 0.314989 -0.686880 -0.654964 0.836655 0.538594 0.099627 0 0 0 0 0 0
1.288788 -0.245022 -5.870718 0.280701 -0.257645 -0.924568 0.884433 0.377740 0.274028 0 0 0 0 0 0
1.608340 -0.193814 -5.736583 0.310456 0.059697 -0.948711 0.907996 -0.135179 0.396573 0 0 0 0 0 0
1.886715 -0.594629 -5.457520 0.299684 0.565440 -0.768419 0.859453 -0.134694 0.493150 0 0 0 0 0 0
2.214110 -0.912880 -5.455272 0.302081 0.889090 -0.343899 0.865757 -0.370576 0.336361 0 0 0 0 0 0
2.538458 -1.146460 -5.632193 0.309044 0.931101 0.193762 0.873674 -0.482814 0.059868 0 0 0 0 0 0
2.865113 -1.227362 -5.903659 0.318801 0.664036 0.676330 0.877073 -0.430157 -0.213794 0 0 0 0 0 0
3.194487 -1.142341 -6.158655 0.328356 0.156985 0.931417 0.874389 -0.254619 -0.413053 0 0 0 0 0 0
3.526201 -0.943868 -6.316150 0.333947 -0.418536 0.844575 0.865298 -0.002651 -0.501251 0 0 0 0 0 0
3.739334 -1.432199 -7.499029 0.332885 0.838101 -0.432175 0.173582 0.627721 -0.758838 0 0 0 0 0 0
4.206973 -0.819670 -9.323324 0.325482 0.934698 0.142832 0.841308 -0.491627 0.224729 0 0 0 0 0 0
4.535936 -0.968305 -9.533417 0.314987 0.686881 0.654965 0.836654 -0.538594 -0.099631 0 0 0 0 0 0
4.974667 -1.062672 -9.721444 0.277243 0.259903 0.924979 0.878236 -0.385982 -0.282345 0 0 0 0 0 0
5.292032 -1.097199 -9.840045 0.314399 -0.059332 0.947435 0.912843 0.154486 -0.377958 0 0 0 0 0 0
5.576524 -0.705700 -10.117935 0.299685 -0.565438 0.768420 0.858974 0.140022 -0.492501 0 0 0 0 0 0
5.901188 -0.384029 -10.119683 0.302080 -0.889090 0.343899 0.865756 0.370574 -0.336366 0 0 0 0 0 0
6.225533 -0.150448 -9.942752 0.309043 -0.931101 -0.193762 0.873675 0.482815 -0.059847 0 0 0 0 0 0
6.552192 -0.069556 -9.671291 0.318802 -0.664034 -0.676331 0.877077 0.430154 0.213784 0 0 0 0 0 0
6.881563 -0.154571 -9.416290 0.328354 -0.156982 -0.931418 0.874384 0.254628 0.413059 0 0 0 0 0 0
7.213292 -0.353040 -9.258807 0.333947 0.418534 -0.844576 0.865311 0.002643 0.501229 0 0 0 0 0 0
7.545940 -0.594393 -9.227707 0.332885 0.838101 -0.432175 0.852458 -0.275617 0.444241 0 0 0 0 0 0
7.877562 -0.819670 -9.323324 0.325482 0.934698 0.142832 0.841308 -0.491627 0.224729 0 0 0 0 0 0
8.206524 -0.968305 -9.533417 0.314987 0.686881 0.654965 0.836654 -0.538594 -0.099631 0 0 0 0 0 0
8.646457 -1.051891 -9.704238 0.280698 0.257646 0.924569 0.884432 -0.377741 -0.274027 0 0 0 0 0 0
8.967002 -1.101113 -9.833933 0.310454 -0.059698 0.948712 0.909292 0.140249 -0.391815 0 0 0 0 0 0
9.245296 -0.700228 -10.113002 0.299686 -0.565443 0.768416 0.859451 0.134688 -0.493157 0 0 0 0 0 0
9.464231 -1.983726 -10.918986 0.302081 0.889090 -0.343899 0.189599 0.521295 -0.832048 0 0 0 0 0 0
9.880552 -1.144413 -12.686598 0.309043 0.931101 0.193762 0.873672 -0.482817 0.059869 0 0 0 0 0 0
10.207208 -1.225301 -12.958054 0.318804 0.664036 0.676328 0.877079 -0.430146 -0.213792 0 0 0 0 0 0
10.536580 -1.140281 -13.213058 0.328354 0.156977 0.931419 0.874383 -0.254638 -0.413055 0 0 0 0 0 0
10.868309 -0.941818 -13.370497 0.333955 -0.418544 0.844568 0.865322 -0.002640 -0.501209 0 0 0 0 0 0
11.200960 -0.700483 -13.401589 0.332890 -0.838111 0.432151 0.852454 0.275619 -0.444248 0 0 0 0 0 0
11.532593 -0.475197 -13.306040 0.325483 -0.934702 -0.142804 0.841311 0.491634 -0.224703 0 0 0 0 0 0
11.861538 -0.326553 -13.095896 0.314982 -0.686871 -0.654976 0.836637 0.538634 0.099561 0 0 0 0 0 0
12.300275 -0.232178 -12.907925 0.277243 -0.259904 -0.924979 0.878241 0.385970 0.282347 0 0 0 0 0 0
12.617633 -0.197665 -12.789316 0.314401 0.059338 -0.947434 0.912843 -0.154486 0.377956 0 0 0 0 0 0
12.902131 -0.589154 -12.511425 0.299686 0.565443 -0.768416 0.858972 -0.140016 0.492507 0 0 0 0 0 0
13.226794 -0.910822 -12.509674 0.302081 0.889090 -0.343899 0.865757 -0.370583 0.336354 0 0 0 0 0 0
13.551140 -1.144413 -12.686598 0.309043 0.931101 0.193762 0.873672 -0.482817 0.059869 0 0 0 0 0 0
13.877791 -1.225299 -12.958053 0.318822 0.664032 0.676324 0.877084 -0.430136 -0.213793 0 0 0 0 0 0
14.207200 -1.140287 -13.213066 0.328329 0.156979 0.931428 0.874370 -0.254657 -0.413070 0 0 0 0 0 0
14.538922 -0.941828 -13.370483 0.333929 -0.418548 0.844576 0.865351 -0.002664 -0.501159 0 0 0 0 0 0
14.752011 -1.430151 -14.553502 0.332893 0.838101 -0.432168 0.173578 0.627714 -0.758845 0 0 0 0 0 0
15.219693 -0.817638 -16.377700 0.325502 0.934690 0.142838 0.841259 -0.491628 0.224909 0 0 0 0 0 0
15.548633 -0.966263 -16.587766 0.315019 0.686878 0.654952 0.836653 -0.538587 -0.099678 0 0 0 0 0 0
15.988586 -1.049839 -16.758650 0.280678 0.257643 0.924575 0.884414 -0.377761 -0.274058 0 0 0 0 0 0
16.308028 -1.101016 -16.892712 0.310484 -0.059701 0.948702 0.907994 0.135212 -0.396565 0 0 0 0 0 0
16.586554 -0.700272 -17.171786 0.299645 -0.565454 0.768424 0.859486 0.134645 -0.493107 0 0 0 0 0 0
16.913801 -0.381979 -17.174019 0.302069 -0.889093 0.343901 0.865726 0.370643 -0.336366 0 0 0 0 0 0
18.117326 -0.990956 -17.401367 -0.690016 0.000000 0.723794 -0.013854 0.700124 0.713887 0 0 0 0 0 0
15.474706 0.000000 -14.650706 0.000000 1.000000 0.000000 0.000000 0.000000 1.000000 0 0 0 0 0 0
15.878353 0.000000 -14.789882 0.000000 1.000000 0.000000 0.000000 0.000000 1.000000 0 0 0 0 0 0
16.330118 0.000000 -15.373059 0.000000 1.000000 0.000000 0.000000 0.000000 1.000000 0 0 0 0 0 0
16.001765 0.000000 -16.033765 0.000000 1.000000 0.000000 0.000000 0.000000 1.000000 0 0 0 0 0 0
17.902394 0.536133 -19.010922 -0.658125 0.000000 0.752909 -0.708045 -0.608270 -0.358720 0 0 0 0 0 0
17.167411 -0.335631 -19.873817 -0.302129 -0.889076 0.343894 -0.852996 0.442816 -0.276247 0 0 0 0 0 0
16.628944 -0.234631 -20.080435 -0.299645 -0.565454 0.768424 -0.860364 0.440191 -0.256917 0 0 0 0 0 0
16.261942 -0.352894 -20.223164 -0.310398 -0.059697 0.948730 -0.923965 0.161495 -0.346709 0 0 0 0 0 0
15.798828 -0.182185 -20.403337 -0.280678 0.257647 0.924574 -0.915508 0.001226 -0.402297 0 0 0 0 0 0
15.622291 -0.643780 -20.536634 -0.315020 0.686876 0.654953 -0.888310 -0.296652 -0.350574 0 0 0 0 0 0
15.257435 -0.967632 -20.449081 -0.325504 0.934700 0.142767 -0.875682 -0.415454 -0.246127 0 0 0 0 0 0
14.926682 -1.120243 -20.247619 -0.332893 0.838101 -0.432168 -0.865782 -0.500367 0.007317 0 0 0 0 0 0
14.594653 -1.147253 -20.005301 -0.333935 0.418556 -0.844570 -0.852284 -0.438263 0.285548 0 0 0 0 0 0
14.263137 -1.047870 -19.779863 -0.328335 -0.156982 -0.931425 -0.840900 -0.213529 0.497285 0 0 0 0 0 0
13.933845 -0.834021 -19.632851 -0.318822 -0.664032 -0.676324 -0.836230 0.111473 0.536929 0 0 0 0 0 0
13.606971 -0.558215 -19.630926 -0.309041 -0.931095 -0.193794 -0.839689 0.400838 0.366404 0 0 0 0 0 0
13.282270 -0.323388 -19.799040 -0.302081 -0.889090 0.343899 -0.848933 0.525526 0.055999 0 0 0 0 0 0
12.958491 -0.234654 -20.080453 -0.299687 -0.565446 0.768413 -0.860330 0.440214 -0.256988 0 0 0 0 0 0
12.590989 -0.356208 -20.203601 -0.314382 -0.059334 0.947441 -0.929866 0.154577 -0.333850 0 0 0 0 0 0
12.128032 -0.178101 -20.402433 -0.277245 0.259906 0.924978 -0.906770 0.018107 -0.421237 0 0 0 0 0 0
11.953689 -0.645115 -20.535951 -0.314988 0.686884 0.654961 -0.888895 -0.294239 -0.351126 0 0 0 0 0 0
11.586851 -0.967628 -20.449072 -0.325484 0.934707 0.142768 -0.875682 -0.415454 -0.246129 0 0 0 0 0 0
11.256101 -1.120238 -20.247615 -0.332886 0.838103 -0.432169 -0.865781 -0.500370 0.007319 0 0 0 0 0 0
10.924079 -1.147248 -20.005302 -0.333961 0.418552 -0.844562 -0.852288 -0.438250 0.285557 0 0 0 0 0 0
10.592572 -1.047865 -19.779847 -0.328361 -0.156980 -0.931416 -0.840868 -0.213526 0.497340 0 0 0 0 0 0
10.263188 -0.834040 -19.632842 -0.318804 -0.664036 -0.676328 -0.836267 0.111427 0.536881 0 0 0 0 0 0
9.936402 -0.558212 -19.630936 -0.309041 -0.931095 -0.193794 -0.839673 0.400864 0.366411 0 0 0 0 0 0
9.611681 -0.323388 -19.799040 -0.302081 -0.889090 0.343899 -0.848933 0.525526 0.055999 0 0 0 0 0 0
9.287902 -0.234654 -20.080453 -0.299687 -0.565446 0.768413 -0.860330 0.440214 -0.256988 0 0 0 0 0 0
8.920785 -0.352883 -20.223168 -0.310450 -0.059695 0.948713 -0.923966 0.161487 -0.346711 0 0 0 0 0 0
8.458182 -0.183541 -20.406921 -0.280698 0.257645 0.924569 -0.914624 -0.000075 -0.404305 0 0 0 0 0 0
8.280132 -0.645812 -20.541019 -0.314988 0.686883 0.654961 -0.888349 -0.296584 -0.350534 0 0 0 0 0 0
7.915325 -0.969701 -20.453578 -0.325482 0.934697 0.142839 -0.875667 -0.415454 -0.246181 0 0 0 0 0 0
7.584604 -1.122320 -20.252058 -0.332885 0.838104 -0.432168 -0.865768 -0.500394 0.007197 0 0 0 0 0 0
7.252583 -1.149314 -20.009716 -0.333940 0.418529 -0.844581 -0.852266 -0.438266 0.285597 0 0 0 0 0 0
6.921077 -1.049918 -19.784231 -0.328361 -0.156987 -0.931415 -0.840866 -0.213508 0.497351 0 0 0 0 0 0
6.780764 -0.835076 -18.983848 -0.318803 0.664037 0.676328 -0.141497 0.623322 0.769057 0 0 0 0 0 0
6.281404 -0.736628 -17.116034 -0.309045 0.931107 0.193729 -0.839697 -0.400873 -0.366347 0 0 0 0 0 0
5.956630 -0.971472 -16.948099 -0.302080 0.889090 -0.343899 -0.848908 -0.525557 -0.056081 0 0 0 0 0 0
5.632887 -1.060198 -16.666652 -0.299688 0.565444 -0.768415 -0.860333 -0.440208 0.256989 0 0 0 0 0 0
5.265390 -0.938647 -16.543509 -0.314403 0.059333 -0.947433 -0.929867 -0.154568 0.333851 0 0 0 0 0 0
4.802439 -1.116783 -16.344544 -0.277245 -0.259905 -0.924978 -0.906718 -0.018165 0.421346 0 0 0 0 0 0
4.628077 -0.649754 -16.211010 -0.314974 -0.686852 -0.655000 -0.888898 0.294324 0.351047 0 0 0 0 0 0
4.261255 -0.327192 -16.297927 -0.325482 -0.934697 -0.142839 -0.875707 0.415441 0.246062 0 0 0 0 0 0
3.930506 -0.174598 -16.499424 -0.332886 -0.838103 0.432169 -0.865770 0.500390 -0.007199 0 0 0 0 0 0
3.598496 -0.147603 -16.741768 -0.333941 -0.418526 0.844582 -0.852258 0.438276 -0.285606 0 0 0 0 0 0
3.266971 -0.246987 -16.967250 -0.328339 0.156975 0.931425 -0.840872 0.213496 -0.497347 0 0 0 0 0 0
2.937597 -0.460851 -17.114259 -0.318803 0.664037 0.676328 -0.836264 -0.111378 -0.536896 0 0 0 0 0 0
2.610816 -0.736628 -17.116034 -0.309045 0.931107 0.193729 -0.839697 -0.400873 -0.366347 0 0 0 0 0 0
2.286042 -0.971472 -16.948099 -0.302080 0.889090 -0.343899 -0.848908 -0.525557 -0.056081 0 0 0 0 0 0
1.962299 -1.060198 -16.666652 -0.299688 0.565444 -0.768415 -0.860333 -0.440208 0.256989 0 0 0 0 0 0
1.595199 -0.941980 -16.523817 -0.310451 0.059690 -0.948714 -0.923929 -0.161514 0.346798 0 0 0 0 0 0
1.132051 -1.112680 -16.343600 -0.280699 -0.257646 -0.924568 -0.915493 -0.001221 0.402332 0 0 0 0 0 0
1.061764 -1.154586 -15.356201 -0.314991 0.686883 0.654960 -0.169579 0.543980 0.821784 0 0 0 0 0 0
0.574139 -0.969698 -13.394758 -0.325481 0.934695 0.142853 -0.875674 -0.415459 -0.246148 0 0 0 0 0 0
0.243439 -1.122317 -13.193176 -0.332880 0.838094 -0.432192 -0.865760 -0.500409 0.007190 0 0 0 0 0 0
-0.088598 -1.149318 -12.950895 -0.333940 0.418529 -0.844581 -0.852270 -0.438263 0.285589 0 0 0 0 0 0
-0.420100 -1.049920 -12.725396 -0.328355 -0.156985 -0.931418 -0.840865 -0.213510 0.497353 0 0 0 0 0 0
-0.749496 -0.836093 -12.578396 -0.318801 -0.664036 -0.676330 -0.836276 0.111432 0.536866 0 0 0 0 0 0
-1.076271 -0.560270 -12.576560 -0.309043 -0.931101 -0.193762 -0.839684 0.400867 0.366384 0 0 0 0 0 0
-1.401018 -0.325439 -12.744567 -0.302082 -0.889090 0.343899 -0.848916 0.525547 0.056058 0 0 0 0 0 0
-1.724776 -0.236706 -13.026013 -0.299684 -0.565440 0.768419 -0.860326 0.440218 -0.256996 0 0 0 0 0 0
-2.092278 -0.358259 -13.149149 -0.314399 -0.059337 0.947435 -0.929873 0.154550 -0.333843 0 0 0 0 0 0
-2.555245 -0.180149 -13.347987 -0.277249 0.259909 0.924976 -0.906768 0.018109 -0.421241 0 0 0 0 0 0
-2.729584 -0.647158 -13.481506 -0.314988 0.686883 0.654961 -0.888894 -0.294250 -0.351118 0 0 0 0 0 0
-3.096441 -0.969699 -13.394757 -0.325481 0.934695 0.142853 -0.875672 -0.415462 -0.246148 0 0 0 0 0 0
-3.427148 -1.122316 -13.193177 -0.332881 0.838094 -0.432191 -0.865763 -0.500403 0.007189 0 0 0 0 0 0
-3.759192 -1.149319 -12.950896 -0.333940 0.418529 -0.844581 -0.852273 -0.438261 0.285585 0 0 0 0 0 0
-4.102855 -1.050031 -12.733575 -0.328354 -0.156977 -0.931419 -0.850401 -0.207825 0.483349 0 0 0 0 0 0
-4.244549 -0.833013 -11.931071 -0.318803 0.664037 0.676328 -0.141497 0.623315 0.769062 0 0 0 0 0 0
-4.743923 -0.734584 -10.063321 -0.309043 0.931101 0.193762 -0.839685 -0.400869 -0.366379 0 0 0 0 0 0
-5.068672 -0.969415 -9.895309 -0.302080 0.889087 -0.343905 -0.848916 -0.525545 -0.056073 0 0 0 0 0 0
-5.392430 -1.058153 -9.613881 -0.299686 0.565443 -0.768416 -0.860327 -0.440215 0.256999 0 0 0 0 0 0
-5.759930 -0.936600 -9.490741 -0.314401 0.059340 -0.947434 -0.929873 -0.154552 0.333843 0 0 0 0 0 0
-6.222891 -1.114711 -9.291865 -0.277245 -0.259908 -0.924977 -0.906753 -0.018125 0.421272 0 0 0 0 0 0
-6.397234 -0.647695 -9.158358 -0.314985 -0.686879 -0.654967 -0.888898 0.294265 0.351096 0 0 0 0 0 0
-6.764094 -0.325162 -9.245164 -0.325483 -0.934698 -0.142832 -0.875688 0.415445 0.246123 0 0 0 0 0 0
-7.094813 -0.172546 -9.446691 -0.332885 -0.838101 0.432175 -0.865764 0.500401 -0.007220 0 0 0 0 0 0
-7.426843 -0.145550 -9.688993 -0.333947 -0.418534 0.844576 -0.852276 0.438258 -0.285579 0 0 0 0 0 0
-7.758343 -0.244938 -9.914498 -0.328354 0.156983 0.931418 -0.840855 0.213520 -0.497365 0 0 0 0 0 0
-8.087732 -0.458770 -10.061482 -0.318803 0.664037 0.676328 -0.836279 -0.111433 -0.536862 0 0 0 0 0 0
-8.414511 -0.734584 -10.063321 -0.309043 0.931101 0.193762 -0.839685 -0.400869 -0.366379 0 0 0 0 0 0
-8.739261 -0.969415 -9.895309 -0.302080 0.889087 -0.343905 -0.848916 -0.525545 -0.056073 0 0 0 0 0 0
-9.063018 -1.058153 -9.613881 -0.299686 0.565443 -0.768416 -0.860327 -0.440215 0.256999 0 0 0 0 0 0
-9.430124 -0.939930 -9.471086 -0.310454 0.059698 -0.948712 -0.923946 -0.161487 0.346764 0 0 0 0 0 0
-9.893273 -1.110616 -9.290926 -0.280705 -0.257641 -0.924568 -0.915514 -0.001182 0.402283 0 0 0 0 0 0
-9.963555 -1.152529 -8.303507 -0.314992 0.686876 0.654967 -0.169577 0.543973 0.821789 0 0 0 0 0 0
-10.451182 -0.967651 -6.342017 -0.325481 0.934697 0.142839 -0.875682 -0.415449 -0.246136 0 0 0 0 0 0
-10.781887 -1.120256 -6.140472 -0.332885 0.838100 -0.432175 -0.865767 -0.500395 0.007227 0 0 0 0 0 0
-11.113921 -1.147253 -5.898174 -0.333947 0.418533 -0.844576 -0.852275 -0.438260 0.285579 0 0 0 0 0 0
-11.445422 -1.047873 -5.672669 -0.328354 -0.156977 -0.931419 -0.840856 -0.213517 0.497365 0 0 0 0 0 0
-11.774821 -0.834035 -5.525687 -0.318804 -0.664036 -0.676328 -0.836286 0.111426 0.536851 0 0 0 0 0 0
-12.101590 -0.558217 -5.523848 -0.309043 -0.931101 -0.193762 -0.839677 0.400880 0.366385 0 0 0 0 0 0
-12.426336 -0.323387 -5.691857 -0.302086 -0.889086 0.343904 -0.848917 0.525544 0.056071 0 0 0 0 0 0
-12.750118 -0.234650 -5.973285 -0.299680 -0.565444 0.768417 -0.860332 0.440209 -0.256993 0 0 0 0 0 0
-13.117587 -0.356211 -6.096427 -0.314408 -0.059338 0.947432 -0.929870 0.154551 -0.333851 0 0 0 0 0 0
-13.580580 -0.178086 -6.295304 -0.277238 0.259906 0.924980 -0.906757 0.018126 -0.421263 0 0 0 0 0 0
-13.754900 -0.645115 -6.428808 -0.314966 0.686882 0.654973 -0.888891 -0.294275 -0.351104 0 0 0 0 0 0
-14.121748 -0.967648 -6.342011 -0.325449 0.934708 0.142840 -0.875683 -0.415443 -0.246143 0 0 0 0 0 0
-14.452481 -1.120237 -6.140483 -0.332892 0.838098 -0.432174 -0.865808 -0.500325 0.007215 0 0 0 0 0 0
-14.784582 -1.147257 -5.898170 -0.333921 0.418538 -0.844585 -0.852264 -0.438281 0.285579 0 0 0 0 0 0
-15.115976 -1.047856 -5.672665 -0.328342 -0.156978 -0.931423 -0.840824 -0.213524 0.497416 0 0 0 0 0 0
-15.256299 -0.833014 -4.872249 -0.318816 0.664034 0.676325 -0.141510 0.623314 0.769061 0 0 0 0 0 0
-15.755757 -0.734585 -3.004508 -0.308994 0.931117 0.193765 -0.839683 -0.400849 -0.366405 0 0 0 0 0 0
-16.080369 -0.969403 -2.836470 -0.302068 0.889091 -0.343907 -0.848901 -0.525570 -0.056063 0 0 0 0 0 0
-16.404147 -1.058146 -2.555058 -0.299704 0.565440 -0.768411 -0.860330 -0.440205 0.257005 0 0 0 0 0 0
-16.771279 -0.939932 -2.412255 -0.310467 0.059697 -0.948708 -0.923939 -0.161487 0.346784 0 0 0 0 0 0
-17.236509 -1.112578 -2.236005 -0.280678 -0.257647 -0.924574 -0.917227 -0.003167 0.398352 0 0 0 0 0 0
-17.412019 -0.651109 -2.103274 -0.314955 -0.686886 -0.654974 -0.888367 0.296589 0.350484 0 0 0 0 0 0
-17.776678 -0.327198 -2.190784 -0.325501 -0.934692 -0.142831 -0.875635 0.415545 0.246141 0 0 0 0 0 0
-18.107472 -0.174596 -2.392280 -0.332892 -0.838099 0.432172 -0.865773 0.500385 -0.007217 0 0 0 0 0 0
-18.439477 -0.147603 -2.634597 -0.333985 -0.418527 0.844565 -0.852284 0.438236 -0.285589 0 0 0 0 0 0
-18.771100 -0.246974 -2.860099 -0.328341 0.156983 0.931423 -0.840877 0.213528 -0.497325 0 0 0 0 0 0
-19.100479 -0.460817 -3.007075 -0.318753 0.664049 0.676340 -0.836287 -0.111398 -0.536856 0 0 0 0 0 0
-19.427107 -0.736641 -3.008891 -0.309055 0.931097 0.193761 -0.839657 -0.400924 -0.366383 0 0 0 0 0 0
-19.752011 -0.971473 -2.840923 -0.302067 0.889092 -0.343906 -0.848950 -0.525488 -0.056097 0 0 0 0 0 0
-20.075741 -1.060197 -2.559469 -0.299642 0.565446 -0.768431 -0.860312 -0.440242 0.257001 0 0 0 0 0 0
-20.443159 -0.938634 -2.436348 -0.314419 0.059332 -0.947428 -0.929871 -0.154544 0.333850 0 0 0 0 0 0
-20.906227 -1.116784 -2.237455 -0.277243 -0.259903 -0.924979 -0.906762 -0.018125 0.421253 0 0 0 0 0 0
-20.975205 -1.155357 -1.248906 -0.315017 0.686871 0.654960 -0.169876 0.544156 0.821606 0 0 0 0 0 0
-21.463849 -0.969702 0.712384 -0.325501 0.934691 0.142834 -0.875680 -0.415456 -0.246131 0 0 0 0 0 0
-21.794576 -1.122321 0.913920 -0.332891 0.838099 -0.432173 -0.865770 -0.500390 0.007214 0 0 0 0 0 0
-22.126584 -1.149314 1.156228 -0.333986 0.418530 -0.844563 -0.852287 -0.438232 0.285586 0 0 0 0 0 0
-22.458203 -1.049936 1.381740 -0.328341 -0.156985 -0.931423 -0.840873 -0.213531 0.497330 0 0 0 0 0 0
-22.787442 -0.836067 1.528717 -0.318814 -0.664034 -0.676326 -0.836233 0.111479 0.536923 0 0 0 0 0 0
-23.114277 -0.560279 1.530565 -0.309056 -0.931097 -0.193761 -0.839709 0.400835 0.366360 0 0 0 0 0 0
-23.438811 -0.322626 1.365687 -0.302068 -0.889091 0.343906 -0.846616 0.528436 0.063219 0 0 0 0 0 0
-23.761839 -0.234659 1.085534 -0.299703 -0.565439 0.768412 -0.860331 0.440201 -0.257008 0 0 0 0 0 0
-24.129352 -0.356207 0.962382 -0.314420 -0.059337 0.947428 -0.929861 0.154550 -0.333874 0 0 0 0 0 0
-24.592343 -0.178080 0.763510 -0.277244 0.259905 0.924978 -0.906762 0.018128 -0.421254 0 0 0 0 0 0
-24.766699 -0.645109 0.630014 -0.314955 0.686886 0.654974 -0.888908 -0.294248 -0.351086 0 0 0 0 0 0
-25.133528 -0.967642 0.716819 -0.325436 0.934713 0.142837 -0.875685 -0.415441 -0.246142 0 0 0 0 0 0
-25.464234 -1.120234 0.918345 -0.332892 0.838098 -0.432174 -0.865798 -0.500342 0.007220 0 0 0 0 0 0
-25.796347 -1.147258 1.160653 -0.333921 0.418538 -0.844584 -0.852265 -0.438279 0.285580 0 0 0 0 0 0
-26.127741 -1.047856 1.386159 -0.328341 -0.156978 -0.931424 -0.840824 -0.213524 0.497416 0 0 0 0 0 0
-26.297834 -0.833919 2.172206 -0.318753 0.664049 0.676340 -0.149162 0.624042 0.767022 0 0 0 0 0 0
-26.799907 -0.734589 4.040008 -0.309055 0.931097 0.193761 -0.839656 -0.400924 -0.366384 0 0 0 0 0 0
-27.124811 -0.969412 4.207977 -0.302068 0.889091 -0.343907 -0.848952 -0.525484 -0.056095 0 0 0 0 0 0
-27.448542 -1.058151 4.489428 -0.299642 0.565448 -0.768429 -0.860308 -0.440252 0.256999 0 0 0 0 0 0
-27.815581 -0.939918 4.632192 -0.310467 0.059697 -0.948708 -0.923955 -0.161467 0.346749 0 0 0 0 0 0
-28.280750 -1.112535 4.808488 -0.280744 -0.257642 -0.924556 -0.917170 -0.003111 0.398484 0 0 0 0 0 0
-28.456320 -0.651108 4.941215 -0.315018 -0.686873 -0.654957 -0.888360 0.296605 0.350489 0 0 0 0 0 0
-28.821121 -0.327209 4.853730 -0.325501 -0.934692 -0.142831 -0.875677 0.415457 0.246140 0 0 0 0 0 0
-29.151846 -0.174598 4.652189 -0.332891 -0.838096 0.432179 -0.865771 0.500388 -0.007217 0 0 0 0 0 0
-29.483876 -0.147597 4.409878 -0.333921 -0.418538 0.844584 -0.852266 0.438274 -0.285585 0 0 0 0 0 0
-29.815250 -0.247008 4.184389 -0.328405 0.156979 0.931401 -0.840851 0.213481 -0.497388 0 0 0 0 0 0
-30.144778 -0.460818 4.037371 -0.318814 0.664031 0.676328 -0.836281 -0.111420 -0.536861 0 0 0 0 0 0
-30.471547 -0.736633 4.035559 -0.309055 0.931097 0.193761 -0.839714 -0.400837 -0.366347 0 0 0 0 0 0
-30.796262 -0.971491 4.203574 -0.302068 0.889094 -0.343900 -0.848872 -0.525616 -0.056077 0 0 0 0 0 0
-31.119954 -1.060191 4.485007 -0.299703 0.565434 -0.768415 -0.860332 -0.440202 0.257004 0 0 0 0 0 0
-31.487470 -0.938649 4.608151 -0.314419 0.059332 -0.947428 -0.929860 -0.154557 0.333875 0 0 0 0 0 0
-31.950462 -1.116784 4.807025 -0.277243 -0.259903 -0.924979 -0.906762 -0.018125 0.421253 0 0 0 0 0 0
-32.019585 -1.155361 5.795578 -0.314955 0.686888 0.654972 -0.169884 0.544158 0.821603 0 0 0 0 0 0
-32.508146 -0.969682 7.756875 -0.325502 0.934691 0.142831 -0.875699 -0.415424 -0.246119 0 0 0 0 0 0
-32.838952 -1.122319 7.958397 -0.332891 0.838099 -0.432172 -0.865772 -0.500387 0.007229 0 0 0 0 0 0
-33.170981 -1.149318 8.200717 -0.333921 0.418541 -0.844583 -0.852266 -0.438278 0.285580 0 0 0 0 0 0
-33.502375 -1.049901 8.426207 -0.328341 -0.156985 -0.931422 -0.840828 -0.213521 0.497411 0 0 0 0 0 0
-33.831801 -0.836101 8.573191 -0.318814 -0.664033 -0.676327 -0.836308 0.111413 0.536821 0 0 0 0 0 0
-34.158673 -0.560271 8.575047 -0.308994 -0.931115 -0.193772 -0.839687 0.400850 0.366394 0 0 0 0 0 0
-34.494915 -0.320700 8.425248 -0.302129 -0.889076 0.343894 -0.847398 0.523321 0.089729 0 0 0 0 0 0
-34.816039 -0.234631 8.148005 -0.299642 -0.565448 0.768429 -0.860358 0.440195 -0.256927 0 0 0 0 0 0
-35.183412 -0.356219 8.024853 -0.314353 -0.059338 0.947450 -0.929868 0.154557 -0.333852 0 0 0 0 0 0
-35.646375 -0.178086 7.826004 -0.277243 0.259904 0.924979 -0.906778 0.018124 -0.421218 0 0 0 0 0 0
-35.820671 -0.645138 7.692484 -0.315018 0.686873 0.654957 -0.888858 -0.294336 -0.351138 0 0 0 0 0 0
-36.187567 -0.967652 7.779263 -0.325501 0.934692 0.142831 -0.875676 -0.415459 -0.246141 0 0 0 0 0 0
-36.518293 -1.120258 7.980804 -0.332891 0.838096 -0.432180 -0.865773 -0.500385 0.007219 0 0 0 0 0 0
-36.850323 -1.147259 8.223114 -0.333921 0.418538 -0.844585 -0.852265 -0.438275 0.285585 0 0 0 0 0 0
-37.181841 -1.047878 8.448588 -0.328342 -0.156978 -0.931423 -0.840905 -0.213507 0.497287 0 0 0 0 0 0
-37.310503 -0.832668 9.253497 -0.318752 0.664045 0.676344 -0.138467 0.623153 0.769745 0 0 0 0 0 0
-37.808563 -0.734591 11.121267 -0.309055 0.931097 0.193761 -0.839661 -0.400925 -0.366372 0 0 0 0 0 0
-38.133472 -0.969414 11.289222 -0.302069 0.889093 -0.343901 -0.848953 -0.525483 -0.056100 0 0 0 0 0 0
-38.457179 -1.058145 11.570681 -0.299702 0.565437 -0.768414 -0.860327 -0.440212 0.257002 0 0 0 0 0 0
-38.824316 -0.939933 11.713467 -0.310467 0.059697 -0.948708 -0.923943 -0.161481 0.346776 0 0 0 0 0 0
-39.289408 -1.112535 11.889745 -0.280744 -0.257642 -0.924556 -0.917170 -0.003111 0.398484 0 0 0 0 0 0
-39.464979 -0.651108 12.022472 -0.315018 -0.686873 -0.654957 -0.888360 0.296605 0.350489 0 0 0 0 0 0
-39.829780 -0.327210 11.934987 -0.325501 -0.934691 -0.142838 -0.875680 0.415461 0.246124 0 0 0 0 0 0
-40.160504 -0.174597 11.733440 -0.332892 -0.838099 0.432173 -0.865774 0.500384 -0.007219 0 0 0 0 0 0
-40.492535 -0.147599 11.491130 -0.333921 -0.418538 0.844584 -0.852265 0.438280 -0.285579 0 0 0 0 0 0
-40.823908 -0.247008 11.265646 -0.328408 0.156980 0.931400 -0.840851 0.213482 -0.497387 0 0 0 0 0 0
-41.153438 -0.460814 11.118627 -0.318814 0.664031 0.676328 -0.836281 -0.111425 -0.536860 0 0 0 0 0 0
-41.480207 -0.736636 11.116803 -0.309055 0.931097 0.193761 -0.839708 -0.400831 -0.366368 0 0 0 0 0 0
-41.804919 -0.971488 11.284826 -0.302068 0.889094 -0.343900 -0.848875 -0.525612 -0.056057 0 0 0 0 0 0
-42.128613 -1.060191 11.566263 -0.299703 0.565434 -0.768415 -0.860332 -0.440202 0.257004 0 0 0 0 0 0
-42.496276 -0.938675 11.689382 -0.314353 0.059333 -0.947450 -0.929898 -0.154585 0.333758 0 0 0 0 0 0
-42.959063 -1.116736 11.888267 -0.277243 -0.259903 -0.924979 -0.906713 -0.018077 0.421361 0 0 0 0 0 0
-43.133454 -0.649751 12.021765 -0.315018 -0.686873 -0.654957 -0.888920 0.294234 0.351065 0 0 0 0 0 0
-43.500368 -0.327210 11.934987 -0.325501 -0.934691 -0.142838 -0.875680 0.415461 0.246124 0 0 0 0 0 0
-43.831092 -0.174597 11.733440 -0.332892 -0.838099 0.432173 -0.865774 0.500384 -0.007219 0 0 0 0 0 0
-44.163123 -0.147599 11.491130 -0.333921 -0.418538 0.844584 -0.852265 0.438280 -0.285579 0 0 0 0 0 0
-44.494497 -0.247008 11.265646 -0.328408 0.156980 0.931400 -0.840851 0.213482 -0.497387 0 0 0 0 0 0
-44.824026 -0.460814 11.118627 -0.318814 0.664031 0.676328 -0.836281 -0.111425 -0.536860 0 0 0 0 0 0
-45.150795 -0.736636 11.116803 -0.309055 0.931097 0.193761 -0.839708 -0.400831 -0.366368 0 0 0 0 0 0
-45.885777 0.949575 10.826561 0.980796 0.000000 -0.195037 0.333395 -0.730542 -0.595950 0 0 0 0 0 0
-38.862706 -0.000001 8.722024 0.000000 1.000000 0.000000 0.000000 0.000000 1.000000 0 0 0 0 0 0
-39.266353 -0.000001 8.582847 0.000000 1.000000 0.000000 0.000000 0.000000 1.000000 0 0 0 0 0 0
-39.718118 -0.000001 7.999706 0.000000 1.000000 0.000000 0.000000 0.000000 1.000000 0 0 0 0 0 0
-39.389765 -0.000001 7.339071 0.000000 1.000000 0.000000 0.000000 0.000000 1.000000 0 0 0 0 0 0
-45.711540 -0.311556 7.837504 0.988966 0.000000 -0.148142 0.120589 -0.384635 0.915158 0 0 0 0 0 0
-45.447515 -1.128061 8.437183 0.308995 0.931116 0.193765 0.862025 -0.434406 -0.261161 0 0 0 0 0 0
-44.896551 -1.227344 8.211523 0.318814 0.664033 0.676327 0.877046 -0.430193 -0.213830 0 0 0 0 0 0
-44.567017 -1.142357 7.956554 0.328341 0.156985 0.931422 0.874424 -0.254612 -0.412983 0 0 0 0 0 0
-44.235355 -0.943856 7.799052 0.333921 -0.418541 0.844583 0.865280 -0.002643 -0.501282 0 0 0 0 0 0
-43.902788 -0.702515 7.767967 0.332890 -0.838097 0.432178 0.852444 0.275656 -0.444243 0 0 0 0 0 0
-43.571151 -0.477236 7.863581 0.325502 -0.934691 -0.142831 0.841304 0.491634 -0.224731 0 0 0 0 0 0
-43.242188 -0.328601 8.073668 0.315018 -0.686873 -0.654958 0.836651 0.538596 0.099648 0 0 0 0 0 0
-42.803351 -0.234216 8.261676 0.277243 -0.259904 -0.924979 0.878267 0.385959 0.282281 0 0 0 0 0 0
-42.486033 -0.199724 8.380294 0.314419 0.059337 -0.947428 0.912838 -0.154491 0.377967 0 0 0 0 0 0
-42.201535 -0.591216 8.658192 0.299702 0.565437 -0.768414 0.858955 -0.140037 0.492529 0 0 0 0 0 0
-41.876818 -0.912873 8.659944 0.302068 0.889093 -0.343900 0.865775 -0.370540 0.336354 0 0 0 0 0 0
-41.552470 -1.146454 8.483004 0.308995 0.931116 0.193765 0.873682 -0.482801 0.059866 0 0 0 0 0 0
-41.225963 -1.227344 8.211523 0.318814 0.664033 0.676327 0.877046 -0.430193 -0.213830 0 0 0 0 0 0
-40.896429 -1.142357 7.956554 0.328341 0.156985 0.931422 0.874424 -0.254612 -0.412983 0 0 0 0 0 0
-40.564767 -0.943856 7.799052 0.333921 -0.418541 0.844583 0.865280 -0.002643 -0.501282 0 0 0 0 0 0
-40.351695 -1.432201 6.616164 0.332892 0.838099 -0.432173 0.173580 0.627719 -0.758840 0 0 0 0 0 0
-39.884044 -0.819673 4.791864 0.325501 0.934691 0.142838 0.841301 -0.491637 0.224736 0 0 0 0 0 0
-39.555079 -0.968312 4.581788 0.315018 0.686873 0.654957 0.836651 -0.538597 -0.099643 0 0 0 0 0 0
-39.115140 -1.051899 4.410963 0.280744 0.257642 0.924556 0.884435 -0.377727 -0.274038 0 0 0 0 0 0
-38.794554 -1.101126 4.281243 0.310467 -0.059697 0.948708 0.909286 0.140244 -0.391831 0 0 0 0 0 0
-38.516326 -0.700223 4.002184 0.299702 -0.565437 0.768414 0.859437 0.134714 -0.493173 0 0 0 0 0 0
-38.188865 -0.381984 3.999929 0.302069 -0.889093 0.343901 0.865775 0.370541 -0.336352 0 0 0 0 0 0
-37.864536 -0.148404 4.176868 0.309055 -0.931097 -0.193761 0.873696 0.482777 -0.059847 0 0 0 0 0 0
-37.537786 -0.067495 4.448328 0.318752 -0.664045 -0.676344 0.877081 0.430159 0.213758 0 0 0 0 0 0
-37.219295 -0.154380 4.702480 0.328344 -0.156985 -0.931422 0.869126 0.257584 0.422221 0 0 0 0 0 0
-36.889680 -0.350997 4.856366 0.333986 0.418528 -0.844564 0.865294 0.002619 0.501258 0 0 0 0 0 0
-36.556889 -0.592324 4.887472 0.332892 0.838099 -0.432173 0.852494 -0.275581 0.444194 0 0 0 0 0 0
-36.225314 -0.817613 4.791835 0.325502 0.934690 0.142838 0.841303 -0.491634 0.224735 0 0 0 0 0 0
-35.896330 -0.966271 4.581757 0.314955 0.686890 0.654970 0.836620 -0.538650 -0.099620 0 0 0 0 0 0
-35.457715 -1.060609 4.393729 0.277243 0.259906 0.924978 0.878230 -0.385981 -0.282367 0 0 0 0 0 0
-35.140341 -1.095131 4.275132 0.314419 -0.059339 0.947428 0.912838 0.154494 -0.377965 0 0 0 0 0 0
-34.855699 -0.703672 3.997236 0.299642 -0.565448 0.768429 0.859013 0.139961 -0.492451 0 0 0 0 0 0
-34.639677 -1.983742 3.191768 0.302129 0.889076 -0.343894 0.189600 0.521281 -0.832056 0 0 0 0 0 0
-34.218879 -1.140280 1.409404 0.308994 0.931115 0.193772 0.881128 -0.472015 0.028573 0 0 0 0 0 0
-33.887891 -1.227345 1.130276 0.318814 0.664033 0.676326 0.877047 -0.430188 -0.213838 0 0 0 0 0 0
-33.558358 -1.142356 0.875303 0.328342 0.156986 0.931422 0.874425 -0.254612 -0.412981 0 0 0 0 0 0
-33.226696 -0.943857 0.717793 0.333920 -0.418540 0.844584 0.865277 -0.002647 -0.501288 0 0 0 0 0 0
-32.894131 -0.702515 0.686718 0.332891 -0.838099 0.432173 0.852446 0.275654 -0.444242 0 0 0 0 0 0
-32.562491 -0.477240 0.782326 0.325501 -0.934691 -0.142834 0.841303 0.491636 -0.224727 0 0 0 0 0 0
-32.233386 -0.328601 0.992386 0.314955 -0.686886 -0.654974 0.836702 0.538531 0.099565 0 0 0 0 0 0
-31.794749 -0.234250 1.180437 0.277244 -0.259905 -0.924979 0.878230 0.385981 0.282367 0 0 0 0 0 0
-31.477374 -0.199724 1.299038 0.314419 0.059337 -0.947428 0.912838 -0.154491 0.377967 0 0 0 0 0 0
-31.192876 -0.591215 1.576936 0.299703 0.565438 -0.768413 0.858955 -0.140036 0.492530 0 0 0 0 0 0
-30.868159 -0.912872 1.578688 0.302068 0.889093 -0.343900 0.865775 -0.370542 0.336352 0 0 0 0 0 0
-30.543811 -1.146455 1.401746 0.308994 0.931115 0.193772 0.873679 -0.482803 0.059882 0 0 0 0 0 0
-30.217303 -1.227345 1.130276 0.318814 0.664033 0.676326 0.877047 -0.430188 -0.213838 0 0 0 0 0 0
-29.887769 -1.142356 0.875303 0.328342 0.156986 0.931422 0.874425 -0.254612 -0.412981 0 0 0 0 0 0
-29.556108 -0.943857 0.717793 0.333920 -0.418540 0.844584 0.865277 -0.002647 -0.501288 0 0 0 0 0 0
-29.343035 -1.432200 -0.465085 0.332891 0.838097 -0.432176 0.173580 0.627719 -0.758841 0 0 0 0 0 0
-28.875384 -0.819676 -2.289382 0.325501 0.934692 0.142831 0.841302 -0.491635 0.224736 0 0 0 0 0 0
-28.546424 -0.968311 -2.499471 0.315018 0.686872 0.654959 0.836650 -0.538598 -0.099645 0 0 0 0 0 0
-28.106482 -1.051900 -2.670292 0.280744 0.257642 0.924556 0.884436 -0.377725 -0.274039 0 0 0 0 0 0
-27.785895 -1.101126 -2.800014 0.310467 -0.059697 0.948708 0.909286 0.140244 -0.391831 0 0 0 0 0 0
-27.507525 -0.700251 -3.079070 0.299642 -0.565448 0.768429 0.859494 0.134637 -0.493095 0 0 0 0 0 0
-27.180272 -0.381969 -3.081298 0.302068 -0.889091 0.343907 0.865728 0.370637 -0.336367 0 0 0 0 0 0
-26.855878 -0.148400 -2.904382 0.309055 -0.931097 -0.193761 0.873696 0.482776 -0.059859 0 0 0 0 0 0
-26.529127 -0.067495 -2.632929 0.318753 -0.664049 -0.676340 0.877083 0.430151 0.213767 0 0 0 0 0 0
-26.173588 -0.147616 -2.373403 0.328341 -0.156984 -0.931423 0.885854 0.247447 0.392469 0 0 0 0 0 0
-25.835544 -0.351001 -2.206084 0.333922 0.418539 -0.844584 0.865278 0.002645 0.501285 0 0 0 0 0 0
-25.502977 -0.592343 -2.175008 0.332892 0.838099 -0.432173 0.852446 -0.275655 0.444241 0 0 0 0 0 0
-25.171337 -0.817612 -2.270615 0.325502 0.934691 0.142831 0.841307 -0.491634 0.224720 0 0 0 0 0 0
-24.842376 -0.966264 -2.480708 0.315016 0.686873 0.654959 0.836643 -0.538609 -0.099638 0 0 0 0 0 0
-24.403538 -1.060646 -2.668704 0.277245 0.259907 0.924978 0.878273 -0.385951 -0.282276 0 0 0 0 0 0
-24.086223 -1.095130 -2.787320 0.314421 -0.059340 0.947427 0.912839 0.154492 -0.377965 0 0 0 0 0 0
-23.801722 -0.703646 -3.065218 0.299704 -0.565440 0.768411 0.858954 0.140035 -0.492532 0 0 0 0 0 0
-23.585502 -1.983722 -3.870681 0.302068 0.889091 -0.343906 0.189595 0.521296 -0.832048 0 0 0 0 0 0
-23.170995 -1.145480 -5.641597 0.309056 0.931097 0.193761 0.873439 -0.483949 0.053820 0 0 0 0 0 0
-22.843454 -1.227364 -5.914181 0.318814 0.664033 0.676327 0.877091 -0.430130 -0.213772 0 0 0 0 0 0
-22.514104 -1.142340 -6.169201 0.328341 0.156985 0.931422 0.874361 -0.254643 -0.413097 0 0 0 0 0 0
-22.182482 -0.943859 -6.326677 0.333986 -0.418530 0.844563 0.865293 -0.002626 -0.501260 0 0 0 0 0 0
-21.849689 -0.702537 -6.357783 0.332891 -0.838099 0.432172 0.852494 0.275582 -0.444194 0 0 0 0 0 0
-21.518115 -0.477239 -6.262147 0.325501 -0.934690 -0.142838 0.841301 0.491637 -0.224735 0 0 0 0 0 0
-21.189150 -0.328600 -6.052071 0.315018 -0.686873 -0.654958 0.836650 0.538598 0.099643 0 0 0 0 0 0
-20.750433 -0.234230 -5.864024 0.277243 -0.259904 -0.924979 0.878207 0.386018 0.282387 0 0 0 0 0 0
-20.432987 -0.199680 -5.745461 0.314353 0.059338 -0.947450 0.912900 -0.154430 0.377843 0 0 0 0 0 0
-20.148566 -0.591217 -5.467564 0.299642 0.565448 -0.768429 0.858962 -0.140019 0.492524 0 0 0 0 0 0
-19.824009 -0.912883 -5.465826 0.302129 0.889076 -0.343894 0.865744 -0.370617 0.336347 0 0 0 0 0 0
-19.499514 -1.146473 -5.642713 0.309056 0.931097 0.193761 0.873674 -0.482814 0.059873 0 0 0 0 0 0
-19.172865 -1.227364 -5.914181 0.318814 0.664033 0.676327 0.877091 -0.430130 -0.213772 0 0 0 0 0 0
-18.843516 -1.142340 -6.169201 0.328341 0.156985 0.931422 0.874361 -0.254643 -0.413097 0 0 0 0 0 0
-18.511894 -0.943859 -6.326677 0.333986 -0.418530 0.844563 0.865293 -0.002626 -0.501260 0 0 0 0 0 0
-18.298614 -1.432194 -7.509563 0.332892 0.838099 -0.432173 0.173601 0.627719 -0.758835 0 0 0 0 0 0
-17.831008 -0.819672 -9.333857 0.325501 0.934692 0.142831 0.841305 -0.491637 0.224720 0 0 0 0 0 0
-17.502028 -0.968317 -9.543956 0.314954 0.686885 0.654976 0.836621 -0.538647 -0.099619 0 0 0 0 0 0
-17.062166 -1.051883 -9.714759 0.280678 0.257647 0.924574 0.884438 -0.377733 -0.274020 0 0 0 0 0 0
-16.741604 -1.101114 -9.844452 0.310467 -0.059697 0.948708 0.909305 0.140233 -0.391790 0 0 0 0 0 0
-16.463292 -0.700222 -10.123539 0.299704 -0.565440 0.768411 0.859436 0.134706 -0.493177 0 0 0 0 0 0
-16.135827 -0.381988 -10.125810 0.302068 -0.889091 0.343907 0.865772 0.370547 -0.336352 0 0 0 0 0 0
-15.811483 -0.148393 -9.948861 0.308994 -0.931117 -0.193765 0.873679 0.482803 -0.059879 0 0 0 0 0 0
-15.484976 -0.067521 -9.677387 0.318816 -0.664034 -0.676325 0.877053 0.430175 0.213841 0 0 0 0 0 0
-15.155439 -0.152505 -9.422415 0.328341 -0.156984 -0.931423 0.874422 0.254622 0.412982 0 0 0 0 0 0
-14.823779 -0.351001 -9.264902 0.333921 0.418538 -0.844584 0.865276 0.002645 0.501288 0 0 0 0 0 0
-14.491213 -0.592344 -9.233831 0.332892 0.838099 -0.432173 0.852448 -0.275656 0.444237 0 0 0 0 0 0
-14.159572 -0.817612 -9.329439 0.325502 0.934691 0.142831 0.841307 -0.491634 0.224719 0 0 0 0 0 0
-13.830611 -0.966264 -9.539532 0.315016 0.686872 0.654960 0.836642 -0.538612 -0.099635 0 0 0 0 0 0
-13.391797 -1.060644 -9.727534 0.277245 0.259908 0.924977 0.878261 -0.385960 -0.282298 0 0 0 0 0 0
-13.074467 -1.095134 -9.846144 0.314401 -0.059340 0.947434 0.912843 0.154489 -0.377955 0 0 0 0 0 0
-12.789967 -0.703652 -10.124034 0.299686 -0.565443 0.768416 0.858972 0.140016 -0.492507 0 0 0 0 0 0
-12.573783 -1.983728 -10.929506 0.302086 0.889086 -0.343904 0.189596 0.521291 -0.832051 0 0 0 0 0 0
-12.157445 -1.144413 -12.697129 0.309043 0.931101 0.193762 0.873680 -0.482805 0.059862 0 0 0 0 0 0
-11.830804 -1.225301 -12.968589 0.318804 0.664036 0.676328 0.877073 -0.430155 -0.213800 0 0 0 0 0 0
-11.501422 -1.140282 -13.223587 0.328354 0.156977 0.931419 0.874389 -0.254635 -0.413043 0 0 0 0 0 0
-11.169704 -0.941819 -13.381085 0.333947 -0.418533 0.844576 0.865299 -0.002643 -0.501249 0 0 0 0 0 0
-10.837046 -0.700471 -13.412172 0.332885 -0.838100 0.432175 0.852472 0.275616 -0.444216 0 0 0 0 0 0
-10.505434 -0.475187 -13.316551 0.325481 -0.934698 -0.142832 0.841301 0.491639 -0.224730 0 0 0 0 0 0
-10.176476 -0.326553 -13.106465 0.314997 -0.686888 -0.654951 0.836667 0.538568 0.099660 0 0 0 0 0 0
-9.736528 -0.242975 -12.935636 0.280691 -0.257638 -0.924573 0.884423 0.377781 0.274004 0 0 0 0 0 0
-9.416995 -0.191758 -12.801523 0.310461 0.059696 -0.948710 0.907996 -0.135182 0.396571 0 0 0 0 0 0
-9.138598 -0.592575 -12.522455 0.299680 0.565444 -0.768417 0.859454 -0.134682 0.493153 0 0 0 0 0 0
-8.811227 -0.910825 -12.520195 0.302086 0.889086 -0.343904 0.865751 -0.370590 0.336360 0 0 0 0 0 0
-8.486857 -1.144413 -12.697129 0.309043 0.931101 0.193762 0.873680 -0.482805 0.059862 0 0 0 0 0 0
-8.160216 -1.225301 -12.968589 0.318804 0.664036 0.676328 0.877073 -0.430155 -0.213800 0 0 0 0 0 0
-7.830834 -1.140282 -13.223587 0.328354 0.156977 0.931419 0.874389 -0.254635 -0.413043 0 0 0 0 0 0
-7.499115 -0.941819 -13.381085 0.333947 -0.418533 0.844576 0.865299 -0.002643 -0.501249 0 0 0 0 0 0
-7.285982 -1.430144 -14.563952 0.332886 0.838103 -0.432169 0.173583 0.627723 -0.758836 0 0 0 0 0 0
-6.818357 -0.817605 -16.388255 0.325483 0.934697 0.142839 0.841304 -0.491641 0.224713 0 0 0 0 0 0
-6.489385 -0.966257 -16.598349 0.314987 0.686885 0.654959 0.836664 -0.538574 -0.099656 0 0 0 0 0 0
-6.050658 -1.060623 -16.786422 0.277245 0.259908 0.924977 0.878235 -0.385976 -0.282359 0 0 0 0 0 0
-5.733283 -1.095129 -16.904973 0.314403 -0.059340 0.947433 0.912858 0.154510 -0.377912 0 0 0 0 0 0
-5.448791 -0.703654 -17.182871 0.299687 -0.565446 0.768413 0.858965 0.140002 -0.492522 0 0 0 0 0 0
-5.124127 -0.381988 -17.184626 0.302081 -0.889089 0.343900 0.865757 0.370590 -0.336345 0 0 0 0 0 0
-4.799779 -0.148392 -17.007716 0.309045 -0.931107 -0.193729 0.873681 0.482808 -0.059808 0 0 0 0 0 0
-4.473128 -0.067505 -16.736223 0.318803 -0.664037 -0.676328 0.877078 0.430171 0.213746 0 0 0 0 0 0
-4.143753 -0.152520 -16.481264 0.328361 -0.156986 -0.931415 0.874389 0.254621 0.413051 0 0 0 0 0 0
-3.801077 -0.349417 -16.319693 0.333941 0.418526 -0.844582 0.869888 0.006834 0.493202 0 0 0 0 0 0
-3.465831 -0.594407 -16.286565 0.332886 0.838103 -0.432169 0.852459 -0.275598 0.444251 0 0 0 0 0 0
-3.134204 -0.819663 -16.382181 0.325482 0.934697 0.142839 0.841310 -0.491631 0.224713 0 0 0 0 0 0
-2.805242 -0.968305 -16.592296 0.314974 0.686852 0.655000 0.836625 -0.538651 -0.099569 0 0 0 0 0 0
-2.366486 -1.062689 -16.780200 0.277245 0.259905 0.924978 0.878261 -0.385951 -0.282311 0 0 0 0 0 0
-2.049159 -1.097206 -16.898888 0.314403 -0.059333 0.947433 0.912823 0.154448 -0.378022 0 0 0 0 0 0
-1.764652 -0.705703 -17.176800 0.299688 -0.565444 0.768415 0.858967 0.140005 -0.492519 0 0 0 0 0 0
-1.548447 -1.985781 -17.982246 0.302082 0.889090 -0.343899 0.189602 0.521295 -0.832047 0 0 0 0 0 0
-1.132125 -1.146460 -19.749837 0.309045 0.931107 0.193730 0.873683 -0.482806 0.059807 0 0 0 0 0 0
-0.805480 -1.227360 -20.021330 0.318803 0.664039 0.676326 0.877071 -0.430184 -0.213747 0 0 0 0 0 0
-0.476100 -1.142340 -20.276289 0.328359 0.156988 0.931416 0.874394 -0.254616 -0.413045 0 0 0 0 0 0
-0.144383 -0.943874 -20.433837 0.333940 -0.418529 0.844581 0.865282 -0.002661 -0.501278 0 0 0 0 0 0
0.188270 -0.702510 -20.464918 0.332884 -0.838104 0.432168 0.852464 0.275592 -0.444246 0 0 0 0 0 0
0.519888 -0.477249 -20.369300 0.325482 -0.934697 -0.142839 0.841306 0.491638 -0.224713 0 0 0 0 0 0
0.848850 -0.328608 -20.159200 0.314991 -0.686883 -0.654960 0.836662 0.538575 0.099666 0 0 0 0 0 0
1.288779 -0.245022 -19.988328 0.280701 -0.257645 -0.924568 0.884426 0.377739 0.274050 0 0 0 0 0 0
1.608354 -0.193821 -19.854249 0.310452 0.059696 -0.948713 0.908013 -0.135210 0.396523 0 0 0 0 0 0
1.886710 -0.594637 -19.575182 0.299687 0.565446 -0.768413 0.859446 -0.134660 0.493172 0 0 0 0 0 0
2.214113 -0.912870 -19.572927 0.302081 0.889090 -0.343899 0.865757 -0.370589 0.336347 0 0 0 0 0 0
2.538462 -1.146459 -19.749837 0.309046 0.931107 0.193730 0.873683 -0.482805 0.059807 0 0 0 0 0 0
2.865113 -1.227360 -20.021329 0.318803 0.664039 0.676326 0.877073 -0.430181 -0.213744 0 0 0 0 0 0
3.194486 -1.142339 -20.276290 0.328361 0.156987 0.931415 0.874391 -0.254617 -0.413051 0 0 0 0 0 0
3.526202 -0.943873 -20.433838 0.333940 -0.418529 0.844581 0.865280 -0.002661 -0.501281 0 0 0 0 0 0
3.723103 -1.428229 -21.752183 0.332886 0.838103 -0.432169 0.170682 0.617441 -0.767877 0 0 0 0 0 0
4.206972 -0.819663 -23.582181 0.325482 0.934697 0.142839 0.841310 -0.491631 0.224713 0 0 0 0 0 0
4.535935 -0.968305 -23.792296 0.314974 0.686852 0.655000 0.836625 -0.538651 -0.099569 0 0 0 0 0 0
4.974691 -1.062689 -23.980200 0.277245 0.259905 0.924978 0.878261 -0.385951 -0.282311 0 0 0 0 0 0
5.292018 -1.097206 -24.098888 0.314403 -0.059333 0.947433 0.912823 0.154448 -0.378022 0 0 0 0 0 0
5.576525 -0.705703 -24.376800 0.299688 -0.565444 0.768415 0.858967 0.140005 -0.492519 0 0 0 0 0 0
5.901191 -0.384039 -24.378554 0.302080 -0.889090 0.343899 0.865756 0.370587 -0.336351 0 0 0 0 0 0
7.082529 -0.999444 -24.699380 -0.262468 0.000000 0.964941 0.342087 0.569186 0.747665 0 0 0 0 0 0
6.394259 0.000000 -20.689529 0.000000 1.000000 0.000000 0.000000 0.000000 1.000000 0 0 0 0 0 0
6.797847 0.000000 -20.828706 0.000000 1.000000 0.000000 0.000000 0.000000 1.000000 0 0 0 0 0 0
7.249647 0.000000 -21.411882 0.000000 1.000000 0.000000 0.000000 0.000000 1.000000 0 0 0 0 0 0
6.921306 0.000000 -22.072471 0.000000 1.000000 0.000000 0.000000 0.000000 1.000000 0 0 0 0 0 0
7.489432 0.484853 -26.043997 -0.256948 0.000000 0.966425 -0.828814 -0.376755 -0.413671 0 0 0 0 0 0
6.154824 -0.337689 -27.078210 -0.302081 -0.889090 0.343899 -0.852975 0.442835 -0.276280 0 0 0 0 0 0
5.616396 -0.236707 -27.284830 -0.299687 -0.565446 0.768413 -0.860330 0.440214 -0.256988 0 0 0 0 0 0
5.248901 -0.358261 -27.407974 -0.314403 -0.059338 0.947433 -0.929869 0.154557 -0.333850 0 0 0 0 0 0
4.785928 -0.180147 -27.606812 -0.277245 0.259906 0.924978 -0.906768 0.018100 -0.421241 0 0 0 0 0 0
4.611595 -0.647167 -27.740328 -0.314988 0.686883 0.654961 -0.888895 -0.294239 -0.351125 0 0 0 0 0 0
4.244736 -0.969701 -27.653578 -0.325482 0.934697 0.142839 -0.875667 -0.415454 -0.246181 0 0 0 0 0 0
3.914016 -1.122320 -27.452058 -0.332885 0.838104 -0.432168 -0.865768 -0.500394 0.007197 0 0 0 0 0 0
3.581995 -1.149314 -27.209716 -0.333940 0.418529 -0.844581 -0.852266 -0.438266 0.285597 0 0 0 0 0 0
3.250489 -1.049918 -26.984231 -0.328361 -0.156987 -0.931415 -0.840866 -0.213508 0.497351 0 0 0 0 0 0
2.921092 -0.836098 -26.837218 -0.318803 -0.664039 -0.676326 -0.836266 0.111425 0.536884 0 0 0 0 0 0
2.594327 -0.560285 -26.835447 -0.309046 -0.931107 -0.193730 -0.839698 0.400875 0.366343 0 0 0 0 0 0
2.269552 -0.325442 -27.003384 -0.302081 -0.889090 0.343899 -0.848909 0.525555 0.056080 0 0 0 0 0 0
1.945808 -0.236707 -27.284830 -0.299687 -0.565446 0.768413 -0.860330 0.440214 -0.256988 0 0 0 0 0 0
1.578711 -0.354926 -27.427667 -0.310452 -0.059696 0.948713 -0.923931 0.161504 -0.346798 0 0 0 0 0 0
1.115541 -0.184250 -27.607756 -0.280701 0.257645 0.924568 -0.915543 0.001147 -0.402219 0 0 0 0 0 0
0.938953 -0.645812 -27.741019 -0.314991 0.686883 0.654960 -0.888349 -0.296584 -0.350534 0 0 0 0 0 0
0.574140 -0.969701 -27.653579 -0.325482 0.934697 0.142839 -0.875669 -0.415451 -0.246180 0 0 0 0 0 0
0.243427 -1.122320 -27.452057 -0.332884 0.838104 -0.432168 -0.865765 -0.500399 0.007198 0 0 0 0 0 0
-0.088587 -1.149314 -27.209715 -0.333940 0.418529 -0.844581 -0.852263 -0.438269 0.285601 0 0 0 0 0 0
-0.420100 -1.049919 -26.984232 -0.328359 -0.156988 -0.931416 -0.840869 -0.213509 0.497346 0 0 0 0 0 0
-0.749498 -0.836099 -26.837219 -0.318803 -0.664039 -0.676326 -0.836268 0.111423 0.536880 0 0 0 0 0 0
-1.076263 -0.560284 -26.835447 -0.309045 -0.931107 -0.193730 -0.839696 0.400877 0.366344 0 0 0 0 0 0
-1.401032 -0.325442 -27.003385 -0.302082 -0.889090 0.343899 -0.848907 0.525558 0.056079 0 0 0 0 0 0
-1.724781 -0.236706 -27.284829 -0.299687 -0.565446 0.768413 -0.860331 0.440213 -0.256987 0 0 0 0 0 0
-2.092275 -0.358261 -27.407974 -0.314403 -0.059338 0.947433 -0.929869 0.154557 -0.333850 0 0 0 0 0 0
-2.555249 -0.180147 -27.606812 -0.277245 0.259906 0.924978 -0.906768 0.018100 -0.421241 0 0 0 0 0 0
-2.729581 -0.647167 -27.740328 -0.314988 0.686883 0.654961 -0.888895 -0.294239 -0.351125 0 0 0 0 0 0
-3.096440 -0.969701 -27.653578 -0.325482 0.934697 0.142839 -0.875667 -0.415454 -0.246181 0 0 0 0 0 0
-3.427160 -1.122320 -27.452058 -0.332885 0.838104 -0.432168 -0.865768 -0.500394 0.007197 0 0 0 0 0 0
-3.759182 -1.149314 -27.209716 -0.333940 0.418529 -0.844581 -0.852266 -0.438266 0.285597 0 0 0 0 0 0
-4.102851 -1.050032 -26.992386 -0.328361 -0.156980 -0.931416 -0.850398 -0.207832 0.483353 0 0 0 0 0 0
-4.244553 -0.833019 -26.189920 -0.318803 0.664037 0.676328 -0.141497 0.623322 0.769057 0 0 0 0 0 0
-4.743913 -0.734575 -24.322105 -0.309045 0.931107 0.193729 -0.839696 -0.400873 -0.366348 0 0 0 0 0 0
-5.068687 -0.969411 -24.154168 -0.302081 0.889089 -0.343900 -0.848911 -0.525553 -0.056080 0 0 0 0 0 0
-5.392432 -1.058151 -23.872724 -0.299687 0.565446 -0.768413 -0.860329 -0.440218 0.256987 0 0 0 0 0 0
-5.759928 -0.936599 -23.749578 -0.314403 0.059340 -0.947433 -0.929869 -0.154556 0.333850 0 0 0 0 0 0
-6.222899 -1.114709 -23.550741 -0.277245 -0.259908 -0.924977 -0.906768 -0.018103 0.421241 0 0 0 0 0 0
-6.397233 -0.647691 -23.417225 -0.314987 -0.686885 -0.654959 -0.888894 0.294238 0.351128 0 0 0 0 0 0
-6.764104 -0.325159 -23.503972 -0.325483 -0.934697 -0.142839 -0.875674 0.415444 0.246174 0 0 0 0 0 0
-7.094815 -0.172542 -23.705497 -0.332886 -0.838103 0.432169 -0.865764 0.500401 -0.007204 0 0 0 0 0 0
-7.426834 -0.145550 -23.947835 -0.333941 -0.418526 0.844583 -0.852265 0.438267 -0.285597 0 0 0 0 0 0
-7.758341 -0.244939 -24.173321 -0.328361 0.156986 0.931415 -0.840865 0.213510 -0.497352 0 0 0 0 0 0
-8.087736 -0.458761 -24.320335 -0.318803 0.664037 0.676328 -0.836267 -0.111428 -0.536881 0 0 0 0 0 0
-8.414502 -0.734575 -24.322105 -0.309045 0.931107 0.193729 -0.839696 -0.400873 -0.366348 0 0 0 0 0 0
-8.739276 -0.969411 -24.154168 -0.302081 0.889089 -0.343900 -0.848911 -0.525553 -0.056080 0 0 0 0 0 0
-9.063020 -1.058151 -23.872724 -0.299687 0.565446 -0.768413 -0.860329 -0.440218 0.256987 0 0 0 0 0 0
-9.430118 -0.939932 -23.729886 -0.310450 0.059697 -0.948713 -0.923931 -0.161503 0.346798 0 0 0 0 0 0
-9.893284 -1.110608 -23.549799 -0.280705 -0.257641 -0.924568 -0.915544 -0.001142 0.402215 0 0 0 0 0 0
-9.950106 -1.155914 -22.421376 -0.314994 0.686882 0.654959 -0.166352 0.531178 0.830769 0 0 0 0 0 0
-10.451190 -0.967652 -20.459652 -0.325481 0.934697 0.142839 -0.875670 -0.415448 -0.246181 0 0 0 0 0 0
-10.781892 -1.120260 -20.258125 -0.332886 0.838103 -0.432169 -0.865766 -0.500398 0.007205 0 0 0 0 0 0
-11.113912 -1.147254 -20.015789 -0.333941 0.418526 -0.844583 -0.852265 -0.438269 0.285596 0 0 0 0 0 0
-11.445420 -1.047872 -19.790301 -0.328361 -0.156980 -0.931416 -0.840866 -0.213507 0.497352 0 0 0 0 0 0
-11.774824 -0.834044 -19.643290 -0.318804 -0.664036 -0.676328 -0.836275 0.111421 0.536870 0 0 0 0 0 0
-12.101581 -0.558226 -19.641520 -0.309045 -0.931107 -0.193729 -0.839688 0.400885 0.366353 0 0 0 0 0 0
-12.426351 -0.323390 -19.809455 -0.302087 -0.889088 0.343898 -0.848912 0.525551 0.056078 0 0 0 0 0 0
-12.750120 -0.234651 -20.090899 -0.299681 -0.565447 0.768415 -0.860333 0.440213 -0.256980 0 0 0 0 0 0
-13.117585 -0.356212 -20.214046 -0.314410 -0.059338 0.947431 -0.929866 0.154555 -0.333859 0 0 0 0 0 0
-13.580572 -0.178071 -20.413014 -0.277220 0.259889 0.924990 -0.906724 0.018136 -0.421334 0 0 0 0 0 0
-13.754886 -0.645146 -20.546391 -0.314969 0.686888 0.654965 -0.888925 -0.294287 -0.351010 0 0 0 0 0 0
-14.121755 -0.967648 -20.459647 -0.325449 0.934708 0.142840 -0.875671 -0.415442 -0.246188 0 0 0 0 0 0
-14.452485 -1.120241 -20.258136 -0.332893 0.838101 -0.432168 -0.865806 -0.500328 0.007193 0 0 0 0 0 0
-14.784573 -1.147258 -20.015785 -0.333915 0.418530 -0.844591 -0.852254 -0.438290 0.285597 0 0 0 0 0 0
-15.115974 -1.047856 -19.790298 -0.328348 -0.156981 -0.931421 -0.840834 -0.213514 0.497403 0 0 0 0 0 0
-15.256303 -0.833020 -18.989921 -0.318816 0.664034 0.676325 -0.141509 0.623320 0.769056 0 0 0 0 0 0
-15.755747 -0.734576 -17.122115 -0.308996 0.931123 0.193732 -0.839695 -0.400854 -0.366373 0 0 0 0 0 0
-16.080384 -0.969400 -16.954153 -0.302069 0.889093 -0.343901 -0.848896 -0.525578 -0.056069 0 0 0 0 0 0
-16.404149 -1.058145 -16.672724 -0.299705 0.565442 -0.768409 -0.860332 -0.440208 0.256992 0 0 0 0 0 0
-16.771273 -0.939934 -16.529879 -0.310463 0.059697 -0.948709 -0.923924 -0.161502 0.346817 0 0 0 0 0 0
-17.236513 -1.112573 -16.353663 -0.280678 -0.257647 -0.924574 -0.917242 -0.003148 0.398317 0 0 0 0 0 0
-17.412018 -0.651105 -16.220915 -0.314957 -0.686891 -0.654968 -0.888362 0.296562 0.350520 0 0 0 0 0 0
-17.776686 -0.327194 -16.308374 -0.325501 -0.934691 -0.142838 -0.875623 0.415544 0.246186 0 0 0 0 0 0
-18.107448 -0.174611 -16.509974 -0.332882 -0.838075 0.432227 -0.865763 0.500402 -0.007236 0 0 0 0 0 0
-18.439496 -0.147592 -16.752200 -0.333980 -0.418520 0.844570 -0.852292 0.438233 -0.285571 0 0 0 0 0 0
-18.771097 -0.246974 -16.977702 -0.328348 0.156986 0.931420 -0.840883 0.213523 -0.497317 0 0 0 0 0 0
-19.100482 -0.460808 -17.124709 -0.318753 0.664049 0.676340 -0.836276 -0.111393 -0.536875 0 0 0 0 0 0
-19.427116 -0.736650 -17.126592 -0.309053 0.931091 0.193793 -0.839645 -0.400919 -0.366415 0 0 0 0 0 0
-19.751991 -0.971470 -16.958531 -0.302068 0.889094 -0.343900 -0.848968 -0.525466 -0.056021 0 0 0 0 0 0
-20.075742 -1.060197 -16.677094 -0.299645 0.565451 -0.768425 -0.860316 -0.440237 0.256995 0 0 0 0 0 0
-20.443157 -0.938632 -16.553965 -0.314423 0.059333 -0.947427 -0.929868 -0.154551 0.333856 0 0 0 0 0 0
-20.906235 -1.116781 -16.355112 -0.277245 -0.259905 -0.924978 -0.906777 -0.018106 0.421222 0 0 0 0 0 0
-20.975209 -1.155356 -15.366594 -0.315014 0.686863 0.654970 -0.169875 0.544155 0.821607 0 0 0 0 0 0
-21.463834 -0.969695 -13.405210 -0.325503 0.934694 0.142810 -0.875699 -0.415455 -0.246067 0 0 0 0 0 0
-21.794588 -1.122321 -13.203737 -0.332894 0.838107 -0.432155 -0.865775 -0.500382 0.007235 0 0 0 0 0 0
-22.126584 -1.149309 -12.961404 -0.333992 0.418538 -0.844556 -0.852291 -0.438230 0.285578 0 0 0 0 0 0
-22.458205 -1.049934 -12.735904 -0.328341 -0.156985 -0.931422 -0.840871 -0.213538 0.497330 0 0 0 0 0 0
-22.787443 -0.836069 -12.588930 -0.318814 -0.664033 -0.676327 -0.836234 0.111484 0.536920 0 0 0 0 0 0
-23.114277 -0.560277 -12.587084 -0.309056 -0.931097 -0.193761 -0.839709 0.400833 0.366363 0 0 0 0 0 0
-23.438811 -0.322626 -12.751960 -0.302068 -0.889091 0.343906 -0.846616 0.528436 0.063219 0 0 0 0 0 0
-23.761840 -0.234659 -13.032110 -0.299704 -0.565440 0.768411 -0.860332 0.440201 -0.257006 0 0 0 0 0 0
-24.129352 -0.356208 -13.155260 -0.314421 -0.059337 0.947427 -0.929862 0.154551 -0.333873 0 0 0 0 0 0
-24.592335 -0.178071 -13.354196 -0.277236 0.259897 0.924983 -0.906738 0.018145 -0.421305 0 0 0 0 0 0
-24.766691 -0.645119 -13.487574 -0.314960 0.686897 0.654960 -0.888936 -0.294271 -0.350994 0 0 0 0 0 0
-25.133538 -0.967636 -13.400828 -0.325436 0.934714 0.142834 -0.875670 -0.415444 -0.246187 0 0 0 0 0 0
-25.464236 -1.120235 -13.199303 -0.332892 0.838098 -0.432174 -0.865797 -0.500343 0.007217 0 0 0 0 0 0
-25.796347 -1.147257 -12.956993 -0.333921 0.418538 -0.844585 -0.852264 -0.438281 0.285579 0 0 0 0 0 0
-26.127740 -1.047856 -12.731488 -0.328342 -0.156978 -0.931423 -0.840824 -0.213524 0.497416 0 0 0 0 0 0
-26.297834 -0.833919 -11.945441 -0.318753 0.664049 0.676340 -0.149162 0.624042 0.767021 0 0 0 0 0 0
-26.799907 -0.734589 -10.077639 -0.309055 0.931097 0.193761 -0.839656 -0.400924 -0.366384 0 0 0 0 0 0
-27.124811 -0.969412 -9.909670 -0.302068 0.889091 -0.343907 -0.848952 -0.525484 -0.056095 0 0 0 0 0 0
-27.448542 -1.058151 -9.628219 -0.299642 0.565448 -0.768429 -0.860308 -0.440252 0.256999 0 0 0 0 0 0
-27.815581 -0.939918 -9.485455 -0.310467 0.059697 -0.948708 -0.923955 -0.161467 0.346749 0 0 0 0 0 0
-28.280750 -1.112535 -9.309159 -0.280744 -0.257642 -0.924556 -0.917170 -0.003111 0.398484 0 0 0 0 0 0
-28.456320 -0.651108 -9.176432 -0.315018 -0.686873 -0.654957 -0.888360 0.296605 0.350489 0 0 0 0 0 0
-28.821121 -0.327209 -9.263917 -0.325501 -0.934692 -0.142831 -0.875677 0.415457 0.246140 0 0 0 0 0 0
-29.151846 -0.174598 -9.465458 -0.332891 -0.838096 0.432179 -0.865771 0.500388 -0.007217 0 0 0 0 0 0
-29.483876 -0.147597 -9.707769 -0.333921 -0.418538 0.844584 -0.852266 0.438274 -0.285585 0 0 0 0 0 0
-29.815250 -0.247008 -9.933258 -0.328405 0.156979 0.931401 -0.840851 0.213481 -0.497388 0 0 0 0 0 0
-30.144778 -0.460818 -10.080276 -0.318814 0.664031 0.676328 -0.836281 -0.111420 -0.536861 0 0 0 0 0 0
-30.471547 -0.736633 -10.082088 -0.309055 0.931097 0.193761 -0.839714 -0.400837 -0.366347 0 0 0 0 0 0
-30.796262 -0.971491 -9.914073 -0.302068 0.889094 -0.343900 -0.848872 -0.525616 -0.056077 0 0 0 0 0 0
-31.119954 -1.060191 -9.632640 -0.299703 0.565434 -0.768415 -0.860332 -0.440202 0.257004 0 0 0 0 0 0
-31.487470 -0.938649 -9.509496 -0.314419 0.059332 -0.947428 -0.929860 -0.154557 0.333875 0 0 0 0 0 0
-31.950462 -1.116784 -9.310622 -0.277243 -0.259903 -0.924979 -0.906762 -0.018125 0.421253 0 0 0 0 0 0
-32.019585 -1.155361 -8.322069 -0.314955 0.686888 0.654972 -0.169884 0.544158 0.821603 0 0 0 0 0 0
-32.508146 -0.969682 -6.360772 -0.325502 0.934691 0.142831 -0.875699 -0.415424 -0.246119 0 0 0 0 0 0
-32.838952 -1.122319 -6.159250 -0.332891 0.838099 -0.432172 -0.865772 -0.500387 0.007229 0 0 0 0 0 0
-33.170981 -1.149318 -5.916930 -0.333921 0.418541 -0.844583 -0.852266 -0.438278 0.285580 0 0 0 0 0 0
-33.502375 -1.049901 -5.691440 -0.328341 -0.156985 -0.931422 -0.840828 -0.213521 0.497411 0 0 0 0 0 0
-33.831801 -0.836101 -5.544456 -0.318814 -0.664033 -0.676327 -0.836308 0.111413 0.536821 0 0 0 0 0 0
-34.158673 -0.560271 -5.542601 -0.308994 -0.931115 -0.193772 -0.839687 0.400850 0.366394 0 0 0 0 0 0
-34.494915 -0.320700 -5.692399 -0.302129 -0.889076 0.343894 -0.847398 0.523321 0.089729 0 0 0 0 0 0
-34.816039 -0.234631 -5.969642 -0.299642 -0.565448 0.768429 -0.860358 0.440195 -0.256927 0 0 0 0 0 0
-35.183412 -0.356219 -6.092794 -0.314353 -0.059338 0.947450 -0.929868 0.154557 -0.333852 0 0 0 0 0 0
-35.646375 -0.178086 -6.291643 -0.277243 0.259904 0.924979 -0.906778 0.018124 -0.421218 0 0 0 0 0 0
-35.820671 -0.645138 -6.425163 -0.315018 0.686873 0.654957 -0.888858 -0.294336 -0.351138 0 0 0 0 0 0
-36.187567 -0.967652 -6.338384 -0.325501 0.934692 0.142831 -0.875676 -0.415459 -0.246141 0 0 0 0 0 0
-36.518293 -1.120258 -6.136843 -0.332891 0.838096 -0.432180 -0.865773 -0.500385 0.007219 0 0 0 0 0 0
-36.850323 -1.147259 -5.894533 -0.333921 0.418538 -0.844585 -0.852265 -0.438275 0.285585 0 0 0 0 0 0
-37.181841 -1.047878 -5.669059 -0.328342 -0.156978 -0.931423 -0.840905 -0.213507 0.497287 0 0 0 0 0 0
-37.310503 -0.832668 -4.864150 -0.318752 0.664045 0.676344 -0.138467 0.623153 0.769745 0 0 0 0 0 0
-37.808563 -0.734591 -2.996380 -0.309055 0.931097 0.193761 -0.839661 -0.400925 -0.366372 0 0 0 0 0 0
-38.133472 -0.969414 -2.828425 -0.302069 0.889093 -0.343901 -0.848953 -0.525483 -0.056100 0 0 0 0 0 0
-38.457179 -1.058145 -2.546966 -0.299702 0.565437 -0.768414 -0.860327 -0.440212 0.257002 0 0 0 0 0 0
-38.824316 -0.939933 -2.404180 -0.310467 0.059697 -0.948708 -0.923943 -0.161481 0.346776 0 0 0 0 0 0
-39.289409 -1.112535 -2.227905 -0.280745 -0.257643 -0.924555 -0.917171 -0.003111 0.398482 0 0 0 0 0 0
-39.464979 -0.651109 -2.095172 -0.315018 -0.686872 -0.654958 -0.888358 0.296604 0.350493 0 0 0 0 0 0
-39.829779 -0.327210 -2.182660 -0.325501 -0.934691 -0.142838 -0.875680 0.415461 0.246122 0 0 0 0 0 0
-40.160503 -0.174596 -2.384208 -0.332891 -0.838097 0.432176 -0.865772 0.500386 -0.007213 0 0 0 0 0 0
-40.492535 -0.147598 -2.626515 -0.333921 -0.418538 0.844585 -0.852265 0.438279 -0.285581 0 0 0 0 0 0
-40.823908 -0.247008 -2.852001 -0.328408 0.156980 0.931400 -0.840852 0.213482 -0.497387 0 0 0 0 0 0
-41.153438 -0.460814 -2.999020 -0.318814 0.664031 0.676328 -0.836281 -0.111425 -0.536860 0 0 0 0 0 0
-41.480207 -0.736636 -3.000844 -0.309055 0.931097 0.193761 -0.839708 -0.400831 -0.366368 0 0 0 0 0 0
-41.804919 -0.971488 -2.832821 -0.302068 0.889094 -0.343900 -0.848875 -0.525612 -0.056057 0 0 0 0 0 0
-42.128613 -1.060191 -2.551384 -0.299703 0.565434 -0.768415 -0.860332 -0.440202 0.257004 0 0 0 0 0 0
-42.496276 -0.938675 -2.428265 -0.314353 0.059333 -0.947450 -0.929898 -0.154585 0.333758 0 0 0 0 0 0
-42.959064 -1.116736 -2.229382 -0.277244 -0.259904 -0.924979 -0.906714 -0.018077 0.421359 0 0 0 0 0 0
-43.028229 -1.155359 -1.240821 -0.315017 0.686871 0.654960 -0.169913 0.544153 0.821600 0 0 0 0 0 0
-43.516884 -0.969702 0.720470 -0.325501 0.934691 0.142834 -0.875680 -0.415456 -0.246131 0 0 0 0 0 0
-43.847611 -1.122321 0.922005 -0.332891 0.838099 -0.432173 -0.865770 -0.500390 0.007214 0 0 0 0 0 0
-44.179639 -1.149318 1.164324 -0.333920 0.418540 -0.844584 -0.852265 -0.438277 0.285584 0 0 0 0 0 0
-44.511033 -1.049901 1.389816 -0.328342 -0.156985 -0.931422 -0.840828 -0.213521 0.497411 0 0 0 0 0 0
-44.840460 -0.836102 1.536801 -0.318814 -0.664033 -0.676326 -0.836308 0.111413 0.536821 0 0 0 0 0 0
-45.167330 -0.560274 1.538643 -0.308995 -0.931116 -0.193765 -0.839690 0.400852 0.366386 0 0 0 0 0 0
-45.461799 -0.316285 1.376675 -0.302068 -0.889093 0.343900 -0.821549 0.564822 0.077672 0 0 0 0 0 0
-45.779579 -0.234660 1.107336 -0.299703 -0.565438 0.768413 -0.860330 0.440208 -0.257002 0 0 0 0 0 0
-46.147093 -0.356206 0.984189 -0.314419 -0.059337 0.947428 -0.929861 0.154549 -0.333875 0 0 0 0 0 0
-46.610084 -0.178080 0.785316 -0.277243 0.259904 0.924979 -0.906762 0.018127 -0.421253 0 0 0 0 0 0
-46.784420 -0.645105 0.651826 -0.315017 0.686871 0.654959 -0.888919 -0.294236 -0.351067 0 0 0 0 0 0
-47.151331 -0.967653 0.738611 -0.325501 0.934691 0.142834 -0.875679 -0.415460 -0.246131 0 0 0 0 0 0
-47.482058 -1.120260 0.940149 -0.332892 0.838098 -0.432174 -0.865775 -0.500382 0.007218 0 0 0 0 0 0
-47.814087 -1.147258 1.182463 -0.333921 0.418537 -0.844585 -0.852264 -0.438280 0.285582 0 0 0 0 0 0
-48.145463 -1.047856 1.407950 -0.328407 -0.156975 -0.931401 -0.840852 -0.213479 0.497387 0 0 0 0 0 0
-48.274163 -0.832665 2.212847 -0.318814 0.664031 0.676329 -0.138479 0.623151 0.769744 0 0 0 0 0 0
-48.772393 -0.734580 4.080580 -0.309055 0.931097 0.193761 -0.839713 -0.400837 -0.366348 0 0 0 0 0 0
-49.097088 -0.969421 4.248606 -0.302129 0.889073 -0.343900 -0.848898 -0.525577 -0.056044 0 0 0 0 0 0
-49.421031 -1.058176 4.530007 -0.299642 0.565448 -0.768429 -0.860358 -0.440200 0.256922 0 0 0 0 0 0
-49.788023 -0.939919 4.672801 -0.310402 0.059699 -0.948729 -0.923949 -0.161490 0.346755 0 0 0 0 0 0
-50.253109 -1.112529 4.849064 -0.280678 -0.257647 -0.924574 -0.917176 -0.003122 0.398471 0 0 0 0 0 0
-50.428678 -0.651110 4.981801 -0.314955 -0.686888 -0.654972 -0.888368 0.296589 0.350480 0 0 0 0 0 0
-50.793483 -0.327220 4.894317 -0.325437 -0.934713 -0.142834 -0.875683 0.415438 0.246151 0 0 0 0 0 0
-51.124186 -0.174624 4.692789 -0.332891 -0.838096 0.432179 -0.865794 0.500348 -0.007218 0 0 0 0 0 0
-51.456299 -0.147597 4.450481 -0.333921 -0.418538 0.844584 -0.852266 0.438274 -0.285585 0 0 0 0 0 0
-51.787694 -0.247008 4.224984 -0.328341 0.156983 0.931423 -0.840827 0.213522 -0.497411 0 0 0 0 0 0
-52.352966 0.084187 3.810056 0.999521 0.000000 -0.030964 0.624434 -0.274297 -0.731330 0 0 0 0 0 0
-43.740706 0.000000 2.921694 0.000000 1.000000 0.000000 0.000000 0.000000 1.000000 0 0 0 0 0 0
-44.126941 0.000000 3.550165 0.000000 1.000000 0.000000 0.000000 0.000000 1.000000 0 0 0 0 0 0
-51.889679 0.107929 5.615496 0.997535 0.000000 -0.070173 -0.086944 0.507939 -0.856994 0 0 0 0 0 0
-52.079492 -0.188526 4.693517 0.328341 -0.156983 -0.931423 0.852007 -0.046387 0.521471 0 0 0 0 0 0
-51.512013 -0.353054 4.874571 0.333921 0.418538 -0.844584 0.865281 0.002638 0.501280 0 0 0 0 0 0
-51.179447 -0.594399 4.905656 0.332891 0.838096 -0.432179 0.852445 -0.275656 0.444243 0 0 0 0 0 0
-50.847668 -0.819660 4.810065 0.325437 0.934713 0.142834 0.841356 -0.491532 0.224758 0 0 0 0 0 0
-50.518770 -0.968291 4.599955 0.314955 0.686888 0.654972 0.836653 -0.538596 -0.099624 0 0 0 0 0 0
-50.078825 -1.051881 4.429143 0.280678 0.257647 0.924574 0.884437 -0.377738 -0.274017 0 0 0 0 0 0
-49.758244 -1.101116 4.299433 0.310402 -0.059699 0.948729 0.909293 0.140246 -0.391812 0 0 0 0 0 0
-49.480016 -0.700221 4.020373 0.299642 -0.565448 0.768429 0.859443 0.134696 -0.493167 0 0 0 0 0 0
-49.152714 -0.381976 4.018131 0.302129 -0.889073 0.343900 0.865747 0.370625 -0.336332 0 0 0 0 0 0
-48.828223 -0.148378 4.195036 0.309055 -0.931097 -0.193761 0.873674 0.482814 -0.059865 0 0 0 0 0 0
-48.501570 -0.067500 4.466493 0.318814 -0.664031 -0.676329 0.877096 0.430127 0.213761 0 0 0 0 0 0
-48.182981 -0.154362 4.720679 0.328341 -0.156984 -0.931423 0.869100 0.257609 0.422260 0 0 0 0 0 0
-47.853302 -0.350972 4.874528 0.333921 0.418538 -0.844584 0.865349 0.002674 0.501162 0 0 0 0 0 0
-47.520719 -0.592344 4.905614 0.332892 0.838099 -0.432173 0.852448 -0.275656 0.444237 0 0 0 0 0 0
-47.189076 -0.817615 4.810016 0.325502 0.934691 0.142831 0.841302 -0.491633 0.224740 0 0 0 0 0 0
-46.860117 -0.966264 4.599928 0.315017 0.686875 0.654956 0.836646 -0.538604 -0.099644 0 0 0 0 0 0
-46.421282 -1.060644 4.411917 0.277243 0.259906 0.924978 0.878269 -0.385956 -0.282280 0 0 0 0 0 0
-46.103944 -1.095131 4.293293 0.314353 -0.059341 0.947450 0.912831 0.154514 -0.377974 0 0 0 0 0 0
-45.819550 -0.703646 4.015429 0.299702 -0.565437 0.768414 0.858982 0.140028 -0.492486 0 0 0 0 0 0
-45.603244 -1.983722 3.209940 0.302068 0.889093 -0.343900 0.189596 0.521298 -0.832047 0 0 0 0 0 0
-45.223142 -1.147270 1.422799 0.308995 0.931116 0.193765 0.857288 -0.514185 0.025890 0 0 0 0 0 0
-44.896551 -1.227345 1.152702 0.318814 0.664033 0.676326 0.877047 -0.430193 -0.213829 0 0 0 0 0 0
-44.567017 -1.142356 0.897735 0.328342 0.156985 0.931422 0.874425 -0.254612 -0.412982 0 0 0 0 0 0
-44.235355 -0.943857 0.740224 0.333920 -0.418540 0.844584 0.865277 -0.002646 -0.501287 0 0 0 0 0 0
-43.902790 -0.702514 0.709149 0.332891 -0.838099 0.432173 0.852446 0.275653 -0.444243 0 0 0 0 0 0
-43.571150 -0.477240 0.804758 0.325501 -0.934691 -0.142834 0.841303 0.491636 -0.224727 0 0 0 0 0 0
-43.242188 -0.328601 1.014846 0.315017 -0.686871 -0.654960 0.836649 0.538600 0.099643 0 0 0 0 0 0
-42.803351 -0.234214 1.202851 0.277243 -0.259904 -0.924979 0.878268 0.385956 0.282281 0 0 0 0 0 0
-42.486033 -0.199724 1.321471 0.314419 0.059337 -0.947428 0.912838 -0.154491 0.377967 0 0 0 0 0 0
-42.201535 -0.591215 1.599369 0.299702 0.565437 -0.768413 0.858955 -0.140036 0.492530 0 0 0 0 0 0
-41.876818 -0.912872 1.601121 0.302068 0.889093 -0.343900 0.865775 -0.370541 0.336353 0 0 0 0 0 0
-41.552470 -1.146454 1.424180 0.308995 0.931116 0.193765 0.873682 -0.482801 0.059866 0 0 0 0 0 0
-41.225962 -1.227345 1.152702 0.318814 0.664033 0.676326 0.877047 -0.430193 -0.213829 0 0 0 0 0 0
-40.896428 -1.142356 0.897735 0.328342 0.156985 0.931422 0.874425 -0.254612 -0.412982 0 0 0 0 0 0
-40.564767 -0.943857 0.740224 0.333920 -0.418540 0.844584 0.865277 -0.002646 -0.501287 0 0 0 0 0 0
-40.351693 -1.432200 -0.442654 0.332891 0.838097 -0.432176 0.173580 0.627719 -0.758841 0 0 0 0 0 0
-39.884045 -0.819673 -2.266961 0.325501 0.934691 0.142838 0.841302 -0.491636 0.224732 0 0 0 0 0 0
-39.555079 -0.968312 -2.477036 0.315018 0.686872 0.654958 0.836650 -0.538599 -0.099641 0 0 0 0 0 0
-39.115140 -1.051900 -2.647859 0.280745 0.257643 0.924555 0.884436 -0.377725 -0.274038 0 0 0 0 0 0
-38.794554 -1.101126 -2.777581 0.310467 -0.059697 0.948708 0.909286 0.140244 -0.391831 0 0 0 0 0 0
-38.516326 -0.700223 -3.056640 0.299702 -0.565437 0.768414 0.859437 0.134714 -0.493173 0 0 0 0 0 0
-38.188865 -0.381984 -3.058894 0.302069 -0.889093 0.343901 0.865775 0.370541 -0.336352 0 0 0 0 0 0
-37.864536 -0.148404 -2.881956 0.309055 -0.931097 -0.193761 0.873696 0.482777 -0.059847 0 0 0 0 0 0
-37.537786 -0.067495 -2.610495 0.318752 -0.664045 -0.676344 0.877081 0.430159 0.213758 0 0 0 0 0 0
-37.219295 -0.154380 -2.356344 0.328344 -0.156985 -0.931422 0.869126 0.257584 0.422221 0 0 0 0 0 0
-36.889680 -0.350997 -2.202456 0.333986 0.418527 -0.844564 0.865294 0.002619 0.501259 0 0 0 0 0 0
-36.556889 -0.592324 -2.171346 0.332891 0.838097 -0.432176 0.852494 -0.275581 0.444195 0 0 0 0 0 0
-36.225315 -0.817613 -2.266990 0.325502 0.934690 0.142838 0.841304 -0.491633 0.224731 0 0 0 0 0 0
-35.896330 -0.966271 -2.477067 0.314954 0.686889 0.654971 0.836619 -0.538651 -0.099618 0 0 0 0 0 0
-35.457715 -1.060609 -2.665094 0.277244 0.259906 0.924978 0.878230 -0.385979 -0.282368 0 0 0 0 0 0
-35.140341 -1.095130 -2.783692 0.314419 -0.059339 0.947428 0.912838 0.154494 -0.377965 0 0 0 0 0 0
-34.855699 -0.703672 -3.061587 0.299642 -0.565448 0.768429 0.859013 0.139961 -0.492451 0 0 0 0 0 0
-34.639677 -1.983742 -3.867056 0.302129 0.889076 -0.343894 0.189600 0.521281 -0.832056 0 0 0 0 0 0
-34.218879 -1.140280 -5.649419 0.308994 0.931115 0.193772 0.881128 -0.472015 0.028573 0 0 0 0 0 0
-33.887892 -1.227345 -5.928550 0.318814 0.664033 0.676327 0.877047 -0.430188 -0.213839 0 0 0 0 0 0
-33.558358 -1.142357 -6.183526 0.328341 0.156985 0.931422 0.874424 -0.254612 -0.412983 0 0 0 0 0 0
-33.226696 -0.943856 -6.341028 0.333921 -0.418541 0.844583 0.865280 -0.002643 -0.501282 0 0 0 0 0 0
-32.894131 -0.702516 -6.372099 0.332891 -0.838099 0.432172 0.852447 0.275657 -0.444237 0 0 0 0 0 0
-32.562489 -0.477237 -6.276502 0.325502 -0.934691 -0.142831 0.841300 0.491636 -0.224740 0 0 0 0 0 0
-32.233387 -0.328601 -6.066440 0.314955 -0.686888 -0.654972 0.836704 0.538527 0.099569 0 0 0 0 0 0
-31.794750 -0.234252 -5.878385 0.277243 -0.259904 -0.924979 0.878228 0.385984 0.282367 0 0 0 0 0 0
-31.477374 -0.199724 -5.759786 0.314419 0.059337 -0.947428 0.912838 -0.154491 0.377967 0 0 0 0 0 0
-31.192877 -0.591216 -5.481888 0.299702 0.565437 -0.768414 0.858955 -0.140037 0.492529 0 0 0 0 0 0
-30.868159 -0.912873 -5.480136 0.302068 0.889093 -0.343900 0.865775 -0.370540 0.336354 0 0 0 0 0 0
-30.543811 -1.146455 -5.657078 0.308994 0.931115 0.193772 0.873679 -0.482803 0.059882 0 0 0 0 0 0
-30.217304 -1.227345 -5.928550 0.318814 0.664033 0.676327 0.877047 -0.430188 -0.213839 0 0 0 0 0 0
-29.887770 -1.142357 -6.183526 0.328341 0.156985 0.931422 0.874424 -0.254612 -0.412983 0 0 0 0 0 0
-29.556108 -0.943856 -6.341028 0.333921 -0.418541 0.844583 0.865280 -0.002643 -0.501282 0 0 0 0 0 0
-29.343034 -1.432200 -7.523902 0.332891 0.838096 -0.432179 0.173580 0.627718 -0.758841 0 0 0 0 0 0
-28.875386 -0.819677 -9.348207 0.325501 0.934692 0.142831 0.841304 -0.491634 0.224732 0 0 0 0 0 0
-28.546424 -0.968311 -9.558294 0.315018 0.686873 0.654957 0.836651 -0.538596 -0.099648 0 0 0 0 0 0
-28.106481 -1.051899 -9.729117 0.280744 0.257642 0.924556 0.884435 -0.377727 -0.274038 0 0 0 0 0 0
-27.785896 -1.101126 -9.858837 0.310467 -0.059697 0.948708 0.909286 0.140244 -0.391831 0 0 0 0 0 0
-27.507525 -0.700251 -10.137894 0.299642 -0.565448 0.768429 0.859494 0.134637 -0.493095 0 0 0 0 0 0
-27.180272 -0.381969 -10.140122 0.302068 -0.889091 0.343907 0.865728 0.370637 -0.336367 0 0 0 0 0 0
-26.855878 -0.148400 -9.963206 0.309055 -0.931097 -0.193761 0.873696 0.482776 -0.059859 0 0 0 0 0 0
-26.529127 -0.067495 -9.691753 0.318753 -0.664049 -0.676340 0.877083 0.430151 0.213767 0 0 0 0 0 0
-26.173588 -0.147616 -9.432226 0.328341 -0.156984 -0.931423 0.885854 0.247447 0.392469 0 0 0 0 0 0
-25.835544 -0.351001 -9.264902 0.333921 0.418538 -0.844584 0.865276 0.002645 0.501288 0 0 0 0 0 0
-25.502978 -0.592344 -9.233831 0.332892 0.838099 -0.432173 0.852448 -0.275656 0.444237 0 0 0 0 0 0
-25.171337 -0.817612 -9.329439 0.325502 0.934691 0.142831 0.841307 -0.491634 0.224719 0 0 0 0 0 0
-24.842376 -0.966264 -9.539532 0.315016 0.686872 0.654960 0.836642 -0.538612 -0.099635 0 0 0 0 0 0
-24.403538 -1.060646 -9.727526 0.277245 0.259908 0.924977 0.878273 -0.385948 -0.282277 0 0 0 0 0 0
-24.086223 -1.095130 -9.846144 0.314421 -0.059340 0.947427 0.912839 0.154492 -0.377965 0 0 0 0 0 0
-23.801722 -0.703646 -10.124041 0.299704 -0.565440 0.768411 0.858954 0.140035 -0.492532 0 0 0 0 0 0
-23.585502 -1.983722 -10.929505 0.302068 0.889091 -0.343906 0.189595 0.521296 -0.832048 0 0 0 0 0 0
-23.170995 -1.145480 -12.700420 0.309056 0.931097 0.193761 0.873439 -0.483949 0.053820 0 0 0 0 0 0
-22.843454 -1.227364 -12.973005 0.318814 0.664033 0.676327 0.877091 -0.430130 -0.213772 0 0 0 0 0 0
-22.514104 -1.142340 -13.228025 0.328341 0.156985 0.931422 0.874361 -0.254643 -0.413097 0 0 0 0 0 0
-22.182481 -0.943857 -13.385459 0.333992 -0.418538 0.844556 0.865305 -0.002621 -0.501239 0 0 0 0 0 0
-21.849687 -0.702549 -13.416569 0.332894 -0.838107 0.432155 0.852486 0.275578 -0.444212 0 0 0 0 0 0
-21.518103 -0.477246 -13.320985 0.325503 -0.934694 -0.142810 0.841307 0.491642 -0.224701 0 0 0 0 0 0
-21.189152 -0.328600 -13.110862 0.315014 -0.686863 -0.654970 0.836634 0.538636 0.099575 0 0 0 0 0 0
-20.750433 -0.234223 -12.922858 0.277241 -0.259903 -0.924980 0.878209 0.386008 0.282396 0 0 0 0 0 0
-20.432988 -0.199679 -12.804285 0.314353 0.059338 -0.947450 0.912900 -0.154431 0.377843 0 0 0 0 0 0
-20.148566 -0.591217 -12.526388 0.299642 0.565448 -0.768429 0.858962 -0.140019 0.492524 0 0 0 0 0 0
-19.824009 -0.912883 -12.524649 0.302129 0.889076 -0.343894 0.865744 -0.370617 0.336347 0 0 0 0 0 0
-19.499514 -1.146473 -12.701537 0.309056 0.931097 0.193761 0.873674 -0.482814 0.059873 0 0 0 0 0 0
-19.172865 -1.227364 -12.973005 0.318814 0.664033 0.676327 0.877091 -0.430130 -0.213772 0 0 0 0 0 0
-18.843516 -1.142340 -13.228025 0.328341 0.156985 0.931422 0.874361 -0.254643 -0.413097 0 0 0 0 0 0
-18.511893 -0.943857 -13.385459 0.333992 -0.418538 0.844556 0.865305 -0.002621 -0.501239 0 0 0 0 0 0
-18.298610 -1.432190 -14.568327 0.332882 0.838075 -0.432227 0.173594 0.627703 -0.758850 0 0 0 0 0 0
-17.831023 -0.819709 -16.392696 0.325501 0.934691 0.142838 0.841294 -0.491612 0.224817 0 0 0 0 0 0
-17.502030 -0.968316 -16.602737 0.314957 0.686891 0.654968 0.836632 -0.538623 -0.099662 0 0 0 0 0 0
-17.062175 -1.051880 -16.773595 0.280678 0.257647 0.924574 0.884431 -0.377736 -0.274039 0 0 0 0 0 0
-16.741600 -1.101113 -16.903278 0.310463 -0.059697 0.948709 0.909308 0.140242 -0.391780 0 0 0 0 0 0
-16.463296 -0.700215 -17.182376 0.299705 -0.565442 0.768409 0.859430 0.134679 -0.493195 0 0 0 0 0 0
-16.135827 -0.381995 -17.184637 0.302069 -0.889093 0.343901 0.865775 0.370553 -0.336338 0 0 0 0 0 0
-15.811476 -0.148395 -17.007719 0.308996 -0.931123 -0.193732 0.873686 0.482797 -0.059828 0 0 0 0 0 0
-15.484978 -0.067523 -16.736206 0.318816 -0.664034 -0.676325 0.877051 0.430201 0.213795 0 0 0 0 0 0
-15.155439 -0.152506 -16.481280 0.328348 -0.156987 -0.931420 0.874428 0.254611 0.412976 0 0 0 0 0 0
-14.823777 -0.350994 -16.323713 0.333915 0.418530 -0.844591 0.865259 0.002653 0.501318 0 0 0 0 0 0
-14.491219 -0.592361 -16.292647 0.332893 0.838101 -0.432168 0.852443 -0.275628 0.444264 0 0 0 0 0 0
-14.159573 -0.817605 -16.388254 0.325502 0.934690 0.142838 0.841309 -0.491638 0.224703 0 0 0 0 0 0
-13.830614 -0.966263 -16.598355 0.315019 0.686878 0.654952 0.836653 -0.538587 -0.099678 0 0 0 0 0 0
-13.391806 -1.060641 -16.786412 0.277245 0.259908 0.924977 0.878254 -0.385963 -0.282316 0 0 0 0 0 0
-13.074459 -1.095129 -16.904973 0.314403 -0.059340 0.947433 0.912858 0.154510 -0.377912 0 0 0 0 0 0
-12.789967 -0.703654 -17.182871 0.299687 -0.565446 0.768413 0.858965 0.140002 -0.492522 0 0 0 0 0 0
-12.573779 -1.983732 -17.988319 0.302087 0.889088 -0.343898 0.189599 0.521295 -0.832048 0 0 0 0 0 0
-12.157438 -1.144412 -19.755904 0.309045 0.931107 0.193729 0.873686 -0.482799 0.059811 0 0 0 0 0 0
-11.830807 -1.225299 -20.027403 0.318804 0.664036 0.676328 0.877071 -0.430181 -0.213755 0 0 0 0 0 0
-11.501421 -1.140281 -20.282355 0.328361 0.156980 0.931416 0.874395 -0.254624 -0.413038 0 0 0 0 0 0
-11.169701 -0.941825 -20.439907 0.333941 -0.418526 0.844583 0.865282 -0.002651 -0.501279 0 0 0 0 0 0
-10.837052 -0.700454 -20.470988 0.332886 -0.838103 0.432169 0.852467 0.275589 -0.444242 0 0 0 0 0 0
-10.505435 -0.475194 -20.375369 0.325481 -0.934697 -0.142839 0.841303 0.491643 -0.224714 0 0 0 0 0 0
-10.176478 -0.326554 -20.165270 0.314994 -0.686882 -0.654959 0.836663 0.538574 0.099665 0 0 0 0 0 0
-9.736512 -0.242973 -19.994509 0.280698 -0.257645 -0.924569 0.884442 0.377764 0.273966 0 0 0 0 0 0
-9.417002 -0.191753 -19.860338 0.310457 0.059695 -0.948711 0.907977 -0.135155 0.396623 0 0 0 0 0 0
-9.138602 -0.592582 -19.581251 0.299681 0.565447 -0.768415 0.859448 -0.134655 0.493170 0 0 0 0 0 0
-8.811227 -0.910818 -19.579001 0.302087 0.889088 -0.343898 0.865754 -0.370596 0.336346 0 0 0 0 0 0
-8.486850 -1.144412 -19.755904 0.309045 0.931107 0.193729 0.873686 -0.482799 0.059811 0 0 0 0 0 0
-8.160218 -1.225299 -20.027403 0.318804 0.664036 0.676328 0.877071 -0.430181 -0.213755 0 0 0 0 0 0
-7.830833 -1.140281 -20.282355 0.328361 0.156980 0.931416 0.874395 -0.254624 -0.413038 0 0 0 0 0 0
-7.499113 -0.941825 -20.439907 0.333941 -0.418526 0.844583 0.865282 -0.002651 -0.501279 0 0 0 0 0 0
-7.302214 -1.426173 -21.758252 0.332886 0.838103 -0.432169 0.170682 0.617440 -0.767877 0 0 0 0 0 0
-6.818357 -0.817605 -23.588255 0.325483 0.934697 0.142839 0.841304 -0.491641 0.224713 0 0 0 0 0 0
-6.489385 -0.966257 -23.798349 0.314987 0.686885 0.654959 0.836664 -0.538574 -0.099656 0 0 0 0 0 0
-6.050658 -1.060623 -23.986422 0.277245 0.259908 0.924977 0.878235 -0.385976 -0.282359 0 0 0 0 0 0
-5.733283 -1.095129 -24.104973 0.314403 -0.059340 0.947433 0.912858 0.154510 -0.377912 0 0 0 0 0 0
-5.448791 -0.703654 -24.382871 0.299687 -0.565446 0.768413 0.858965 0.140002 -0.492522 0 0 0 0 0 0
-5.124127 -0.381988 -24.384626 0.302081 -0.889089 0.343900 0.865757 0.370590 -0.336345 0 0 0 0 0 0
-4.799779 -0.148392 -24.207716 0.309045 -0.931107 -0.193729 0.873681 0.482808 -0.059808 0 0 0 0 0 0
-4.473128 -0.067505 -23.936223 0.318803 -0.664037 -0.676328 0.877078 0.430171 0.213746 0 0 0 0 0 0
-4.143753 -0.152520 -23.681264 0.328361 -0.156986 -0.931415 0.874389 0.254621 0.413051 0 0 0 0 0 0
-3.801077 -0.349417 -23.519693 0.333941 0.418526 -0.844582 0.869888 0.006834 0.493202 0 0 0 0 0 0
-3.465831 -0.594407 -23.486565 0.332886 0.838103 -0.432169 0.852459 -0.275598 0.444251 0 0 0 0 0 0
-3.134204 -0.819663 -23.582181 0.325482 0.934697 0.142839 0.841310 -0.491631 0.224713 0 0 0 0 0 0
-2.805242 -0.968305 -23.792296 0.314974 0.686852 0.655000 0.836625 -0.538651 -0.099569 0 0 0 0 0 0
-2.366486 -1.062689 -23.980200 0.277245 0.259905 0.924978 0.878261 -0.385951 -0.282311 0 0 0 0 0 0
-2.049159 -1.097206 -24.098888 0.314403 -0.059333 0.947433 0.912823 0.154448 -0.378022 0 0 0 0 0 0
-1.764652 -0.705703 -24.376800 0.299688 -0.565444 0.768415 0.858967 0.140005 -0.492519 0 0 0 0 0 0
-1.548447 -1.985781 -25.182246 0.302082 0.889090 -0.343899 0.189602 0.521295 -0.832047 0 0 0 0 0 0
-1.132125 -1.146460 -26.949837 0.309045 0.931107 0.193730 0.873683 -0.482806 0.059807 0 0 0 0 0 0
-0.805480 -1.227360 -27.221330 0.318803 0.664039 0.676326 0.877071 -0.430184 -0.213747 0 0 0 0 0 0
-0.476100 -1.142340 -27.476289 0.328359 0.156988 0.931416 0.874394 -0.254616 -0.413045 0 0 0 0 0 0
-0.144383 -0.943874 -27.633837 0.333940 -0.418529 0.844581 0.865282 -0.002661 -0.501278 0 0 0 0 0 0
0.188270 -0.702510 -27.664918 0.332884 -0.838104 0.432168 0.852464 0.275592 -0.444246 0 0 0 0 0 0
0.519888 -0.477249 -27.569300 0.325482 -0.934697 -0.142839 0.841306 0.491638 -0.224713 0 0 0 0 0 0
0.848850 -0.328608 -27.359200 0.314991 -0.686883 -0.654960 0.836662 0.538575 0.099666 0 0 0 0 0 0
1.288779 -0.245022 -27.188328 0.280701 -0.257645 -0.924568 0.884426 0.377739 0.274050 0 0 0 0 0 0
1.608354 -0.193821 -27.054249 0.310452 0.059696 -0.948713 0.908013 -0.135210 0.396523 0 0 0 0 0 0
1.886710 -0.594637 -26.775182 0.299687 0.565446 -0.768413 0.859446 -0.134660 0.493172 0 0 0 0 0 0
2.214113 -0.912870 -26.772927 0.302081 0.889090 -0.343899 0.865757 -0.370589 0.336347 0 0 0 0 0 0
2.538462 -1.146459 -26.949837 0.309046 0.931107 0.193730 0.873683 -0.482805 0.059807 0 0 0 0 0 0
2.865113 -1.227360 -27.221329 0.318803 0.664039 0.676326 0.877073 -0.430181 -0.213744 0 0 0 0 0 0
3.194486 -1.142339 -27.476290 0.328361 0.156987 0.931415 0.874391 -0.254617 -0.413051 0 0 0 0 0 0
3.526202 -0.943873 -27.633838 0.333940 -0.418529 0.844581 0.865280 -0.002661 -0.501281 0 0 0 0 0 0
3.858854 -0.702510 -27.664918 0.332885 -0.838104 0.432168 0.852466 0.275590 -0.444243 0 0 0 0 0 0
4.190483 -0.477250 -27.569301 0.325482 -0.934697 -0.142839 0.841310 0.491631 -0.224712 0 0 0 0 0 0
4.519444 -0.328608 -27.359200 0.314988 -0.686883 -0.654961 0.836661 0.538577 0.099665 0 0 0 0 0 0
4.958171 -0.234237 -27.171133 0.277245 -0.259906 -0.924978 0.878233 0.385979 0.282360 0 0 0 0 0 0
5.275547 -0.199726 -27.052580 0.314403 0.059338 -0.947433 0.912858 -0.154508 0.377913 0 0 0 0 0 0
5.560037 -0.591206 -26.774682 0.299687 0.565446 -0.768413 0.858965 -0.140000 0.492523 0 0 0 0 0 0
5.884701 -0.912870 -26.772927 0.302081 0.889090 -0.343899 0.865757 -0.370589 0.336347 0 0 0 0 0 0
6.769564 0.621623 -26.632528 -0.251697 0.000000 0.967806 0.398878 -0.077759 0.913701 0 0 0 0 0 0
6.395800 -0.000001 -21.516941 0.000000 1.000000 0.000000 0.000000 0.000000 1.000000 0 0 0 0 0 0
6.799388 -0.000001 -21.377765 0.000000 1.000000 0.000000 0.000000 0.000000 1.000000 0 0 0 0 0 0
7.251188 -0.000001 -20.794706 0.000000 1.000000 0.000000 0.000000 0.000000 1.000000 0 0 0 0 0 0
6.922847 -0.000001 -20.134000 0.000000 1.000000 0.000000 0.000000 0.000000 1.000000 0 0 0 0 0 0
7.574064 -0.176647 -22.746898 -0.287043 0.000000 0.957918 -0.401260 -0.147312 -0.904041 0 0 0 0 0 0
6.171314 -0.959225 -24.073273 -0.302080 0.889090 -0.343899 -0.852978 -0.442827 0.276282 0 0 0 0 0 0
5.632887 -1.060198 -23.866652 -0.299688 0.565444 -0.768415 -0.860333 -0.440208 0.256989 0 0 0 0 0 0
5.265390 -0.938647 -23.743509 -0.314403 0.059333 -0.947433 -0.929867 -0.154568 0.333851 0 0 0 0 0 0
4.802439 -1.116783 -23.544544 -0.277245 -0.259905 -0.924978 -0.906718 -0.018165 0.421346 0 0 0 0 0 0
4.628077 -0.649754 -23.411010 -0.314974 -0.686852 -0.655000 -0.888898 0.294324 0.351047 0 0 0 0 0 0
4.261255 -0.327192 -23.497927 -0.325482 -0.934697 -0.142839 -0.875707 0.415441 0.246062 0 0 0 0 0 0
3.930506 -0.174598 -23.699424 -0.332886 -0.838103 0.432169 -0.865770 0.500390 -0.007199 0 0 0 0 0 0
3.598496 -0.147603 -23.941768 -0.333941 -0.418526 0.844582 -0.852258 0.438276 -0.285606 0 0 0 0 0 0
3.266971 -0.246987 -24.167250 -0.328339 0.156975 0.931425 -0.840872 0.213496 -0.497347 0 0 0 0 0 0
2.937597 -0.460851 -24.314259 -0.318803 0.664037 0.676328 -0.836264 -0.111378 -0.536896 0 0 0 0 0 0
2.610816 -0.736628 -24.316034 -0.309045 0.931107 0.193729 -0.839697 -0.400873 -0.366347 0 0 0 0 0 0
2.286042 -0.971472 -24.148099 -0.302080 0.889090 -0.343899 -0.848908 -0.525557 -0.056081 0 0 0 0 0 0
1.962299 -1.060198 -23.866652 -0.299688 0.565444 -0.768415 -0.860333 -0.440208 0.256989 0 0 0 0 0 0
1.595199 -0.941980 -23.723817 -0.310451 0.059690 -0.948714 -0.923929 -0.161514 0.346798 0 0 0 0 0 0
1.132051 -1.112680 -23.543600 -0.280699 -0.257646 -0.924568 -0.915493 -0.001221 0.402332 0 0 0 0 0 0
1.075203 -1.157967 -22.415304 -0.314991 0.686883 0.654960 -0.166354 0.531190 0.830761 0 0 0 0 0 0
0.574140 -0.969701 -20.453579 -0.325482 0.934697 0.142839 -0.875669 -0.415451 -0.246180 0 0 0 0 0 0
0.243427 -1.122320 -20.252057 -0.332884 0.838104 -0.432168 -0.865765 -0.500399 0.007198 0 0 0 0 0 0
-0.088587 -1.149314 -20.009715 -0.333940 0.418529 -0.844581 -0.852263 -0.438269 0.285601 0 0 0 0 0 0
-0.420100 -1.049919 -19.784232 -0.328359 -0.156988 -0.931416 -0.840869 -0.213509 0.497346 0 0 0 0 0 0
-0.749498 -0.836099 -19.637219 -0.318803 -0.664039 -0.676326 -0.836268 0.111423 0.536880 0 0 0 0 0 0
-1.076263 -0.560284 -19.635447 -0.309045 -0.931107 -0.193730 -0.839696 0.400877 0.366344 0 0 0 0 0 0
-1.401032 -0.325442 -19.803385 -0.302082 -0.889090 0.343899 -0.848907 0.525558 0.056079 0 0 0 0 0 0
-1.724781 -0.236706 -20.084829 -0.299687 -0.565446 0.768413 -0.860331 0.440213 -0.256987 0 0 0 0 0 0
-2.092275 -0.358261 -20.207974 -0.314403 -0.059338 0.947433 -0.929869 0.154557 -0.333850 0 0 0 0 0 0
-2.555249 -0.180147 -20.406812 -0.277245 0.259906 0.924978 -0.906768 0.018100 -0.421241 0 0 0 0 0 0
-2.729581 -0.647167 -20.540328 -0.314988 0.686883 0.654961 -0.888895 -0.294239 -0.351125 0 0 0 0 0 0
-3.096440 -0.969701 -20.453578 -0.325482 0.934697 0.142839 -0.875667 -0.415454 -0.246181 0 0 0 0 0 0
-3.427160 -1.122320 -20.252058 -0.332885 0.838104 -0.432168 -0.865768 -0.500394 0.007197 0 0 0 0 0 0
-3.759182 -1.149314 -20.009716 -0.333940 0.418529 -0.844581 -0.852266 -0.438266 0.285597 0 0 0 0 0 0
-4.102851 -1.050032 -19.792386 -0.328361 -0.156980 -0.931416 -0.850398 -0.207832 0.483353 0 0 0 0 0 0
-4.244553 -0.833019 -18.989920 -0.318803 0.664037 0.676328 -0.141497 0.623322 0.769057 0 0 0 0 0 0
-4.743913 -0.734575 -17.122105 -0.309045 0.931107 0.193729 -0.839696 -0.400873 -0.366348 0 0 0 0 0 0
-5.068687 -0.969411 -16.954168 -0.302081 0.889089 -0.343900 -0.848911 -0.525553 -0.056080 0 0 0 0 0 0
-5.392432 -1.058151 -16.672724 -0.299687 0.565446 -0.768413 -0.860329 -0.440218 0.256987 0 0 0 0 0 0
-5.759928 -0.936599 -16.549578 -0.314403 0.059340 -0.947433 -0.929869 -0.154556 0.333850 0 0 0 0 0 0
-6.222899 -1.114709 -16.350741 -0.277245 -0.259908 -0.924977 -0.906768 -0.018103 0.421241 0 0 0 0 0 0
-6.397233 -0.647691 -16.217225 -0.314987 -0.686885 -0.654959 -0.888894 0.294238 0.351128 0 0 0 0 0 0
-6.764104 -0.325159 -16.303972 -0.325483 -0.934697 -0.142839 -0.875674 0.415444 0.246174 0 0 0 0 0 0
-7.094815 -0.172542 -16.505497 -0.332886 -0.838103 0.432169 -0.865764 0.500401 -0.007204 0 0 0 0 0 0
-7.426834 -0.145550 -16.747835 -0.333941 -0.418526 0.844583 -0.852265 0.438267 -0.285597 0 0 0 0 0 0
-7.758341 -0.244939 -16.973321 -0.328361 0.156986 0.931415 -0.840865 0.213510 -0.497352 0 0 0 0 0 0
-8.087736 -0.458761 -17.120335 -0.318803 0.664037 0.676328 -0.836267 -0.111428 -0.536881 0 0 0 0 0 0
-8.414502 -0.734575 -17.122105 -0.309045 0.931107 0.193729 -0.839696 -0.400873 -0.366348 0 0 0 0 0 0
-8.739276 -0.969411 -16.954168 -0.302081 0.889089 -0.343900 -0.848911 -0.525553 -0.056080 0 0 0 0 0 0
-9.063020 -1.058151 -16.672724 -0.299687 0.565446 -0.768413 -0.860329 -0.440218 0.256987 0 0 0 0 0 0
-9.430118 -0.939932 -16.529886 -0.310450 0.059697 -0.948713 -0.923931 -0.161503 0.346798 0 0 0 0 0 0
-9.893284 -1.110608 -16.349799 -0.280705 -0.257641 -0.924568 -0.915544 -0.001142 0.402215 0 0 0 0 0 0
-9.963542 -1.152537 -15.362272 -0.314997 0.686888 0.654951 -0.169577 0.543969 0.821792 0 0 0 0 0 0
-10.451192 -0.967642 -13.400837 -0.325481 0.934698 0.142832 -0.875668 -0.415454 -0.246178 0 0 0 0 0 0
-10.781890 -1.120256 -13.199298 -0.332885 0.838100 -0.432175 -0.865766 -0.500398 0.007221 0 0 0 0 0 0
-11.113921 -1.147253 -12.956998 -0.333947 0.418533 -0.844576 -0.852275 -0.438260 0.285579 0 0 0 0 0 0
-11.445422 -1.047873 -12.731492 -0.328354 -0.156977 -0.931419 -0.840856 -0.213517 0.497365 0 0 0 0 0 0
-11.774821 -0.834035 -12.584510 -0.318804 -0.664036 -0.676328 -0.836286 0.111426 0.536851 0 0 0 0 0 0
-12.101590 -0.558217 -12.582671 -0.309043 -0.931101 -0.193762 -0.839677 0.400880 0.366385 0 0 0 0 0 0
-12.426336 -0.323387 -12.750681 -0.302086 -0.889086 0.343904 -0.848917 0.525544 0.056071 0 0 0 0 0 0
-12.750118 -0.234650 -13.032108 -0.299680 -0.565444 0.768417 -0.860332 0.440209 -0.256993 0 0 0 0 0 0
-13.117587 -0.356211 -13.155250 -0.314408 -0.059338 0.947432 -0.929870 0.154551 -0.333851 0 0 0 0 0 0
-13.580572 -0.178077 -13.354192 -0.277229 0.259898 0.924985 -0.906733 0.018142 -0.421314 0 0 0 0 0 0
-13.754890 -0.645127 -13.487571 -0.314972 0.686894 0.654957 -0.888922 -0.294297 -0.351009 0 0 0 0 0 0
-14.121757 -0.967639 -13.400831 -0.325449 0.934709 0.142833 -0.875669 -0.415448 -0.246185 0 0 0 0 0 0
-14.452484 -1.120237 -13.199309 -0.332892 0.838098 -0.432174 -0.865806 -0.500328 0.007209 0 0 0 0 0 0
-14.784582 -1.147257 -12.956993 -0.333921 0.418538 -0.844585 -0.852264 -0.438281 0.285579 0 0 0 0 0 0
-15.115976 -1.047856 -12.731488 -0.328342 -0.156978 -0.931423 -0.840824 -0.213524 0.497416 0 0 0 0 0 0
-15.256299 -0.833014 -11.931072 -0.318816 0.664034 0.676325 -0.141510 0.623314 0.769061 0 0 0 0 0 0
-15.755757 -0.734585 -10.063331 -0.308994 0.931117 0.193765 -0.839683 -0.400849 -0.366405 0 0 0 0 0 0
-16.080369 -0.969403 -9.895293 -0.302068 0.889091 -0.343907 -0.848901 -0.525570 -0.056063 0 0 0 0 0 0
-16.404147 -1.058146 -9.613881 -0.299704 0.565440 -0.768411 -0.860330 -0.440205 0.257005 0 0 0 0 0 0
-16.771279 -0.939932 -9.471078 -0.310467 0.059697 -0.948708 -0.923939 -0.161487 0.346784 0 0 0 0 0 0
-17.236509 -1.112578 -9.294828 -0.280678 -0.257647 -0.924574 -0.917227 -0.003167 0.398352 0 0 0 0 0 0
-17.412020 -0.651109 -9.162091 -0.314954 -0.686885 -0.654976 -0.888365 0.296588 0.350489 0 0 0 0 0 0
-17.776676 -0.327197 -9.249608 -0.325501 -0.934692 -0.142831 -0.875637 0.415544 0.246135 0 0 0 0 0 0
-18.107472 -0.174596 -9.451104 -0.332892 -0.838099 0.432173 -0.865772 0.500387 -0.007213 0 0 0 0 0 0
-18.439477 -0.147603 -9.693419 -0.333986 -0.418528 0.844564 -0.852285 0.438232 -0.285592 0 0 0 0 0 0
-18.771100 -0.246974 -9.918923 -0.328341 0.156983 0.931423 -0.840876 0.213529 -0.497325 0 0 0 0 0 0
-19.100479 -0.460817 -10.065898 -0.318753 0.664049 0.676340 -0.836287 -0.111398 -0.536856 0 0 0 0 0 0
-19.427107 -0.736641 -10.067715 -0.309055 0.931097 0.193761 -0.839657 -0.400924 -0.366383 0 0 0 0 0 0
-19.752011 -0.971473 -9.899746 -0.302067 0.889092 -0.343906 -0.848950 -0.525488 -0.056097 0 0 0 0 0 0
-20.075741 -1.060197 -9.618293 -0.299642 0.565446 -0.768431 -0.860312 -0.440242 0.257001 0 0 0 0 0 0
-20.443159 -0.938634 -9.495172 -0.314419 0.059332 -0.947428 -0.929871 -0.154544 0.333850 0 0 0 0 0 0
-20.906227 -1.116784 -9.296279 -0.277243 -0.259903 -0.924979 -0.906762 -0.018125 0.421253 0 0 0 0 0 0
-20.975205 -1.155358 -8.307727 -0.315018 0.686873 0.654958 -0.169876 0.544157 0.821605 0 0 0 0 0 0
-21.463851 -0.969700 -6.346446 -0.325501 0.934690 0.142838 -0.875680 -0.415460 -0.246124 0 0 0 0 0 0
-21.794574 -1.122321 -6.144899 -0.332891 0.838099 -0.432172 -0.865771 -0.500388 0.007217 0 0 0 0 0 0
-22.126585 -1.149314 -5.902594 -0.333986 0.418530 -0.844563 -0.852287 -0.438234 0.285584 0 0 0 0 0 0
-22.458203 -1.049936 -5.677083 -0.328341 -0.156985 -0.931422 -0.840873 -0.213532 0.497330 0 0 0 0 0 0
-22.787443 -0.836069 -5.530106 -0.318814 -0.664033 -0.676327 -0.836234 0.111484 0.536920 0 0 0 0 0 0
-23.114277 -0.560277 -5.528261 -0.309056 -0.931097 -0.193761 -0.839709 0.400833 0.366363 0 0 0 0 0 0
-23.438811 -0.322626 -5.693136 -0.302068 -0.889091 0.343906 -0.846616 0.528436 0.063219 0 0 0 0 0 0
-23.761840 -0.234659 -5.973286 -0.299704 -0.565440 0.768411 -0.860332 0.440201 -0.257006 0 0 0 0 0 0
-24.129352 -0.356208 -6.096437 -0.314421 -0.059337 0.947427 -0.929862 0.154551 -0.333873 0 0 0 0 0 0
-24.592343 -0.178080 -6.295308 -0.277245 0.259906 0.924978 -0.906762 0.018129 -0.421253 0 0 0 0 0 0
-24.766700 -0.645107 -6.428811 -0.314954 0.686885 0.654976 -0.888906 -0.294250 -0.351089 0 0 0 0 0 0
-25.133528 -0.967645 -6.342009 -0.325436 0.934713 0.142841 -0.875684 -0.415439 -0.246145 0 0 0 0 0 0
-25.464232 -1.120235 -6.140477 -0.332892 0.838098 -0.432174 -0.865799 -0.500340 0.007223 0 0 0 0 0 0
-25.796347 -1.147257 -5.898170 -0.333921 0.418538 -0.844585 -0.852264 -0.438281 0.285579 0 0 0 0 0 0
-26.127740 -1.047856 -5.672665 -0.328342 -0.156978 -0.931423 -0.840824 -0.213524 0.497416 0 0 0 0 0 0
-26.297834 -0.833919 -4.886617 -0.318753 0.664049 0.676340 -0.149162 0.624042 0.767021 0 0 0 0 0 0
-26.799907 -0.734589 -3.018816 -0.309055 0.931097 0.193761 -0.839656 -0.400924 -0.366384 0 0 0 0 0 0
-27.124811 -0.969412 -2.850847 -0.302068 0.889091 -0.343907 -0.848952 -0.525484 -0.056095 0 0 0 0 0 0
-27.448542 -1.058151 -2.569395 -0.299642 0.565448 -0.768429 -0.860308 -0.440252 0.256999 0 0 0 0 0 0
-27.815581 -0.939918 -2.426632 -0.310467 0.059697 -0.948708 -0.923955 -0.161467 0.346749 0 0 0 0 0 0
-28.280750 -1.112535 -2.250336 -0.280744 -0.257642 -0.924556 -0.917170 -0.003111 0.398483 0 0 0 0 0 0
-28.456320 -0.651108 -2.117604 -0.315018 -0.686872 -0.654959 -0.888358 0.296604 0.350493 0 0 0 0 0 0
-28.821120 -0.327208 -2.205095 -0.325501 -0.934692 -0.142831 -0.875678 0.415457 0.246137 0 0 0 0 0 0
-29.151846 -0.174598 -2.406634 -0.332891 -0.838097 0.432176 -0.865773 0.500385 -0.007224 0 0 0 0 0 0
-29.483876 -0.147598 -2.648948 -0.333920 -0.418538 0.844585 -0.852265 0.438279 -0.285581 0 0 0 0 0 0
-29.815250 -0.247008 -2.874434 -0.328405 0.156979 0.931401 -0.840851 0.213480 -0.497388 0 0 0 0 0 0
-30.144778 -0.460818 -3.021453 -0.318814 0.664031 0.676328 -0.836281 -0.111420 -0.536861 0 0 0 0 0 0
-30.471547 -0.736633 -3.023265 -0.309055 0.931097 0.193761 -0.839714 -0.400837 -0.366347 0 0 0 0 0 0
-30.796262 -0.971491 -2.855250 -0.302068 0.889094 -0.343900 -0.848872 -0.525616 -0.056077 0 0 0 0 0 0
-31.119954 -1.060191 -2.573817 -0.299703 0.565434 -0.768415 -0.860332 -0.440202 0.257004 0 0 0 0 0 0
-31.487470 -0.938649 -2.450672 -0.314419 0.059332 -0.947428 -0.929860 -0.154557 0.333875 0 0 0 0 0 0
-31.950462 -1.116783 -2.251800 -0.277243 -0.259903 -0.924979 -0.906763 -0.018124 0.421252 0 0 0 0 0 0
-32.019585 -1.155360 -1.263250 -0.314955 0.686886 0.654974 -0.169883 0.544157 0.821603 0 0 0 0 0 0
-32.508144 -0.969683 0.698054 -0.325501 0.934691 0.142834 -0.875701 -0.415424 -0.246110 0 0 0 0 0 0
-32.838952 -1.122321 0.899573 -0.332891 0.838099 -0.432173 -0.865770 -0.500390 0.007214 0 0 0 0 0 0
-33.170981 -1.149318 1.141891 -0.333920 0.418540 -0.844584 -0.852265 -0.438277 0.285583 0 0 0 0 0 0
-33.502374 -1.049901 1.367383 -0.328342 -0.156986 -0.931422 -0.840828 -0.213521 0.497410 0 0 0 0 0 0
-33.831802 -0.836102 1.514368 -0.318814 -0.664033 -0.676326 -0.836308 0.111414 0.536821 0 0 0 0 0 0
-34.158673 -0.560272 1.516224 -0.308994 -0.931115 -0.193772 -0.839687 0.400851 0.366392 0 0 0 0 0 0
-34.494915 -0.320700 1.366425 -0.302129 -0.889076 0.343894 -0.847398 0.523321 0.089729 0 0 0 0 0 0
-34.816040 -0.234631 1.089184 -0.299642 -0.565448 0.768429 -0.860359 0.440195 -0.256926 0 0 0 0 0 0
-35.183412 -0.356220 0.966032 -0.314353 -0.059338 0.947450 -0.929868 0.154558 -0.333851 0 0 0 0 0 0
-35.646375 -0.178086 0.767182 -0.277243 0.259904 0.924979 -0.906777 0.018124 -0.421220 0 0 0 0 0 0
-35.820671 -0.645137 0.633654 -0.315017 0.686871 0.654960 -0.888857 -0.294337 -0.351140 0 0 0 0 0 0
-36.187566 -0.967654 0.720441 -0.325501 0.934691 0.142834 -0.875679 -0.415459 -0.246132 0 0 0 0 0 0
-36.518294 -1.120260 0.921978 -0.332892 0.838098 -0.432174 -0.865774 -0.500382 0.007218 0 0 0 0 0 0
-36.850322 -1.147258 1.164293 -0.333920 0.418537 -0.844585 -0.852263 -0.438280 0.285583 0 0 0 0 0 0
-37.181840 -1.047878 1.389764 -0.328342 -0.156978 -0.931423 -0.840905 -0.213507 0.497287 0 0 0 0 0 0
-37.310503 -0.832669 2.194674 -0.318752 0.664045 0.676344 -0.138467 0.623153 0.769745 0 0 0 0 0 0
-37.808563 -0.734591 4.062443 -0.309055 0.931097 0.193761 -0.839661 -0.400925 -0.366372 0 0 0 0 0 0
-38.133472 -0.969414 4.230398 -0.302069 0.889093 -0.343901 -0.848953 -0.525483 -0.056100 0 0 0 0 0 0
-38.457179 -1.058145 4.511858 -0.299702 0.565437 -0.768414 -0.860327 -0.440212 0.257002 0 0 0 0 0 0
-38.824316 -0.939933 4.654644 -0.310467 0.059697 -0.948708 -0.923943 -0.161481 0.346776 0 0 0 0 0 0
-39.289408 -1.112535 4.830921 -0.280744 -0.257642 -0.924556 -0.917170 -0.003111 0.398484 0 0 0 0 0 0
-39.464979 -0.651108 4.963648 -0.315018 -0.686873 -0.654957 -0.888360 0.296605 0.350489 0 0 0 0 0 0
-39.829780 -0.327210 4.876164 -0.325501 -0.934691 -0.142838 -0.875680 0.415461 0.246124 0 0 0 0 0 0
-40.160504 -0.174597 4.674616 -0.332892 -0.838099 0.432173 -0.865774 0.500384 -0.007219 0 0 0 0 0 0
-40.492535 -0.147599 4.432306 -0.333921 -0.418538 0.844584 -0.852265 0.438280 -0.285579 0 0 0 0 0 0
-40.823908 -0.247008 4.206822 -0.328408 0.156980 0.931400 -0.840851 0.213482 -0.497387 0 0 0 0 0 0
-41.153438 -0.460814 4.059803 -0.318814 0.664031 0.676328 -0.836281 -0.111425 -0.536860 0 0 0 0 0 0
-41.480207 -0.736636 4.057979 -0.309055 0.931097 0.193761 -0.839708 -0.400831 -0.366368 0 0 0 0 0 0
-41.804919 -0.971488 4.226003 -0.302068 0.889094 -0.343900 -0.848875 -0.525612 -0.056057 0 0 0 0 0 0
-42.128613 -1.060191 4.507440 -0.299703 0.565434 -0.768415 -0.860332 -0.440202 0.257004 0 0 0 0 0 0
-42.496276 -0.938675 4.630558 -0.314353 0.059333 -0.947450 -0.929898 -0.154585 0.333758 0 0 0 0 0 0
-42.959063 -1.116736 4.829444 -0.277243 -0.259903 -0.924979 -0.906713 -0.018077 0.421361 0 0 0 0 0 0
-43.028229 -1.155360 5.818008 -0.315018 0.686873 0.654958 -0.169914 0.544154 0.821600 0 0 0 0 0 0
-43.516886 -0.969701 7.779292 -0.325502 0.934691 0.142831 -0.875677 -0.415456 -0.246140 0 0 0 0 0 0
-43.847610 -1.122319 7.980831 -0.332890 0.838097 -0.432178 -0.865768 -0.500393 0.007215 0 0 0 0 0 0
-44.179640 -1.149320 8.223144 -0.333921 0.418541 -0.844583 -0.852267 -0.438272 0.285586 0 0 0 0 0 0
-44.511033 -1.049901 8.448640 -0.328341 -0.156985 -0.931422 -0.840828 -0.213521 0.497411 0 0 0 0 0 0
-44.840460 -0.836101 8.595624 -0.318814 -0.664033 -0.676327 -0.836308 0.111413 0.536821 0 0 0 0 0 0
-45.167330 -0.560273 8.597466 -0.308995 -0.931116 -0.193765 -0.839690 0.400851 0.366388 0 0 0 0 0 0
-46.363692 -0.942567 9.210652 0.985416 0.000000 -0.170161 0.410543 0.911618 -0.020167 0 0 0 0 0 0
-38.861176 0.000000 7.894600 0.000000 1.000000 0.000000 0.000000 0.000000 1.000000 0 0 0 0 0 0
-39.264824 0.000000 8.033776 0.000000 1.000000 0.000000 0.000000 0.000000 1.000000 0 0 0 0 0 0
-39.716588 0.000000 8.616918 0.000000 1.000000 0.000000 0.000000 0.000000 1.000000 0 0 0 0 0 0
-39.388235 0.000000 9.277553 0.000000 1.000000 0.000000 0.000000 0.000000 1.000000 0 0 0 0 0 0
-45.639512 0.518355 11.500898 0.976981 0.000000 -0.213328 0.046627 -0.575209 -0.816676 0 0 0 0 0 0
-45.431015 -0.168867 11.277032 0.309055 -0.931097 -0.193761 0.862040 0.434379 0.261154 0 0 0 0 0 0
-44.879972 -0.069554 11.502723 0.318814 -0.664031 -0.676328 0.877095 0.430121 0.213774 0 0 0 0 0 0
-44.550642 -0.154576 11.757733 0.328408 -0.156980 -0.931400 0.874376 0.254612 0.413085 0 0 0 0 0 0
-44.218772 -0.353020 11.915235 0.333921 0.418538 -0.844584 0.865321 0.002684 0.501211 0 0 0 0 0 0
-43.886272 -0.594397 11.946296 0.332892 0.838099 -0.432173 0.852448 -0.275656 0.444237 0 0 0 0 0 0
-43.554632 -0.819673 11.850687 0.325501 0.934691 0.142838 0.841301 -0.491637 0.224736 0 0 0 0 0 0
-43.225668 -0.968312 11.640612 0.315018 0.686873 0.654957 0.836651 -0.538597 -0.099643 0 0 0 0 0 0
-42.786834 -1.062693 11.452602 0.277243 0.259903 0.924979 0.878268 -0.385957 -0.282281 0 0 0 0 0 0
-42.469492 -1.097195 11.333975 0.314353 -0.059333 0.947450 0.912831 0.154508 -0.377977 0 0 0 0 0 0
-42.185105 -0.705696 11.056112 0.299703 -0.565434 0.768415 0.858983 0.140031 -0.492483 0 0 0 0 0 0
-41.860301 -0.384036 11.054335 0.302068 -0.889094 0.343900 0.865774 0.370538 -0.336359 0 0 0 0 0 0
-41.536098 -0.150435 11.231287 0.309055 -0.931097 -0.193761 0.873625 0.482906 -0.059845 0 0 0 0 0 0
-41.209384 -0.069554 11.502723 0.318814 -0.664031 -0.676328 0.877095 0.430121 0.213774 0 0 0 0 0 0
-40.880053 -0.154576 11.757733 0.328408 -0.156980 -0.931400 0.874376 0.254612 0.413085 0 0 0 0 0 0
-40.548184 -0.353020 11.915235 0.333921 0.418538 -0.844584 0.865321 0.002684 0.501211 0 0 0 0 0 0
-40.215684 -0.594397 11.946296 0.332892 0.838099 -0.432173 0.852448 -0.275656 0.444237 0 0 0 0 0 0
-39.884044 -0.819673 11.850687 0.325501 0.934691 0.142838 0.841301 -0.491637 0.224736 0 0 0 0 0 0
-39.555079 -0.968312 11.640612 0.315018 0.686873 0.654957 0.836651 -0.538597 -0.099643 0 0 0 0 0 0
-39.115140 -1.051899 11.469787 0.280744 0.257642 0.924556 0.884435 -0.377727 -0.274038 0 0 0 0 0 0
-38.794554 -1.101126 11.340066 0.310467 -0.059697 0.948708 0.909286 0.140244 -0.391831 0 0 0 0 0 0
-38.516326 -0.700223 11.061007 0.299702 -0.565437 0.768414 0.859437 0.134714 -0.493173 0 0 0 0 0 0
-38.188865 -0.381984 11.058753 0.302069 -0.889093 0.343901 0.865775 0.370541 -0.336352 0 0 0 0 0 0
-37.864536 -0.148404 11.235691 0.309055 -0.931097 -0.193761 0.873696 0.482777 -0.059847 0 0 0 0 0 0
-37.537786 -0.067495 11.507152 0.318752 -0.664045 -0.676344 0.877081 0.430159 0.213758 0 0 0 0 0 0
-37.219295 -0.154380 11.761303 0.328344 -0.156985 -0.931422 0.869126 0.257584 0.422221 0 0 0 0 0 0
-36.889680 -0.350997 11.915190 0.333986 0.418528 -0.844564 0.865294 0.002619 0.501258 0 0 0 0 0 0
-36.556889 -0.592324 11.946295 0.332892 0.838099 -0.432173 0.852494 -0.275581 0.444194 0 0 0 0 0 0
-36.225314 -0.817613 11.850658 0.325502 0.934690 0.142838 0.841303 -0.491634 0.224735 0 0 0 0 0 0
-35.896330 -0.966271 11.640580 0.314955 0.686890 0.654970 0.836620 -0.538650 -0.099620 0 0 0 0 0 0
-35.457715 -1.060609 11.452552 0.277243 0.259906 0.924978 0.878230 -0.385981 -0.282367 0 0 0 0 0 0
-35.140341 -1.095131 11.333955 0.314419 -0.059339 0.947428 0.912838 0.154494 -0.377965 0 0 0 0 0 0
-34.855699 -0.703672 11.056060 0.299642 -0.565448 0.768429 0.859013 0.139961 -0.492451 0 0 0 0 0 0
-34.639677 -1.983742 10.250591 0.302129 0.889076 -0.343894 0.189600 0.521281 -0.832056 0 0 0 0 0 0
-34.218879 -1.140280 8.468228 0.308994 0.931115 0.193772 0.881128 -0.472015 0.028573 0 0 0 0 0 0
-33.887892 -1.227345 8.189097 0.318814 0.664033 0.676327 0.877047 -0.430188 -0.213839 0 0 0 0 0 0
-33.558358 -1.142357 7.934121 0.328341 0.156985 0.931422 0.874424 -0.254612 -0.412983 0 0 0 0 0 0
-33.226696 -0.943856 7.776619 0.333921 -0.418541 0.844583 0.865280 -0.002643 -0.501282 0 0 0 0 0 0
-32.894131 -0.702516 7.745548 0.332891 -0.838099 0.432172 0.852447 0.275657 -0.444237 0 0 0 0 0 0
-32.562489 -0.477237 7.841145 0.325502 -0.934691 -0.142831 0.841300 0.491636 -0.224740 0 0 0 0 0 0
-32.233387 -0.328601 8.051207 0.314955 -0.686888 -0.654972 0.836704 0.538527 0.099569 0 0 0 0 0 0
-31.794750 -0.234252 8.239262 0.277243 -0.259904 -0.924979 0.878228 0.385984 0.282367 0 0 0 0 0 0
-31.477374 -0.199724 8.357861 0.314419 0.059337 -0.947428 0.912838 -0.154491 0.377967 0 0 0 0 0 0
-31.192877 -0.591216 8.635759 0.299702 0.565437 -0.768414 0.858955 -0.140037 0.492529 0 0 0 0 0 0
-30.868159 -0.912873 8.637511 0.302068 0.889093 -0.343900 0.865775 -0.370540 0.336354 0 0 0 0 0 0
-30.543811 -1.146455 8.460569 0.308994 0.931115 0.193772 0.873679 -0.482803 0.059882 0 0 0 0 0 0
-30.217304 -1.227345 8.189097 0.318814 0.664033 0.676327 0.877047 -0.430188 -0.213839 0 0 0 0 0 0
-29.887770 -1.142357 7.934121 0.328341 0.156985 0.931422 0.874424 -0.254612 -0.412983 0 0 0 0 0 0
-29.556108 -0.943856 7.776619 0.333921 -0.418541 0.844583 0.865280 -0.002643 -0.501282 0 0 0 0 0 0
-29.343034 -1.432200 6.593745 0.332891 0.838096 -0.432179 0.173580 0.627718 -0.758841 0 0 0 0 0 0
-28.875386 -0.819677 4.769440 0.325501 0.934692 0.142831 0.841304 -0.491634 0.224732 0 0 0 0 0 0
-28.546424 -0.968311 4.559353 0.315018 0.686873 0.654957 0.836651 -0.538596 -0.099648 0 0 0 0 0 0
-28.106481 -1.051899 4.388530 0.280744 0.257642 0.924556 0.884435 -0.377727 -0.274038 0 0 0 0 0 0
-27.785896 -1.101126 4.258810 0.310467 -0.059697 0.948708 0.909286 0.140244 -0.391831 0 0 0 0 0 0
-27.507525 -0.700251 3.979753 0.299642 -0.565448 0.768429 0.859494 0.134637 -0.493095 0 0 0 0 0 0
-27.180272 -0.381969 3.977525 0.302068 -0.889091 0.343907 0.865728 0.370637 -0.336367 0 0 0 0 0 0
-26.855878 -0.148400 4.154441 0.309055 -0.931097 -0.193761 0.873696 0.482776 -0.059859 0 0 0 0 0 0
-26.529127 -0.067495 4.425894 0.318753 -0.664049 -0.676340 0.877083 0.430151 0.213767 0 0 0 0 0 0
-26.173588 -0.147616 4.685421 0.328341 -0.156984 -0.931423 0.885854 0.247447 0.392469 0 0 0 0 0 0
-25.835544 -0.351001 4.852745 0.333921 0.418538 -0.844584 0.865276 0.002645 0.501288 0 0 0 0 0 0
-25.502978 -0.592344 4.883816 0.332892 0.838099 -0.432173 0.852448 -0.275656 0.444237 0 0 0 0 0 0
-25.171337 -0.817612 4.788208 0.325502 0.934691 0.142831 0.841307 -0.491634 0.224719 0 0 0 0 0 0
-24.842376 -0.966264 4.578115 0.315016 0.686872 0.654960 0.836642 -0.538612 -0.099635 0 0 0 0 0 0
-24.403538 -1.060646 4.390121 0.277245 0.259908 0.924977 0.878273 -0.385948 -0.282277 0 0 0 0 0 0
-24.086223 -1.095130 4.271503 0.314421 -0.059340 0.947427 0.912839 0.154492 -0.377965 0 0 0 0 0 0
-23.801722 -0.703646 3.993606 0.299704 -0.565440 0.768411 0.858954 0.140035 -0.492532 0 0 0 0 0 0
-23.585502 -1.983722 3.188142 0.302068 0.889091 -0.343906 0.189595 0.521296 -0.832048 0 0 0 0 0 0
-23.170995 -1.145480 1.417227 0.309056 0.931097 0.193761 0.873439 -0.483949 0.053820 0 0 0 0 0 0
-22.843453 -1.227364 1.144646 0.318814 0.664034 0.676326 0.877092 -0.430130 -0.213770 0 0 0 0 0 0
-22.514106 -1.142340 0.889619 0.328341 0.156985 0.931423 0.874359 -0.254645 -0.413101 0 0 0 0 0 0
-22.182482 -0.943859 0.732146 0.333986 -0.418530 0.844563 0.865294 -0.002625 -0.501257 0 0 0 0 0 0
-21.849689 -0.702536 0.701036 0.332891 -0.838099 0.432173 0.852492 0.275581 -0.444198 0 0 0 0 0 0
-21.518115 -0.477240 0.796673 0.325501 -0.934691 -0.142834 0.841303 0.491636 -0.224727 0 0 0 0 0 0
-21.189152 -0.328601 1.006761 0.315017 -0.686871 -0.654960 0.836649 0.538600 0.099643 0 0 0 0 0 0
-20.750432 -0.234229 1.194799 0.277244 -0.259905 -0.924979 0.878209 0.386014 0.282386 0 0 0 0 0 0
-20.432987 -0.199680 1.313363 0.314354 0.059339 -0.947449 0.912900 -0.154429 0.377843 0 0 0 0 0 0
-20.148566 -0.591216 1.591259 0.299643 0.565449 -0.768428 0.858961 -0.140018 0.492525 0 0 0 0 0 0
-19.824008 -0.912881 1.592999 0.302129 0.889076 -0.343894 0.865745 -0.370620 0.336343 0 0 0 0 0 0
-19.499514 -1.146473 1.416110 0.309056 0.931097 0.193761 0.873674 -0.482814 0.059873 0 0 0 0 0 0
-19.172864 -1.227364 1.144646 0.318814 0.664034 0.676326 0.877092 -0.430130 -0.213770 0 0 0 0 0 0
-18.843517 -1.142340 0.889619 0.328341 0.156985 0.931423 0.874359 -0.254645 -0.413101 0 0 0 0 0 0
-18.511894 -0.943859 0.732146 0.333986 -0.418530 0.844563 0.865294 -0.002625 -0.501257 0 0 0 0 0 0
-18.298615 -1.432195 -0.450743 0.332892 0.838099 -0.432172 0.173601 0.627720 -0.758835 0 0 0 0 0 0
-17.831007 -0.819672 -2.275033 0.325501 0.934692 0.142831 0.841304 -0.491637 0.224723 0 0 0 0 0 0
-17.502028 -0.968317 -2.485132 0.314955 0.686886 0.654974 0.836623 -0.538644 -0.099623 0 0 0 0 0 0
-17.062166 -1.051882 -2.655937 0.280678 0.257647 0.924574 0.884438 -0.377735 -0.274018 0 0 0 0 0 0
-16.741604 -1.101114 -2.785628 0.310467 -0.059697 0.948708 0.909305 0.140233 -0.391790 0 0 0 0 0 0
-16.463292 -0.700222 -3.064715 0.299704 -0.565440 0.768411 0.859436 0.134706 -0.493177 0 0 0 0 0 0
-16.135827 -0.381988 -3.066986 0.302068 -0.889091 0.343907 0.865772 0.370547 -0.336352 0 0 0 0 0 0
-15.811483 -0.148393 -2.890038 0.308994 -0.931117 -0.193765 0.873679 0.482803 -0.059879 0 0 0 0 0 0
-15.484976 -0.067521 -2.618564 0.318816 -0.664034 -0.676325 0.877053 0.430175 0.213841 0 0 0 0 0 0
-15.155439 -0.152505 -2.363592 0.328341 -0.156984 -0.931423 0.874422 0.254622 0.412982 0 0 0 0 0 0
-14.823779 -0.351001 -2.206084 0.333922 0.418539 -0.844584 0.865278 0.002645 0.501285 0 0 0 0 0 0
-14.491212 -0.592343 -2.175008 0.332892 0.838099 -0.432173 0.852446 -0.275655 0.444241 0 0 0 0 0 0
-14.159572 -0.817612 -2.270615 0.325502 0.934691 0.142831 0.841307 -0.491634 0.224720 0 0 0 0 0 0
-13.830611 -0.966264 -2.480708 0.315016 0.686873 0.654959 0.836643 -0.538609 -0.099638 0 0 0 0 0 0
-13.391796 -1.060643 -2.668711 0.277245 0.259907 0.924978 0.878260 -0.385962 -0.282297 0 0 0 0 0 0
-13.074468 -1.095134 -2.787320 0.314401 -0.059340 0.947434 0.912843 0.154490 -0.377955 0 0 0 0 0 0
-12.789967 -0.703652 -3.065210 0.299686 -0.565443 0.768416 0.858972 0.140016 -0.492507 0 0 0 0 0 0
-12.573783 -1.983728 -3.870682 0.302086 0.889086 -0.343904 0.189596 0.521291 -0.832051 0 0 0 0 0 0
-12.157445 -1.144413 -5.638305 0.309043 0.931101 0.193762 0.873680 -0.482805 0.059862 0 0 0 0 0 0
-11.830804 -1.225301 -5.909766 0.318804 0.664036 0.676328 0.877073 -0.430155 -0.213800 0 0 0 0 0 0
-11.501422 -1.140282 -6.164763 0.328354 0.156977 0.931419 0.874389 -0.254635 -0.413043 0 0 0 0 0 0
-11.169704 -0.941819 -6.322262 0.333947 -0.418533 0.844576 0.865299 -0.002643 -0.501249 0 0 0 0 0 0
-10.837046 -0.700471 -6.353348 0.332885 -0.838100 0.432175 0.852472 0.275616 -0.444216 0 0 0 0 0 0
-10.505434 -0.475186 -6.257726 0.325481 -0.934697 -0.142839 0.841296 0.491640 -0.224746 0 0 0 0 0 0
-10.176475 -0.326553 -6.047643 0.314992 -0.686876 -0.654967 0.836654 0.538594 0.099631 0 0 0 0 0 0
-9.736530 -0.242964 -5.876830 0.280700 -0.257647 -0.924568 0.884435 0.377737 0.274025 0 0 0 0 0 0
-9.416991 -0.191761 -5.742696 0.310461 0.059696 -0.948710 0.907996 -0.135179 0.396573 0 0 0 0 0 0
-9.138598 -0.592575 -5.463631 0.299680 0.565444 -0.768417 0.859454 -0.134682 0.493153 0 0 0 0 0 0
-8.811227 -0.910825 -5.461371 0.302086 0.889086 -0.343904 0.865751 -0.370590 0.336360 0 0 0 0 0 0
-8.486857 -1.144413 -5.638305 0.309043 0.931101 0.193762 0.873680 -0.482805 0.059862 0 0 0 0 0 0
-8.160216 -1.225301 -5.909766 0.318804 0.664036 0.676328 0.877073 -0.430155 -0.213800 0 0 0 0 0 0
-7.830834 -1.140282 -6.164763 0.328354 0.156977 0.931419 0.874389 -0.254635 -0.413043 0 0 0 0 0 0
-7.499115 -0.941819 -6.322262 0.333947 -0.418533 0.844576 0.865299 -0.002643 -0.501249 0 0 0 0 0 0
-7.285983 -1.430143 -7.505141 0.332885 0.838101 -0.432175 0.173582 0.627720 -0.758839 0 0 0 0 0 0
-6.818356 -0.817612 -9.329440 0.325483 0.934698 0.142832 0.841303 -0.491637 0.224730 0 0 0 0 0 0
-6.489383 -0.966258 -9.539526 0.314985 0.686879 0.654967 0.836654 -0.538598 -0.099612 0 0 0 0 0 0
-6.050649 -1.060626 -9.727543 0.277245 0.259908 0.924977 0.878242 -0.385973 -0.282341 0 0 0 0 0 0
-5.733291 -1.095134 -9.846144 0.314401 -0.059340 0.947434 0.912843 0.154489 -0.377955 0 0 0 0 0 0
-5.448791 -0.703652 -10.124034 0.299686 -0.565443 0.768416 0.858972 0.140016 -0.492507 0 0 0 0 0 0
-5.124127 -0.381981 -10.125799 0.302080 -0.889087 0.343905 0.865754 0.370583 -0.336359 0 0 0 0 0 0
-4.799785 -0.148391 -9.948858 0.309043 -0.931101 -0.193762 0.873674 0.482814 -0.059860 0 0 0 0 0 0
-4.473126 -0.067503 -9.677404 0.318803 -0.664037 -0.676328 0.877079 0.430145 0.213792 0 0 0 0 0 0
-4.143754 -0.152519 -9.422400 0.328354 -0.156983 -0.931418 0.874383 0.254632 0.413057 0 0 0 0 0 0
-3.801081 -0.349423 -9.260855 0.333947 0.418534 -0.844576 0.869895 0.006842 0.493189 0 0 0 0 0 0
-3.465825 -0.594393 -9.227707 0.332885 0.838101 -0.432175 0.852458 -0.275617 0.444241 0 0 0 0 0 0
-3.134203 -0.819670 -9.323324 0.325482 0.934698 0.142832 0.841308 -0.491627 0.224729 0 0 0 0 0 0
-2.805241 -0.968305 -9.533417 0.314987 0.686881 0.654965 0.836654 -0.538594 -0.099631 0 0 0 0 0 0
-2.366510 -1.062672 -9.721444 0.277243 0.259903 0.924979 0.878236 -0.385982 -0.282345 0 0 0 0 0 0
-2.049145 -1.097199 -9.840045 0.314399 -0.059332 0.947435 0.912843 0.154486 -0.377958 0 0 0 0 0 0
-1.764652 -0.705700 -10.117935 0.299685 -0.565438 0.768420 0.858974 0.140022 -0.492501 0 0 0 0 0 0
-1.548451 -1.985777 -10.923404 0.302082 0.889090 -0.343899 0.189601 0.521293 -0.832049 0 0 0 0 0 0
-1.132129 -1.146461 -12.691017 0.309043 0.931101 0.193762 0.873673 -0.482815 0.059868 0 0 0 0 0 0
-0.805480 -1.227361 -12.962484 0.318801 0.664036 0.676330 0.877071 -0.430160 -0.213797 0 0 0 0 0 0
-0.476099 -1.142342 -13.217477 0.328355 0.156985 0.931418 0.874392 -0.254619 -0.413047 0 0 0 0 0 0
-0.144384 -0.943871 -13.375014 0.333940 -0.418529 0.844581 0.865288 -0.002657 -0.501269 0 0 0 0 0 0
0.188273 -0.702514 -13.406097 0.332880 -0.838094 0.432192 0.852477 0.275624 -0.444201 0 0 0 0 0 0
0.519878 -0.477236 -13.310425 0.325481 -0.934695 -0.142853 0.841302 0.491628 -0.224748 0 0 0 0 0 0
0.848856 -0.328606 -13.100381 0.314991 -0.686883 -0.654960 0.836661 0.538578 0.099656 0 0 0 0 0 0
1.288786 -0.245023 -12.929539 0.280706 -0.257650 -0.924565 0.884436 0.377731 0.274029 0 0 0 0 0 0
1.608343 -0.193815 -12.795404 0.310456 0.059697 -0.948711 0.907996 -0.135177 0.396574 0 0 0 0 0 0
1.886715 -0.594629 -12.516344 0.299684 0.565440 -0.768419 0.859453 -0.134694 0.493150 0 0 0 0 0 0
2.214110 -0.912880 -12.514095 0.302081 0.889090 -0.343899 0.865757 -0.370576 0.336361 0 0 0 0 0 0
2.538458 -1.146460 -12.691017 0.309044 0.931101 0.193762 0.873674 -0.482814 0.059868 0 0 0 0 0 0
2.865113 -1.227362 -12.962483 0.318801 0.664036 0.676330 0.877073 -0.430157 -0.213794 0 0 0 0 0 0
3.194487 -1.142341 -13.217478 0.328356 0.156985 0.931417 0.874389 -0.254619 -0.413053 0 0 0 0 0 0
3.526201 -0.943871 -13.375015 0.333940 -0.418529 0.844581 0.865286 -0.002656 -0.501272 0 0 0 0 0 0
3.739335 -1.432195 -14.557879 0.332886 0.838103 -0.432169 0.173584 0.627722 -0.758837 0 0 0 0 0 0
4.206972 -0.819663 -16.382181 0.325482 0.934697 0.142839 0.841310 -0.491631 0.224713 0 0 0 0 0 0
4.535935 -0.968305 -16.592296 0.314974 0.686852 0.655000 0.836625 -0.538651 -0.099569 0 0 0 0 0 0
4.974691 -1.062689 -16.780200 0.277245 0.259905 0.924978 0.878261 -0.385951 -0.282311 0 0 0 0 0 0
5.292018 -1.097206 -16.898888 0.314403 -0.059333 0.947433 0.912823 0.154448 -0.378022 0 0 0 0 0 0
5.576525 -0.705703 -17.176800 0.299688 -0.565444 0.768415 0.858967 0.140005 -0.492519 0 0 0 0 0 0
5.901191 -0.384039 -17.178554 0.302080 -0.889090 0.343899 0.865756 0.370587 -0.336351 0 0 0 0 0 0
6.225539 -0.150446 -17.001646 0.309045 -0.931107 -0.193729 0.873682 0.482808 -0.059808 0 0 0 0 0 0
6.552190 -0.069558 -16.730153 0.318803 -0.664037 -0.676328 0.877077 0.430172 0.213747 0 0 0 0 0 0
6.881549 -0.154561 -16.475078 0.328339 -0.156975 -0.931425 0.874352 0.254654 0.413111 0 0 0 0 0 0
7.213290 -0.353048 -16.317642 0.333941 0.418526 -0.844582 0.865340 0.002598 0.501179 0 0 0 0 0 0
7.545934 -0.594407 -16.286565 0.332886 0.838103 -0.432169 0.852459 -0.275598 0.444251 0 0 0 0 0 0
7.877561 -0.819663 -16.382181 0.325482 0.934697 0.142839 0.841310 -0.491631 0.224713 0 0 0 0 0 0
8.206523 -0.968305 -16.592296 0.314974 0.686852 0.655000 0.836625 -0.538651 -0.099569 0 0 0 0 0 0
8.646478 -1.051908 -16.763005 0.280698 0.257646 0.924569 0.884454 -0.377712 -0.273998 0 0 0 0 0 0
8.966998 -1.101111 -16.892700 0.310471 -0.059701 0.948706 0.909298 0.140242 -0.391803 0 0 0 0 0 0
9.245305 -0.700249 -17.171784 0.299687 -0.565446 0.768413 0.859444 0.134704 -0.493164 0 0 0 0 0 0
9.464223 -1.983722 -17.977860 0.302081 0.889090 -0.343899 0.189591 0.521293 -0.832051 0 0 0 0 0 0
9.880553 -1.144419 -19.745474 0.309041 0.931095 0.193794 0.873658 -0.482831 0.059972 0 0 0 0 0 0
10.207210 -1.225302 -20.016887 0.318804 0.664036 0.676328 0.877081 -0.430119 -0.213837 0 0 0 0 0 0
10.536580 -1.140280 -20.271911 0.328361 0.156980 0.931416 0.874388 -0.254627 -0.413050 0 0 0 0 0 0
10.868313 -0.941820 -20.429321 0.333961 -0.418552 0.844562 0.865329 -0.002638 -0.501198 0 0 0 0 0 0
11.200967 -0.700503 -20.460421 0.332886 -0.838103 0.432169 0.852465 0.275663 -0.444199 0 0 0 0 0 0
11.532601 -0.475172 -20.364904 0.325484 -0.934707 -0.142768 0.841304 0.491620 -0.224762 0 0 0 0 0 0
11.861532 -0.326554 -20.154749 0.314988 -0.686884 -0.654961 0.836646 0.538619 0.099564 0 0 0 0 0 0
12.300265 -0.232185 -19.966757 0.277245 -0.259906 -0.924978 0.878233 0.385978 0.282360 0 0 0 0 0 0
12.617627 -0.197657 -19.848075 0.314382 0.059334 -0.947441 0.912819 -0.154466 0.378023 0 0 0 0 0 0
12.902123 -0.589178 -19.570305 0.299687 0.565446 -0.768413 0.859018 -0.140062 0.492413 0 0 0 0 0 0
13.226795 -0.910817 -19.568551 0.302081 0.889090 -0.343899 0.865757 -0.370589 0.336347 0 0 0 0 0 0
13.551141 -1.144419 -19.745474 0.309041 0.931095 0.193794 0.873658 -0.482831 0.059972 0 0 0 0 0 0
13.877793 -1.225301 -20.016886 0.318822 0.664032 0.676324 0.877085 -0.430110 -0.213838 0 0 0 0 0 0
14.207201 -1.140285 -20.271920 0.328335 0.156982 0.931425 0.874376 -0.254646 -0.413065 0 0 0 0 0 0
14.538925 -0.941829 -20.429307 0.333935 -0.418556 0.844570 0.865358 -0.002661 -0.501147 0 0 0 0 0 0
14.871527 -0.700495 -20.460409 0.332893 -0.838101 0.432168 0.852449 0.275694 -0.444212 0 0 0 0 0 0
15.203179 -0.475169 -20.364903 0.325504 -0.934700 -0.142767 0.841301 0.491629 -0.224753 0 0 0 0 0 0
15.532109 -0.326549 -20.154747 0.315020 -0.686876 -0.654953 0.836643 0.538621 0.099581 0 0 0 0 0 0
15.972070 -0.242957 -19.983940 0.280678 -0.257647 -0.924574 0.884411 0.377769 0.274058 0 0 0 0 0 0
16.291642 -0.191731 -19.849767 0.310398 0.059697 -0.948730 0.908018 -0.135121 0.396543 0 0 0 0 0 0
16.569961 -0.592588 -19.570819 0.299645 0.565454 -0.768424 0.859488 -0.134765 0.493071 0 0 0 0 0 0
16.897265 -0.910820 -19.568573 0.302129 0.889076 -0.343894 0.865745 -0.370630 0.336333 0 0 0 0 0 0
17.794643 0.659790 -19.401397 -0.667399 0.000000 0.744700 0.115138 -0.099665 0.988337 0 0 0 0 0 0
15.476235 -0.000001 -15.478235 0.000000 1.000000 0.000000 0.000000 0.000000 1.000000 0 0 0 0 0 0
15.879882 -0.000001 -15.339059 0.000000 1.000000 0.000000 0.000000 0.000000 1.000000 0 0 0 0 0 0
16.331647 -0.000001 -14.755882 0.000000 1.000000 0.000000 0.000000 0.000000 1.000000 0 0 0 0 0 0
16.003294 -0.000001 -14.095176 0.000000 1.000000 0.000000 0.000000 0.000000 1.000000 0 0 0 0 0 0
18.079246 -0.208781 -15.571039 -0.717441 0.000000 0.696619 -0.190669 -0.181762 -0.964680 0 0 0 0 0 0
17.183915 -0.957181 -16.868725 -0.302069 0.889093 -0.343901 -0.852977 -0.442837 0.276271 0 0 0 0 0 0
16.645527 -1.058150 -16.662130 -0.299645 0.565454 -0.768424 -0.860312 -0.440247 0.256993 0 0 0 0 0 0
16.278484 -0.939910 -16.519435 -0.310484 0.059701 -0.948702 -0.923975 -0.161451 0.346703 0 0 0 0 0 0
15.815252 -1.110633 -16.339212 -0.280678 -0.257643 -0.924575 -0.915494 -0.001212 0.402331 0 0 0 0 0 0
15.638809 -0.649020 -16.205955 -0.315019 -0.686878 -0.654952 -0.888310 0.296645 0.350581 0 0 0 0 0 0
15.273932 -0.325152 -16.293376 -0.325502 -0.934690 -0.142838 -0.875668 0.415456 0.246175 0 0 0 0 0 0
14.943233 -0.172562 -16.494994 -0.332893 -0.838101 0.432168 -0.865796 0.500343 -0.007380 0 0 0 0 0 0
14.611191 -0.145555 -16.737281 -0.334000 -0.418546 0.844549 -0.852306 0.438218 -0.285552 0 0 0 0 0 0
14.279574 -0.244929 -16.962748 -0.328342 0.156987 0.931422 -0.840874 0.213548 -0.497321 0 0 0 0 0 0
13.950357 -0.458780 -17.109739 -0.318835 0.664029 0.676320 -0.836233 -0.111478 -0.536924 0 0 0 0 0 0
13.623445 -0.734588 -17.111669 -0.309035 0.931097 0.193795 -0.839697 -0.400821 -0.366403 0 0 0 0 0 0
13.298782 -0.969412 -16.943544 -0.302087 0.889088 -0.343899 -0.848931 -0.525529 -0.055992 0 0 0 0 0 0
12.974973 -1.058154 -16.662138 -0.299687 0.565446 -0.768413 -0.860334 -0.440213 0.256979 0 0 0 0 0 0
12.607499 -0.936597 -16.538988 -0.314410 0.059340 -0.947431 -0.929865 -0.154553 0.333862 0 0 0 0 0 0
12.144507 -1.114713 -16.340151 -0.277245 -0.259908 -0.924977 -0.906773 -0.018108 0.421230 0 0 0 0 0 0
12.075431 -1.153307 -15.351627 -0.314982 0.686871 0.654976 -0.169882 0.544156 0.821605 0 0 0 0 0 0
11.586855 -0.967643 -13.390236 -0.325483 0.934702 0.142804 -0.875694 -0.415453 -0.246086 0 0 0 0 0 0
11.256098 -1.120254 -13.188786 -0.332890 0.838111 -0.432151 -0.865779 -0.500374 0.007249 0 0 0 0 0 0
10.924093 -1.147246 -12.946444 -0.333955 0.418544 -0.844568 -0.852274 -0.438262 0.285581 0 0 0 0 0 0
10.592576 -1.047871 -12.720959 -0.328354 -0.156977 -0.931419 -0.840861 -0.213524 0.497353 0 0 0 0 0 0
10.263192 -0.834032 -12.573978 -0.318804 -0.664036 -0.676328 -0.836278 0.111432 0.536862 0 0 0 0 0 0
9.936412 -0.558220 -12.572138 -0.309043 -0.931101 -0.193762 -0.839685 0.400868 0.366379 0 0 0 0 0 0
9.611662 -0.323386 -12.740148 -0.302081 -0.889090 0.343899 -0.848918 0.525543 0.056059 0 0 0 0 0 0
9.287905 -0.234654 -13.021584 -0.299686 -0.565443 0.768416 -0.860328 0.440216 -0.256993 0 0 0 0 0 0
8.920798 -0.352875 -13.164373 -0.310454 -0.059696 0.948712 -0.923946 0.161491 -0.346764 0 0 0 0 0 0
8.458175 -0.183545 -13.348101 -0.280704 0.257650 0.924566 -0.914638 -0.000086 -0.404274 0 0 0 0 0 0
8.280128 -0.645799 -13.482198 -0.314988 0.686883 0.654961 -0.888348 -0.296600 -0.350524 0 0 0 0 0 0
7.915324 -0.969699 -13.394757 -0.325481 0.934695 0.142853 -0.875672 -0.415462 -0.246148 0 0 0 0 0 0
7.584616 -1.122316 -13.193177 -0.332881 0.838094 -0.432191 -0.865763 -0.500403 0.007189 0 0 0 0 0 0
7.252572 -1.149319 -12.950896 -0.333940 0.418529 -0.844581 -0.852273 -0.438261 0.285585 0 0 0 0 0 0
6.921077 -1.049919 -12.725395 -0.328356 -0.156985 -0.931417 -0.840862 -0.213509 0.497358 0 0 0 0 0 0
6.780768 -0.835072 -11.924970 -0.318802 0.664034 0.676331 -0.141496 0.623314 0.769063 0 0 0 0 0 0
6.281398 -0.736639 -10.057205 -0.309043 0.931101 0.193762 -0.839690 -0.400869 -0.366367 0 0 0 0 0 0
5.956643 -0.971478 -9.889209 -0.302080 0.889090 -0.343899 -0.848913 -0.525549 -0.056080 0 0 0 0 0 0
5.632892 -1.060198 -9.607765 -0.299685 0.565438 -0.768420 -0.860328 -0.440213 0.256999 0 0 0 0 0 0
5.265387 -0.938650 -9.484631 -0.314399 0.059332 -0.947435 -0.929870 -0.154561 0.333844 0 0 0 0 0 0
4.802424 -1.116774 -9.285754 -0.277243 -0.259903 -0.924979 -0.906754 -0.018115 0.421271 0 0 0 0 0 0
4.628085 -0.649743 -9.152261 -0.314987 -0.686881 -0.654965 -0.888902 0.294259 0.351090 0 0 0 0 0 0
4.261232 -0.327213 -9.239051 -0.325482 -0.934698 -0.142832 -0.875677 0.415457 0.246142 0 0 0 0 0 0
3.930507 -0.174602 -9.440576 -0.332885 -0.838101 0.432175 -0.865770 0.500389 -0.007215 0 0 0 0 0 0
3.598489 -0.147603 -9.682893 -0.333947 -0.418534 0.844576 -0.852268 0.438262 -0.285597 0 0 0 0 0 0
3.266975 -0.246990 -9.908384 -0.328354 0.156982 0.931418 -0.840867 0.213514 -0.497347 0 0 0 0 0 0
2.937585 -0.460824 -10.055383 -0.318802 0.664034 0.676331 -0.836274 -0.111431 -0.536869 0 0 0 0 0 0
2.610809 -0.736639 -10.057205 -0.309043 0.931101 0.193762 -0.839690 -0.400869 -0.366367 0 0 0 0 0 0
2.286055 -0.971478 -9.889209 -0.302080 0.889090 -0.343899 -0.848913 -0.525549 -0.056080 0 0 0 0 0 0
1.962304 -1.060198 -9.607765 -0.299685 0.565438 -0.768420 -0.860328 -0.440213 0.256999 0 0 0 0 0 0
1.595192 -0.941979 -9.464989 -0.310455 0.059691 -0.948712 -0.923948 -0.161493 0.346757 0 0 0 0 0 0
1.132042 -1.112678 -9.284814 -0.280699 -0.257646 -0.924568 -0.915507 -0.001198 0.402299 0 0 0 0 0 0
1.061767 -1.154586 -8.297392 -0.314989 0.686880 0.654964 -0.169578 0.543975 0.821787 0 0 0 0 0 0
0.574146 -0.969695 -6.335906 -0.325482 0.934697 0.142839 -0.875681 -0.415457 -0.246126 0 0 0 0 0 0
0.243432 -1.122316 -6.134362 -0.332883 0.838102 -0.432174 -0.865766 -0.500396 0.007220 0 0 0 0 0 0
-0.088596 -1.149313 -5.892058 -0.333947 0.418536 -0.844575 -0.852274 -0.438259 0.285583 0 0 0 0 0 0
-0.420103 -1.049918 -5.666569 -0.328355 -0.156985 -0.931418 -0.840863 -0.213516 0.497353 0 0 0 0 0 0
-0.749496 -0.836093 -5.519573 -0.318801 -0.664036 -0.676330 -0.836276 0.111432 0.536866 0 0 0 0 0 0
-1.076271 -0.560270 -5.517736 -0.309043 -0.931101 -0.193762 -0.839684 0.400867 0.366384 0 0 0 0 0 0
-1.401018 -0.325439 -5.685744 -0.302082 -0.889090 0.343899 -0.848916 0.525547 0.056058 0 0 0 0 0 0
-1.724776 -0.236706 -5.967190 -0.299684 -0.565440 0.768419 -0.860326 0.440218 -0.256996 0 0 0 0 0 0
-2.092278 -0.358259 -6.090325 -0.314399 -0.059337 0.947435 -0.929873 0.154550 -0.333843 0 0 0 0 0 0
-2.555240 -0.180144 -6.289203 -0.277243 0.259904 0.924979 -0.906754 0.018119 -0.421271 0 0 0 0 0 0
-2.729581 -0.647167 -6.422695 -0.314987 0.686880 0.654965 -0.888902 -0.294261 -0.351089 0 0 0 0 0 0
-3.096434 -0.969695 -6.335905 -0.325482 0.934697 0.142839 -0.875680 -0.415460 -0.246126 0 0 0 0 0 0
-3.427155 -1.122316 -6.134363 -0.332884 0.838101 -0.432173 -0.865769 -0.500391 0.007219 0 0 0 0 0 0
-3.759191 -1.149314 -5.892059 -0.333947 0.418536 -0.844575 -0.852277 -0.438257 0.285579 0 0 0 0 0 0
-4.102858 -1.050029 -5.674748 -0.328354 -0.156977 -0.931419 -0.850400 -0.207831 0.483350 0 0 0 0 0 0
-4.244549 -0.833013 -4.872247 -0.318803 0.664037 0.676328 -0.141497 0.623315 0.769062 0 0 0 0 0 0
-4.743923 -0.734584 -3.004498 -0.309043 0.931101 0.193762 -0.839685 -0.400869 -0.366379 0 0 0 0 0 0
-5.068672 -0.969415 -2.836486 -0.302080 0.889087 -0.343905 -0.848916 -0.525545 -0.056073 0 0 0 0 0 0
-5.392430 -1.058153 -2.555058 -0.299686 0.565443 -0.768416 -0.860327 -0.440215 0.256999 0 0 0 0 0 0
-5.759930 -0.936600 -2.431917 -0.314401 0.059340 -0.947434 -0.929873 -0.154552 0.333843 0 0 0 0 0 0
-6.222891 -1.114712 -2.233039 -0.277245 -0.259907 -0.924978 -0.906752 -0.018125 0.421275 0 0 0 0 0 0
-6.397234 -0.647694 -2.099539 -0.314985 -0.686880 -0.654966 -0.888900 0.294265 0.351091 0 0 0 0 0 0
-6.764095 -0.325162 -2.186340 -0.325483 -0.934698 -0.142832 -0.875687 0.415445 0.246127 0 0 0 0 0 0
-7.094813 -0.172546 -2.387867 -0.332885 -0.838101 0.432174 -0.865764 0.500401 -0.007221 0 0 0 0 0 0
-7.426843 -0.145551 -2.630170 -0.333948 -0.418535 0.844575 -0.852277 0.438256 -0.285580 0 0 0 0 0 0
-7.758343 -0.244938 -2.855675 -0.328354 0.156983 0.931418 -0.840855 0.213520 -0.497365 0 0 0 0 0 0
-8.087732 -0.458770 -3.002658 -0.318803 0.664037 0.676328 -0.836279 -0.111433 -0.536862 0 0 0 0 0 0
-8.414511 -0.734584 -3.004498 -0.309043 0.931101 0.193762 -0.839685 -0.400869 -0.366379 0 0 0 0 0 0
-8.739261 -0.969415 -2.836486 -0.302080 0.889087 -0.343905 -0.848916 -0.525545 -0.056073 0 0 0 0 0 0
-9.063018 -1.058153 -2.555058 -0.299686 0.565443 -0.768416 -0.860327 -0.440215 0.256999 0 0 0 0 0 0
-9.430124 -0.939930 -2.412262 -0.310454 0.059698 -0.948712 -0.923946 -0.161487 0.346764 0 0 0 0 0 0
-9.893272 -1.110617 -2.232100 -0.280705 -0.257641 -0.924568 -0.915514 -0.001182 0.402285 0 0 0 0 0 0
-9.963555 -1.152529 -1.244682 -0.314992 0.686877 0.654965 -0.169578 0.543974 0.821788 0 0 0 0 0 0
-10.451182 -0.967648 0.716811 -0.325481 0.934698 0.142835 -0.875682 -0.415451 -0.246132 0 0 0 0 0 0
-10.781888 -1.120256 0.918349 -0.332885 0.838100 -0.432175 -0.865766 -0.500397 0.007224 0 0 0 0 0 0
-11.113921 -1.147254 1.160649 -0.333947 0.418534 -0.844576 -0.852276 -0.438258 0.285580 0 0 0 0 0 0
-11.445422 -1.047872 1.386155 -0.328354 -0.156977 -0.931419 -0.840856 -0.213517 0.497365 0 0 0 0 0 0
-11.774821 -0.834034 1.533137 -0.318803 -0.664035 -0.676330 -0.836287 0.111428 0.536849 0 0 0 0 0 0
-12.101589 -0.558215 1.534974 -0.309043 -0.931101 -0.193762 -0.839677 0.400878 0.366388 0 0 0 0 0 0
-12.426336 -0.323387 1.366966 -0.302086 -0.889086 0.343904 -0.848917 0.525544 0.056071 0 0 0 0 0 0
-12.750117 -0.234650 1.085536 -0.299679 -0.565443 0.768418 -0.860331 0.440210 -0.256994 0 0 0 0 0 0
-13.117587 -0.356210 0.962392 -0.314407 -0.059337 0.947432 -0.929869 0.154550 -0.333853 0 0 0 0 0 0
-13.580580 -0.178086 0.763514 -0.277238 0.259905 0.924980 -0.906757 0.018125 -0.421263 0 0 0 0 0 0
-13.754899 -0.645116 0.630017 -0.314967 0.686883 0.654971 -0.888893 -0.294274 -0.351101 0 0 0 0 0 0
-14.121748 -0.967644 0.716816 -0.325449 0.934709 0.142836 -0.875683 -0.415444 -0.246140 0 0 0 0 0 0
-14.452482 -1.120237 0.918339 -0.332892 0.838098 -0.432174 -0.865807 -0.500327 0.007212 0 0 0 0 0 0
-14.784582 -1.147258 1.160653 -0.333921 0.418538 -0.844584 -0.852265 -0.438279 0.285580 0 0 0 0 0 0
-15.115976 -1.047856 1.386159 -0.328341 -0.156978 -0.931424 -0.840824 -0.213524 0.497416 0 0 0 0 0 0
-15.256299 -0.833014 2.186574 -0.318816 0.664034 0.676325 -0.141510 0.623313 0.769061 0 0 0 0 0 0
-15.755757 -0.734585 4.054316 -0.308994 0.931117 0.193765 -0.839683 -0.400849 -0.366405 0 0 0 0 0 0
-16.080369 -0.969403 4.222354 -0.302068 0.889091 -0.343907 -0.848901 -0.525570 -0.056063 0 0 0 0 0 0
-16.404147 -1.058146 4.503766 -0.299704 0.565440 -0.768411 -0.860330 -0.440205 0.257005 0 0 0 0 0 0
-16.771279 -0.939932 4.646569 -0.310467 0.059697 -0.948708 -0.923939 -0.161487 0.346784 0 0 0 0 0 0
-17.236509 -1.112578 4.822819 -0.280678 -0.257647 -0.924574 -0.917227 -0.003167 0.398352 0 0 0 0 0 0
-17.412020 -0.651109 4.955557 -0.314954 -0.686885 -0.654976 -0.888365 0.296588 0.350489 0 0 0 0 0 0
-17.776676 -0.327197 4.868039 -0.325501 -0.934692 -0.142831 -0.875637 0.415544 0.246135 0 0 0 0 0 0
-18.107472 -0.174596 4.666543 -0.332892 -0.838099 0.432173 -0.865772 0.500387 -0.007213 0 0 0 0 0 0
-18.439477 -0.147603 4.424228 -0.333986 -0.418528 0.844564 -0.852285 0.438232 -0.285592 0 0 0 0 0 0
-18.771100 -0.246974 4.198724 -0.328341 0.156983 0.931423 -0.840876 0.213529 -0.497325 0 0 0 0 0 0
-19.100479 -0.460817 4.051749 -0.318753 0.664049 0.676340 -0.836287 -0.111398 -0.536856 0 0 0 0 0 0
-19.427107 -0.736641 4.049932 -0.309055 0.931097 0.193761 -0.839657 -0.400924 -0.366383 0 0 0 0 0 0
-19.752011 -0.971473 4.217901 -0.302067 0.889092 -0.343906 -0.848950 -0.525488 -0.056097 0 0 0 0 0 0
-20.075741 -1.060197 4.499354 -0.299642 0.565446 -0.768431 -0.860312 -0.440242 0.257001 0 0 0 0 0 0
-20.443159 -0.938634 4.622475 -0.314419 0.059332 -0.947428 -0.929871 -0.154544 0.333850 0 0 0 0 0 0
-20.906227 -1.116784 4.821368 -0.277243 -0.259903 -0.924979 -0.906762 -0.018125 0.421253 0 0 0 0 0 0
-20.975205 -1.155358 5.809920 -0.315018 0.686873 0.654958 -0.169876 0.544157 0.821605 0 0 0 0 0 0
-21.463851 -0.969700 7.771201 -0.325501 0.934690 0.142838 -0.875680 -0.415460 -0.246124 0 0 0 0 0 0
-21.794574 -1.122321 7.972748 -0.332891 0.838099 -0.432172 -0.865771 -0.500388 0.007217 0 0 0 0 0 0
-22.126585 -1.149314 8.215053 -0.333986 0.418530 -0.844563 -0.852287 -0.438234 0.285584 0 0 0 0 0 0
-22.458203 -1.049936 8.440564 -0.328341 -0.156985 -0.931422 -0.840873 -0.213532 0.497330 0 0 0 0 0 0
-22.787443 -0.836069 8.587541 -0.318814 -0.664033 -0.676327 -0.836234 0.111484 0.536920 0 0 0 0 0 0
-23.114277 -0.560277 8.589387 -0.309056 -0.931097 -0.193761 -0.839709 0.400833 0.366363 0 0 0 0 0 0
-23.438811 -0.322626 8.424511 -0.302068 -0.889091 0.343906 -0.846616 0.528436 0.063219 0 0 0 0 0 0
-23.761840 -0.234659 8.144361 -0.299704 -0.565440 0.768411 -0.860332 0.440201 -0.257006 0 0 0 0 0 0
-24.129352 -0.356208 8.021210 -0.314421 -0.059337 0.947427 -0.929862 0.154551 -0.333873 0 0 0 0 0 0
-24.592343 -0.178080 7.822339 -0.277245 0.259906 0.924978 -0.906762 0.018129 -0.421253 0 0 0 0 0 0
-24.766700 -0.645107 7.688836 -0.314954 0.686885 0.654976 -0.888906 -0.294250 -0.351089 0 0 0 0 0 0
-25.133528 -0.967645 7.775638 -0.325436 0.934713 0.142841 -0.875684 -0.415439 -0.246145 0 0 0 0 0 0
-25.464232 -1.120235 7.977170 -0.332892 0.838098 -0.432174 -0.865799 -0.500340 0.007223 0 0 0 0 0 0
-25.796347 -1.147257 8.219477 -0.333921 0.418538 -0.844585 -0.852264 -0.438281 0.285579 0 0 0 0 0 0
-26.127740 -1.047856 8.444982 -0.328342 -0.156978 -0.931423 -0.840824 -0.213524 0.497416 0 0 0 0 0 0
-26.297834 -0.833919 9.231030 -0.318753 0.664049 0.676340 -0.149162 0.624042 0.767021 0 0 0 0 0 0
-26.799907 -0.734589 11.098831 -0.309055 0.931097 0.193761 -0.839656 -0.400924 -0.366384 0 0 0 0 0 0
-27.124811 -0.969412 11.266800 -0.302068 0.889091 -0.343907 -0.848952 -0.525484 -0.056095 0 0 0 0 0 0
-27.448542 -1.058151 11.548252 -0.299642 0.565448 -0.768429 -0.860308 -0.440252 0.256999 0 0 0 0 0 0
-27.815581 -0.939918 11.691015 -0.310467 0.059697 -0.948708 -0.923955 -0.161467 0.346749 0 0 0 0 0 0
-28.280750 -1.112535 11.867312 -0.280744 -0.257642 -0.924556 -0.917170 -0.003111 0.398484 0 0 0 0 0 0
-28.456320 -0.651108 12.000039 -0.315018 -0.686873 -0.654957 -0.888360 0.296605 0.350489 0 0 0 0 0 0
-28.821121 -0.327209 11.912553 -0.325501 -0.934692 -0.142831 -0.875677 0.415457 0.246140 0 0 0 0 0 0
-29.151846 -0.174598 11.711013 -0.332891 -0.838096 0.432179 -0.865771 0.500388 -0.007217 0 0 0 0 0 0
-29.483876 -0.147597 11.468702 -0.333921 -0.418538 0.844584 -0.852266 0.438274 -0.285585 0 0 0 0 0 0
-29.815250 -0.247008 11.243213 -0.328405 0.156979 0.931401 -0.840851 0.213481 -0.497388 0 0 0 0 0 0
-30.144778 -0.460818 11.096194 -0.318814 0.664031 0.676328 -0.836281 -0.111420 -0.536861 0 0 0 0 0 0
-30.471547 -0.736633 11.094382 -0.309055 0.931097 0.193761 -0.839714 -0.400837 -0.366347 0 0 0 0 0 0
-30.796262 -0.971491 11.262397 -0.302068 0.889094 -0.343900 -0.848872 -0.525616 -0.056077 0 0 0 0 0 0
-31.119954 -1.060191 11.543831 -0.299703 0.565434 -0.768415 -0.860332 -0.440202 0.257004 0 0 0 0 0 0
-31.487470 -0.938649 11.666975 -0.314419 0.059332 -0.947428 -0.929860 -0.154557 0.333875 0 0 0 0 0 0
-31.950462 -1.116784 11.865848 -0.277243 -0.259903 -0.924979 -0.906762 -0.018125 0.421253 0 0 0 0 0 0
-32.019585 -1.155359 12.854401 -0.314953 0.686881 0.654980 -0.169882 0.544155 0.821606 0 0 0 0 0 0
-32.508143 -0.969692 14.815707 -0.325501 0.934690 0.142838 -0.875701 -0.415417 -0.246122 0 0 0 0 0 0
-32.838956 -1.122325 15.017207 -0.332893 0.838105 -0.432161 -0.865773 -0.500386 0.007209 0 0 0 0 0 0
-33.170972 -1.149317 15.259563 -0.333916 0.418535 -0.844587 -0.852256 -0.438286 0.285595 0 0 0 0 0 0
-33.502372 -1.049901 15.485044 -0.328348 -0.156988 -0.931420 -0.840833 -0.213517 0.497403 0 0 0 0 0 0
-33.831804 -0.836109 15.632044 -0.318815 -0.664036 -0.676323 -0.836300 0.111410 0.536833 0 0 0 0 0 0
-34.158665 -0.560284 15.633833 -0.308997 -0.931122 -0.193733 -0.839696 0.400855 0.366368 0 0 0 0 0 0
-35.344165 -0.952294 16.292466 0.919470 0.000000 -0.393161 0.334064 0.903953 -0.266965 0 0 0 0 0 0
-29.687294 0.000000 13.758235 0.000000 1.000000 0.000000 0.000000 0.000000 1.000000 0 0 0 0 0 0
-30.090941 0.000000 13.897412 0.000000 1.000000 0.000000 0.000000 0.000000 1.000000 0 0 0 0 0 0
-30.542706 0.000000 14.480588 0.000000 1.000000 0.000000 0.000000 0.000000 1.000000 0 0 0 0 0 0
-30.214353 0.000000 15.141176 0.000000 1.000000 0.000000 0.000000 0.000000 1.000000 0 0 0 0 0 0
-34.700811 0.530628 18.275207 0.899973 0.000000 -0.435945 0.203123 -0.741555 -0.639404 0 0 0 0 0 0
-34.422352 -0.168841 18.313433 0.309057 -0.931103 -0.193728 0.862049 0.434396 0.261098 0 0 0 0 0 0
-33.871313 -0.069555 18.539108 0.318816 -0.664034 -0.676325 0.877096 0.430145 0.213724 0 0 0 0 0 0
-33.541983 -0.154577 18.794084 0.328412 -0.156982 -0.931398 0.874378 0.254609 0.413083 0 0 0 0 0 0
-33.210112 -0.353015 18.951639 0.333915 0.418530 -0.844591 0.865303 0.002693 0.501241 0 0 0 0 0 0
-32.877619 -0.594414 18.982694 0.332893 0.838101 -0.432168 0.852443 -0.275629 0.444263 0 0 0 0 0 0
-32.545974 -0.819665 18.887088 0.325501 0.934691 0.142838 0.841307 -0.491641 0.224704 0 0 0 0 0 0
-32.217014 -0.968310 18.676985 0.315020 0.686876 0.654953 0.836658 -0.538579 -0.099682 0 0 0 0 0 0
-31.778182 -1.062692 18.488938 0.277245 0.259905 0.924978 0.878265 -0.385953 -0.282296 0 0 0 0 0 0
-31.460845 -1.097189 18.370367 0.314423 -0.059333 0.947427 0.912853 0.154507 -0.377925 0 0 0 0 0 0
-31.176360 -0.705697 18.092462 0.299706 -0.565440 0.768410 0.858949 0.140024 -0.492544 0 0 0 0 0 0
-30.851639 -0.384046 18.090706 0.302068 -0.889094 0.343900 0.865774 0.370550 -0.336344 0 0 0 0 0 0
-30.527435 -0.150436 18.267647 0.309057 -0.931103 -0.193728 0.873634 0.482896 -0.059785 0 0 0 0 0 0
-30.200725 -0.069555 18.539108 0.318816 -0.664034 -0.676325 0.877096 0.430145 0.213724 0 0 0 0 0 0
-29.871395 -0.154577 18.794084 0.328412 -0.156982 -0.931398 0.874378 0.254609 0.413083 0 0 0 0 0 0
-29.539524 -0.353015 18.951639 0.333915 0.418530 -0.844591 0.865303 0.002693 0.501241 0 0 0 0 0 0
-29.207030 -0.594414 18.982694 0.332893 0.838101 -0.432168 0.852443 -0.275629 0.444263 0 0 0 0 0 0
-28.875386 -0.819665 18.887088 0.325501 0.934691 0.142838 0.841307 -0.491641 0.224704 0 0 0 0 0 0
-28.546426 -0.968310 18.676985 0.315020 0.686876 0.654953 0.836658 -0.538579 -0.099682 0 0 0 0 0 0
-28.106465 -1.051894 18.506230 0.280763 0.257659 0.924545 0.884462 -0.377698 -0.273990 0 0 0 0 0 0
-27.785905 -1.101132 18.376421 0.310463 -0.059697 0.948709 0.909256 0.140195 -0.391916 0 0 0 0 0 0
-27.507523 -0.700252 18.097343 0.299630 -0.565425 0.768451 0.859497 0.134682 -0.493077 0 0 0 0 0 0
-27.180284 -0.381927 18.095140 0.302069 -0.889093 0.343901 0.865724 0.370582 -0.336438 0 0 0 0 0 0
-26.855896 -0.148424 18.272116 0.309053 -0.931091 -0.193793 0.873706 0.482770 -0.059758 0 0 0 0 0 0
-26.529125 -0.067493 18.543565 0.318753 -0.664049 -0.676340 0.877085 0.430124 0.213812 0 0 0 0 0 0
-26.173575 -0.147625 18.803044 0.328348 -0.156987 -0.931420 0.885875 0.247441 0.392427 0 0 0 0 0 0
-25.835541 -0.350994 18.970405 0.333915 0.418530 -0.844591 0.865259 0.002653 0.501318 0 0 0 0 0 0
-25.502983 -0.592361 19.001470 0.332893 0.838101 -0.432168 0.852443 -0.275628 0.444264 0 0 0 0 0 0
-25.171338 -0.817605 18.905864 0.325502 0.934690 0.142838 0.841309 -0.491638 0.224703 0 0 0 0 0 0
-24.842378 -0.966263 18.695763 0.315019 0.686878 0.654952 0.836653 -0.538587 -0.099678 0 0 0 0 0 0
-24.403547 -1.060644 18.507713 0.277245 0.259908 0.924977 0.878266 -0.385951 -0.282295 0 0 0 0 0 0
-24.086215 -1.095125 18.389144 0.314423 -0.059340 0.947426 0.912853 0.154512 -0.377922 0 0 0 0 0 0
-23.801722 -0.703648 18.111239 0.299705 -0.565442 0.768409 0.858948 0.140021 -0.492547 0 0 0 0 0 0
-23.585499 -1.983725 17.305800 0.302068 0.889093 -0.343900 0.189598 0.521300 -0.832045 0 0 0 0 0 0
-23.171006 -1.145465 15.534836 0.309054 0.931090 0.193794 0.873441 -0.483950 0.053784 0 0 0 0 0 0
-22.843449 -1.227367 15.262276 0.318815 0.664036 0.676323 0.877095 -0.430102 -0.213813 0 0 0 0 0 0
-22.514100 -1.142337 15.007221 0.328326 0.156978 0.931429 0.874354 -0.254675 -0.413093 0 0 0 0 0 0
-22.182491 -0.943848 14.849793 0.333994 -0.418541 0.844554 0.865305 -0.002640 -0.501238 0 0 0 0 0 0
-21.849681 -0.702560 14.818677 0.332889 -0.838094 0.432184 0.852503 0.275625 -0.444151 0 0 0 0 0 0
-21.518127 -0.477240 14.914386 0.325500 -0.934687 -0.142866 0.841301 0.491635 -0.224738 0 0 0 0 0 0
-21.189126 -0.328593 15.124348 0.315024 -0.686885 -0.654942 0.836656 0.538596 0.099605 0 0 0 0 0 0
-20.750440 -0.234238 15.312427 0.277247 -0.259908 -0.924977 0.878203 0.386023 0.282393 0 0 0 0 0 0
-20.432993 -0.199672 15.431060 0.314336 0.059335 -0.947456 0.912876 -0.154408 0.377910 0 0 0 0 0 0
-20.148573 -0.591238 15.708835 0.299645 0.565454 -0.768424 0.859007 -0.140062 0.492433 0 0 0 0 0 0
-19.823989 -0.912889 15.710719 0.302122 0.889055 -0.343952 0.865717 -0.370629 0.336404 0 0 0 0 0 0
-19.499547 -1.146485 15.533662 0.309054 0.931090 0.193794 0.873684 -0.482794 0.059882 0 0 0 0 0 0
-19.172861 -1.227367 15.262276 0.318815 0.664036 0.676323 0.877095 -0.430102 -0.213813 0 0 0 0 0 0
-18.843512 -1.142337 15.007221 0.328326 0.156978 0.931429 0.874354 -0.254675 -0.413093 0 0 0 0 0 0
-18.511903 -0.943848 14.849793 0.333994 -0.418541 0.844554 0.865305 -0.002640 -0.501238 0 0 0 0 0 0
-18.298613 -1.432202 13.666903 0.332892 0.838099 -0.432173 0.173601 0.627722 -0.758833 0 0 0 0 0 0
-17.831008 -0.819672 11.842613 0.325501 0.934692 0.142831 0.841305 -0.491637 0.224720 0 0 0 0 0 0
-17.502028 -0.968317 11.632514 0.314954 0.686885 0.654976 0.836621 -0.538647 -0.099619 0 0 0 0 0 0
-17.062166 -1.051883 11.461712 0.280678 0.257647 0.924574 0.884438 -0.377733 -0.274020 0 0 0 0 0 0
-16.741604 -1.101114 11.332019 0.310467 -0.059697 0.948708 0.909305 0.140233 -0.391790 0 0 0 0 0 0
-16.463292 -0.700222 11.052932 0.299704 -0.565440 0.768411 0.859436 0.134706 -0.493177 0 0 0 0 0 0
-16.135827 -0.381988 11.050661 0.302068 -0.889091 0.343907 0.865772 0.370547 -0.336352 0 0 0 0 0 0
-15.811483 -0.148393 11.227609 0.308994 -0.931117 -0.193765 0.873679 0.482803 -0.059879 0 0 0 0 0 0
-15.484976 -0.067521 11.499083 0.318816 -0.664034 -0.676325 0.877053 0.430175 0.213841 0 0 0 0 0 0
-15.155439 -0.152505 11.754055 0.328341 -0.156984 -0.931423 0.874422 0.254622 0.412982 0 0 0 0 0 0
-14.823779 -0.351001 11.911569 0.333921 0.418538 -0.844584 0.865276 0.002645 0.501288 0 0 0 0 0 0
-14.491213 -0.592344 11.942640 0.332892 0.838099 -0.432173 0.852448 -0.275656 0.444237 0 0 0 0 0 0
-14.159572 -0.817612 11.847032 0.325502 0.934691 0.142831 0.841307 -0.491634 0.224719 0 0 0 0 0 0
-13.830611 -0.966264 11.636939 0.315016 0.686872 0.654960 0.836642 -0.538612 -0.099635 0 0 0 0 0 0
-13.391797 -1.060644 11.448937 0.277245 0.259908 0.924977 0.878261 -0.385960 -0.282298 0 0 0 0 0 0
-13.074467 -1.095134 11.330327 0.314401 -0.059340 0.947434 0.912843 0.154489 -0.377955 0 0 0 0 0 0
-12.789967 -0.703652 11.052437 0.299686 -0.565443 0.768416 0.858972 0.140016 -0.492507 0 0 0 0 0 0
-12.573783 -1.983728 10.246965 0.302086 0.889086 -0.343904 0.189596 0.521291 -0.832051 0 0 0 0 0 0
-12.157445 -1.144413 8.479342 0.309043 0.931101 0.193762 0.873680 -0.482805 0.059862 0 0 0 0 0 0
-11.830804 -1.225301 8.207881 0.318804 0.664036 0.676328 0.877073 -0.430155 -0.213800 0 0 0 0 0 0
-11.501422 -1.140282 7.952884 0.328354 0.156977 0.931419 0.874389 -0.254635 -0.413043 0 0 0 0 0 0
-11.169704 -0.941819 7.795385 0.333947 -0.418533 0.844576 0.865299 -0.002643 -0.501249 0 0 0 0 0 0
-10.837046 -0.700471 7.764299 0.332885 -0.838100 0.432175 0.852472 0.275616 -0.444216 0 0 0 0 0 0
-10.505434 -0.475186 7.859921 0.325481 -0.934697 -0.142839 0.841296 0.491640 -0.224746 0 0 0 0 0 0
-10.176475 -0.326553 8.070004 0.314992 -0.686876 -0.654967 0.836654 0.538594 0.099631 0 0 0 0 0 0
-9.736530 -0.242964 8.240817 0.280700 -0.257647 -0.924568 0.884435 0.377737 0.274025 0 0 0 0 0 0
-9.416991 -0.191761 8.374951 0.310461 0.059696 -0.948710 0.907996 -0.135179 0.396573 0 0 0 0 0 0
-9.138598 -0.592575 8.654016 0.299680 0.565444 -0.768417 0.859454 -0.134682 0.493153 0 0 0 0 0 0
-8.811227 -0.910825 8.656276 0.302086 0.889086 -0.343904 0.865751 -0.370590 0.336360 0 0 0 0 0 0
-8.486857 -1.144413 8.479342 0.309043 0.931101 0.193762 0.873680 -0.482805 0.059862 0 0 0 0 0 0
-8.160216 -1.225301 8.207881 0.318804 0.664036 0.676328 0.877073 -0.430155 -0.213800 0 0 0 0 0 0
-7.830834 -1.140282 7.952884 0.328354 0.156977 0.931419 0.874389 -0.254635 -0.413043 0 0 0 0 0 0
-7.499115 -0.941819 7.795385 0.333947 -0.418533 0.844576 0.865299 -0.002643 -0.501249 0 0 0 0 0 0
-7.285983 -1.430143 6.612506 0.332885 0.838101 -0.432175 0.173582 0.627720 -0.758839 0 0 0 0 0 0
-6.818356 -0.817612 4.788207 0.325483 0.934698 0.142832 0.841303 -0.491637 0.224730 0 0 0 0 0 0
-6.489383 -0.966258 4.578121 0.314985 0.686879 0.654967 0.836654 -0.538598 -0.099612 0 0 0 0 0 0
-6.050649 -1.060626 4.390104 0.277245 0.259908 0.924977 0.878242 -0.385973 -0.282341 0 0 0 0 0 0
-5.733291 -1.095134 4.271503 0.314401 -0.059340 0.947434 0.912843 0.154489 -0.377955 0 0 0 0 0 0
-5.448791 -0.703652 3.993613 0.299686 -0.565443 0.768416 0.858972 0.140016 -0.492507 0 0 0 0 0 0
-5.124127 -0.381981 3.991848 0.302080 -0.889087 0.343905 0.865754 0.370583 -0.336359 0 0 0 0 0 0
-4.799785 -0.148391 4.168789 0.309043 -0.931101 -0.193762 0.873674 0.482814 -0.059860 0 0 0 0 0 0
-4.473126 -0.067503 4.440243 0.318803 -0.664037 -0.676328 0.877079 0.430145 0.213792 0 0 0 0 0 0
-4.143754 -0.152519 4.695247 0.328354 -0.156983 -0.931418 0.874383 0.254632 0.413057 0 0 0 0 0 0
-3.801081 -0.349423 4.856792 0.333947 0.418534 -0.844576 0.869895 0.006842 0.493189 0 0 0 0 0 0
-3.465825 -0.594393 4.889940 0.332885 0.838101 -0.432175 0.852458 -0.275617 0.444241 0 0 0 0 0 0
-3.134203 -0.819670 4.794323 0.325482 0.934698 0.142832 0.841308 -0.491627 0.224729 0 0 0 0 0 0
-2.805241 -0.968305 4.584231 0.314987 0.686881 0.654965 0.836654 -0.538594 -0.099631 0 0 0 0 0 0
-2.366510 -1.062672 4.396203 0.277243 0.259903 0.924979 0.878236 -0.385982 -0.282345 0 0 0 0 0 0
-2.049145 -1.097199 4.277602 0.314399 -0.059332 0.947435 0.912843 0.154486 -0.377958 0 0 0 0 0 0
-1.764652 -0.705700 3.999712 0.299685 -0.565438 0.768420 0.858974 0.140022 -0.492501 0 0 0 0 0 0
-1.548451 -1.985777 3.194243 0.302082 0.889090 -0.343899 0.189601 0.521293 -0.832049 0 0 0 0 0 0
-1.132129 -1.146461 1.426630 0.309043 0.931101 0.193762 0.873673 -0.482815 0.059868 0 0 0 0 0 0
-0.805479 -1.227362 1.155168 0.318802 0.664037 0.676329 0.877072 -0.430159 -0.213795 0 0 0 0 0 0
-0.476101 -1.142342 0.900165 0.328354 0.156985 0.931418 0.874389 -0.254622 -0.413051 0 0 0 0 0 0
-0.144384 -0.943868 0.742673 0.333946 -0.418536 0.844575 0.865301 -0.002650 -0.501245 0 0 0 0 0 0
0.188275 -0.702525 0.711582 0.332883 -0.838102 0.432174 0.852467 0.275617 -0.444224 0 0 0 0 0 0
0.519889 -0.477241 0.807203 0.325482 -0.934698 -0.142835 0.841303 0.491633 -0.224736 0 0 0 0 0 0
0.848853 -0.328607 1.017289 0.314989 -0.686878 -0.654967 0.836653 0.538596 0.099627 0 0 0 0 0 0
1.288789 -0.245020 1.188104 0.280701 -0.257645 -0.924568 0.884434 0.377737 0.274027 0 0 0 0 0 0
1.608341 -0.193814 1.322241 0.310456 0.059697 -0.948711 0.907996 -0.135179 0.396573 0 0 0 0 0 0
1.886714 -0.594629 1.601303 0.299685 0.565441 -0.768417 0.859453 -0.134691 0.493152 0 0 0 0 0 0
2.214111 -0.912878 1.603553 0.302081 0.889090 -0.343899 0.865757 -0.370579 0.336358 0 0 0 0 0 0
2.538458 -1.146460 1.426630 0.309044 0.931101 0.193762 0.873674 -0.482814 0.059868 0 0 0 0 0 0
2.865114 -1.227362 1.155169 0.318802 0.664037 0.676329 0.877074 -0.430156 -0.213792 0 0 0 0 0 0
3.194485 -1.142341 0.900164 0.328355 0.156985 0.931417 0.874387 -0.254622 -0.413057 0 0 0 0 0 0
3.526201 -0.943868 0.742672 0.333946 -0.418536 0.844575 0.865299 -0.002649 -0.501248 0 0 0 0 0 0
3.739334 -1.432199 -0.440212 0.332886 0.838102 -0.432172 0.173582 0.627721 -0.758838 0 0 0 0 0 0
4.206975 -0.819669 -2.264499 0.325482 0.934698 0.142832 0.841307 -0.491628 0.224733 0 0 0 0 0 0
4.535936 -0.968305 -2.474594 0.314986 0.686879 0.654966 0.836653 -0.538597 -0.099626 0 0 0 0 0 0
4.974667 -1.062674 -2.662618 0.277243 0.259903 0.924979 0.878237 -0.385980 -0.282347 0 0 0 0 0 0
5.292032 -1.097199 -2.781221 0.314399 -0.059332 0.947435 0.912843 0.154486 -0.377958 0 0 0 0 0 0
5.576524 -0.705700 -3.059111 0.299685 -0.565438 0.768420 0.858974 0.140022 -0.492501 0 0 0 0 0 0
5.901188 -0.384029 -3.060859 0.302080 -0.889090 0.343899 0.865756 0.370574 -0.336366 0 0 0 0 0 0
6.225533 -0.150448 -2.883929 0.309043 -0.931101 -0.193762 0.873675 0.482815 -0.059847 0 0 0 0 0 0
6.552192 -0.069556 -2.612467 0.318802 -0.664034 -0.676331 0.877077 0.430154 0.213784 0 0 0 0 0 0
6.881563 -0.154571 -2.357466 0.328354 -0.156982 -0.931418 0.874384 0.254628 0.413059 0 0 0 0 0 0
7.213292 -0.353040 -2.199979 0.333946 0.418533 -0.844577 0.865310 0.002644 0.501231 0 0 0 0 0 0
7.545939 -0.594393 -2.168890 0.332886 0.838102 -0.432172 0.852461 -0.275618 0.444235 0 0 0 0 0 0
7.877563 -0.819669 -2.264499 0.325482 0.934698 0.142832 0.841307 -0.491628 0.224733 0 0 0 0 0 0
8.206524 -0.968305 -2.474594 0.314986 0.686879 0.654966 0.836653 -0.538597 -0.099626 0 0 0 0 0 0
8.646457 -1.051892 -2.645412 0.280698 0.257646 0.924569 0.884433 -0.377739 -0.274029 0 0 0 0 0 0
8.967002 -1.101113 -2.775110 0.310454 -0.059698 0.948712 0.909292 0.140249 -0.391815 0 0 0 0 0 0
9.245296 -0.700228 -3.054178 0.299686 -0.565443 0.768416 0.859451 0.134688 -0.493157 0 0 0 0 0 0
9.464231 -1.983726 -3.860163 0.302081 0.889090 -0.343899 0.189599 0.521295 -0.832048 0 0 0 0 0 0
9.880552 -1.144413 -5.627774 0.309043 0.931101 0.193762 0.873672 -0.482817 0.059869 0 0 0 0 0 0
10.207208 -1.225301 -5.899231 0.318804 0.664036 0.676328 0.877079 -0.430146 -0.213792 0 0 0 0 0 0
10.536580 -1.140281 -6.154234 0.328354 0.156977 0.931419 0.874383 -0.254638 -0.413055 0 0 0 0 0 0
10.868309 -0.941822 -6.311728 0.333947 -0.418533 0.844576 0.865306 -0.002647 -0.501237 0 0 0 0 0 0
11.200956 -0.700467 -6.342816 0.332885 -0.838100 0.432175 0.852464 0.275626 -0.444224 0 0 0 0 0 0
11.532578 -0.475188 -6.247196 0.325481 -0.934697 -0.142839 0.841304 0.491627 -0.224745 0 0 0 0 0 0
11.861541 -0.326553 -6.037111 0.314985 -0.686877 -0.654968 0.836652 0.538598 0.099629 0 0 0 0 0 0
12.300275 -0.232182 -5.849094 0.277243 -0.259904 -0.924979 0.878239 0.385980 0.282340 0 0 0 0 0 0
12.617633 -0.197665 -5.730492 0.314401 0.059338 -0.947434 0.912843 -0.154486 0.377956 0 0 0 0 0 0
12.902131 -0.589154 -5.452602 0.299686 0.565443 -0.768416 0.858972 -0.140016 0.492507 0 0 0 0 0 0
13.226794 -0.910822 -5.450850 0.302081 0.889090 -0.343899 0.865757 -0.370583 0.336354 0 0 0 0 0 0
13.551140 -1.144413 -5.627774 0.309043 0.931101 0.193762 0.873672 -0.482817 0.059869 0 0 0 0 0 0
13.877791 -1.225299 -5.899229 0.318822 0.664032 0.676324 0.877084 -0.430136 -0.213793 0 0 0 0 0 0
14.207200 -1.140287 -6.154243 0.328329 0.156979 0.931428 0.874370 -0.254657 -0.413070 0 0 0 0 0 0
14.538921 -0.941831 -6.311715 0.333921 -0.418538 0.844585 0.865335 -0.002670 -0.501186 0 0 0 0 0 0
14.752025 -1.430145 -7.494607 0.332892 0.838099 -0.432173 0.173581 0.627719 -0.758840 0 0 0 0 0 0
15.219675 -0.817612 -9.318907 0.325502 0.934691 0.142831 0.841307 -0.491634 0.224719 0 0 0 0 0 0
15.548636 -0.966264 -9.529000 0.315016 0.686872 0.654960 0.836642 -0.538612 -0.099635 0 0 0 0 0 0
15.988595 -1.049842 -9.699827 0.280678 0.257643 0.924575 0.884422 -0.377758 -0.274040 0 0 0 0 0 0
16.308024 -1.101023 -9.833940 0.310467 -0.059697 0.948708 0.907977 0.135203 -0.396608 0 0 0 0 0 0
16.586545 -0.700250 -10.113004 0.299643 -0.565451 0.768427 0.859493 0.134629 -0.493099 0 0 0 0 0 0
16.913801 -0.381972 -10.115248 0.302068 -0.889091 0.343907 0.865723 0.370637 -0.336380 0 0 0 0 0 0
17.238346 -0.149215 -9.941299 0.308994 -0.931116 -0.193765 0.873017 0.483254 -0.065626 0 0 0 0 0 0
17.563871 -0.069573 -9.671273 0.318814 -0.664031 -0.676328 0.877050 0.430184 0.213832 0 0 0 0 0 0
17.893407 -0.154557 -9.416305 0.328341 -0.156983 -0.931423 0.874423 0.254618 0.412983 0 0 0 0 0 0
18.225069 -0.353054 -9.258803 0.333921 0.418538 -0.844584 0.865281 0.002638 0.501280 0 0 0 0 0 0
18.557635 -0.594400 -9.227718 0.332892 0.838099 -0.432173 0.852442 -0.275648 0.444254 0 0 0 0 0 0
18.889274 -0.819672 -9.323325 0.325501 0.934692 0.142831 0.841305 -0.491637 0.224720 0 0 0 0 0 0
19.218235 -0.968311 -9.533419 0.315018 0.686873 0.654957 0.836651 -0.538596 -0.099648 0 0 0 0 0 0
19.658177 -1.051899 -9.704242 0.280744 0.257642 0.924556 0.884435 -0.377727 -0.274038 0 0 0 0 0 0
19.978766 -1.101125 -9.833950 0.310467 -0.059697 0.948708 0.909289 0.140249 -0.391821 0 0 0 0 0 0
20.257133 -0.700250 -10.113004 0.299643 -0.565451 0.768427 0.859493 0.134629 -0.493099 0 0 0 0 0 0
20.475899 -1.983742 -10.918990 0.302129 0.889076 -0.343894 0.189599 0.521282 -0.832056 0 0 0 0 0 0
20.892344 -1.144425 -12.686586 0.309055 0.931097 0.193761 0.873672 -0.482817 0.059874 0 0 0 0 0 0
21.218995 -1.225303 -12.958045 0.318816 0.664033 0.676325 0.877098 -0.430119 -0.213769 0 0 0 0 0 0
21.548341 -1.140280 -13.213072 0.328342 0.156978 0.931423 0.874356 -0.254657 -0.413100 0 0 0 0 0 0
21.880111 -0.941834 -13.370485 0.333929 -0.418548 0.844576 0.865360 -0.002672 -0.501143 0 0 0 0 0 0
22.212696 -0.700476 -13.401578 0.332896 -0.838109 0.432150 0.852438 0.275650 -0.444260 0 0 0 0 0 0
22.544348 -0.475195 -13.306039 0.325502 -0.934696 -0.142803 0.841308 0.491643 -0.224695 0 0 0 0 0 0
22.873291 -0.326547 -13.095893 0.315014 -0.686864 -0.654969 0.836634 0.538636 0.099578 0 0 0 0 0 0
23.312154 -0.232153 -12.907934 0.277178 -0.259909 -0.924997 0.878253 0.385990 0.282283 0 0 0 0 0 0
23.629384 -0.197680 -12.789336 0.314355 0.059339 -0.947449 0.912847 -0.154490 0.377947 0 0 0 0 0 0
23.913881 -0.589162 -12.511438 0.299643 0.565451 -0.768427 0.858960 -0.140017 0.492526 0 0 0 0 0 0
24.238440 -0.910825 -12.509696 0.302129 0.889076 -0.343894 0.865745 -0.370623 0.336340 0 0 0 0 0 0
24.547213 -1.152265 -12.673404 0.309055 0.931096 0.193767 0.857806 -0.505667 0.092034 0 0 0 0 0 0
24.868421 -1.225307 -12.935286 0.318815 0.664030 0.676329 0.877030 -0.430213 -0.213857 0 0 0 0 0 0
25.197878 -1.140297 -13.190254 0.328342 0.156978 0.931423 0.874422 -0.254623 -0.412982 0 0 0 0 0 0
25.529521 -0.941812 -13.347763 0.333984 -0.418525 0.844566 0.865295 -0.002610 -0.501256 0 0 0 0 0 0
25.862309 -0.700476 -13.378868 0.332891 -0.838096 0.432180 0.852497 0.275583 -0.444188 0 0 0 0 0 0
26.193903 -0.475177 -13.283215 0.325436 -0.934713 -0.142841 0.841280 0.491657 -0.224768 0 0 0 0 0 0
26.522786 -0.326566 -13.073147 0.314960 -0.686897 -0.654960 0.836663 0.538577 0.099646 0 0 0 0 0 0
26.962726 -0.242985 -12.902321 0.280688 -0.257655 -0.924569 0.884442 0.377728 0.274014 0 0 0 0 0 0
27.282235 -0.191784 -12.768185 0.310467 0.059696 -0.948708 0.907973 -0.135199 0.396618 0 0 0 0 0 0
27.560614 -0.592583 -12.489120 0.299702 0.565437 -0.768414 0.859438 -0.134715 0.493172 0 0 0 0 0 0
27.888076 -0.910821 -12.486866 0.302068 0.889093 -0.343900 0.865775 -0.370540 0.336354 0 0 0 0 0 0
28.554834 0.817167 -12.498573 -0.906285 0.000000 0.422667 -0.320344 -0.325837 0.889500 0 0 0 0 0 0
24.298588 -0.000001 -9.847294 0.000000 1.000000 0.000000 0.000000 0.000000 1.000000 0 0 0 0 0 0
24.702235 -0.000001 -9.708118 0.000000 1.000000 0.000000 0.000000 0.000000 1.000000 0 0 0 0 0 0
25.154000 -0.000001 -9.124976 0.000000 1.000000 0.000000 0.000000 0.000000 1.000000 0 0 0 0 0 0
24.825647 -0.000001 -8.464341 0.000000 1.000000 0.000000 0.000000 0.000000 1.000000 0 0 0 0 0 0
28.406733 -0.274745 -8.983872 -0.933583 0.000000 0.358361 -0.018719 -0.263551 -0.964464 0 0 0 0 0 0
28.165469 -0.957180 -9.830530 -0.302068 0.889091 -0.343907 -0.852975 -0.442840 0.276272 0 0 0 0 0 0
27.627082 -1.058151 -9.623927 -0.299642 0.565448 -0.768429 -0.860308 -0.440252 0.256999 0 0 0 0 0 0
27.260043 -0.939918 -9.481164 -0.310467 0.059697 -0.948708 -0.923955 -0.161467 0.346749 0 0 0 0 0 0
26.796806 -1.110623 -9.300970 -0.280678 -0.257643 -0.924575 -0.915509 -0.001199 0.402295 0 0 0 0 0 0
26.620216 -0.649051 -9.167724 -0.314953 -0.686887 -0.654974 -0.888365 0.296581 0.350495 0 0 0 0 0 0
26.255559 -0.325144 -9.255240 -0.325502 -0.934691 -0.142831 -0.875638 0.415545 0.246131 0 0 0 0 0 0
25.924763 -0.172542 -9.456736 -0.332892 -0.838099 0.432173 -0.865772 0.500387 -0.007214 0 0 0 0 0 0
25.592759 -0.145550 -9.699052 -0.333986 -0.418528 0.844564 -0.852286 0.438231 -0.285593 0 0 0 0 0 0
25.261135 -0.244921 -9.924556 -0.328341 0.156984 0.931423 -0.840876 0.213530 -0.497325 0 0 0 0 0 0
24.931756 -0.458763 -10.071531 -0.318753 0.664049 0.676340 -0.836288 -0.111399 -0.536855 0 0 0 0 0 0
24.605128 -0.734589 -10.073348 -0.309055 0.931097 0.193761 -0.839656 -0.400924 -0.366384 0 0 0 0 0 0
24.311202 -0.969173 -9.884749 -0.302068 0.889091 -0.343907 -0.835864 -0.548559 -0.020383 0 0 0 0 0 0
23.986705 -1.058151 -9.603345 -0.299643 0.565451 -0.768427 -0.860310 -0.440244 0.257006 0 0 0 0 0 0
23.619289 -0.936584 -9.480218 -0.314421 0.059340 -0.947427 -0.929873 -0.154535 0.333848 0 0 0 0 0 0
23.156222 -1.114722 -9.281327 -0.277243 -0.259906 -0.924978 -0.906761 -0.018131 0.421254 0 0 0 0 0 0
23.087242 -1.153306 -8.292776 -0.315017 0.686870 0.654961 -0.169876 0.544156 0.821606 0 0 0 0 0 0
22.598598 -0.967657 -6.331491 -0.325500 0.934691 0.142838 -0.875678 -0.415458 -0.246134 0 0 0 0 0 0
22.267873 -1.120260 -6.129948 -0.332892 0.838098 -0.432174 -0.865775 -0.500381 0.007221 0 0 0 0 0 0
21.935842 -1.147257 -5.887638 -0.333921 0.418538 -0.844585 -0.852264 -0.438281 0.285579 0 0 0 0 0 0
21.604326 -1.047880 -5.662157 -0.328342 -0.156978 -0.931423 -0.840901 -0.213510 0.497292 0 0 0 0 0 0
21.275007 -0.834011 -5.515157 -0.318816 -0.664033 -0.676325 -0.836233 0.111478 0.536923 0 0 0 0 0 0
20.948169 -0.558227 -5.513307 -0.309055 -0.931097 -0.193761 -0.839708 0.400837 0.366360 0 0 0 0 0 0
20.623477 -0.323381 -5.681333 -0.302129 -0.889076 0.343894 -0.848900 0.525575 0.056030 0 0 0 0 0 0
20.299535 -0.234631 -5.962742 -0.299643 -0.565451 0.768427 -0.860361 0.440193 -0.256922 0 0 0 0 0 0
19.932543 -0.352887 -6.105545 -0.310402 -0.059697 0.948729 -0.923945 0.161499 -0.346762 0 0 0 0 0 0
19.469995 -0.183562 -6.289300 -0.280678 0.257646 0.924575 -0.914608 -0.000094 -0.404341 0 0 0 0 0 0
19.291887 -0.645802 -6.423382 -0.314955 0.686888 0.654972 -0.888369 -0.296588 -0.350481 0 0 0 0 0 0
18.927081 -0.969688 -6.335899 -0.325437 0.934712 0.142841 -0.875686 -0.415441 -0.246135 0 0 0 0 0 0
18.596360 -1.122303 -6.134362 -0.332826 0.838120 -0.432183 -0.865776 -0.500379 0.007195 0 0 0 0 0 0
18.264350 -1.149295 -5.892068 -0.333921 0.418541 -0.844583 -0.852291 -0.438241 0.285560 0 0 0 0 0 0
17.932873 -1.049901 -5.666565 -0.328343 -0.156986 -0.931421 -0.840828 -0.213522 0.497410 0 0 0 0 0 0
17.792547 -0.835073 -4.866148 -0.318814 0.664031 0.676328 -0.141509 0.623313 0.769062 0 0 0 0 0 0
17.293093 -0.736640 -2.998392 -0.308994 0.931116 0.193765 -0.839689 -0.400849 -0.366392 0 0 0 0 0 0
16.969829 -0.968848 -2.826881 -0.302068 0.889091 -0.343907 -0.850182 -0.524241 -0.048593 0 0 0 0 0 0
16.645529 -1.058151 -2.544521 -0.299643 0.565451 -0.768427 -0.860310 -0.440244 0.257006 0 0 0 0 0 0
16.278491 -0.939917 -2.401742 -0.310467 0.059697 -0.948708 -0.923951 -0.161473 0.346757 0 0 0 0 0 0
15.815251 -1.110622 -2.221561 -0.280678 -0.257643 -0.924575 -0.915514 -0.001192 0.402285 0 0 0 0 0 0
15.638808 -0.649024 -2.088327 -0.315017 -0.686873 -0.654958 -0.888315 0.296672 0.350544 0 0 0 0 0 0
15.273940 -0.325155 -2.175798 -0.325502 -0.934691 -0.142833 -0.875680 0.415457 0.246130 0 0 0 0 0 0
14.943211 -0.172542 -2.377329 -0.332892 -0.838099 0.432172 -0.865773 0.500385 -0.007218 0 0 0 0 0 0
14.611205 -0.145550 -2.619646 -0.333985 -0.418526 0.844565 -0.852284 0.438236 -0.285590 0 0 0 0 0 0
14.279581 -0.244921 -2.845149 -0.328335 0.156984 0.931425 -0.840874 0.213533 -0.497328 0 0 0 0 0 0
13.950361 -0.458789 -2.992119 -0.318835 0.664029 0.676320 -0.836244 -0.111484 -0.536905 0 0 0 0 0 0
13.623454 -0.734579 -2.993982 -0.309037 0.931103 0.193762 -0.839708 -0.400826 -0.366372 0 0 0 0 0 0
13.298762 -0.969414 -2.825951 -0.302086 0.889086 -0.343905 -0.848913 -0.525551 -0.056067 0 0 0 0 0 0
12.974975 -1.058155 -2.544528 -0.299686 0.565443 -0.768416 -0.860332 -0.440209 0.256992 0 0 0 0 0 0
12.607497 -0.936597 -2.421383 -0.314408 0.059340 -0.947432 -0.929869 -0.154549 0.333854 0 0 0 0 0 0
12.144514 -1.114717 -2.222507 -0.277243 -0.259906 -0.924979 -0.906758 -0.018126 0.421262 0 0 0 0 0 0
12.075434 -1.153308 -1.233952 -0.314986 0.686879 0.654967 -0.169883 0.544157 0.821604 0 0 0 0 0 0
11.586839 -0.967650 0.727345 -0.325481 0.934698 0.142835 -0.875678 -0.415459 -0.246134 0 0 0 0 0 0
11.256113 -1.120255 0.928877 -0.332885 0.838100 -0.432175 -0.865773 -0.500385 0.007220 0 0 0 0 0 0
10.924092 -1.147253 1.171183 -0.333947 0.418534 -0.844576 -0.852268 -0.438266 0.285590 0 0 0 0 0 0
10.592580 -1.047875 1.396685 -0.328354 -0.156977 -0.931419 -0.840864 -0.213516 0.497352 0 0 0 0 0 0
10.263192 -0.834031 1.543669 -0.318803 -0.664035 -0.676330 -0.836280 0.111435 0.536860 0 0 0 0 0 0
9.936412 -0.558218 1.545507 -0.309043 -0.931101 -0.193762 -0.839684 0.400866 0.366383 0 0 0 0 0 0
9.611662 -0.323386 1.377499 -0.302081 -0.889090 0.343899 -0.848918 0.525543 0.056059 0 0 0 0 0 0
9.287906 -0.234654 1.096059 -0.299685 -0.565442 0.768417 -0.860327 0.440217 -0.256995 0 0 0 0 0 0
8.920797 -0.352875 0.953274 -0.310454 -0.059696 0.948712 -0.923947 0.161488 -0.346761 0 0 0 0 0 0
8.458179 -0.183540 0.769511 -0.280699 0.257645 0.924569 -0.914625 -0.000078 -0.404302 0 0 0 0 0 0
8.280131 -0.645807 0.635434 -0.314986 0.686878 0.654967 -0.888354 -0.296613 -0.350496 0 0 0 0 0 0
7.915332 -0.969698 0.722924 -0.325482 0.934698 0.142835 -0.875680 -0.415456 -0.246133 0 0 0 0 0 0
7.584608 -1.122315 0.924454 -0.332884 0.838101 -0.432174 -0.865768 -0.500393 0.007216 0 0 0 0 0 0
7.252575 -1.149314 1.166763 -0.333946 0.418536 -0.844575 -0.852276 -0.438255 0.285582 0 0 0 0 0 0
6.921074 -1.049917 1.392255 -0.328355 -0.156985 -0.931417 -0.840860 -0.213515 0.497359 0 0 0 0 0 0
6.780768 -0.835071 2.192677 -0.318802 0.664034 0.676331 -0.141496 0.623314 0.769063 0 0 0 0 0 0
6.281398 -0.736639 4.060442 -0.309043 0.931101 0.193762 -0.839690 -0.400869 -0.366367 0 0 0 0 0 0
5.956643 -0.971478 4.228438 -0.302080 0.889090 -0.343899 -0.848913 -0.525549 -0.056080 0 0 0 0 0 0
5.632892 -1.060198 4.509882 -0.299685 0.565438 -0.768420 -0.860328 -0.440213 0.256999 0 0 0 0 0 0
5.265387 -0.938650 4.633016 -0.314399 0.059332 -0.947435 -0.929870 -0.154561 0.333844 0 0 0 0 0 0
4.802424 -1.116774 4.831893 -0.277243 -0.259903 -0.924979 -0.906754 -0.018115 0.421271 0 0 0 0 0 0
4.628085 -0.649743 4.965386 -0.314987 -0.686881 -0.654965 -0.888902 0.294259 0.351090 0 0 0 0 0 0
4.261232 -0.327213 4.878596 -0.325482 -0.934698 -0.142832 -0.875677 0.415457 0.246142 0 0 0 0 0 0
3.930507 -0.174602 4.677071 -0.332885 -0.838101 0.432175 -0.865770 0.500389 -0.007215 0 0 0 0 0 0
3.598489 -0.147603 4.434754 -0.333947 -0.418534 0.844576 -0.852268 0.438262 -0.285597 0 0 0 0 0 0
3.266975 -0.246990 4.209263 -0.328354 0.156982 0.931418 -0.840867 0.213514 -0.497347 0 0 0 0 0 0
2.937585 -0.460824 4.062264 -0.318802 0.664034 0.676331 -0.836274 -0.111431 -0.536869 0 0 0 0 0 0
2.610809 -0.736639 4.060442 -0.309043 0.931101 0.193762 -0.839690 -0.400869 -0.366367 0 0 0 0 0 0
2.286055 -0.971478 4.228438 -0.302080 0.889090 -0.343899 -0.848913 -0.525549 -0.056080 0 0 0 0 0 0
1.962304 -1.060198 4.509882 -0.299685 0.565438 -0.768420 -0.860328 -0.440213 0.256999 0 0 0 0 0 0
1.595192 -0.941979 4.652658 -0.310455 0.059691 -0.948712 -0.923948 -0.161493 0.346757 0 0 0 0 0 0
1.132042 -1.112678 4.832833 -0.280699 -0.257646 -0.924568 -0.915507 -0.001198 0.402299 0 0 0 0 0 0
1.061767 -1.154586 5.820255 -0.314989 0.686880 0.654964 -0.169578 0.543975 0.821787 0 0 0 0 0 0
0.574146 -0.969695 7.781741 -0.325482 0.934697 0.142839 -0.875681 -0.415457 -0.246126 0 0 0 0 0 0
0.243432 -1.122316 7.983285 -0.332883 0.838102 -0.432174 -0.865766 -0.500396 0.007220 0 0 0 0 0 0
-0.088596 -1.149313 8.225589 -0.333947 0.418536 -0.844575 -0.852274 -0.438259 0.285583 0 0 0 0 0 0
-0.420103 -1.049918 8.451078 -0.328355 -0.156985 -0.931418 -0.840863 -0.213516 0.497353 0 0 0 0 0 0
-0.749496 -0.836093 8.598074 -0.318801 -0.664036 -0.676330 -0.836276 0.111432 0.536866 0 0 0 0 0 0
-1.076271 -0.560270 8.599911 -0.309043 -0.931101 -0.193762 -0.839684 0.400867 0.366384 0 0 0 0 0 0
-1.401018 -0.325439 8.431903 -0.302082 -0.889090 0.343899 -0.848916 0.525547 0.056058 0 0 0 0 0 0
-1.724776 -0.236706 8.150458 -0.299684 -0.565440 0.768419 -0.860326 0.440218 -0.256996 0 0 0 0 0 0
-2.092278 -0.358259 8.027322 -0.314399 -0.059337 0.947435 -0.929873 0.154550 -0.333843 0 0 0 0 0 0
-2.555240 -0.180144 7.828444 -0.277243 0.259904 0.924979 -0.906754 0.018119 -0.421271 0 0 0 0 0 0
-2.729581 -0.647167 7.694952 -0.314987 0.686880 0.654965 -0.888902 -0.294261 -0.351089 0 0 0 0 0 0
-3.096434 -0.969695 7.781742 -0.325482 0.934697 0.142839 -0.875680 -0.415460 -0.246126 0 0 0 0 0 0
-3.427155 -1.122316 7.983284 -0.332884 0.838101 -0.432173 -0.865769 -0.500391 0.007219 0 0 0 0 0 0
-3.759191 -1.149314 8.225588 -0.333947 0.418536 -0.844575 -0.852277 -0.438257 0.285579 0 0 0 0 0 0
-4.102858 -1.050029 8.442899 -0.328354 -0.156977 -0.931419 -0.850400 -0.207831 0.483350 0 0 0 0 0 0
-4.244549 -0.833013 9.245400 -0.318803 0.664037 0.676328 -0.141497 0.623315 0.769062 0 0 0 0 0 0
-4.743923 -0.734584 11.113150 -0.309043 0.931101 0.193762 -0.839685 -0.400869 -0.366379 0 0 0 0 0 0
-5.068672 -0.969415 11.281162 -0.302080 0.889087 -0.343905 -0.848916 -0.525545 -0.056073 0 0 0 0 0 0
-5.392430 -1.058153 11.562589 -0.299686 0.565443 -0.768416 -0.860327 -0.440215 0.256999 0 0 0 0 0 0
-5.759930 -0.936600 11.685730 -0.314401 0.059340 -0.947434 -0.929873 -0.154552 0.333843 0 0 0 0 0 0
-6.222891 -1.114711 11.884605 -0.277245 -0.259908 -0.924977 -0.906753 -0.018125 0.421272 0 0 0 0 0 0
-6.397234 -0.647695 12.018112 -0.314985 -0.686879 -0.654967 -0.888898 0.294265 0.351096 0 0 0 0 0 0
-6.764094 -0.325162 11.931307 -0.325483 -0.934698 -0.142832 -0.875688 0.415445 0.246123 0 0 0 0 0 0
-7.094813 -0.172546 11.729780 -0.332885 -0.838101 0.432175 -0.865764 0.500401 -0.007220 0 0 0 0 0 0
-7.426843 -0.145550 11.487477 -0.333947 -0.418534 0.844576 -0.852276 0.438258 -0.285579 0 0 0 0 0 0
-7.758343 -0.244938 11.261973 -0.328354 0.156983 0.931418 -0.840855 0.213520 -0.497365 0 0 0 0 0 0
-8.087732 -0.458770 11.114989 -0.318803 0.664037 0.676328 -0.836279 -0.111433 -0.536862 0 0 0 0 0 0
-8.414511 -0.734584 11.113150 -0.309043 0.931101 0.193762 -0.839685 -0.400869 -0.366379 0 0 0 0 0 0
-8.739261 -0.969415 11.281162 -0.302080 0.889087 -0.343905 -0.848916 -0.525545 -0.056073 0 0 0 0 0 0
-9.063018 -1.058153 11.562589 -0.299686 0.565443 -0.768416 -0.860327 -0.440215 0.256999 0 0 0 0 0 0
-9.430124 -0.939930 11.705385 -0.310454 0.059698 -0.948712 -0.923946 -0.161487 0.346764 0 0 0 0 0 0
-9.893273 -1.110616 11.885545 -0.280705 -0.257641 -0.924568 -0.915514 -0.001182 0.402283 0 0 0 0 0 0
-9.963555 -1.152527 12.872963 -0.314989 0.686870 0.654975 -0.169576 0.543969 0.821792 0 0 0 0 0 0
-10.451180 -0.967661 14.834461 -0.325481 0.934696 0.142846 -0.875684 -0.415443 -0.246139 0 0 0 0 0 0
-10.781888 -1.120260 15.035995 -0.332886 0.838103 -0.432169 -0.865767 -0.500395 0.007211 0 0 0 0 0 0
-11.113912 -1.147254 15.278329 -0.333941 0.418526 -0.844583 -0.852265 -0.438269 0.285596 0 0 0 0 0 0
-11.445420 -1.047872 15.503816 -0.328361 -0.156980 -0.931416 -0.840866 -0.213507 0.497352 0 0 0 0 0 0
-11.774824 -0.834044 15.650828 -0.318804 -0.664036 -0.676328 -0.836275 0.111421 0.536870 0 0 0 0 0 0
-12.101581 -0.558226 15.652597 -0.309045 -0.931107 -0.193729 -0.839688 0.400885 0.366353 0 0 0 0 0 0
-12.426351 -0.323390 15.484663 -0.302087 -0.889088 0.343898 -0.848912 0.525551 0.056078 0 0 0 0 0 0
-12.750120 -0.234651 15.203219 -0.299681 -0.565447 0.768415 -0.860333 0.440213 -0.256980 0 0 0 0 0 0
-13.117585 -0.356212 15.080072 -0.314410 -0.059338 0.947431 -0.929866 0.154555 -0.333859 0 0 0 0 0 0
-13.580580 -0.178080 14.881168 -0.277229 0.259898 0.924985 -0.906748 0.018120 -0.421283 0 0 0 0 0 0
-13.754895 -0.645134 14.747666 -0.314964 0.686876 0.654981 -0.888894 -0.294266 -0.351105 0 0 0 0 0 0
-14.121745 -0.967657 14.834467 -0.325449 0.934707 0.142847 -0.875685 -0.415437 -0.246146 0 0 0 0 0 0
-14.452482 -1.120241 15.035984 -0.332893 0.838101 -0.432168 -0.865808 -0.500325 0.007199 0 0 0 0 0 0
-14.784573 -1.147258 15.278333 -0.333915 0.418530 -0.844591 -0.852254 -0.438290 0.285597 0 0 0 0 0 0
-15.115974 -1.047856 15.503820 -0.328348 -0.156981 -0.931421 -0.840834 -0.213514 0.497403 0 0 0 0 0 0
-15.256303 -0.833020 16.304196 -0.318816 0.664034 0.676325 -0.141509 0.623320 0.769056 0 0 0 0 0 0
-15.755747 -0.734576 18.172003 -0.308996 0.931123 0.193732 -0.839695 -0.400854 -0.366373 0 0 0 0 0 0
-16.080384 -0.969400 18.339965 -0.302069 0.889093 -0.343901 -0.848896 -0.525578 -0.056069 0 0 0 0 0 0
-16.404149 -1.058145 18.621394 -0.299705 0.565442 -0.768409 -0.860332 -0.440208 0.256992 0 0 0 0 0 0
-16.771273 -0.939934 18.764239 -0.310463 0.059697 -0.948709 -0.923924 -0.161502 0.346817 0 0 0 0 0 0
-17.236513 -1.112573 18.940455 -0.280678 -0.257647 -0.924574 -0.917242 -0.003148 0.398317 0 0 0 0 0 0
-17.412018 -0.651105 19.073203 -0.314957 -0.686891 -0.654968 -0.888362 0.296562 0.350520 0 0 0 0 0 0
-17.776686 -0.327194 18.985744 -0.325501 -0.934691 -0.142838 -0.875623 0.415544 0.246186 0 0 0 0 0 0
-18.107448 -0.174611 18.784144 -0.332882 -0.838075 0.432227 -0.865763 0.500402 -0.007236 0 0 0 0 0 0
-18.439496 -0.147592 18.541917 -0.333980 -0.418520 0.844570 -0.852292 0.438233 -0.285571 0 0 0 0 0 0
-18.771097 -0.246974 18.316415 -0.328348 0.156986 0.931420 -0.840883 0.213523 -0.497317 0 0 0 0 0 0
-19.100482 -0.460808 18.169409 -0.318753 0.664049 0.676340 -0.836276 -0.111393 -0.536875 0 0 0 0 0 0
-19.427116 -0.736650 18.167525 -0.309053 0.931091 0.193793 -0.839645 -0.400919 -0.366415 0 0 0 0 0 0
-19.751991 -0.971470 18.335587 -0.302068 0.889094 -0.343900 -0.848968 -0.525466 -0.056021 0 0 0 0 0 0
-20.075742 -1.060197 18.617024 -0.299645 0.565451 -0.768425 -0.860316 -0.440237 0.256995 0 0 0 0 0 0
-20.443157 -0.938632 18.740152 -0.314423 0.059333 -0.947427 -0.929868 -0.154551 0.333856 0 0 0 0 0 0
-20.906235 -1.116781 18.939005 -0.277245 -0.259905 -0.924978 -0.906777 -0.018106 0.421222 0 0 0 0 0 0
-20.975207 -1.155360 19.927525 -0.315020 0.686876 0.654954 -0.169878 0.544162 0.821602 0 0 0 0 0 0
-21.463842 -0.969669 21.888885 -0.325501 0.934690 0.142838 -0.875710 -0.415491 -0.245964 0 0 0 0 0 0
-21.794579 -1.122325 22.090432 -0.332892 0.838102 -0.432166 -0.865769 -0.500391 0.007195 0 0 0 0 0 0
-22.126597 -1.149309 22.332671 -0.334000 0.418548 -0.844548 -0.852306 -0.438216 0.285553 0 0 0 0 0 0
-22.458200 -1.049943 22.558262 -0.328326 -0.156978 -0.931429 -0.840836 -0.213566 0.497377 0 0 0 0 0 0
-22.787434 -0.836050 22.705129 -0.318815 -0.664036 -0.676323 -0.836279 0.111522 0.536842 0 0 0 0 0 0
-23.114287 -0.560274 22.707049 -0.309054 -0.931090 -0.193794 -0.839698 0.400834 0.366387 0 0 0 0 0 0
-24.265104 -0.966971 23.424619 0.736384 0.000000 -0.676564 0.121341 0.835129 -0.536504 0 0 0 0 0 0
-20.483765 0.000000 19.652588 0.000000 1.000000 0.000000 0.000000 0.000000 1.000000 0 0 0 0 0 0
-20.887294 0.000000 19.791765 0.000000 1.000000 0.000000 0.000000 0.000000 1.000000 0 0 0 0 0 0
-21.339059 0.000000 20.374941 0.000000 1.000000 0.000000 0.000000 0.000000 1.000000 0 0 0 0 0 0
-21.010824 0.000000 21.035529 0.000000 1.000000 0.000000 0.000000 0.000000 1.000000 0 0 0 0 0 0
-23.880390 0.529578 25.035287 0.709687 0.000000 -0.704517 0.593514 -0.790724 -0.149989 0 0 0 0 0 0
-23.377908 -0.168864 25.386613 0.309053 -0.931091 -0.193793 0.862041 0.434348 0.261201 0 0 0 0 0 0
-22.826913 -0.069546 25.612270 0.318753 -0.664049 -0.676340 0.877084 0.430125 0.213813 0 0 0 0 0 0
-22.497668 -0.154592 25.867296 0.328348 -0.156986 -0.931420 0.874384 0.254620 0.413064 0 0 0 0 0 0
-22.165961 -0.353045 26.024845 0.333980 0.418520 -0.844570 0.865276 0.002628 0.501288 0 0 0 0 0 0
-21.833170 -0.594382 26.055951 0.332882 0.838075 -0.432227 0.852521 -0.275635 0.444109 0 0 0 0 0 0
-21.501611 -0.819709 25.960245 0.325501 0.934691 0.142838 0.841294 -0.491612 0.224817 0 0 0 0 0 0
-21.172618 -0.968316 25.750204 0.314957 0.686891 0.654968 0.836632 -0.538623 -0.099662 0 0 0 0 0 0
-20.734004 -1.062656 25.562143 0.277245 0.259905 0.924978 0.878226 -0.385978 -0.282382 0 0 0 0 0 0
-20.416610 -1.097189 25.443591 0.314423 -0.059333 0.947427 0.912853 0.154507 -0.377925 0 0 0 0 0 0
-20.131983 -0.705725 25.165688 0.299645 -0.565451 0.768425 0.859006 0.139947 -0.492466 0 0 0 0 0 0
-19.807469 -0.384030 25.163959 0.302068 -0.889094 0.343900 0.865725 0.370640 -0.336372 0 0 0 0 0 0
-19.483074 -0.150449 25.340858 0.309053 -0.931091 -0.193793 0.873679 0.482792 -0.059972 0 0 0 0 0 0
-19.156325 -0.069546 25.612270 0.318753 -0.664049 -0.676340 0.877084 0.430125 0.213813 0 0 0 0 0 0
-18.827080 -0.154592 25.867296 0.328348 -0.156986 -0.931420 0.874384 0.254620 0.413064 0 0 0 0 0 0
-18.495373 -0.353045 26.024845 0.333980 0.418520 -0.844570 0.865276 0.002628 0.501288 0 0 0 0 0 0
-18.162582 -0.594382 26.055951 0.332882 0.838075 -0.432227 0.852521 -0.275635 0.444109 0 0 0 0 0 0
-17.831023 -0.819709 25.960245 0.325501 0.934691 0.142838 0.841294 -0.491612 0.224817 0 0 0 0 0 0
-17.502030 -0.968316 25.750204 0.314957 0.686891 0.654968 0.836632 -0.538623 -0.099662 0 0 0 0 0 0
-17.062175 -1.051880 25.579346 0.280678 0.257647 0.924574 0.884431 -0.377736 -0.274039 0 0 0 0 0 0
-16.741600 -1.101113 25.449664 0.310463 -0.059697 0.948709 0.909308 0.140242 -0.391780 0 0 0 0 0 0
-16.463296 -0.700215 25.170565 0.299705 -0.565442 0.768409 0.859430 0.134679 -0.493195 0 0 0 0 0 0
-16.135827 -0.381995 25.168305 0.302069 -0.889093 0.343901 0.865775 0.370553 -0.336338 0 0 0 0 0 0
-15.811476 -0.148395 25.345222 0.308996 -0.931123 -0.193732 0.873686 0.482797 -0.059828 0 0 0 0 0 0
-15.484978 -0.067523 25.616735 0.318816 -0.664034 -0.676325 0.877051 0.430201 0.213795 0 0 0 0 0 0
-15.155439 -0.152506 25.871662 0.328348 -0.156987 -0.931420 0.874428 0.254611 0.412976 0 0 0 0 0 0
-14.823777 -0.350994 26.029229 0.333915 0.418530 -0.844591 0.865259 0.002653 0.501318 0 0 0 0 0 0
-14.491219 -0.592361 26.060294 0.332893 0.838101 -0.432168 0.852443 -0.275628 0.444264 0 0 0 0 0 0
-14.159573 -0.817605 25.964687 0.325502 0.934690 0.142838 0.841309 -0.491638 0.224703 0 0 0 0 0 0
-13.830614 -0.966263 25.754587 0.315019 0.686878 0.654952 0.836653 -0.538587 -0.099678 0 0 0 0 0 0
-13.391806 -1.060641 25.566529 0.277245 0.259908 0.924977 0.878254 -0.385963 -0.282316 0 0 0 0 0 0
-13.074459 -1.095129 25.447968 0.314403 -0.059340 0.947433 0.912858 0.154510 -0.377912 0 0 0 0 0 0
-12.789967 -0.703654 25.170070 0.299687 -0.565446 0.768413 0.858965 0.140002 -0.492522 0 0 0 0 0 0
-12.573779 -1.983732 24.364622 0.302087 0.889088 -0.343898 0.189599 0.521295 -0.832048 0 0 0 0 0 0
-12.157438 -1.144412 22.597037 0.309045 0.931107 0.193729 0.873686 -0.482799 0.059811 0 0 0 0 0 0
-11.830807 -1.225299 22.325538 0.318804 0.664036 0.676328 0.877071 -0.430181 -0.213755 0 0 0 0 0 0
-11.501421 -1.140281 22.070586 0.328361 0.156980 0.931416 0.874395 -0.254624 -0.413038 0 0 0 0 0 0
-11.169701 -0.941825 21.913034 0.333941 -0.418526 0.844583 0.865282 -0.002651 -0.501279 0 0 0 0 0 0
-10.837052 -0.700454 21.881953 0.332886 -0.838103 0.432169 0.852467 0.275589 -0.444242 0 0 0 0 0 0
-10.505435 -0.475194 21.977572 0.325481 -0.934697 -0.142839 0.841303 0.491643 -0.224714 0 0 0 0 0 0
-10.176478 -0.326554 22.187672 0.314994 -0.686882 -0.654959 0.836663 0.538574 0.099665 0 0 0 0 0 0
-9.736512 -0.242973 22.358433 0.280698 -0.257645 -0.924569 0.884442 0.377764 0.273966 0 0 0 0 0 0
-9.417002 -0.191753 22.492603 0.310457 0.059695 -0.948711 0.907977 -0.135155 0.396623 0 0 0 0 0 0
-9.138602 -0.592582 22.771691 0.299681 0.565447 -0.768415 0.859448 -0.134655 0.493170 0 0 0 0 0 0
-8.811227 -0.910818 22.773940 0.302087 0.889088 -0.343898 0.865754 -0.370596 0.336346 0 0 0 0 0 0
-8.486850 -1.144412 22.597037 0.309045 0.931107 0.193729 0.873686 -0.482799 0.059811 0 0 0 0 0 0
-8.160218 -1.225299 22.325538 0.318804 0.664036 0.676328 0.877071 -0.430181 -0.213755 0 0 0 0 0 0
-7.830833 -1.140281 22.070586 0.328361 0.156980 0.931416 0.874395 -0.254624 -0.413038 0 0 0 0 0 0
-7.499113 -0.941825 21.913034 0.333941 -0.418526 0.844583 0.865282 -0.002651 -0.501279 0 0 0 0 0 0
-7.285983 -1.430139 20.730170 0.332886 0.838103 -0.432169 0.173584 0.627722 -0.758838 0 0 0 0 0 0
-6.818357 -0.817605 18.905863 0.325483 0.934697 0.142839 0.841304 -0.491641 0.224713 0 0 0 0 0 0
-6.489385 -0.966257 18.695769 0.314987 0.686885 0.654959 0.836664 -0.538574 -0.099656 0 0 0 0 0 0
-6.050658 -1.060623 18.507696 0.277245 0.259908 0.924977 0.878235 -0.385976 -0.282359 0 0 0 0 0 0
-5.733283 -1.095129 18.389144 0.314403 -0.059340 0.947433 0.912858 0.154510 -0.377912 0 0 0 0 0 0
-5.448791 -0.703654 18.111246 0.299687 -0.565446 0.768413 0.858965 0.140002 -0.492522 0 0 0 0 0 0
-5.124127 -0.381988 18.109492 0.302081 -0.889089 0.343900 0.865757 0.370590 -0.336345 0 0 0 0 0 0
-4.799779 -0.148392 18.286401 0.309045 -0.931107 -0.193729 0.873681 0.482808 -0.059808 0 0 0 0 0 0
-4.473128 -0.067505 18.557894 0.318803 -0.664037 -0.676328 0.877078 0.430171 0.213746 0 0 0 0 0 0
-4.143753 -0.152520 18.812853 0.328361 -0.156986 -0.931415 0.874389 0.254621 0.413051 0 0 0 0 0 0
-3.801077 -0.349417 18.974425 0.333941 0.418526 -0.844582 0.869888 0.006834 0.493202 0 0 0 0 0 0
-3.465831 -0.594407 19.007552 0.332886 0.838103 -0.432169 0.852459 -0.275598 0.444251 0 0 0 0 0 0
-3.134204 -0.819663 18.911936 0.325482 0.934697 0.142839 0.841310 -0.491631 0.224713 0 0 0 0 0 0
-2.805242 -0.968305 18.701822 0.314974 0.686852 0.655000 0.836625 -0.538651 -0.099569 0 0 0 0 0 0
-2.366486 -1.062689 18.513918 0.277245 0.259905 0.924978 0.878261 -0.385951 -0.282311 0 0 0 0 0 0
-2.049159 -1.097206 18.395230 0.314403 -0.059333 0.947433 0.912823 0.154448 -0.378022 0 0 0 0 0 0
-1.764652 -0.705703 18.117317 0.299688 -0.565444 0.768415 0.858967 0.140005 -0.492519 0 0 0 0 0 0
-1.548447 -1.985781 17.311872 0.302082 0.889090 -0.343899 0.189602 0.521295 -0.832047 0 0 0 0 0 0
-1.132125 -1.146460 15.544281 0.309045 0.931107 0.193730 0.873683 -0.482806 0.059807 0 0 0 0 0 0
-0.805480 -1.227360 15.272788 0.318803 0.664039 0.676326 0.877071 -0.430184 -0.213747 0 0 0 0 0 0
-0.476100 -1.142340 15.017829 0.328359 0.156988 0.931416 0.874394 -0.254616 -0.413045 0 0 0 0 0 0
-0.144382 -0.943871 14.860322 0.333947 -0.418536 0.844575 0.865294 -0.002656 -0.501257 0 0 0 0 0 0
0.188272 -0.702521 14.829237 0.332887 -0.838112 0.432150 0.852456 0.275587 -0.444264 0 0 0 0 0 0
0.519899 -0.477254 14.924805 0.325483 -0.934699 -0.142825 0.841304 0.491643 -0.224709 0 0 0 0 0 0
0.848848 -0.328608 15.134933 0.314989 -0.686880 -0.654964 0.836656 0.538591 0.099636 0 0 0 0 0 0
1.288780 -0.245020 15.305788 0.280695 -0.257639 -0.924571 0.884423 0.377748 0.274049 0 0 0 0 0 0
1.608351 -0.193819 15.439867 0.310452 0.059696 -0.948713 0.908013 -0.135212 0.396522 0 0 0 0 0 0
1.886710 -0.594637 15.718936 0.299687 0.565446 -0.768413 0.859446 -0.134660 0.493172 0 0 0 0 0 0
2.214113 -0.912870 15.721191 0.302081 0.889090 -0.343899 0.865757 -0.370589 0.336347 0 0 0 0 0 0
2.538462 -1.146459 15.544280 0.309046 0.931107 0.193730 0.873683 -0.482805 0.059807 0 0 0 0 0 0
2.865113 -1.227360 15.272789 0.318803 0.664039 0.676326 0.877073 -0.430181 -0.213744 0 0 0 0 0 0
3.194486 -1.142339 15.017828 0.328361 0.156987 0.931415 0.874391 -0.254617 -0.413051 0 0 0 0 0 0
3.526203 -0.943871 14.860321 0.333947 -0.418536 0.844575 0.865292 -0.002656 -0.501260 0 0 0 0 0 0
3.739334 -1.432199 13.677441 0.332885 0.838101 -0.432175 0.173582 0.627721 -0.758838 0 0 0 0 0 0
4.206973 -0.819670 11.853146 0.325482 0.934698 0.142832 0.841308 -0.491627 0.224729 0 0 0 0 0 0
4.535936 -0.968305 11.643054 0.314987 0.686881 0.654965 0.836654 -0.538594 -0.099631 0 0 0 0 0 0
4.974667 -1.062672 11.455027 0.277243 0.259903 0.924979 0.878236 -0.385982 -0.282345 0 0 0 0 0 0
5.292032 -1.097199 11.336426 0.314399 -0.059332 0.947435 0.912843 0.154486 -0.377958 0 0 0 0 0 0
5.576524 -0.705700 11.058536 0.299685 -0.565438 0.768420 0.858974 0.140022 -0.492501 0 0 0 0 0 0
5.901188 -0.384029 11.056788 0.302080 -0.889090 0.343899 0.865756 0.370574 -0.336366 0 0 0 0 0 0
6.225533 -0.150448 11.233718 0.309043 -0.931101 -0.193762 0.873675 0.482815 -0.059847 0 0 0 0 0 0
6.552192 -0.069556 11.505180 0.318802 -0.664034 -0.676331 0.877077 0.430154 0.213784 0 0 0 0 0 0
6.881563 -0.154571 11.760181 0.328354 -0.156982 -0.931418 0.874384 0.254628 0.413059 0 0 0 0 0 0
7.213292 -0.353040 11.917664 0.333947 0.418534 -0.844576 0.865311 0.002643 0.501229 0 0 0 0 0 0
7.545940 -0.594393 11.948764 0.332885 0.838101 -0.432175 0.852458 -0.275617 0.444241 0 0 0 0 0 0
7.877562 -0.819670 11.853146 0.325482 0.934698 0.142832 0.841308 -0.491627 0.224729 0 0 0 0 0 0
8.206524 -0.968305 11.643054 0.314987 0.686881 0.654965 0.836654 -0.538594 -0.099631 0 0 0 0 0 0
8.646457 -1.051891 11.472233 0.280698 0.257646 0.924569 0.884432 -0.377741 -0.274027 0 0 0 0 0 0
8.967002 -1.101113 11.342537 0.310454 -0.059698 0.948712 0.909292 0.140249 -0.391815 0 0 0 0 0 0
9.245296 -0.700228 11.063469 0.299686 -0.565443 0.768416 0.859451 0.134688 -0.493157 0 0 0 0 0 0
9.464231 -1.983726 10.257484 0.302081 0.889090 -0.343899 0.189599 0.521295 -0.832048 0 0 0 0 0 0
9.880552 -1.144413 8.489873 0.309043 0.931101 0.193762 0.873672 -0.482817 0.059869 0 0 0 0 0 0
10.207208 -1.225301 8.218416 0.318804 0.664036 0.676328 0.877079 -0.430146 -0.213792 0 0 0 0 0 0
10.536580 -1.140281 7.963413 0.328354 0.156977 0.931419 0.874383 -0.254638 -0.413055 0 0 0 0 0 0
10.868309 -0.941822 7.805919 0.333947 -0.418533 0.844576 0.865306 -0.002647 -0.501237 0 0 0 0 0 0
11.200956 -0.700467 7.774831 0.332885 -0.838100 0.432175 0.852464 0.275626 -0.444224 0 0 0 0 0 0
11.532578 -0.475188 7.870451 0.325481 -0.934697 -0.142839 0.841304 0.491627 -0.224745 0 0 0 0 0 0
11.861541 -0.326553 8.080536 0.314985 -0.686877 -0.654968 0.836652 0.538598 0.099629 0 0 0 0 0 0
12.300275 -0.232182 8.268553 0.277243 -0.259904 -0.924979 0.878239 0.385980 0.282340 0 0 0 0 0 0
12.617633 -0.197665 8.387155 0.314401 0.059338 -0.947434 0.912843 -0.154486 0.377956 0 0 0 0 0 0
12.902131 -0.589154 8.665045 0.299686 0.565443 -0.768416 0.858972 -0.140016 0.492507 0 0 0 0 0 0
13.226794 -0.910822 8.666797 0.302081 0.889090 -0.343899 0.865757 -0.370583 0.336354 0 0 0 0 0 0
13.551140 -1.144413 8.489873 0.309043 0.931101 0.193762 0.873672 -0.482817 0.059869 0 0 0 0 0 0
13.877791 -1.225299 8.218418 0.318822 0.664032 0.676324 0.877084 -0.430136 -0.213793 0 0 0 0 0 0
14.207200 -1.140287 7.963404 0.328329 0.156979 0.931428 0.874370 -0.254657 -0.413070 0 0 0 0 0 0
14.538921 -0.941831 7.805932 0.333921 -0.418538 0.844585 0.865335 -0.002670 -0.501186 0 0 0 0 0 0
14.752025 -1.430145 6.623040 0.332892 0.838099 -0.432173 0.173581 0.627719 -0.758840 0 0 0 0 0 0
15.219675 -0.817612 4.798740 0.325502 0.934691 0.142831 0.841307 -0.491634 0.224719 0 0 0 0 0 0
15.548636 -0.966264 4.588647 0.315016 0.686872 0.654960 0.836642 -0.538612 -0.099635 0 0 0 0 0 0
15.988595 -1.049842 4.417820 0.280678 0.257643 0.924575 0.884422 -0.377758 -0.274040 0 0 0 0 0 0
16.308024 -1.101023 4.283707 0.310467 -0.059697 0.948708 0.907977 0.135203 -0.396608 0 0 0 0 0 0
16.586545 -0.700250 4.004643 0.299643 -0.565451 0.768427 0.859493 0.134629 -0.493099 0 0 0 0 0 0
16.913801 -0.381972 4.002399 0.302068 -0.889091 0.343907 0.865723 0.370637 -0.336380 0 0 0 0 0 0
17.238346 -0.149215 4.176349 0.308994 -0.931116 -0.193765 0.873017 0.483254 -0.065626 0 0 0 0 0 0
17.563871 -0.069573 4.446374 0.318814 -0.664031 -0.676328 0.877050 0.430184 0.213832 0 0 0 0 0 0
17.893407 -0.154557 4.701342 0.328341 -0.156983 -0.931423 0.874423 0.254618 0.412983 0 0 0 0 0 0
18.225069 -0.353054 4.858844 0.333921 0.418538 -0.844584 0.865281 0.002638 0.501280 0 0 0 0 0 0
18.557635 -0.594400 4.889929 0.332892 0.838099 -0.432173 0.852442 -0.275648 0.444254 0 0 0 0 0 0
18.889274 -0.819672 4.794322 0.325501 0.934692 0.142831 0.841305 -0.491637 0.224720 0 0 0 0 0 0
19.218235 -0.968311 4.584228 0.315018 0.686873 0.654957 0.836651 -0.538596 -0.099648 0 0 0 0 0 0
19.658177 -1.051899 4.413406 0.280744 0.257642 0.924556 0.884435 -0.377727 -0.274038 0 0 0 0 0 0
19.978766 -1.101125 4.283697 0.310467 -0.059697 0.948708 0.909289 0.140249 -0.391821 0 0 0 0 0 0
20.257133 -0.700250 4.004643 0.299643 -0.565451 0.768427 0.859493 0.134629 -0.493099 0 0 0 0 0 0
20.475899 -1.983742 3.198657 0.302129 0.889076 -0.343894 0.189599 0.521282 -0.832056 0 0 0 0 0 0
20.892344 -1.144425 1.431061 0.309055 0.931097 0.193761 0.873672 -0.482817 0.059874 0 0 0 0 0 0
21.218994 -1.225303 1.159597 0.318815 0.664032 0.676327 0.877097 -0.430120 -0.213771 0 0 0 0 0 0
21.548342 -1.140280 0.904573 0.328341 0.156978 0.931424 0.874356 -0.254656 -0.413100 0 0 0 0 0 0
21.880110 -0.941837 0.747108 0.333921 -0.418538 0.844584 0.865346 -0.002677 -0.501168 0 0 0 0 0 0
22.212693 -0.700460 0.716016 0.332892 -0.838098 0.432174 0.852447 0.275655 -0.444240 0 0 0 0 0 0
22.544333 -0.475186 0.811625 0.325501 -0.934691 -0.142834 0.841303 0.491636 -0.224728 0 0 0 0 0 0
22.873294 -0.326547 1.021714 0.315017 -0.686871 -0.654960 0.836648 0.538601 0.099641 0 0 0 0 0 0
23.312153 -0.232159 1.209720 0.277179 -0.259910 -0.924997 0.878250 0.385999 0.282279 0 0 0 0 0 0
23.629384 -0.197680 1.328311 0.314354 0.059339 -0.947449 0.912846 -0.154490 0.377947 0 0 0 0 0 0
23.913881 -0.589163 1.606210 0.299643 0.565450 -0.768428 0.858961 -0.140019 0.492525 0 0 0 0 0 0
24.238439 -0.910828 1.607950 0.302129 0.889076 -0.343894 0.865745 -0.370621 0.336343 0 0 0 0 0 0
24.547213 -1.152265 1.444243 0.309055 0.931096 0.193767 0.857806 -0.505667 0.092034 0 0 0 0 0 0
24.868422 -1.225307 1.182364 0.318815 0.664031 0.676328 0.877031 -0.430213 -0.213856 0 0 0 0 0 0
25.197878 -1.140296 0.927399 0.328343 0.156979 0.931423 0.874423 -0.254622 -0.412980 0 0 0 0 0 0
25.529521 -0.941812 0.769896 0.333986 -0.418527 0.844564 0.865296 -0.002612 -0.501255 0 0 0 0 0 0
25.729233 -1.429267 -0.454933 0.332892 0.838099 -0.432172 0.170131 0.624614 -0.762176 0 0 0 0 0 0
26.201229 -0.817611 -2.280666 0.325502 0.934691 0.142831 0.841306 -0.491634 0.224722 0 0 0 0 0 0
26.530208 -0.966270 -2.490764 0.314954 0.686888 0.654972 0.836618 -0.538652 -0.099620 0 0 0 0 0 0
26.970067 -1.049819 -2.661571 0.280678 0.257643 0.924575 0.884441 -0.377727 -0.274019 0 0 0 0 0 0
27.289574 -1.101024 -2.795712 0.310467 -0.059697 0.948708 0.907973 0.135197 -0.396618 0 0 0 0 0 0
27.568098 -0.700251 -3.074779 0.299642 -0.565448 0.768429 0.859494 0.134637 -0.493095 0 0 0 0 0 0
27.895352 -0.381969 -3.077006 0.302068 -0.889091 0.343907 0.865728 0.370637 -0.336367 0 0 0 0 0 0
28.241153 -0.158438 -2.890015 0.309055 -0.931097 -0.193761 0.889995 0.454692 -0.034125 0 0 0 0 0 0
28.573602 -0.069548 -2.608563 0.318753 -0.664049 -0.676340 0.877082 0.430151 0.213767 0 0 0 0 0 0
28.902849 -0.154591 -2.353558 0.328341 -0.156983 -0.931423 0.874378 0.254631 0.413069 0 0 0 0 0 0
29.234554 -0.353051 -2.196068 0.333987 0.418529 -0.844563 0.865296 0.002620 0.501255 0 0 0 0 0 0
29.567346 -0.594376 -2.164957 0.332892 0.838099 -0.432173 0.852493 -0.275581 0.444198 0 0 0 0 0 0
29.898942 -0.819680 -2.260592 0.325437 0.934713 0.142836 0.841279 -0.491660 0.224768 0 0 0 0 0 0
30.227819 -0.968291 -2.470683 0.314954 0.686886 0.654974 0.836651 -0.538600 -0.099620 0 0 0 0 0 0
30.667764 -1.051883 -2.641494 0.280678 0.257647 0.924574 0.884437 -0.377735 -0.274019 0 0 0 0 0 0
30.988325 -1.101114 -2.771186 0.310467 -0.059697 0.948708 0.909305 0.140233 -0.391790 0 0 0 0 0 0
31.266638 -0.700222 -3.050273 0.299704 -0.565440 0.768411 0.859436 0.134706 -0.493177 0 0 0 0 0 0
31.485604 -1.983722 -3.856239 0.302068 0.889091 -0.343906 0.189595 0.521296 -0.832048 0 0 0 0 0 0
31.901929 -1.144410 -5.623863 0.308994 0.931117 0.193765 0.873680 -0.482802 0.059879 0 0 0 0 0 0
32.228436 -1.225283 -5.895337 0.318816 0.664033 0.676325 0.877053 -0.430175 -0.213841 0 0 0 0 0 0
32.557972 -1.140295 -6.150309 0.328342 0.156978 0.931423 0.874421 -0.254628 -0.412980 0 0 0 0 0 0
32.889634 -0.941808 -6.307822 0.333921 -0.418538 0.844585 0.865276 -0.002641 -0.501288 0 0 0 0 0 0
33.222199 -0.700460 -6.338894 0.332892 -0.838098 0.432174 0.852448 0.275656 -0.444237 0 0 0 0 0 0
33.553839 -0.475187 -6.243286 0.325501 -0.934692 -0.142831 0.841305 0.491636 -0.224720 0 0 0 0 0 0
33.882942 -0.326547 -6.033219 0.314954 -0.686885 -0.654976 0.836700 0.538536 0.099558 0 0 0 0 0 0
34.321582 -0.232197 -5.845181 0.277245 -0.259906 -0.924978 0.878233 0.385976 0.282364 0 0 0 0 0 0
34.638956 -0.197670 -5.726581 0.314421 0.059337 -0.947427 0.912839 -0.154487 0.377967 0 0 0 0 0 0
34.923453 -0.589160 -5.448683 0.299704 0.565440 -0.768411 0.858954 -0.140035 0.492532 0 0 0 0 0 0
35.248173 -0.910817 -5.446915 0.302068 0.889091 -0.343906 0.865772 -0.370546 0.336354 0 0 0 0 0 0
35.556650 -1.152264 -5.610695 0.309055 0.931097 0.193761 0.857755 -0.505758 0.092006 0 0 0 0 0 0
35.878051 -1.225303 -5.872521 0.318815 0.664030 0.676329 0.877096 -0.430121 -0.213773 0 0 0 0 0 0
36.207402 -1.140280 -6.127538 0.328342 0.156978 0.931423 0.874359 -0.254653 -0.413096 0 0 0 0 0 0
36.539169 -0.941837 -6.285006 0.333921 -0.418538 0.844585 0.865344 -0.002678 -0.501171 0 0 0 0 0 0
36.871752 -0.700460 -6.316094 0.332892 -0.838098 0.432174 0.852448 0.275656 -0.444237 0 0 0 0 0 0
37.203392 -0.475186 -6.220485 0.325500 -0.934691 -0.142838 0.841301 0.491636 -0.224736 0 0 0 0 0 0
37.532353 -0.326547 -6.010398 0.315017 -0.686870 -0.654961 0.836648 0.538601 0.099646 0 0 0 0 0 0
37.972318 -0.242955 -5.839578 0.280678 -0.257647 -0.924574 0.884420 0.377768 0.274031 0 0 0 0 0 0
38.291888 -0.191738 -5.705472 0.310402 0.059697 -0.948729 0.908036 -0.135145 0.396492 0 0 0 0 0 0
38.570195 -0.592585 -5.426406 0.299643 0.565451 -0.768427 0.859442 -0.134689 0.493171 0 0 0 0 0 0
38.897499 -0.910825 -5.424162 0.302129 0.889076 -0.343894 0.865745 -0.370623 0.336340 0 0 0 0 0 0
39.577751 0.838955 -5.404348 -0.987688 0.000000 0.156435 -0.513014 -0.409104 0.754619 0 0 0 0 0 0
33.473294 -0.000001 -3.961682 0.000000 1.000000 0.000000 0.000000 0.000000 1.000000 0 0 0 0 0 0
33.876824 -0.000001 -3.822506 0.000000 1.000000 0.000000 0.000000 0.000000 1.000000 0 0 0 0 0 0
34.328706 -0.000001 -3.239365 0.000000 1.000000 0.000000 0.000000 0.000000 1.000000 0 0 0 0 0 0
34.000353 -0.000001 -2.578729 0.000000 1.000000 0.000000 0.000000 0.000000 1.000000 0 0 0 0 0 0
39.248514 -0.316613 -2.121870 -0.994856 0.000000 0.101300 0.038464 -0.328725 -0.943642 0 0 0 0 0 0
39.175190 -0.957152 -2.767839 -0.302068 0.889091 -0.343907 -0.852970 -0.442835 0.276295 0 0 0 0 0 0
38.636748 -1.058146 -2.561199 -0.299704 0.565440 -0.768411 -0.860330 -0.440205 0.257005 0 0 0 0 0 0
38.269615 -0.939932 -2.418396 -0.310467 0.059697 -0.948708 -0.923939 -0.161487 0.346784 0 0 0 0 0 0
37.806472 -1.110623 -2.238240 -0.280744 -0.257638 -0.924557 -0.915521 -0.001181 0.402267 0 0 0 0 0 0
37.629798 -0.649049 -2.104978 -0.315016 -0.686873 -0.654959 -0.888358 0.296598 0.350498 0 0 0 0 0 0
37.265000 -0.325155 -2.192473 -0.325502 -0.934691 -0.142831 -0.875680 0.415457 0.246128 0 0 0 0 0 0
36.934269 -0.172542 -2.394002 -0.332892 -0.838099 0.432173 -0.865772 0.500386 -0.007215 0 0 0 0 0 0
36.602242 -0.145547 -2.636315 -0.333922 -0.418539 0.844584 -0.852266 0.438277 -0.285580 0 0 0 0 0 0
36.270869 -0.244954 -2.861811 -0.328405 0.156980 0.931401 -0.840847 0.213486 -0.497394 0 0 0 0 0 0
35.941340 -0.458763 -3.008817 -0.318816 0.664034 0.676325 -0.836285 -0.111422 -0.536854 0 0 0 0 0 0
35.614568 -0.734578 -3.010646 -0.309055 0.931097 0.193761 -0.839708 -0.400837 -0.366360 0 0 0 0 0 0
35.320837 -0.969188 -2.821988 -0.302068 0.889091 -0.343907 -0.835775 -0.548694 -0.020352 0 0 0 0 0 0
34.996371 -1.058146 -2.540616 -0.299704 0.565440 -0.768411 -0.860330 -0.440205 0.257005 0 0 0 0 0 0
34.628860 -0.936599 -2.417465 -0.314421 0.059340 -0.947427 -0.929862 -0.154548 0.333873 0 0 0 0 0 0
34.165870 -1.114722 -2.218588 -0.277244 -0.259907 -0.924978 -0.906759 -0.018136 0.421258 0 0 0 0 0 0
34.096744 -1.153311 -1.230037 -0.314954 0.686886 0.654974 -0.169883 0.544159 0.821603 0 0 0 0 0 0
33.608186 -0.967635 0.731266 -0.325501 0.934691 0.142833 -0.875700 -0.415426 -0.246111 0 0 0 0 0 0
33.277377 -1.120260 0.932786 -0.332892 0.838098 -0.432174 -0.865774 -0.500382 0.007218 0 0 0 0 0 0
32.945347 -1.147258 1.175096 -0.333922 0.418538 -0.844584 -0.852265 -0.438279 0.285580 0 0 0 0 0 0
32.613953 -1.047856 1.400601 -0.328342 -0.156978 -0.931423 -0.840824 -0.213524 0.497416 0 0 0 0 0 0
32.284530 -0.834043 1.547572 -0.318816 -0.664033 -0.676326 -0.836314 0.111418 0.536811 0 0 0 0 0 0
31.957655 -0.558219 1.549429 -0.308994 -0.931117 -0.193765 -0.839683 0.400848 0.366406 0 0 0 0 0 0
31.633043 -0.323398 1.381393 -0.302068 -0.889091 0.343906 -0.848900 0.525572 0.056063 0 0 0 0 0 0
31.309266 -0.234659 1.099977 -0.299703 -0.565439 0.768412 -0.860332 0.440201 -0.257007 0 0 0 0 0 0
30.942132 -0.352874 0.957181 -0.310468 -0.059696 0.948708 -0.923940 0.161488 -0.346779 0 0 0 0 0 0
30.479443 -0.183513 0.773428 -0.280679 0.257647 0.924574 -0.914656 -0.000043 -0.404232 0 0 0 0 0 0
30.301536 -0.645827 0.639356 -0.315017 0.686871 0.654960 -0.888315 -0.296682 -0.350536 0 0 0 0 0 0
29.936669 -0.969702 0.726829 -0.325501 0.934691 0.142834 -0.875680 -0.415456 -0.246131 0 0 0 0 0 0
29.605942 -1.122321 0.928364 -0.332891 0.838099 -0.432173 -0.865770 -0.500390 0.007215 0 0 0 0 0 0
29.273933 -1.149314 1.170672 -0.333986 0.418531 -0.844562 -0.852287 -0.438232 0.285585 0 0 0 0 0 0
28.942315 -1.049936 1.396183 -0.328341 -0.156985 -0.931423 -0.840873 -0.213532 0.497330 0 0 0 0 0 0
28.802039 -0.835072 2.196602 -0.318753 0.664049 0.676340 -0.141480 0.623317 0.769064 0 0 0 0 0 0
28.302822 -0.736641 4.064375 -0.309055 0.931097 0.193761 -0.839657 -0.400924 -0.366383 0 0 0 0 0 0
27.949916 -0.969714 4.212267 -0.302068 0.889091 -0.343907 -0.858992 -0.504516 -0.087157 0 0 0 0 0 0
27.627082 -1.058151 4.493720 -0.299642 0.565448 -0.768429 -0.860308 -0.440252 0.256999 0 0 0 0 0 0
27.260043 -0.939918 4.636483 -0.310467 0.059697 -0.948708 -0.923955 -0.161467 0.346749 0 0 0 0 0 0
26.796806 -1.110623 4.816677 -0.280678 -0.257643 -0.924575 -0.915509 -0.001199 0.402295 0 0 0 0 0 0
26.620216 -0.649051 4.949923 -0.314953 -0.686887 -0.654974 -0.888365 0.296581 0.350495 0 0 0 0 0 0
26.255559 -0.325144 4.862407 -0.325502 -0.934691 -0.142831 -0.875638 0.415545 0.246131 0 0 0 0 0 0
25.924763 -0.172542 4.660911 -0.332892 -0.838099 0.432173 -0.865772 0.500387 -0.007214 0 0 0 0 0 0
25.592759 -0.145550 4.418595 -0.333986 -0.418528 0.844564 -0.852286 0.438231 -0.285593 0 0 0 0 0 0
25.261135 -0.244921 4.193091 -0.328341 0.156984 0.931423 -0.840876 0.213530 -0.497325 0 0 0 0 0 0
24.931756 -0.458763 4.046116 -0.318753 0.664049 0.676340 -0.836288 -0.111399 -0.536855 0 0 0 0 0 0
24.605128 -0.734589 4.044299 -0.309055 0.931097 0.193761 -0.839656 -0.400924 -0.366384 0 0 0 0 0 0
24.311202 -0.969173 4.232898 -0.302068 0.889091 -0.343907 -0.835864 -0.548559 -0.020383 0 0 0 0 0 0
23.986705 -1.058151 4.514303 -0.299643 0.565451 -0.768427 -0.860310 -0.440244 0.257006 0 0 0 0 0 0
23.619289 -0.936584 4.637429 -0.314421 0.059340 -0.947427 -0.929873 -0.154535 0.333848 0 0 0 0 0 0
23.156222 -1.114722 4.836320 -0.277243 -0.259906 -0.924978 -0.906761 -0.018131 0.421254 0 0 0 0 0 0
23.087242 -1.153306 5.824871 -0.315017 0.686870 0.654961 -0.169876 0.544156 0.821606 0 0 0 0 0 0
22.598598 -0.967657 7.786156 -0.325500 0.934691 0.142838 -0.875678 -0.415458 -0.246134 0 0 0 0 0 0
22.267873 -1.120260 7.987700 -0.332892 0.838098 -0.432174 -0.865775 -0.500381 0.007221 0 0 0 0 0 0
21.935842 -1.147257 8.230009 -0.333921 0.418538 -0.844585 -0.852264 -0.438281 0.285579 0 0 0 0 0 0
21.604326 -1.047880 8.455490 -0.328342 -0.156978 -0.931423 -0.840901 -0.213510 0.497292 0 0 0 0 0 0
21.275007 -0.834011 8.602490 -0.318816 -0.664033 -0.676325 -0.836233 0.111478 0.536923 0 0 0 0 0 0
20.948169 -0.558227 8.604340 -0.309055 -0.931097 -0.193761 -0.839708 0.400837 0.366360 0 0 0 0 0 0
20.623477 -0.323381 8.436314 -0.302129 -0.889076 0.343894 -0.848900 0.525575 0.056030 0 0 0 0 0 0
20.299535 -0.234631 8.154905 -0.299643 -0.565451 0.768427 -0.860361 0.440193 -0.256922 0 0 0 0 0 0
19.932543 -0.352887 8.012102 -0.310402 -0.059697 0.948729 -0.923945 0.161499 -0.346762 0 0 0 0 0 0
19.469995 -0.183562 7.828347 -0.280678 0.257646 0.924575 -0.914608 -0.000094 -0.404341 0 0 0 0 0 0
19.291887 -0.645802 7.694265 -0.314955 0.686888 0.654972 -0.888369 -0.296588 -0.350481 0 0 0 0 0 0
18.927081 -0.969688 7.781748 -0.325437 0.934712 0.142841 -0.875686 -0.415441 -0.246135 0 0 0 0 0 0
18.596360 -1.122303 7.983285 -0.332826 0.838120 -0.432183 -0.865776 -0.500379 0.007195 0 0 0 0 0 0
18.264350 -1.149295 8.225579 -0.333921 0.418541 -0.844583 -0.852291 -0.438241 0.285560 0 0 0 0 0 0
17.932873 -1.049901 8.451082 -0.328343 -0.156986 -0.931421 -0.840828 -0.213522 0.497410 0 0 0 0 0 0
17.792547 -0.835073 9.251499 -0.318814 0.664031 0.676328 -0.141509 0.623313 0.769062 0 0 0 0 0 0
17.293093 -0.736640 11.119255 -0.308994 0.931116 0.193765 -0.839689 -0.400849 -0.366392 0 0 0 0 0 0
16.969829 -0.968848 11.290766 -0.302068 0.889091 -0.343907 -0.850182 -0.524241 -0.048593 0 0 0 0 0 0
16.645529 -1.058151 11.573126 -0.299643 0.565451 -0.768427 -0.860310 -0.440244 0.257006 0 0 0 0 0 0
16.278491 -0.939917 11.715905 -0.310467 0.059697 -0.948708 -0.923951 -0.161473 0.346757 0 0 0 0 0 0
15.815251 -1.110622 11.896085 -0.280678 -0.257643 -0.924575 -0.915514 -0.001192 0.402283 0 0 0 0 0 0
15.638807 -0.649024 12.029326 -0.315016 -0.686872 -0.654960 -0.888314 0.296672 0.350549 0 0 0 0 0 0
15.273942 -0.325155 11.941846 -0.325502 -0.934691 -0.142831 -0.875682 0.415457 0.246124 0 0 0 0 0 0
14.943210 -0.172542 11.740318 -0.332892 -0.838099 0.432173 -0.865772 0.500387 -0.007214 0 0 0 0 0 0
14.611205 -0.145550 11.498001 -0.333984 -0.418525 0.844566 -0.852283 0.438238 -0.285589 0 0 0 0 0 0
14.279581 -0.244920 11.272499 -0.328335 0.156984 0.931425 -0.840874 0.213532 -0.497327 0 0 0 0 0 0
13.950361 -0.458789 11.125528 -0.318835 0.664029 0.676320 -0.836244 -0.111484 -0.536905 0 0 0 0 0 0
13.623454 -0.734579 11.123665 -0.309037 0.931103 0.193762 -0.839708 -0.400826 -0.366372 0 0 0 0 0 0
13.298762 -0.969414 11.291696 -0.302086 0.889086 -0.343905 -0.848913 -0.525551 -0.056067 0 0 0 0 0 0
12.974975 -1.058155 11.573119 -0.299686 0.565443 -0.768416 -0.860332 -0.440209 0.256992 0 0 0 0 0 0
12.607497 -0.936597 11.696264 -0.314408 0.059340 -0.947432 -0.929869 -0.154549 0.333854 0 0 0 0 0 0
12.144514 -1.114717 11.895139 -0.277243 -0.259906 -0.924978 -0.906758 -0.018126 0.421261 0 0 0 0 0 0
12.075435 -1.153312 12.883697 -0.314991 0.686890 0.654953 -0.169886 0.544163 0.821599 0 0 0 0 0 0
11.586835 -0.967637 14.844976 -0.325483 0.934702 0.142804 -0.875666 -0.415458 -0.246179 0 0 0 0 0 0
11.256118 -1.120238 15.046521 -0.332882 0.838092 -0.432193 -0.865775 -0.500379 0.007294 0 0 0 0 0 0
10.924077 -1.147255 15.288798 -0.333953 0.418541 -0.844570 -0.852282 -0.438255 0.285564 0 0 0 0 0 0
10.592576 -1.047869 15.514267 -0.328361 -0.156980 -0.931416 -0.840870 -0.213518 0.497340 0 0 0 0 0 0
10.263188 -0.834040 15.661275 -0.318804 -0.664036 -0.676328 -0.836267 0.111427 0.536881 0 0 0 0 0 0
9.936402 -0.558212 15.663182 -0.309041 -0.931095 -0.193794 -0.839673 0.400864 0.366411 0 0 0 0 0 0
9.611681 -0.323388 15.495077 -0.302081 -0.889090 0.343899 -0.848933 0.525526 0.055999 0 0 0 0 0 0
9.287902 -0.234654 15.213664 -0.299687 -0.565446 0.768413 -0.860330 0.440214 -0.256988 0 0 0 0 0 0
8.920785 -0.352883 15.070949 -0.310450 -0.059695 0.948713 -0.923966 0.161487 -0.346711 0 0 0 0 0 0
8.458186 -0.183536 14.887157 -0.280692 0.257640 0.924572 -0.914610 -0.000065 -0.404337 0 0 0 0 0 0
8.280135 -0.645821 14.753087 -0.314987 0.686880 0.654965 -0.888357 -0.296595 -0.350504 0 0 0 0 0 0
7.915332 -0.969698 14.840568 -0.325483 0.934699 0.142825 -0.875674 -0.415452 -0.246158 0 0 0 0 0 0
7.584597 -1.122319 15.042050 -0.332889 0.838112 -0.432150 -0.865775 -0.500382 0.007227 0 0 0 0 0 0
7.252584 -1.149309 15.284415 -0.333947 0.418536 -0.844575 -0.852270 -0.438262 0.285591 0 0 0 0 0 0
6.921074 -1.049915 15.509890 -0.328361 -0.156987 -0.931415 -0.840864 -0.213514 0.497352 0 0 0 0 0 0
6.780764 -0.835076 16.310270 -0.318803 0.664037 0.676328 -0.141497 0.623322 0.769057 0 0 0 0 0 0
6.281404 -0.736628 18.178083 -0.309045 0.931107 0.193729 -0.839697 -0.400873 -0.366347 0 0 0 0 0 0
5.956630 -0.971472 18.346019 -0.302080 0.889090 -0.343899 -0.848908 -0.525557 -0.056081 0 0 0 0 0 0
5.632887 -1.060198 18.627466 -0.299688 0.565444 -0.768415 -0.860333 -0.440208 0.256989 0 0 0 0 0 0
5.265390 -0.938647 18.750608 -0.314403 0.059333 -0.947433 -0.929867 -0.154568 0.333851 0 0 0 0 0 0
4.802439 -1.116783 18.949574 -0.277245 -0.259905 -0.924978 -0.906718 -0.018165 0.421346 0 0 0 0 0 0
4.628077 -0.649754 19.083107 -0.314974 -0.686852 -0.655000 -0.888898 0.294324 0.351047 0 0 0 0 0 0
4.261255 -0.327192 18.996190 -0.325482 -0.934697 -0.142839 -0.875707 0.415441 0.246062 0 0 0 0 0 0
3.930506 -0.174598 18.794693 -0.332886 -0.838103 0.432169 -0.865770 0.500390 -0.007199 0 0 0 0 0 0
3.598496 -0.147603 18.552350 -0.333941 -0.418526 0.844582 -0.852258 0.438276 -0.285606 0 0 0 0 0 0
3.266971 -0.246987 18.326868 -0.328339 0.156975 0.931425 -0.840872 0.213496 -0.497347 0 0 0 0 0 0
2.937597 -0.460851 18.179858 -0.318803 0.664037 0.676328 -0.836264 -0.111378 -0.536896 0 0 0 0 0 0
2.610816 -0.736628 18.178083 -0.309045 0.931107 0.193729 -0.839697 -0.400873 -0.366347 0 0 0 0 0 0
2.286042 -0.971472 18.346019 -0.302080 0.889090 -0.343899 -0.848908 -0.525557 -0.056081 0 0 0 0 0 0
1.962299 -1.060198 18.627466 -0.299688 0.565444 -0.768415 -0.860333 -0.440208 0.256989 0 0 0 0 0 0
1.595199 -0.941980 18.770301 -0.310451 0.059690 -0.948714 -0.923929 -0.161514 0.346798 0 0 0 0 0 0
1.132051 -1.112680 18.950518 -0.280699 -0.257646 -0.924568 -0.915493 -0.001221 0.402332 0 0 0 0 0 0
1.061764 -1.154586 19.937916 -0.314991 0.686883 0.654960 -0.169579 0.543980 0.821784 0 0 0 0 0 0
0.574140 -0.969701 21.899362 -0.325482 0.934697 0.142839 -0.875669 -0.415451 -0.246180 0 0 0 0 0 0
0.243427 -1.122320 22.100884 -0.332884 0.838104 -0.432168 -0.865765 -0.500399 0.007198 0 0 0 0 0 0
-0.088587 -1.149314 22.343226 -0.333940 0.418529 -0.844581 -0.852263 -0.438269 0.285601 0 0 0 0 0 0
-0.420100 -1.049919 22.568709 -0.328359 -0.156988 -0.931416 -0.840869 -0.213509 0.497346 0 0 0 0 0 0
-0.749498 -0.836099 22.715722 -0.318803 -0.664039 -0.676326 -0.836268 0.111423 0.536880 0 0 0 0 0 0
-1.076263 -0.560284 22.717494 -0.309045 -0.931107 -0.193730 -0.839696 0.400877 0.366344 0 0 0 0 0 0
-1.401032 -0.325442 22.549556 -0.302082 -0.889090 0.343899 -0.848907 0.525558 0.056079 0 0 0 0 0 0
-1.724781 -0.236706 22.268112 -0.299687 -0.565446 0.768413 -0.860331 0.440213 -0.256987 0 0 0 0 0 0
-2.092275 -0.358261 22.144967 -0.314403 -0.059338 0.947433 -0.929869 0.154557 -0.333850 0 0 0 0 0 0
-2.555249 -0.180147 21.946130 -0.277245 0.259906 0.924978 -0.906768 0.018100 -0.421241 0 0 0 0 0 0
-2.729581 -0.647167 21.812613 -0.314988 0.686883 0.654961 -0.888895 -0.294239 -0.351125 0 0 0 0 0 0
-3.096440 -0.969701 21.899363 -0.325482 0.934697 0.142839 -0.875667 -0.415454 -0.246181 0 0 0 0 0 0
-3.427160 -1.122320 22.100883 -0.332885 0.838104 -0.432168 -0.865768 -0.500394 0.007197 0 0 0 0 0 0
-3.759182 -1.149314 22.343225 -0.333940 0.418529 -0.844581 -0.852266 -0.438266 0.285597 0 0 0 0 0 0
-4.102851 -1.050032 22.560555 -0.328361 -0.156980 -0.931416 -0.850398 -0.207832 0.483353 0 0 0 0 0 0
-4.244553 -0.833019 23.363022 -0.318803 0.664037 0.676328 -0.141497 0.623322 0.769057 0 0 0 0 0 0
-4.743913 -0.734575 25.230836 -0.309045 0.931107 0.193729 -0.839696 -0.400873 -0.366348 0 0 0 0 0 0
-5.068687 -0.969411 25.398773 -0.302081 0.889089 -0.343900 -0.848911 -0.525553 -0.056080 0 0 0 0 0 0
-5.392432 -1.058151 25.680217 -0.299687 0.565446 -0.768413 -0.860329 -0.440218 0.256987 0 0 0 0 0 0
-5.759928 -0.936599 25.803363 -0.314403 0.059340 -0.947433 -0.929869 -0.154556 0.333850 0 0 0 0 0 0
-6.222899 -1.114709 26.002200 -0.277245 -0.259908 -0.924977 -0.906768 -0.018103 0.421241 0 0 0 0 0 0
-6.397233 -0.647691 26.135716 -0.314987 -0.686885 -0.654959 -0.888894 0.294238 0.351128 0 0 0 0 0 0
-6.764104 -0.325159 26.048969 -0.325483 -0.934697 -0.142839 -0.875674 0.415444 0.246174 0 0 0 0 0 0
-7.094815 -0.172542 25.847444 -0.332886 -0.838103 0.432169 -0.865764 0.500401 -0.007204 0 0 0 0 0 0
-7.426834 -0.145550 25.605106 -0.333941 -0.418526 0.844583 -0.852265 0.438267 -0.285597 0 0 0 0 0 0
-7.758341 -0.244939 25.379620 -0.328361 0.156986 0.931415 -0.840865 0.213510 -0.497352 0 0 0 0 0 0
-8.087736 -0.458761 25.232607 -0.318803 0.664037 0.676328 -0.836267 -0.111428 -0.536881 0 0 0 0 0 0
-8.414502 -0.734575 25.230836 -0.309045 0.931107 0.193729 -0.839696 -0.400873 -0.366348 0 0 0 0 0 0
-8.739276 -0.969411 25.398773 -0.302081 0.889089 -0.343900 -0.848911 -0.525553 -0.056080 0 0 0 0 0 0
-9.063020 -1.058151 25.680217 -0.299687 0.565446 -0.768413 -0.860329 -0.440218 0.256987 0 0 0 0 0 0
-9.430118 -0.939932 25.823055 -0.310450 0.059697 -0.948713 -0.923931 -0.161503 0.346798 0 0 0 0 0 0
-9.893284 -1.110608 26.003142 -0.280705 -0.257641 -0.924568 -0.915544 -0.001142 0.402215 0 0 0 0 0 0
-9.978395 -1.146554 26.849097 -0.314994 0.686882 0.654959 -0.173520 0.558699 0.811016 0 0 0 0 0 0
-10.451190 -0.967652 28.810936 -0.325481 0.934697 0.142839 -0.875670 -0.415448 -0.246181 0 0 0 0 0 0
-10.781892 -1.120260 29.012463 -0.332886 0.838103 -0.432169 -0.865766 -0.500398 0.007205 0 0 0 0 0 0
-11.113912 -1.147254 29.254799 -0.333941 0.418526 -0.844583 -0.852265 -0.438269 0.285596 0 0 0 0 0 0
-11.445420 -1.047872 29.480287 -0.328361 -0.156980 -0.931416 -0.840866 -0.213507 0.497352 0 0 0 0 0 0
-11.774824 -0.834044 29.627298 -0.318804 -0.664036 -0.676328 -0.836275 0.111421 0.536870 0 0 0 0 0 0
-12.101581 -0.558226 29.629068 -0.309045 -0.931107 -0.193729 -0.839688 0.400885 0.366353 0 0 0 0 0 0
-13.246652 -0.991137 30.354083 0.412891 0.000000 -0.910780 -0.212871 0.693354 -0.688437 0 0 0 0 0 0
-11.399565 0.000000 25.372706 0.000000 1.000000 0.000000 0.000000 0.000000 1.000000 0 0 0 0 0 0
-11.803176 0.000000 25.511882 0.000000 1.000000 0.000000 0.000000 0.000000 1.000000 0 0 0 0 0 0
-12.254941 0.000000 26.095059 0.000000 1.000000 0.000000 0.000000 0.000000 1.000000 0 0 0 0 0 0
-11.926588 0.000000 26.755647 0.000000 1.000000 0.000000 0.000000 0.000000 1.000000 0 0 0 0 0 0
-13.357626 0.493340 31.686523 0.398863 0.000000 -0.917010 0.835195 -0.492284 0.245166 0 0 0 0 0 0
-12.365306 -0.166773 32.308702 0.309045 -0.931107 -0.193729 0.862045 0.434396 0.261108 0 0 0 0 0 0
-11.814305 -0.067505 32.534365 0.318803 -0.664037 -0.676328 0.877078 0.430171 0.213746 0 0 0 0 0 0
-11.484930 -0.152520 32.789324 0.328361 -0.156986 -0.931415 0.874389 0.254621 0.413051 0 0 0 0 0 0
-11.153213 -0.350984 32.946873 0.333941 0.418526 -0.844583 0.865282 0.002655 0.501279 0 0 0 0 0 0
-10.820562 -0.592350 32.977953 0.332886 0.838103 -0.432169 0.852467 -0.275588 0.444243 0 0 0 0 0 0
-10.488945 -0.817605 32.882333 0.325483 0.934697 0.142839 0.841304 -0.491641 0.224713 0 0 0 0 0 0
-10.159974 -0.966257 32.672239 0.314987 0.686885 0.654959 0.836664 -0.538574 -0.099656 0 0 0 0 0 0
-9.720063 -1.049825 32.501358 0.280705 0.257641 0.924568 0.884426 -0.377733 -0.274060 0 0 0 0 0 0
-9.400464 -1.101043 32.367286 0.310450 -0.059697 0.948713 0.908018 0.135200 -0.396515 0 0 0 0 0 0
-9.122120 -0.700221 32.088218 0.299687 -0.565446 0.768413 0.859445 0.134661 -0.493174 0 0 0 0 0 0
-8.794715 -0.381988 32.085962 0.302081 -0.889089 0.343900 0.865757 0.370590 -0.336345 0 0 0 0 0 0
-8.470367 -0.148392 32.262872 0.309045 -0.931107 -0.193729 0.873681 0.482808 -0.059808 0 0 0 0 0 0
-8.143716 -0.067505 32.534365 0.318803 -0.664037 -0.676328 0.877078 0.430171 0.213746 0 0 0 0 0 0
-7.814341 -0.152520 32.789324 0.328361 -0.156986 -0.931415 0.874389 0.254621 0.413051 0 0 0 0 0 0
-7.482625 -0.350984 32.946873 0.333941 0.418526 -0.844583 0.865282 0.002655 0.501279 0 0 0 0 0 0
-7.149974 -0.592350 32.977953 0.332886 0.838103 -0.432169 0.852467 -0.275588 0.444243 0 0 0 0 0 0
-6.818357 -0.817605 32.882333 0.325483 0.934697 0.142839 0.841304 -0.491641 0.224713 0 0 0 0 0 0
-6.489385 -0.966257 32.672239 0.314987 0.686885 0.654959 0.836664 -0.538574 -0.099656 0 0 0 0 0 0
-6.050658 -1.060623 32.484166 0.277245 0.259908 0.924977 0.878235 -0.385976 -0.282359 0 0 0 0 0 0
-5.733283 -1.095129 32.365615 0.314403 -0.059340 0.947433 0.912858 0.154510 -0.377912 0 0 0 0 0 0
-5.448791 -0.703654 32.087717 0.299687 -0.565446 0.768413 0.858965 0.140002 -0.492522 0 0 0 0 0 0
-5.124127 -0.381988 32.085962 0.302081 -0.889089 0.343900 0.865757 0.370590 -0.336345 0 0 0 0 0 0
-4.799779 -0.148392 32.262872 0.309045 -0.931107 -0.193729 0.873681 0.482808 -0.059808 0 0 0 0 0 0
-4.473128 -0.067505 32.534365 0.318803 -0.664037 -0.676328 0.877078 0.430171 0.213746 0 0 0 0 0 0
-4.143753 -0.152520 32.789324 0.328361 -0.156986 -0.931415 0.874389 0.254621 0.413051 0 0 0 0 0 0
-3.801077 -0.349417 32.950895 0.333941 0.418526 -0.844582 0.869888 0.006834 0.493202 0 0 0 0 0 0
-3.465831 -0.594407 32.984023 0.332886 0.838103 -0.432169 0.852459 -0.275598 0.444251 0 0 0 0 0 0
-3.134204 -0.819663 32.888407 0.325482 0.934697 0.142839 0.841310 -0.491631 0.224713 0 0 0 0 0 0
-2.805242 -0.968305 32.678293 0.314974 0.686852 0.655000 0.836625 -0.538651 -0.099569 0 0 0 0 0 0
-2.366486 -1.062689 32.490388 0.277245 0.259905 0.924978 0.878261 -0.385951 -0.282311 0 0 0 0 0 0
-2.049159 -1.097206 32.371701 0.314403 -0.059333 0.947433 0.912823 0.154448 -0.378022 0 0 0 0 0 0
-1.764652 -0.705703 32.093788 0.299688 -0.565444 0.768415 0.858967 0.140005 -0.492519 0 0 0 0 0 0
-1.548447 -1.985781 31.288343 0.302082 0.889090 -0.343899 0.189602 0.521295 -0.832047 0 0 0 0 0 0
-1.132125 -1.146460 29.520751 0.309045 0.931107 0.193730 0.873683 -0.482806 0.059807 0 0 0 0 0 0
-0.805480 -1.227360 29.249259 0.318803 0.664039 0.676326 0.877071 -0.430184 -0.213747 0 0 0 0 0 0
-0.476100 -1.142340 28.994300 0.328359 0.156988 0.931416 0.874394 -0.254616 -0.413045 0 0 0 0 0 0
-0.144383 -0.943874 28.836751 0.333940 -0.418529 0.844581 0.865282 -0.002661 -0.501278 0 0 0 0 0 0
0.188270 -0.702510 28.805670 0.332884 -0.838104 0.432168 0.852464 0.275592 -0.444246 0 0 0 0 0 0
0.519888 -0.477249 28.901289 0.325482 -0.934697 -0.142839 0.841306 0.491638 -0.224713 0 0 0 0 0 0
0.848850 -0.328608 29.111388 0.314991 -0.686883 -0.654960 0.836662 0.538575 0.099666 0 0 0 0 0 0
1.288779 -0.245022 29.282261 0.280701 -0.257645 -0.924568 0.884426 0.377739 0.274050 0 0 0 0 0 0
1.608354 -0.193821 29.416339 0.310452 0.059696 -0.948713 0.908013 -0.135210 0.396523 0 0 0 0 0 0
1.886710 -0.594637 29.695406 0.299687 0.565446 -0.768413 0.859446 -0.134660 0.493172 0 0 0 0 0 0
2.214113 -0.912870 29.697661 0.302081 0.889090 -0.343899 0.865757 -0.370589 0.336347 0 0 0 0 0 0
2.538462 -1.146459 29.520751 0.309046 0.931107 0.193730 0.873683 -0.482805 0.059807 0 0 0 0 0 0
2.865113 -1.227360 29.249260 0.318803 0.664039 0.676326 0.877073 -0.430181 -0.213744 0 0 0 0 0 0
3.194486 -1.142339 28.994298 0.328361 0.156987 0.931415 0.874391 -0.254617 -0.413051 0 0 0 0 0 0
3.526202 -0.943873 28.836750 0.333940 -0.418529 0.844581 0.865280 -0.002661 -0.501281 0 0 0 0 0 0
3.758008 -1.434174 27.789808 0.332886 0.838103 -0.432169 0.177377 0.639520 -0.748032 0 0 0 0 0 0
4.206972 -0.819663 25.970760 0.325482 0.934697 0.142839 0.841310 -0.491631 0.224713 0 0 0 0 0 0
4.535935 -0.968305 25.760645 0.314974 0.686852 0.655000 0.836625 -0.538651 -0.099569 0 0 0 0 0 0
4.974691 -1.062689 25.572741 0.277245 0.259905 0.924978 0.878261 -0.385951 -0.282311 0 0 0 0 0 0
5.292018 -1.097206 25.454054 0.314403 -0.059333 0.947433 0.912823 0.154448 -0.378022 0 0 0 0 0 0
5.576525 -0.705703 25.176141 0.299688 -0.565444 0.768415 0.858967 0.140005 -0.492519 0 0 0 0 0 0
5.901191 -0.384039 25.174387 0.302080 -0.889090 0.343899 0.865756 0.370587 -0.336351 0 0 0 0 0 0
6.225539 -0.150446 25.351295 0.309045 -0.931107 -0.193729 0.873682 0.482808 -0.059808 0 0 0 0 0 0
6.552190 -0.069558 25.622788 0.318803 -0.664037 -0.676328 0.877077 0.430172 0.213747 0 0 0 0 0 0
6.881549 -0.154561 25.877863 0.328339 -0.156975 -0.931425 0.874352 0.254654 0.413111 0 0 0 0 0 0
7.213290 -0.353048 26.035299 0.333941 0.418526 -0.844582 0.865340 0.002598 0.501179 0 0 0 0 0 0
7.545934 -0.594407 26.066376 0.332886 0.838103 -0.432169 0.852459 -0.275598 0.444251 0 0 0 0 0 0
7.877561 -0.819663 25.970760 0.325482 0.934697 0.142839 0.841310 -0.491631 0.224713 0 0 0 0 0 0
8.206523 -0.968305 25.760645 0.314974 0.686852 0.655000 0.836625 -0.538651 -0.099569 0 0 0 0 0 0
8.646478 -1.051908 25.589936 0.280698 0.257646 0.924569 0.884454 -0.377712 -0.273998 0 0 0 0 0 0
8.966998 -1.101111 25.460241 0.310471 -0.059701 0.948706 0.909298 0.140242 -0.391803 0 0 0 0 0 0
9.245305 -0.700249 25.181158 0.299687 -0.565446 0.768413 0.859444 0.134704 -0.493164 0 0 0 0 0 0
9.464223 -1.983722 24.375081 0.302081 0.889090 -0.343899 0.189591 0.521293 -0.832051 0 0 0 0 0 0
9.880553 -1.144419 22.607467 0.309041 0.931095 0.193794 0.873658 -0.482831 0.059972 0 0 0 0 0 0
10.207210 -1.225302 22.336054 0.318804 0.664036 0.676328 0.877081 -0.430119 -0.213837 0 0 0 0 0 0
10.536580 -1.140280 22.081030 0.328361 0.156980 0.931416 0.874388 -0.254627 -0.413050 0 0 0 0 0 0
10.868313 -0.941820 21.923620 0.333961 -0.418552 0.844562 0.865329 -0.002638 -0.501198 0 0 0 0 0 0
11.200967 -0.700503 21.892520 0.332886 -0.838103 0.432169 0.852465 0.275663 -0.444199 0 0 0 0 0 0
11.532601 -0.475172 21.988037 0.325484 -0.934707 -0.142768 0.841304 0.491620 -0.224762 0 0 0 0 0 0
11.861532 -0.326554 22.198192 0.314988 -0.686884 -0.654961 0.836646 0.538619 0.099564 0 0 0 0 0 0
12.300265 -0.232185 22.386185 0.277245 -0.259906 -0.924978 0.878233 0.385978 0.282360 0 0 0 0 0 0
12.617627 -0.197657 22.504866 0.314382 0.059334 -0.947441 0.912819 -0.154466 0.378023 0 0 0 0 0 0
12.902123 -0.589178 22.782636 0.299687 0.565446 -0.768413 0.859018 -0.140062 0.492413 0 0 0 0 0 0
13.226795 -0.910817 22.784391 0.302081 0.889090 -0.343899 0.865757 -0.370589 0.336347 0 0 0 0 0 0
13.551141 -1.144419 22.607467 0.309041 0.931095 0.193794 0.873658 -0.482831 0.059972 0 0 0 0 0 0
13.877793 -1.225301 22.336056 0.318822 0.664032 0.676324 0.877085 -0.430110 -0.213838 0 0 0 0 0 0
14.207201 -1.140285 22.081021 0.328335 0.156982 0.931425 0.874376 -0.254646 -0.413065 0 0 0 0 0 0
14.538925 -0.941829 21.923634 0.333935 -0.418556 0.844570 0.865358 -0.002661 -0.501147 0 0 0 0 0 0
14.752012 -1.430156 20.740612 0.332893 0.838101 -0.432168 0.173577 0.627716 -0.758844 0 0 0 0 0 0
15.219693 -0.817638 18.916418 0.325502 0.934690 0.142838 0.841259 -0.491628 0.224909 0 0 0 0 0 0
15.548633 -0.966263 18.706351 0.315019 0.686878 0.654952 0.836653 -0.538587 -0.099678 0 0 0 0 0 0
15.988586 -1.049839 18.535468 0.280678 0.257643 0.924575 0.884414 -0.377761 -0.274058 0 0 0 0 0 0
16.308028 -1.101016 18.401406 0.310484 -0.059701 0.948702 0.907994 0.135212 -0.396565 0 0 0 0 0 0
16.586554 -0.700272 18.122331 0.299645 -0.565454 0.768424 0.859486 0.134645 -0.493107 0 0 0 0 0 0
16.913801 -0.381979 18.120099 0.302069 -0.889093 0.343901 0.865726 0.370643 -0.336366 0 0 0 0 0 0
17.238369 -0.149195 18.293944 0.308996 -0.931123 -0.193732 0.873004 0.483264 -0.065724 0 0 0 0 0 0
17.563869 -0.069575 18.563982 0.318816 -0.664034 -0.676325 0.877051 0.430202 0.213796 0 0 0 0 0 0
17.893393 -0.154547 18.819024 0.328326 -0.156976 -0.931429 0.874390 0.254644 0.413035 0 0 0 0 0 0
18.225068 -0.353062 18.976479 0.333915 0.418530 -0.844591 0.865310 0.002593 0.501230 0 0 0 0 0 0
18.557628 -0.594414 19.007541 0.332893 0.838101 -0.432168 0.852443 -0.275629 0.444263 0 0 0 0 0 0
18.889273 -0.819665 18.911935 0.325501 0.934691 0.142838 0.841307 -0.491641 0.224704 0 0 0 0 0 0
19.218234 -0.968310 18.701820 0.315005 0.686845 0.654993 0.836621 -0.538653 -0.099586 0 0 0 0 0 0
19.658199 -1.051916 18.531108 0.280744 0.257642 0.924556 0.884457 -0.377698 -0.274009 0 0 0 0 0 0
19.978762 -1.101123 18.401401 0.310484 -0.059701 0.948702 0.909296 0.140242 -0.391808 0 0 0 0 0 0
20.257142 -0.700272 18.122331 0.299645 -0.565454 0.768424 0.859486 0.134645 -0.493107 0 0 0 0 0 0
20.475891 -1.983738 17.316254 0.302129 0.889076 -0.343894 0.189591 0.521280 -0.832059 0 0 0 0 0 0
20.892345 -1.144432 15.548656 0.309053 0.931091 0.193793 0.873657 -0.482831 0.059977 0 0 0 0 0 0
21.218997 -1.225305 15.277240 0.318816 0.664033 0.676325 0.877100 -0.430092 -0.213815 0 0 0 0 0 0
21.548342 -1.140279 15.022192 0.328348 0.156981 0.931421 0.874361 -0.254647 -0.413095 0 0 0 0 0 0
21.880114 -0.941839 14.864753 0.333927 -0.418545 0.844578 0.865351 -0.002676 -0.501160 0 0 0 0 0 0
22.212700 -0.700479 14.833658 0.332889 -0.838090 0.432192 0.852459 0.275700 -0.444188 0 0 0 0 0 0
22.544341 -0.475161 14.929235 0.325502 -0.934696 -0.142803 0.841294 0.491622 -0.224794 0 0 0 0 0 0
22.873288 -0.326549 15.139332 0.315023 -0.686882 -0.654945 0.836657 0.538586 0.099650 0 0 0 0 0 0
23.312145 -0.232165 15.327359 0.277180 -0.259911 -0.924996 0.878243 0.386008 0.282289 0 0 0 0 0 0
23.629378 -0.197672 15.446022 0.314336 0.059335 -0.947456 0.912822 -0.154470 0.378013 0 0 0 0 0 0
23.913873 -0.589185 15.723800 0.299645 0.565454 -0.768424 0.859007 -0.140063 0.492432 0 0 0 0 0 0
24.238441 -0.910820 15.725545 0.302129 0.889076 -0.343894 0.865745 -0.370630 0.336333 0 0 0 0 0 0
24.547230 -1.152281 15.561916 0.309057 0.931103 0.193728 0.857799 -0.505668 0.092088 0 0 0 0 0 0
24.868419 -1.225305 15.300012 0.318816 0.664033 0.676325 0.877030 -0.430236 -0.213811 0 0 0 0 0 0
25.197878 -1.140294 15.045092 0.328348 0.156981 0.931421 0.874427 -0.254617 -0.412974 0 0 0 0 0 0
25.529523 -0.941816 14.887546 0.333982 -0.418522 0.844568 0.865281 -0.002622 -0.501281 0 0 0 0 0 0
25.729232 -1.429264 13.662721 0.332892 0.838099 -0.432173 0.170131 0.624613 -0.762178 0 0 0 0 0 0
26.201228 -0.817612 11.836980 0.325502 0.934691 0.142831 0.841307 -0.491634 0.224719 0 0 0 0 0 0
26.530208 -0.966270 11.626883 0.314953 0.686887 0.654974 0.836616 -0.538656 -0.099615 0 0 0 0 0 0
26.970067 -1.049820 11.456078 0.280678 0.257643 0.924575 0.884442 -0.377725 -0.274020 0 0 0 0 0 0
27.289574 -1.101024 11.321935 0.310467 -0.059697 0.948708 0.907973 0.135197 -0.396618 0 0 0 0 0 0
27.568098 -0.700251 11.042868 0.299642 -0.565448 0.768429 0.859494 0.134637 -0.493095 0 0 0 0 0 0
27.895352 -0.381969 11.040641 0.302068 -0.889091 0.343907 0.865728 0.370637 -0.336367 0 0 0 0 0 0
28.241153 -0.158438 11.227632 0.309055 -0.931097 -0.193761 0.889995 0.454692 -0.034125 0 0 0 0 0 0
28.573602 -0.069548 11.509085 0.318753 -0.664049 -0.676340 0.877082 0.430151 0.213767 0 0 0 0 0 0
28.902849 -0.154591 11.764090 0.328341 -0.156983 -0.931423 0.874378 0.254631 0.413069 0 0 0 0 0 0
29.234554 -0.353051 11.921585 0.333986 0.418528 -0.844564 0.865294 0.002621 0.501258 0 0 0 0 0 0
29.567346 -0.594377 11.952691 0.332892 0.838099 -0.432173 0.852494 -0.275582 0.444194 0 0 0 0 0 0
29.898941 -0.819680 11.857056 0.325437 0.934713 0.142834 0.841280 -0.491659 0.224762 0 0 0 0 0 0
30.227818 -0.968291 11.646961 0.314954 0.686885 0.654976 0.836650 -0.538604 -0.099615 0 0 0 0 0 0
30.667764 -1.051883 11.476154 0.280678 0.257647 0.924574 0.884438 -0.377733 -0.274020 0 0 0 0 0 0
30.988326 -1.101114 11.346461 0.310467 -0.059697 0.948708 0.909305 0.140233 -0.391790 0 0 0 0 0 0
31.266638 -0.700222 11.067374 0.299704 -0.565440 0.768411 0.859436 0.134706 -0.493177 0 0 0 0 0 0
31.485604 -1.983722 10.261408 0.302068 0.889091 -0.343906 0.189595 0.521296 -0.832048 0 0 0 0 0 0
31.901929 -1.144410 8.493784 0.308994 0.931117 0.193765 0.873680 -0.482802 0.059879 0 0 0 0 0 0
32.228436 -1.225283 8.222310 0.318816 0.664033 0.676325 0.877053 -0.430175 -0.213841 0 0 0 0 0 0
32.557972 -1.140295 7.967339 0.328342 0.156978 0.931423 0.874421 -0.254628 -0.412980 0 0 0 0 0 0
32.889634 -0.941808 7.809825 0.333921 -0.418538 0.844585 0.865276 -0.002641 -0.501288 0 0 0 0 0 0
33.222199 -0.700460 7.778753 0.332892 -0.838098 0.432174 0.852448 0.275656 -0.444237 0 0 0 0 0 0
33.553839 -0.475187 7.874361 0.325501 -0.934692 -0.142831 0.841305 0.491636 -0.224720 0 0 0 0 0 0
33.882942 -0.326547 8.084428 0.314954 -0.686885 -0.654976 0.836700 0.538536 0.099558 0 0 0 0 0 0
34.321582 -0.232197 8.272466 0.277245 -0.259906 -0.924978 0.878233 0.385976 0.282364 0 0 0 0 0 0
34.638956 -0.197670 8.391066 0.314421 0.059337 -0.947427 0.912839 -0.154487 0.377967 0 0 0 0 0 0
34.923453 -0.589160 8.668964 0.299704 0.565440 -0.768411 0.858954 -0.140035 0.492532 0 0 0 0 0 0
35.248173 -0.910817 8.670732 0.302068 0.889091 -0.343906 0.865772 -0.370546 0.336354 0 0 0 0 0 0
35.556650 -1.152264 8.506952 0.309055 0.931097 0.193761 0.857755 -0.505758 0.092006 0 0 0 0 0 0
35.878051 -1.225303 8.245126 0.318815 0.664030 0.676329 0.877096 -0.430121 -0.213773 0 0 0 0 0 0
36.207402 -1.140280 7.990109 0.328342 0.156978 0.931423 0.874359 -0.254653 -0.413096 0 0 0 0 0 0
36.539169 -0.941837 7.832641 0.333921 -0.418538 0.844585 0.865344 -0.002678 -0.501171 0 0 0 0 0 0
36.738696 -1.429274 6.607809 0.332892 0.838099 -0.432173 0.170110 0.624614 -0.762181 0 0 0 0 0 0
37.210734 -0.817612 4.782067 0.325502 0.934691 0.142831 0.841307 -0.491634 0.224719 0 0 0 0 0 0
37.539695 -0.966264 4.571974 0.315016 0.686872 0.654960 0.836642 -0.538612 -0.099635 0 0 0 0 0 0
37.979633 -1.049838 4.401154 0.280745 0.257638 0.924557 0.884440 -0.377714 -0.274041 0 0 0 0 0 0
38.299300 -1.101076 4.267031 0.310467 -0.059697 0.948708 0.908032 0.135144 -0.396502 0 0 0 0 0 0
38.577602 -0.700222 3.987967 0.299704 -0.565440 0.768411 0.859436 0.134706 -0.493177 0 0 0 0 0 0
38.905067 -0.381988 3.985696 0.302068 -0.889091 0.343907 0.865772 0.370547 -0.336352 0 0 0 0 0 0
39.216000 -0.134627 4.124321 0.309055 -0.931097 -0.193761 0.847006 0.511741 -0.143882 0 0 0 0 0 0
39.531419 -0.069553 4.377070 0.318816 -0.664034 -0.676325 0.877098 0.430119 0.213770 0 0 0 0 0 0
39.860765 -0.154574 4.632099 0.328341 -0.156983 -0.931423 0.874356 0.254652 0.413102 0 0 0 0 0 0
40.192390 -0.353051 4.789575 0.333986 0.418528 -0.844564 0.865294 0.002621 0.501258 0 0 0 0 0 0
40.525181 -0.594377 4.820681 0.332892 0.838099 -0.432173 0.852494 -0.275582 0.444194 0 0 0 0 0 0
40.856757 -0.819672 4.725046 0.325501 0.934692 0.142831 0.841305 -0.491637 0.224720 0 0 0 0 0 0
41.185717 -0.968311 4.514952 0.315017 0.686870 0.654961 0.836647 -0.538603 -0.099638 0 0 0 0 0 0
41.625680 -1.051905 4.344127 0.280678 0.257647 0.924574 0.884418 -0.377766 -0.274039 0 0 0 0 0 0
41.946161 -1.101114 4.214452 0.310467 -0.059697 0.948708 0.909305 0.140233 -0.391790 0 0 0 0 0 0
42.224473 -0.700222 3.935365 0.299704 -0.565440 0.768411 0.859436 0.134706 -0.493177 0 0 0 0 0 0
42.443439 -1.983722 3.129399 0.302068 0.889091 -0.343906 0.189595 0.521296 -0.832048 0 0 0 0 0 0
42.859745 -1.144403 1.361775 0.309055 0.931097 0.193761 0.873696 -0.482775 0.059859 0 0 0 0 0 0
43.186350 -1.225306 1.090293 0.318816 0.664033 0.676326 0.877031 -0.430210 -0.213858 0 0 0 0 0 0
43.515808 -1.140295 0.835329 0.328342 0.156978 0.931423 0.874422 -0.254627 -0.412979 0 0 0 0 0 0
43.847450 -0.941811 0.677829 0.333986 -0.418527 0.844564 0.865296 -0.002613 -0.501254 0 0 0 0 0 0
44.180240 -0.700480 0.646718 0.332892 -0.838098 0.432174 0.852493 0.275580 -0.444198 0 0 0 0 0 0
44.511836 -0.475178 0.742354 0.325436 -0.934713 -0.142837 0.841279 0.491659 -0.224770 0 0 0 0 0 0
44.840713 -0.326567 0.952443 0.314954 -0.686886 -0.654974 0.836651 0.538602 0.099618 0 0 0 0 0 0
45.279417 -0.232198 1.140458 0.277245 -0.259905 -0.924978 0.878232 0.385979 0.282363 0 0 0 0 0 0
45.596791 -0.197670 1.259057 0.314421 0.059337 -0.947427 0.912839 -0.154487 0.377967 0 0 0 0 0 0
45.881288 -0.589161 1.536954 0.299703 0.565439 -0.768412 0.858954 -0.140035 0.492532 0 0 0 0 0 0
46.206008 -0.910818 1.538723 0.302068 0.889091 -0.343906 0.865772 -0.370546 0.336355 0 0 0 0 0 0
46.927952 0.841486 1.594634 -0.999885 0.000000 -0.015162 -0.528681 -0.486716 0.695417 0 0 0 0 0 0
39.663647 -0.000001 1.859682 0.000000 1.000000 0.000000 0.000000 0.000000 1.000000 0 0 0 0 0 0
40.067294 -0.000001 1.998859 0.000000 1.000000 0.000000 0.000000 0.000000 1.000000 0 0 0 0 0 0
40.519059 -0.000001 2.582000 0.000000 1.000000 0.000000 0.000000 0.000000 1.000000 0 0 0 0 0 0
40.190706 -0.000001 3.242635 0.000000 1.000000 0.000000 0.000000 0.000000 1.000000 0 0 0 0 0 0
46.589323 -0.346903 4.681792 -0.998125 0.000000 -0.061204 -0.011109 -0.401969 -0.915586 0 0 0 0 0 0
46.492649 -0.957152 4.238383 -0.302068 0.889091 -0.343907 -0.852970 -0.442835 0.276295 0 0 0 0 0 0
45.954206 -1.058146 4.445022 -0.299704 0.565440 -0.768411 -0.860330 -0.440205 0.257005 0 0 0 0 0 0
45.586695 -0.936599 4.568173 -0.314421 0.059340 -0.947427 -0.929862 -0.154548 0.333873 0 0 0 0 0 0
45.123705 -1.114721 4.767045 -0.277245 -0.259908 -0.924977 -0.906761 -0.018134 0.421254 0 0 0 0 0 0
44.949347 -0.647699 4.900548 -0.314953 -0.686887 -0.654974 -0.888905 0.294249 0.351091 0 0 0 0 0 0
44.582538 -0.325171 4.813744 -0.325502 -0.934690 -0.142838 -0.875701 0.415424 0.246109 0 0 0 0 0 0
44.251731 -0.172542 4.612217 -0.332892 -0.838099 0.432173 -0.865773 0.500384 -0.007220 0 0 0 0 0 0
43.919701 -0.145546 4.369906 -0.333921 -0.418538 0.844584 -0.852265 0.438279 -0.285579 0 0 0 0 0 0
43.588308 -0.244954 4.144402 -0.328341 0.156984 0.931423 -0.840823 0.213526 -0.497417 0 0 0 0 0 0
43.258882 -0.458758 3.997430 -0.318816 0.664034 0.676325 -0.836313 -0.111418 -0.536811 0 0 0 0 0 0
42.932008 -0.734585 3.995572 -0.308994 0.931117 0.193765 -0.839683 -0.400849 -0.366405 0 0 0 0 0 0
42.607396 -0.969403 4.163610 -0.302068 0.889091 -0.343907 -0.848901 -0.525570 -0.056063 0 0 0 0 0 0
42.283618 -1.058146 4.445022 -0.299704 0.565440 -0.768411 -0.860330 -0.440205 0.257005 0 0 0 0 0 0
41.916486 -0.939932 4.587825 -0.310467 0.059697 -0.948708 -0.923939 -0.161487 0.346784 0 0 0 0 0 0
41.451256 -1.112578 4.764075 -0.280678 -0.257647 -0.924574 -0.917227 -0.003167 0.398352 0 0 0 0 0 0
41.275889 -0.651082 4.896809 -0.315017 -0.686870 -0.654961 -0.888314 0.296679 0.350542 0 0 0 0 0 0
40.911023 -0.327207 4.809327 -0.325501 -0.934692 -0.142831 -0.875681 0.415456 0.246129 0 0 0 0 0 0
40.580293 -0.174596 4.607800 -0.332892 -0.838099 0.432173 -0.865772 0.500387 -0.007213 0 0 0 0 0 0
40.248285 -0.147603 4.365494 -0.333986 -0.418528 0.844564 -0.852286 0.438236 -0.285583 0 0 0 0 0 0
39.916666 -0.246973 4.139982 -0.328341 0.156983 0.931423 -0.840872 0.213533 -0.497330 0 0 0 0 0 0
39.747203 -0.460743 3.339628 -0.318815 -0.664035 -0.676325 -0.149152 -0.622417 -0.768343 0 0 0 0 0 0
39.244075 -0.560281 1.471822 -0.309056 -0.931097 -0.193761 -0.839709 0.400837 0.366358 0 0 0 0 0 0
38.932498 -0.302152 1.372043 -0.302129 -0.889076 0.343894 -0.795239 0.573626 0.196336 0 0 0 0 0 0
38.629183 -0.234631 1.122787 -0.299643 -0.565449 0.768428 -0.860360 0.440194 -0.256924 0 0 0 0 0 0
38.262190 -0.352887 0.979989 -0.310402 -0.059697 0.948729 -0.923947 0.161496 -0.346758 0 0 0 0 0 0
37.799054 -0.182188 0.799845 -0.280679 0.257647 0.924574 -0.915525 0.001202 -0.402260 0 0 0 0 0 0
37.622525 -0.643774 0.666573 -0.315017 0.686871 0.654960 -0.888315 -0.296682 -0.350536 0 0 0 0 0 0
37.257658 -0.967654 0.754045 -0.325501 0.934691 0.142833 -0.875679 -0.415459 -0.246132 0 0 0 0 0 0
36.926930 -1.120260 0.955582 -0.332892 0.838098 -0.432174 -0.865774 -0.500382 0.007218 0 0 0 0 0 0
36.594901 -1.147258 1.197894 -0.333921 0.418538 -0.844584 -0.852264 -0.438279 0.285582 0 0 0 0 0 0
36.263384 -1.047880 1.423377 -0.328341 -0.156978 -0.931424 -0.840901 -0.213510 0.497292 0 0 0 0 0 0
35.934066 -0.834010 1.570377 -0.318815 -0.664032 -0.676327 -0.836235 0.111480 0.536921 0 0 0 0 0 0
35.607228 -0.558224 1.572225 -0.309055 -0.931097 -0.193761 -0.839708 0.400834 0.366364 0 0 0 0 0 0
35.305465 -0.324984 1.383770 -0.302068 -0.889091 0.343906 -0.841849 0.539375 0.019136 0 0 0 0 0 0
34.979854 -0.234659 1.099977 -0.299703 -0.565439 0.768412 -0.860332 0.440201 -0.257007 0 0 0 0 0 0
34.612342 -0.356207 0.976827 -0.314420 -0.059337 0.947427 -0.929862 0.154550 -0.333873 0 0 0 0 0 0
34.149351 -0.178080 0.777954 -0.277245 0.259905 0.924978 -0.906761 0.018129 -0.421254 0 0 0 0 0 0
34.110845 -0.139894 -0.210755 -0.315016 -0.686872 -0.654959 -0.161195 -0.544946 -0.822831 0 0 0 0 0 0
33.624623 -0.325154 -2.171884 -0.325502 -0.934691 -0.142835 -0.875680 0.415457 0.246128 0 0 0 0 0 0
33.293894 -0.172542 -2.373420 -0.332892 -0.838099 0.432173 -0.865773 0.500385 -0.007217 0 0 0 0 0 0
32.961865 -0.145546 -2.615731 -0.333922 -0.418539 0.844584 -0.852266 0.438277 -0.285581 0 0 0 0 0 0
32.630492 -0.244954 -2.841228 -0.328405 0.156980 0.931401 -0.840847 0.213486 -0.497394 0 0 0 0 0 0
32.300963 -0.458763 -2.988234 -0.318816 0.664034 0.676325 -0.836285 -0.111422 -0.536854 0 0 0 0 0 0
31.974192 -0.734578 -2.990063 -0.309055 0.931097 0.193761 -0.839708 -0.400837 -0.366360 0 0 0 0 0 0
31.649481 -0.969428 -2.822033 -0.302068 0.889091 -0.343907 -0.848875 -0.525612 -0.056070 0 0 0 0 0 0
31.325783 -1.058146 -2.540616 -0.299704 0.565440 -0.768411 -0.860330 -0.440205 0.257005 0 0 0 0 0 0
30.958650 -0.939932 -2.397812 -0.310467 0.059697 -0.948708 -0.923939 -0.161487 0.346784 0 0 0 0 0 0
30.493421 -1.112578 -2.221560 -0.280678 -0.257647 -0.924574 -0.917226 -0.003168 0.398354 0 0 0 0 0 0
30.317910 -0.651109 -2.088829 -0.314954 -0.686886 -0.654974 -0.888367 0.296589 0.350484 0 0 0 0 0 0
29.953107 -0.327218 -2.176320 -0.325437 -0.934713 -0.142836 -0.875685 0.415437 0.246144 0 0 0 0 0 0
29.622524 -0.174607 -2.377870 -0.332892 -0.838099 0.432173 -0.865728 0.500462 -0.007257 0 0 0 0 0 0
29.290450 -0.147604 -2.620144 -0.333987 -0.418529 0.844563 -0.852287 0.438234 -0.285584 0 0 0 0 0 0
28.958831 -0.246973 -2.845656 -0.328341 0.156983 0.931423 -0.840872 0.213533 -0.497330 0 0 0 0 0 0
28.789368 -0.460743 -3.646010 -0.318815 -0.664036 -0.676323 -0.149153 -0.622418 -0.768342 0 0 0 0 0 0
28.286239 -0.560283 -5.513814 -0.309056 -0.931097 -0.193761 -0.839710 0.400839 0.366355 0 0 0 0 0 0
27.941367 -0.321643 -5.661016 -0.302068 -0.889093 0.343900 -0.852065 0.515246 0.092233 0 0 0 0 0 0
27.619763 -0.234660 -5.939971 -0.299702 -0.565437 0.768414 -0.860329 0.440209 -0.257004 0 0 0 0 0 0
27.252625 -0.352873 -6.082757 -0.310467 -0.059696 0.948708 -0.923942 0.161484 -0.346776 0 0 0 0 0 0
26.789465 -0.182181 -6.262931 -0.280678 0.257647 0.924574 -0.915509 0.001204 -0.402296 0 0 0 0 0 0
26.612875 -0.643749 -6.396163 -0.314955 0.686888 0.654972 -0.888368 -0.296588 -0.350481 0 0 0 0 0 0
26.248070 -0.967640 -6.308681 -0.325436 0.934713 0.142841 -0.875685 -0.415444 -0.246136 0 0 0 0 0 0
25.917491 -1.120250 -6.107116 -0.332892 0.838098 -0.432174 -0.865731 -0.500457 0.007262 0 0 0 0 0 0
25.585415 -1.147253 -5.864845 -0.333986 0.418527 -0.844564 -0.852285 -0.438237 0.285583 0 0 0 0 0 0
25.253793 -1.047889 -5.639345 -0.328342 -0.156978 -0.931423 -0.840877 -0.213527 0.497325 0 0 0 0 0 0
24.924436 -0.834043 -5.492362 -0.318815 -0.664030 -0.676329 -0.836309 0.111415 0.536818 0 0 0 0 0 0
24.597707 -0.558193 -5.490524 -0.309055 -0.931096 -0.193767 -0.839631 0.400953 0.366410 0 0 0 0 0 0
24.295979 -0.324989 -5.678968 -0.302129 -0.889076 0.343894 -0.841876 0.539332 0.019111 0 0 0 0 0 0
23.970123 -0.234631 -5.962742 -0.299643 -0.565451 0.768427 -0.860361 0.440193 -0.256922 0 0 0 0 0 0
23.602753 -0.356221 -6.085893 -0.314355 -0.059339 0.947449 -0.929868 0.154560 -0.333850 0 0 0 0 0 0
23.139771 -0.178085 -6.284762 -0.277178 0.259909 0.924997 -0.906762 0.018144 -0.421252 0 0 0 0 0 0
23.101383 -0.139895 -7.273481 -0.315016 -0.686872 -0.654960 -0.161175 -0.544948 -0.822833 0 0 0 0 0 0
22.615118 -0.325155 -9.234625 -0.325502 -0.934691 -0.142831 -0.875682 0.415457 0.246124 0 0 0 0 0 0
22.284387 -0.172542 -9.436152 -0.332892 -0.838099 0.432173 -0.865772 0.500387 -0.007214 0 0 0 0 0 0
21.952382 -0.145550 -9.678469 -0.333984 -0.418525 0.844566 -0.852283 0.438238 -0.285589 0 0 0 0 0 0
21.620760 -0.244920 -9.903971 -0.328341 0.156984 0.931423 -0.840877 0.213528 -0.497325 0 0 0 0 0 0
21.291523 -0.458791 -10.050947 -0.318816 0.664034 0.676325 -0.836234 -0.111479 -0.536923 0 0 0 0 0 0
20.964686 -0.734578 -10.052797 -0.309055 0.931097 0.193761 -0.839708 -0.400837 -0.366360 0 0 0 0 0 0
20.639848 -0.969412 -9.884795 -0.302068 0.889091 -0.343907 -0.848952 -0.525484 -0.056095 0 0 0 0 0 0
20.316117 -1.058151 -9.603345 -0.299643 0.565451 -0.768427 -0.860310 -0.440244 0.257006 0 0 0 0 0 0
19.949080 -0.939917 -9.460566 -0.310467 0.059697 -0.948708 -0.923951 -0.161473 0.346757 0 0 0 0 0 0
19.483907 -1.112534 -9.284282 -0.280744 -0.257642 -0.924556 -0.917175 -0.003104 0.398473 0 0 0 0 0 0
19.308339 -0.651108 -9.151556 -0.315018 -0.686873 -0.654957 -0.888360 0.296605 0.350489 0 0 0 0 0 0
18.943538 -0.327209 -9.239042 -0.325501 -0.934692 -0.142831 -0.875677 0.415457 0.246140 0 0 0 0 0 0
18.612811 -0.174596 -9.440572 -0.332892 -0.838099 0.432173 -0.865772 0.500387 -0.007213 0 0 0 0 0 0
18.280785 -0.147598 -9.682894 -0.333921 -0.418538 0.844584 -0.852264 0.438276 -0.285588 0 0 0 0 0 0
17.949389 -0.247008 -9.908390 -0.328341 0.156983 0.931423 -0.840827 0.213522 -0.497411 0 0 0 0 0 0
17.779737 -0.460739 -10.708743 -0.318814 -0.664033 -0.676327 -0.149185 -0.622412 -0.768340 0 0 0 0 0 0
17.276575 -0.560270 -12.576550 -0.308995 -0.931116 -0.193765 -0.839684 0.400845 0.366408 0 0 0 0 0 0
16.952286 -0.322642 -12.741458 -0.302129 -0.889076 0.343894 -0.846591 0.528484 0.063146 0 0 0 0 0 0
16.628946 -0.234631 -13.021565 -0.299643 -0.565451 0.768427 -0.860361 0.440193 -0.256922 0 0 0 0 0 0
16.261955 -0.352887 -13.164368 -0.310402 -0.059697 0.948729 -0.923945 0.161499 -0.346762 0 0 0 0 0 0
15.798820 -0.182187 -13.344518 -0.280678 0.257647 0.924574 -0.915523 0.001203 -0.402264 0 0 0 0 0 0
15.622288 -0.643776 -13.477812 -0.315014 0.686864 0.654969 -0.888311 -0.296686 -0.350543 0 0 0 0 0 0
15.257438 -0.967647 -13.390245 -0.325502 0.934696 0.142803 -0.875694 -0.415453 -0.246084 0 0 0 0 0 0
14.926679 -1.120260 -13.188790 -0.332896 0.838109 -0.432150 -0.865781 -0.500371 0.007247 0 0 0 0 0 0
14.594667 -1.147251 -12.946444 -0.333929 0.418548 -0.844576 -0.852270 -0.438275 0.285571 0 0 0 0 0 0
14.263142 -1.047876 -12.720975 -0.328329 -0.156979 -0.931428 -0.840893 -0.213527 0.497297 0 0 0 0 0 0
13.933849 -0.834012 -12.573986 -0.318822 -0.664032 -0.676324 -0.836242 0.111478 0.536910 0 0 0 0 0 0
13.606980 -0.558224 -12.572128 -0.309043 -0.931101 -0.193762 -0.839701 0.400842 0.366372 0 0 0 0 0 0
13.282250 -0.323386 -12.740148 -0.302081 -0.889090 0.343899 -0.848918 0.525543 0.056059 0 0 0 0 0 0
12.958493 -0.234654 -13.021584 -0.299686 -0.565443 0.768416 -0.860328 0.440216 -0.256993 0 0 0 0 0 0
12.590993 -0.356207 -13.144718 -0.314401 -0.059338 0.947434 -0.929872 0.154555 -0.333842 0 0 0 0 0 0
12.128032 -0.178088 -13.343606 -0.277243 0.259904 0.924979 -0.906749 0.018123 -0.421282 0 0 0 0 0 0
12.089495 -0.139894 -14.332298 -0.314987 -0.686885 -0.654959 -0.161182 -0.544953 -0.822828 0 0 0 0 0 0
11.603321 -0.325156 -16.293385 -0.325483 -0.934697 -0.142839 -0.875667 0.415456 0.246177 0 0 0 0 0 0
11.272621 -0.172566 -16.494998 -0.332880 -0.838105 0.432170 -0.865793 0.500349 -0.007379 0 0 0 0 0 0
10.940577 -0.145558 -16.737285 -0.333961 -0.418552 0.844562 -0.852291 0.438245 -0.285555 0 0 0 0 0 0
10.609061 -0.244945 -16.962741 -0.328354 0.156986 0.931418 -0.840865 0.213533 -0.497343 0 0 0 0 0 0
10.279684 -0.458761 -17.109744 -0.318803 0.664037 0.676328 -0.836270 -0.111427 -0.536877 0 0 0 0 0 0
9.952890 -0.734594 -17.111653 -0.309035 0.931097 0.193795 -0.839671 -0.400865 -0.366415 0 0 0 0 0 0
9.628193 -0.969412 -16.943544 -0.302087 0.889088 -0.343899 -0.848931 -0.525529 -0.055992 0 0 0 0 0 0
9.304385 -1.058154 -16.662138 -0.299687 0.565446 -0.768413 -0.860334 -0.440213 0.256979 0 0 0 0 0 0
8.937280 -0.939923 -16.519423 -0.310471 0.059701 -0.948706 -0.923970 -0.161465 0.346711 0 0 0 0 0 0
8.472135 -1.112564 -16.343080 -0.280698 -0.257646 -0.924569 -0.917161 -0.003174 0.398505 0 0 0 0 0 0
8.296614 -0.651111 -16.210319 -0.314974 -0.686852 -0.655000 -0.888351 0.296671 0.350454 0 0 0 0 0 0
7.931844 -0.327192 -16.297927 -0.325482 -0.934697 -0.142839 -0.875707 0.415441 0.246062 0 0 0 0 0 0
7.601094 -0.174598 -16.499424 -0.332886 -0.838103 0.432169 -0.865770 0.500390 -0.007199 0 0 0 0 0 0
7.269084 -0.147603 -16.741768 -0.333941 -0.418526 0.844582 -0.852258 0.438276 -0.285606 0 0 0 0 0 0
6.937559 -0.246987 -16.967250 -0.328339 0.156975 0.931425 -0.840872 0.213496 -0.497347 0 0 0 0 0 0
6.767981 -0.460757 -17.767562 -0.318803 -0.664039 -0.676326 -0.149161 -0.622417 -0.768341 0 0 0 0 0 0
6.264915 -0.560285 -19.635447 -0.309046 -0.931107 -0.193730 -0.839698 0.400875 0.366343 0 0 0 0 0 0
5.940140 -0.325442 -19.803384 -0.302081 -0.889090 0.343899 -0.848909 0.525555 0.056080 0 0 0 0 0 0
5.616396 -0.236707 -20.084830 -0.299687 -0.565446 0.768413 -0.860330 0.440214 -0.256988 0 0 0 0 0 0
5.248901 -0.358261 -20.207974 -0.314403 -0.059338 0.947433 -0.929869 0.154557 -0.333850 0 0 0 0 0 0
4.785928 -0.180147 -20.406812 -0.277245 0.259906 0.924978 -0.906768 0.018100 -0.421241 0 0 0 0 0 0
4.611595 -0.647167 -20.540328 -0.314988 0.686883 0.654961 -0.888895 -0.294239 -0.351125 0 0 0 0 0 0
4.244736 -0.969701 -20.453578 -0.325482 0.934697 0.142839 -0.875667 -0.415454 -0.246181 0 0 0 0 0 0
3.914016 -1.122320 -20.252058 -0.332885 0.838104 -0.432168 -0.865768 -0.500394 0.007197 0 0 0 0 0 0
3.581995 -1.149314 -20.009716 -0.333940 0.418529 -0.844581 -0.852266 -0.438266 0.285597 0 0 0 0 0 0
3.250489 -1.049918 -19.784231 -0.328361 -0.156987 -0.931415 -0.840866 -0.213508 0.497351 0 0 0 0 0 0
2.921092 -0.836098 -19.637218 -0.318803 -0.664039 -0.676326 -0.836266 0.111425 0.536884 0 0 0 0 0 0
2.594327 -0.560285 -19.635447 -0.309046 -0.931107 -0.193730 -0.839698 0.400875 0.366343 0 0 0 0 0 0
2.269552 -0.325442 -19.803384 -0.302081 -0.889090 0.343899 -0.848909 0.525555 0.056080 0 0 0 0 0 0
1.945808 -0.236707 -20.084830 -0.299687 -0.565446 0.768413 -0.860330 0.440214 -0.256988 0 0 0 0 0 0
1.578711 -0.354926 -20.227667 -0.310452 -0.059696 0.948713 -0.923931 0.161504 -0.346798 0 0 0 0 0 0
1.115541 -0.184250 -20.407756 -0.280701 0.257645 0.924568 -0.915543 0.001147 -0.402219 0 0 0 0 0 0
1.088950 -0.139160 -21.536281 -0.314976 -0.686852 -0.655000 -0.158142 -0.531857 -0.831937 0 0 0 0 0 0
0.590662 -0.327193 -23.497926 -0.325482 -0.934697 -0.142839 -0.875709 0.415437 0.246062 0 0 0 0 0 0
0.259919 -0.174597 -23.699426 -0.332885 -0.838104 0.432169 -0.865767 0.500395 -0.007200 0 0 0 0 0 0
-0.072095 -0.147603 -23.941765 -0.333941 -0.418526 0.844582 -0.852262 0.438271 -0.285600 0 0 0 0 0 0
-0.403617 -0.246989 -24.167251 -0.328337 0.156975 0.931426 -0.840867 0.213498 -0.497355 0 0 0 0 0 0
-0.732989 -0.460850 -24.314258 -0.318804 0.664037 0.676327 -0.836266 -0.111377 -0.536893 0 0 0 0 0 0
-1.059773 -0.736629 -24.316034 -0.309043 0.931108 0.193729 -0.839695 -0.400875 -0.366349 0 0 0 0 0 0
-1.384538 -0.971472 -24.148098 -0.302082 0.889090 -0.343898 -0.848907 -0.525558 -0.056079 0 0 0 0 0 0
-1.708292 -1.060199 -23.866653 -0.299688 0.565444 -0.768415 -0.860335 -0.440206 0.256986 0 0 0 0 0 0
-2.075787 -0.938647 -23.743509 -0.314403 0.059333 -0.947433 -0.929867 -0.154568 0.333851 0 0 0 0 0 0
-2.538738 -1.116783 -23.544544 -0.277245 -0.259905 -0.924978 -0.906718 -0.018165 0.421346 0 0 0 0 0 0
-2.713099 -0.649754 -23.411010 -0.314974 -0.686852 -0.655000 -0.888898 0.294324 0.351047 0 0 0 0 0 0
-3.079921 -0.327192 -23.497927 -0.325482 -0.934697 -0.142839 -0.875707 0.415441 0.246062 0 0 0 0 0 0
-3.410671 -0.174598 -23.699424 -0.332886 -0.838103 0.432169 -0.865770 0.500390 -0.007199 0 0 0 0 0 0
-3.742681 -0.147603 -23.941768 -0.333941 -0.418526 0.844582 -0.852258 0.438276 -0.285606 0 0 0 0 0 0
-4.085339 -0.242632 -24.170740 -0.328361 0.156986 0.931415 -0.845669 0.216692 -0.487739 0 0 0 0 0 0
-4.257354 -0.458682 -24.973642 -0.318804 -0.664036 -0.676328 -0.149163 -0.622422 -0.768337 0 0 0 0 0 0
-4.760404 -0.558226 -26.841520 -0.309045 -0.931107 -0.193729 -0.839688 0.400885 0.366353 0 0 0 0 0 0
-5.085175 -0.323390 -27.009455 -0.302087 -0.889088 0.343898 -0.848912 0.525551 0.056078 0 0 0 0 0 0
-5.408944 -0.234651 -27.290899 -0.299681 -0.565447 0.768415 -0.860333 0.440213 -0.256980 0 0 0 0 0 0
-5.776409 -0.356212 -27.414046 -0.314410 -0.059338 0.947431 -0.929866 0.154555 -0.333859 0 0 0 0 0 0
-6.239395 -0.178071 -27.613014 -0.277220 0.259889 0.924990 -0.906724 0.018136 -0.421334 0 0 0 0 0 0
-6.413701 -0.645144 -27.746389 -0.314994 0.686882 0.654959 -0.888929 -0.294283 -0.351002 0 0 0 0 0 0
-6.780601 -0.967652 -27.659652 -0.325481 0.934697 0.142839 -0.875670 -0.415448 -0.246181 0 0 0 0 0 0
-7.111303 -1.120260 -27.458125 -0.332886 0.838103 -0.432169 -0.865766 -0.500398 0.007205 0 0 0 0 0 0
-7.443323 -1.147254 -27.215789 -0.333941 0.418526 -0.844583 -0.852265 -0.438269 0.285596 0 0 0 0 0 0
-7.774832 -1.047872 -26.990301 -0.328361 -0.156980 -0.931416 -0.840866 -0.213507 0.497352 0 0 0 0 0 0
-8.104236 -0.834044 -26.843290 -0.318804 -0.664036 -0.676328 -0.836275 0.111421 0.536870 0 0 0 0 0 0
-8.430993 -0.558226 -26.841520 -0.309045 -0.931107 -0.193729 -0.839688 0.400885 0.366353 0 0 0 0 0 0
-8.755763 -0.323390 -27.009455 -0.302087 -0.889088 0.343898 -0.848912 0.525551 0.056078 0 0 0 0 0 0
-9.079532 -0.234651 -27.290899 -0.299681 -0.565447 0.768415 -0.860333 0.440213 -0.256980 0 0 0 0 0 0
-9.446599 -0.352877 -27.433738 -0.310457 -0.059695 0.948711 -0.923928 0.161502 -0.346806 0 0 0 0 0 0
-9.909774 -0.182180 -27.613955 -0.280698 0.257645 0.924569 -0.915498 0.001223 -0.402320 0 0 0 0 0 0
-10.086361 -0.643746 -27.747091 -0.314994 0.686882 0.654959 -0.888376 -0.296686 -0.350379 0 0 0 0 0 0
-10.451190 -0.967652 -27.659652 -0.325481 0.934697 0.142839 -0.875670 -0.415448 -0.246181 0 0 0 0 0 0
-10.781892 -1.120260 -27.458125 -0.332886 0.838103 -0.432169 -0.865766 -0.500398 0.007205 0 0 0 0 0 0
-11.113912 -1.147254 -27.215789 -0.333941 0.418526 -0.844583 -0.852265 -0.438269 0.285596 0 0 0 0 0 0
-11.445420 -1.047872 -26.990301 -0.328361 -0.156980 -0.931416 -0.840866 -0.213507 0.497352 0 0 0 0 0 0
-11.774824 -0.834044 -26.843290 -0.318804 -0.664036 -0.676328 -0.836275 0.111421 0.536870 0 0 0 0 0 0
-12.101581 -0.558226 -26.841520 -0.309045 -0.931107 -0.193729 -0.839688 0.400885 0.366353 0 0 0 0 0 0
-13.241151 -0.923502 -26.492153 0.429916 0.000000 0.902869 -0.175242 0.612957 0.770438 0 0 0 0 0 0
-11.399565 0.000000 -21.686118 0.000000 1.000000 0.000000 0.000000 0.000000 1.000000 0 0 0 0 0 0
-11.803176 0.000000 -21.546941 0.000000 1.000000 0.000000 0.000000 0.000000 1.000000 0 0 0 0 0 0
-12.254941 0.000000 -20.963765 0.000000 1.000000 0.000000 0.000000 0.000000 1.000000 0 0 0 0 0 0
-11.926588 0.000000 -20.303176 0.000000 1.000000 0.000000 0.000000 0.000000 1.000000 0 0 0 0 0 0
-13.334559 0.384797 -23.033015 0.471159 0.000000 0.882048 0.338240 -0.223657 -0.914096 0 0 0 0 0 0
-12.365306 -0.166773 -24.161886 0.309045 -0.931107 -0.193729 0.862045 0.434396 0.261108 0 0 0 0 0 0
-11.814305 -0.067505 -23.936223 0.318803 -0.664037 -0.676328 0.877078 0.430171 0.213746 0 0 0 0 0 0
-11.484930 -0.152520 -23.681264 0.328361 -0.156986 -0.931415 0.874389 0.254621 0.413051 0 0 0 0 0 0
-11.153213 -0.350984 -23.523715 0.333941 0.418526 -0.844583 0.865282 0.002655 0.501279 0 0 0 0 0 0
-10.820562 -0.592350 -23.492635 0.332886 0.838103 -0.432169 0.852467 -0.275588 0.444243 0 0 0 0 0 0
-10.488945 -0.817605 -23.588255 0.325483 0.934697 0.142839 0.841304 -0.491641 0.224713 0 0 0 0 0 0
-10.159974 -0.966257 -23.798349 0.314987 0.686885 0.654959 0.836664 -0.538574 -0.099656 0 0 0 0 0 0
-9.720063 -1.049825 -23.969230 0.280705 0.257641 0.924568 0.884426 -0.377733 -0.274060 0 0 0 0 0 0
-9.400464 -1.101043 -24.103303 0.310450 -0.059697 0.948713 0.908018 0.135200 -0.396515 0 0 0 0 0 0
-9.122120 -0.700221 -24.382371 0.299687 -0.565446 0.768413 0.859445 0.134661 -0.493174 0 0 0 0 0 0
-8.794715 -0.381988 -24.384626 0.302081 -0.889089 0.343900 0.865757 0.370590 -0.336345 0 0 0 0 0 0
-8.470367 -0.148392 -24.207716 0.309045 -0.931107 -0.193729 0.873681 0.482808 -0.059808 0 0 0 0 0 0
-8.143716 -0.067505 -23.936223 0.318803 -0.664037 -0.676328 0.877078 0.430171 0.213746 0 0 0 0 0 0
-7.814341 -0.152520 -23.681264 0.328361 -0.156986 -0.931415 0.874389 0.254621 0.413051 0 0 0 0 0 0
-7.482625 -0.350984 -23.523715 0.333941 0.418526 -0.844583 0.865282 0.002655 0.501279 0 0 0 0 0 0
-7.315610 0.133957 -22.204427 0.332886 -0.838103 0.432169 0.162068 -0.618120 0.769195 0 0 0 0 0 0
-6.834846 -0.475194 -20.375369 0.325481 -0.934697 -0.142839 0.841303 0.491643 -0.224714 0 0 0 0 0 0
-6.505890 -0.326554 -20.165270 0.314994 -0.686882 -0.654959 0.836663 0.538574 0.099665 0 0 0 0 0 0
-6.067134 -0.232183 -19.977199 0.277220 -0.259889 -0.924990 0.878219 0.386029 0.282336 0 0 0 0 0 0
-5.749802 -0.197671 -19.858657 0.314410 0.059338 -0.947431 0.912853 -0.154517 0.377920 0 0 0 0 0 0
-5.465272 -0.589150 -19.580750 0.299681 0.565447 -0.768415 0.858968 -0.139995 0.492519 0 0 0 0 0 0
-5.140639 -0.910818 -19.579001 0.302087 0.889088 -0.343898 0.865754 -0.370596 0.336346 0 0 0 0 0 0
-4.816262 -1.144412 -19.755904 0.309045 0.931107 0.193729 0.873686 -0.482799 0.059811 0 0 0 0 0 0
-4.489630 -1.225299 -20.027403 0.318804 0.664036 0.676328 0.877071 -0.430181 -0.213755 0 0 0 0 0 0
-4.160245 -1.140281 -20.282355 0.328361 0.156980 0.931416 0.874395 -0.254624 -0.413038 0 0 0 0 0 0
-3.815998 -0.945932 -20.432817 0.333940 -0.418529 0.844581 0.873321 -0.005551 -0.487113 0 0 0 0 0 0
-3.482322 -0.702510 -20.464918 0.332885 -0.838104 0.432168 0.852466 0.275590 -0.444243 0 0 0 0 0 0
-3.150694 -0.477250 -20.369301 0.325482 -0.934697 -0.142839 0.841310 0.491631 -0.224712 0 0 0 0 0 0
-2.821732 -0.328608 -20.159200 0.314988 -0.686883 -0.654961 0.836661 0.538577 0.099665 0 0 0 0 0 0
-2.383005 -0.234237 -19.971133 0.277245 -0.259906 -0.924978 0.878233 0.385979 0.282360 0 0 0 0 0 0
-2.065629 -0.199726 -19.852580 0.314403 0.059338 -0.947433 0.912858 -0.154508 0.377913 0 0 0 0 0 0
-1.781140 -0.591206 -19.574682 0.299687 0.565446 -0.768413 0.858965 -0.140000 0.492523 0 0 0 0 0 0
-1.534195 0.685212 -18.773112 0.302082 -0.889090 0.343898 0.203439 -0.522137 0.828243 0 0 0 0 0 0
-1.115629 -0.150446 -17.001647 0.309043 -0.931108 -0.193729 0.873683 0.482805 -0.059810 0 0 0 0 0 0
-0.788990 -0.069558 -16.730152 0.318804 -0.664037 -0.676327 0.877075 0.430175 0.213751 0 0 0 0 0 0
-0.459622 -0.154560 -16.475079 0.328337 -0.156975 -0.931426 0.874354 0.254654 0.413105 0 0 0 0 0 0
-0.127892 -0.353051 -16.317642 0.333941 0.418526 -0.844582 0.865335 0.002595 0.501187 0 0 0 0 0 0
0.204762 -0.594404 -16.286565 0.332885 0.838104 -0.432169 0.852465 -0.275591 0.444245 0 0 0 0 0 0
0.536381 -0.819664 -16.382183 0.325482 0.934697 0.142839 0.841306 -0.491638 0.224714 0 0 0 0 0 0
0.865344 -0.968305 -16.592295 0.314976 0.686852 0.655000 0.836627 -0.538648 -0.099569 0 0 0 0 0 0
1.305301 -1.051909 -16.763006 0.280699 0.257646 0.924568 0.884453 -0.377713 -0.274000 0 0 0 0 0 0
1.624822 -1.103111 -16.897217 0.310451 -0.059690 0.948714 0.907977 0.135159 -0.396624 0 0 0 0 0 0
1.903196 -0.702271 -17.176300 0.299688 -0.565444 0.768415 0.859447 0.134663 -0.493171 0 0 0 0 0 0
2.230602 -0.384039 -17.178554 0.302080 -0.889090 0.343899 0.865756 0.370587 -0.336351 0 0 0 0 0 0
2.554950 -0.150446 -17.001646 0.309045 -0.931107 -0.193729 0.873682 0.482808 -0.059808 0 0 0 0 0 0
2.881602 -0.069558 -16.730153 0.318803 -0.664037 -0.676328 0.877077 0.430172 0.213747 0 0 0 0 0 0
3.210960 -0.154561 -16.475078 0.328339 -0.156975 -0.931425 0.874352 0.254654 0.413111 0 0 0 0 0 0
3.542702 -0.353048 -16.317642 0.333941 0.418526 -0.844582 0.865340 0.002598 0.501179 0 0 0 0 0 0
3.725702 0.135919 -15.133780 0.332881 -0.838094 0.432191 0.164396 -0.628447 0.760282 0 0 0 0 0 0
4.190472 -0.477237 -13.310427 0.325481 -0.934695 -0.142853 0.841306 0.491622 -0.224748 0 0 0 0 0 0
4.519451 -0.328606 -13.100381 0.314988 -0.686883 -0.654961 0.836660 0.538580 0.099656 0 0 0 0 0 0
4.958177 -0.234238 -12.912333 0.277249 -0.259909 -0.924976 0.878240 0.385974 0.282347 0 0 0 0 0 0
5.275542 -0.199721 -12.793733 0.314399 0.059337 -0.947435 0.912843 -0.154487 0.377957 0 0 0 0 0 0
5.560036 -0.591210 -12.515844 0.299684 0.565440 -0.768419 0.858973 -0.140018 0.492505 0 0 0 0 0 0
5.884698 -0.912880 -12.514095 0.302081 0.889090 -0.343899 0.865757 -0.370576 0.336361 0 0 0 0 0 0
6.209046 -1.146460 -12.691017 0.309044 0.931101 0.193762 0.873674 -0.482814 0.059868 0 0 0 0 0 0
6.535701 -1.227362 -12.962483 0.318801 0.664036 0.676330 0.877073 -0.430157 -0.213794 0 0 0 0 0 0
6.865075 -1.142341 -13.217478 0.328356 0.156985 0.931417 0.874389 -0.254619 -0.413053 0 0 0 0 0 0
7.196789 -0.943871 -13.375015 0.333940 -0.418529 0.844581 0.865286 -0.002656 -0.501272 0 0 0 0 0 0
7.529446 -0.702515 -13.406097 0.332881 -0.838094 0.432191 0.852479 0.275622 -0.444199 0 0 0 0 0 0
7.861061 -0.477237 -13.310427 0.325481 -0.934695 -0.142853 0.841306 0.491622 -0.224748 0 0 0 0 0 0
8.190039 -0.328606 -13.100381 0.314988 -0.686883 -0.654961 0.836660 0.538580 0.099656 0 0 0 0 0 0
8.629966 -0.245024 -12.929540 0.280704 -0.257650 -0.924566 0.884436 0.377731 0.274028 0 0 0 0 0 0
8.950198 -0.191270 -12.791332 0.310454 0.059696 -0.948712 0.907596 -0.129158 0.399484 0 0 0 0 0 0
9.228806 -0.592578 -12.511925 0.299686 0.565443 -0.768416 0.859451 -0.134689 0.493156 0 0 0 0 0 0
9.478483 0.687261 -11.709831 0.302086 -0.889086 0.343905 0.203439 -0.522132 0.828246 0 0 0 0 0 0
9.897061 -0.148390 -9.938330 0.309037 -0.931103 -0.193762 0.873678 0.482808 -0.059864 0 0 0 0 0 0
10.223691 -0.067505 -9.666870 0.318803 -0.664037 -0.676328 0.877075 0.430151 0.213799 0 0 0 0 0 0
10.553084 -0.152517 -9.411871 0.328348 -0.156983 -0.931420 0.874388 0.254633 0.413046 0 0 0 0 0 0
10.884791 -0.350990 -9.254375 0.333945 0.418531 -0.844578 0.865302 0.002641 0.501243 0 0 0 0 0 0
11.217458 -0.592339 -9.223289 0.332879 0.838103 -0.432176 0.852469 -0.275609 0.444226 0 0 0 0 0 0
11.549062 -0.817609 -9.318910 0.325483 0.934698 0.142832 0.841305 -0.491633 0.224727 0 0 0 0 0 0
11.878031 -0.966259 -9.528998 0.314985 0.686879 0.654967 0.836646 -0.538609 -0.099618 0 0 0 0 0 0
12.316761 -1.060626 -9.717023 0.277243 0.259906 0.924978 0.878238 -0.385976 -0.282348 0 0 0 0 0 0
12.634120 -1.095134 -9.835612 0.314408 -0.059340 0.947432 0.912848 0.154494 -0.377943 0 0 0 0 0 0
12.918629 -0.703652 -10.113505 0.299686 -0.565443 0.768416 0.858969 0.140017 -0.492512 0 0 0 0 0 0
13.243283 -0.381982 -10.115267 0.302086 -0.889086 0.343905 0.865756 0.370582 -0.336356 0 0 0 0 0 0
13.567649 -0.148390 -9.938330 0.309037 -0.931103 -0.193762 0.873678 0.482808 -0.059864 0 0 0 0 0 0
13.894270 -0.067508 -9.666872 0.318835 -0.664029 -0.676320 0.877082 0.430135 0.213801 0 0 0 0 0 0
14.223717 -0.152509 -9.411860 0.328335 -0.156984 -0.931425 0.874375 0.254650 0.413065 0 0 0 0 0 0
14.555301 -0.351000 -9.254378 0.333984 0.418525 -0.844566 0.865291 0.002610 0.501264 0 0 0 0 0 0
14.738410 0.137976 -8.070489 0.332892 -0.838098 0.432174 0.164406 -0.628452 0.760275 0 0 0 0 0 0
15.203157 -0.475186 -6.247195 0.325500 -0.934691 -0.142838 0.841301 0.491636 -0.224736 0 0 0 0 0 0
15.532118 -0.326547 -6.037109 0.315017 -0.686870 -0.654961 0.836648 0.538601 0.099646 0 0 0 0 0 0
15.972083 -0.242955 -5.866289 0.280678 -0.257647 -0.924574 0.884420 0.377768 0.274031 0 0 0 0 0 0
16.291652 -0.191738 -5.732182 0.310402 0.059697 -0.948729 0.908036 -0.135145 0.396492 0 0 0 0 0 0
16.569959 -0.592585 -5.453117 0.299643 0.565451 -0.768427 0.859442 -0.134689 0.493171 0 0 0 0 0 0
16.897263 -0.910825 -5.450872 0.302129 0.889076 -0.343894 0.865745 -0.370623 0.336340 0 0 0 0 0 0
17.220105 -1.145489 -5.631029 0.308995 0.931116 0.193765 0.873468 -0.483892 0.053877 0 0 0 0 0 0
17.547352 -1.227344 -5.903676 0.318814 0.664033 0.676327 0.877046 -0.430187 -0.213843 0 0 0 0 0 0
17.876891 -1.142355 -6.158640 0.328343 0.156986 0.931421 0.874428 -0.254609 -0.412977 0 0 0 0 0 0
18.208551 -0.943858 -6.316153 0.333921 -0.418541 0.844583 0.865275 -0.002650 -0.501291 0 0 0 0 0 0
18.541258 -0.702543 -6.347233 0.332826 -0.838120 0.432183 0.852498 0.275558 -0.444201 0 0 0 0 0 0
18.872833 -0.477256 -6.251603 0.325437 -0.934712 -0.142841 0.841304 0.491622 -0.224756 0 0 0 0 0 0
19.201798 -0.328620 -6.041539 0.314955 -0.686888 -0.654972 0.836653 0.538598 0.099620 0 0 0 0 0 0
19.641740 -0.245032 -5.870725 0.280678 -0.257646 -0.924575 0.884437 0.377737 0.274017 0 0 0 0 0 0
19.962006 -0.191267 -5.732515 0.310402 0.059697 -0.948729 0.907601 -0.129162 0.399471 0 0 0 0 0 0
20.240548 -0.592585 -5.453117 0.299643 0.565451 -0.768427 0.859442 -0.134689 0.493171 0 0 0 0 0 0
20.490189 0.687271 -4.651007 0.302068 -0.889091 0.343907 0.203424 -0.522130 0.828250 0 0 0 0 0 0
20.908781 -0.148400 -2.879507 0.309055 -0.931097 -0.193761 0.873696 0.482776 -0.059859 0 0 0 0 0 0
21.235512 -0.067500 -2.608059 0.318816 -0.664034 -0.676325 0.877098 0.430118 0.213770 0 0 0 0 0 0
21.564860 -0.152520 -2.353031 0.328341 -0.156984 -0.931423 0.874356 0.254652 0.413102 0 0 0 0 0 0
21.896484 -0.350998 -2.195561 0.333985 0.418526 -0.844565 0.865297 0.002613 0.501253 0 0 0 0 0 0
22.229274 -0.592327 -2.164452 0.332892 0.838099 -0.432172 0.852492 -0.275573 0.444204 0 0 0 0 0 0
22.560852 -0.817612 -2.260083 0.325502 0.934691 0.142833 0.841306 -0.491634 0.224724 0 0 0 0 0 0
22.889812 -0.966264 -2.470174 0.315017 0.686873 0.654958 0.836644 -0.538608 -0.099641 0 0 0 0 0 0
23.328531 -1.060632 -2.658221 0.277243 0.259906 0.924979 0.878209 -0.386013 -0.282389 0 0 0 0 0 0
23.645825 -1.095129 -2.776790 0.314421 -0.059340 0.947427 0.912842 0.154498 -0.377954 0 0 0 0 0 0
23.930466 -0.703674 -3.054684 0.299643 -0.565451 0.768427 0.859011 0.139958 -0.492454 0 0 0 0 0 0
24.254978 -0.381972 -3.056425 0.302068 -0.889091 0.343907 0.865723 0.370637 -0.336380 0 0 0 0 0 0
24.554760 -0.139763 -2.889382 0.309055 -0.931097 -0.193761 0.853231 0.514131 -0.087561 0 0 0 0 0 0
24.875908 -0.067495 -2.628638 0.318753 -0.664049 -0.676340 0.877083 0.430151 0.213767 0 0 0 0 0 0
25.205155 -0.152536 -2.373633 0.328341 -0.156984 -0.931423 0.874378 0.254631 0.413070 0 0 0 0 0 0
25.536861 -0.350998 -2.216146 0.333985 0.418526 -0.844565 0.865297 0.002613 0.501252 0 0 0 0 0 0
25.723197 0.136742 -0.990879 0.332892 -0.838098 0.432174 0.166124 -0.624931 0.762800 0 0 0 0 0 0
26.193906 -0.475178 0.834421 0.325436 -0.934713 -0.142837 0.841279 0.491659 -0.224769 0 0 0 0 0 0
26.522784 -0.326567 1.044510 0.314954 -0.686886 -0.654974 0.836651 0.538602 0.099617 0 0 0 0 0 0
26.962729 -0.242977 1.215316 0.280679 -0.257647 -0.924574 0.884439 0.377734 0.274017 0 0 0 0 0 0
27.282232 -0.191781 1.349459 0.310467 0.059696 -0.948708 0.907973 -0.135203 0.396617 0 0 0 0 0 0
27.560614 -0.592584 1.628527 0.299703 0.565438 -0.768413 0.859437 -0.134712 0.493174 0 0 0 0 0 0
27.888076 -0.910819 1.630782 0.302068 0.889093 -0.343900 0.865775 -0.370542 0.336352 0 0 0 0 0 0
28.224716 -1.138790 1.440043 0.309056 0.931097 0.193761 0.885372 -0.463973 0.029088 0 0 0 0 0 0
28.557066 -1.227365 1.159091 0.318815 0.664035 0.676325 0.877093 -0.430129 -0.213769 0 0 0 0 0 0
28.886412 -1.142340 0.904063 0.328341 0.156985 0.931423 0.874359 -0.254646 -0.413101 0 0 0 0 0 0
29.218036 -0.943859 0.746592 0.333986 -0.418531 0.844562 0.865295 -0.002625 -0.501257 0 0 0 0 0 0
29.550829 -0.702537 0.715481 0.332891 -0.838099 0.432173 0.852493 0.275582 -0.444197 0 0 0 0 0 0
29.882403 -0.477239 0.811117 0.325501 -0.934691 -0.142834 0.841303 0.491636 -0.224729 0 0 0 0 0 0
30.211365 -0.328601 1.021205 0.315017 -0.686871 -0.654960 0.836649 0.538600 0.099643 0 0 0 0 0 0
30.651328 -0.245009 1.192026 0.280679 -0.257647 -0.924574 0.884420 0.377766 0.274034 0 0 0 0 0 0
30.971492 -0.191267 1.330211 0.310468 0.059696 -0.948708 0.907610 -0.129145 0.399458 0 0 0 0 0 0
31.250120 -0.592583 1.609637 0.299703 0.565439 -0.768412 0.859437 -0.134710 0.493175 0 0 0 0 0 0
31.499880 0.687250 2.411720 0.302068 -0.889091 0.343907 0.203455 -0.522138 0.828238 0 0 0 0 0 0
31.918299 -0.148380 4.183253 0.309055 -0.931097 -0.193761 0.873627 0.482903 -0.059837 0 0 0 0 0 0
32.245018 -0.067500 4.454675 0.318816 -0.664034 -0.676325 0.877098 0.430118 0.213770 0 0 0 0 0 0
32.574346 -0.152522 4.709696 0.328405 -0.156980 -0.931401 0.874372 0.254620 0.413089 0 0 0 0 0 0
32.906215 -0.350968 4.867198 0.333921 0.418538 -0.844584 0.865321 0.002685 0.501211 0 0 0 0 0 0
33.238716 -0.592344 4.898259 0.332892 0.838099 -0.432173 0.852448 -0.275656 0.444237 0 0 0 0 0 0
33.570357 -0.817612 4.802650 0.325502 0.934691 0.142831 0.841307 -0.491634 0.224719 0 0 0 0 0 0
33.899318 -0.966264 4.592558 0.315016 0.686872 0.654960 0.836642 -0.538612 -0.099635 0 0 0 0 0 0
34.338156 -1.060646 4.404563 0.277245 0.259908 0.924977 0.878273 -0.385948 -0.282277 0 0 0 0 0 0
34.655471 -1.095130 4.285945 0.314421 -0.059340 0.947427 0.912839 0.154492 -0.377965 0 0 0 0 0 0
34.939972 -0.703646 4.008048 0.299704 -0.565440 0.768411 0.858954 0.140035 -0.492532 0 0 0 0 0 0
35.264691 -0.381988 4.006279 0.302068 -0.889091 0.343907 0.865772 0.370547 -0.336352 0 0 0 0 0 0
35.564275 -0.139743 4.173378 0.309055 -0.931097 -0.193761 0.853150 0.514267 -0.087545 0 0 0 0 0 0
35.885395 -0.067500 4.434092 0.318816 -0.664034 -0.676325 0.877098 0.430118 0.213770 0 0 0 0 0 0
36.214722 -0.152522 4.689112 0.328405 -0.156980 -0.931401 0.874372 0.254620 0.413089 0 0 0 0 0 0
36.546591 -0.350968 4.846614 0.333921 0.418538 -0.844584 0.865321 0.002685 0.501211 0 0 0 0 0 0
36.732660 0.136749 6.071859 0.332892 -0.838098 0.432174 0.166104 -0.624933 0.762803 0 0 0 0 0 0
37.203392 -0.475186 7.897162 0.325500 -0.934691 -0.142838 0.841301 0.491636 -0.224736 0 0 0 0 0 0
37.532353 -0.326547 8.107249 0.315017 -0.686870 -0.654961 0.836648 0.538601 0.099646 0 0 0 0 0 0
37.972318 -0.242955 8.278069 0.280678 -0.257647 -0.924574 0.884420 0.377768 0.274031 0 0 0 0 0 0
38.291888 -0.191738 8.412175 0.310402 0.059697 -0.948729 0.908036 -0.135145 0.396492 0 0 0 0 0 0
38.570195 -0.592585 8.691241 0.299643 0.565451 -0.768427 0.859442 -0.134689 0.493171 0 0 0 0 0 0
38.897499 -0.910825 8.693485 0.302129 0.889076 -0.343894 0.865745 -0.370623 0.336340 0 0 0 0 0 0
39.575688 0.866797 8.759000 -0.980938 0.000000 -0.194319 -0.713755 -0.579556 0.393279 0 0 0 0 0 0
33.473294 -0.000001 7.803024 0.000000 1.000000 0.000000 0.000000 0.000000 1.000000 0 0 0 0 0 0
33.876824 -0.000001 7.942200 0.000000 1.000000 0.000000 0.000000 0.000000 1.000000 0 0 0 0 0 0
34.328706 -0.000001 8.525341 0.000000 1.000000 0.000000 0.000000 0.000000 1.000000 0 0 0 0 0 0
34.000353 -0.000001 9.185976 0.000000 1.000000 0.000000 0.000000 0.000000 1.000000 0 0 0 0 0 0
39.116105 -0.385540 11.601282 -0.969941 0.000000 -0.243339 0.019582 -0.482890 -0.875462 0 0 0 0 0 0
39.175190 -0.957152 11.349808 -0.302068 0.889091 -0.343907 -0.852970 -0.442835 0.276295 0 0 0 0 0 0
38.636748 -1.058146 11.556448 -0.299704 0.565440 -0.768411 -0.860330 -0.440205 0.257005 0 0 0 0 0 0
38.269615 -0.939932 11.699251 -0.310467 0.059697 -0.948708 -0.923939 -0.161487 0.346784 0 0 0 0 0 0
37.806471 -1.110623 11.879403 -0.280745 -0.257638 -0.924557 -0.915523 -0.001180 0.402264 0 0 0 0 0 0
37.629797 -0.649049 12.012674 -0.315016 -0.686872 -0.654960 -0.888356 0.296597 0.350504 0 0 0 0 0 0
37.265000 -0.325155 11.925173 -0.325502 -0.934691 -0.142831 -0.875682 0.415457 0.246124 0 0 0 0 0 0
36.934269 -0.172542 11.723645 -0.332892 -0.838099 0.432173 -0.865772 0.500387 -0.007214 0 0 0 0 0 0
36.602242 -0.145546 11.481332 -0.333921 -0.418538 0.844584 -0.852265 0.438279 -0.285579 0 0 0 0 0 0
36.270869 -0.244954 11.255836 -0.328405 0.156980 0.931401 -0.840847 0.213485 -0.497394 0 0 0 0 0 0
35.941340 -0.458763 11.108830 -0.318816 0.664034 0.676325 -0.836285 -0.111422 -0.536854 0 0 0 0 0 0
35.614568 -0.734578 11.107001 -0.309055 0.931097 0.193761 -0.839708 -0.400837 -0.366360 0 0 0 0 0 0
35.320837 -0.969188 11.295659 -0.302068 0.889091 -0.343907 -0.835775 -0.548694 -0.020352 0 0 0 0 0 0
34.996371 -1.058146 11.577032 -0.299704 0.565440 -0.768411 -0.860330 -0.440205 0.257005 0 0 0 0 0 0
34.628860 -0.936599 11.700183 -0.314421 0.059340 -0.947427 -0.929862 -0.154548 0.333873 0 0 0 0 0 0
34.165870 -1.114721 11.899054 -0.277245 -0.259908 -0.924977 -0.906761 -0.018134 0.421254 0 0 0 0 0 0
33.991532 -0.647704 12.032552 -0.315016 -0.686872 -0.654960 -0.888916 0.294240 0.351071 0 0 0 0 0 0
33.624624 -0.325155 11.945756 -0.325502 -0.934691 -0.142831 -0.875682 0.415457 0.246124 0 0 0 0 0 0
33.293892 -0.172542 11.744229 -0.332892 -0.838099 0.432173 -0.865772 0.500387 -0.007214 0 0 0 0 0 0
32.961865 -0.145546 11.501916 -0.333921 -0.418538 0.844584 -0.852265 0.438279 -0.285579 0 0 0 0 0 0
32.630493 -0.244954 11.276420 -0.328405 0.156980 0.931401 -0.840847 0.213485 -0.497394 0 0 0 0 0 0
32.300963 -0.458763 11.129413 -0.318816 0.664034 0.676325 -0.836285 -0.111422 -0.536854 0 0 0 0 0 0
31.974192 -0.734578 11.127584 -0.309055 0.931097 0.193761 -0.839708 -0.400837 -0.366360 0 0 0 0 0 0
31.649481 -0.969428 11.295615 -0.302068 0.889091 -0.343907 -0.848875 -0.525612 -0.056070 0 0 0 0 0 0
31.325783 -1.058146 11.577032 -0.299704 0.565440 -0.768411 -0.860330 -0.440205 0.257005 0 0 0 0 0 0
30.958650 -0.939932 11.719835 -0.310467 0.059697 -0.948708 -0.923939 -0.161487 0.346784 0 0 0 0 0 0
30.493420 -1.112578 11.896085 -0.280678 -0.257647 -0.924574 -0.917227 -0.003167 0.398352 0 0 0 0 0 0
30.317910 -0.651109 12.028822 -0.314954 -0.686885 -0.654976 -0.888365 0.296588 0.350489 0 0 0 0 0 0
29.953108 -0.327218 11.941322 -0.325437 -0.934713 -0.142834 -0.875687 0.415437 0.246139 0 0 0 0 0 0
29.622523 -0.174607 11.739777 -0.332892 -0.838099 0.432173 -0.865727 0.500463 -0.007254 0 0 0 0 0 0
29.290450 -0.147603 11.497503 -0.333986 -0.418528 0.844564 -0.852286 0.438236 -0.285583 0 0 0 0 0 0
28.958831 -0.246973 11.271992 -0.328341 0.156983 0.931423 -0.840872 0.213533 -0.497330 0 0 0 0 0 0
28.789368 -0.460743 10.471637 -0.318815 -0.664036 -0.676323 -0.149153 -0.622418 -0.768342 0 0 0 0 0 0
28.286239 -0.560283 8.603833 -0.309056 -0.931097 -0.193761 -0.839710 0.400839 0.366355 0 0 0 0 0 0
27.941367 -0.321643 8.456631 -0.302068 -0.889093 0.343900 -0.852065 0.515246 0.092233 0 0 0 0 0 0
27.619763 -0.234660 8.177676 -0.299702 -0.565437 0.768414 -0.860329 0.440209 -0.257004 0 0 0 0 0 0
27.252625 -0.352873 8.034890 -0.310467 -0.059696 0.948708 -0.923942 0.161484 -0.346776 0 0 0 0 0 0
26.789465 -0.182181 7.854716 -0.280678 0.257647 0.924574 -0.915509 0.001204 -0.402296 0 0 0 0 0 0
26.612875 -0.643749 7.721484 -0.314955 0.686888 0.654972 -0.888368 -0.296588 -0.350481 0 0 0 0 0 0
26.248070 -0.967640 7.808966 -0.325436 0.934713 0.142841 -0.875685 -0.415444 -0.246136 0 0 0 0 0 0
25.917491 -1.120250 8.010532 -0.332892 0.838098 -0.432174 -0.865731 -0.500457 0.007262 0 0 0 0 0 0
25.585415 -1.147253 8.252802 -0.333986 0.418527 -0.844564 -0.852285 -0.438237 0.285583 0 0 0 0 0 0
25.253793 -1.047889 8.478302 -0.328342 -0.156978 -0.931423 -0.840877 -0.213527 0.497325 0 0 0 0 0 0
24.924436 -0.834043 8.625285 -0.318815 -0.664030 -0.676329 -0.836309 0.111415 0.536818 0 0 0 0 0 0
24.597707 -0.558193 8.627123 -0.309055 -0.931096 -0.193767 -0.839631 0.400953 0.366410 0 0 0 0 0 0
24.295979 -0.324989 8.438679 -0.302129 -0.889076 0.343894 -0.841876 0.539332 0.019111 0 0 0 0 0 0
23.970123 -0.234631 8.154905 -0.299643 -0.565451 0.768427 -0.860361 0.440193 -0.256922 0 0 0 0 0 0
23.602753 -0.356221 8.031754 -0.314355 -0.059339 0.947449 -0.929868 0.154560 -0.333850 0 0 0 0 0 0
23.139771 -0.178085 7.832886 -0.277178 0.259909 0.924997 -0.906762 0.018144 -0.421252 0 0 0 0 0 0
23.101383 -0.139895 6.844166 -0.315016 -0.686872 -0.654960 -0.161175 -0.544948 -0.822833 0 0 0 0 0 0
22.615118 -0.325155 4.883022 -0.325502 -0.934691 -0.142831 -0.875682 0.415457 0.246124 0 0 0 0 0 0
22.284387 -0.172542 4.681495 -0.332892 -0.838099 0.432173 -0.865772 0.500387 -0.007214 0 0 0 0 0 0
21.952382 -0.145550 4.439178 -0.333984 -0.418525 0.844566 -0.852283 0.438238 -0.285589 0 0 0 0 0 0
21.620760 -0.244920 4.213676 -0.328341 0.156984 0.931423 -0.840877 0.213528 -0.497325 0 0 0 0 0 0
21.291523 -0.458791 4.066700 -0.318816 0.664034 0.676325 -0.836234 -0.111479 -0.536923 0 0 0 0 0 0
20.964686 -0.734578 4.064850 -0.309055 0.931097 0.193761 -0.839708 -0.400837 -0.366360 0 0 0 0 0 0
20.639848 -0.969412 4.232852 -0.302068 0.889091 -0.343907 -0.848952 -0.525484 -0.056095 0 0 0 0 0 0
20.316117 -1.058151 4.514303 -0.299643 0.565451 -0.768427 -0.860310 -0.440244 0.257006 0 0 0 0 0 0
19.949080 -0.939917 4.657081 -0.310467 0.059697 -0.948708 -0.923951 -0.161473 0.346757 0 0 0 0 0 0
19.483907 -1.112534 4.833365 -0.280744 -0.257642 -0.924556 -0.917175 -0.003104 0.398473 0 0 0 0 0 0
19.308339 -0.651108 4.966091 -0.315018 -0.686873 -0.654957 -0.888360 0.296605 0.350489 0 0 0 0 0 0
18.943538 -0.327209 4.878605 -0.325501 -0.934692 -0.142831 -0.875677 0.415457 0.246140 0 0 0 0 0 0
18.612811 -0.174596 4.677075 -0.332892 -0.838099 0.432173 -0.865772 0.500387 -0.007213 0 0 0 0 0 0
18.280785 -0.147598 4.434753 -0.333921 -0.418538 0.844584 -0.852264 0.438276 -0.285588 0 0 0 0 0 0
17.949389 -0.247008 4.209257 -0.328341 0.156983 0.931423 -0.840827 0.213522 -0.497411 0 0 0 0 0 0
17.779737 -0.460739 3.408904 -0.318814 -0.664034 -0.676326 -0.149185 -0.622413 -0.768340 0 0 0 0 0 0
17.276574 -0.560272 1.541099 -0.308995 -0.931116 -0.193765 -0.839684 0.400847 0.366405 0 0 0 0 0 0
16.952286 -0.322642 1.376189 -0.302129 -0.889076 0.343894 -0.846591 0.528484 0.063146 0 0 0 0 0 0
16.628947 -0.234631 1.096077 -0.299643 -0.565450 0.768428 -0.860360 0.440194 -0.256924 0 0 0 0 0 0
16.261955 -0.352887 0.953279 -0.310402 -0.059697 0.948729 -0.923946 0.161497 -0.346759 0 0 0 0 0 0
15.798819 -0.182188 0.773135 -0.280679 0.257647 0.924574 -0.915525 0.001201 -0.402259 0 0 0 0 0 0
15.622289 -0.643774 0.639864 -0.315017 0.686871 0.654960 -0.888315 -0.296683 -0.350536 0 0 0 0 0 0
15.257422 -0.967654 0.727336 -0.325501 0.934691 0.142834 -0.875679 -0.415459 -0.246132 0 0 0 0 0 0
14.926695 -1.120260 0.928873 -0.332892 0.838098 -0.432174 -0.865774 -0.500382 0.007218 0 0 0 0 0 0
14.594665 -1.147258 1.171184 -0.333921 0.418538 -0.844584 -0.852265 -0.438279 0.285581 0 0 0 0 0 0
14.263145 -1.047879 1.396668 -0.328328 -0.156979 -0.931428 -0.840896 -0.213518 0.497297 0 0 0 0 0 0
13.933849 -0.834012 1.543661 -0.318822 -0.664030 -0.676326 -0.836243 0.111482 0.536908 0 0 0 0 0 0
13.606981 -0.558221 1.545517 -0.309043 -0.931101 -0.193762 -0.839700 0.400839 0.366376 0 0 0 0 0 0
13.282250 -0.323386 1.377499 -0.302081 -0.889090 0.343899 -0.848918 0.525543 0.056059 0 0 0 0 0 0
12.958494 -0.234654 1.096059 -0.299685 -0.565442 0.768417 -0.860327 0.440217 -0.256995 0 0 0 0 0 0
12.590993 -0.356206 0.972924 -0.314400 -0.059338 0.947434 -0.929872 0.154554 -0.333843 0 0 0 0 0 0
12.128030 -0.178090 0.774047 -0.277244 0.259905 0.924979 -0.906753 0.018119 -0.421273 0 0 0 0 0 0
12.089497 -0.139894 -0.214671 -0.314985 -0.686880 -0.654965 -0.161180 -0.544948 -0.822832 0 0 0 0 0 0
11.603328 -0.325159 -2.175807 -0.325483 -0.934697 -0.142834 -0.875679 0.415457 0.246132 0 0 0 0 0 0
11.272599 -0.172547 -2.377333 -0.332879 -0.838103 0.432174 -0.865770 0.500391 -0.007217 0 0 0 0 0 0
10.940592 -0.145553 -2.619651 -0.333946 -0.418532 0.844577 -0.852269 0.438262 -0.285593 0 0 0 0 0 0
10.609068 -0.244937 -2.845142 -0.328348 0.156983 0.931420 -0.840865 0.213518 -0.497350 0 0 0 0 0 0
10.279688 -0.458769 -2.992124 -0.318803 0.664037 0.676328 -0.836281 -0.111433 -0.536858 0 0 0 0 0 0
9.952899 -0.734585 -2.993966 -0.309037 0.931103 0.193762 -0.839682 -0.400870 -0.366384 0 0 0 0 0 0
9.628174 -0.969414 -2.825951 -0.302086 0.889086 -0.343905 -0.848913 -0.525551 -0.056067 0 0 0 0 0 0
9.304387 -1.058155 -2.544528 -0.299686 0.565443 -0.768416 -0.860332 -0.440209 0.256992 0 0 0 0 0 0
8.937287 -0.939930 -2.401731 -0.310454 0.059698 -0.948712 -0.923946 -0.161487 0.346764 0 0 0 0 0 0
8.472128 -1.112550 -2.225469 -0.280698 -0.257646 -0.924569 -0.917196 -0.003133 0.398424 0 0 0 0 0 0
8.296620 -0.651104 -2.092738 -0.314986 -0.686879 -0.654966 -0.888354 0.296612 0.350498 0 0 0 0 0 0
7.931822 -0.327212 -2.180229 -0.325482 -0.934698 -0.142832 -0.875679 0.415456 0.246136 0 0 0 0 0 0
7.601095 -0.174602 -2.381752 -0.332886 -0.838102 0.432172 -0.865772 0.500387 -0.007220 0 0 0 0 0 0
7.269078 -0.147604 -2.624072 -0.333946 -0.418533 0.844577 -0.852267 0.438267 -0.285594 0 0 0 0 0 0
6.937563 -0.246990 -2.849560 -0.328354 0.156982 0.931418 -0.840867 0.213513 -0.497347 0 0 0 0 0 0
6.767979 -0.460742 -3.649921 -0.318801 -0.664036 -0.676330 -0.149159 -0.622415 -0.768343 0 0 0 0 0 0
6.264907 -0.560271 -5.517736 -0.309044 -0.931101 -0.193762 -0.839685 0.400864 0.366383 0 0 0 0 0 0
5.940155 -0.325439 -5.685743 -0.302081 -0.889090 0.343899 -0.848917 0.525544 0.056059 0 0 0 0 0 0
5.616401 -0.236707 -5.967190 -0.299684 -0.565440 0.768419 -0.860325 0.440219 -0.256998 0 0 0 0 0 0
5.248899 -0.358259 -6.090325 -0.314399 -0.059337 0.947435 -0.929873 0.154550 -0.333843 0 0 0 0 0 0
4.785936 -0.180144 -6.289203 -0.277243 0.259904 0.924979 -0.906754 0.018119 -0.421271 0 0 0 0 0 0
4.611596 -0.647167 -6.422695 -0.314987 0.686880 0.654965 -0.888902 -0.294261 -0.351089 0 0 0 0 0 0
4.244742 -0.969695 -6.335905 -0.325482 0.934697 0.142839 -0.875680 -0.415460 -0.246126 0 0 0 0 0 0
3.914021 -1.122316 -6.134363 -0.332884 0.838101 -0.432173 -0.865769 -0.500391 0.007219 0 0 0 0 0 0
3.581986 -1.149314 -5.892059 -0.333947 0.418536 -0.844575 -0.852277 -0.438257 0.285579 0 0 0 0 0 0
3.250486 -1.049917 -5.666568 -0.328356 -0.156985 -0.931417 -0.840860 -0.213515 0.497358 0 0 0 0 0 0
2.921094 -0.836092 -5.519572 -0.318801 -0.664036 -0.676330 -0.836273 0.111434 0.536870 0 0 0 0 0 0
2.594319 -0.560271 -5.517736 -0.309044 -0.931101 -0.193762 -0.839685 0.400864 0.366383 0 0 0 0 0 0
2.269567 -0.325439 -5.685743 -0.302081 -0.889090 0.343899 -0.848917 0.525544 0.056059 0 0 0 0 0 0
1.945813 -0.236707 -5.967190 -0.299684 -0.565440 0.768419 -0.860325 0.440219 -0.256998 0 0 0 0 0 0
1.578703 -0.354927 -6.109968 -0.310456 -0.059697 0.948711 -0.923950 0.161482 -0.346757 0 0 0 0 0 0
1.115554 -0.184241 -6.290142 -0.280701 0.257645 0.924568 -0.915508 0.001194 -0.402298 0 0 0 0 0 0
1.075736 -0.142731 -7.277737 -0.314989 -0.686880 -0.654964 -0.160843 -0.544768 -0.823017 0 0 0 0 0 0
0.590640 -0.327214 -9.239050 -0.325482 -0.934698 -0.142832 -0.875678 0.415453 0.246142 0 0 0 0 0 0
0.259921 -0.174601 -9.440577 -0.332884 -0.838101 0.432175 -0.865767 0.500395 -0.007216 0 0 0 0 0 0
-0.072102 -0.147603 -9.682891 -0.333947 -0.418534 0.844576 -0.852273 0.438257 -0.285591 0 0 0 0 0 0
-0.403613 -0.246991 -9.908386 -0.328353 0.156982 0.931419 -0.840862 0.213516 -0.497355 0 0 0 0 0 0
-0.733000 -0.460824 -10.055382 -0.318802 0.664034 0.676331 -0.836277 -0.111430 -0.536866 0 0 0 0 0 0
-1.059779 -0.736640 -10.057206 -0.309041 0.931101 0.193762 -0.839689 -0.400870 -0.366369 0 0 0 0 0 0
-1.384525 -0.971477 -9.889208 -0.302082 0.889090 -0.343898 -0.848912 -0.525550 -0.056078 0 0 0 0 0 0
-1.708287 -1.060199 -9.607766 -0.299685 0.565438 -0.768420 -0.860330 -0.440211 0.256996 0 0 0 0 0 0
-2.075789 -0.938650 -9.484631 -0.314399 0.059332 -0.947435 -0.929870 -0.154561 0.333844 0 0 0 0 0 0
-2.538753 -1.116774 -9.285754 -0.277243 -0.259903 -0.924979 -0.906754 -0.018115 0.421271 0 0 0 0 0 0
-2.713091 -0.649743 -9.152261 -0.314987 -0.686881 -0.654965 -0.888902 0.294259 0.351090 0 0 0 0 0 0
-3.079944 -0.327213 -9.239051 -0.325482 -0.934698 -0.142832 -0.875677 0.415457 0.246142 0 0 0 0 0 0
-3.410669 -0.174602 -9.440576 -0.332885 -0.838101 0.432175 -0.865770 0.500389 -0.007215 0 0 0 0 0 0
-3.742687 -0.147603 -9.682893 -0.333947 -0.418534 0.844576 -0.852268 0.438262 -0.285597 0 0 0 0 0 0
-4.085337 -0.242629 -9.911913 -0.328354 0.156983 0.931418 -0.845651 0.216708 -0.487762 0 0 0 0 0 0
-4.257350 -0.458688 -10.714858 -0.318804 -0.664036 -0.676328 -0.149163 -0.622415 -0.768342 0 0 0 0 0 0
-4.760414 -0.558217 -12.582671 -0.309043 -0.931101 -0.193762 -0.839677 0.400880 0.366385 0 0 0 0 0 0
-5.085160 -0.323387 -12.750681 -0.302086 -0.889086 0.343904 -0.848917 0.525544 0.056071 0 0 0 0 0 0
-5.408942 -0.234650 -13.032108 -0.299680 -0.565444 0.768417 -0.860332 0.440209 -0.256993 0 0 0 0 0 0
-5.776411 -0.356211 -13.155250 -0.314408 -0.059338 0.947432 -0.929870 0.154551 -0.333851 0 0 0 0 0 0
-6.239395 -0.178077 -13.354192 -0.277229 0.259898 0.924985 -0.906733 0.018142 -0.421314 0 0 0 0 0 0
-6.413706 -0.645125 -13.487569 -0.314997 0.686888 0.654951 -0.888926 -0.294293 -0.351001 0 0 0 0 0 0
-6.780604 -0.967642 -13.400837 -0.325481 0.934698 0.142832 -0.875668 -0.415454 -0.246178 0 0 0 0 0 0
-7.111302 -1.120256 -13.199298 -0.332885 0.838100 -0.432175 -0.865766 -0.500398 0.007221 0 0 0 0 0 0
-7.443333 -1.147253 -12.956998 -0.333947 0.418533 -0.844576 -0.852275 -0.438260 0.285579 0 0 0 0 0 0
-7.774834 -1.047873 -12.731492 -0.328354 -0.156977 -0.931419 -0.840856 -0.213517 0.497365 0 0 0 0 0 0
-8.104232 -0.834035 -12.584510 -0.318804 -0.664036 -0.676328 -0.836286 0.111426 0.536851 0 0 0 0 0 0
-8.431002 -0.558217 -12.582671 -0.309043 -0.931101 -0.193762 -0.839677 0.400880 0.366385 0 0 0 0 0 0
-8.755748 -0.323387 -12.750681 -0.302086 -0.889086 0.343904 -0.848917 0.525544 0.056071 0 0 0 0 0 0
-9.079530 -0.234650 -13.032108 -0.299680 -0.565444 0.768417 -0.860332 0.440209 -0.256993 0 0 0 0 0 0
-9.446606 -0.352879 -13.174905 -0.310461 -0.059696 0.948710 -0.923943 0.161487 -0.346773 0 0 0 0 0 0
-9.909776 -0.182175 -13.355132 -0.280691 0.257638 0.924573 -0.915494 0.001213 -0.402331 0 0 0 0 0 0
-9.949585 -0.140683 -14.342699 -0.314987 -0.686885 -0.654959 -0.160841 -0.544772 -0.823015 0 0 0 0 0 0
-10.434692 -0.325159 -16.303972 -0.325483 -0.934697 -0.142839 -0.875674 0.415444 0.246174 0 0 0 0 0 0
-10.765403 -0.172542 -16.505497 -0.332886 -0.838103 0.432169 -0.865764 0.500401 -0.007204 0 0 0 0 0 0
-11.097422 -0.145550 -16.747835 -0.333941 -0.418526 0.844583 -0.852265 0.438267 -0.285597 0 0 0 0 0 0
-11.428930 -0.244939 -16.973321 -0.328361 0.156986 0.931415 -0.840865 0.213510 -0.497352 0 0 0 0 0 0
-11.758324 -0.458761 -17.120335 -0.318803 0.664037 0.676328 -0.836267 -0.111428 -0.536881 0 0 0 0 0 0
-12.085090 -0.734575 -17.122105 -0.309045 0.931107 0.193729 -0.839696 -0.400873 -0.366348 0 0 0 0 0 0
-12.409864 -0.969411 -16.954168 -0.302081 0.889089 -0.343900 -0.848911 -0.525553 -0.056080 0 0 0 0 0 0
-12.733609 -1.058151 -16.672724 -0.299687 0.565446 -0.768413 -0.860329 -0.440218 0.256987 0 0 0 0 0 0
-13.101104 -0.936599 -16.549578 -0.314403 0.059340 -0.947433 -0.929869 -0.154556 0.333850 0 0 0 0 0 0
-13.564076 -1.114709 -16.350741 -0.277245 -0.259908 -0.924977 -0.906768 -0.018103 0.421241 0 0 0 0 0 0
-13.738399 -0.647694 -16.217227 -0.315019 -0.686878 -0.654952 -0.888900 0.294233 0.351118 0 0 0 0 0 0
-14.105315 -0.325152 -16.303965 -0.325502 -0.934690 -0.142838 -0.875668 0.415456 0.246175 0 0 0 0 0 0
-14.436039 -0.172538 -16.505490 -0.332893 -0.838101 0.432168 -0.865772 0.500387 -0.007198 0 0 0 0 0 0
-14.768055 -0.145546 -16.747839 -0.333915 -0.418530 0.844591 -0.852254 0.438289 -0.285597 0 0 0 0 0 0
-15.099455 -0.244955 -16.973325 -0.328348 0.156987 0.931420 -0.840833 0.213517 -0.497404 0 0 0 0 0 0
-15.269113 -0.458680 -17.773641 -0.318816 -0.664033 -0.676325 -0.149186 -0.622419 -0.768334 0 0 0 0 0 0
-15.772265 -0.558229 -19.641509 -0.308996 -0.931123 -0.193732 -0.839695 0.400853 0.366373 0 0 0 0 0 0
-16.096901 -0.323402 -19.809470 -0.302068 -0.889093 0.343900 -0.848895 0.525580 0.056070 0 0 0 0 0 0
-16.420666 -0.234660 -20.090900 -0.299705 -0.565442 0.768409 -0.860334 0.440204 -0.256994 0 0 0 0 0 0
-16.787790 -0.352872 -20.233745 -0.310463 -0.059695 0.948709 -0.923923 0.161506 -0.346817 0 0 0 0 0 0
-17.250484 -0.183514 -20.417506 -0.280678 0.257646 0.924575 -0.914656 -0.000041 -0.404234 0 0 0 0 0 0
-17.428392 -0.645833 -20.551598 -0.315020 0.686876 0.654954 -0.888310 -0.296652 -0.350574 0 0 0 0 0 0
-17.793253 -0.969669 -20.464056 -0.325501 0.934690 0.142838 -0.875710 -0.415491 -0.245964 0 0 0 0 0 0
-18.123991 -1.122325 -20.262510 -0.332892 0.838102 -0.432166 -0.865769 -0.500391 0.007195 0 0 0 0 0 0
-18.456009 -1.149309 -20.020270 -0.334000 0.418548 -0.844548 -0.852306 -0.438216 0.285553 0 0 0 0 0 0
-18.787612 -1.049943 -19.794679 -0.328326 -0.156978 -0.931429 -0.840836 -0.213566 0.497377 0 0 0 0 0 0
-19.116846 -0.836050 -19.647813 -0.318815 -0.664036 -0.676323 -0.836279 0.111522 0.536842 0 0 0 0 0 0
-19.443699 -0.560274 -19.645892 -0.309054 -0.931090 -0.193794 -0.839698 0.400834 0.366387 0 0 0 0 0 0
-19.768361 -0.325430 -19.814028 -0.302122 -0.889055 0.343952 -0.848880 0.525599 0.056115 0 0 0 0 0 0
-20.092329 -0.236672 -20.095341 -0.299645 -0.565454 0.768424 -0.860371 0.440133 -0.256992 0 0 0 0 0 0
-20.459698 -0.358276 -20.218563 -0.314336 -0.059335 0.947456 -0.929862 0.154580 -0.333858 0 0 0 0 0 0
-20.922655 -0.180151 -20.417367 -0.277245 0.259906 0.924978 -0.906794 0.018116 -0.421185 0 0 0 0 0 0
-21.096954 -0.647190 -20.550914 -0.315020 0.686876 0.654954 -0.888851 -0.294315 -0.351174 0 0 0 0 0 0
-21.463842 -0.969669 -20.464056 -0.325501 0.934690 0.142838 -0.875710 -0.415491 -0.245964 0 0 0 0 0 0
-21.794579 -1.122325 -20.262510 -0.332892 0.838102 -0.432166 -0.865769 -0.500391 0.007195 0 0 0 0 0 0
-22.126597 -1.149309 -20.020270 -0.334000 0.418548 -0.844548 -0.852306 -0.438216 0.285553 0 0 0 0 0 0
-22.458200 -1.049943 -19.794679 -0.328326 -0.156978 -0.931429 -0.840836 -0.213566 0.497377 0 0 0 0 0 0
-22.787434 -0.836050 -19.647813 -0.318815 -0.664036 -0.676323 -0.836279 0.111522 0.536842 0 0 0 0 0 0
-23.114287 -0.560274 -19.645892 -0.309054 -0.931090 -0.193794 -0.839698 0.400834 0.366387 0 0 0 0 0 0
-24.257740 -0.916794 -19.194091 0.763896 0.000000 0.645340 0.127006 0.709544 0.693121 0 0 0 0 0 0
-20.483765 0.000000 -15.641529 0.000000 1.000000 0.000000 0.000000 0.000000 1.000000 0 0 0 0 0 0
-20.887294 0.000000 -15.502353 0.000000 1.000000 0.000000 0.000000 0.000000 1.000000 0 0 0 0 0 0
-21.339059 0.000000 -14.919176 0.000000 1.000000 0.000000 0.000000 0.000000 1.000000 0 0 0 0 0 0
-21.010824 0.000000 -14.258588 0.000000 1.000000 0.000000 0.000000 0.000000 1.000000 0 0 0 0 0 0
-23.893808 0.431963 -15.961631 0.803743 0.000000 0.594976 0.142141 -0.275988 -0.950593 0 0 0 0 0 0
-23.377908 -0.168864 -16.966328 0.309053 -0.931091 -0.193793 0.862041 0.434348 0.261201 0 0 0 0 0 0
-22.826913 -0.069546 -16.740671 0.318753 -0.664049 -0.676340 0.877084 0.430125 0.213813 0 0 0 0 0 0
-22.497668 -0.154592 -16.485645 0.328348 -0.156986 -0.931420 0.874384 0.254620 0.413064 0 0 0 0 0 0
-22.165961 -0.353045 -16.328097 0.333980 0.418520 -0.844570 0.865276 0.002628 0.501288 0 0 0 0 0 0
-21.833170 -0.594382 -16.296990 0.332882 0.838075 -0.432227 0.852521 -0.275635 0.444109 0 0 0 0 0 0
-21.501611 -0.819709 -16.392696 0.325501 0.934691 0.142838 0.841294 -0.491612 0.224817 0 0 0 0 0 0
-21.172618 -0.968316 -16.602737 0.314957 0.686891 0.654968 0.836632 -0.538623 -0.099662 0 0 0 0 0 0
-20.734004 -1.062656 -16.790798 0.277245 0.259905 0.924978 0.878226 -0.385978 -0.282382 0 0 0 0 0 0
-20.416610 -1.097189 -16.909350 0.314423 -0.059333 0.947427 0.912853 0.154507 -0.377925 0 0 0 0 0 0
-20.131983 -0.705725 -17.187253 0.299645 -0.565451 0.768425 0.859006 0.139947 -0.492466 0 0 0 0 0 0
-19.807469 -0.384030 -17.188982 0.302068 -0.889094 0.343900 0.865725 0.370640 -0.336372 0 0 0 0 0 0
-19.483074 -0.150449 -17.012083 0.309053 -0.931091 -0.193793 0.873679 0.482792 -0.059972 0 0 0 0 0 0
-19.156325 -0.069546 -16.740671 0.318753 -0.664049 -0.676340 0.877084 0.430125 0.213813 0 0 0 0 0 0
-18.827080 -0.154592 -16.485645 0.328348 -0.156986 -0.931420 0.874384 0.254620 0.413064 0 0 0 0 0 0
-18.495373 -0.353045 -16.328097 0.333980 0.418520 -0.844570 0.865276 0.002628 0.501288 0 0 0 0 0 0
-18.312272 0.135923 -15.144220 0.332894 -0.838107 0.432155 0.164408 -0.628459 0.760269 0 0 0 0 0 0
-17.847515 -0.477246 -13.320985 0.325503 -0.934694 -0.142810 0.841307 0.491642 -0.224701 0 0 0 0 0 0
-17.518563 -0.328600 -13.110862 0.315014 -0.686863 -0.654970 0.836634 0.538636 0.099575 0 0 0 0 0 0
-17.078602 -0.245003 -12.940073 0.280676 -0.257645 -0.924576 0.884419 0.377760 0.274045 0 0 0 0 0 0
-16.758439 -0.191267 -12.801879 0.310467 0.059696 -0.948708 0.907609 -0.129146 0.399457 0 0 0 0 0 0
-16.479810 -0.592584 -12.522452 0.299704 0.565440 -0.768411 0.859436 -0.134707 0.493176 0 0 0 0 0 0
-16.152345 -0.910817 -12.520181 0.302068 0.889091 -0.343906 0.865772 -0.370546 0.336354 0 0 0 0 0 0
-15.828000 -1.144410 -12.697129 0.308994 0.931117 0.193765 0.873680 -0.482802 0.059879 0 0 0 0 0 0
-15.501494 -1.225283 -12.968603 0.318816 0.664033 0.676325 0.877053 -0.430175 -0.213841 0 0 0 0 0 0
-15.171957 -1.140295 -13.223574 0.328342 0.156978 0.931423 0.874421 -0.254628 -0.412980 0 0 0 0 0 0
-14.840295 -0.941808 -13.381088 0.333921 -0.418538 0.844585 0.865276 -0.002641 -0.501288 0 0 0 0 0 0
-14.507731 -0.700460 -13.412160 0.332892 -0.838098 0.432174 0.852448 0.275656 -0.444237 0 0 0 0 0 0
-14.175952 -0.475205 -13.316575 0.325449 -0.934709 -0.142833 0.841362 0.491530 -0.224738 0 0 0 0 0 0
-13.847040 -0.326563 -13.106462 0.314972 -0.686894 -0.654957 0.836663 0.538575 0.099656 0 0 0 0 0 0
-13.408327 -0.232203 -12.918425 0.277229 -0.259898 -0.924985 0.878214 0.386032 0.282347 0 0 0 0 0 0
-13.090982 -0.197668 -12.799851 0.314408 0.059338 -0.947432 0.912839 -0.154493 0.377965 0 0 0 0 0 0
-12.806449 -0.589152 -12.521955 0.299680 0.565444 -0.768417 0.858975 -0.140009 0.492504 0 0 0 0 0 0
-12.559521 0.687262 -11.720364 0.302080 -0.889087 0.343905 0.203438 -0.522132 0.828246 0 0 0 0 0 0
-12.140962 -0.148391 -9.948858 0.309043 -0.931101 -0.193762 0.873674 0.482814 -0.059860 0 0 0 0 0 0
-11.814302 -0.067503 -9.677404 0.318803 -0.664037 -0.676328 0.877079 0.430145 0.213792 0 0 0 0 0 0
-11.484930 -0.152519 -9.422400 0.328354 -0.156983 -0.931418 0.874383 0.254632 0.413057 0 0 0 0 0 0
-11.153216 -0.350990 -9.264904 0.333947 0.418534 -0.844576 0.865299 0.002647 0.501249 0 0 0 0 0 0
-10.820556 -0.592333 -9.233819 0.332885 0.838101 -0.432175 0.852471 -0.275616 0.444216 0 0 0 0 0 0
-10.488944 -0.817612 -9.329440 0.325483 0.934698 0.142832 0.841303 -0.491637 0.224730 0 0 0 0 0 0
-10.159971 -0.966258 -9.539526 0.314985 0.686879 0.654967 0.836654 -0.538598 -0.099612 0 0 0 0 0 0
-9.720054 -1.049828 -9.710351 0.280705 0.257641 0.924568 0.884433 -0.377730 -0.274041 0 0 0 0 0 0
-9.400475 -1.101049 -9.844472 0.310454 -0.059698 0.948712 0.908004 0.135175 -0.396555 0 0 0 0 0 0
-9.122116 -0.700228 -10.123534 0.299686 -0.565443 0.768416 0.859451 0.134688 -0.493157 0 0 0 0 0 0
-8.794715 -0.381981 -10.125799 0.302080 -0.889087 0.343905 0.865754 0.370583 -0.336359 0 0 0 0 0 0
-8.470374 -0.148391 -9.948858 0.309043 -0.931101 -0.193762 0.873674 0.482814 -0.059860 0 0 0 0 0 0
-8.143714 -0.067503 -9.677404 0.318803 -0.664037 -0.676328 0.877079 0.430145 0.213792 0 0 0 0 0 0
-7.814342 -0.152519 -9.422400 0.328354 -0.156983 -0.931418 0.874383 0.254632 0.413057 0 0 0 0 0 0
-7.482628 -0.350990 -9.264904 0.333947 0.418534 -0.844576 0.865299 0.002647 0.501249 0 0 0 0 0 0
-7.299618 0.137981 -8.081022 0.332885 -0.838100 0.432175 0.164402 -0.628453 0.760276 0 0 0 0 0 0
-6.834846 -0.475186 -6.257726 0.325481 -0.934697 -0.142839 0.841296 0.491640 -0.224746 0 0 0 0 0 0
-6.505887 -0.326553 -6.047643 0.314992 -0.686876 -0.654967 0.836654 0.538594 0.099631 0 0 0 0 0 0
-6.067130 -0.232178 -5.859627 0.277238 -0.259906 -0.924980 0.878242 0.385977 0.282333 0 0 0 0 0 0
-5.749802 -0.197671 -5.741024 0.314408 0.059338 -0.947432 0.912839 -0.154489 0.377966 0 0 0 0 0 0
-5.465272 -0.589152 -5.463131 0.299680 0.565444 -0.768417 0.858975 -0.140009 0.492504 0 0 0 0 0 0
-5.140639 -0.910825 -5.461371 0.302086 0.889086 -0.343904 0.865751 -0.370590 0.336360 0 0 0 0 0 0
-4.816269 -1.144413 -5.638305 0.309043 0.931101 0.193762 0.873680 -0.482805 0.059862 0 0 0 0 0 0
-4.489628 -1.225301 -5.909766 0.318804 0.664036 0.676328 0.877073 -0.430155 -0.213800 0 0 0 0 0 0
-4.160245 -1.140282 -6.164763 0.328354 0.156977 0.931419 0.874389 -0.254635 -0.413043 0 0 0 0 0 0
-3.815998 -0.945925 -6.315130 0.333947 -0.418536 0.844575 0.873353 -0.005521 -0.487057 0 0 0 0 0 0
-3.482316 -0.702527 -6.347236 0.332884 -0.838101 0.432173 0.852471 0.275617 -0.444217 0 0 0 0 0 0
-3.150693 -0.477242 -6.251616 0.325482 -0.934697 -0.142839 0.841304 0.491627 -0.224744 0 0 0 0 0 0
-2.821727 -0.328606 -6.041542 0.314987 -0.686880 -0.654965 0.836654 0.538595 0.099626 0 0 0 0 0 0
-2.382999 -0.234236 -5.853512 0.277243 -0.259904 -0.924979 0.878236 0.385983 0.282345 0 0 0 0 0 0
-2.065637 -0.199720 -5.734911 0.314399 0.059337 -0.947435 0.912843 -0.154489 0.377956 0 0 0 0 0 0
-1.781140 -0.591210 -5.457020 0.299684 0.565440 -0.768419 0.858973 -0.140018 0.492505 0 0 0 0 0 0
-1.534199 0.685208 -4.655427 0.302082 -0.889090 0.343898 0.203437 -0.522135 0.828244 0 0 0 0 0 0
-1.115635 -0.150448 -2.883930 0.309041 -0.931101 -0.193762 0.873676 0.482812 -0.059849 0 0 0 0 0 0
-0.788988 -0.069556 -2.612466 0.318802 -0.664034 -0.676331 0.877074 0.430157 0.213787 0 0 0 0 0 0
-0.459607 -0.154570 -2.357467 0.328353 -0.156982 -0.931419 0.874387 0.254627 0.413053 0 0 0 0 0 0
-0.127891 -0.353043 -2.199978 0.333946 0.418533 -0.844577 0.865305 0.002641 0.501239 0 0 0 0 0 0
0.204767 -0.594390 -2.168889 0.332884 0.838102 -0.432172 0.852466 -0.275611 0.444229 0 0 0 0 0 0
0.536383 -0.819670 -2.264501 0.325482 0.934698 0.142832 0.841303 -0.491635 0.224733 0 0 0 0 0 0
0.865345 -0.968305 -2.474593 0.314988 0.686878 0.654966 0.836654 -0.538595 -0.099626 0 0 0 0 0 0
1.305280 -1.051892 -2.645413 0.280699 0.257646 0.924568 0.884432 -0.377740 -0.274030 0 0 0 0 0 0
1.624833 -1.103104 -2.779549 0.310455 -0.059691 0.948712 0.907995 0.135184 -0.396573 0 0 0 0 0 0
1.903201 -0.702279 -3.058611 0.299685 -0.565438 0.768420 0.859454 0.134698 -0.493149 0 0 0 0 0 0
2.230600 -0.384029 -3.060859 0.302080 -0.889090 0.343899 0.865756 0.370574 -0.336366 0 0 0 0 0 0
2.554945 -0.150448 -2.883929 0.309043 -0.931101 -0.193762 0.873675 0.482815 -0.059847 0 0 0 0 0 0
2.881604 -0.069556 -2.612467 0.318802 -0.664034 -0.676331 0.877077 0.430154 0.213784 0 0 0 0 0 0
3.210975 -0.154571 -2.357466 0.328354 -0.156982 -0.931418 0.874384 0.254628 0.413059 0 0 0 0 0 0
3.542703 -0.353040 -2.199979 0.333946 0.418533 -0.844577 0.865310 0.002644 0.501231 0 0 0 0 0 0
3.725701 0.135927 -1.016091 0.332884 -0.838101 0.432174 0.164397 -0.628454 0.760276 0 0 0 0 0 0
4.190483 -0.477242 0.807202 0.325482 -0.934698 -0.142835 0.841307 0.491627 -0.224736 0 0 0 0 0 0
4.519447 -0.328606 1.017289 0.314986 -0.686878 -0.654967 0.836652 0.538598 0.099626 0 0 0 0 0 0
4.958179 -0.234235 1.205310 0.277244 -0.259905 -0.924979 0.878237 0.385980 0.282345 0 0 0 0 0 0
5.275539 -0.199720 1.323913 0.314400 0.059338 -0.947434 0.912843 -0.154488 0.377956 0 0 0 0 0 0
5.560037 -0.591209 1.601803 0.299685 0.565441 -0.768417 0.858972 -0.140016 0.492506 0 0 0 0 0 0
5.884699 -0.912878 1.603553 0.302081 0.889090 -0.343899 0.865757 -0.370579 0.336358 0 0 0 0 0 0
6.209046 -1.146460 1.426630 0.309044 0.931101 0.193762 0.873674 -0.482814 0.059868 0 0 0 0 0 0
6.535702 -1.227362 1.155169 0.318802 0.664037 0.676329 0.877074 -0.430156 -0.213792 0 0 0 0 0 0
6.865073 -1.142341 0.900164 0.328355 0.156985 0.931417 0.874387 -0.254622 -0.413057 0 0 0 0 0 0
7.196789 -0.943868 0.742672 0.333946 -0.418536 0.844575 0.865299 -0.002649 -0.501248 0 0 0 0 0 0
7.529448 -0.702526 0.711582 0.332884 -0.838101 0.432174 0.852469 0.275615 -0.444221 0 0 0 0 0 0
7.861071 -0.477242 0.807202 0.325482 -0.934698 -0.142835 0.841307 0.491627 -0.224736 0 0 0 0 0 0
8.190036 -0.328606 1.017289 0.314986 -0.686878 -0.654967 0.836652 0.538598 0.099626 0 0 0 0 0 0
8.629968 -0.245021 1.188104 0.280699 -0.257645 -0.924569 0.884434 0.377737 0.274026 0 0 0 0 0 0
8.950196 -0.191268 1.326313 0.310454 0.059696 -0.948712 0.907596 -0.129160 0.399484 0 0 0 0 0 0
9.228806 -0.592578 1.605722 0.299685 0.565442 -0.768417 0.859451 -0.134692 0.493155 0 0 0 0 0 0
9.478483 0.687261 2.407815 0.302086 -0.889086 0.343905 0.203439 -0.522131 0.828246 0 0 0 0 0 0
9.897061 -0.148390 4.179317 0.309037 -0.931103 -0.193762 0.873678 0.482808 -0.059864 0 0 0 0 0 0
10.223691 -0.067505 4.450777 0.318803 -0.664037 -0.676328 0.877075 0.430151 0.213799 0 0 0 0 0 0
10.553084 -0.152517 4.705776 0.328348 -0.156983 -0.931420 0.874388 0.254633 0.413046 0 0 0 0 0 0
10.884791 -0.350990 4.863272 0.333945 0.418531 -0.844578 0.865302 0.002641 0.501243 0 0 0 0 0 0
11.217458 -0.592339 4.894358 0.332879 0.838103 -0.432176 0.852469 -0.275609 0.444226 0 0 0 0 0 0
11.549062 -0.817609 4.798737 0.325483 0.934698 0.142832 0.841305 -0.491633 0.224727 0 0 0 0 0 0
11.878031 -0.966259 4.588650 0.314985 0.686879 0.654967 0.836646 -0.538609 -0.099618 0 0 0 0 0 0
12.316761 -1.060626 4.400624 0.277243 0.259906 0.924978 0.878238 -0.385976 -0.282348 0 0 0 0 0 0
12.634120 -1.095134 4.282035 0.314408 -0.059340 0.947432 0.912848 0.154494 -0.377943 0 0 0 0 0 0
12.918629 -0.703652 4.004142 0.299686 -0.565443 0.768416 0.858969 0.140017 -0.492512 0 0 0 0 0 0
13.243283 -0.381982 4.002380 0.302086 -0.889086 0.343905 0.865756 0.370582 -0.336356 0 0 0 0 0 0
13.567649 -0.148390 4.179317 0.309037 -0.931103 -0.193762 0.873678 0.482808 -0.059864 0 0 0 0 0 0
13.894270 -0.067508 4.450775 0.318835 -0.664029 -0.676320 0.877082 0.430135 0.213801 0 0 0 0 0 0
14.223717 -0.152509 4.705787 0.328335 -0.156984 -0.931425 0.874375 0.254650 0.413065 0 0 0 0 0 0
14.555301 -0.351000 4.863269 0.333984 0.418525 -0.844566 0.865291 0.002610 0.501264 0 0 0 0 0 0
14.738410 0.137976 6.047158 0.332892 -0.838098 0.432174 0.164406 -0.628452 0.760275 0 0 0 0 0 0
15.203157 -0.475186 7.870452 0.325500 -0.934691 -0.142838 0.841301 0.491636 -0.224736 0 0 0 0 0 0
15.532118 -0.326547 8.080538 0.315017 -0.686870 -0.654961 0.836648 0.538601 0.099646 0 0 0 0 0 0
15.972083 -0.242955 8.251358 0.280678 -0.257647 -0.924574 0.884420 0.377768 0.274031 0 0 0 0 0 0
16.291652 -0.191738 8.385465 0.310402 0.059697 -0.948729 0.908036 -0.135145 0.396492 0 0 0 0 0 0
16.569959 -0.592585 8.664531 0.299643 0.565451 -0.768427 0.859442 -0.134689 0.493171 0 0 0 0 0 0
16.897263 -0.910825 8.666775 0.302129 0.889076 -0.343894 0.865745 -0.370623 0.336340 0 0 0 0 0 0
17.220105 -1.145489 8.486618 0.308995 0.931116 0.193765 0.873468 -0.483892 0.053877 0 0 0 0 0 0
17.547352 -1.227344 8.213971 0.318814 0.664033 0.676327 0.877046 -0.430187 -0.213843 0 0 0 0 0 0
17.876891 -1.142355 7.959007 0.328343 0.156986 0.931421 0.874428 -0.254609 -0.412977 0 0 0 0 0 0
18.208551 -0.943858 7.801494 0.333921 -0.418541 0.844583 0.865275 -0.002650 -0.501291 0 0 0 0 0 0
18.541258 -0.702543 7.770415 0.332826 -0.838120 0.432183 0.852498 0.275558 -0.444201 0 0 0 0 0 0
18.872833 -0.477256 7.866044 0.325437 -0.934712 -0.142841 0.841304 0.491622 -0.224756 0 0 0 0 0 0
19.201798 -0.328620 8.076108 0.314955 -0.686888 -0.654972 0.836653 0.538598 0.099620 0 0 0 0 0 0
19.641740 -0.245032 8.246922 0.280678 -0.257646 -0.924575 0.884437 0.377737 0.274017 0 0 0 0 0 0
19.962006 -0.191267 8.385132 0.310402 0.059697 -0.948729 0.907601 -0.129162 0.399471 0 0 0 0 0 0
20.240548 -0.592585 8.664531 0.299643 0.565451 -0.768427 0.859442 -0.134689 0.493171 0 0 0 0 0 0
20.490189 0.687271 9.466640 0.302068 -0.889091 0.343907 0.203424 -0.522130 0.828250 0 0 0 0 0 0
20.908781 -0.148400 11.238140 0.309055 -0.931097 -0.193761 0.873696 0.482776 -0.059859 0 0 0 0 0 0
21.235512 -0.067500 11.509588 0.318816 -0.664034 -0.676325 0.877098 0.430118 0.213770 0 0 0 0 0 0
21.564860 -0.152520 11.764616 0.328341 -0.156984 -0.931423 0.874356 0.254652 0.413102 0 0 0 0 0 0
21.896484 -0.350997 11.922093 0.333984 0.418525 -0.844566 0.865295 0.002614 0.501256 0 0 0 0 0 0
22.229274 -0.592329 11.953197 0.332892 0.838099 -0.432173 0.852494 -0.275574 0.444199 0 0 0 0 0 0
22.560851 -0.817612 11.857563 0.325502 0.934691 0.142831 0.841307 -0.491634 0.224719 0 0 0 0 0 0
22.889812 -0.966264 11.647471 0.315016 0.686872 0.654960 0.836642 -0.538612 -0.099635 0 0 0 0 0 0
23.328531 -1.060633 11.459427 0.277243 0.259906 0.924978 0.878210 -0.386010 -0.282390 0 0 0 0 0 0
23.645825 -1.095129 11.340857 0.314421 -0.059340 0.947427 0.912842 0.154498 -0.377954 0 0 0 0 0 0
23.930466 -0.703674 11.062963 0.299643 -0.565451 0.768427 0.859011 0.139958 -0.492454 0 0 0 0 0 0
24.254978 -0.381972 11.061222 0.302068 -0.889091 0.343907 0.865723 0.370637 -0.336380 0 0 0 0 0 0
24.554760 -0.139763 11.228266 0.309055 -0.931097 -0.193761 0.853231 0.514131 -0.087561 0 0 0 0 0 0
24.875908 -0.067495 11.489010 0.318753 -0.664049 -0.676340 0.877083 0.430151 0.213767 0 0 0 0 0 0
25.205155 -0.152536 11.744014 0.328341 -0.156984 -0.931423 0.874378 0.254631 0.413070 0 0 0 0 0 0
25.536861 -0.350998 11.901496 0.333986 0.418528 -0.844564 0.865299 0.002613 0.501249 0 0 0 0 0 0
25.723195 0.136745 13.126777 0.332894 -0.838104 0.432162 0.166125 -0.624935 0.762797 0 0 0 0 0 0
26.193909 -0.475187 14.952062 0.325436 -0.934713 -0.142841 0.841279 0.491665 -0.224755 0 0 0 0 0 0
26.522781 -0.326568 15.162172 0.314952 -0.686882 -0.654980 0.836649 0.538603 0.099627 0 0 0 0 0 0
26.962747 -0.242977 15.332904 0.280688 -0.257655 -0.924569 0.884459 0.377718 0.273972 0 0 0 0 0 0
27.282225 -0.191776 15.467101 0.310463 0.059695 -0.948709 0.907955 -0.135174 0.396669 0 0 0 0 0 0
27.560609 -0.592591 15.746187 0.299705 0.565442 -0.768409 0.859430 -0.134680 0.493194 0 0 0 0 0 0
27.888079 -0.910810 15.748448 0.302068 0.889093 -0.343900 0.865775 -0.370552 0.336340 0 0 0 0 0 0
28.547908 0.886932 15.852166 -0.886817 0.000000 -0.462120 -0.668311 -0.727726 -0.154192 0 0 0 0 0 0
24.298588 -0.000001 13.682118 0.000000 1.000000 0.000000 0.000000 0.000000 1.000000 0 0 0 0 0 0
24.702235 -0.000001 13.821294 0.000000 1.000000 0.000000 0.000000 0.000000 1.000000 0 0 0 0 0 0
25.154000 -0.000001 14.404471 0.000000 1.000000 0.000000 0.000000 0.000000 1.000000 0 0 0 0 0 0
24.825647 -0.000001 15.065059 0.000000 1.000000 0.000000 0.000000 0.000000 1.000000 0 0 0 0 0 0
28.163439 -0.439111 18.229099 -0.861572 0.000000 -0.507636 -0.202030 -0.691867 -0.693184 0 0 0 0 0 0
28.165468 -0.957181 18.404781 -0.302069 0.889093 -0.343901 -0.852977 -0.442837 0.276271 0 0 0 0 0 0
27.627080 -1.058150 18.611375 -0.299645 0.565454 -0.768424 -0.860312 -0.440247 0.256993 0 0 0 0 0 0
27.260050 -0.939919 18.754196 -0.310463 0.059697 -0.948709 -0.923936 -0.161489 0.346790 0 0 0 0 0 0
26.796793 -1.110613 18.934304 -0.280678 -0.257643 -0.924575 -0.915544 -0.001152 0.402216 0 0 0 0 0 0
26.620217 -0.649047 19.067555 -0.314956 -0.686893 -0.654966 -0.888361 0.296554 0.350527 0 0 0 0 0 0
26.255550 -0.325142 18.980098 -0.325502 -0.934690 -0.142838 -0.875624 0.415545 0.246182 0 0 0 0 0 0
25.924761 -0.172538 18.778604 -0.332893 -0.838101 0.432168 -0.865772 0.500387 -0.007198 0 0 0 0 0 0
25.592765 -0.145550 18.536262 -0.333980 -0.418520 0.844570 -0.852275 0.438245 -0.285602 0 0 0 0 0 0
25.261138 -0.244921 18.310768 -0.328348 0.156987 0.931420 -0.840882 0.213524 -0.497317 0 0 0 0 0 0
24.931753 -0.458754 18.163762 -0.318753 0.664049 0.676340 -0.836276 -0.111393 -0.536874 0 0 0 0 0 0
24.605119 -0.734598 18.161878 -0.309053 0.931091 0.193793 -0.839645 -0.400920 -0.366415 0 0 0 0 0 0
24.311225 -0.969166 18.350589 -0.302069 0.889093 -0.343901 -0.835888 -0.548527 -0.020263 0 0 0 0 0 0
23.986703 -1.058150 18.631987 -0.299645 0.565454 -0.768424 -0.860312 -0.440247 0.256993 0 0 0 0 0 0
23.619291 -0.936583 18.755118 -0.314423 0.059340 -0.947426 -0.929870 -0.154540 0.333856 0 0 0 0 0 0
23.156215 -1.114719 18.953971 -0.277245 -0.259908 -0.924977 -0.906776 -0.018113 0.421223 0 0 0 0 0 0
22.982011 -0.647668 19.087479 -0.315019 -0.686878 -0.654952 -0.888850 0.294314 0.351176 0 0 0 0 0 0
22.615109 -0.325152 19.000741 -0.325502 -0.934690 -0.142838 -0.875668 0.415456 0.246175 0 0 0 0 0 0
22.284409 -0.172562 18.799124 -0.332893 -0.838101 0.432168 -0.865796 0.500343 -0.007380 0 0 0 0 0 0
21.952367 -0.145555 18.556837 -0.334000 -0.418546 0.844549 -0.852306 0.438218 -0.285552 0 0 0 0 0 0
21.620752 -0.244929 18.331370 -0.328348 0.156987 0.931420 -0.840876 0.213544 -0.497319 0 0 0 0 0 0
21.291519 -0.458782 18.184374 -0.318816 0.664034 0.676325 -0.836222 -0.111473 -0.536942 0 0 0 0 0 0
20.964677 -0.734586 18.182458 -0.309053 0.931091 0.193793 -0.839697 -0.400832 -0.366391 0 0 0 0 0 0
20.639868 -0.969410 18.350552 -0.302069 0.889093 -0.343901 -0.848971 -0.525462 -0.056020 0 0 0 0 0 0
20.316115 -1.058150 18.631987 -0.299645 0.565454 -0.768424 -0.860312 -0.440247 0.256993 0 0 0 0 0 0
19.949072 -0.939910 18.774683 -0.310484 0.059701 -0.948702 -0.923975 -0.161451 0.346703 0 0 0 0 0 0
19.483914 -1.112549 18.951048 -0.280744 -0.257642 -0.924556 -0.917139 -0.003146 0.398554 0 0 0 0 0 0
19.308332 -0.651115 19.083811 -0.315005 -0.686845 -0.654993 -0.888355 0.296664 0.350450 0 0 0 0 0 0
18.943561 -0.327188 18.996199 -0.325501 -0.934691 -0.142838 -0.875707 0.415441 0.246061 0 0 0 0 0 0
18.612809 -0.174592 18.794697 -0.332893 -0.838101 0.432168 -0.865772 0.500387 -0.007197 0 0 0 0 0 0
18.280792 -0.147599 18.552349 -0.333915 -0.418530 0.844591 -0.852254 0.438290 -0.285597 0 0 0 0 0 0
17.949384 -0.247006 18.326862 -0.328326 0.156976 0.931429 -0.840832 0.213504 -0.497411 0 0 0 0 0 0
17.779738 -0.460754 17.526557 -0.318815 -0.664036 -0.676323 -0.149187 -0.622414 -0.768339 0 0 0 0 0 0
17.276582 -0.560284 15.658681 -0.308997 -0.931122 -0.193733 -0.839696 0.400855 0.366368 0 0 0 0 0 0
16.952278 -0.322653 15.493811 -0.302129 -0.889076 0.343894 -0.846593 0.528486 0.063107 0 0 0 0 0 0
16.628944 -0.234631 15.213683 -0.299645 -0.565454 0.768424 -0.860364 0.440191 -0.256917 0 0 0 0 0 0
16.261942 -0.352894 15.070954 -0.310398 -0.059697 0.948730 -0.923965 0.161495 -0.346709 0 0 0 0 0 0
15.798828 -0.182185 14.890781 -0.280678 0.257647 0.924574 -0.915508 0.001226 -0.402297 0 0 0 0 0 0
15.622292 -0.643779 14.757512 -0.315023 0.686882 0.654945 -0.888316 -0.296653 -0.350558 0 0 0 0 0 0
15.257419 -0.967641 14.844967 -0.325502 0.934696 0.142803 -0.875666 -0.415458 -0.246177 0 0 0 0 0 0
14.926699 -1.120244 15.046517 -0.332889 0.838090 -0.432192 -0.865777 -0.500377 0.007292 0 0 0 0 0 0
14.594651 -1.147259 15.288799 -0.333927 0.418545 -0.844578 -0.852279 -0.438269 0.285555 0 0 0 0 0 0
14.263141 -1.047873 15.514251 -0.328335 -0.156982 -0.931425 -0.840902 -0.213521 0.497284 0 0 0 0 0 0
13.933845 -0.834021 15.661267 -0.318822 -0.664032 -0.676324 -0.836230 0.111473 0.536929 0 0 0 0 0 0
13.606971 -0.558215 15.663192 -0.309041 -0.931095 -0.193794 -0.839689 0.400838 0.366404 0 0 0 0 0 0
13.282270 -0.323388 15.495077 -0.302081 -0.889090 0.343899 -0.848933 0.525526 0.055999 0 0 0 0 0 0
12.958491 -0.234654 15.213664 -0.299687 -0.565446 0.768413 -0.860330 0.440214 -0.256988 0 0 0 0 0 0
12.590989 -0.356208 15.090517 -0.314382 -0.059334 0.947441 -0.929866 0.154577 -0.333850 0 0 0 0 0 0
12.128032 -0.178101 14.891685 -0.277245 0.259906 0.924978 -0.906770 0.018107 -0.421237 0 0 0 0 0 0
12.089495 -0.139894 13.902981 -0.314985 -0.686879 -0.654967 -0.161180 -0.544949 -0.822832 0 0 0 0 0 0
11.603330 -0.325159 11.941837 -0.325483 -0.934698 -0.142832 -0.875681 0.415457 0.246126 0 0 0 0 0 0
11.272599 -0.172547 11.740314 -0.332879 -0.838103 0.432176 -0.865769 0.500393 -0.007213 0 0 0 0 0 0
10.940592 -0.145553 11.497997 -0.333945 -0.418531 0.844578 -0.852268 0.438265 -0.285592 0 0 0 0 0 0
10.609068 -0.244936 11.272505 -0.328348 0.156983 0.931420 -0.840865 0.213517 -0.497350 0 0 0 0 0 0
10.279688 -0.458769 11.125523 -0.318803 0.664037 0.676328 -0.836281 -0.111433 -0.536858 0 0 0 0 0 0
9.952899 -0.734585 11.123681 -0.309037 0.931103 0.193762 -0.839682 -0.400870 -0.366384 0 0 0 0 0 0
9.628174 -0.969414 11.291696 -0.302086 0.889086 -0.343905 -0.848913 -0.525551 -0.056067 0 0 0 0 0 0
9.304387 -1.058155 11.573119 -0.299686 0.565443 -0.768416 -0.860332 -0.440209 0.256992 0 0 0 0 0 0
8.937287 -0.939930 11.715916 -0.310454 0.059698 -0.948712 -0.923946 -0.161487 0.346764 0 0 0 0 0 0
8.472128 -1.112550 11.892178 -0.280698 -0.257646 -0.924569 -0.917196 -0.003133 0.398424 0 0 0 0 0 0
8.296621 -0.651104 12.024902 -0.314987 -0.686881 -0.654965 -0.888356 0.296612 0.350494 0 0 0 0 0 0
7.931821 -0.327213 11.937419 -0.325482 -0.934698 -0.142832 -0.875677 0.415457 0.246142 0 0 0 0 0 0
7.601095 -0.174602 11.735895 -0.332885 -0.838101 0.432175 -0.865770 0.500389 -0.007215 0 0 0 0 0 0
7.269078 -0.147603 11.493577 -0.333947 -0.418534 0.844576 -0.852268 0.438262 -0.285597 0 0 0 0 0 0
6.937563 -0.246990 11.268086 -0.328354 0.156982 0.931418 -0.840867 0.213514 -0.497347 0 0 0 0 0 0
6.767979 -0.460742 10.467726 -0.318801 -0.664036 -0.676330 -0.149159 -0.622415 -0.768343 0 0 0 0 0 0
6.264907 -0.560271 8.599911 -0.309044 -0.931101 -0.193762 -0.839685 0.400864 0.366383 0 0 0 0 0 0
5.940155 -0.325439 8.431904 -0.302081 -0.889090 0.343899 -0.848917 0.525544 0.056059 0 0 0 0 0 0
5.616401 -0.236707 8.150457 -0.299684 -0.565440 0.768419 -0.860325 0.440219 -0.256998 0 0 0 0 0 0
5.248899 -0.358259 8.027322 -0.314399 -0.059337 0.947435 -0.929873 0.154550 -0.333843 0 0 0 0 0 0
4.785936 -0.180144 7.828444 -0.277243 0.259904 0.924979 -0.906754 0.018119 -0.421271 0 0 0 0 0 0
4.611596 -0.647167 7.694952 -0.314987 0.686880 0.654965 -0.888902 -0.294261 -0.351089 0 0 0 0 0 0
4.244742 -0.969695 7.781742 -0.325482 0.934697 0.142839 -0.875680 -0.415460 -0.246126 0 0 0 0 0 0
3.914021 -1.122316 7.983284 -0.332884 0.838101 -0.432173 -0.865769 -0.500391 0.007219 0 0 0 0 0 0
3.581986 -1.149314 8.225588 -0.333947 0.418536 -0.844575 -0.852277 -0.438257 0.285579 0 0 0 0 0 0
3.250486 -1.049917 8.451079 -0.328356 -0.156985 -0.931417 -0.840860 -0.213515 0.497358 0 0 0 0 0 0
2.921094 -0.836092 8.598075 -0.318801 -0.664036 -0.676330 -0.836273 0.111434 0.536870 0 0 0 0 0 0
2.594319 -0.560271 8.599911 -0.309044 -0.931101 -0.193762 -0.839685 0.400864 0.366383 0 0 0 0 0 0
2.269567 -0.325439 8.431904 -0.302081 -0.889090 0.343899 -0.848917 0.525544 0.056059 0 0 0 0 0 0
1.945813 -0.236707 8.150457 -0.299684 -0.565440 0.768419 -0.860325 0.440219 -0.256998 0 0 0 0 0 0
1.578703 -0.354927 8.007679 -0.310456 -0.059697 0.948711 -0.923950 0.161482 -0.346757 0 0 0 0 0 0
1.115554 -0.184241 7.827505 -0.280701 0.257645 0.924568 -0.915508 0.001194 -0.402298 0 0 0 0 0 0
1.075736 -0.142731 6.839910 -0.314989 -0.686880 -0.654964 -0.160843 -0.544768 -0.823017 0 0 0 0 0 0
0.590640 -0.327214 4.878597 -0.325482 -0.934698 -0.142832 -0.875678 0.415453 0.246142 0 0 0 0 0 0
0.259921 -0.174601 4.677070 -0.332884 -0.838101 0.432175 -0.865767 0.500395 -0.007216 0 0 0 0 0 0
-0.072102 -0.147603 4.434756 -0.333947 -0.418534 0.844576 -0.852273 0.438257 -0.285591 0 0 0 0 0 0
-0.403613 -0.246991 4.209261 -0.328353 0.156982 0.931419 -0.840862 0.213516 -0.497355 0 0 0 0 0 0
-0.733000 -0.460824 4.062265 -0.318802 0.664034 0.676331 -0.836277 -0.111430 -0.536866 0 0 0 0 0 0
-1.059779 -0.736640 4.060441 -0.309041 0.931101 0.193762 -0.839689 -0.400870 -0.366369 0 0 0 0 0 0
-1.384525 -0.971477 4.228439 -0.302082 0.889090 -0.343898 -0.848912 -0.525550 -0.056078 0 0 0 0 0 0
-1.708287 -1.060199 4.509881 -0.299685 0.565438 -0.768420 -0.860330 -0.440211 0.256996 0 0 0 0 0 0
-2.075789 -0.938650 4.633016 -0.314399 0.059332 -0.947435 -0.929870 -0.154561 0.333844 0 0 0 0 0 0
-2.538753 -1.116774 4.831893 -0.277243 -0.259903 -0.924979 -0.906754 -0.018115 0.421271 0 0 0 0 0 0
-2.713091 -0.649743 4.965386 -0.314987 -0.686881 -0.654965 -0.888902 0.294259 0.351090 0 0 0 0 0 0
-3.079944 -0.327213 4.878596 -0.325482 -0.934698 -0.142832 -0.875677 0.415457 0.246142 0 0 0 0 0 0
-3.410669 -0.174602 4.677071 -0.332885 -0.838101 0.432175 -0.865770 0.500389 -0.007215 0 0 0 0 0 0
-3.742687 -0.147603 4.434754 -0.333947 -0.418534 0.844576 -0.852268 0.438262 -0.285597 0 0 0 0 0 0
-4.085337 -0.242629 4.205734 -0.328354 0.156983 0.931418 -0.845651 0.216708 -0.487762 0 0 0 0 0 0
-4.257350 -0.458688 3.402789 -0.318803 -0.664035 -0.676330 -0.149163 -0.622415 -0.768343 0 0 0 0 0 0
-4.760413 -0.558215 1.534974 -0.309043 -0.931101 -0.193762 -0.839677 0.400878 0.366388 0 0 0 0 0 0
-5.085160 -0.323387 1.366966 -0.302086 -0.889086 0.343904 -0.848917 0.525544 0.056071 0 0 0 0 0 0
-5.408941 -0.234650 1.085536 -0.299679 -0.565443 0.768418 -0.860331 0.440210 -0.256994 0 0 0 0 0 0
-5.776411 -0.356210 0.962392 -0.314407 -0.059337 0.947432 -0.929869 0.154550 -0.333853 0 0 0 0 0 0
-6.239403 -0.178086 0.763514 -0.277238 0.259905 0.924980 -0.906757 0.018125 -0.421263 0 0 0 0 0 0
-6.413714 -0.645115 0.630019 -0.314992 0.686877 0.654965 -0.888898 -0.294270 -0.351093 0 0 0 0 0 0
-6.780594 -0.967648 0.716811 -0.325481 0.934698 0.142835 -0.875682 -0.415451 -0.246132 0 0 0 0 0 0
-7.111300 -1.120256 0.918349 -0.332885 0.838100 -0.432175 -0.865766 -0.500397 0.007224 0 0 0 0 0 0
-7.443332 -1.147254 1.160649 -0.333947 0.418534 -0.844576 -0.852276 -0.438258 0.285580 0 0 0 0 0 0
-7.774834 -1.047872 1.386155 -0.328354 -0.156977 -0.931419 -0.840856 -0.213517 0.497365 0 0 0 0 0 0
-8.104232 -0.834034 1.533137 -0.318803 -0.664035 -0.676330 -0.836287 0.111428 0.536849 0 0 0 0 0 0
-8.431001 -0.558215 1.534974 -0.309043 -0.931101 -0.193762 -0.839677 0.400878 0.366388 0 0 0 0 0 0
-8.755748 -0.323387 1.366966 -0.302086 -0.889086 0.343904 -0.848917 0.525544 0.056071 0 0 0 0 0 0
-9.079529 -0.234650 1.085536 -0.299679 -0.565443 0.768418 -0.860331 0.440210 -0.256994 0 0 0 0 0 0
-9.446606 -0.352879 0.942743 -0.310461 -0.059696 0.948710 -0.923944 0.161485 -0.346770 0 0 0 0 0 0
-9.909783 -0.182182 0.762575 -0.280699 0.257646 0.924568 -0.915515 0.001199 -0.402282 0 0 0 0 0 0
-9.949585 -0.140676 -0.225016 -0.314985 -0.686880 -0.654966 -0.160839 -0.544768 -0.823018 0 0 0 0 0 0
-10.434683 -0.325162 -2.186340 -0.325483 -0.934698 -0.142832 -0.875687 0.415445 0.246127 0 0 0 0 0 0
-10.765401 -0.172546 -2.387867 -0.332885 -0.838101 0.432174 -0.865764 0.500401 -0.007221 0 0 0 0 0 0
-11.097431 -0.145551 -2.630170 -0.333948 -0.418535 0.844575 -0.852277 0.438256 -0.285580 0 0 0 0 0 0
-11.428931 -0.244938 -2.855675 -0.328354 0.156983 0.931418 -0.840855 0.213520 -0.497365 0 0 0 0 0 0
-11.758320 -0.458770 -3.002658 -0.318803 0.664037 0.676328 -0.836279 -0.111433 -0.536862 0 0 0 0 0 0
-12.085099 -0.734584 -3.004498 -0.309043 0.931101 0.193762 -0.839685 -0.400869 -0.366379 0 0 0 0 0 0
-12.409849 -0.969415 -2.836486 -0.302080 0.889087 -0.343905 -0.848916 -0.525545 -0.056073 0 0 0 0 0 0
-12.733607 -1.058153 -2.555058 -0.299686 0.565443 -0.768416 -0.860327 -0.440215 0.256999 0 0 0 0 0 0
-13.101106 -0.936600 -2.431917 -0.314401 0.059340 -0.947434 -0.929873 -0.154552 0.333843 0 0 0 0 0 0
-13.564068 -1.114712 -2.233039 -0.277245 -0.259907 -0.924978 -0.906752 -0.018125 0.421275 0 0 0 0 0 0
-13.738400 -0.647697 -2.099541 -0.315016 -0.686873 -0.654959 -0.888905 0.294261 0.351081 0 0 0 0 0 0
-14.105306 -0.325155 -2.186332 -0.325502 -0.934691 -0.142831 -0.875680 0.415457 0.246128 0 0 0 0 0 0
-14.436037 -0.172542 -2.387860 -0.332892 -0.838099 0.432173 -0.865772 0.500386 -0.007215 0 0 0 0 0 0
-14.768064 -0.145547 -2.630174 -0.333922 -0.418539 0.844584 -0.852266 0.438277 -0.285580 0 0 0 0 0 0
-15.099457 -0.244954 -2.855678 -0.328341 0.156984 0.931423 -0.840823 0.213527 -0.497417 0 0 0 0 0 0
-15.269110 -0.458686 -3.656033 -0.318816 -0.664033 -0.676325 -0.149186 -0.622413 -0.768340 0 0 0 0 0 0
-15.772274 -0.558220 -5.523836 -0.308994 -0.931117 -0.193765 -0.839683 0.400849 0.366405 0 0 0 0 0 0
-16.096886 -0.323398 -5.691873 -0.302068 -0.889091 0.343906 -0.848900 0.525572 0.056063 0 0 0 0 0 0
-16.420664 -0.234659 -5.973286 -0.299704 -0.565440 0.768411 -0.860332 0.440201 -0.257006 0 0 0 0 0 0
-16.787797 -0.352873 -6.116089 -0.310467 -0.059696 0.948708 -0.923939 0.161490 -0.346783 0 0 0 0 0 0
-17.250486 -0.183512 -6.299845 -0.280678 0.257646 0.924575 -0.914655 -0.000043 -0.404234 0 0 0 0 0 0
-17.428392 -0.645829 -6.433910 -0.315018 0.686873 0.654958 -0.888317 -0.296679 -0.350534 0 0 0 0 0 0
-17.793263 -0.969700 -6.346446 -0.325501 0.934690 0.142838 -0.875680 -0.415460 -0.246124 0 0 0 0 0 0
-18.123986 -1.122321 -6.144899 -0.332891 0.838099 -0.432172 -0.865771 -0.500388 0.007217 0 0 0 0 0 0
-18.455997 -1.149314 -5.902594 -0.333986 0.418530 -0.844563 -0.852287 -0.438234 0.285584 0 0 0 0 0 0
-18.787614 -1.049936 -5.677083 -0.328341 -0.156985 -0.931422 -0.840873 -0.213532 0.497330 0 0 0 0 0 0
-19.116854 -0.836069 -5.530106 -0.318814 -0.664033 -0.676327 -0.836234 0.111484 0.536920 0 0 0 0 0 0
-19.443688 -0.560277 -5.528261 -0.309056 -0.931097 -0.193761 -0.839709 0.400833 0.366363 0 0 0 0 0 0
-19.768383 -0.325433 -5.696284 -0.302129 -0.889076 0.343894 -0.848900 0.525576 0.056030 0 0 0 0 0 0
-20.092322 -0.236683 -5.977703 -0.299642 -0.565448 0.768429 -0.860358 0.440195 -0.256927 0 0 0 0 0 0
-20.459694 -0.358273 -6.100855 -0.314353 -0.059338 0.947450 -0.929869 0.154555 -0.333852 0 0 0 0 0 0
-20.922657 -0.180140 -6.299704 -0.277243 0.259904 0.924979 -0.906778 0.018125 -0.421219 0 0 0 0 0 0
-20.961264 -0.141949 -7.288440 -0.314954 -0.686885 -0.654976 -0.161166 -0.544950 -0.822834 0 0 0 0 0 0
-21.447265 -0.327197 -9.249608 -0.325501 -0.934692 -0.142831 -0.875637 0.415544 0.246135 0 0 0 0 0 0
-21.778060 -0.174596 -9.451104 -0.332892 -0.838099 0.432173 -0.865772 0.500387 -0.007213 0 0 0 0 0 0
-22.110065 -0.147603 -9.693419 -0.333986 -0.418528 0.844564 -0.852285 0.438232 -0.285592 0 0 0 0 0 0
-22.441688 -0.246974 -9.918923 -0.328341 0.156983 0.931423 -0.840876 0.213529 -0.497325 0 0 0 0 0 0
-22.771067 -0.460817 -10.065898 -0.318753 0.664049 0.676340 -0.836287 -0.111398 -0.536856 0 0 0 0 0 0
-23.097695 -0.736641 -10.067715 -0.309055 0.931097 0.193761 -0.839657 -0.400924 -0.366383 0 0 0 0 0 0
-23.421121 -0.968872 -9.896242 -0.302068 0.889091 -0.343907 -0.850156 -0.524283 -0.048600 0 0 0 0 0 0
-23.745323 -1.058146 -9.613881 -0.299704 0.565440 -0.768411 -0.860330 -0.440205 0.257005 0 0 0 0 0 0
-24.112834 -0.936599 -9.490730 -0.314421 0.059340 -0.947427 -0.929862 -0.154548 0.333873 0 0 0 0 0 0
-24.575824 -1.114721 -9.291859 -0.277245 -0.259908 -0.924977 -0.906761 -0.018134 0.421254 0 0 0 0 0 0
-24.750162 -0.647704 -9.158361 -0.315016 -0.686872 -0.654960 -0.888916 0.294240 0.351071 0 0 0 0 0 0
-25.117070 -0.325155 -9.245156 -0.325502 -0.934691 -0.142831 -0.875682 0.415457 0.246124 0 0 0 0 0 0
-25.447802 -0.172542 -9.446684 -0.332892 -0.838099 0.432173 -0.865772 0.500387 -0.007214 0 0 0 0 0 0
-25.779829 -0.145546 -9.688997 -0.333921 -0.418538 0.844584 -0.852265 0.438279 -0.285579 0 0 0 0 0 0
-26.111221 -0.244954 -9.914501 -0.328341 0.156984 0.931423 -0.840823 0.213526 -0.497417 0 0 0 0 0 0
-26.308759 -0.457390 -10.729116 -0.318815 -0.664030 -0.676329 -0.156547 -0.619899 -0.768907 0 0 0 0 0 0
-26.816489 -0.558222 -12.597010 -0.309055 -0.931097 -0.193761 -0.839707 0.400831 0.366368 0 0 0 0 0 0
-27.141182 -0.323381 -12.765032 -0.302129 -0.889076 0.343894 -0.848900 0.525575 0.056030 0 0 0 0 0 0
-27.465122 -0.234631 -13.046451 -0.299642 -0.565448 0.768429 -0.860358 0.440195 -0.256927 0 0 0 0 0 0
-27.832117 -0.352886 -13.189244 -0.310402 -0.059697 0.948729 -0.923949 0.161493 -0.346754 0 0 0 0 0 0
-28.294671 -0.183570 -13.372934 -0.280688 0.257655 0.924569 -0.914632 -0.000110 -0.404288 0 0 0 0 0 0
-28.472776 -0.645787 -13.507041 -0.314960 0.686897 0.654960 -0.888359 -0.296571 -0.350520 0 0 0 0 0 0
-28.837566 -0.969677 -13.419602 -0.325502 0.934691 0.142831 -0.875687 -0.415428 -0.246155 0 0 0 0 0 0
-29.168363 -1.122319 -13.218072 -0.332890 0.838097 -0.432178 -0.865768 -0.500393 0.007215 0 0 0 0 0 0
-29.500394 -1.149320 -12.975758 -0.333918 0.418538 -0.844585 -0.852264 -0.438279 0.285582 0 0 0 0 0 0
-29.831785 -1.049902 -12.750264 -0.328341 -0.156985 -0.931422 -0.840828 -0.213519 0.497411 0 0 0 0 0 0
-30.161213 -0.836101 -12.603279 -0.318814 -0.664033 -0.676327 -0.836308 0.111413 0.536821 0 0 0 0 0 0
-30.488085 -0.560271 -12.601424 -0.308994 -0.931115 -0.193772 -0.839687 0.400850 0.366394 0 0 0 0 0 0
-30.812698 -0.325448 -12.769465 -0.302068 -0.889093 0.343900 -0.848902 0.525569 0.056061 0 0 0 0 0 0
-31.136473 -0.236713 -13.050889 -0.299702 -0.565437 0.768414 -0.860329 0.440209 -0.257004 0 0 0 0 0 0
-31.503987 -0.358260 -13.174034 -0.314419 -0.059337 0.947428 -0.929862 0.154546 -0.333874 0 0 0 0 0 0
-31.966986 -0.180143 -13.372843 -0.277252 0.259913 0.924974 -0.906786 0.018112 -0.421202 0 0 0 0 0 0
-32.141337 -0.647148 -13.506356 -0.314960 0.686897 0.654960 -0.888900 -0.294228 -0.351123 0 0 0 0 0 0
-32.508154 -0.969677 -13.419602 -0.325502 0.934691 0.142831 -0.875687 -0.415428 -0.246155 0 0 0 0 0 0
-32.838951 -1.122319 -13.218072 -0.332890 0.838097 -0.432178 -0.865768 -0.500393 0.007215 0 0 0 0 0 0
-33.170982 -1.149320 -12.975758 -0.333918 0.418538 -0.844585 -0.852264 -0.438279 0.285582 0 0 0 0 0 0
-33.502374 -1.049902 -12.750264 -0.328341 -0.156985 -0.931422 -0.840828 -0.213519 0.497411 0 0 0 0 0 0
-33.831801 -0.836101 -12.603279 -0.318814 -0.664033 -0.676327 -0.836308 0.111413 0.536821 0 0 0 0 0 0
-34.158673 -0.560271 -12.601424 -0.308994 -0.931115 -0.193772 -0.839687 0.400850 0.366394 0 0 0 0 0 0
-35.339070 -0.924245 -12.092405 0.935480 0.000000 0.353379 0.314134 0.807175 0.499788 0 0 0 0 0 0
-29.687294 0.000000 -9.771153 0.000000 1.000000 0.000000 0.000000 0.000000 1.000000 0 0 0 0 0 0
-30.090941 0.000000 -9.631976 0.000000 1.000000 0.000000 0.000000 0.000000 1.000000 0 0 0 0 0 0
-30.542706 0.000000 -9.048835 0.000000 1.000000 0.000000 0.000000 0.000000 1.000000 0 0 0 0 0 0
-30.214353 0.000000 -8.388200 0.000000 1.000000 0.000000 0.000000 0.000000 1.000000 0 0 0 0 0 0
-34.736087 0.468327 -9.164438 0.954798 0.000000 0.297255 0.047422 -0.347096 -0.936630 0 0 0 0 0 0
-34.422351 -0.168863 -9.921853 0.309055 -0.931097 -0.193761 0.862042 0.434386 0.261138 0 0 0 0 0 0
-33.871311 -0.069553 -9.696175 0.318814 -0.664031 -0.676328 0.877096 0.430127 0.213761 0 0 0 0 0 0
-33.541984 -0.154574 -9.441159 0.328405 -0.156979 -0.931401 0.874372 0.254615 0.413091 0 0 0 0 0 0
-33.210113 -0.353022 -9.283668 0.333921 0.418538 -0.844584 0.865326 0.002678 0.501202 0 0 0 0 0 0
-32.877612 -0.594399 -9.252593 0.332891 0.838096 -0.432179 0.852445 -0.275656 0.444243 0 0 0 0 0 0
-32.545974 -0.819677 -9.348207 0.325501 0.934692 0.142831 0.841304 -0.491634 0.224732 0 0 0 0 0 0
-32.217012 -0.968311 -9.558294 0.315018 0.686873 0.654957 0.836651 -0.538596 -0.099648 0 0 0 0 0 0
-31.778175 -1.062693 -9.746302 0.277243 0.259903 0.924979 0.878268 -0.385957 -0.282281 0 0 0 0 0 0
-31.460854 -1.097195 -9.864920 0.314419 -0.059332 0.947428 0.912838 0.154488 -0.377968 0 0 0 0 0 0
-31.176360 -0.705694 -10.142818 0.299703 -0.565434 0.768415 0.858957 0.140042 -0.492526 0 0 0 0 0 0
-30.851642 -0.384036 -10.144569 0.302068 -0.889094 0.343900 0.865774 0.370538 -0.336359 0 0 0 0 0 0
-30.527441 -0.150438 -9.967606 0.309055 -0.931097 -0.193761 0.873628 0.482903 -0.059824 0 0 0 0 0 0
-30.200722 -0.069553 -9.696175 0.318814 -0.664031 -0.676328 0.877096 0.430127 0.213761 0 0 0 0 0 0
-29.871396 -0.154574 -9.441159 0.328405 -0.156979 -0.931401 0.874372 0.254615 0.413091 0 0 0 0 0 0
-29.539525 -0.353022 -9.283668 0.333921 0.418538 -0.844584 0.865326 0.002678 0.501202 0 0 0 0 0 0
-29.356694 0.135931 -8.099786 0.332891 -0.838099 0.432172 0.164384 -0.628453 0.760279 0 0 0 0 0 0
-28.891901 -0.477237 -6.276502 0.325502 -0.934691 -0.142831 0.841300 0.491636 -0.224740 0 0 0 0 0 0
-28.562798 -0.328601 -6.066440 0.314955 -0.686888 -0.654972 0.836704 0.538527 0.099569 0 0 0 0 0 0
-28.122919 -0.245032 -5.895600 0.280678 -0.257646 -0.924575 0.884437 0.377737 0.274017 0 0 0 0 0 0
-27.802652 -0.191267 -5.757391 0.310402 0.059697 -0.948729 0.907601 -0.129162 0.399471 0 0 0 0 0 0
-27.524110 -0.592584 -5.477992 0.299642 0.565448 -0.768429 0.859443 -0.134697 0.493167 0 0 0 0 0 0
-27.196809 -0.910831 -5.475751 0.302129 0.889076 -0.343894 0.865744 -0.370617 0.336347 0 0 0 0 0 0
-26.872314 -1.144425 -5.652638 0.309055 0.931097 0.193761 0.873672 -0.482817 0.059874 0 0 0 0 0 0
-26.545666 -1.225303 -5.924107 0.318815 0.664030 0.676329 0.877096 -0.430121 -0.213773 0 0 0 0 0 0
-26.185545 -1.142469 -6.160866 0.328342 0.156978 0.931423 0.891082 -0.248761 -0.379593 0 0 0 0 0 0
-25.852060 -0.941808 -6.322264 0.333921 -0.418538 0.844585 0.865276 -0.002641 -0.501288 0 0 0 0 0 0
-25.519495 -0.700460 -6.353336 0.332892 -0.838098 0.432174 0.852448 0.275656 -0.444237 0 0 0 0 0 0
-25.187713 -0.475202 -6.257750 0.325436 -0.934713 -0.142841 0.841353 0.491535 -0.224762 0 0 0 0 0 0
-24.858817 -0.326567 -6.047641 0.314954 -0.686885 -0.654976 0.836651 0.538601 0.099622 0 0 0 0 0 0
-24.420112 -0.232197 -5.859624 0.277245 -0.259906 -0.924978 0.878233 0.385976 0.282364 0 0 0 0 0 0
-24.102738 -0.197670 -5.741023 0.314421 0.059337 -0.947427 0.912839 -0.154487 0.377967 0 0 0 0 0 0
-23.818241 -0.589160 -5.463126 0.299704 0.565440 -0.768411 0.858954 -0.140035 0.492532 0 0 0 0 0 0
-23.571226 0.687250 -4.661546 0.302068 -0.889091 0.343907 0.203455 -0.522138 0.828238 0 0 0 0 0 0
-23.152672 -0.149202 -2.892982 0.309055 -0.931097 -0.193761 0.872965 0.483354 -0.065583 0 0 0 0 0 0
-22.826915 -0.069548 -2.623005 0.318753 -0.664049 -0.676340 0.877082 0.430151 0.213767 0 0 0 0 0 0
-22.497669 -0.154591 -2.368000 0.328341 -0.156983 -0.931423 0.874378 0.254631 0.413069 0 0 0 0 0 0
-22.165962 -0.353051 -2.210513 0.333985 0.418527 -0.844565 0.865297 0.002614 0.501252 0 0 0 0 0 0
-21.833173 -0.594380 -2.179404 0.332892 0.838099 -0.432172 0.852491 -0.275574 0.444204 0 0 0 0 0 0
-21.501595 -0.819672 -2.275033 0.325501 0.934692 0.142831 0.841304 -0.491637 0.224723 0 0 0 0 0 0
-21.172616 -0.968317 -2.485132 0.314955 0.686886 0.654974 0.836623 -0.538644 -0.099623 0 0 0 0 0 0
-20.733997 -1.062658 -2.673152 0.277243 0.259903 0.924979 0.878229 -0.385981 -0.282369 0 0 0 0 0 0
-20.416618 -1.097195 -2.791753 0.314419 -0.059332 0.947428 0.912838 0.154488 -0.377968 0 0 0 0 0 0
-20.131984 -0.705722 -3.069648 0.299642 -0.565446 0.768431 0.859014 0.139964 -0.492448 0 0 0 0 0 0
-19.807472 -0.384021 -3.071372 0.302067 -0.889092 0.343906 0.865727 0.370634 -0.336373 0 0 0 0 0 0
-19.483078 -0.150455 -2.894457 0.309055 -0.931097 -0.193761 0.873696 0.482775 -0.059859 0 0 0 0 0 0
-19.156327 -0.069548 -2.623005 0.318753 -0.664049 -0.676340 0.877082 0.430151 0.213767 0 0 0 0 0 0
-18.827080 -0.154591 -2.368000 0.328341 -0.156983 -0.931423 0.874378 0.254631 0.413069 0 0 0 0 0 0
-18.495374 -0.353051 -2.210513 0.333985 0.418527 -0.844565 0.865297 0.002614 0.501252 0 0 0 0 0 0
-18.312272 0.135923 -1.026619 0.332891 -0.838099 0.432173 0.164405 -0.628453 0.760275 0 0 0 0 0 0
-17.847527 -0.477240 0.796673 0.325501 -0.934691 -0.142834 0.841303 0.491636 -0.224727 0 0 0 0 0 0
-17.518564 -0.328601 1.006761 0.315017 -0.686871 -0.654960 0.836649 0.538600 0.099643 0 0 0 0 0 0
-17.078601 -0.245009 1.177584 0.280679 -0.257647 -0.924574 0.884419 0.377766 0.274035 0 0 0 0 0 0
-16.758438 -0.191267 1.315768 0.310467 0.059696 -0.948708 0.907609 -0.129145 0.399458 0 0 0 0 0 0
-16.479810 -0.592583 1.595195 0.299703 0.565439 -0.768412 0.859437 -0.134710 0.493175 0 0 0 0 0 0
-16.152345 -0.910819 1.597465 0.302068 0.889091 -0.343906 0.865772 -0.370544 0.336356 0 0 0 0 0 0
-15.828000 -1.144410 1.420518 0.308994 0.931117 0.193765 0.873680 -0.482802 0.059879 0 0 0 0 0 0
-15.501495 -1.225283 1.149040 0.318816 0.664032 0.676327 0.877052 -0.430176 -0.213842 0 0 0 0 0 0
-15.171957 -1.140296 0.894070 0.328341 0.156978 0.931424 0.874422 -0.254627 -0.412979 0 0 0 0 0 0
-14.840295 -0.941808 0.736562 0.333921 -0.418538 0.844584 0.865278 -0.002640 -0.501285 0 0 0 0 0 0
-14.507730 -0.700460 0.705486 0.332892 -0.838098 0.432174 0.852447 0.275656 -0.444240 0 0 0 0 0 0
-14.175952 -0.475204 0.801072 0.325449 -0.934709 -0.142836 0.841360 0.491530 -0.224746 0 0 0 0 0 0
-13.847039 -0.326563 1.011182 0.314967 -0.686883 -0.654971 0.836650 0.538601 0.099622 0 0 0 0 0 0
-13.408330 -0.232194 1.199205 0.277238 -0.259905 -0.924980 0.878225 0.385991 0.282369 0 0 0 0 0 0
-13.090978 -0.197671 1.317799 0.314407 0.059337 -0.947432 0.912839 -0.154490 0.377966 0 0 0 0 0 0
-12.806449 -0.589153 1.595692 0.299679 0.565443 -0.768418 0.858975 -0.140010 0.492503 0 0 0 0 0 0
-12.559521 0.687262 2.397283 0.302080 -0.889087 0.343905 0.203438 -0.522132 0.828246 0 0 0 0 0 0
-12.140962 -0.148391 4.168789 0.309043 -0.931101 -0.193762 0.873674 0.482814 -0.059860 0 0 0 0 0 0
-11.814302 -0.067503 4.440243 0.318803 -0.664037 -0.676328 0.877079 0.430145 0.213792 0 0 0 0 0 0
-11.484930 -0.152519 4.695247 0.328354 -0.156983 -0.931418 0.874383 0.254632 0.413057 0 0 0 0 0 0
-11.153216 -0.350990 4.852743 0.333947 0.418534 -0.844576 0.865299 0.002647 0.501249 0 0 0 0 0 0
-10.820556 -0.592333 4.883828 0.332885 0.838101 -0.432175 0.852471 -0.275616 0.444216 0 0 0 0 0 0
-10.488944 -0.817612 4.788207 0.325483 0.934698 0.142832 0.841303 -0.491637 0.224730 0 0 0 0 0 0
-10.159971 -0.966258 4.578121 0.314985 0.686879 0.654967 0.836654 -0.538598 -0.099612 0 0 0 0 0 0
-9.720054 -1.049828 4.407296 0.280705 0.257641 0.924568 0.884433 -0.377730 -0.274041 0 0 0 0 0 0
-9.400475 -1.101049 4.273175 0.310454 -0.059698 0.948712 0.908004 0.135175 -0.396555 0 0 0 0 0 0
-9.122116 -0.700228 3.994114 0.299686 -0.565443 0.768416 0.859451 0.134688 -0.493157 0 0 0 0 0 0
-8.794715 -0.381981 3.991848 0.302080 -0.889087 0.343905 0.865754 0.370583 -0.336359 0 0 0 0 0 0
-8.470374 -0.148391 4.168789 0.309043 -0.931101 -0.193762 0.873674 0.482814 -0.059860 0 0 0 0 0 0
-8.143714 -0.067503 4.440243 0.318803 -0.664037 -0.676328 0.877079 0.430145 0.213792 0 0 0 0 0 0
-7.814342 -0.152519 4.695247 0.328354 -0.156983 -0.931418 0.874383 0.254632 0.413057 0 0 0 0 0 0
-7.482628 -0.350990 4.852743 0.333947 0.418534 -0.844576 0.865299 0.002647 0.501249 0 0 0 0 0 0
-7.299618 0.137981 6.036625 0.332885 -0.838100 0.432175 0.164402 -0.628453 0.760276 0 0 0 0 0 0
-6.834846 -0.475186 7.859921 0.325481 -0.934697 -0.142839 0.841296 0.491640 -0.224746 0 0 0 0 0 0
-6.505887 -0.326553 8.070004 0.314992 -0.686876 -0.654967 0.836654 0.538594 0.099631 0 0 0 0 0 0
-6.067130 -0.232178 8.258020 0.277238 -0.259906 -0.924980 0.878242 0.385977 0.282333 0 0 0 0 0 0
-5.749802 -0.197671 8.376623 0.314408 0.059338 -0.947432 0.912839 -0.154489 0.377966 0 0 0 0 0 0
-5.465272 -0.589152 8.654516 0.299680 0.565444 -0.768417 0.858975 -0.140009 0.492504 0 0 0 0 0 0
-5.140639 -0.910825 8.656276 0.302086 0.889086 -0.343904 0.865751 -0.370590 0.336360 0 0 0 0 0 0
-4.816269 -1.144413 8.479342 0.309043 0.931101 0.193762 0.873680 -0.482805 0.059862 0 0 0 0 0 0
-4.489628 -1.225301 8.207881 0.318804 0.664036 0.676328 0.877073 -0.430155 -0.213800 0 0 0 0 0 0
-4.160245 -1.140282 7.952884 0.328354 0.156977 0.931419 0.874389 -0.254635 -0.413043 0 0 0 0 0 0
-3.815998 -0.945925 7.802517 0.333947 -0.418536 0.844575 0.873353 -0.005521 -0.487057 0 0 0 0 0 0
-3.482316 -0.702527 7.770411 0.332884 -0.838101 0.432173 0.852471 0.275617 -0.444217 0 0 0 0 0 0
-3.150693 -0.477242 7.866031 0.325482 -0.934697 -0.142839 0.841304 0.491627 -0.224744 0 0 0 0 0 0
-2.821727 -0.328606 8.076105 0.314987 -0.686880 -0.654965 0.836654 0.538595 0.099626 0 0 0 0 0 0
-2.382999 -0.234236 8.264135 0.277243 -0.259904 -0.924979 0.878236 0.385983 0.282345 0 0 0 0 0 0
-2.065637 -0.199720 8.382736 0.314399 0.059337 -0.947435 0.912843 -0.154489 0.377956 0 0 0 0 0 0
-1.781140 -0.591210 8.660627 0.299684 0.565440 -0.768419 0.858973 -0.140018 0.492505 0 0 0 0 0 0
-1.534199 0.685208 9.462220 0.302082 -0.889090 0.343898 0.203437 -0.522135 0.828244 0 0 0 0 0 0
-1.115635 -0.150448 11.233717 0.309041 -0.931101 -0.193762 0.873676 0.482812 -0.059849 0 0 0 0 0 0
-0.788988 -0.069556 11.505181 0.318802 -0.664034 -0.676331 0.877074 0.430157 0.213787 0 0 0 0 0 0
-0.459607 -0.154570 11.760180 0.328353 -0.156982 -0.931419 0.874387 0.254627 0.413053 0 0 0 0 0 0
-0.127891 -0.353043 11.917664 0.333947 0.418534 -0.844576 0.865306 0.002640 0.501237 0 0 0 0 0 0
0.204768 -0.594390 11.948764 0.332884 0.838101 -0.432175 0.852464 -0.275610 0.444235 0 0 0 0 0 0
0.536382 -0.819671 11.853145 0.325482 0.934698 0.142832 0.841304 -0.491634 0.224730 0 0 0 0 0 0
0.865345 -0.968305 11.643055 0.314989 0.686880 0.654964 0.836656 -0.538591 -0.099631 0 0 0 0 0 0
1.305280 -1.051891 11.472232 0.280699 0.257646 0.924568 0.884432 -0.377742 -0.274029 0 0 0 0 0 0
1.624833 -1.103104 11.338098 0.310455 -0.059691 0.948712 0.907995 0.135184 -0.396573 0 0 0 0 0 0
1.903201 -0.702279 11.059036 0.299685 -0.565438 0.768420 0.859454 0.134698 -0.493149 0 0 0 0 0 0
2.230600 -0.384029 11.056788 0.302080 -0.889090 0.343899 0.865756 0.370574 -0.336366 0 0 0 0 0 0
2.554945 -0.150448 11.233718 0.309043 -0.931101 -0.193762 0.873675 0.482815 -0.059847 0 0 0 0 0 0
2.881604 -0.069556 11.505180 0.318802 -0.664034 -0.676331 0.877077 0.430154 0.213784 0 0 0 0 0 0
3.210975 -0.154571 11.760181 0.328354 -0.156982 -0.931418 0.874384 0.254628 0.413059 0 0 0 0 0 0
3.542704 -0.353040 11.917664 0.333947 0.418534 -0.844576 0.865311 0.002643 0.501229 0 0 0 0 0 0
3.725699 0.135932 13.101564 0.332889 -0.838112 0.432150 0.164400 -0.628462 0.760269 0 0 0 0 0 0
4.190493 -0.477255 14.924804 0.325483 -0.934699 -0.142825 0.841308 0.491637 -0.224709 0 0 0 0 0 0
4.519443 -0.328608 15.134934 0.314987 -0.686880 -0.654965 0.836655 0.538592 0.099636 0 0 0 0 0 0
4.958173 -0.234236 15.322982 0.277240 -0.259901 -0.924981 0.878229 0.385988 0.282359 0 0 0 0 0 0
5.275545 -0.199724 15.441536 0.314403 0.059338 -0.947433 0.912858 -0.154510 0.377912 0 0 0 0 0 0
5.560037 -0.591206 15.719436 0.299687 0.565446 -0.768413 0.858965 -0.140000 0.492523 0 0 0 0 0 0
5.884701 -0.912870 15.721191 0.302081 0.889090 -0.343899 0.865757 -0.370589 0.336347 0 0 0 0 0 0
6.209050 -1.146459 15.544280 0.309046 0.931107 0.193730 0.873683 -0.482805 0.059807 0 0 0 0 0 0
6.535701 -1.227360 15.272789 0.318803 0.664039 0.676326 0.877073 -0.430181 -0.213744 0 0 0 0 0 0
6.865074 -1.142339 15.017828 0.328361 0.156987 0.931415 0.874391 -0.254617 -0.413051 0 0 0 0 0 0
7.196791 -0.943871 14.860321 0.333947 -0.418536 0.844575 0.865292 -0.002656 -0.501260 0 0 0 0 0 0
7.529445 -0.702522 14.829237 0.332889 -0.838112 0.432150 0.852458 0.275585 -0.444261 0 0 0 0 0 0
7.861081 -0.477255 14.924804 0.325483 -0.934699 -0.142825 0.841308 0.491637 -0.224709 0 0 0 0 0 0
8.190031 -0.328608 15.134934 0.314987 -0.686880 -0.654965 0.836655 0.538592 0.099636 0 0 0 0 0 0
8.629960 -0.245021 15.305788 0.280692 -0.257640 -0.924572 0.884423 0.377749 0.274048 0 0 0 0 0 0
8.950190 -0.191263 15.444026 0.310450 0.059695 -0.948713 0.907588 -0.129155 0.399503 0 0 0 0 0 0
9.228807 -0.592581 15.723313 0.299687 0.565446 -0.768413 0.859497 -0.134764 0.493056 0 0 0 0 0 0
9.478474 0.687257 16.525513 0.302087 -0.889088 0.343899 0.203431 -0.522132 0.828248 0 0 0 0 0 0
9.897065 -0.148383 18.297000 0.309035 -0.931097 -0.193795 0.873660 0.482826 -0.059978 0 0 0 0 0 0
10.223693 -0.067503 18.568419 0.318803 -0.664037 -0.676328 0.877077 0.430124 0.213845 0 0 0 0 0 0
10.553085 -0.152518 18.823439 0.328354 -0.156986 -0.931418 0.874394 0.254622 0.413041 0 0 0 0 0 0
10.884794 -0.350992 18.980850 0.333961 0.418552 -0.844562 0.865324 0.002637 0.501206 0 0 0 0 0 0
11.217470 -0.592299 19.011951 0.332880 0.838105 -0.432170 0.852470 -0.275653 0.444196 0 0 0 0 0 0
11.549080 -0.817635 18.916416 0.325483 0.934697 0.142839 0.841258 -0.491628 0.224917 0 0 0 0 0 0
11.878028 -0.966257 18.706354 0.314987 0.686885 0.654959 0.836656 -0.538585 -0.099661 0 0 0 0 0 0
12.316754 -1.060623 18.518284 0.277245 0.259908 0.924977 0.878235 -0.385976 -0.282359 0 0 0 0 0 0
12.634127 -1.095129 18.399733 0.314410 -0.059340 0.947431 0.912858 0.154508 -0.377911 0 0 0 0 0 0
12.918629 -0.703653 18.121832 0.299687 -0.565446 0.768413 0.858963 0.140003 -0.492526 0 0 0 0 0 0
13.243283 -0.381989 18.120080 0.302087 -0.889088 0.343899 0.865759 0.370588 -0.336341 0 0 0 0 0 0
13.567653 -0.148383 18.297000 0.309035 -0.931097 -0.193795 0.873660 0.482826 -0.059978 0 0 0 0 0 0
13.894272 -0.067506 18.568417 0.318835 -0.664029 -0.676320 0.877084 0.430108 0.213847 0 0 0 0 0 0
14.223717 -0.152510 18.823450 0.328342 -0.156987 -0.931422 0.874380 0.254639 0.413059 0 0 0 0 0 0
14.555305 -0.351003 18.980847 0.334000 0.418546 -0.844549 0.865312 0.002607 0.501226 0 0 0 0 0 0
14.738399 0.137989 20.164868 0.332893 -0.838101 0.432168 0.164402 -0.628449 0.760278 0 0 0 0 0 0
15.203179 -0.475169 21.988038 0.325504 -0.934700 -0.142767 0.841301 0.491629 -0.224753 0 0 0 0 0 0
15.532109 -0.326549 22.198194 0.315020 -0.686876 -0.654953 0.836643 0.538621 0.099581 0 0 0 0 0 0
15.972070 -0.242957 22.369001 0.280678 -0.257647 -0.924574 0.884411 0.377769 0.274058 0 0 0 0 0 0
16.291642 -0.191731 22.503174 0.310398 0.059697 -0.948730 0.908018 -0.135121 0.396543 0 0 0 0 0 0
16.569961 -0.592588 22.782122 0.299645 0.565454 -0.768424 0.859488 -0.134765 0.493071 0 0 0 0 0 0
16.897265 -0.910820 22.784368 0.302129 0.889076 -0.343894 0.865745 -0.370630 0.336333 0 0 0 0 0 0
17.737757 0.808506 23.149001 -0.628904 0.000000 -0.777483 0.572419 -0.394183 -0.718996 0 0 0 0 0 0
15.476235 -0.000001 19.815882 0.000000 1.000000 0.000000 0.000000 0.000000 1.000000 0 0 0 0 0 0
15.879882 -0.000001 19.955059 0.000000 1.000000 0.000000 0.000000 0.000000 1.000000 0 0 0 0 0 0
16.331647 -0.000001 20.538235 0.000000 1.000000 0.000000 0.000000 0.000000 1.000000 0 0 0 0 0 0
16.003294 -0.000001 21.198941 0.000000 1.000000 0.000000 0.000000 0.000000 1.000000 0 0 0 0 0 0
17.984869 -0.378181 25.057733 -0.601825 0.000000 -0.798628 -0.818247 -0.566006 -0.100542 0 0 0 0 0 0
17.183915 -0.957181 25.484216 -0.302069 0.889093 -0.343901 -0.852977 -0.442837 0.276271 0 0 0 0 0 0
16.645527 -1.058150 25.690811 -0.299645 0.565454 -0.768424 -0.860312 -0.440247 0.256993 0 0 0 0 0 0
16.278484 -0.939910 25.833506 -0.310484 0.059701 -0.948702 -0.923975 -0.161451 0.346703 0 0 0 0 0 0
15.815252 -1.110633 26.013729 -0.280678 -0.257643 -0.924575 -0.915494 -0.001212 0.402331 0 0 0 0 0 0
15.638809 -0.649020 26.146986 -0.315019 -0.686878 -0.654952 -0.888310 0.296645 0.350581 0 0 0 0 0 0
15.273932 -0.325152 26.059565 -0.325502 -0.934690 -0.142838 -0.875668 0.415456 0.246175 0 0 0 0 0 0
14.943233 -0.172562 25.857947 -0.332893 -0.838101 0.432168 -0.865796 0.500343 -0.007380 0 0 0 0 0 0
14.611191 -0.145555 25.615660 -0.334000 -0.418546 0.844549 -0.852306 0.438218 -0.285552 0 0 0 0 0 0
14.279574 -0.244929 25.390193 -0.328342 0.156987 0.931422 -0.840874 0.213548 -0.497321 0 0 0 0 0 0
13.950357 -0.458780 25.243202 -0.318835 0.664029 0.676320 -0.836233 -0.111478 -0.536924 0 0 0 0 0 0
13.623445 -0.734588 25.241272 -0.309035 0.931097 0.193795 -0.839697 -0.400821 -0.366403 0 0 0 0 0 0
13.298782 -0.969412 25.409397 -0.302087 0.889088 -0.343899 -0.848931 -0.525529 -0.055992 0 0 0 0 0 0
12.974973 -1.058154 25.690803 -0.299687 0.565446 -0.768413 -0.860334 -0.440213 0.256979 0 0 0 0 0 0
12.607499 -0.936597 25.813954 -0.314410 0.059340 -0.947431 -0.929865 -0.154553 0.333862 0 0 0 0 0 0
12.144507 -1.114713 26.012790 -0.277245 -0.259908 -0.924977 -0.906773 -0.018108 0.421230 0 0 0 0 0 0
11.970179 -0.647691 26.146305 -0.314987 -0.686885 -0.654959 -0.888894 0.294238 0.351128 0 0 0 0 0 0
11.603321 -0.325156 26.059556 -0.325483 -0.934697 -0.142839 -0.875667 0.415456 0.246177 0 0 0 0 0 0
11.272621 -0.172566 25.857943 -0.332880 -0.838105 0.432170 -0.865793 0.500349 -0.007379 0 0 0 0 0 0
10.940577 -0.145558 25.615656 -0.333961 -0.418552 0.844562 -0.852291 0.438245 -0.285555 0 0 0 0 0 0
10.609061 -0.244945 25.390200 -0.328354 0.156986 0.931418 -0.840865 0.213533 -0.497343 0 0 0 0 0 0
10.279684 -0.458761 25.243198 -0.318803 0.664037 0.676328 -0.836270 -0.111427 -0.536877 0 0 0 0 0 0
9.952890 -0.734594 25.241288 -0.309035 0.931097 0.193795 -0.839671 -0.400865 -0.366415 0 0 0 0 0 0
9.628193 -0.969412 25.409397 -0.302087 0.889088 -0.343899 -0.848931 -0.525529 -0.055992 0 0 0 0 0 0
9.304385 -1.058154 25.690803 -0.299687 0.565446 -0.768413 -0.860334 -0.440213 0.256979 0 0 0 0 0 0
8.937280 -0.939923 25.833518 -0.310471 0.059701 -0.948706 -0.923970 -0.161465 0.346711 0 0 0 0 0 0
8.472135 -1.112564 26.009861 -0.280698 -0.257646 -0.924569 -0.917161 -0.003174 0.398505 0 0 0 0 0 0
8.296614 -0.651111 26.142622 -0.314974 -0.686852 -0.655000 -0.888351 0.296671 0.350454 0 0 0 0 0 0
7.931844 -0.327192 26.055014 -0.325482 -0.934697 -0.142839 -0.875707 0.415441 0.246062 0 0 0 0 0 0
7.601094 -0.174598 25.853517 -0.332886 -0.838103 0.432169 -0.865770 0.500390 -0.007199 0 0 0 0 0 0
7.269084 -0.147603 25.611174 -0.333941 -0.418526 0.844582 -0.852258 0.438276 -0.285606 0 0 0 0 0 0
6.937559 -0.246987 25.385691 -0.328339 0.156975 0.931425 -0.840872 0.213496 -0.497347 0 0 0 0 0 0
6.767981 -0.460757 24.585379 -0.318803 -0.664039 -0.676326 -0.149161 -0.622417 -0.768341 0 0 0 0 0 0
6.264915 -0.560285 22.717494 -0.309046 -0.931107 -0.193730 -0.839698 0.400875 0.366343 0 0 0 0 0 0
5.940140 -0.325442 22.549557 -0.302081 -0.889090 0.343899 -0.848909 0.525555 0.056080 0 0 0 0 0 0
5.616396 -0.236707 22.268111 -0.299687 -0.565446 0.768413 -0.860330 0.440214 -0.256988 0 0 0 0 0 0
5.248901 -0.358261 22.144967 -0.314403 -0.059338 0.947433 -0.929869 0.154557 -0.333850 0 0 0 0 0 0
4.785928 -0.180147 21.946130 -0.277245 0.259906 0.924978 -0.906768 0.018100 -0.421241 0 0 0 0 0 0
4.611595 -0.647167 21.812613 -0.314988 0.686883 0.654961 -0.888895 -0.294239 -0.351125 0 0 0 0 0 0
4.244736 -0.969701 21.899363 -0.325482 0.934697 0.142839 -0.875667 -0.415454 -0.246181 0 0 0 0 0 0
3.914016 -1.122320 22.100883 -0.332885 0.838104 -0.432168 -0.865768 -0.500394 0.007197 0 0 0 0 0 0
3.581995 -1.149314 22.343225 -0.333940 0.418529 -0.844581 -0.852266 -0.438266 0.285597 0 0 0 0 0 0
3.250489 -1.049918 22.568710 -0.328361 -0.156987 -0.931415 -0.840866 -0.213508 0.497351 0 0 0 0 0 0
2.921092 -0.836098 22.715723 -0.318803 -0.664039 -0.676326 -0.836266 0.111425 0.536884 0 0 0 0 0 0
2.594327 -0.560285 22.717494 -0.309046 -0.931107 -0.193730 -0.839698 0.400875 0.366343 0 0 0 0 0 0
2.269552 -0.325442 22.549557 -0.302081 -0.889090 0.343899 -0.848909 0.525555 0.056080 0 0 0 0 0 0
1.945808 -0.236707 22.268111 -0.299687 -0.565446 0.768413 -0.860330 0.440214 -0.256988 0 0 0 0 0 0
1.578711 -0.354926 22.125275 -0.310452 -0.059696 0.948713 -0.923931 0.161504 -0.346798 0 0 0 0 0 0
1.115541 -0.184250 21.945186 -0.280701 0.257645 0.924568 -0.915543 0.001147 -0.402219 0 0 0 0 0 0
1.075731 -0.142741 20.957632 -0.314976 -0.686852 -0.655000 -0.160837 -0.544755 -0.823027 0 0 0 0 0 0
0.590662 -0.327193 18.996191 -0.325482 -0.934697 -0.142839 -0.875709 0.415437 0.246062 0 0 0 0 0 0
0.259919 -0.174597 18.794692 -0.332885 -0.838104 0.432169 -0.865767 0.500395 -0.007200 0 0 0 0 0 0
-0.072095 -0.147603 18.552352 -0.333941 -0.418526 0.844582 -0.852262 0.438271 -0.285600 0 0 0 0 0 0
-0.403617 -0.246989 18.326866 -0.328337 0.156975 0.931426 -0.840867 0.213498 -0.497355 0 0 0 0 0 0
-0.732989 -0.460850 18.179859 -0.318804 0.664037 0.676327 -0.836266 -0.111377 -0.536893 0 0 0 0 0 0
-1.059773 -0.736629 18.178083 -0.309043 0.931108 0.193729 -0.839695 -0.400875 -0.366349 0 0 0 0 0 0
-1.384538 -0.971472 18.346020 -0.302082 0.889090 -0.343898 -0.848907 -0.525558 -0.056079 0 0 0 0 0 0
-1.708292 -1.060199 18.627465 -0.299688 0.565444 -0.768415 -0.860335 -0.440206 0.256986 0 0 0 0 0 0
-2.075787 -0.938647 18.750608 -0.314403 0.059333 -0.947433 -0.929867 -0.154568 0.333851 0 0 0 0 0 0
-2.538738 -1.116783 18.949574 -0.277245 -0.259905 -0.924978 -0.906718 -0.018165 0.421346 0 0 0 0 0 0
-2.713099 -0.649754 19.083107 -0.314974 -0.686852 -0.655000 -0.888898 0.294324 0.351047 0 0 0 0 0 0
-3.079921 -0.327192 18.996190 -0.325482 -0.934697 -0.142839 -0.875707 0.415441 0.246062 0 0 0 0 0 0
-3.410671 -0.174598 18.794693 -0.332886 -0.838103 0.432169 -0.865770 0.500390 -0.007199 0 0 0 0 0 0
-3.742681 -0.147603 18.552350 -0.333941 -0.418526 0.844582 -0.852258 0.438276 -0.285606 0 0 0 0 0 0
-4.085339 -0.242632 18.323378 -0.328361 0.156986 0.931415 -0.845669 0.216692 -0.487739 0 0 0 0 0 0
-4.257354 -0.458682 17.520475 -0.318804 -0.664036 -0.676328 -0.149163 -0.622422 -0.768337 0 0 0 0 0 0
-4.760404 -0.558226 15.652597 -0.309045 -0.931107 -0.193729 -0.839688 0.400885 0.366353 0 0 0 0 0 0
-5.085175 -0.323390 15.484663 -0.302087 -0.889088 0.343898 -0.848912 0.525551 0.056078 0 0 0 0 0 0
-5.408944 -0.234651 15.203219 -0.299681 -0.565447 0.768415 -0.860333 0.440213 -0.256980 0 0 0 0 0 0
-5.776409 -0.356212 15.080072 -0.314410 -0.059338 0.947431 -0.929866 0.154555 -0.333859 0 0 0 0 0 0
-6.239403 -0.178080 14.881168 -0.277229 0.259898 0.924985 -0.906748 0.018120 -0.421283 0 0 0 0 0 0
-6.413710 -0.645132 14.747668 -0.314989 0.686870 0.654975 -0.888899 -0.294262 -0.351097 0 0 0 0 0 0
-6.780592 -0.967661 14.834461 -0.325481 0.934696 0.142846 -0.875684 -0.415443 -0.246139 0 0 0 0 0 0
-7.111300 -1.120260 15.035995 -0.332886 0.838103 -0.432169 -0.865767 -0.500395 0.007211 0 0 0 0 0 0
-7.443323 -1.147254 15.278329 -0.333941 0.418526 -0.844583 -0.852265 -0.438269 0.285596 0 0 0 0 0 0
-7.774832 -1.047872 15.503816 -0.328361 -0.156980 -0.931416 -0.840866 -0.213507 0.497352 0 0 0 0 0 0
-8.104236 -0.834044 15.650828 -0.318804 -0.664036 -0.676328 -0.836275 0.111421 0.536870 0 0 0 0 0 0
-8.430993 -0.558226 15.652597 -0.309045 -0.931107 -0.193729 -0.839688 0.400885 0.366353 0 0 0 0 0 0
-8.755763 -0.323390 15.484663 -0.302087 -0.889088 0.343898 -0.848912 0.525551 0.056078 0 0 0 0 0 0
-9.079532 -0.234651 15.203219 -0.299681 -0.565447 0.768415 -0.860333 0.440213 -0.256980 0 0 0 0 0 0
-9.446599 -0.352877 15.060380 -0.310457 -0.059695 0.948711 -0.923928 0.161502 -0.346806 0 0 0 0 0 0
-9.909781 -0.182188 14.880228 -0.280707 0.257654 0.924564 -0.915522 0.001207 -0.402266 0 0 0 0 0 0
-9.949586 -0.140668 13.892631 -0.314985 -0.686879 -0.654967 -0.160838 -0.544770 -0.823017 0 0 0 0 0 0
-10.434683 -0.325162 11.931307 -0.325483 -0.934698 -0.142832 -0.875688 0.415445 0.246123 0 0 0 0 0 0
-10.765401 -0.172546 11.729780 -0.332885 -0.838101 0.432175 -0.865764 0.500401 -0.007220 0 0 0 0 0 0
-11.097431 -0.145550 11.487477 -0.333947 -0.418534 0.844576 -0.852276 0.438258 -0.285579 0 0 0 0 0 0
-11.428931 -0.244938 11.261973 -0.328354 0.156983 0.931418 -0.840855 0.213520 -0.497365 0 0 0 0 0 0
-11.758320 -0.458770 11.114989 -0.318803 0.664037 0.676328 -0.836279 -0.111433 -0.536862 0 0 0 0 0 0
-12.085099 -0.734584 11.113150 -0.309043 0.931101 0.193762 -0.839685 -0.400869 -0.366379 0 0 0 0 0 0
-12.409849 -0.969415 11.281162 -0.302080 0.889087 -0.343905 -0.848916 -0.525545 -0.056073 0 0 0 0 0 0
-12.733607 -1.058153 11.562589 -0.299686 0.565443 -0.768416 -0.860327 -0.440215 0.256999 0 0 0 0 0 0
-13.101106 -0.936600 11.685730 -0.314401 0.059340 -0.947434 -0.929873 -0.154552 0.333843 0 0 0 0 0 0
-13.564068 -1.114711 11.884605 -0.277245 -0.259908 -0.924977 -0.906753 -0.018125 0.421272 0 0 0 0 0 0
-13.738401 -0.647697 12.018110 -0.315016 -0.686872 -0.654960 -0.888904 0.294260 0.351086 0 0 0 0 0 0
-14.105305 -0.325155 11.931314 -0.325502 -0.934691 -0.142831 -0.875682 0.415457 0.246124 0 0 0 0 0 0
-14.436037 -0.172542 11.729786 -0.332892 -0.838099 0.432173 -0.865772 0.500387 -0.007214 0 0 0 0 0 0
-14.768064 -0.145546 11.487473 -0.333921 -0.418538 0.844584 -0.852265 0.438279 -0.285579 0 0 0 0 0 0
-15.099457 -0.244954 11.261969 -0.328341 0.156984 0.931423 -0.840823 0.213526 -0.497417 0 0 0 0 0 0
-15.269110 -0.458686 10.461614 -0.318816 -0.664033 -0.676325 -0.149186 -0.622413 -0.768340 0 0 0 0 0 0
-15.772274 -0.558220 8.593811 -0.308994 -0.931117 -0.193765 -0.839683 0.400849 0.366405 0 0 0 0 0 0
-16.096886 -0.323398 8.425774 -0.302068 -0.889091 0.343906 -0.848900 0.525572 0.056063 0 0 0 0 0 0
-16.420664 -0.234659 8.144361 -0.299704 -0.565440 0.768411 -0.860332 0.440201 -0.257006 0 0 0 0 0 0
-16.787797 -0.352873 8.001558 -0.310467 -0.059696 0.948708 -0.923939 0.161490 -0.346783 0 0 0 0 0 0
-17.250486 -0.183512 7.817802 -0.280678 0.257646 0.924575 -0.914655 -0.000043 -0.404234 0 0 0 0 0 0
-17.428392 -0.645829 7.683737 -0.315018 0.686873 0.654958 -0.888317 -0.296679 -0.350534 0 0 0 0 0 0
-17.793263 -0.969700 7.771201 -0.325501 0.934690 0.142838 -0.875680 -0.415460 -0.246124 0 0 0 0 0 0
-18.123986 -1.122321 7.972748 -0.332891 0.838099 -0.432172 -0.865771 -0.500388 0.007217 0 0 0 0 0 0
-18.455997 -1.149314 8.215053 -0.333986 0.418530 -0.844563 -0.852287 -0.438234 0.285584 0 0 0 0 0 0
-18.787614 -1.049936 8.440564 -0.328341 -0.156985 -0.931422 -0.840873 -0.213532 0.497330 0 0 0 0 0 0
-19.116854 -0.836069 8.587541 -0.318814 -0.664033 -0.676327 -0.836234 0.111484 0.536920 0 0 0 0 0 0
-19.443688 -0.560277 8.589387 -0.309056 -0.931097 -0.193761 -0.839709 0.400833 0.366363 0 0 0 0 0 0
-19.768383 -0.325433 8.421363 -0.302129 -0.889076 0.343894 -0.848900 0.525576 0.056030 0 0 0 0 0 0
-20.092322 -0.236683 8.139944 -0.299642 -0.565448 0.768429 -0.860358 0.440195 -0.256927 0 0 0 0 0 0
-20.459694 -0.358273 8.016792 -0.314353 -0.059338 0.947450 -0.929869 0.154555 -0.333852 0 0 0 0 0 0
-20.922657 -0.180140 7.817943 -0.277243 0.259904 0.924979 -0.906778 0.018125 -0.421219 0 0 0 0 0 0
-20.961264 -0.141949 6.829207 -0.314954 -0.686885 -0.654976 -0.161166 -0.544950 -0.822834 0 0 0 0 0 0
-21.447265 -0.327197 4.868039 -0.325501 -0.934692 -0.142831 -0.875637 0.415544 0.246135 0 0 0 0 0 0
-21.778060 -0.174596 4.666543 -0.332892 -0.838099 0.432173 -0.865772 0.500387 -0.007213 0 0 0 0 0 0
-22.110065 -0.147603 4.424228 -0.333986 -0.418528 0.844564 -0.852285 0.438232 -0.285592 0 0 0 0 0 0
-22.441688 -0.246974 4.198724 -0.328341 0.156983 0.931423 -0.840876 0.213529 -0.497325 0 0 0 0 0 0
-22.771067 -0.460817 4.051749 -0.318753 0.664049 0.676340 -0.836287 -0.111398 -0.536856 0 0 0 0 0 0
-23.097695 -0.736641 4.049932 -0.309055 0.931097 0.193761 -0.839657 -0.400924 -0.366383 0 0 0 0 0 0
-23.421121 -0.968872 4.221405 -0.302068 0.889091 -0.343907 -0.850156 -0.524283 -0.048600 0 0 0 0 0 0
-23.745323 -1.058146 4.503766 -0.299704 0.565440 -0.768411 -0.860330 -0.440205 0.257005 0 0 0 0 0 0
-24.112834 -0.936599 4.626917 -0.314421 0.059340 -0.947427 -0.929862 -0.154548 0.333873 0 0 0 0 0 0
-24.575824 -1.114721 4.825788 -0.277245 -0.259908 -0.924977 -0.906761 -0.018134 0.421254 0 0 0 0 0 0
-24.750162 -0.647704 4.959287 -0.315016 -0.686872 -0.654960 -0.888916 0.294240 0.351071 0 0 0 0 0 0
-25.117070 -0.325155 4.872491 -0.325502 -0.934691 -0.142831 -0.875682 0.415457 0.246124 0 0 0 0 0 0
-25.447802 -0.172542 4.670963 -0.332892 -0.838099 0.432173 -0.865772 0.500387 -0.007214 0 0 0 0 0 0
-25.779829 -0.145546 4.428650 -0.333921 -0.418538 0.844584 -0.852265 0.438279 -0.285579 0 0 0 0 0 0
-26.111221 -0.244954 4.203146 -0.328341 0.156984 0.931423 -0.840823 0.213526 -0.497417 0 0 0 0 0 0
-26.308759 -0.457389 3.388530 -0.318815 -0.664032 -0.676328 -0.156547 -0.619899 -0.768907 0 0 0 0 0 0
-26.816489 -0.558224 1.520639 -0.309055 -0.931097 -0.193761 -0.839708 0.400833 0.366365 0 0 0 0 0 0
-27.141182 -0.323381 1.352615 -0.302129 -0.889076 0.343894 -0.848900 0.525575 0.056030 0 0 0 0 0 0
-27.465123 -0.234631 1.071201 -0.299643 -0.565449 0.768428 -0.860360 0.440194 -0.256924 0 0 0 0 0 0
-27.832116 -0.352886 0.928402 -0.310402 -0.059697 0.948729 -0.923946 0.161497 -0.346759 0 0 0 0 0 0
-28.294664 -0.183562 0.744651 -0.280679 0.257647 0.924574 -0.914610 -0.000095 -0.404338 0 0 0 0 0 0
-28.472773 -0.645801 0.610562 -0.314955 0.686886 0.654974 -0.888367 -0.296590 -0.350483 0 0 0 0 0 0
-28.837556 -0.969683 0.698054 -0.325501 0.934691 0.142834 -0.875701 -0.415424 -0.246110 0 0 0 0 0 0
-29.168364 -1.122321 0.899573 -0.332891 0.838099 -0.432173 -0.865770 -0.500390 0.007214 0 0 0 0 0 0
-29.500392 -1.149318 1.141891 -0.333920 0.418540 -0.844584 -0.852265 -0.438277 0.285583 0 0 0 0 0 0
-29.831786 -1.049901 1.367383 -0.328342 -0.156986 -0.931422 -0.840828 -0.213521 0.497410 0 0 0 0 0 0
-30.161213 -0.836102 1.514368 -0.318814 -0.664033 -0.676326 -0.836308 0.111414 0.536821 0 0 0 0 0 0
-30.488085 -0.560272 1.516224 -0.308994 -0.931115 -0.193772 -0.839687 0.400851 0.366392 0 0 0 0 0 0
-30.812698 -0.325448 1.348182 -0.302068 -0.889093 0.343900 -0.848902 0.525569 0.056061 0 0 0 0 0 0
-31.136473 -0.236713 1.066761 -0.299703 -0.565438 0.768413 -0.860330 0.440208 -0.257002 0 0 0 0 0 0
-31.503987 -0.358260 0.943616 -0.314419 -0.059337 0.947428 -0.929862 0.154547 -0.333874 0 0 0 0 0 0
-31.966978 -0.180134 0.744742 -0.277244 0.259905 0.924979 -0.906761 0.018130 -0.421254 0 0 0 0 0 0
-32.005484 -0.141949 -0.243968 -0.315018 -0.686872 -0.654959 -0.161196 -0.544945 -0.822831 0 0 0 0 0 0
-32.491708 -0.327208 -2.205095 -0.325501 -0.934692 -0.142831 -0.875678 0.415457 0.246137 0 0 0 0 0 0
-32.822434 -0.174598 -2.406634 -0.332891 -0.838097 0.432176 -0.865773 0.500385 -0.007224 0 0 0 0 0 0
-33.154464 -0.147598 -2.648948 -0.333920 -0.418538 0.844585 -0.852265 0.438279 -0.285581 0 0 0 0 0 0
-33.485838 -0.247008 -2.874434 -0.328405 0.156979 0.931401 -0.840851 0.213480 -0.497388 0 0 0 0 0 0
-33.815366 -0.460818 -3.021453 -0.318814 0.664031 0.676328 -0.836281 -0.111420 -0.536861 0 0 0 0 0 0
-34.142135 -0.736633 -3.023265 -0.309055 0.931097 0.193761 -0.839714 -0.400837 -0.366347 0 0 0 0 0 0
-34.471154 -0.964663 -2.840838 -0.302069 0.889093 -0.343901 -0.859155 -0.511090 -0.025281 0 0 0 0 0 0
-34.799457 -1.058150 -2.551408 -0.299642 0.565448 -0.768429 -0.860307 -0.440252 0.257003 0 0 0 0 0 0
-35.166876 -0.936586 -2.428286 -0.314419 0.059339 -0.947428 -0.929873 -0.154533 0.333849 0 0 0 0 0 0
-35.629942 -1.114721 -2.229397 -0.277244 -0.259906 -0.924978 -0.906763 -0.018131 0.421251 0 0 0 0 0 0
-35.804299 -0.647696 -2.095902 -0.314954 -0.686889 -0.654971 -0.888907 0.294243 0.351092 0 0 0 0 0 0
-36.170985 -0.325147 -2.182720 -0.325502 -0.934690 -0.142838 -0.875637 0.415551 0.246124 0 0 0 0 0 0
-36.501775 -0.172542 -2.384236 -0.332891 -0.838097 0.432176 -0.865772 0.500386 -0.007214 0 0 0 0 0 0
-36.833785 -0.145550 -2.626537 -0.333986 -0.418527 0.844564 -0.852286 0.438234 -0.285586 0 0 0 0 0 0
-37.165405 -0.244921 -2.852038 -0.328344 0.156985 0.931422 -0.840876 0.213531 -0.497324 0 0 0 0 0 0
-37.323729 -0.459185 -3.647976 -0.318815 -0.664030 -0.676329 -0.146200 -0.623271 -0.768218 0 0 0 0 0 0
-37.825148 -0.558222 -5.515754 -0.309055 -0.931097 -0.193761 -0.839707 0.400831 0.366368 0 0 0 0 0 0
-38.149987 -0.323390 -5.683749 -0.302068 -0.889093 0.343900 -0.848955 0.525482 0.056081 0 0 0 0 0 0
-38.473715 -0.234656 -5.965219 -0.299642 -0.565448 0.768429 -0.860308 0.440248 -0.257004 0 0 0 0 0 0
-38.840757 -0.352888 -6.107980 -0.310467 -0.059696 0.948708 -0.923955 0.161470 -0.346749 0 0 0 0 0 0
-39.303387 -0.183555 -6.291769 -0.280744 0.257641 0.924556 -0.914602 -0.000105 -0.404354 0 0 0 0 0 0
-39.481497 -0.645804 -6.425841 -0.315018 0.686873 0.654958 -0.888360 -0.296604 -0.350490 0 0 0 0 0 0
-39.846297 -0.969701 -6.338355 -0.325502 0.934691 0.142831 -0.875677 -0.415456 -0.246140 0 0 0 0 0 0
-40.177022 -1.122319 -6.136816 -0.332890 0.838097 -0.432178 -0.865768 -0.500393 0.007215 0 0 0 0 0 0
-40.509052 -1.149320 -5.894503 -0.333921 0.418541 -0.844583 -0.852267 -0.438272 0.285586 0 0 0 0 0 0
-40.840445 -1.049901 -5.669007 -0.328341 -0.156985 -0.931422 -0.840828 -0.213521 0.497411 0 0 0 0 0 0
-41.169872 -0.836101 -5.522023 -0.318814 -0.664033 -0.676327 -0.836308 0.111413 0.536821 0 0 0 0 0 0
-41.496742 -0.560273 -5.520181 -0.308995 -0.931116 -0.193765 -0.839690 0.400851 0.366388 0 0 0 0 0 0
-41.821360 -0.325449 -5.688205 -0.302068 -0.889093 0.343900 -0.848899 0.525572 0.056069 0 0 0 0 0 0
-42.145132 -0.236713 -5.969632 -0.299702 -0.565437 0.768414 -0.860329 0.440209 -0.257004 0 0 0 0 0 0
-42.512646 -0.358260 -6.092778 -0.314419 -0.059337 0.947428 -0.929862 0.154546 -0.333874 0 0 0 0 0 0
-42.975637 -0.180134 -6.291651 -0.277243 0.259904 0.924979 -0.906762 0.018128 -0.421253 0 0 0 0 0 0
-43.149972 -0.647158 -6.425135 -0.315018 0.686873 0.654958 -0.888920 -0.294236 -0.351064 0 0 0 0 0 0
-43.516886 -0.969701 -6.338355 -0.325502 0.934691 0.142831 -0.875677 -0.415456 -0.246140 0 0 0 0 0 0
-43.847610 -1.122319 -6.136816 -0.332890 0.838097 -0.432178 -0.865768 -0.500393 0.007215 0 0 0 0 0 0
-44.179640 -1.149320 -5.894503 -0.333921 0.418541 -0.844583 -0.852267 -0.438272 0.285586 0 0 0 0 0 0
-44.511033 -1.049901 -5.669007 -0.328341 -0.156985 -0.931422 -0.840828 -0.213521 0.497411 0 0 0 0 0 0
-44.840460 -0.836101 -5.522023 -0.318814 -0.664033 -0.676327 -0.836308 0.111413 0.536821 0 0 0 0 0 0
-45.167330 -0.560273 -5.520181 -0.308995 -0.931116 -0.193765 -0.839690 0.400851 0.366388 0 0 0 0 0 0
-46.361335 -0.931252 -4.967573 0.991171 0.000000 0.132590 0.396489 0.866842 0.302295 0 0 0 0 0 0
-38.861176 0.000000 -3.870106 0.000000 1.000000 0.000000 0.000000 0.000000 1.000000 0 0 0 0 0 0
-39.264824 0.000000 -3.730929 0.000000 1.000000 0.000000 0.000000 0.000000 1.000000 0 0 0 0 0 0
-39.716588 0.000000 -3.147788 0.000000 1.000000 0.000000 0.000000 0.000000 1.000000 0 0 0 0 0 0
-39.388235 0.000000 -2.487153 0.000000 1.000000 0.000000 0.000000 0.000000 1.000000 0 0 0 0 0 0
-45.662538 0.491572 -2.289996 0.996382 0.000000 0.084992 0.013606 -0.418982 -0.907893 0 0 0 0 0 0
-45.431015 -0.168867 -2.840615 0.309055 -0.931097 -0.193761 0.862040 0.434379 0.261154 0 0 0 0 0 0
-44.879972 -0.069554 -2.614924 0.318814 -0.664031 -0.676328 0.877095 0.430121 0.213774 0 0 0 0 0 0
-44.550642 -0.154576 -2.359914 0.328408 -0.156980 -0.931400 0.874376 0.254612 0.413085 0 0 0 0 0 0
-44.218772 -0.353020 -2.202410 0.333921 0.418538 -0.844585 0.865320 0.002684 0.501212 0 0 0 0 0 0
-43.886272 -0.594398 -2.171345 0.332891 0.838097 -0.432176 0.852447 -0.275656 0.444238 0 0 0 0 0 0
-43.554633 -0.819673 -2.266961 0.325501 0.934691 0.142838 0.841302 -0.491636 0.224732 0 0 0 0 0 0
-43.225668 -0.968312 -2.477036 0.315018 0.686872 0.654958 0.836650 -0.538599 -0.099641 0 0 0 0 0 0
-42.786834 -1.062694 -2.665045 0.277244 0.259904 0.924979 0.878268 -0.385955 -0.282282 0 0 0 0 0 0
-42.469492 -1.097195 -2.783672 0.314353 -0.059333 0.947450 0.912831 0.154508 -0.377978 0 0 0 0 0 0
-42.185105 -0.705696 -3.061535 0.299703 -0.565434 0.768415 0.858983 0.140031 -0.492483 0 0 0 0 0 0
-41.860301 -0.384036 -3.063312 0.302068 -0.889094 0.343900 0.865774 0.370538 -0.336359 0 0 0 0 0 0
-41.536098 -0.150435 -2.886360 0.309055 -0.931097 -0.193761 0.873625 0.482906 -0.059845 0 0 0 0 0 0
-41.209384 -0.069554 -2.614924 0.318814 -0.664031 -0.676328 0.877095 0.430121 0.213774 0 0 0 0 0 0
-40.880053 -0.154576 -2.359914 0.328408 -0.156980 -0.931400 0.874376 0.254612 0.413085 0 0 0 0 0 0
-40.548184 -0.353020 -2.202410 0.333921 0.418538 -0.844585 0.865320 0.002684 0.501212 0 0 0 0 0 0
-40.365352 0.135931 -1.018538 0.332891 -0.838099 0.432173 0.164384 -0.628454 0.760279 0 0 0 0 0 0
-39.900562 -0.477240 0.804758 0.325501 -0.934691 -0.142834 0.841303 0.491636 -0.224727 0 0 0 0 0 0
-39.571599 -0.328601 1.014846 0.315017 -0.686871 -0.654960 0.836649 0.538600 0.099643 0 0 0 0 0 0
-39.131658 -0.245013 1.185665 0.280745 -0.257641 -0.924556 0.884436 0.377724 0.274038 0 0 0 0 0 0
-38.811386 -0.191256 1.323887 0.310467 0.059696 -0.948708 0.907593 -0.129161 0.399489 0 0 0 0 0 0
-38.532703 -0.592556 1.603282 0.299642 0.565449 -0.768428 0.859494 -0.134634 0.493097 0 0 0 0 0 0
-38.205448 -0.910835 1.605510 0.302068 0.889093 -0.343900 0.865726 -0.370632 0.336379 0 0 0 0 0 0
-37.881051 -1.144403 1.428611 0.309055 0.931097 0.193761 0.873694 -0.482778 0.059868 0 0 0 0 0 0
-37.554325 -1.225303 1.157153 0.318815 0.664031 0.676328 0.877096 -0.430120 -0.213772 0 0 0 0 0 0
-37.237066 -1.139350 0.896015 0.328342 0.156978 0.931423 0.867309 -0.257238 -0.426150 0 0 0 0 0 0
-36.906053 -0.941838 0.740213 0.333920 -0.418537 0.844585 0.865346 -0.002674 -0.501168 0 0 0 0 0 0
-36.573472 -0.700458 0.709122 0.332892 -0.838098 0.432174 0.852446 0.275652 -0.444242 0 0 0 0 0 0
-36.241831 -0.475186 0.804730 0.325501 -0.934691 -0.142834 0.841303 0.491636 -0.224728 0 0 0 0 0 0
-35.912870 -0.326547 1.014819 0.315017 -0.686871 -0.654960 0.836648 0.538601 0.099641 0 0 0 0 0 0
-35.474151 -0.232176 1.202860 0.277243 -0.259904 -0.924979 0.878208 0.386015 0.282388 0 0 0 0 0 0
-35.156704 -0.197626 1.321424 0.314353 0.059338 -0.947450 0.912900 -0.154428 0.377844 0 0 0 0 0 0
-34.872284 -0.589163 1.599320 0.299642 0.565448 -0.768429 0.858961 -0.140020 0.492524 0 0 0 0 0 0
-34.625388 0.687271 2.400927 0.302069 -0.889093 0.343901 0.203425 -0.522132 0.828249 0 0 0 0 0 0
-34.195013 -0.146804 4.154222 0.309055 -0.931097 -0.193761 0.873793 0.477151 -0.093876 0 0 0 0 0 0
-33.871311 -0.069553 4.421472 0.318814 -0.664031 -0.676328 0.877096 0.430127 0.213761 0 0 0 0 0 0
-33.541984 -0.154574 4.676488 0.328405 -0.156979 -0.931401 0.874372 0.254615 0.413091 0 0 0 0 0 0
-33.210113 -0.353022 4.833979 0.333921 0.418538 -0.844584 0.865326 0.002678 0.501202 0 0 0 0 0 0
-32.877612 -0.594399 4.865054 0.332891 0.838096 -0.432179 0.852445 -0.275656 0.444243 0 0 0 0 0 0
-32.545974 -0.819677 4.769440 0.325501 0.934692 0.142831 0.841304 -0.491634 0.224732 0 0 0 0 0 0
-32.217012 -0.968311 4.559353 0.315018 0.686873 0.654957 0.836651 -0.538596 -0.099648 0 0 0 0 0 0
-31.778175 -1.062693 4.371345 0.277243 0.259903 0.924979 0.878268 -0.385957 -0.282281 0 0 0 0 0 0
-31.460854 -1.097195 4.252727 0.314419 -0.059332 0.947428 0.912838 0.154488 -0.377968 0 0 0 0 0 0
-31.176360 -0.705694 3.974829 0.299703 -0.565434 0.768415 0.858957 0.140042 -0.492526 0 0 0 0 0 0
-30.851642 -0.384036 3.973079 0.302068 -0.889094 0.343900 0.865774 0.370538 -0.336359 0 0 0 0 0 0
-30.527441 -0.150438 4.150041 0.309055 -0.931097 -0.193761 0.873628 0.482903 -0.059824 0 0 0 0 0 0
-30.200722 -0.069553 4.421472 0.318814 -0.664031 -0.676328 0.877096 0.430127 0.213761 0 0 0 0 0 0
-29.871396 -0.154574 4.676488 0.328405 -0.156979 -0.931401 0.874372 0.254615 0.413091 0 0 0 0 0 0
-29.539525 -0.353022 4.833979 0.333921 0.418538 -0.844584 0.865326 0.002678 0.501202 0 0 0 0 0 0
-29.356694 0.135931 6.017861 0.332891 -0.838099 0.432172 0.164384 -0.628453 0.760279 0 0 0 0 0 0
-28.891901 -0.477237 7.841145 0.325502 -0.934691 -0.142831 0.841300 0.491636 -0.224740 0 0 0 0 0 0
-28.562798 -0.328601 8.051207 0.314955 -0.686888 -0.654972 0.836704 0.538527 0.099569 0 0 0 0 0 0
-28.122919 -0.245032 8.222047 0.280678 -0.257646 -0.924575 0.884437 0.377737 0.274017 0 0 0 0 0 0
-27.802652 -0.191267 8.360256 0.310402 0.059697 -0.948729 0.907601 -0.129162 0.399471 0 0 0 0 0 0
-27.524110 -0.592584 8.639655 0.299642 0.565448 -0.768429 0.859443 -0.134697 0.493167 0 0 0 0 0 0
-27.196809 -0.910831 8.641896 0.302129 0.889076 -0.343894 0.865744 -0.370617 0.336347 0 0 0 0 0 0
-26.872314 -1.144425 8.465010 0.309055 0.931097 0.193761 0.873672 -0.482817 0.059874 0 0 0 0 0 0
-26.545666 -1.225303 8.193540 0.318815 0.664030 0.676329 0.877096 -0.430121 -0.213773 0 0 0 0 0 0
-26.185545 -1.142469 7.956782 0.328342 0.156978 0.931423 0.891082 -0.248761 -0.379593 0 0 0 0 0 0
-25.852060 -0.941808 7.795383 0.333921 -0.418538 0.844585 0.865276 -0.002641 -0.501288 0 0 0 0 0 0
-25.519495 -0.700460 7.764311 0.332892 -0.838098 0.432174 0.852448 0.275656 -0.444237 0 0 0 0 0 0
-25.187713 -0.475202 7.859897 0.325436 -0.934713 -0.142841 0.841353 0.491535 -0.224762 0 0 0 0 0 0
-24.858817 -0.326567 8.070007 0.314954 -0.686885 -0.654976 0.836651 0.538601 0.099622 0 0 0 0 0 0
-24.420112 -0.232197 8.258023 0.277245 -0.259906 -0.924978 0.878233 0.385976 0.282364 0 0 0 0 0 0
-24.102738 -0.197670 8.376624 0.314421 0.059337 -0.947427 0.912839 -0.154487 0.377967 0 0 0 0 0 0
-23.818241 -0.589160 8.654521 0.299704 0.565440 -0.768411 0.858954 -0.140035 0.492532 0 0 0 0 0 0
-23.571226 0.687250 9.456101 0.302068 -0.889091 0.343907 0.203455 -0.522138 0.828238 0 0 0 0 0 0
-23.152672 -0.149202 11.224665 0.309055 -0.931097 -0.193761 0.872965 0.483354 -0.065583 0 0 0 0 0 0
-22.826915 -0.069548 11.494642 0.318753 -0.664049 -0.676340 0.877082 0.430151 0.213767 0 0 0 0 0 0
-22.497669 -0.154591 11.749647 0.328341 -0.156983 -0.931423 0.874378 0.254631 0.413069 0 0 0 0 0 0
-22.165962 -0.353051 11.907129 0.333986 0.418528 -0.844564 0.865299 0.002613 0.501249 0 0 0 0 0 0
-21.833171 -0.594380 11.938248 0.332892 0.838099 -0.432173 0.852488 -0.275573 0.444211 0 0 0 0 0 0
-21.501596 -0.819672 11.842613 0.325501 0.934692 0.142831 0.841305 -0.491637 0.224720 0 0 0 0 0 0
-21.172616 -0.968317 11.632514 0.314954 0.686885 0.654976 0.836621 -0.538647 -0.099619 0 0 0 0 0 0
-20.733997 -1.062660 11.444497 0.277243 0.259903 0.924979 0.878230 -0.385978 -0.282371 0 0 0 0 0 0
-20.416618 -1.097195 11.325894 0.314419 -0.059332 0.947428 0.912838 0.154488 -0.377968 0 0 0 0 0 0
-20.131984 -0.705722 11.047999 0.299642 -0.565446 0.768431 0.859014 0.139964 -0.492448 0 0 0 0 0 0
-19.807472 -0.384021 11.046275 0.302067 -0.889092 0.343906 0.865727 0.370634 -0.336373 0 0 0 0 0 0
-19.483078 -0.150455 11.223190 0.309055 -0.931097 -0.193761 0.873696 0.482775 -0.059859 0 0 0 0 0 0
-19.156327 -0.069548 11.494642 0.318753 -0.664049 -0.676340 0.877082 0.430151 0.213767 0 0 0 0 0 0
-18.827080 -0.154591 11.749647 0.328341 -0.156983 -0.931423 0.874378 0.254631 0.413069 0 0 0 0 0 0
-18.495374 -0.353051 11.907129 0.333986 0.418528 -0.844564 0.865299 0.002613 0.501249 0 0 0 0 0 0
-18.312273 0.135922 13.091031 0.332889 -0.838094 0.432184 0.164403 -0.628448 0.760279 0 0 0 0 0 0
-17.847539 -0.477240 14.914386 0.325500 -0.934687 -0.142866 0.841301 0.491635 -0.224738 0 0 0 0 0 0
-17.518538 -0.328593 15.124348 0.315024 -0.686885 -0.654942 0.836656 0.538596 0.099605 0 0 0 0 0 0
-17.078612 -0.245018 15.295223 0.280680 -0.257648 -0.924574 0.884409 0.377779 0.274050 0 0 0 0 0 0
-16.758441 -0.191265 15.433427 0.310463 0.059695 -0.948709 0.907601 -0.129137 0.399479 0 0 0 0 0 0
-16.479814 -0.592591 15.712870 0.299705 0.565442 -0.768409 0.859430 -0.134680 0.493194 0 0 0 0 0 0
-16.152345 -0.910810 15.715131 0.302068 0.889093 -0.343900 0.865775 -0.370552 0.336340 0 0 0 0 0 0
-15.827994 -1.144409 15.538213 0.308996 0.931123 0.193732 0.873687 -0.482796 0.059827 0 0 0 0 0 0
-15.501496 -1.225281 15.266700 0.318816 0.664033 0.676325 0.877051 -0.430202 -0.213795 0 0 0 0 0 0
-15.171957 -1.140294 15.011774 0.328348 0.156981 0.931421 0.874427 -0.254617 -0.412974 0 0 0 0 0 0
-14.840293 -0.941814 14.854208 0.333915 -0.418530 0.844591 0.865259 -0.002649 -0.501318 0 0 0 0 0 0
-14.507736 -0.700443 14.823141 0.332893 -0.838101 0.432168 0.852443 0.275629 -0.444263 0 0 0 0 0 0
-14.175954 -0.475211 14.918726 0.325449 -0.934707 -0.142847 0.841360 0.491535 -0.224737 0 0 0 0 0 0
-13.847041 -0.326564 15.128849 0.314964 -0.686876 -0.654981 0.836646 0.538606 0.099632 0 0 0 0 0 0
-13.408336 -0.232187 15.316908 0.277229 -0.259898 -0.924985 0.878216 0.385995 0.282392 0 0 0 0 0 0
-13.090974 -0.197674 15.435463 0.314410 0.059338 -0.947431 0.912853 -0.154514 0.377922 0 0 0 0 0 0
-12.806449 -0.589150 15.713368 0.299681 0.565447 -0.768415 0.858968 -0.139995 0.492519 0 0 0 0 0 0
-12.559518 0.687265 16.514934 0.302081 -0.889089 0.343900 0.203441 -0.522136 0.828243 0 0 0 0 0 0
-12.140955 -0.148392 18.286401 0.309045 -0.931107 -0.193729 0.873681 0.482808 -0.059808 0 0 0 0 0 0
-11.814305 -0.067505 18.557894 0.318803 -0.664037 -0.676328 0.877078 0.430171 0.213746 0 0 0 0 0 0
-11.484930 -0.152520 18.812853 0.328361 -0.156986 -0.931415 0.874389 0.254621 0.413051 0 0 0 0 0 0
-11.153213 -0.350984 18.970403 0.333941 0.418526 -0.844583 0.865282 0.002655 0.501279 0 0 0 0 0 0
-10.820562 -0.592350 19.001482 0.332886 0.838103 -0.432169 0.852467 -0.275588 0.444243 0 0 0 0 0 0
-10.488945 -0.817605 18.905863 0.325483 0.934697 0.142839 0.841304 -0.491641 0.224713 0 0 0 0 0 0
-10.159974 -0.966257 18.695769 0.314987 0.686885 0.654959 0.836664 -0.538574 -0.099656 0 0 0 0 0 0
-9.720063 -1.049825 18.524888 0.280705 0.257641 0.924568 0.884426 -0.377733 -0.274060 0 0 0 0 0 0
-9.400464 -1.101043 18.390815 0.310450 -0.059697 0.948713 0.908018 0.135200 -0.396515 0 0 0 0 0 0
-9.122120 -0.700221 18.111747 0.299687 -0.565446 0.768413 0.859445 0.134661 -0.493174 0 0 0 0 0 0
-8.794715 -0.381988 18.109492 0.302081 -0.889089 0.343900 0.865757 0.370590 -0.336345 0 0 0 0 0 0
-8.470367 -0.148392 18.286401 0.309045 -0.931107 -0.193729 0.873681 0.482808 -0.059808 0 0 0 0 0 0
-8.143716 -0.067505 18.557894 0.318803 -0.664037 -0.676328 0.877078 0.430171 0.213746 0 0 0 0 0 0
-7.814341 -0.152520 18.812853 0.328361 -0.156986 -0.931415 0.874389 0.254621 0.413051 0 0 0 0 0 0
-7.482625 -0.350984 18.970403 0.333941 0.418526 -0.844583 0.865282 0.002655 0.501279 0 0 0 0 0 0
-7.299618 0.137977 20.154269 0.332886 -0.838103 0.432169 0.164403 -0.628454 0.760274 0 0 0 0 0 0
-6.834846 -0.475194 21.977572 0.325481 -0.934697 -0.142839 0.841303 0.491643 -0.224714 0 0 0 0 0 0
-6.505890 -0.326554 22.187672 0.314994 -0.686882 -0.654959 0.836663 0.538574 0.099665 0 0 0 0 0 0
-6.067134 -0.232183 22.375742 0.277220 -0.259889 -0.924990 0.878219 0.386029 0.282336 0 0 0 0 0 0
-5.749802 -0.197671 22.494284 0.314410 0.059338 -0.947431 0.912853 -0.154517 0.377920 0 0 0 0 0 0
-5.465272 -0.589150 22.772191 0.299681 0.565447 -0.768415 0.858968 -0.139995 0.492519 0 0 0 0 0 0
-5.140639 -0.910818 22.773940 0.302087 0.889088 -0.343898 0.865754 -0.370596 0.336346 0 0 0 0 0 0
-4.816262 -1.144412 22.597037 0.309045 0.931107 0.193729 0.873686 -0.482799 0.059811 0 0 0 0 0 0
-4.489630 -1.225299 22.325538 0.318804 0.664036 0.676328 0.877071 -0.430181 -0.213755 0 0 0 0 0 0
-4.160245 -1.140281 22.070586 0.328361 0.156980 0.931416 0.874395 -0.254624 -0.413038 0 0 0 0 0 0
-3.815998 -0.945932 21.920124 0.333940 -0.418529 0.844581 0.873321 -0.005551 -0.487113 0 0 0 0 0 0
-3.482322 -0.702510 21.888023 0.332885 -0.838104 0.432168 0.852466 0.275590 -0.444243 0 0 0 0 0 0
-3.150694 -0.477250 21.983640 0.325482 -0.934697 -0.142839 0.841310 0.491631 -0.224712 0 0 0 0 0 0
-2.821732 -0.328608 22.193741 0.314988 -0.686883 -0.654961 0.836661 0.538577 0.099665 0 0 0 0 0 0
-2.383005 -0.234237 22.381808 0.277245 -0.259906 -0.924978 0.878233 0.385979 0.282360 0 0 0 0 0 0
-2.065629 -0.199726 22.500361 0.314403 0.059338 -0.947433 0.912858 -0.154508 0.377913 0 0 0 0 0 0
-1.781140 -0.591206 22.778259 0.299687 0.565446 -0.768413 0.858965 -0.140000 0.492523 0 0 0 0 0 0
-1.534195 0.685212 23.579829 0.302082 -0.889090 0.343898 0.203439 -0.522137 0.828243 0 0 0 0 0 0
-1.115629 -0.150446 25.351294 0.309043 -0.931108 -0.193729 0.873683 0.482805 -0.059810 0 0 0 0 0 0
-0.788990 -0.069558 25.622790 0.318804 -0.664037 -0.676327 0.877075 0.430175 0.213751 0 0 0 0 0 0
-0.459622 -0.154560 25.877862 0.328337 -0.156975 -0.931426 0.874354 0.254654 0.413105 0 0 0 0 0 0
-0.127892 -0.353051 26.035300 0.333941 0.418526 -0.844582 0.865335 0.002595 0.501187 0 0 0 0 0 0
0.204762 -0.594404 26.066376 0.332885 0.838104 -0.432169 0.852465 -0.275591 0.444245 0 0 0 0 0 0
0.536381 -0.819664 25.970758 0.325482 0.934697 0.142839 0.841306 -0.491638 0.224714 0 0 0 0 0 0
0.865344 -0.968305 25.760646 0.314976 0.686852 0.655000 0.836627 -0.538648 -0.099569 0 0 0 0 0 0
1.305301 -1.051909 25.589935 0.280699 0.257646 0.924568 0.884453 -0.377713 -0.274000 0 0 0 0 0 0
1.624822 -1.103111 25.455725 0.310451 -0.059690 0.948714 0.907977 0.135159 -0.396624 0 0 0 0 0 0
1.903196 -0.702271 25.176641 0.299688 -0.565444 0.768415 0.859447 0.134663 -0.493171 0 0 0 0 0 0
2.230602 -0.384039 25.174387 0.302080 -0.889090 0.343899 0.865756 0.370587 -0.336351 0 0 0 0 0 0
2.554950 -0.150446 25.351295 0.309045 -0.931107 -0.193729 0.873682 0.482808 -0.059808 0 0 0 0 0 0
2.881602 -0.069558 25.622788 0.318803 -0.664037 -0.676328 0.877077 0.430172 0.213747 0 0 0 0 0 0
3.210960 -0.154561 25.877863 0.328339 -0.156975 -0.931425 0.874352 0.254654 0.413111 0 0 0 0 0 0
3.542702 -0.353048 26.035299 0.333941 0.418526 -0.844582 0.865340 0.002598 0.501179 0 0 0 0 0 0
3.744122 0.137928 27.083277 0.332885 -0.838104 0.432168 0.167554 -0.640326 0.749606 0 0 0 0 0 0
4.190483 -0.477250 28.901287 0.325482 -0.934697 -0.142839 0.841310 0.491631 -0.224712 0 0 0 0 0 0
4.519444 -0.328608 29.111388 0.314988 -0.686883 -0.654961 0.836661 0.538577 0.099665 0 0 0 0 0 0
4.958171 -0.234237 29.299455 0.277245 -0.259906 -0.924978 0.878233 0.385979 0.282360 0 0 0 0 0 0
5.275547 -0.199726 29.418008 0.314403 0.059338 -0.947433 0.912858 -0.154508 0.377913 0 0 0 0 0 0
5.560037 -0.591206 29.695907 0.299687 0.565446 -0.768413 0.858965 -0.140000 0.492523 0 0 0 0 0 0
5.884701 -0.912870 29.697661 0.302081 0.889090 -0.343899 0.865757 -0.370589 0.336347 0 0 0 0 0 0
6.673347 0.790870 30.114743 -0.237104 0.000000 -0.971484 0.788938 -0.150335 -0.595799 0 0 0 0 0 0
6.395800 -0.000001 25.541882 0.000000 1.000000 0.000000 0.000000 0.000000 1.000000 0 0 0 0 0 0
6.799388 -0.000001 25.681059 0.000000 1.000000 0.000000 0.000000 0.000000 1.000000 0 0 0 0 0 0
7.251188 -0.000001 26.264118 0.000000 1.000000 0.000000 0.000000 0.000000 1.000000 0 0 0 0 0 0
6.922847 -0.000001 26.924824 0.000000 1.000000 0.000000 0.000000 0.000000 1.000000 0 0 0 0 0 0
7.677963 -0.310210 31.800544 -0.233815 0.000000 -0.972281 -0.928901 -0.319285 0.187616 0 0 0 0 0 0
6.171314 -0.959225 32.397315 -0.302080 0.889090 -0.343899 -0.852978 -0.442827 0.276282 0 0 0 0 0 0
5.632887 -1.060198 32.603936 -0.299688 0.565444 -0.768415 -0.860333 -0.440208 0.256989 0 0 0 0 0 0
5.265390 -0.938647 32.727079 -0.314403 0.059333 -0.947433 -0.929867 -0.154568 0.333851 0 0 0 0 0 0
4.802439 -1.116783 32.926044 -0.277245 -0.259905 -0.924978 -0.906718 -0.018165 0.421346 0 0 0 0 0 0
4.628077 -0.649754 33.059578 -0.314974 -0.686852 -0.655000 -0.888898 0.294324 0.351047 0 0 0 0 0 0
4.261255 -0.327192 32.972661 -0.325482 -0.934697 -0.142839 -0.875707 0.415441 0.246062 0 0 0 0 0 0
3.930506 -0.174598 32.771164 -0.332886 -0.838103 0.432169 -0.865770 0.500390 -0.007199 0 0 0 0 0 0
3.598496 -0.147603 32.528821 -0.333941 -0.418526 0.844582 -0.852258 0.438276 -0.285606 0 0 0 0 0 0
3.266971 -0.246987 32.303338 -0.328339 0.156975 0.931425 -0.840872 0.213496 -0.497347 0 0 0 0 0 0
2.937597 -0.460851 32.156329 -0.318803 0.664037 0.676328 -0.836264 -0.111378 -0.536896 0 0 0 0 0 0
2.610816 -0.736628 32.154554 -0.309045 0.931107 0.193729 -0.839697 -0.400873 -0.366347 0 0 0 0 0 0
2.286042 -0.971472 32.322490 -0.302080 0.889090 -0.343899 -0.848908 -0.525557 -0.056081 0 0 0 0 0 0
1.962299 -1.060198 32.603936 -0.299688 0.565444 -0.768415 -0.860333 -0.440208 0.256989 0 0 0 0 0 0
1.595199 -0.941980 32.746771 -0.310451 0.059690 -0.948714 -0.923929 -0.161514 0.346798 0 0 0 0 0 0
1.132051 -1.112680 32.926989 -0.280699 -0.257646 -0.924568 -0.915493 -0.001221 0.402332 0 0 0 0 0 0
0.955439 -0.651110 33.060269 -0.314976 -0.686852 -0.655000 -0.888350 0.296673 0.350456 0 0 0 0 0 0
0.590662 -0.327193 32.972662 -0.325482 -0.934697 -0.142839 -0.875709 0.415437 0.246062 0 0 0 0 0 0
0.259919 -0.174597 32.771163 -0.332885 -0.838104 0.432169 -0.865767 0.500395 -0.007200 0 0 0 0 0 0
-0.072095 -0.147603 32.528823 -0.333941 -0.418526 0.844582 -0.852262 0.438271 -0.285600 0 0 0 0 0 0
-0.403617 -0.246989 32.303337 -0.328337 0.156975 0.931426 -0.840867 0.213498 -0.497355 0 0 0 0 0 0
-0.732989 -0.460850 32.156330 -0.318804 0.664037 0.676327 -0.836266 -0.111377 -0.536893 0 0 0 0 0 0
-1.059773 -0.736629 32.154554 -0.309043 0.931108 0.193729 -0.839695 -0.400875 -0.366349 0 0 0 0 0 0
-1.384538 -0.971472 32.322491 -0.302082 0.889090 -0.343898 -0.848907 -0.525558 -0.056079 0 0 0 0 0 0
-1.708292 -1.060199 32.603935 -0.299688 0.565444 -0.768415 -0.860335 -0.440206 0.256986 0 0 0 0 0 0
-2.075787 -0.938647 32.727079 -0.314403 0.059333 -0.947433 -0.929867 -0.154568 0.333851 0 0 0 0 0 0
-2.538738 -1.116783 32.926044 -0.277245 -0.259905 -0.924978 -0.906718 -0.018165 0.421346 0 0 0 0 0 0
-2.713099 -0.649754 33.059578 -0.314974 -0.686852 -0.655000 -0.888898 0.294324 0.351047 0 0 0 0 0 0
-3.079921 -0.327192 32.972661 -0.325482 -0.934697 -0.142839 -0.875707 0.415441 0.246062 0 0 0 0 0 0
-3.410671 -0.174598 32.771164 -0.332886 -0.838103 0.432169 -0.865770 0.500390 -0.007199 0 0 0 0 0 0
-3.742681 -0.147603 32.528821 -0.333941 -0.418526 0.844582 -0.852258 0.438276 -0.285606 0 0 0 0 0 0
-4.085339 -0.242632 32.299849 -0.328361 0.156986 0.931415 -0.845669 0.216692 -0.487739 0 0 0 0 0 0
-4.257354 -0.458682 31.496946 -0.318804 -0.664036 -0.676328 -0.149163 -0.622422 -0.768337 0 0 0 0 0 0
-4.760404 -0.558226 29.629068 -0.309045 -0.931107 -0.193729 -0.839688 0.400885 0.366353 0 0 0 0 0 0
-5.085175 -0.323390 29.461134 -0.302087 -0.889088 0.343898 -0.848912 0.525551 0.056078 0 0 0 0 0 0
-5.408944 -0.234651 29.179690 -0.299681 -0.565447 0.768415 -0.860333 0.440213 -0.256980 0 0 0 0 0 0
-5.776409 -0.356212 29.056543 -0.314410 -0.059338 0.947431 -0.929866 0.154555 -0.333859 0 0 0 0 0 0
-6.239395 -0.178071 28.857574 -0.277220 0.259889 0.924990 -0.906724 0.018136 -0.421334 0 0 0 0 0 0
-6.413701 -0.645144 28.724199 -0.314994 0.686882 0.654959 -0.888929 -0.294283 -0.351002 0 0 0 0 0 0
-6.780601 -0.967652 28.810936 -0.325481 0.934697 0.142839 -0.875670 -0.415448 -0.246181 0 0 0 0 0 0
-7.111303 -1.120260 29.012463 -0.332886 0.838103 -0.432169 -0.865766 -0.500398 0.007205 0 0 0 0 0 0
-7.443323 -1.147254 29.254799 -0.333941 0.418526 -0.844583 -0.852265 -0.438269 0.285596 0 0 0 0 0 0
-7.774832 -1.047872 29.480287 -0.328361 -0.156980 -0.931416 -0.840866 -0.213507 0.497352 0 0 0 0 0 0
-8.104236 -0.834044 29.627298 -0.318804 -0.664036 -0.676328 -0.836275 0.111421 0.536870 0 0 0 0 0 0
-8.430993 -0.558226 29.629068 -0.309045 -0.931107 -0.193729 -0.839688 0.400885 0.366353 0 0 0 0 0 0
-8.755763 -0.323390 29.461134 -0.302087 -0.889088 0.343898 -0.848912 0.525551 0.056078 0 0 0 0 0 0
-9.079532 -0.234651 29.179690 -0.299681 -0.565447 0.768415 -0.860333 0.440213 -0.256980 0 0 0 0 0 0
-9.446599 -0.352877 29.036850 -0.310457 -0.059695 0.948711 -0.923928 0.161502 -0.346806 0 0 0 0 0 0
-9.909774 -0.182180 28.856633 -0.280698 0.257645 0.924569 -0.915498 0.001223 -0.402320 0 0 0 0 0 0
-9.964213 -0.146985 28.010763 -0.314987 -0.686885 -0.654959 -0.164197 -0.559661 -0.812293 0 0 0 0 0 0
-10.434692 -0.325159 26.048969 -0.325483 -0.934697 -0.142839 -0.875674 0.415444 0.246174 0 0 0 0 0 0
-10.765403 -0.172542 25.847444 -0.332886 -0.838103 0.432169 -0.865764 0.500401 -0.007204 0 0 0 0 0 0
-11.097422 -0.145550 25.605106 -0.333941 -0.418526 0.844583 -0.852265 0.438267 -0.285597 0 0 0 0 0 0
-11.428930 -0.244939 25.379620 -0.328361 0.156986 0.931415 -0.840865 0.213510 -0.497352 0 0 0 0 0 0
-11.758324 -0.458761 25.232607 -0.318803 0.664037 0.676328 -0.836267 -0.111428 -0.536881 0 0 0 0 0 0
-12.085090 -0.734575 25.230836 -0.309045 0.931107 0.193729 -0.839696 -0.400873 -0.366348 0 0 0 0 0 0
-12.409864 -0.969411 25.398773 -0.302081 0.889089 -0.343900 -0.848911 -0.525553 -0.056080 0 0 0 0 0 0
-12.733609 -1.058151 25.680217 -0.299687 0.565446 -0.768413 -0.860329 -0.440218 0.256987 0 0 0 0 0 0
-13.101104 -0.936599 25.803363 -0.314403 0.059340 -0.947433 -0.929869 -0.154556 0.333850 0 0 0 0 0 0
-13.564076 -1.114709 26.002200 -0.277245 -0.259908 -0.924977 -0.906768 -0.018103 0.421241 0 0 0 0 0 0
-13.738399 -0.647694 26.135714 -0.315019 -0.686878 -0.654952 -0.888900 0.294233 0.351118 0 0 0 0 0 0
-14.105315 -0.325152 26.048977 -0.325502 -0.934690 -0.142838 -0.875668 0.415456 0.246175 0 0 0 0 0 0
-14.436039 -0.172538 25.847451 -0.332893 -0.838101 0.432168 -0.865772 0.500387 -0.007198 0 0 0 0 0 0
-14.768055 -0.145546 25.605102 -0.333915 -0.418530 0.844591 -0.852254 0.438289 -0.285597 0 0 0 0 0 0
-15.099455 -0.244955 25.379616 -0.328348 0.156987 0.931420 -0.840833 0.213517 -0.497404 0 0 0 0 0 0
-15.269113 -0.458680 24.579301 -0.318816 -0.664033 -0.676325 -0.149186 -0.622419 -0.768334 0 0 0 0 0 0
-15.772265 -0.558229 22.711432 -0.308996 -0.931123 -0.193732 -0.839695 0.400853 0.366373 0 0 0 0 0 0
-16.096901 -0.323402 22.543471 -0.302068 -0.889093 0.343900 -0.848895 0.525580 0.056070 0 0 0 0 0 0
-16.420666 -0.234660 22.262041 -0.299705 -0.565442 0.768409 -0.860334 0.440204 -0.256994 0 0 0 0 0 0
-16.787790 -0.352872 22.119196 -0.310463 -0.059695 0.948709 -0.923923 0.161506 -0.346817 0 0 0 0 0 0
-17.250484 -0.183514 21.935436 -0.280678 0.257646 0.924575 -0.914656 -0.000041 -0.404234 0 0 0 0 0 0
-17.428392 -0.645833 21.801343 -0.315020 0.686876 0.654954 -0.888310 -0.296652 -0.350574 0 0 0 0 0 0
-17.793253 -0.969669 21.888885 -0.325501 0.934690 0.142838 -0.875710 -0.415491 -0.245964 0 0 0 0 0 0
-18.123991 -1.122325 22.090432 -0.332892 0.838102 -0.432166 -0.865769 -0.500391 0.007195 0 0 0 0 0 0
-18.456009 -1.149309 22.332671 -0.334000 0.418548 -0.844548 -0.852306 -0.438216 0.285553 0 0 0 0 0 0
-18.787612 -1.049943 22.558262 -0.328326 -0.156978 -0.931429 -0.840836 -0.213566 0.497377 0 0 0 0 0 0
-19.116846 -0.836050 22.705129 -0.318815 -0.664036 -0.676323 -0.836279 0.111522 0.536842 0 0 0 0 0 0
-19.443699 -0.560274 22.707049 -0.309054 -0.931090 -0.193794 -0.839698 0.400834 0.366387 0 0 0 0 0 0
-19.768361 -0.325430 22.538913 -0.302122 -0.889055 0.343952 -0.848880 0.525599 0.056115 0 0 0 0 0 0
-20.092329 -0.236672 22.257601 -0.299645 -0.565454 0.768424 -0.860371 0.440133 -0.256992 0 0 0 0 0 0
-20.459698 -0.358276 22.134378 -0.314336 -0.059335 0.947456 -0.929862 0.154580 -0.333858 0 0 0 0 0 0
-20.922655 -0.180151 21.935574 -0.277245 0.259906 0.924978 -0.906794 0.018116 -0.421185 0 0 0 0 0 0
-20.961266 -0.141946 20.946853 -0.314957 -0.686891 -0.654968 -0.161167 -0.544955 -0.822830 0 0 0 0 0 0
-21.447274 -0.327194 18.985744 -0.325501 -0.934691 -0.142838 -0.875623 0.415544 0.246186 0 0 0 0 0 0
-21.778036 -0.174611 18.784144 -0.332882 -0.838075 0.432227 -0.865763 0.500402 -0.007236 0 0 0 0 0 0
-22.110085 -0.147592 18.541917 -0.333980 -0.418520 0.844570 -0.852292 0.438233 -0.285571 0 0 0 0 0 0
-22.441685 -0.246974 18.316415 -0.328348 0.156986 0.931420 -0.840883 0.213523 -0.497317 0 0 0 0 0 0
-22.771071 -0.460808 18.169409 -0.318753 0.664049 0.676340 -0.836276 -0.111393 -0.536875 0 0 0 0 0 0
-23.097705 -0.736650 18.167525 -0.309053 0.931091 0.193793 -0.839645 -0.400919 -0.366415 0 0 0 0 0 0
-23.421109 -0.968877 18.339061 -0.302069 0.889093 -0.343901 -0.850164 -0.524271 -0.048584 0 0 0 0 0 0
-23.745325 -1.058145 18.621394 -0.299705 0.565442 -0.768409 -0.860332 -0.440208 0.256992 0 0 0 0 0 0
-24.112832 -0.936598 18.744550 -0.314423 0.059340 -0.947426 -0.929859 -0.154552 0.333881 0 0 0 0 0 0
-24.575832 -1.114719 18.943383 -0.277245 -0.259908 -0.924977 -0.906776 -0.018113 0.421223 0 0 0 0 0 0
-24.750161 -0.647700 19.076890 -0.315019 -0.686878 -0.654952 -0.888912 0.294213 0.351103 0 0 0 0 0 0
-25.117080 -0.325152 18.990153 -0.325502 -0.934690 -0.142838 -0.875668 0.415456 0.246175 0 0 0 0 0 0
-25.447803 -0.172538 18.788627 -0.332893 -0.838101 0.432168 -0.865772 0.500387 -0.007198 0 0 0 0 0 0
-25.779820 -0.145546 18.546279 -0.333915 -0.418530 0.844591 -0.852254 0.438289 -0.285597 0 0 0 0 0 0
-26.111220 -0.244955 18.320793 -0.328348 0.156987 0.931420 -0.840833 0.213517 -0.497404 0 0 0 0 0 0
-26.308759 -0.457382 17.506160 -0.318816 -0.664033 -0.676325 -0.156547 -0.619901 -0.768906 0 0 0 0 0 0
-26.816499 -0.558218 15.638342 -0.309053 -0.931091 -0.193793 -0.839697 0.400832 0.366392 0 0 0 0 0 0
-27.141163 -0.323382 15.470221 -0.302129 -0.889076 0.343894 -0.848915 0.525558 0.055969 0 0 0 0 0 0
-27.465127 -0.234631 15.188836 -0.299645 -0.565454 0.768424 -0.860364 0.440191 -0.256917 0 0 0 0 0 0
-27.832109 -0.352885 15.045985 -0.310398 -0.059697 0.948730 -0.923930 0.161515 -0.346795 0 0 0 0 0 0
-28.294669 -0.183572 14.862290 -0.280688 0.257655 0.924569 -0.914632 -0.000108 -0.404287 0 0 0 0 0 0
-28.472779 -0.645778 14.728208 -0.314953 0.686881 0.654980 -0.888367 -0.296632 -0.350448 0 0 0 0 0 0
-28.837555 -0.969692 14.815707 -0.325501 0.934690 0.142838 -0.875701 -0.415417 -0.246122 0 0 0 0 0 0
-29.168367 -1.122325 15.017207 -0.332893 0.838105 -0.432161 -0.865773 -0.500386 0.007209 0 0 0 0 0 0
-29.500384 -1.149317 15.259563 -0.333916 0.418535 -0.844587 -0.852256 -0.438286 0.285595 0 0 0 0 0 0
-29.831784 -1.049901 15.485044 -0.328348 -0.156988 -0.931420 -0.840833 -0.213517 0.497403 0 0 0 0 0 0
-30.161216 -0.836109 15.632044 -0.318815 -0.664036 -0.676323 -0.836300 0.111410 0.536833 0 0 0 0 0 0
-30.488077 -0.560284 15.633833 -0.308997 -0.931122 -0.193733 -0.839696 0.400855 0.366368 0 0 0 0 0 0
-30.812714 -0.325454 15.465871 -0.302068 -0.889093 0.343900 -0.848894 0.525580 0.056070 0 0 0 0 0 0
-31.136478 -0.236713 15.184441 -0.299705 -0.565442 0.768409 -0.860334 0.440204 -0.256994 0 0 0 0 0 0
-31.503985 -0.358262 15.061286 -0.314423 -0.059338 0.947427 -0.929859 0.154553 -0.333881 0 0 0 0 0 0
-31.966978 -0.180128 14.862388 -0.277236 0.259897 0.924983 -0.906752 0.018126 -0.421274 0 0 0 0 0 0
-32.005482 -0.141956 13.873678 -0.315018 -0.686873 -0.654957 -0.161197 -0.544944 -0.822832 0 0 0 0 0 0
-32.491709 -0.327209 11.912553 -0.325501 -0.934692 -0.142831 -0.875677 0.415457 0.246140 0 0 0 0 0 0
-32.822434 -0.174598 11.711013 -0.332891 -0.838096 0.432179 -0.865771 0.500388 -0.007217 0 0 0 0 0 0
-33.154464 -0.147597 11.468702 -0.333921 -0.418538 0.844584 -0.852266 0.438274 -0.285585 0 0 0 0 0 0
-33.485839 -0.247008 11.243213 -0.328405 0.156979 0.931401 -0.840851 0.213481 -0.497388 0 0 0 0 0 0
-33.815366 -0.460818 11.096194 -0.318814 0.664031 0.676328 -0.836281 -0.111420 -0.536861 0 0 0 0 0 0
-34.142135 -0.736633 11.094382 -0.309055 0.931097 0.193761 -0.839714 -0.400837 -0.366347 0 0 0 0 0 0
-34.471154 -0.964663 11.276809 -0.302069 0.889093 -0.343901 -0.859155 -0.511090 -0.025281 0 0 0 0 0 0
-34.799457 -1.058150 11.566239 -0.299642 0.565448 -0.768429 -0.860307 -0.440252 0.257003 0 0 0 0 0 0
-35.166876 -0.936586 11.689361 -0.314419 0.059339 -0.947428 -0.929873 -0.154533 0.333849 0 0 0 0 0 0
-35.629942 -1.114721 11.888254 -0.277243 -0.259906 -0.924978 -0.906762 -0.018132 0.421254 0 0 0 0 0 0
-35.804298 -0.647695 12.021742 -0.314955 -0.686890 -0.654970 -0.888909 0.294245 0.351087 0 0 0 0 0 0
-36.170985 -0.325147 11.934928 -0.325502 -0.934690 -0.142838 -0.875636 0.415551 0.246127 0 0 0 0 0 0
-36.501775 -0.172542 11.733412 -0.332892 -0.838099 0.432173 -0.865773 0.500384 -0.007220 0 0 0 0 0 0
-36.833785 -0.145551 11.491108 -0.333986 -0.418528 0.844564 -0.852286 0.438235 -0.285584 0 0 0 0 0 0
-37.165405 -0.244921 11.265609 -0.328344 0.156985 0.931422 -0.840876 0.213531 -0.497324 0 0 0 0 0 0
-37.323729 -0.459185 10.469671 -0.318815 -0.664030 -0.676329 -0.146200 -0.623271 -0.768218 0 0 0 0 0 0
-37.825148 -0.558222 8.601894 -0.309055 -0.931097 -0.193761 -0.839707 0.400831 0.366368 0 0 0 0 0 0
-38.149987 -0.323390 8.433898 -0.302068 -0.889093 0.343900 -0.848955 0.525482 0.056081 0 0 0 0 0 0
-38.473715 -0.234656 8.152428 -0.299642 -0.565448 0.768429 -0.860308 0.440248 -0.257004 0 0 0 0 0 0
-38.840757 -0.352888 8.009667 -0.310467 -0.059696 0.948708 -0.923955 0.161470 -0.346749 0 0 0 0 0 0
-39.303387 -0.183555 7.825878 -0.280744 0.257641 0.924556 -0.914602 -0.000105 -0.404354 0 0 0 0 0 0
-39.481497 -0.645804 7.691806 -0.315018 0.686873 0.654958 -0.888360 -0.296604 -0.350490 0 0 0 0 0 0
-39.846297 -0.969701 7.779292 -0.325502 0.934691 0.142831 -0.875677 -0.415456 -0.246140 0 0 0 0 0 0
-40.177022 -1.122319 7.980831 -0.332890 0.838097 -0.432178 -0.865768 -0.500393 0.007215 0 0 0 0 0 0
-40.509052 -1.149320 8.223144 -0.333921 0.418541 -0.844583 -0.852267 -0.438272 0.285586 0 0 0 0 0 0
-40.840445 -1.049901 8.448640 -0.328341 -0.156985 -0.931422 -0.840828 -0.213521 0.497411 0 0 0 0 0 0
-41.169872 -0.836101 8.595624 -0.318814 -0.664033 -0.676327 -0.836308 0.111413 0.536821 0 0 0 0 0 0
-41.496742 -0.560273 8.597466 -0.308995 -0.931116 -0.193765 -0.839690 0.400851 0.366388 0 0 0 0 0 0
-41.821360 -0.325449 8.429442 -0.302068 -0.889093 0.343900 -0.848899 0.525572 0.056069 0 0 0 0 0 0
-42.145132 -0.236713 8.148015 -0.299702 -0.565437 0.768414 -0.860329 0.440209 -0.257004 0 0 0 0 0 0
-42.512646 -0.358260 8.024869 -0.314419 -0.059337 0.947428 -0.929862 0.154546 -0.333874 0 0 0 0 0 0
-42.975637 -0.180134 7.825996 -0.277243 0.259904 0.924979 -0.906762 0.018128 -0.421253 0 0 0 0 0 0
-43.014142 -0.141949 6.837284 -0.315018 -0.686873 -0.654957 -0.161196 -0.544946 -0.822830 0 0 0 0 0 0
-43.500368 -0.327210 4.876164 -0.325501 -0.934691 -0.142838 -0.875680 0.415461 0.246124 0 0 0 0 0 0
-43.831092 -0.174597 4.674616 -0.332892 -0.838099 0.432173 -0.865774 0.500384 -0.007219 0 0 0 0 0 0
-44.163123 -0.147599 4.432306 -0.333921 -0.418538 0.844584 -0.852265 0.438280 -0.285579 0 0 0 0 0 0
-44.494497 -0.247008 4.206822 -0.328408 0.156980 0.931400 -0.840851 0.213482 -0.497387 0 0 0 0 0 0
-44.824026 -0.460814 4.059803 -0.318814 0.664031 0.676328 -0.836281 -0.111425 -0.536860 0 0 0 0 0 0
-45.150795 -0.736636 4.057979 -0.309055 0.931097 0.193761 -0.839708 -0.400831 -0.366368 0 0 0 0 0 0
-45.439618 -0.970348 4.246174 -0.302129 0.889075 -0.343894 -0.832269 -0.553957 -0.021454 0 0 0 0 0 0
-45.763140 -1.058168 4.525589 -0.299702 0.565437 -0.768414 -0.860303 -0.440249 0.257021 0 0 0 0 0 0
-46.130723 -0.936627 4.648701 -0.314353 0.059341 -0.947450 -0.929900 -0.154573 0.333757 0 0 0 0 0 0
-46.593508 -1.114673 4.847586 -0.277243 -0.259906 -0.924978 -0.906712 -0.018084 0.421362 0 0 0 0 0 0
-46.767901 -0.647700 4.981083 -0.315017 -0.686875 -0.654956 -0.888920 0.294235 0.351066 0 0 0 0 0 0
-47.134814 -0.325156 4.894305 -0.325502 -0.934691 -0.142831 -0.875678 0.415458 0.246136 0 0 0 0 0 0
-47.465540 -0.172545 4.692766 -0.332892 -0.838099 0.432173 -0.865774 0.500382 -0.007232 0 0 0 0 0 0
-47.797570 -0.145546 4.450447 -0.333921 -0.418538 0.844584 -0.852265 0.438279 -0.285579 0 0 0 0 0 0
-48.129087 -0.244932 4.224980 -0.328341 0.156984 0.931423 -0.840904 0.213509 -0.497287 0 0 0 0 0 0
-48.287493 -0.459187 3.429017 -0.318815 -0.664032 -0.676328 -0.146201 -0.623271 -0.768218 0 0 0 0 0 0
-48.788913 -0.558224 1.561241 -0.309055 -0.931097 -0.193761 -0.839708 0.400833 0.366365 0 0 0 0 0 0
-49.048701 -0.318626 1.376376 -0.302068 -0.889093 0.343900 -0.805495 0.591528 0.035673 0 0 0 0 0 0
-49.367721 -0.236713 1.107364 -0.299703 -0.565438 0.768413 -0.860330 0.440208 -0.257002 0 0 0 0 0 0
-49.735234 -0.358260 0.984217 -0.314419 -0.059337 0.947428 -0.929862 0.154547 -0.333875 0 0 0 0 0 0
-50.198225 -0.180134 0.785344 -0.277243 0.259905 0.924979 -0.906762 0.018129 -0.421254 0 0 0 0 0 0
-50.372581 -0.647163 0.651849 -0.314955 0.686886 0.654974 -0.888908 -0.294247 -0.351086 0 0 0 0 0 0
-50.739411 -0.969691 0.738655 -0.325437 0.934713 0.142837 -0.875686 -0.415438 -0.246142 0 0 0 0 0 0
-51.069993 -1.122311 0.940208 -0.332891 0.838099 -0.432173 -0.865725 -0.500467 0.007255 0 0 0 0 0 0
-51.402066 -1.149314 1.182487 -0.333985 0.418530 -0.844563 -0.852286 -0.438233 0.285587 0 0 0 0 0 0
-51.733686 -1.049935 1.407987 -0.328342 -0.156985 -0.931422 -0.840877 -0.213528 0.497324 0 0 0 0 0 0
-52.063049 -0.836102 1.554970 -0.318814 -0.664033 -0.676326 -0.836308 0.111413 0.536821 0 0 0 0 0 0
-52.389776 -0.560250 1.556809 -0.309056 -0.931095 -0.193768 -0.839633 0.400956 0.366403 0 0 0 0 0 0
