t = 0
b = 172 172 172
E = 0 0 0
16.39707374572754 -13.809957504272461 8.777793884277344 -0.7039512581170282 0.7024897989639004 0.10469340259592322 0.708563615585405 0.704756621302531 0.03543596194234258 0 0 0 0 0 0
16.80640983581543 -13.379587173461914 8.68691349029541 -0.5446133730202133 0.5533987670893595 0.6301952701437253 0.7783096742585068 0.6134285593975559 0.1339382449902062 0 0 0 0 0 0
17.094144821166992 -13.01542854309082 8.567086219787598 -0.2075299224684714 0.314880549121701 0.926164980478665 0.7401430970033877 0.669602971693466 -0.06180660367237096 0 0 0 0 0 0
17.29391098022461 -12.744708061218262 8.473747253417969 0.08560034798520981 0.19755026832816636 0.976548243512977 0.3300915266240454 0.9191667599257849 -0.21487682866829003 0 0 0 0 0 0
17.090877532958984 -12.300929069519043 8.194633483886719 0.5509263914503254 -0.02939367687653469 0.8340360441630811 0.43158949340183916 0.8653985845306245 -0.2545894716549287 0 0 0 0 0 0
16.952547073364258 -11.865798950195312 8.20119857788086 0.8870063192759413 -0.14923058739400058 0.4369782847586234 0.256978464268616 0.9457820718018312 -0.1986412383176758 0 0 0 0 0 0
16.8906192779541 -11.442514419555664 8.361149787902832 0.9868644742672615 -0.13223934363043205 -0.09279690418000949 0.1255014104856926 0.9892502532659315 -0.07505552863974758 0 0 0 0 0 0
16.933992385864258 -11.132810592651367 8.65484619140625 0.806728453373719 0.023144611194898263 -0.5904689064547634 0.10384644002303739 0.9781291704085199 0.18021998471446649 0 0 0 0 0 0
17.127044677734375 -10.891545295715332 8.94675350189209 0.3877665170292655 0.2737280590626928 -0.8801761630223597 0.1690630135445972 0.9175694907267606 0.35983875157999917 0 0 0 0 0 0
17.432899475097656 -10.693724632263184 9.150510787963867 -0.13170015424171183 0.5325873552235031 -0.8360656543769415 0.3100051497134691 0.8232366803466019 0.47558193330175685 0 0 0 0 0 0
17.79136848449707 -10.507198333740234 9.232185363769531 -0.5511020109960207 0.6975194745261919 -0.4579881615640813 0.5013519589756517 0.7155315738084258 0.486477933841314 0 0 0 0 0 0
18.149038314819336 -10.307621955871582 9.186761856079102 -0.7038675838330936 0.7025730522352133 0.10469732901014808 0.6848104683924957 0.6320142972307424 0.36275687516018446 0 0 0 0 0 0
18.449979782104492 -10.069503784179688 9.021821975708008 -0.5446430981111298 0.5534067463788772 0.6301625732636424 0.7782486548640559 0.6135288721529158 0.13383330765194038 0 0 0 0 0 0
18.748584747314453 -9.71038818359375 8.885588645935059 -0.21099334547541457 0.31278716749753943 0.926091785955344 0.7431803731218257 0.6667539621246389 -0.055875638677332785 0 0 0 0 0 0
18.932754516601562 -9.43640422821045 8.801850318908691 0.08710615307019194 0.2012487856559567 0.9756594920203027 0.3157338581820738 0.9233139702144783 -0.21863998537376494 0 0 0 0 0 0
18.740747451782227 -8.991271018981934 8.525236129760742 0.5509056352335492 -0.029596843189463276 0.8340425696216819 0.4285377826523865 0.8675909181410766 -0.25227240752507984 0 0 0 0 0 0
18.59796905517578 -8.55730152130127 8.531784057617188 0.8869995882193643 -0.1492390360276841 0.4369890623622124 0.2569641087266377 0.9457990054598473 -0.19857917337296158 0 0 0 0 0 0
18.513870239257812 -8.172859191894531 8.722122192382812 0.9868556417754297 -0.13233748413476157 -0.09275091691668852 0.13057875361719795 0.9911275215124485 -0.02480776500150836 0 0 0 0 0 0
18.556276321411133 -7.860162734985352 9.017807006835938 0.8067333874205631 0.02299100984412198 -0.5904681660236147 0.1037906336227512 0.9781952907307022 0.17989296140890323 0 0 0 0 0 0
18.749340057373047 -7.61896276473999 9.309713363647461 0.3877730757667989 0.2735563179213621 -0.8802266654877383 0.16906568977918812 0.9176379792960297 0.35966280248725585 0 0 0 0 0 0
19.055192947387695 -7.421151638031006 9.513501167297363 -0.1316675574624094 0.532611553740492 -0.8360553732463073 0.31000901512152507 0.8232182371163552 0.47561133777741516 0 0 0 0 0 0
18.57003402709961 -7.103549957275391 10.670210838317871 0.8454479721949115 -0.10377363400799094 0.523878572950152 -0.5336711772781476 -0.20147995793294896 0.821340916485897 0 0 0 0 0 0
19.11984634399414 -7.0656585693359375 12.570905685424805 0.9917060739104526 -0.1220581497152096 -0.040260042936088654 0.1126715354513627 0.9763325550579705 -0.18460733201313498 0 0 0 0 0 0
19.109661102294922 -6.717133045196533 12.800911903381348 0.8230576040623266 0.00818828164076675 -0.5678988751872587 0.020892311902609047 0.9987828503728243 0.044680298840771494 0 0 0 0 0 0
19.210832595825195 -6.296788215637207 13.007761001586914 0.455515906706858 0.18569212052137538 -0.8706455622773852 0.07137145018813977 0.9672375056609803 0.2436344059051742 0 0 0 0 0 0
19.289222717285156 -5.994827747344971 13.172557830810547 0.18883014781781404 0.35606533315285194 -0.9151833989981739 0.4944301106507959 0.7707337288358773 0.40188105817092984 0 0 0 0 0 0
19.738746643066406 -5.942226886749268 13.507112503051758 -0.2859967153490476 0.5638375265690732 -0.7747858558608473 0.39644506098431936 0.8057369541449358 0.44002190212122483 0 0 0 0 0 0
20.16653823852539 -5.7934722900390625 13.565339088439941 -0.6199389199278369 0.6879999816868235 -0.37726881763225245 0.5712815755019489 0.7253600407610982 0.3840444932023755 0 0 0 0 0 0
20.537405014038086 -5.5995025634765625 13.439087867736816 -0.7137699862504021 0.6832628792244886 0.1538968635221744 0.6993094820905783 0.6831154946913615 0.21052189712897712 0 0 0 0 0 0
20.78365707397461 -5.329715728759766 13.207980155944824 -0.5250111857367283 0.5451925520058969 0.6535505612334915 0.7233910728496419 0.6904191886798821 0.005167167895250695 0 0 0 0 0 0
20.881811141967773 -4.983644008636475 12.981237411499023 -0.09749120629416061 0.31181976108126686 0.9451263943486771 0.6515475878150352 0.7378546723027675 -0.17622775993975734 0 0 0 0 0 0
20.86913299560547 -4.590019226074219 12.843062400817871 0.4268270966975071 0.0628929545777296 0.9021436170528839 0.5015391570364212 0.8136425627182132 -0.29401403723722874 0 0 0 0 0 0
20.80467414855957 -4.183319091796875 12.827230453491211 0.8454664371745555 -0.10378784313000715 0.5238459575388404 0.3010321069264926 0.9028546366862965 -0.3069742263015776 0 0 0 0 0 0
20.740209579467773 -3.791548013687134 12.93820858001709 0.9917005168182342 -0.12208633964149782 -0.04031142040896279 0.11269126578917402 0.9763337983828411 -0.1845887124126711 0 0 0 0 0 0
20.730052947998047 -3.443101167678833 13.168227195739746 0.8229977247025759 0.008278207685930322 -0.5679843452172707 0.020896761228637786 0.9987757866579955 0.044835849003397626 0 0 0 0 0 0
20.81917381286621 -3.0199527740478516 13.391207695007324 0.45609351138241344 0.18146644750900046 -0.8712339739147709 0.06763912456517293 0.9690891364786971 0.23725765401147858 0 0 0 0 0 0
20.915590286254883 -2.728039503097534 13.537714004516602 0.19083952530785092 0.3593636959732532 -0.9134757848989306 0.5162165044313263 0.7547703268329715 0.40477434983599453 0 0 0 0 0 0
21.3591251373291 -2.665707588195801 13.870598793029785 -0.28597480909018524 0.5638450037786512 -0.7747885003532804 0.4008194919036714 0.8048097162734845 0.4377499920067117 0 0 0 0 0 0
20.24342155456543 -1.9161417484283447 14.595954895019531 0.8870168898699208 -0.1492653293574211 0.4369449605354359 -0.4364773309877305 0.03764452649291703 0.8989273770216095 0 0 0 0 0 0
20.976593017578125 -2.0165352821350098 16.45713233947754 0.9868466501644004 -0.13236365240675776 -0.09280922680878562 0.13060580068379296 0.9911243480559866 -0.02479216647130559 0 0 0 0 0 0
21.018980026245117 -1.7039357423782349 16.752843856811523 0.8068028261397543 0.02308876416241379 -0.5903694679625273 0.10375946796612617 0.978169042130483 0.18005359708964472 0 0 0 0 0 0
21.212051391601562 -1.4626134634017944 17.044797897338867 0.3877395127257651 0.2736024929898872 -0.8802270991629974 0.16899464080813528 0.9176460756753296 0.35967553597068114 0 0 0 0 0 0
21.517911911010742 -1.2647801637649536 17.248537063598633 -0.13157649881931843 0.5325472596423418 -0.8361106632533052 0.30991804876427337 0.8232629867787669 0.47559316400706353 0 0 0 0 0 0
21.87642478942871 -1.0783779621124268 17.330198287963867 -0.5512715109340247 0.6973350440814131 -0.458065014521401 0.500903466262332 0.7156910690359294 0.48670526110633905 0 0 0 0 0 0
22.234088897705078 -0.8787267804145813 17.28474235534668 -0.7040503741658157 0.7023868165223732 0.10471786195554646 0.6845584906631069 0.6320301693697464 0.3632045399874547 0 0 0 0 0 0
22.535003662109375 -0.6406252384185791 17.119848251342773 -0.5446989960910589 0.5533632584499806 0.6301524481068151 0.7782872294516681 0.6134286511994712 0.1340681854879959 0 0 0 0 0 0
22.822681427001953 -0.27653998136520386 16.999990463256836 -0.20739097482434007 0.31493229252684385 0.9261785112413246 0.7400619520849645 0.6696750702003689 -0.06199683401854593 0 0 0 0 0 0
23.024307250976562 -0.0072130425833165646 16.902320861816406 0.08562037171764658 0.19751378850545326 0.9765538670739855 0.33519987878133356 0.9173061711991586 -0.2149195885556251 0 0 0 0 0 0
22.821407318115234 0.43654462695121765 16.62318992614746 0.5508784349643749 -0.02944737972793032 0.8340658257705804 0.43177431877739053 0.8652957690786759 -0.2546255479304134 0 0 0 0 0 0
22.68300437927246 0.8716477751731873 16.629772186279297 0.887009211872066 -0.14934878202885388 0.4369320305958284 0.25713539887666814 0.9457167690793432 -0.1987490360395864 0 0 0 0 0 0
22.59891700744629 1.256025791168213 16.82016372680664 0.98684336394547 -0.1323303220861583 -0.09289166213047358 0.13057513798562528 0.9911293897795542 -0.024752091936713252 0 0 0 0 0 0
22.64124298095703 1.568605899810791 17.11581802368164 0.8067165934856317 0.02317998356644549 -0.5904837221776712 0.1038513407699145 0.9781179176061453 0.1802782246365582 0 0 0 0 0 0
22.834306716918945 1.8099727630615234 17.407739639282227 0.3879014443279349 0.27362259205726663 -0.8801495024165863 0.16902683721237988 0.9176065646166542 0.35976119979008514 0 0 0 0 0 0
23.140209197998047 2.00778865814209 17.61154556274414 -0.13166736920610295 0.532547228923777 -0.8360963777292366 0.30987804387906775 0.8232821400732937 0.47558607607668707 0 0 0 0 0 0
22.655025482177734 2.325270652770996 18.768192291259766 0.8453900613202939 -0.10386048060310094 0.52395481178224 -0.5337577277063246 -0.20181811305300631 0.8212016423251386 0 0 0 0 0 0
23.204801559448242 2.363218069076538 20.668935775756836 0.9917004156889482 -0.12207017135858296 -0.04036283918227032 0.11266292482423512 0.9763274144336118 -0.18463977143461602 0 0 0 0 0 0
23.19468879699707 2.711698055267334 20.898941040039062 0.822981391574845 0.008260854703117741 -0.5680082634972011 0.020859466047975266 0.9987804666484642 0.044748878395659566 0 0 0 0 0 0
23.283784866333008 3.1348698139190674 21.121835708618164 0.45622243566884035 0.1815661807557824 -0.8711456888478238 0.06780204433283399 0.9690246279355128 0.2374745317686285 0 0 0 0 0 0
23.380250930786133 3.426783800125122 21.268396377563477 0.19076638079950772 0.3593208338926234 -0.913507923494573 0.5160178835449393 0.7549411323370729 0.40470906904518456 0 0 0 0 0 0
23.823780059814453 3.4890971183776855 21.60126495361328 -0.28599330312151416 0.563854996357721 -0.7747744017790472 0.4007743179838099 0.8048159144659203 0.4377799559904461 0 0 0 0 0 0
24.2534122467041 3.633833885192871 21.658937454223633 -0.6199387677470742 0.6880570684492411 -0.3771649437597237 0.571308937915718 0.7253030720293707 0.38411137859008004 0 0 0 0 0 0
24.624271392822266 3.8277947902679443 21.532777786254883 -0.713614519082259 0.683432369397466 0.1538652482361164 0.6994776913676829 0.6830515361238074 0.21017030779309318 0 0 0 0 0 0
24.870683670043945 4.0976972579956055 21.301738739013672 -0.5251669394270125 0.5453593400015309 0.6532862129311771 0.7234667696038963 0.6903389124199366 0.005293323886017664 0 0 0 0 0 0
24.968740463256836 4.443692207336426 21.074913024902344 -0.09765988545112682 0.31174774917773646 0.9451327354696205 0.6516995288775106 0.737772182373559 -0.1760111671928431 0 0 0 0 0 0
24.964448928833008 4.84628963470459 20.945316314697266 0.42676375619582724 0.06283860426831342 0.9021773695960452 0.49845982056093235 0.8160308563709001 -0.29262851661609973 0 0 0 0 0 0
24.8988037109375 5.2549519538879395 20.92845916748047 0.8454535716563629 -0.10384419443986086 0.5238555539980804 0.30110345910505065 0.9028272936646062 -0.30698466529977697 0 0 0 0 0 0
24.834228515625 5.646603584289551 21.039411544799805 0.9917024336241351 -0.12206622932574984 -0.04032516338666848 0.11266909258593191 0.9763366126577638 -0.18458736240551862 0 0 0 0 0 0
24.824094772338867 5.9950785636901855 21.269367218017578 0.8232684313403251 0.008365153438396064 -0.5675906219859457 0.020918865217224473 0.9987651544113956 0.045061817668671865 0 0 0 0 0 0
24.913223266601562 6.418282985687256 21.492387771606445 0.45611094381638817 0.18151137346828125 -0.8712154889765114 0.06766723573805215 0.9690707098031827 0.23732489251894068 0 0 0 0 0 0
25.00963020324707 6.710181713104248 21.638927459716797 0.190771564865167 0.3594603281161521 -0.9134519596287062 0.5163122893437648 0.7546843376050058 0.4048125127096422 0 0 0 0 0 0
25.453184127807617 6.772480487823486 21.971864700317383 -0.2859095788689981 0.563779083237165 -0.7748605410105833 0.4006496105791778 0.8048752833520169 0.43778495610489393 0 0 0 0 0 0
24.33751106262207 7.522074222564697 22.697139739990234 0.8869638829741721 -0.14932123339081446 0.4370334535913989 -0.43662380818154617 0.037283836955634135 0.8988712731147381 0 0 0 0 0 0
25.070674896240234 7.421645164489746 24.558380126953125 0.9868677531831229 -0.13226881109306687 -0.09272000506536573 0.13053091843729625 0.9911392308167352 -0.024590739474992032 0 0 0 0 0 0
25.11302375793457 7.734221935272217 24.85408592224121 0.8067873907331414 0.02321485371877723 -0.5903856169664242 0.10382590040350217 0.9781086265809018 0.18034327548712192 0 0 0 0 0 0
25.30615997314453 7.9755778312683105 25.145984649658203 0.38762136229782274 0.2737165487738691 -0.8802436767269062 0.16907242401936998 0.9175900807646955 0.35978182155085875 0 0 0 0 0 0
25.612022399902344 8.173420906066895 25.349735260009766 -0.1317306775810181 0.532635617641697 -0.8360300995798499 0.3099379558870926 0.8232268718425408 0.47564270306278783 0 0 0 0 0 0
25.970422744750977 8.35978889465332 25.43134117126465 -0.5512366700622544 0.6974553488728005 -0.4579237599288744 0.5013848087802173 0.7155933258327363 0.48635323125077345 0 0 0 0 0 0
26.328142166137695 8.559462547302246 25.385942459106445 -0.7040465826018315 0.7023921227188347 0.10470776222043844 0.6846026847852469 0.6321023798922238 0.3629955169412133 0 0 0 0 0 0
26.629053115844727 8.797548294067383 25.22101402282715 -0.5446089662481157 0.5533987495584973 0.6301990938340443 0.7783050918538434 0.6134385071148213 0.13391931146447777 0 0 0 0 0 0
26.91675567626953 9.16167163848877 25.10120964050293 -0.20746729764680227 0.31491517037723943 0.9261672396891434 0.7400870751722032 0.6696551700450144 -0.06191182758598526 0 0 0 0 0 0
27.11836814880371 9.430964469909668 25.003450393676758 0.08561490728192349 0.1974802529710997 0.9765611283158765 0.33527861111373286 0.917284978023261 -0.21488723094337592 0 0 0 0 0 0
26.91543197631836 9.874753952026367 24.72445297241211 0.5509102997222578 -0.029448765426527124 0.8340447301402879 0.4317271141406471 0.8653224480495274 -0.25461492457702023 0 0 0 0 0 0
26.7771053314209 10.309850692749023 24.730995178222656 0.8869638720323645 -0.14939290045701106 0.4370089827479487 0.25724344756741385 0.9456710342352258 -0.19882681834226895 0 0 0 0 0 0
26.692935943603516 10.694229125976562 24.921300888061523 0.9868659533747306 -0.13231200159566503 -0.09267752857911725 0.13056050050090984 0.9911316060256823 -0.024740558722542383 0 0 0 0 0 0
26.73531150817871 11.006816864013672 25.21707534790039 0.8067798597872561 0.023098874328414423 -0.5904004571868279 0.10377293875299516 0.9781636625422326 0.18007505786347067 0 0 0 0 0 0
26.92837905883789 11.248140335083008 25.50896453857422 0.3878289037615776 0.2736520554221798 -0.8801723092499044 0.16901310481637988 0.9176083254644749 0.3597631602021109 0 0 0 0 0 0
27.234310150146484 11.445975303649902 25.712717056274414 -0.13174764967644156 0.5326273208224476 -0.8360327110336265 0.3100092868391727 0.8232187214770684 0.4756103223050656 0 0 0 0 0 0
26.749086380004883 11.76346492767334 26.86943817138672 0.8454195307236334 -0.10383679461719919 0.5239119555370512 -0.5337162804331697 -0.20155428199554848 0.8212933723157891 0 0 0 0 0 0
27.29888153076172 11.80141544342041 28.770132064819336 0.9917027721712324 -0.12207828226013823 -0.04028032607001573 0.1126817249904478 0.9763133666457778 -0.18470256891003026 0 0 0 0 0 0
27.28873062133789 12.149896621704102 29.00006866455078 0.823053407667701 0.008261625446322042 -0.5679038947494284 0.020907465704559616 0.9987757982478787 0.04483060017583071 0 0 0 0 0 0
27.377870559692383 12.573065757751465 29.223073959350586 0.4561357944816683 0.1815063000205041 -0.8712035353724433 0.06766943265393131 0.9690704022918984 0.23732552177571037 0 0 0 0 0 0
27.47431182861328 12.864990234375 29.369606018066406 0.19082470289096878 0.3593925638422205 -0.9134675242292355 0.5163595177206707 0.7546678346591993 0.4047830379228751 0 0 0 0 0 0
27.917863845825195 12.92729663848877 29.702470779418945 -0.2860692966273634 0.5638606891835001 -0.7747422027491685 0.40077725226537014 0.804821214153987 0.43776752656441054 0 0 0 0 0 0
28.347469329833984 13.072084426879883 29.760160446166992 -0.6199676237275249 0.6879651649397504 -0.37728514065500646 0.5711686518503387 0.7253895113470299 0.38415677525091696 0 0 0 0 0 0
28.718290328979492 13.26601505279541 29.633975982666016 -0.7136057653181175 0.6834301033741222 0.15391590400858607 0.6994868476610808 0.6830297220208358 0.2102107247152337 0 0 0 0 0 0
28.96470832824707 13.535910606384277 29.402917861938477 -0.5249170201233831 0.5454085887684657 0.6534459375360585 0.7233973533099238 0.6904149507298896 0.004844071927792658 0 0 0 0 0 0
29.062761306762695 13.88190746307373 29.176122665405273 -0.0975994216616301 0.3116930132912324 0.9451570337022028 0.6516970960945884 0.7377753487377168 -0.17600690252607007 0 0 0 0 0 0
29.050058364868164 14.27552604675293 29.037841796875 0.42680120734403687 0.06294898291455561 0.902151957798516 0.5015114595859774 0.8136520540386626 -0.29403501638853785 0 0 0 0 0 0
28.985679626464844 14.682345390319824 29.022125244140625 0.8454430731223168 -0.1039106697034265 0.5238593158771524 0.30118237973040063 0.9027974004265598 -0.3069951594455177 0 0 0 0 0 0
28.921152114868164 15.07398509979248 29.13315773010254 0.9916827472774705 -0.12211540271282267 -0.040659035557836766 0.11265908503255466 0.9763417279724339 -0.18456641292345044 0 0 0 0 0 0
28.9110164642334 15.422477722167969 29.363147735595703 0.822954884036655 0.008248525216297686 -0.5680468472511503 0.02090861335819128 0.9987774009285024 0.04479434430754699 0 0 0 0 0 0
29.012161254882812 15.842832565307617 29.56992530822754 0.45554204141501825 0.1855825477948692 -0.8706552512087682 0.07142708576056044 0.9672558805149719 0.24354513550666554 0 0 0 0 0 0
29.090551376342773 16.14482307434082 29.73471450805664 0.18895526242218974 0.3561774988755097 -0.9151139262942881 0.49499227526917144 0.770299867707807 0.40202084676442335 0 0 0 0 0 0
29.54006576538086 16.197399139404297 30.069286346435547 -0.28601484772255775 0.5638807303257009 -0.774747719486541 0.39665533193048 0.8056708354511654 0.43995346635132004 0 0 0 0 0 0
28.422504425048828 16.950946807861328 30.795127868652344 0.8869916500819068 -0.14932135620209644 0.43697705347871835 -0.4365169535089709 0.03760994952762969 0.8989095844387112 0 0 0 0 0 0
29.155685424804688 16.850563049316406 32.65635681152344 0.9868534731725338 -0.13227508331641902 -0.09286293566833498 0.1305246185406948 0.9911372433204985 -0.024704025134565034 0 0 0 0 0 0
29.198009490966797 17.163095474243164 32.95209503173828 0.8067290976470688 0.02318154180118232 -0.5904665774870467 0.10380759548674012 0.9781316306190734 0.1802290107106342 0 0 0 0 0 0
29.3911075592041 17.40445899963379 33.243934631347656 0.3880771904018673 0.27394918524066725 -0.8799704189322317 0.16950043432075398 0.9172991527378147 0.3603218937999228 0 0 0 0 0 0
29.696983337402344 17.602291107177734 33.447731018066406 -0.13156354749281088 0.5325198019971052 -0.8361301892959438 0.30994618780474914 0.8232711923255535 0.47556062132199783 0 0 0 0 0 0
30.055442810058594 17.78868865966797 33.529483795166016 -0.5512175934494848 0.6972118495367472 -0.45831735897444126 0.5006262380636882 0.7158091315888211 0.4868168617624673 0 0 0 0 0 0
30.413131713867188 17.988313674926758 33.48400115966797 -0.7040216637447528 0.7024435033038784 0.10453048189042367 0.6845508159979669 0.6320410434282899 0.36320008223924777 0 0 0 0 0 0
30.71406364440918 18.22645378112793 33.319053649902344 -0.5446780666455281 0.553385133711062 0.6301513290495228 0.7782421848755523 0.6135225532379325 0.13389988180926446 0 0 0 0 0 0
31.012727737426758 18.585548400878906 33.182865142822266 -0.21108949771714752 0.312950540045202 0.9260146777664696 0.7431821198665355 0.6667484230566979 -0.05591848587085483 0 0 0 0 0 0
31.19681739807129 18.85956382751465 33.09907150268555 0.08701558992056777 0.2012211674412603 0.9756732695346081 0.315711277469653 0.9233349994291568 -0.2185837782353465 0 0 0 0 0 0
31.004789352416992 19.304567337036133 32.82246017456055 0.5508097394110117 -0.029546062436746734 0.8341077035757776 0.4285398057090228 0.8675942602485058 -0.2522574766121334 0 0 0 0 0 0
30.862136840820312 19.73870849609375 32.82897186279297 0.8870279851912176 -0.14929640487689916 0.43691181830941783 0.2570603643773803 0.9457429836347112 -0.1987213576138275 0 0 0 0 0 0
30.777996063232422 20.12313461303711 33.019351959228516 0.9868502541449798 -0.1323750822891653 -0.09275458739558531 0.13061042611156543 0.9911217651440738 -0.024870931801017158 0 0 0 0 0 0
30.820314407348633 20.43567657470703 33.31507110595703 0.8068025040274095 0.023215794621500373 -0.5903649264439701 0.10376974286383502 0.978126660457403 0.18027777613566706 0 0 0 0 0 0
31.013416290283203 20.677091598510742 33.60694122314453 0.3877751129977567 0.2737373547136315 -0.8801694850277192 0.16909460605975152 0.9175545180341231 0.3598620855781635 0 0 0 0 0 0
31.319276809692383 20.874794006347656 33.810760498046875 -0.13165200509881805 0.5326884487985538 -0.8360088313349634 0.3100109415763247 0.8231722393411425 0.47568968927342686 0 0 0 0 0 0
31.677711486816406 21.061283111572266 33.8923225402832 -0.5511297902265103 0.6976287214840374 -0.4577882930847292 0.5016699720948901 0.7154321478875513 0.4862962891769968 0 0 0 0 0 0
32.035484313964844 21.260976791381836 33.847049713134766 -0.7041060929504145 0.7023656284816184 0.1044850888774252 0.6844296491348307 0.6320685801383432 0.36338046918769784 0 0 0 0 0 0
32.336402893066406 21.499021530151367 33.682010650634766 -0.544647173165454 0.5533247578629216 0.6302310442201488 0.7783086823324318 0.6134016497404021 0.13406718875887177 0 0 0 0 0 0
32.62409210205078 21.863147735595703 33.56217575073242 -0.2075165281128769 0.3149130070348973 0.9261569459655401 0.7402485282688079 0.6694889699359089 -0.06177892464279164 0 0 0 0 0 0
32.82563018798828 22.132347106933594 33.4644660949707 0.08535153778220601 0.19755604848046981 0.9765688520053233 0.33534067000565654 0.9172667860267255 -0.21486804856087585 0 0 0 0 0 0
32.622802734375 22.57624626159668 33.18537521362305 0.5507838104665214 -0.029541529201573134 0.8341249859465977 0.4319376222950234 0.8652303172519904 -0.25457098922332333 0 0 0 0 0 0
32.48434829711914 23.01124382019043 33.191959381103516 0.8870121063918734 -0.1494882792186184 0.4368784470427765 0.2573215480669578 0.945639092480593 -0.19887767012137095 0 0 0 0 0 0
33.524295806884766 23.86503791809082 33.37125015258789 -0.3413428609279355 -0.7657494735003124 -0.5450805400374575 -0.7595809514005576 0.5663053155043928 -0.31989852750660497 0 0 0 0 0 0
31.749465942382812 22.020540237426758 30.85555076599121 -0.890225810806344 0.449425733110974 -0.07425978852549264 -0.11078734450341048 -0.05548908026516635 0.9922938709219203 0 0 0 0 0 0
31.943172454833984 22.388099670410156 30.757347106933594 -0.8902085386600731 0.4494673354443114 -0.07421503934707471 -0.11064952939139805 -0.055301255200274166 0.9923197331600013 0 0 0 0 0 0
32.20731735229492 22.82316017150879 30.223325729370117 -0.8902247675996983 0.44946589924661506 -0.074028836047143 -0.11040146980331259 -0.055219911797405555 0.9923518916222992 0 0 0 0 0 0
32.1351203918457 22.5668888092041 29.535295486450195 -0.8901451171253877 0.449635962556228 -0.07395384799970879 -0.11034421784092718 -0.05523067818792273 0.9923576602092495 0 0 0 0 0 0
32.440250396728516 24.27140235900879 30.189041137695312 -0.3718892570473372 -0.8112078832328163 -0.45126505589698945 0.1522066309026527 -0.5328398078501416 0.8324150891709544 0 0 0 0 0 0
32.853450775146484 23.40747833251953 30.53461265563965 0.6199554911531379 -0.6880527616722429 0.3771453117092548 -0.6140743356224064 -0.7246775156690188 -0.31265829369085896 0 0 0 0 0 0
32.548404693603516 22.98419952392578 30.268898010253906 0.2859585748375965 -0.5638072504488308 0.7748219652398739 -0.7022947557057052 -0.6734231254813223 -0.23083190891909003 0 0 0 0 0 0
32.50722885131836 22.61171531677246 30.09963035583496 -0.18884412458929065 -0.3560294942196257 0.9151944579453166 -0.524299311997134 -0.7514614500408002 -0.4005195632449301 0 0 0 0 0 0
32.170536041259766 22.285518646240234 29.86239242553711 -0.4555463230592989 -0.18559135712429048 0.8706511331801717 -0.4161046743656775 -0.8202170140544588 -0.39255693832439303 0 0 0 0 0 0
32.518096923828125 21.928001403808594 29.746875762939453 -0.8229454482104513 -0.008324716704183312 0.5680594056623782 -0.21885693464666414 -0.9180762138572734 -0.3305112822681846 0 0 0 0 0 0
32.635520935058594 21.452299118041992 29.821617126464844 -0.9917228077293503 0.12190295740192483 0.040318005978456986 -0.12838290917525733 -0.9461605658923161 -0.29714981437320453 0 0 0 0 0 0
32.60288619995117 21.077674865722656 30.00018882751465 -0.8454037363525072 0.10389446003005452 -0.5239260097917299 -0.052074970842665595 -0.9922593187453695 -0.11273704703739051 0 0 0 0 0 0
32.45346450805664 20.756145477294922 30.209794998168945 -0.4269671059607395 -0.06290540609598029 -0.9020764936031813 -0.07879147679504327 -0.9911952979411093 0.10641327231079675 0 0 0 0 0 0
32.193580627441406 20.492769241333008 30.39336585998535 0.09746449100383449 -0.31183772481335476 -0.9451232228532923 -0.22440442125778648 -0.9320752540367977 0.28439123849408027 0 0 0 0 0 0
31.841333389282227 20.287189483642578 30.490863800048828 0.5250745295628411 -0.5453373688237402 -0.6533788277628539 -0.44504868671960673 -0.8303336305473143 0.3353769944872035 0 0 0 0 0 0
31.451208114624023 20.119619369506836 30.43999481201172 0.7136210290117443 -0.683394487811772 -0.15400324990306102 -0.6477801206822833 -0.7274332603797125 0.22632226347000833 0 0 0 0 0 0
31.117223739624023 19.944950103759766 30.22370147705078 0.6198349721283559 -0.6881083780058884 0.3772419216427911 -0.7442851121530084 -0.6678452720798683 0.004729100120585298 0 0 0 0 0 0
30.926193237304688 19.711746215820312 29.90586280822754 0.2860438119900787 -0.5637727295186817 0.7748156213404838 -0.7024181396921874 -0.6733615093051784 -0.2306361524514732 0 0 0 0 0 0
30.885610580444336 19.336271286010742 29.756391525268555 -0.19093835530873976 -0.3595003396828788 0.9134013631694932 -0.518033473544054 -0.7534839730158231 -0.404849629734513 0 0 0 0 0 0
30.544401168823242 19.014583587646484 29.50002098083496 -0.4561882889871505 -0.18148462797322373 0.8711805638330073 -0.4349873399760806 -0.8085757720659841 -0.39622119439579634 0 0 0 0 0 0
30.602577209472656 19.052040100097656 28.512250900268555 0.544634315643229 -0.5533646761767614 -0.6302071067384273 -0.07623521456127794 0.7156569217280042 -0.6942790234794604 0 0 0 0 0 0
30.769365310668945 18.64374351501465 26.531776428222656 0.7039539835499962 -0.7024899065303306 -0.1046743534353054 -0.6933211782465374 -0.7116570230946877 0.11335795197003325 0 0 0 0 0 0
30.509592056274414 18.42864990234375 26.287700653076172 0.5510517662485787 -0.6974771992293721 0.4581129854844463 -0.760113964278895 -0.6460799016520592 -0.0693362963352429 0 0 0 0 0 0
30.365528106689453 18.158161163330078 26.01241111755371 0.1316757638690739 -0.5325441856859504 0.8360969940751994 -0.7240128962959244 -0.6277775616088828 -0.28583327157206967 0 0 0 0 0 0
30.33243179321289 17.830373764038086 25.763288497924805 -0.3879252291691114 -0.2736430327163682 0.880132664556816 -0.5731182978724727 -0.6762390475863281 -0.4628565297835774 0 0 0 0 0 0
30.393442153930664 17.448711395263672 25.60065460205078 -0.8068028023939717 -0.023066223499321113 0.590370381525626 -0.35385211774270375 -0.78133634238977 -0.5141032958754302 0 0 0 0 0 0
30.494735717773438 17.033498764038086 25.587003707885742 -0.9868708108543977 0.13232980814548953 0.09260034859417005 -0.15879774566607913 -0.8996383355601569 -0.40673596000590073 0 0 0 0 0 0
30.541725158691406 16.6291561126709 25.73900604248047 -0.8869786519954609 0.1492870169770807 -0.43701516846260635 -0.07242258317219477 -0.9795653524283228 -0.18763445783928417 0 0 0 0 0 0
30.446521759033203 16.285018920898438 25.9927978515625 -0.5509503741682826 0.02943780330862543 -0.8340186454391726 -0.12284296631138365 -0.9913521006109113 0.04615862045332368 0 0 0 0 0 0
30.163217544555664 16.002967834472656 26.08942222595215 -0.08549888690681262 -0.19745513068658438 -0.9765763726935237 -0.3077205135512534 -0.9270122196829754 0.21437450897482258 0 0 0 0 0 0
30.091835021972656 15.500916481018066 26.231184005737305 0.2073701350369301 -0.3149570083880824 -0.9261747729030385 -0.42636550265797263 -0.8812007816004421 0.204200001591538 0 0 0 0 0 0
29.588817596435547 15.544523239135742 26.311317443847656 0.5445743518035189 -0.5534118722569469 -0.6302174823049881 -0.6191739585093534 -0.7721247250425606 0.14299307004819428 0 0 0 0 0 0
29.148963928222656 15.36968994140625 26.16447639465332 0.703934543452964 -0.702489621414782 -0.10480691932397956 -0.6933088006456056 -0.7116577367786042 0.11342915247195784 0 0 0 0 0 0
28.889219284057617 15.15456485748291 25.920429229736328 0.5511409651345781 -0.6974533677241631 0.4580419592141629 -0.7601392821743517 -0.6460728421017016 -0.06912419543178136 0 0 0 0 0 0
28.745197296142578 14.88410758972168 25.645172119140625 0.13160411754471843 -0.532625201284143 0.8360566674587925 -0.723910277443014 -0.6278153395393866 -0.28601015655291573 0 0 0 0 0 0
28.712074279785156 14.556317329406738 25.39593505859375 -0.3878366764879331 -0.27360789950974646 0.880182611562316 -0.5731764854885261 -0.6762465076452214 -0.4627735703134559 0 0 0 0 0 0
28.915822982788086 14.353301048278809 24.600841522216797 0.524971193956714 -0.5453023352748817 -0.653491093022256 0.2974276350583221 0.8369305230463048 -0.45943889854588094 0 0 0 0 0 0
28.988481521606445 13.963332176208496 22.704986572265625 0.713633078786983 -0.6833807700698703 -0.1540082853606351 -0.6477666793597407 -0.7274462074612231 0.22631912062735185 0 0 0 0 0 0
28.654430389404297 13.788634300231934 22.488685607910156 0.6199517947557273 -0.6879926676888036 0.37726099902533833 -0.7442646369840266 -0.6678654080668227 0.00509380435154181 0 0 0 0 0 0
28.463485717773438 13.555440902709961 22.170862197875977 0.2859679569313339 -0.5639222876287285 0.7747347811503627 -0.7023931325152095 -0.6733187423739438 -0.23083708229710861 0 0 0 0 0 0
28.4228515625 13.179933547973633 22.02129554748535 -0.19080975239053 -0.359330472930858 0.9134950736681345 -0.5182881050793574 -0.7534287154366636 -0.404626507891794 0 0 0 0 0 0
28.0816707611084 12.858260154724121 21.765012741088867 -0.45618398066183174 -0.18156372310550253 0.8711663390189006 -0.4349461621211706 -0.8085708957349904 -0.3962763462867544 0 0 0 0 0 0
28.43513298034668 12.500261306762695 21.64988136291504 -0.8230547509566218 -0.008348745916922303 0.5679006738588606 -0.21973364748953056 -0.917349406105699 -0.33194456054960103 0 0 0 0 0 0
28.550514221191406 12.023433685302734 21.723613739013672 -0.9917042127477227 0.12205924099074804 0.040302557079941494 -0.12852755448619152 -0.9461126896720345 -0.29723971164591667 0 0 0 0 0 0
28.5179386138916 11.64879322052002 21.902202606201172 -0.8455235737783222 0.10389172922757481 -0.5237331331730296 -0.05198597198305378 -0.9922451900097331 -0.11290235435776393 0 0 0 0 0 0
28.368419647216797 11.327232360839844 22.111801147460938 -0.4268712493417658 -0.0629151735226306 -0.9021211766863791 -0.07861504047168143 -0.9912184060830779 0.10632848561772441 0 0 0 0 0 0
28.108522415161133 11.063897132873535 22.295452117919922 0.09754245824933849 -0.3118054645035247 -0.945125822916937 -0.22416969223625113 -0.9321340224818524 0.2843837428801193 0 0 0 0 0 0
27.75634002685547 10.85820484161377 22.39287757873535 0.524929410543886 -0.5453234905796414 -0.6535070042226663 -0.4451185753030003 -0.83031791218497 0.33532315551572034 0 0 0 0 0 0
27.366199493408203 10.690738677978516 22.34196662902832 0.7136408572617567 -0.6833997363967631 -0.15388803442613644 -0.6478027508130819 -0.7274240347609214 0.22628713991552019 0 0 0 0 0 0
27.032161712646484 10.516053199768066 22.125699996948242 0.6200151812553677 -0.688000786958737 0.37714200529380465 -0.7442691032521613 -0.6678594221452472 0.005224384752333287 0 0 0 0 0 0
26.8411808013916 10.282840728759766 21.807903289794922 0.2860348518930648 -0.5638646458868662 0.7747520407339314 -0.7024086979873457 -0.6733391126310315 -0.23073027628158574 0 0 0 0 0 0
26.79994773864746 9.910310745239258 21.638643264770508 -0.18889213733275032 -0.3560574350694821 0.9151736793557859 -0.524300365467667 -0.7514344586587497 -0.4005688219403786 0 0 0 0 0 0
26.463212966918945 9.584076881408691 21.40142250061035 -0.45554789500682275 -0.18557089262496093 0.8706546727407074 -0.4162427570018053 -0.8201307946697036 -0.3925906861834303 0 0 0 0 0 0
26.517770767211914 9.621842384338379 20.41440773010254 0.5446127565639031 -0.5533503058232565 -0.6302383552539274 -0.07576052686070098 0.7159269439199877 -0.6940525581965503 0 0 0 0 0 0
26.68433380126953 9.214869499206543 18.433778762817383 0.7039700540464805 -0.7024489618444902 -0.10484092239861799 -0.6932566492044564 -0.7116975204025002 0.11349827217513907 0 0 0 0 0 0
26.424530029296875 8.999750137329102 18.18977165222168 0.5512717639009984 -0.6973827413798576 0.45799208983452583 -0.760158031523741 -0.6460843297097612 -0.0688099267071269 0 0 0 0 0 0
26.280521392822266 8.729276657104492 17.914438247680664 0.1317740312999848 -0.5324788409761135 0.8361231300398797 -0.7241270631411505 -0.6277323144616548 -0.2856433752201973 0 0 0 0 0 0
26.247411727905273 8.401491165161133 17.665300369262695 -0.38775837140385366 -0.2736556952806125 0.8802022528071123 -0.5731826000182565 -0.6762545934523214 -0.46275418082492475 0 0 0 0 0 0
26.30841636657715 8.019832611083984 17.502660751342773 -0.8066502171410249 -0.023142308090451043 0.5905758721473339 -0.3540287771649558 -0.7812123574872242 -0.5141700861080308 0 0 0 0 0 0
26.409719467163086 7.604620933532715 17.488975524902344 -0.9868538886818569 0.132302904070306 0.09281887721827209 -0.15886761023797114 -0.8995819893300968 -0.4068332912756551 0 0 0 0 0 0
26.45669174194336 7.200237274169922 17.640962600708008 -0.8870047617149872 0.1493443173425112 -0.43694259070550423 -0.07239574150639017 -0.9795294799531865 -0.18783198480125718 0 0 0 0 0 0
26.361507415771484 6.856141567230225 17.89482307434082 -0.5509232879946132 0.0294516714486487 -0.8340360482581586 -0.1228783300177971 -0.9913476209872603 0.046160701629600155 0 0 0 0 0 0
26.077260971069336 6.5763092041015625 17.971656799316406 -0.08700340837235163 -0.2012034289014374 -0.9756780140650387 -0.3132145444326465 -0.9242005221219349 0.21851783466205435 0 0 0 0 0 0
26.009206771850586 6.072484970092773 18.136415481567383 0.2111282522514728 -0.3128036129404825 -0.9260554847484137 -0.4064753561653473 -0.8897047062699744 0.20785408456730572 0 0 0 0 0 0
25.501708984375 6.119616508483887 18.217117309570312 0.5446005332154337 -0.5533707613958758 -0.6302309573907123 -0.6179915915147672 -0.7727877999965336 0.14451785008628812 0 0 0 0 0 0
25.062074661254883 5.942316055297852 18.070768356323242 0.7039855029319688 -0.7024559704548442 -0.10469012003988677 -0.6932727783476356 -0.7116899009039263 0.11344751982088509 0 0 0 0 0 0
24.802291870117188 5.7271857261657715 17.826753616333008 0.5511259104352514 -0.6974218665776376 0.4581080340555918 -0.7601650035496035 -0.646052365508282 -0.06903266183180552 0 0 0 0 0 0
24.658292770385742 5.456721782684326 17.551509857177734 0.13170803742888443 -0.5326142560692262 0.8360472756420275 -0.7239460460191917 -0.6278188953839514 -0.2859117994278192 0 0 0 0 0 0
24.61676788330078 5.12117338180542 17.297409057617188 -0.3878993969725228 -0.2736504817636116 0.8801417338468257 -0.5738183291792239 -0.6755841411557887 -0.4629455619365623 0 0 0 0 0 0
24.82174301147461 4.915101528167725 16.499597549438477 0.5249561797509944 -0.5453190093840954 -0.6534892404206749 0.2969000582877838 0.8368882594566625 -0.4598569305472178 0 0 0 0 0 0
24.894393920898438 4.525135517120361 14.603727340698242 0.7136724044850595 -0.6833610683463365 -0.15391344757709563 -0.6477683651090211 -0.7274621669485609 0.22626299039500494 0 0 0 0 0 0
24.560361862182617 4.350437164306641 14.387496948242188 0.6199729025589391 -0.6879917267784795 0.37722802649990134 -0.7442962285876314 -0.6678289442190618 0.005255984539698055 0 0 0 0 0 0
24.36939811706543 4.117215633392334 14.06963062286377 0.28600408122170956 -0.5638121459530311 0.7748016066067259 -0.7024080741526533 -0.6733484809983122 -0.23070483415487078 0 0 0 0 0 0
24.328794479370117 3.7417538166046143 13.920114517211914 -0.19081906954388794 -0.35938441825626 0.9134719057601138 -0.5182459306112837 -0.753429949478113 -0.404678226044166 0 0 0 0 0 0
23.987590789794922 3.420037269592285 13.663747787475586 -0.4561653918297136 -0.18149492252457813 0.8711904088054697 -0.43513373389317916 -0.8084730359283878 -0.39627008946539966 0 0 0 0 0 0
24.341049194335938 3.0620481967926025 13.548656463623047 -0.8230981900029537 -0.00825079381843775 0.567839144490081 -0.21985131943013483 -0.9172979214542759 -0.3320089165075148 0 0 0 0 0 0
24.456405639648438 2.5851798057556152 13.622355461120605 -0.9916987028533434 0.12208246799547902 0.04036773175605659 -0.128569637703462 -0.9460478930048672 -0.29742769272858927 0 0 0 0 0 0
24.423847198486328 2.2106165885925293 13.8009614944458 -0.8454654086126785 0.10382270580783967 -0.523840709183751 -0.05199730653549019 -0.9922631176656236 -0.11273945819255707 0 0 0 0 0 0
24.274364471435547 1.8890585899353027 14.010618209838867 -0.42680400273870206 -0.06293682989865042 -0.9021514832269194 -0.07870934806493618 -0.9912046960155481 0.10638650818556748 0 0 0 0 0 0
24.01448631286621 1.6256957054138184 14.194201469421387 0.09753057981833964 -0.3118091810200288 -0.9451258226458091 -0.2242456734738404 -0.9321177941229377 0.28437703108312495 0 0 0 0 0 0
23.662267684936523 1.4200146198272705 14.291664123535156 0.5249624682944248 -0.545340596498639 -0.6534661740998791 -0.4451776488899552 -0.8303024663305449 0.3352829779965368 0 0 0 0 0 0
23.272123336791992 1.2525529861450195 14.240732192993164 0.7136764134614592 -0.6833921010300952 -0.15375699372210902 -0.6478105963812443 -0.7274249521059176 0.22626172957413718 0 0 0 0 0 0
22.938079833984375 1.077865481376648 14.024505615234375 0.6199704790813596 -0.6879835208408864 0.37724697496336157 -0.7442675729483502 -0.6678616377340554 0.005158749922017011 0 0 0 0 0 0
22.747146606445312 0.8446511030197144 13.706664085388184 0.28594857757132536 -0.5638456425172133 0.7747977170844571 -0.7022311521780235 -0.6734561425177077 -0.23092906490066295 0 0 0 0 0 0
22.705915451049805 0.4721222221851349 13.537405014038086 -0.18893644324804862 -0.35606984552902154 0.9151597049246188 -0.5242747817231855 -0.7514331675830063 -0.40060472776201195 0 0 0 0 0 0
22.369157791137695 0.14586929976940155 13.30018138885498 -0.4554977633432205 -0.18551909351394233 0.8706919395119543 -0.4163262767790855 -0.8201122478737376 -0.3925408668543311 0 0 0 0 0 0
22.4237060546875 0.18366411328315735 12.31316089630127 0.5446487768903788 -0.5533648206662884 -0.6301944819504378 -0.0758714630660682 0.715834178304392 -0.6941361179649782 0 0 0 0 0 0
22.590240478515625 -0.22332683205604553 10.33255386352539 0.7040269478619968 -0.7024047532508847 -0.10475504424458477 -0.6931965458639434 -0.7117396704989177 0.1136010133774792 0 0 0 0 0 0
22.330516815185547 -0.43843868374824524 10.08855152130127 0.551135256952029 -0.697448001117849 0.45805699894351337 -0.7601337674601681 -0.6460778445981091 -0.06913808130308936 0 0 0 0 0 0
22.186481475830078 -0.7089367508888245 9.813268661499023 0.13172060865369753 -0.5325973473035798 0.8360560668406692 -0.7239709425821288 -0.6278074117486101 -0.2858739723204179 0 0 0 0 0 0
22.153371810913086 -1.0367027521133423 9.564077377319336 -0.3878489529062659 -0.2736259294547463 0.8801715971670179 -0.5730837272556791 -0.6763187965680358 -0.462782807549613 0 0 0 0 0 0
22.214414596557617 -1.4183582067489624 9.401472091674805 -0.8067787579845613 -0.02316673922147469 0.5903993037417413 -0.35374575873955844 -0.7814165827449191 -0.5140545325011998 0 0 0 0 0 0
22.315671920776367 -1.8335826396942139 9.38776969909668 -0.9868605752791334 0.13229472097428083 0.09275942950490185 -0.1588316874869402 -0.899638861694927 -0.40672154304672253 0 0 0 0 0 0
22.3626708984375 -2.2379233837127686 9.539772987365723 -0.8869861547907811 0.14922141453276924 -0.43702234571507204 -0.07239461941312182 -0.9795842993363238 -0.18754631314369474 0 0 0 0 0 0
22.267431259155273 -2.582057476043701 9.793601036071777 -0.5508722570278312 0.029536729647451285 -0.834066746752798 -0.12285895123838214 -0.991355761142747 0.046037299548190386 0 0 0 0 0 0
21.983198165893555 -2.8618581295013428 9.870452880859375 -0.08709160324216667 -0.20126612025192714 -0.9756572151547108 -0.313377664929543 -0.9241236861159996 0.21860890165472324 0 0 0 0 0 0
21.915176391601562 -3.365708589553833 10.03521728515625 0.21109015770625092 -0.31282702572540705 -0.926056260329439 -0.40651306495434303 -0.8896821449492728 0.2078769082411203 0 0 0 0 0 0
21.407672882080078 -3.3185784816741943 10.115880966186523 0.54454463475553 -0.553394158604486 -0.630258713530721 -0.6180429995639225 -0.7727472298421244 0.14451494546015797 0 0 0 0 0 0
20.96792221069336 -3.495911121368408 9.96957778930664 0.7040473099300575 -0.7023927699045542 -0.10469852991354424 -0.6931808395314375 -0.7117508602986409 0.11362674232167459 0 0 0 0 0 0
20.708223342895508 -3.7110283374786377 9.725574493408203 0.5511251910566096 -0.6974770651389113 0.45802485455270514 -0.7601488904306818 -0.6460584628592798 -0.06915292434097091 0 0 0 0 0 0
20.564193725585938 -3.981520891189575 9.450279235839844 0.1316687795709184 -0.5325680042455846 0.8360829225263366 -0.7239047479492603 -0.6278580744060751 -0.285930331199076 0 0 0 0 0 0
20.5311222076416 -4.309195518493652 9.201091766357422 -0.3877243331213309 -0.2736774566254113 0.8802104812149566 -0.5731754053660094 -0.6762669236402044 -0.46274507309503027 0 0 0 0 0 0
20.59207534790039 -4.690874099731445 9.038524627685547 -0.8067771637373881 -0.023259029317956252 0.5903978536775369 -0.3536274435457786 -0.7814939267085302 -0.5140183592917277 0 0 0 0 0 0
20.693376541137695 -5.1062331199646 9.024791717529297 -0.9868492596415935 0.13241815383113342 0.09270367458085398 -0.15892576387617044 -0.899555104345919 -0.40687002325260885 0 0 0 0 0 0
20.740388870239258 -5.510458469390869 9.176822662353516 -0.8869890697150767 0.14933106847074074 -0.43697897225767035 -0.07238355684979912 -0.9795335650766158 -0.18781537633023387 0 0 0 0 0 0
20.645198822021484 -5.854557037353516 9.430609703063965 -0.5509286393125424 0.029399677381977036 -0.8340343478269141 -0.12293180348742892 -0.9913364046006535 0.046259102939612516 0 0 0 0 0 0
20.3619384765625 -6.136633396148682 9.527260780334473 -0.0855826410007585 -0.19755370010136364 -0.9765491012415073 -0.30783487962394385 -0.9269458975370007 0.21449706274500896 0 0 0 0 0 0
20.290508270263672 -6.638786315917969 9.668959617614746 0.2074344952969711 -0.31491621366164274 -0.9261742322770081 -0.42635688749836825 -0.881218905033941 0.20413977048455342 0 0 0 0 0 0
19.787504196166992 -6.595159530639648 9.749143600463867 0.5445801565461127 -0.5533189102948969 -0.6302940873959388 -0.619120471582664 -0.7721760703731146 0.14294739595527678 0 0 0 0 0 0
19.347623825073242 -6.769851207733154 9.602232933044434 0.7040060923210933 -0.702434937525947 -0.10469279114486922 -0.6932486494585909 -0.7117104979072324 0.11346575339052428 0 0 0 0 0 0
19.087858200073242 -6.985029220581055 9.358275413513184 0.5511535117276397 -0.6974548657874222 0.4580245808903051 -0.760156586258476 -0.6460587282745202 -0.06906579463214584 0 0 0 0 0 0
18.9438533782959 -7.255513668060303 9.082966804504395 0.13166497169908786 -0.5325593720473092 0.8360890206623062 -0.7239799833162224 -0.62779686991706 -0.2858742273794277 0 0 0 0 0 0
18.910675048828125 -7.5833821296691895 8.833767890930176 -0.3877761740290999 -0.27358775234043153 0.8802155307790609 -0.5732187676054319 -0.6762471747216667 -0.4627202212415984 0 0 0 0 0 0
18.97167205810547 -7.965040683746338 8.671189308166504 -0.8067115347629953 -0.023058030188220967 0.5904954080466432 -0.35398570485819897 -0.7812721384183541 -0.5141089052790822 0 0 0 0 0 0
19.073074340820312 -8.380122184753418 8.657523155212402 -0.9868666967838814 0.13228093456016177 0.09271395326897071 -0.1587987897280751 -0.8996633848048244 -0.40668014264582103 0 0 0 0 0 0
19.119983673095703 -8.784634590148926 8.809473991394043 -0.8869733514718144 0.14931494486174077 -0.4370163852989868 -0.07240318568587814 -0.9795482973831774 -0.18773095588169467 0 0 0 0 0 0
19.024761199951172 -9.128715515136719 9.063326835632324 -0.5508396081897259 0.02951607665074795 -0.8340890403719116 -0.12281958028379632 -0.9913609961553504 0.0460296209063613 0 0 0 0 0 0
18.740589141845703 -9.408452033996582 9.140157699584961 -0.08710967504660097 -0.20125486695314104 -0.9756579231682327 -0.3133539165956269 -0.9241329732517676 0.21860368410214162 0 0 0 0 0 0
18.67251968383789 -9.912370681762695 9.304943084716797 0.21102468218934858 -0.31292037006666473 -0.9260396457518575 -0.40670797340339265 -0.8895827443158956 0.20792105565696087 0 0 0 0 0 0
18.56715965270996 -10.045869827270508 10.281949043273926 -0.8230734268081052 -0.008487259296248564 0.5678715528286312 0.5533182735378683 0.21340377914316636 0.8051693705156001 0 0 0 0 0 0
17.969215393066406 -10.506582260131836 12.166129112243652 -0.9916970753670173 0.12209419715094502 0.04037223960310284 -0.12858234028439508 -0.9460205276434784 -0.29750923186372347 0 0 0 0 0 0
17.936630249023438 -10.881156921386719 12.344736099243164 -0.845453121393601 0.10382728350787974 -0.5238596326547709 -0.05195509321244 -0.9922570609696951 -0.1128122034403617 0 0 0 0 0 0
17.78716278076172 -11.202696800231934 12.554350852966309 -0.42679888683869166 -0.0629664972259393 -0.9021518333519859 -0.07867140104912489 -0.9912061780157687 0.1064007674800335 0 0 0 0 0 0
17.527189254760742 -11.466137886047363 12.738006591796875 0.09761925436986783 -0.3117755764106561 -0.9451277538672082 -0.22408181534907956 -0.9321640839673687 0.2843544629351495 0 0 0 0 0 0
17.175065994262695 -11.671669960021973 12.835436820983887 0.5249397413400596 -0.5453850037552807 -0.6534473702148351 -0.44525539339556747 -0.8302655172500509 0.3352712417098493 0 0 0 0 0 0
16.784923553466797 -11.839192390441895 12.784509658813477 0.7136415963992613 -0.6834034751171499 -0.1538680021528742 -0.6478137515560584 -0.7274208352298503 0.22626593152388777 0 0 0 0 0 0
16.52806282043457 -13.093002319335938 13.21975326538086 0.4005194739552179 0.8497788705609896 0.34272441134346465 -0.9103127524971508 0.3263780396882261 0.2545742874886067 0 0 0 0 0 0
17.266307830810547 -9.333378791809082 14.641927719116211 -0.8902139322077655 0.4494698249574987 -0.07413522344920373 -0.1106099922385619 -0.05540036878442183 0.9923186125209662 0 0 0 0 0 0
17.072572708129883 -9.70086669921875 14.740134239196777 -0.8901978933689982 0.4495021375713327 -0.07413190244557556 -0.11061241717809031 -0.05540465746609023 0.9923181027760631 0 0 0 0 0 0
16.80849266052246 -10.1359224319458 15.27412223815918 -0.8901884590109207 0.44952848374691806 -0.07408542193953768 -0.1105502510886146 -0.055377192782688676 0.9923265634375377 0 0 0 0 0 0
16.880538940429688 -9.879785537719727 15.962117195129395 -0.8902035267115639 0.4495247409802488 -0.07392691172323179 -0.11027659824421357 -0.05518255992502955 0.9923678536509558 0 0 0 0 0 0
15.261056900024414 -12.01537036895752 15.936989784240723 0.41853270436170575 0.8711270345688015 0.25684249068844306 0.5159357428628164 0.0046824598154635595 -0.8566144896081729 0 0 0 0 0 0
16.02390480041504 -12.046454429626465 15.388556480407715 0.9868599959548631 -0.13228183210496094 -0.09278397102367578 0.15439032436862282 0.9413546595980108 0.30002505327799645 0 0 0 0 0 0
16.154096603393555 -11.523072242736816 15.659563064575195 0.8067179181122451 0.02308770992640753 -0.5904855275508442 0.1037742444893236 0.9781733094011226 0.1800218957680591 0 0 0 0 0 0
16.347152709960938 -11.281844139099121 15.951476097106934 0.3877394234722234 0.27366321180066844 -0.8802082628516791 0.16897241386400574 0.9176283439752114 0.3597312131109591 0 0 0 0 0 0
16.652971267700195 -11.0840482711792 16.155261993408203 -0.13162250590260718 0.5325938134646182 -0.8360737681563353 0.3100116816958432 0.82322242167193 0.4756023566685918 0 0 0 0 0 0
17.011476516723633 -10.897533416748047 16.236906051635742 -0.5512205374789604 0.6973964993015059 -0.4580327955762673 0.5011575896171793 0.7156436849769959 0.48651329531847864 0 0 0 0 0 0
17.369131088256836 -10.69791030883789 16.191497802734375 -0.7039322554325684 0.7025113260000757 0.10467672426682365 0.6847303196729226 0.6320499014629168 0.3628461263143574 0 0 0 0 0 0
17.670082092285156 -10.459778785705566 16.026559829711914 -0.544702099489198 0.553258890587509 0.6302414004156967 0.7782611547697148 0.6134522873603507 0.13411139440354794 0 0 0 0 0 0
17.968687057495117 -10.100736618041992 15.890357971191406 -0.21106596837441471 0.31292000912027595 0.9260303585122558 0.7431964914789588 0.6667334421039988 -0.0559061019345806 0 0 0 0 0 0
18.15281867980957 -9.82673168182373 15.806578636169434 0.08705749114362744 0.20127455450513757 0.97565851963919 0.31571250636123055 0.9233193618324476 -0.21864804913932329 0 0 0 0 0 0
17.960813522338867 -9.381630897521973 15.529977798461914 0.55087762618117 -0.029491462187036695 0.8340648024170961 0.4283738623253993 0.8676785120320122 -0.2522495467475279 0 0 0 0 0 0
17.818063735961914 -8.9476318359375 15.536529541015625 0.8869670675973036 -0.14928619882729566 0.43703895917588087 0.25708380206996106 0.9457415503479282 -0.19869785771052087 0 0 0 0 0 0
17.73394775390625 -8.563187599182129 15.726863861083984 0.9868735163504021 -0.13224881426406349 -0.09268718278134182 0.13051585326962004 0.9911424118921874 -0.02454244066592419 0 0 0 0 0 0
17.77637481689453 -8.250510215759277 16.022550582885742 0.8067464053868267 0.023135666954739766 -0.5904447292592196 0.10374871333213292 0.9781646656188551 0.1800835678696991 0 0 0 0 0 0
17.96941566467285 -8.009270668029785 16.314502716064453 0.38773649156277906 0.27357496054175384 -0.8802369874500644 0.1689791533453485 0.9176626436948642 0.35964054012533425 0 0 0 0 0 0
18.27524757385254 -7.811453342437744 16.518251419067383 -0.13157992572731952 0.5326047151264566 -0.8360735258161563 0.310036078108133 0.8232060680362284 0.47561475988415286 0 0 0 0 0 0
17.790151596069336 -7.493898868560791 17.675020217895508 0.8455047209895322 -0.10383108924524552 0.5237755928740467 -0.5335972274684047 -0.20084136747033748 0.8215453389501255 0 0 0 0 0 0
18.33989143371582 -7.455972194671631 19.575681686401367 0.9916951009901664 -0.12214457226983803 -0.04026822738986501 0.11274078299489758 0.9762814123087044 -0.18483538576316827 0 0 0 0 0 0
18.329771041870117 -7.10752010345459 19.805648803710938 0.8230372718237907 0.008349117847121718 -0.5679259999507213 0.02096328133706462 0.9987641767578647 0.045062845679873446 0 0 0 0 0 0
18.430919647216797 -6.6871442794799805 20.012474060058594 0.4556049800187516 0.18568201369997248 -0.8706011095619142 0.07147777319434648 0.9672147168309891 0.24369370013344066 0 0 0 0 0 0
18.50933074951172 -6.38516902923584 20.17727279663086 0.1887749039550571 0.3561251009494695 -0.9151715402647139 0.4945459085417901 0.7706504704407381 0.4018982417901881 0 0 0 0 0 0
18.95882797241211 -6.332555294036865 20.511821746826172 -0.2859947899184433 0.5639256645791525 -0.7747224180107779 0.3966172079671079 0.8056508771348018 0.4400243794567528 0 0 0 0 0 0
19.3866024017334 -6.183772563934326 20.57005500793457 -0.6199972283725003 0.6879548682132621 -0.3772552665133925 0.5711818771265169 0.7253992824956875 0.38411865900652425 0 0 0 0 0 0
19.757465362548828 -5.989830493927002 20.443864822387695 -0.7137656531446323 0.6832735867311656 0.1538694188802477 0.6993147059326337 0.683125455238525 0.21047221781392458 0 0 0 0 0 0
20.00377082824707 -5.720036506652832 20.21272087097168 -0.5249894680273998 0.5452287819618845 0.6535377829786644 0.7234625575480929 0.6903438452915959 0.005225236261216207 0 0 0 0 0 0
20.10187530517578 -5.373960971832275 19.98602294921875 -0.09749698741440678 0.3118403900374495 0.9451189917605118 0.6514536095470832 0.7379264507485176 -0.17627463769292484 0 0 0 0 0 0
20.08917808532715 -4.980330944061279 19.847782135009766 0.4268612792352525 0.06289930984910752 0.9021270005437981 0.5015161145033897 0.8136496322632111 -0.29403377835099875 0 0 0 0 0 0
20.024747848510742 -4.57363748550415 19.831926345825195 0.8454050912428823 -0.1037524624720531 0.5239519617594719 0.30107985720786795 0.9028227403121781 -0.3070212031096535 0 0 0 0 0 0
19.960283279418945 -4.1818742752075195 19.942968368530273 0.9917109671058025 -0.12195471555422109 -0.04045250395417849 0.1125499613391397 0.9763905922693308 -0.1843743949969843 0 0 0 0 0 0
19.950149536132812 -3.8334410190582275 20.17296028137207 0.823042400971106 0.008218144776926213 -0.567920477091769 0.0209161742490614 0.9987785547131289 0.04476507902301097 0 0 0 0 0 0
20.039243698120117 -3.4102742671966553 20.395933151245117 0.4561003276350261 0.18150010515526974 -0.8712233944057333 0.06771115594359993 0.9690660477028396 0.2373314023688809 0 0 0 0 0 0
20.13563346862793 -3.118389844894409 20.542438507080078 0.1909615213872496 0.35946679953674676 -0.9134097204323345 0.5163761011309381 0.7545841522526513 0.404917867412589 0 0 0 0 0 0
20.579219818115234 -3.056055784225464 20.8753719329834 -0.2860742777337666 0.5638235164841812 -0.7747674166345123 0.4006466685838294 0.804870605415879 0.4377962488306127 0 0 0 0 0 0
19.46352195739746 -2.306427478790283 21.600650787353516 0.8869479179224138 -0.1494204547977332 0.43703194228927245 -0.4366347525744095 0.03722344542133976 0.8988684597621884 0 0 0 0 0 0
20.196701049804688 -2.406856060028076 23.46190071105957 0.9868619167222916 -0.1322957991652427 -0.09274361889873907 0.13053662204883618 0.9911329778331983 -0.02481150047006866 0 0 0 0 0 0
20.239093780517578 -2.0942609310150146 23.75757598876953 0.806741166781944 0.023059762202141586 -0.5904548561799525 0.10375294515642557 0.9781868729876196 0.17996046200782614 0 0 0 0 0 0
20.432140350341797 -1.8529553413391113 24.049510955810547 0.38772483821372533 0.2737126275498756 -0.8801993225127384 0.16912954143236572 0.9175600502363915 0.3598315611853251 0 0 0 0 0 0
20.738027572631836 -1.6551192998886108 24.253263473510742 -0.13172278185917807 0.5325714131122681 -0.8360722448896872 0.31002334651949337 0.8232446366736342 0.47555629824548645 0 0 0 0 0 0
21.09644889831543 -1.4687200784683228 24.334917068481445 -0.551178418380355 0.6973755400414031 -0.45811538640793525 0.5011279210429128 0.715666817199891 0.4865098287909359 0 0 0 0 0 0
21.45417594909668 -1.2690526247024536 24.28952407836914 -0.70409479486809 0.7023590951823405 0.10460507279432676 0.6844737071346433 0.6320541668996246 0.36332254863437785 0 0 0 0 0 0
21.75505828857422 -1.0309522151947021 24.124523162841797 -0.5444824252188052 0.5532868459755643 0.6304066581963269 0.7783194638087522 0.6134372832083885 0.13384136814291778 0 0 0 0 0 0
22.04274559020996 -0.6668453812599182 24.004737854003906 -0.2073978520362253 0.3149010251204124 0.9261876026750052 0.7400577177812198 0.6696820980703205 -0.061971460177940724 0 0 0 0 0 0
22.244413375854492 -0.3975348174571991 23.907011032104492 0.08555424805287365 0.19741792329402816 0.9765790465714389 0.33539005647289816 0.9172625264843298 -0.21480914209290666 0 0 0 0 0 0
22.04146385192871 0.04624050855636597 23.627952575683594 0.5509786954179272 -0.029489104420834474 0.8339981234487378 0.4317468197067172 0.8653063282969514 -0.25463629333302884 0 0 0 0 0 0
21.903079986572266 0.48130884766578674 23.634496688842773 0.8869637935608224 -0.1493502057047824 0.43702373501691383 0.25717100411173643 0.9457061677006788 -0.1987534125922294 0 0 0 0 0 0
21.818965911865234 0.8657099604606628 23.82486343383789 0.9868609769997503 -0.13224340605000232 -0.09282830188790925 0.13049252736368616 0.9911412853317442 -0.02471139035294429 0 0 0 0 0 0
21.861345291137695 1.1782912015914917 24.120567321777344 0.8066397446025413 0.023161917535110318 -0.5905894072904151 0.10379128696585374 0.9781530936221549 0.1801218870303656 0 0 0 0 0 0
22.05440902709961 1.4196292161941528 24.412498474121094 0.3877813509834592 0.2737019624778105 -0.8801777431662531 0.1690826043686456 0.9175719953671126 0.3598231596464177 0 0 0 0 0 0
22.360301971435547 1.6174548864364624 24.61625099182129 -0.13166877687254855 0.5325553066963713 -0.8360910108991851 0.30985767907542316 0.823281961165755 0.47559965426507683 0 0 0 0 0 0
21.875125885009766 1.9349420070648193 25.772974014282227 0.8454840637460667 -0.1038473306615481 0.523805717672028 -0.5336291589462402 -0.20088974252811737 0.8215127704846195 0 0 0 0 0 0
22.42491912841797 1.9729019403457642 27.673677444458008 0.9916927573035037 -0.12210601244790104 -0.0404425127291442 0.11267878385624548 0.9763101222416536 -0.18472151167951475 0 0 0 0 0 0
22.414785385131836 2.3213515281677246 27.903671264648438 0.8230290388431449 0.008331136597640258 -0.5679381950387917 0.020904590630259384 0.9987707171045075 0.04494499688651697 0 0 0 0 0 0
22.503877639770508 2.744582176208496 28.126632690429688 0.4561161065663756 0.18137849705981626 -0.8712404594226859 0.06751353254964532 0.9691355656098736 0.23710372918344913 0 0 0 0 0 0
22.60035514831543 3.036442518234253 28.273178100585938 0.19073018222693947 0.3592812166543608 -0.913531064029593 0.5159922394900358 0.7549860625478048 0.40465794709188635 0 0 0 0 0 0
23.04388999938965 3.0987613201141357 28.606046676635742 -0.28597360438070224 0.563879584004658 -0.7747637784126485 0.4007203844703245 0.8048111314897436 0.4378381163171545 0 0 0 0 0 0
23.47351837158203 3.243523120880127 28.6637020111084 -0.6199713941950624 0.6879805161537837 -0.3772509506583167 0.5711864573559967 0.7253744685743779 0.3841587058411472 0 0 0 0 0 0
23.844341278076172 3.437495231628418 28.537513732910156 -0.7136272948066966 0.6834141781327906 0.15388679356578533 0.699460719220166 0.6830299066181701 0.21029704927359785 0 0 0 0 0 0
24.09073829650879 3.7073631286621094 28.306421279907227 -0.5249839478158471 0.5453207041663551 0.6534655187102059 0.7234043227139956 0.6904063651021313 0.005023634657103355 0 0 0 0 0 0
24.188796997070312 4.053356170654297 28.07964515686035 -0.09744349934309472 0.31180656271302964 0.9451356685073617 0.651517280473162 0.7378741696162506 -0.17625817160626514 0 0 0 0 0 0
24.1845645904541 4.455952167510986 27.95008659362793 0.4268237891791199 0.06293483437014642 0.9021422612945146 0.4982927441231061 0.816112012686191 -0.2926867333917943 0 0 0 0 0 0
24.11887550354004 4.864627838134766 27.933210372924805 0.8454577241703606 -0.10383504324614748 0.5238506661585391 0.30105536917234305 0.9028651196814513 -0.30692057662382805 0 0 0 0 0 0
24.05432891845703 5.2562689781188965 28.044214248657227 0.9917029219197703 -0.12205141618488223 -0.04035797892678217 0.11265078553251319 0.9763451684337779 -0.18455327847243896 0 0 0 0 0 0
24.044193267822266 5.6047539710998535 28.274166107177734 0.8230862212799133 0.008309727739588862 -0.5678556337345324 0.020939506332149724 0.998769014854247 0.04496656581998318 0 0 0 0 0 0
24.133317947387695 6.027933597564697 28.49717140197754 0.45607280539468037 0.1815117411816363 -0.871235378065329 0.06764906051866758 0.969075991261052 0.23730850758527605 0 0 0 0 0 0
24.229751586914062 6.319860458374023 28.643699645996094 0.19074756483539065 0.35930021105085574 -0.9135199641212987 0.5159604852891583 0.7549934486950864 0.40468465506821 0 0 0 0 0 0
24.673295974731445 6.382140636444092 28.976511001586914 -0.2861490011264668 0.5638422344178531 -0.7747261992736582 0.4007492546177611 0.8048471856380957 0.43774540853531063 0 0 0 0 0 0
23.557584762573242 7.131743907928467 29.701854705810547 0.8869612821510644 -0.14932850601740943 0.43703624707288097 -0.43664716517571567 0.03715064250963764 0.8988654420463235 0 0 0 0 0 0
24.290719985961914 7.031327247619629 31.56305503845215 0.9868574422843341 -0.13229949256273132 -0.09278595193059078 0.13055066902148696 0.9911339641718682 -0.024697932767747805 0 0 0 0 0 0
24.333131790161133 7.343902587890625 31.858795166015625 0.8067439879425172 0.023149590832844333 -0.5904474865412466 0.1038015423986992 0.9781419177939231 0.1801766590046483 0 0 0 0 0 0
24.526199340820312 7.585262298583984 32.15069580078125 0.3877473355711342 0.2736657141206005 -0.8802039994639583 0.16910538409965306 0.9175839886025123 0.35978186853816524 0 0 0 0 0 0
24.83209991455078 7.783090591430664 32.35447692871094 -0.13169485479622894 0.5325295366637998 -0.8361033176592705 0.3098751651047152 0.8232960660362839 0.4755638439794435 0 0 0 0 0 0
25.190534591674805 7.969446182250977 32.436092376708984 -0.5512121630802308 0.69751158573819 -0.4578675998947826 0.5012704576465646 0.7155284704992797 0.48656647664606406 0 0 0 0 0 0
25.548200607299805 8.169132232666016 32.39066696166992 -0.7039643774523412 0.7024695027811544 0.10474136212850871 0.6847320514310699 0.6321009356048392 0.36275394546508516 0 0 0 0 0 0
25.84912109375 8.407247543334961 32.225799560546875 -0.5445894316712669 0.5533657487883522 0.6302449515703183 0.7783165284342802 0.6134183576920318 0.13394513806936365 0 0 0 0 0 0
26.136810302734375 8.771324157714844 32.105934143066406 -0.20731762688984096 0.3149597421001164 0.926185598266888 0.7399528984836619 0.6697826868913893 -0.06213582192406269 0 0 0 0 0 0
26.338497161865234 9.040660858154297 32.00825881958008 0.08537012561525471 0.1974869815572242 0.9765811967101621 0.3354494966683868 0.917240352738737 -0.21481101110660777 0 0 0 0 0 0
26.135528564453125 9.484428405761719 31.729162216186523 0.550909768150004 -0.029513193616547206 0.8340428039132409 0.4317768020459786 0.8653074183562667 -0.2545817451282805 0 0 0 0 0 0
25.997133255004883 9.919501304626465 31.73569679260254 0.8869870305762692 -0.14933863140854592 0.43698052674978 0.2571289947027004 0.9457245632867428 -0.19872023168081882 0 0 0 0 0 0
25.913005828857422 10.303884506225586 31.925992965698242 0.9868760396333593 -0.13229265658943024 -0.09259770736949847 0.13054647325926108 0.9911346052200384 -0.024694385088268538 0 0 0 0 0 0
25.955385208129883 10.616490364074707 32.221771240234375 0.8068447138870635 0.023104270693558252 -0.590311612920008 0.10377355382612555 0.9781547710071914 0.18012299542858234 0 0 0 0 0 0
26.148481369018555 10.857823371887207 32.513668060302734 0.38772719557876995 0.27367674297173344 -0.8802094422153208 0.16914474917262234 0.9175695726272438 0.35980012953859264 0 0 0 0 0 0
26.454362869262695 11.055656433105469 32.71747970581055 -0.13158252454337913 0.532590937264854 -0.8360818935834787 0.3098852478810236 0.8232457017793842 0.4756444550790916 0 0 0 0 0 0
26.812828063964844 11.242022514343262 32.79914474487305 -0.5512102022357898 0.697333469011941 -0.45814118560434186 0.5010287917716956 0.7157038052340271 0.48655751251967 0 0 0 0 0 0
27.170461654663086 11.441703796386719 32.753662109375 -0.7039126443559495 0.7025011950758427 0.10487640360360895 0.6848130906962654 0.632040611546685 0.3627060740692401 0 0 0 0 0 0
27.471406936645508 11.679791450500488 32.5887336730957 -0.5446317643941033 0.5533259430019354 0.6302433196900897 0.7782881464141589 0.6134448498205908 0.1339887210917601 0 0 0 0 0 0
27.77008628845215 12.038949966430664 32.45250701904297 -0.2107989574912985 0.3127967613263961 0.9261328120870673 0.7431917824399259 0.6667287163603046 -0.056024934576547926 0 0 0 0 0 0
27.954179763793945 12.312929153442383 32.36879348754883 0.08712364546819176 0.2012808949954519 0.9756513064154441 0.315654063296885 0.9233330377394331 -0.2186746755869021 0 0 0 0 0 0
27.762134552001953 12.757923126220703 32.092193603515625 0.5508321233987945 -0.029413828800808298 0.8340975953131935 0.42837149323171825 0.8676662079517949 -0.2522958885217522 0 0 0 0 0 0
27.61945343017578 13.192070007324219 32.09872055053711 0.8870046305192227 -0.14933531797806862 0.43694593285879896 0.25711745303285777 0.945725718180363 -0.19872966894284522 0 0 0 0 0 0
27.535301208496094 13.576486587524414 32.289031982421875 0.9868752315114776 -0.13228987019756325 -0.09261030003341587 0.13054193647506748 0.9911347897986669 -0.024710954495776358 0 0 0 0 0 0
27.577672958374023 13.889080047607422 32.58480453491211 0.8067750073921173 0.023097643344844144 -0.5904071360674455 0.103697542783585 0.9781913270326442 0.17996818424032895 0 0 0 0 0 0
27.770729064941406 14.130392074584961 32.87666702270508 0.38782297292005286 0.2736506779060374 -0.8801753508006334 0.16917905574912037 0.9175568449771708 0.3598164578384044 0 0 0 0 0 0
28.07663345336914 14.328207969665527 33.08042907714844 -0.13166961216134274 0.5326792528354575 -0.8360119178767372 0.3101282578111462 0.8231550678677277 0.4756429311476203 0 0 0 0 0 0
28.43505096435547 14.514603614807129 33.162139892578125 -0.5511280366430302 0.697372488230721 -0.45818064110664003 0.5010896524621392 0.7156709387019654 0.48654318173500327 0 0 0 0 0 0
28.79274559020996 14.71429443359375 33.11669158935547 -0.7040619542514271 0.7023978658989817 0.10456578100037112 0.6845363272776421 0.6320997443584861 0.36312522608485015 0 0 0 0 0 0
29.093666076660156 14.952374458312988 32.95183563232422 -0.5447468846482825 0.553476512252515 0.6300115729498805 0.7782959541725283 0.6134186272793931 0.1340634007674688 0 0 0 0 0 0
29.381460189819336 15.31646728515625 32.831974029541016 -0.20773163426562422 0.31504056985435414 0.9260653365023316 0.7401864653894676 0.6695608368260518 -0.06174368180667089 0 0 0 0 0 0
29.581247329711914 15.587352752685547 32.73858642578125 0.08544094820015126 0.19747041363255724 0.976578353287869 0.33047075883708976 0.9190595051941387 -0.2147526564816902 0 0 0 0 0 0
29.37812042236328 16.03106689453125 32.45936965942383 0.5509021220906752 -0.02946502848303953 0.8340495572641259 0.4317811110070226 0.8652913315365787 -0.2546291101684879 0 0 0 0 0 0
30.706552505493164 15.693924903869629 31.77635955810547 -0.6200214259394292 0.6880109162723245 -0.3771132594674354 0.3587842301115828 -0.17882182223624996 -0.9161313399918953 0 0 0 0 0 0
30.33867835998535 16.540067672729492 30.001256942749023 -0.7135082019088468 0.6835140391184155 0.15399546791004556 0.6995905509818393 0.6829469563087701 0.21013451845309214 0 0 0 0 0 0
30.585081100463867 16.809986114501953 29.770179748535156 -0.5249175397217647 0.5451649856928314 0.6536487702634988 0.723358994736023 0.6904537569987174 0.005037279111452161 0 0 0 0 0 0
30.68312644958496 17.155948638916016 29.54343032836914 -0.09745403987575761 0.3118214569759844 0.9451296678664091 0.6514680634426255 0.737912111794656 -0.17628124568730016 0 0 0 0 0 0
30.67051124572754 17.54960823059082 29.405311584472656 0.4269168507202117 0.06299015534299847 0.9020943647429583 0.5013753244844364 0.813714223920852 -0.2940951305054394 0 0 0 0 0 0
30.606098175048828 17.956424713134766 29.389360427856445 0.8454083503052824 -0.10391226294935561 0.523915033992006 0.30129395833714123 0.9027119929912015 -0.307136790989601 0 0 0 0 0 0
30.541582107543945 18.348041534423828 29.50043487548828 0.9916950658715424 -0.12211222188879821 -0.040367085495711205 0.11270334474135181 0.9763220940924118 -0.1846432361910935 0 0 0 0 0 0
30.53142547607422 18.696521759033203 29.73044776916504 0.8228931414992688 0.008329196441416841 -0.568135109071869 0.02089050064322234 0.9987730072939859 0.04490063344545571 0 0 0 0 0 0
30.62053680419922 19.119714736938477 29.953317642211914 0.4561002247374637 0.1815635335276094 -0.8712102319689569 0.0676587938820084 0.9690586404656581 0.23737657624391262 0 0 0 0 0 0
30.71691131591797 19.411617279052734 30.099834442138672 0.19085524410212137 0.35940477635793305 -0.9134563386007148 0.5165191721564886 0.7545485253520257 0.4048017634396608 0 0 0 0 0 0
31.160459518432617 19.473901748657227 30.43276023864746 -0.2859350590516927 0.5640198169141357 -0.774675924586049 0.40112241108077296 0.8046415991426151 0.43778157596907014 0 0 0 0 0 0
31.590198516845703 19.61871337890625 30.490432739257812 -0.6200974297928921 0.6879565006970622 -0.3770875637208187 0.5711882756573297 0.7253935764622412 0.38411992004961826 0 0 0 0 0 0
31.960988998413086 19.812665939331055 30.3642578125 -0.7137734984060434 0.6832678715712068 0.1538584045535074 0.6993056371959405 0.683128716982087 0.21049176188247198 0 0 0 0 0 0
32.20732498168945 20.08252716064453 30.13318634033203 -0.5247526645690924 0.5453998279667387 0.6535852420927888 0.7233827051509065 0.690431668533969 0.004644671566023927 0 0 0 0 0 0
32.30545425415039 20.428537368774414 29.906417846679688 -0.09758737664674423 0.311808454330728 0.945120199618593 0.6515596362047632 0.7378614587285832 -0.1761547847537621 0 0 0 0 0 0
32.29275894165039 20.822202682495117 29.768274307250977 0.42685515621640024 0.06290577350201922 0.902129447070422 0.5014868527975445 0.8136715308529527 -0.29402308812511047 0 0 0 0 0 0
32.95237731933594 20.858121871948242 28.651586532592773 -0.5512653838180346 0.6974702190813076 -0.45786654179862035 0.25453468049149536 -0.3820307436881867 -0.8884056547006797 0 0 0 0 0 0
32.81529235839844 21.6512508392334 26.842199325561523 -0.7040609106869612 0.7024014018959731 0.1045490538322492 0.6845474130956645 0.6321249461523385 0.3630604518202678 0 0 0 0 0 0
33.116302490234375 21.889394760131836 26.677257537841797 -0.5447089265747247 0.5532433958652798 0.6302491017377688 0.7783742019297842 0.6132423098914456 0.1344152935092433 0 0 0 0 0 0
33.40399169921875 22.253456115722656 26.557466506958008 -0.20754243014168722 0.315047863761199 0.9261052765373858 0.739992988744349 0.6697504823897666 -0.06200538644247535 0 0 0 0 0 0
33.60552978515625 22.522687911987305 26.459714889526367 0.0855804191510516 0.1974261602577101 0.9765750883080252 0.33536768760980823 0.9172668393493677 -0.21482564916059593 0 0 0 0 0 0
33.4026985168457 22.966596603393555 26.180644989013672 0.5509032426052501 -0.029681772968353982 0.8340411318636964 0.43195588106911437 0.8652347761887043 -0.2545248492455859 0 0 0 0 0 0
33.26421356201172 23.40154266357422 26.187179565429688 0.8869129944460089 -0.14940949538244913 0.4371065579150876 0.2572724233271891 0.9456741914923696 -0.19877430352188033 0 0 0 0 0 0
34.33625793457031 24.273941040039062 26.304922103881836 -0.4245763972829407 -0.8774299126041105 -0.22327478885396274 -0.88769953018227 0.45193675023791263 -0.08799271503125392 0 0 0 0 0 0
32.39931106567383 22.34581184387207 25.018217086791992 -0.8901919388565934 0.44953581757994454 -0.07399905882826953 -0.11042189054576852 -0.055310637956510755 0.992344566880447 0 0 0 0 0 0
32.5931396484375 22.713396072387695 24.920047760009766 -0.8902549440527913 0.4493992921598052 -0.07407030981322654 -0.11057094760445553 -0.0554852109297402 0.9923182236127355 0 0 0 0 0 0
32.85719680786133 23.148393630981445 24.386003494262695 -0.8901738587729696 0.44957866296567195 -0.07395625033247677 -0.11029216105527076 -0.05513456453776354 0.9923687918324464 0 0 0 0 0 0
32.78504180908203 22.89217758178711 23.698026657104492 -0.8901662040565497 0.44955109931347403 -0.07421548532213487 -0.11075950593592894 -0.0555011819025561 0.9922963018434807 0 0 0 0 0 0
33.08534240722656 24.53846549987793 23.497827529907227 -0.44130641436233525 -0.8913001130386877 -0.10408053199269 0.4904100396730438 -0.33668144536761097 0.8038305775056459 0 0 0 0 0 0
33.633358001708984 23.797773361206055 23.52986717224121 0.6199820339730452 -0.6879592996682978 0.3772721558113602 -0.6141255916409526 -0.7247526792762168 -0.3123832767188334 0 0 0 0 0 0
33.32830047607422 23.374494552612305 23.264070510864258 0.2859433209921964 -0.5638187374499944 0.7748192360029841 -0.7022909334094358 -0.6734191733880937 -0.23085506657684662 0 0 0 0 0 0
33.28715896606445 23.00204849243164 23.09478187561035 -0.18880196428700607 -0.3559643114865236 0.915228510935544 -0.5245676810335436 -0.7513227306053094 -0.4004283987067755 0 0 0 0 0 0
32.95039749145508 22.67580795288086 22.85765266418457 -0.45550022004972723 -0.18544031107241343 0.8707074368374355 -0.41641092664296037 -0.8200887669974714 -0.3925001330151599 0 0 0 0 0 0
33.29802322387695 22.318326950073242 22.74213218688965 -0.8229915900126279 -0.008330530782502236 0.5679924691625481 -0.21874751111327237 -0.9181352466732764 -0.330419725800308 0 0 0 0 0 0
33.41545867919922 21.842578887939453 22.81688117980957 -0.9917104406532687 0.1220304093255628 0.04023656420639308 -0.12848039158026656 -0.9460957758541605 -0.2973139281807965 0 0 0 0 0 0
33.382869720458984 21.467994689941406 22.995525360107422 -0.8453767372667437 0.1038222941995143 -0.5239838769612902 -0.051992214479891066 -0.9922649973323018 -0.11272526204273844 0 0 0 0 0 0
33.233421325683594 21.146448135375977 23.2050724029541 -0.42703638614628187 -0.06290577758717367 -0.9020436730299021 -0.07869341522370923 -0.9912068755298636 0.10637798786757811 0 0 0 0 0 0
32.973472595214844 20.883073806762695 23.388629913330078 0.09751958110793736 -0.31183664604332073 -0.9451178960769843 -0.22440590166778474 -0.9320784490693456 0.28437959856000944 0 0 0 0 0 0
32.62129211425781 20.677471160888672 23.486133575439453 0.5250365775055585 -0.5452666011012368 -0.6534683817942185 -0.44498140656393437 -0.8303775094353967 0.33535762945883696 0 0 0 0 0 0
32.23110580444336 20.50994110107422 23.43522071838379 0.7137273371844702 -0.6833163960498265 -0.1538570474337855 -0.6477110961032253 -0.72749584182545 0.2263186605462273 0 0 0 0 0 0
31.89715003967285 20.335290908813477 23.219013214111328 0.6199605318017881 -0.6880465602541717 0.37714833942422 -0.7442606936860489 -0.6678705010971447 0.0050013596361841205 0 0 0 0 0 0
31.706079483032227 20.102075576782227 22.901147842407227 0.2859580090128327 -0.5639757867996366 0.7746995088323908 -0.7023398682940659 -0.6733396911623402 -0.23093802136088123 0 0 0 0 0 0
31.665475845336914 19.726591110229492 22.751636505126953 -0.1908692842867176 -0.35941183122695014 0.9134506291475017 -0.5180296114129569 -0.7535459544679372 -0.4047391952904322 0 0 0 0 0 0
31.324291229248047 19.404905319213867 22.495271682739258 -0.45605386964218775 -0.18154133012930254 0.8712391252918282 -0.43523274611559115 -0.8084171006514896 -0.3962754699485202 0 0 0 0 0 0
31.382503509521484 19.44237518310547 21.507549285888672 0.544604176345446 -0.5532719962165439 -0.6303145161819288 -0.07543964405898465 0.716181466576733 -0.6938248821109354 0 0 0 0 0 0
31.549238204956055 19.034116744995117 19.527002334594727 0.7039739347505745 -0.702467302466464 -0.10469187245093575 -0.6933106572085076 -0.7116799924569737 0.11327806909348946 0 0 0 0 0 0
31.28942108154297 18.81896209716797 19.283023834228516 0.5513592336224566 -0.6972828660764865 0.4580388631714757 -0.7601273243422219 -0.6461388663120103 -0.06863684309002568 0 0 0 0 0 0
31.14548683166504 18.548494338989258 19.00774383544922 0.13164365293409022 -0.5325690356355876 0.8360862221830647 -0.7238530643620253 -0.6278938335538411 -0.2859826480728632 0 0 0 0 0 0
31.112348556518555 18.220705032348633 18.75850486755371 -0.38763752092924075 -0.27361302247292124 0.8802687466342679 -0.5733976376596779 -0.6761334488758323 -0.4626647905747457 0 0 0 0 0 0
31.17334747314453 17.839086532592773 18.595949172973633 -0.8067390728305401 -0.02319314634249527 0.5904524928656465 -0.35376525180894025 -0.7814134321502685 -0.5140459071597545 0 0 0 0 0 0
31.274641036987305 17.4238338470459 18.582275390625 -0.9868713658298919 0.13224724806690288 0.09271231139268742 -0.15877146852985838 -0.8996116877392788 -0.40680515245478227 0 0 0 0 0 0
31.321619033813477 17.019479751586914 18.734228134155273 -0.886979325041989 0.1493431731649801 -0.4369946150435636 -0.07242657741894361 -0.9795423286445786 -0.1877530752795661 0 0 0 0 0 0
31.226430892944336 16.675352096557617 18.988073348999023 -0.5509167311604544 0.02939589447467718 -0.8340423470756825 -0.12292584678619885 -0.9913372209855587 0.04625743702935915 0 0 0 0 0 0
30.9431209564209 16.393314361572266 19.084692001342773 -0.0853601790200385 -0.19751909588112593 -0.9765755713717036 -0.30771018459266675 -0.9270118973294541 0.21439072859522743 0 0 0 0 0 0
30.871807098388672 15.891240119934082 19.226425170898438 0.2073879207300785 -0.3150183889949264 -0.9261499149329422 -0.4265270692178573 -0.8811241108994384 0.2041934387195134 0 0 0 0 0 0
30.368738174438477 15.934815406799316 19.306575775146484 0.5446109846649724 -0.55339503280473 -0.6302006133361829 -0.6191745664163631 -0.7721327980845402 0.14294683775882486 0 0 0 0 0 0
29.928844451904297 15.760013580322266 19.15973663330078 0.7040502309510609 -0.7023742387516588 -0.10480315374923349 -0.6931620846774714 -0.7117699121426255 0.11362181363655863 0 0 0 0 0 0
29.669143676757812 15.544901847839355 18.915769577026367 0.5511395603513394 -0.6975079903491245 0.4579604659955461 -0.7601593015630499 -0.6460463683305515 -0.06915147297116417 0 0 0 0 0 0
29.52509117126465 15.274426460266113 18.640413284301758 0.13164015036752164 -0.5325607148030888 0.8360920737930957 -0.7240207050544042 -0.6277551546650953 -0.28586270208602904 0 0 0 0 0 0
29.49193000793457 14.946643829345703 18.39124870300293 -0.3877776410176547 -0.27360211288550745 0.88021042083775 -0.573354385902971 -0.6761103654424468 -0.46275211712871517 0 0 0 0 0 0
29.695703506469727 14.74362564086914 17.596046447753906 0.5250580797927076 -0.5453270851071645 -0.6534006298534751 0.2970275469849387 0.8368858888603818 -0.45977890921450354 0 0 0 0 0 0
29.768346786499023 14.353631973266602 15.700215339660645 0.7137341323347202 -0.6833143269003007 -0.1538347132255702 -0.6476804825401761 -0.7274894535491725 0.22642678178884001 0 0 0 0 0 0
29.434329986572266 14.178948402404785 15.483993530273438 0.619926882045355 -0.688009504439151 0.37727123229702875 -0.7443141437751813 -0.6678094298818678 0.005198147465551775 0 0 0 0 0 0
29.243349075317383 13.945758819580078 15.166089057922363 0.2860359027814712 -0.5637731359493146 0.7748182454626792 -0.702447677443786 -0.6733379840840508 -0.23061487298840422 0 0 0 0 0 0
29.2027530670166 13.570255279541016 15.016568183898926 -0.19088012208935154 -0.3593616786932232 0.9134680962562091 -0.5182589044959767 -0.753413589016467 -0.404692070339853 0 0 0 0 0 0
28.861536026000977 13.248559951782227 14.760254859924316 -0.4560104234507001 -0.18154054217699506 0.8712620301897678 -0.4353320369239456 -0.8083600894077108 -0.3962827065119119 0 0 0 0 0 0
29.215003967285156 12.890583992004395 14.645127296447754 -0.8230118736975187 -0.008265881130096457 0.567964022594779 -0.21988781089267076 -0.9172997209885311 -0.3319797772383017 0 0 0 0 0 0
29.33037567138672 12.413739204406738 14.718910217285156 -0.9917093440856325 0.12203302229237473 0.04025566200465887 -0.12848849071703358 -0.946115202024739 -0.29724860344658693 0 0 0 0 0 0
29.297805786132812 12.039121627807617 14.8974609375 -0.8454376903739805 0.10380869897428387 -0.5238882187188182 -0.05198337016588652 -0.9922651109207206 -0.11272834104911957 0 0 0 0 0 0
29.148357391357422 11.717565536499023 15.107080459594727 -0.42687881036876435 -0.06292326215164283 -0.9021170347235131 -0.0786763832366614 -0.991209415299821 0.1063669203360951 0 0 0 0 0 0
28.888416290283203 11.45422649383545 15.290693283081055 0.09759593359314049 -0.3118897070587923 -0.9450925057246322 -0.22431218461519525 -0.9320846619252577 0.28443316761031323 0 0 0 0 0 0
28.53624725341797 11.24854850769043 15.388154983520508 0.5249919858464456 -0.5453308835560967 -0.6534505660238825 -0.4451124457164114 -0.8303201719344384 0.3353256965207403 0 0 0 0 0 0
28.146095275878906 11.081072807312012 15.33725357055664 0.7137208506143509 -0.6833069891084876 -0.15392889928087025 -0.6476766394630336 -0.7275038956187827 0.22639137031558212 0 0 0 0 0 0
27.81203842163086 10.906371116638184 15.120983123779297 0.6200047986562105 -0.6879188506085624 0.3773085005942306 -0.7442649577193898 -0.6678631837720007 0.005332960986313739 0 0 0 0 0 0
27.6210994720459 10.673176765441895 14.803149223327637 0.285964618070968 -0.5638817869133066 0.7747654920032137 -0.702370266661489 -0.6733468531105179 -0.230824660545687 0 0 0 0 0 0
27.579858779907227 10.300652503967285 14.633919715881348 -0.1889721318480361 -0.3561014543206324 0.9151400371612746 -0.5242363117612544 -0.7514346138061043 -0.40065235629536483 0 0 0 0 0 0
27.243112564086914 9.974396705627441 14.396668434143066 -0.4554475548858516 -0.18551235583506528 0.8707196394827804 -0.41638459051757565 -0.820090741493494 -0.3925239463983849 0 0 0 0 0 0
27.2977237701416 10.012178421020508 13.40963363647461 0.5445420490028688 -0.5534212813067372 -0.6302371317722927 -0.07558287218489146 0.7159789915612893 -0.6940182368462385 0 0 0 0 0 0
27.464221954345703 9.60520076751709 11.42905330657959 0.704027802496885 -0.7024113427987777 -0.10470510407341733 -0.6932195151955716 -0.7117335749499025 0.11349899577110001 0 0 0 0 0 0
27.20448875427246 9.39006519317627 11.185059547424316 0.551255725836395 -0.6973703225327214 0.45803030247266124 -0.76013495117359 -0.6461048394829592 -0.06887229051675288 0 0 0 0 0 0
27.060487747192383 9.119595527648926 10.909751892089844 0.13157957954559282 -0.532595933478152 0.8360791744142063 -0.7239108107223953 -0.6278178693646596 -0.2860032535228644 0 0 0 0 0 0
27.027374267578125 8.791829109191895 10.660578727722168 -0.38789600284694314 -0.2737054393259864 0.8801261406518573 -0.5729739649796841 -0.6763575244654662 -0.46286211181560954 0 0 0 0 0 0
27.088350296020508 8.410177230834961 10.497989654541016 -0.8067432343162102 -0.02317051983722841 0.5904476953088167 -0.3538314136941531 -0.781341178396006 -0.5141101959949227 0 0 0 0 0 0
27.189645767211914 7.994946479797363 10.484294891357422 -0.9868596274752246 0.13229869743155487 0.09276384164842888 -0.15883734716813544 -0.8996351859828077 -0.4067274631571713 0 0 0 0 0 0
27.236631393432617 7.59057092666626 10.636276245117188 -0.8869913331383324 0.14930892025995193 -0.43698194615829505 -0.07239194082613239 -0.9795452754253483 -0.18775105937198944 0 0 0 0 0 0
27.141401290893555 7.246464252471924 10.890087127685547 -0.5509161341497798 0.02948705256981729 -0.8340395235624067 -0.12286001019257636 -0.9913524776995092 0.046105128288773944 0 0 0 0 0 0
26.857202529907227 6.966641426086426 10.96699047088623 -0.08710380759362395 -0.20126395828987625 -0.9756565716460809 -0.31328577142964115 -0.9241547887928738 0.21860913011796512 0 0 0 0 0 0
26.789167404174805 6.462798118591309 11.131711959838867 0.21111602845416524 -0.31280440075297206 -0.9260580054182967 -0.40644810961352607 -0.8897136951034024 0.20786888881465962 0 0 0 0 0 0
26.281614303588867 6.509932994842529 11.212380409240723 0.544676033029686 -0.553317199970867 -0.6302127380967828 -0.6178792317830859 -0.7728711418683444 0.14455259595823625 0 0 0 0 0 0
25.841951370239258 6.3326497077941895 11.066055297851562 0.7039917789120163 -0.7024527684630482 -0.10466940003121335 -0.693263259994949 -0.711692598114113 0.11348875772850618 0 0 0 0 0 0
25.58219337463379 6.117541313171387 10.822088241577148 0.5512196705497113 -0.6974503841166652 0.4579517840281705 -0.7601458272793463 -0.6460780893725767 -0.06900307023951191 0 0 0 0 0 0
25.43825340270996 5.847041130065918 10.546786308288574 0.13155156062813442 -0.5325830621902834 0.8360917825001768 -0.7237906650702451 -0.6279149206908267 -0.2860942598707729 0 0 0 0 0 0
25.39665412902832 5.511506080627441 10.292665481567383 -0.3877762171224041 -0.2737018073692948 0.8801800532146928 -0.5739148561943155 -0.675527019361499 -0.46290926103506214 0 0 0 0 0 0
25.458942413330078 5.1267900466918945 10.127434730529785 -0.8067360294125896 -0.023136620951103717 0.5904588686933022 -0.3538545992209246 -0.7813484057134498 -0.5140832534709228 0 0 0 0 0 0
25.560224533081055 4.711555480957031 10.11372184753418 -0.9868532421816968 0.13233849616517201 0.09277500109519923 -0.15888307179090666 -0.8995607232138515 -0.40687427388476927 0 0 0 0 0 0
25.607192993164062 4.307187080383301 10.265717506408691 -0.8869886915379762 0.14935027300784331 -0.43697317656377005 -0.0723877927874385 -0.9795266117785245 -0.18785000471931473 0 0 0 0 0 0
25.512008666992188 3.963076114654541 10.519540786743164 -0.5508864860776123 0.029467069356178405 -0.8340598127716136 -0.12281088608254395 -0.9913592351016306 0.04609070663735402 0 0 0 0 0 0
25.2277774810791 3.683255672454834 10.596404075622559 -0.08707983159549507 -0.20123292636959336 -0.9756651127687359 -0.3133323808315956 -0.9241475809311005 0.2185727974419486 0 0 0 0 0 0
25.159765243530273 3.179436445236206 10.761162757873535 0.21100455167660662 -0.3128904615658999 -0.926054338704178 -0.4066857455202185 -0.8895960884466669 0.2079074404898826 0 0 0 0 0 0
24.65219497680664 3.226536750793457 10.841825485229492 0.5446269624928738 -0.5533323391807086 -0.6302418536899871 -0.6179372478943596 -0.7728297150331501 0.14452608493460561 0 0 0 0 0 0
24.212539672851562 3.049233913421631 10.695508003234863 0.7039958405203727 -0.7024538304622681 -0.10463494922300631 -0.6932666228443038 -0.7116913969388917 0.11347574707056361 0 0 0 0 0 0
23.95279312133789 2.8341286182403564 10.451520919799805 0.5511681943510521 -0.6974231658575804 0.45805518145851243 -0.7601623637610508 -0.6460602921177044 -0.06898753271424073 0 0 0 0 0 0
23.808815002441406 2.5636379718780518 10.176263809204102 0.13153071322707746 -0.5325786296038691 0.8360978858765526 -0.7238025106496658 -0.6279005356455187 -0.28609586315308977 0 0 0 0 0 0
23.775623321533203 2.2358601093292236 9.927040100097656 -0.3876472744317363 -0.27366057879968647 0.8802496681264167 -0.5733533945106435 -0.6761455250494257 -0.4627019709907866 0 0 0 0 0 0
23.8366756439209 1.8542133569717407 9.764479637145996 -0.8067573141548449 -0.023146782878344725 0.5904293882421875 -0.3537340809609389 -0.7814739385267081 -0.5139753723382815 0 0 0 0 0 0
23.9379825592041 1.439007043838501 9.750755310058594 -0.9868752655556939 0.1322410829357758 0.09267958900616526 -0.15874650154485134 -0.8996950454615043 -0.4066305121597401 0 0 0 0 0 0
23.98493194580078 1.034603476524353 9.90273666381836 -0.886973706794462 0.14936227953375592 -0.4369994884525292 -0.072415420255277 -0.979531532283693 -0.18781369537712655 0 0 0 0 0 0
23.88971519470215 0.6904924511909485 10.156601905822754 -0.5507690163573898 0.02950354579046281 -0.8341360988510828 -0.12282207336990633 -0.991360521758766 0.046033185760980665 0 0 0 0 0 0
23.606449127197266 0.40845197439193726 10.25322437286377 -0.08553977130929337 -0.1974732845409421 -0.9765691216790371 -0.3077166359260551 -0.9270065190704079 0.21440472377099667 0 0 0 0 0 0
23.533798217773438 -0.09115472435951233 10.398849487304688 0.2074921752426731 -0.3149643207433294 -0.92614495294838 -0.42706087848547225 -0.8809311935260207 0.20390987798544086 0 0 0 0 0 0
23.430992126464844 -0.22726863622665405 11.37485408782959 -0.8230502364442966 -0.008305009291436896 0.5679078579396983 0.55334001624513 0.21374711205215052 0.805063350619816 0 0 0 0 0 0
22.83415412902832 -0.6873775124549866 13.25940227508545 -0.9917023950517185 0.12206226532631885 0.040338108930546325 -0.12854122746988567 -0.9460912301296605 -0.2973020973896439 0 0 0 0 0 0
22.801530838012695 -1.0619521141052246 13.437990188598633 -0.8454640856877995 0.10387081825042326 -0.523833306432572 -0.05198741023000555 -0.9922515260888003 -0.11284599307030826 0 0 0 0 0 0
22.652114868164062 -1.383522629737854 13.647626876831055 -0.4268249516201749 -0.06290568566065043 -0.9021437443035333 -0.07863352120890282 -0.9912178427822638 0.10632007097610752 0 0 0 0 0 0
22.392194747924805 -1.646876573562622 13.831229209899902 0.09756459378560198 -0.3118711564055222 -0.9451018632093224 -0.22432919065073137 -0.9320852209202627 0.2844179234225808 0 0 0 0 0 0
22.040002822875977 -1.8525755405426025 13.92869758605957 0.5250328577956838 -0.5453032736501658 -0.6534407685332388 -0.44502470424680596 -0.8303515404616683 0.3353644761494235 0 0 0 0 0 0
21.64986228942871 -2.0200231075286865 13.877758979797363 0.7136889821259019 -0.6833570573273041 -0.15385437593081902 -0.6477665772433328 -0.7274619989690277 0.2262686488721843 0 0 0 0 0 0
21.315832138061523 -2.1947107315063477 13.661531448364258 0.619899357184839 -0.6880249083242741 0.3772883678132653 -0.7442686013971946 -0.6678621050897112 0.0049454584624200925 0 0 0 0 0 0
21.124847412109375 -2.427931547164917 13.343682289123535 0.2859851639537989 -0.5638429585056025 0.7747861667208367 -0.7023479162248428 -0.6733793053870314 -0.23079799750236255 0 0 0 0 0 0
21.084259033203125 -2.803407907485962 13.19414234161377 -0.19083507773993597 -0.3593404963022936 0.9134858405149004 -0.5182780000751088 -0.7534235402819967 -0.40464908697177143 0 0 0 0 0 0
20.74300765991211 -3.1250977516174316 12.937816619873047 -0.4560676858617323 -0.18153398331662196 0.8712334238388268 -0.4351485143958782 -0.8084766597465435 -0.39624646504938316 0 0 0 0 0 0
21.096477508544922 -3.483067274093628 12.822685241699219 -0.8230145263589681 -0.008259090227609074 0.56796027751132 -0.2198955584671881 -0.917296622432961 -0.33198320716488905 0 0 0 0 0 0
21.211883544921875 -3.9599149227142334 12.896402359008789 -0.9916989111549749 0.12208603371584499 0.040351827536934254 -0.12856813530041508 -0.9460689691303336 -0.29736129579022597 0 0 0 0 0 0
21.179292678833008 -4.334503650665283 13.0750093460083 -0.845508252437412 0.10375456880115957 -0.5237850556412609 -0.05200867427756095 -0.9922780492503626 -0.11260271211558776 0 0 0 0 0 0
21.029767990112305 -4.656176567077637 13.284619331359863 -0.42684742546010795 -0.06276656109072365 -0.902142801438288 -0.07851321339544154 -0.9912494021132526 0.10611455193535409 0 0 0 0 0 0
20.76988410949707 -4.919394493103027 13.468305587768555 0.09761218014992268 -0.3117515227990619 -0.9451364188935082 -0.22409668716708794 -0.9321680939463475 0.28432959647066236 0 0 0 0 0 0
20.42820167541504 -4.992175579071045 14.232782363891602 -0.8067610393175736 -0.023229266696035557 0.5904210587436672 0.4311726653369124 0.6600785329034445 0.6151312567788272 0 0 0 0 0 0
19.913467407226562 -5.496519565582275 16.029489517211914 -0.9868414278922794 0.13237857948435405 0.09284345905464643 -0.15895127856127228 -0.8995059040062738 -0.406968819077817 0 0 0 0 0 0
19.960468292236328 -5.900783061981201 16.181577682495117 -0.8869812806542887 0.1493220670439909 -0.436997858189932 -0.07232540815250717 -0.9795212131585234 -0.18790217749677102 0 0 0 0 0 0
19.86528968811035 -6.244899749755859 16.43539810180664 -0.5509163126509454 0.029436747622693053 -0.8340411826429699 -0.1228696931515238 -0.9913481931351907 0.04617140318902193 0 0 0 0 0 0
19.582015991210938 -6.52696418762207 16.532020568847656 -0.08560143604589683 -0.19759450244802293 -0.9765391987776008 -0.307872807004119 -0.9269227765167962 0.2145425390960924 0 0 0 0 0 0
19.510591506958008 -7.029078006744385 16.673707962036133 0.20754266382134828 -0.3150058948121759 -0.9261195003494522 -0.4264420026831753 -0.8811746014497541 0.20415322703163433 0 0 0 0 0 0
19.007543563842773 -6.985499858856201 16.753875732421875 0.544704256249724 -0.5532839562677343 -0.6302175314604943 -0.6189789341012262 -0.7722776570453033 0.14301153648404402 0 0 0 0 0 0
18.56771469116211 -7.160183906555176 16.607025146484375 0.7040009145473685 -0.702420224071945 -0.10482624256925094 -0.6932286030405543 -0.7117257559929377 0.1134925203822826 0 0 0 0 0 0
18.307952880859375 -7.375370979309082 16.363040924072266 0.5511526759789127 -0.6974899417650543 0.4579721704403717 -0.7601642375577626 -0.6460464287301027 -0.06909662700382364 0 0 0 0 0 0
18.163921356201172 -7.645813941955566 16.087745666503906 0.1317463355136976 -0.5326084867996067 0.8360449167764524 -0.7239888795209456 -0.627795940660892 -0.28585373745975745 0 0 0 0 0 0
18.130762100219727 -7.973724842071533 15.838521957397461 -0.3878141192523627 -0.27358501212670905 0.8801996648761817 -0.5732560589115676 -0.6761943731114364 -0.46275118659340997 0 0 0 0 0 0
18.191761016845703 -8.355356216430664 15.675957679748535 -0.8067393355820995 -0.0231447280345661 0.590454033764491 -0.3538188349431774 -0.7813846832114193 -0.5140527296708407 0 0 0 0 0 0
18.293169021606445 -8.77042007446289 15.662284851074219 -0.9868734562023409 0.1322620055371974 0.0926689987780407 -0.15876000577740773 -0.8997086379395264 -0.4065951639930804 0 0 0 0 0 0
18.34004783630371 -9.174957275390625 15.814194679260254 -0.8870141352058936 0.14934711143427887 -0.43692260670647165 -0.07239221116588658 -0.9795260409919304 -0.1878512783592088 0 0 0 0 0 0
18.24489402770996 -9.51901912689209 16.068084716796875 -0.5509396691339039 0.02943118987818537 -0.8340259504577652 -0.12282074919449894 -0.9913552681091957 0.046149712452482554 0 0 0 0 0 0
17.96063995361328 -9.798786163330078 16.1448974609375 -0.08707932846741331 -0.20116798372084213 -0.9756785499739938 -0.3131022773636935 -0.9242411546169347 0.2185068695076289 0 0 0 0 0 0
17.89261817932129 -10.302712440490723 16.30965805053711 0.21107162042435115 -0.3129117817688749 -0.9260318503602706 -0.4065957728691925 -0.8896306123751667 0.20793568960111222 0 0 0 0 0 0
17.787246704101562 -10.436180114746094 17.28667640686035 -0.8230281697154204 -0.008379807016087057 0.5679387385002524 0.5533231178797239 0.2140082320060626 0.8050055924361648 0 0 0 0 0 0
17.189329147338867 -10.896827697753906 19.1708984375 -0.9917270141048149 0.1218725995918194 0.04030631418872606 -0.1283502313078786 -0.9461973799935893 -0.2970466902971337 0 0 0 0 0 0
17.156757354736328 -11.27146053314209 19.349464416503906 -0.8454948476862573 0.10379141627280115 -0.5237993933216025 -0.05199667324497643 -0.992268958133175 -0.11268833434193148 0 0 0 0 0 0
17.007253646850586 -11.593001365661621 19.5590877532959 -0.4268578510228258 -0.06302635945725106 -0.9021197553727223 -0.07885344794321977 -0.9911746702523161 0.10655940501747549 0 0 0 0 0 0
16.747325897216797 -11.856483459472656 19.742704391479492 0.09754245225959553 -0.3118001680676282 -0.9451275708602429 -0.22414275500852038 -0.9321407305830447 0.2843829878268009 0 0 0 0 0 0
16.395160675048828 -12.062006950378418 19.840164184570312 0.5250108622949189 -0.545300238779346 -0.6534609736315811 -0.4451495018959896 -0.8303315624220591 0.33524829217684987 0 0 0 0 0 0
16.005102157592773 -12.229589462280273 19.789264678955078 0.7136077379499995 -0.6834183840927358 -0.15395878871295016 -0.6478371754268575 -0.7274158725767058 0.2262148148517703 0 0 0 0 0 0
15.746487617492676 -13.499357223510742 20.2806396484375 0.4458097057410076 0.8929664054484298 0.06216675162518189 -0.8939467182878482 0.44058003833578513 0.08214922204394054 0 0 0 0 0 0
16.61638641357422 -9.658650398254395 20.479190826416016 -0.8901787114792626 0.4495525038811341 -0.07405678823256391 -0.11045343749335856 -0.05524030425156335 0.9923449737526238 0 0 0 0 0 0
16.42266273498535 -10.026163101196289 20.577377319335938 -0.890173297344293 0.4495662427311998 -0.07403846359657291 -0.11042879498524245 -0.055228379680291935 0.9923483800137917 0 0 0 0 0 0
16.158580780029297 -10.46115493774414 21.111370086669922 -0.890227895883919 0.4494689856985329 -0.07397245626057007 -0.11032431096666524 -0.05519027202124561 0.9923621215483548 0 0 0 0 0 0
16.23065757751465 -10.205065727233887 21.79945182800293 -0.8901846299972768 0.44953025690035464 -0.07412066275818338 -0.11059117073293917 -0.05538004890987485 0.9923218445336461 0 0 0 0 0 0
14.512895584106445 -12.329973220825195 22.64432144165039 0.45228272516498724 0.8914907736504907 -0.02616365825686633 0.513448501260735 -0.28425186338266956 -0.8096737087966889 0 0 0 0 0 0
15.243997573852539 -12.436821937561035 22.393278121948242 0.9868587596231477 -0.13222855005534725 -0.09287302679100624 0.15437682997079263 0.9412962836034622 0.30021509096392757 0 0 0 0 0 0
15.374214172363281 -11.913454055786133 22.664262771606445 0.8067335126419954 0.023146065969165575 -0.5904619371394388 0.10392142516996868 0.9781015235985314 0.18032677816917356 0 0 0 0 0 0
15.567215919494629 -11.672170639038086 22.956207275390625 0.3878945133987314 0.2736151926110687 -0.880154857310672 0.1691069641607385 0.9175849901046376 0.3597785716340133 0 0 0 0 0 0
15.87311840057373 -11.474379539489746 23.160009384155273 -0.13164931654450798 0.5326577265749268 -0.8360288295109174 0.3100244182400399 0.823186586824163 0.4756560767694548 0 0 0 0 0 0
16.2315616607666 -11.287874221801758 23.241609573364258 -0.5511571859047135 0.6975177815370357 -0.4579243396733237 0.501439022367936 0.7155350134196615 0.48638313233212904 0 0 0 0 0 0
16.5892333984375 -11.088232040405273 23.196239471435547 -0.7038990709891978 0.7025448595654588 0.10467482103492688 0.6847431966485735 0.6319891231163072 0.362927682749848 0 0 0 0 0 0
16.890182495117188 -10.850115776062012 23.031278610229492 -0.5446546334389709 0.5533233322666535 0.6302258485993628 0.7782889955448219 0.6134339937120014 0.13403348377318416 0 0 0 0 0 0
17.18878173828125 -10.491073608398438 22.895057678222656 -0.21106774324471034 0.3129490328291691 0.9260201459001163 0.7432048493762918 0.6667228994015464 -0.055920723145887294 0 0 0 0 0 0
17.372915267944336 -10.217061042785645 22.8112735748291 0.08708506299008367 0.20121493967266377 0.9756683554653904 0.3157128972733387 0.9233304462389935 -0.21860067141565603 0 0 0 0 0 0
17.18091583251953 -9.771951675415039 22.53467559814453 0.5508855729193098 -0.02947094048617918 0.8340602791262893 0.4283515217724993 0.8676861182996098 -0.25226132066834933 0 0 0 0 0 0
17.03812599182129 -9.337888717651367 22.541215896606445 0.8869728788612171 -0.14940686158828376 0.4369859286921997 0.2572966422948983 0.9456342421356617 -0.19893294841298648 0 0 0 0 0 0
16.954065322875977 -8.953484535217285 22.731611251831055 0.9868696112119794 -0.13221520827041172 -0.09277666284324153 0.13047147725916086 0.9911457821627998 -0.02464208032419608 0 0 0 0 0 0
16.9964599609375 -8.640844345092773 23.02727508544922 0.8067650030454913 0.02320847161286406 -0.5904164603958832 0.10382285535318088 0.9781140893564657 0.18031539842366293 0 0 0 0 0 0
17.189485549926758 -8.399587631225586 23.31914520263672 0.38778411240176286 0.2736058312371802 -0.8802064140199097 0.16902628667729125 0.9176288476239155 0.3597046182918576 0 0 0 0 0 0
17.495361328125 -8.201751708984375 23.522953033447266 -0.13165336212097534 0.5325428565171296 -0.8361013683847308 0.30983352709932455 0.8232922525625054 0.4755975739590649 0 0 0 0 0 0
17.010210037231445 -7.884219169616699 24.67966079711914 0.84543856617327 -0.10383204220454495 0.5238821793481039 -0.5336898173904386 -0.2013844430192225 0.8213522295115523 0 0 0 0 0 0
17.560029983520508 -7.846297264099121 26.580373764038086 0.9916929979538863 -0.12211314165238568 -0.040415076951769775 0.11268924759172322 0.9763045151779259 -0.18474476209193727 0 0 0 0 0 0
17.54985809326172 -7.497824668884277 26.810388565063477 0.822970060221045 0.008288157562785598 -0.5680242833048459 0.020927181829467102 0.9987725734765652 0.04489320139704383 0 0 0 0 0 0
17.651044845581055 -7.077423572540283 27.017196655273438 0.45557741587063727 0.18560808647888058 -0.8706312976124169 0.0714338607695457 0.9672454829076177 0.2435844398363054 0 0 0 0 0 0
17.729446411132812 -6.775465965270996 27.182044982910156 0.18881945113288612 0.3560086545431304 -0.915207655542864 0.494393386925649 0.7707844095663541 0.4018290344582291 0 0 0 0 0 0
18.17894172668457 -6.722910404205322 27.516613006591797 -0.28593093084067656 0.5638121869549695 -0.7748285749955526 0.3965099928262192 0.8057300775549673 0.43997598538126853 0 0 0 0 0 0
18.60672378540039 -6.574082374572754 27.574766159057617 -0.6200036882270739 0.6879391566917762 -0.3772733005064538 0.5711558506030515 0.7254139053353014 0.38412974405543077 0 0 0 0 0 0
18.97755241394043 -6.3801679611206055 27.448570251464844 -0.7136920608756954 0.6833372257092422 0.1539281592269565 0.699393437947919 0.6830664672461478 0.21040204437993903 0 0 0 0 0 0
19.223846435546875 -6.110418796539307 27.217453002929688 -0.5249535549314137 0.5453512229691263 0.6534644663414756 0.7233858498394481 0.6904264226288794 0.004926173763455604 0 0 0 0 0 0
19.321985244750977 -5.7642598152160645 26.990755081176758 -0.09746708099757807 0.31172443391992394 0.9451603278910484 0.6515724132508985 0.7378491097670178 -0.17615925041399272 0 0 0 0 0 0
19.30931854248047 -5.370652198791504 26.85259437561035 0.42684967216654546 0.06284824879768373 0.9021360512663137 0.5016789164794255 0.8135441209083659 -0.2940480030462095 0 0 0 0 0 0
19.244850158691406 -4.963949680328369 26.836688995361328 0.8454811111548484 -0.10377780919043336 0.5238242615610668 0.30098247333633243 0.9028875685759153 -0.3069260322217975 0 0 0 0 0 0
19.1804141998291 -4.572201251983643 26.947673797607422 0.9916956101780307 -0.12210634587359483 -0.04037148809520635 0.11270307485152652 0.9763410138788572 -0.18454333241007725 0 0 0 0 0 0
19.170251846313477 -4.223708629608154 27.177701950073242 0.8230295565661438 0.008092527087431679 -0.5679408948331471 0.020932467947535633 0.9987871242043885 0.04456581996500395 0 0 0 0 0 0
19.259384155273438 -3.8005917072296143 27.400707244873047 0.45593595810730336 0.1815387986504162 -0.871301363874371 0.06759947639093856 0.9690849797033466 0.2372859306934048 0 0 0 0 0 0
19.355806350708008 -3.5086755752563477 27.54720687866211 0.19073832183887113 0.3593257947955571 -0.9135118312187491 0.5160276865849829 0.7549406607688 0.40469744920831735 0 0 0 0 0 0
19.79933738708496 -3.4463558197021484 27.88007354736328 -0.2859906519793608 0.5639693645166923 -0.774692134248863 0.4008532547782623 0.8047341571543885 0.43785797291209594 0 0 0 0 0 0
18.683635711669922 -2.696789503097534 28.605377197265625 0.8869630318221955 -0.14928767368955748 0.4370466458687666 -0.4366551455136264 0.03715857491980027 0.8988612374590439 0 0 0 0 0 0
19.416820526123047 -2.797189950942993 30.466604232788086 0.9868583395701699 -0.13233471467738914 -0.09272616088279226 0.13057361614502647 0.9911275004111861 -0.02483563358333786 0 0 0 0 0 0
19.45916748046875 -2.4846205711364746 30.762279510498047 0.806788532068327 0.023195307385069513 -0.5903848255488502 0.10377725956516295 0.9781317607562726 0.18024577386718005 0 0 0 0 0 0
19.652185440063477 -2.2432899475097656 31.054197311401367 0.38796713814570977 0.27373836986354444 -0.8800845439976077 0.16928068214007577 0.9174698457108956 0.35999046218673075 0 0 0 0 0 0
19.95810317993164 -2.0454564094543457 31.257957458496094 -0.13161392228792043 0.5326747188108452 -0.8360235758636093 0.3101271278306371 0.8231512656215074 0.4756502480701867 0 0 0 0 0 0
20.316545486450195 -1.8590370416641235 31.33963966369629 -0.5511720699364951 0.6974478031590281 -0.45801300329855765 0.5011847152705943 0.7155937393854004 0.48655881590158556 0 0 0 0 0 0
20.674230575561523 -1.6593806743621826 31.29421043395996 -0.7040033067846511 0.702428837356797 0.1047524342717386 0.6846914338919576 0.6321234759790557 0.36279133323596824 0 0 0 0 0 0
20.975204467773438 -1.4212675094604492 31.129316329956055 -0.5448259188004908 0.5533347258449057 0.6300677736381571 0.7783040723932202 0.6133433822659979 0.1343602110992492 0 0 0 0 0 0
21.262859344482422 -1.0571497678756714 31.00949478149414 -0.20745743373683753 0.3148823803567702 0.9261805977929899 0.7401312661442003 0.6696102012921571 -0.061869921619958204 0 0 0 0 0 0
21.464521408081055 -0.7878552675247192 30.911819458007812 0.08543384720278356 0.19750406095361825 0.9765721702255091 0.33528669635666425 0.9172914425942171 -0.21484701671108655 0 0 0 0 0 0
21.261566162109375 -0.3441098630428314 30.63270378112793 0.5509179511958834 -0.029491416140909214 0.8340381690451187 0.431748805577313 0.8653186351602915 -0.25459110064354923 0 0 0 0 0 0
21.123239517211914 0.09099482744932175 30.639291763305664 0.886986092870915 -0.14936401359772342 0.4369737549276476 0.2571562551105563 0.9457159146129432 -0.19872611631418408 0 0 0 0 0 0
21.039112091064453 0.4753786027431488 30.829608917236328 0.9868590457140871 -0.13229565827725043 -0.09277436441857313 0.13053956276638753 0.9911334967996754 -0.024775271429556826 0 0 0 0 0 0
21.081443786621094 0.7879392504692078 31.125219345092773 0.8067631388049329 0.02320429963517819 -0.5904191717280644 0.10380382709031052 0.9781223290725234 0.1802816542278977 0 0 0 0 0 0
21.274494171142578 1.0293021202087402 31.417163848876953 0.3878277561395055 0.27369741017893245 -0.8801587125224299 0.1691442886399559 0.9175481849479733 0.35985488452869896 0 0 0 0 0 0
21.580366134643555 1.2271095514297485 31.62094497680664 -0.1316038914424033 0.532677265762623 -0.8360235321430086 0.3100265908938733 0.8231696201947255 0.47568402256875786 0 0 0 0 0 0
21.938806533813477 1.4134997129440308 31.7025146484375 -0.5512809727268485 0.6974273787471348 -0.4579130272041192 0.5013557742943006 0.7156186379285255 0.48634591869479515 0 0 0 0 0 0
22.2965030670166 1.6131726503372192 31.65713882446289 -0.7040403295971828 0.7023981353965446 0.1047094727908966 0.6846026519110222 0.6320855898766066 0.3630248146707579 0 0 0 0 0 0
22.597412109375 1.8512860536575317 31.49224281311035 -0.5446262540410546 0.5533855622714319 0.6301957337833539 0.7783167633130592 0.6134080299643349 0.1339910620942943 0 0 0 0 0 0
22.896099090576172 2.210426092147827 31.356046676635742 -0.2109484887186597 0.31286619591652864 0.9260753093350637 0.7432746664057955 0.6666458370481546 -0.055911521404080275 0 0 0 0 0 0
23.080183029174805 2.4844062328338623 31.272274017333984 0.08712673002366575 0.20123206893577414 0.9756611027130327 0.3156361560741712 0.9233499383234063 -0.2186291571974863 0 0 0 0 0 0
22.888132095336914 2.9294095039367676 30.995664596557617 0.5509096078857396 -0.029534303945832528 0.8340421625011627 0.42842398205017584 0.8676500395204593 -0.2522623644629061 0 0 0 0 0 0
22.745437622070312 3.3635430335998535 31.00217628479004 0.8870029115085339 -0.14931948377410456 0.4369548337538089 0.2570744471341199 0.9457514618279975 -0.1986627823244512 0 0 0 0 0 0
22.661312103271484 3.747929096221924 31.192508697509766 0.9868818256177312 -0.1322822727094063 -0.0925508648919509 0.13053746244897657 0.9911360105618372 -0.02468561250906922 0 0 0 0 0 0
22.703678131103516 4.060508728027344 31.48820686340332 0.8067503773479823 0.02318131736542664 -0.5904375116590169 0.10381155047632182 0.9781279857163219 0.1802465132706682 0 0 0 0 0 0
22.896730422973633 4.301855564117432 31.780109405517578 0.3879976893018384 0.2737553293884298 -0.8800658002262481 0.1692443214271387 0.9174705109902901 0.36000586262987905 0 0 0 0 0 0
23.205673217773438 4.5099101066589355 31.988908767700195 -0.1317034652509071 0.5326287256310308 -0.8360387777331666 0.31015254764387407 0.8231827617645365 0.4755791605229617 0 0 0 0 0 0
23.568286895751953 4.696895122528076 32.07314682006836 -0.5512949894828835 0.697344867526014 -0.4580218011254414 0.5009189054417766 0.715680076901263 0.4867055348951916 0 0 0 0 0 0
23.925920486450195 4.896541595458984 32.02772521972656 -0.7040019893814873 0.7024463511636408 0.10464378951373655 0.6846426683668958 0.6320917219627202 0.36293866104020933 0 0 0 0 0 0
24.226844787597656 5.134668827056885 31.862754821777344 -0.5444573694817971 0.5533519865949522 0.6303711222354511 0.7783635669204035 0.6133812045217817 0.13384190535984902 0 0 0 0 0 0
24.525531768798828 5.4938178062438965 31.72658348083496 -0.2109668933532409 0.31279189258104856 0.9260962162996068 0.7432823751712007 0.6666432883861408 -0.0558393840364624 0 0 0 0 0 0
24.709609985351562 5.767795085906982 31.642763137817383 0.0871635903091151 0.201234761633635 0.9756572550002788 0.31561538394494904 0.9233536650202541 -0.2186434053680713 0 0 0 0 0 0
24.517547607421875 6.212782859802246 31.36617088317871 0.5508416920429298 -0.029476426678834274 0.8340890663337637 0.4284079181929322 0.8676578987439387 -0.2522626139102878 0 0 0 0 0 0
25.841617584228516 5.87467622756958 30.68308448791504 -0.6199192719379486 0.6880096373266625 -0.3772834945045406 0.35856929313062813 -0.17929156969394602 -0.9161236789104856 0 0 0 0 0 0
25.473751068115234 6.720882415771484 28.908044815063477 -0.713698922437179 0.6833598517091434 0.15379584254480688 0.6993786721154555 0.6830615673768462 0.210467023931799 0 0 0 0 0 0
25.72012710571289 6.990744590759277 28.67694664001465 -0.5250131501582789 0.5453818483499328 0.6533910250770908 0.723330800119803 0.6904845109160258 0.004867626023252194 0 0 0 0 0 0
25.81818962097168 7.336751461029053 28.450145721435547 -0.09754819430788265 0.3117887200452969 0.9451307548904474 0.6515460221354351 0.7378701586011509 -0.17616869780242983 0 0 0 0 0 0
25.80549430847168 7.730419158935547 28.311933517456055 0.4268884635164941 0.06284452836806827 0.902117955131546 0.5015790793534232 0.813612319326746 -0.294029626049358 0 0 0 0 0 0
25.741138458251953 8.137192726135254 28.296133041381836 0.8454369455470205 -0.10382182547045456 0.5238868195136301 0.3011099003418464 0.9028173088893549 -0.30700771111798847 0 0 0 0 0 0
25.676607131958008 8.528849601745605 28.40713882446289 0.9917136141508094 -0.12204983479280619 -0.040099193694989745 0.11268827949068831 0.9763189935348241 -0.18466882392157222 0 0 0 0 0 0
25.66647720336914 8.877326965332031 28.637117385864258 0.8230548731321146 0.00830499082536881 -0.5679011383514468 0.020915751956800104 0.9987716490236841 0.04491908755298248 0 0 0 0 0 0
25.767614364624023 9.297667503356934 28.843975067138672 0.45546086635783295 0.1855826749274597 -0.8706976914999495 0.0713941172377615 0.9672667054152376 0.2435118079662519 0 0 0 0 0 0
25.848390579223633 9.598170280456543 29.00484848022461 0.18894148954765624 0.35609817746498496 -0.9151476392001614 0.4998910470767779 0.7672652214943527 0.4017623936329837 0 0 0 0 0 0
26.297468185424805 9.650765419006348 29.33903694152832 -0.28605962003575364 0.5638087925870945 -0.7747835434406715 0.39645853927147606 0.8057578954868073 0.43997140872947527 0 0 0 0 0 0
26.725191116333008 9.799492835998535 29.39714813232422 -0.6200178851162512 0.6880022186862259 -0.3771349482861563 0.5713132295521995 0.7253557158291258 0.3840055719031333 0 0 0 0 0 0
27.096033096313477 9.993457794189453 29.2709903717041 -0.7137133405995071 0.6833182624690058 0.15391367589214056 0.6993673247816035 0.6830604250286287 0.21050843400570024 0 0 0 0 0 0
27.342411041259766 10.26332950592041 29.039892196655273 -0.5249676401637047 0.5453224869411806 0.653477131977269 0.7233419611076587 0.6904726023369575 0.004898236719087873 0 0 0 0 0 0
27.440473556518555 10.609295845031738 28.813127517700195 -0.0974471300405721 0.31184321337688775 0.9451232020840631 0.651436264658796 0.7379323235338169 -0.1763141485286348 0 0 0 0 0 0
27.427793502807617 11.002964973449707 28.674962997436523 0.4269466480524152 0.06291192846106283 0.9020857215221385 0.5013752524701092 0.8137323219399835 -0.2940451741496493 0 0 0 0 0 0
28.087392807006836 11.038887977600098 27.558317184448242 -0.551180568162739 0.6975832117427188 -0.4577965093516041 0.2546275436229628 -0.38186620625861034 -0.888449781668155 0 0 0 0 0 0
27.950408935546875 11.832016944885254 25.74895668029785 -0.7039505542828306 0.7024771560949487 0.10478292938092827 0.684745640846239 0.6320679920572218 0.36278569536135935 0 0 0 0 0 0
28.251340866088867 12.070133209228516 25.58406639099121 -0.5447282510064674 0.5533573591953196 0.63013233973493 0.7783001121355251 0.6133929195887065 0.1341568546451201 0 0 0 0 0 0
28.549999237060547 12.429262161254883 25.447797775268555 -0.21100236528241761 0.31285604014035145 0.9260664662932807 0.7432263101242861 0.6667014428391231 -0.055891305721642526 0 0 0 0 0 0
28.734146118164062 12.703264236450195 25.36406707763672 0.0870639967836397 0.20129018647269242 0.9756547141759975 0.31577071525120093 0.9232952026357313 -0.21866601057226295 0 0 0 0 0 0
28.54199981689453 13.148255348205566 25.087392807006836 0.5509433372645312 -0.029466035121243458 0.8340222970029366 0.4283487198786179 0.8676744698612079 -0.25230614049091543 0 0 0 0 0 0
28.399391174316406 13.582406044006348 25.093969345092773 0.8869754964322145 -0.14936938576500958 0.43699342709588945 0.2571917331146791 0.9456952848888607 -0.19877837044418173 0 0 0 0 0 0
28.315256118774414 13.966805458068848 25.2843074798584 0.9868678847595023 -0.13230592021790588 -0.09266564360969384 0.1305525667757405 0.9911321352927622 -0.02476121358647918 0 0 0 0 0 0
28.357580184936523 14.279397964477539 25.57993507385254 0.8068302326294066 0.023120073185009915 -0.5903307868738491 0.10380363357667699 0.9781408319780034 0.1801813488507011 0 0 0 0 0 0
28.550689697265625 14.520743370056152 25.87192726135254 0.38774165665488375 0.2736650714863034 -0.8802067009191208 0.1691409661078708 0.9175736661971744 0.3597914683334957 0 0 0 0 0 0
28.856597900390625 14.718588829040527 26.075654983520508 -0.13172846382062398 0.5325384470532905 -0.8360923479075313 0.3097895673846199 0.8233128399486559 0.47559057130617 0 0 0 0 0 0
29.21497917175293 14.904956817626953 26.157373428344727 -0.551196702263466 0.6973500884489632 -0.45813213110859574 0.5009227030825955 0.7156808284435293 0.4867005211984156 0 0 0 0 0 0
29.572662353515625 15.10461139678955 26.111915588378906 -0.7040657441364326 0.7023754103495984 0.10469102573690227 0.6845638934691524 0.6320923579083507 0.3630861148986784 0 0 0 0 0 0
29.873571395874023 15.342706680297852 25.946958541870117 -0.5446841743056536 0.5533296520817246 0.6301947686137088 0.7782703469294637 0.6134576398643793 0.13403354498899797 0 0 0 0 0 0
30.161287307739258 15.706809997558594 25.82714080810547 -0.2074798493387898 0.3149750114559966 0.9261440785734409 0.7401737942147315 0.6695608629839541 -0.061895113845528336 0 0 0 0 0 0
30.361154556274414 15.97767162322998 25.73383903503418 0.08543175211990137 0.1975022052650754 0.9765727288047499 0.33039809879729354 0.9190796106485798 -0.2147784104634095 0 0 0 0 0 0
30.15805435180664 16.421396255493164 25.454681396484375 0.550866349245092 -0.029497413839809385 0.8340720399618652 0.4317778815356029 0.8653111303335705 -0.25456729706988235 0 0 0 0 0 0
31.4864444732666 16.084196090698242 24.771541595458984 -0.6199762371909817 0.6881566938127999 -0.3769215171347318 0.3589815902037248 -0.17837933373417714 -0.916140290125566 0 0 0 0 0 0
31.118627548217773 16.930402755737305 22.996540069580078 -0.7137049711651365 0.6833317062462629 0.15389279831344513 0.6993800592211314 0.6830874097522138 0.21037852409848742 0 0 0 0 0 0
31.36497688293457 17.200286865234375 22.765453338623047 -0.524901880233589 0.5452912338902494 0.6535560315456452 0.7233354498539185 0.6904797874619961 0.004846657721160545 0 0 0 0 0 0
31.463031768798828 17.546279907226562 22.538711547851562 -0.09753958652772506 0.3117785766776948 0.9451349893982506 0.6515193531369227 0.7378919923788834 -0.17617587823299624 0 0 0 0 0 0
31.450395584106445 17.939979553222656 22.40055274963379 0.42684620466525175 0.0628337756699888 0.9021387000888077 0.5015684094417313 0.8136345982976503 -0.2939861750203797 0 0 0 0 0 0
31.385997772216797 18.346744537353516 22.384647369384766 0.8454535656076086 -0.10378831815276708 0.5238666370522184 0.30106754102190025 0.9028285313707712 -0.3070162515013217 0 0 0 0 0 0
31.321496963500977 18.738340377807617 22.495651245117188 0.9917148475719371 -0.12197312348173787 -0.04030159120281086 0.11259403643312538 0.9763824357571838 -0.18439067792208172 0 0 0 0 0 0
31.31137466430664 19.086881637573242 22.72569465637207 0.8230031570130696 0.008255116441582298 -0.5679768099130956 0.020940978271428035 0.9987737725176089 0.04486007980353492 0 0 0 0 0 0
31.40042495727539 19.510051727294922 22.94864273071289 0.45606394858024824 0.18146525407354733 -0.8712496980598705 0.0676679895299205 0.969085540708352 0.23726411018731783 0 0 0 0 0 0
31.496904373168945 19.801965713500977 23.09517478942871 0.1905626772254643 0.3593614772962061 -0.9135344518320873 0.5159866091559642 0.7550029427864406 0.40463363127098706 0 0 0 0 0 0
31.940414428710938 19.86427116394043 23.4280948638916 -0.28604806220213885 0.5637842116872478 -0.7748056974252253 0.4006339803250547 0.8048923620678812 0.4377678600510671 0 0 0 0 0 0
32.370052337646484 20.00901222229004 23.485750198364258 -0.6200062075818158 0.6879326290258492 -0.377281062977719 0.5711355045001261 0.7254195854387244 0.3841492685939878 0 0 0 0 0 0
32.74089813232422 20.203031539916992 23.359521865844727 -0.7137909653573383 0.6832282637835007 0.15395323102040534 0.6992879788422744 0.6831160771760055 0.21059142373409315 0 0 0 0 0 0
32.98727035522461 20.47286605834961 23.128456115722656 -0.5249598931692696 0.5452298852293507 0.6535606190832631 0.7233623309932798 0.6904503746757806 0.005021773595342543 0 0 0 0 0 0
33.08537673950195 20.818843841552734 22.901708602905273 -0.09765550378774582 0.31185757653725876 0.9450969550984011 0.6515424197993809 0.7378761053684799 -0.17615711262453024 0 0 0 0 0 0
33.072689056396484 21.212543487548828 22.76351547241211 0.42673043892553286 0.06283835091996051 0.9021931468084214 0.5017148556862349 0.8135495885920779 -0.2939715470677417 0 0 0 0 0 0
33.732261657714844 21.24844741821289 21.646955490112305 -0.5513340260592869 0.6973407424051554 -0.45798109206722104 0.25399118954053523 -0.3825949492986924 -0.8883184003536766 0 0 0 0 0 0
33.59528350830078 22.04156494140625 19.837465286254883 -0.7039710494040434 0.7024643314537875 0.10473120182712109 0.6846852288002694 0.6320419147369848 0.36294511358927145 0 0 0 0 0 0
33.8962287902832 22.279674530029297 19.672527313232422 -0.5446217719036194 0.5534004564963537 0.6301865281947793 0.7783382871896238 0.6133740929349029 0.1340213893787402 0 0 0 0 0 0
34.1839599609375 22.643787384033203 19.552719116210938 -0.2076592215241634 0.3150081568047964 0.9260926027468438 0.7401575987517421 0.6695882792881475 -0.06179211316982816 0 0 0 0 0 0
34.385536193847656 22.912992477416992 19.45502471923828 0.08545226462365522 0.19753683381891282 0.9765639301937625 0.3352921564924982 0.9172807260293014 -0.2148842466300576 0 0 0 0 0 0
34.18265914916992 23.35692024230957 19.175975799560547 0.5508780930802893 -0.029441839912376266 0.8340662471451523 0.43182035547507425 0.8652618939897537 -0.25466259129806373 0 0 0 0 0 0
34.04419708251953 23.791837692260742 19.182504653930664 0.8870749031863321 -0.1492586099087115 0.43682946730397965 0.2569216564317722 0.9458140834929002 -0.1985622872623088 0 0 0 0 0 0
35.139259338378906 24.658641815185547 19.223922729492188 -0.4553464649119755 -0.8761053681918105 0.15842657831834667 -0.8478244411107676 0.48101078433503236 0.2232091897942643 0 0 0 0 0 0
33.04926300048828 22.671119689941406 19.180973052978516 -0.8902706154644201 0.4493696053719628 -0.07406206187009048 -0.11047598715987236 -0.05531954717705711 0.9923380492358322 0 0 0 0 0 0
33.2430305480957 23.038644790649414 19.082794189453125 -0.8901425305708762 0.4496204481973394 -0.0740791997236758 -0.11055520130498997 -0.05537820648058564 0.992325955375252 0 0 0 0 0 0
33.50717544555664 23.47370147705078 18.54877471923828 -0.8901780461404514 0.4495573670243775 -0.0740352613534752 -0.11042833601663682 -0.055236865713554795 0.9923479587678605 0 0 0 0 0 0
33.4350700378418 23.21746826171875 17.860740661621094 -0.8902036424884844 0.4494930971257452 -0.07411768032352195 -0.11049948868394865 -0.05521107974030826 0.9923414733218073 0 0 0 0 0 0
33.79606246948242 24.9345760345459 16.88672637939453 -0.4525323075766384 -0.8534618941658119 0.25849043658570314 0.889258748923913 -0.4102508747499339 0.2022698623848621 0 0 0 0 0 0
34.41331100463867 24.18808364868164 16.525196075439453 0.6199581576217507 -0.6880264217164299 0.37718897891949305 -0.614079257221854 -0.7246991386761558 -0.3125985032783972 0 0 0 0 0 0
34.10823440551758 23.76482391357422 16.259387969970703 0.2859577505395064 -0.5637473232121765 0.7748658725724674 -0.7024666701919907 -0.6733146551520913 -0.23062513398759785 0 0 0 0 0 0
34.067073822021484 23.39236068725586 16.09016990661621 -0.18870579784995475 -0.3560230310459533 0.9152255040276489 -0.5245504588621017 -0.751336729082403 -0.4004246940928023 0 0 0 0 0 0
33.730369567871094 23.0661563873291 15.852957725524902 -0.45566578716103856 -0.18556691403430378 0.870593826549842 -0.41601313379067256 -0.8202539384453511 -0.3925768064704718 0 0 0 0 0 0
34.077980041503906 22.708660125732422 15.737444877624512 -0.8231461039327715 -0.008280946488116806 0.5677692467064059 -0.21859849511052065 -0.9182087736262474 -0.3303140111639203 0 0 0 0 0 0
34.195316314697266 22.232933044433594 15.812161445617676 -0.9916944904222484 0.12214576999212844 0.04027962933279412 -0.12860362889642063 -0.9460350631036414 -0.2974538048389378 0 0 0 0 0 0
34.16273880004883 21.85833168029785 15.99074935913086 -0.8454056790249058 0.10385529756147369 -0.5239306395324246 -0.05204089704335038 -0.9922633310195443 -0.11271746514591877 0 0 0 0 0 0
34.01325225830078 21.536758422851562 16.20037269592285 -0.4267343564857367 -0.06291382300154577 -0.9021860339586478 -0.07864415374576672 -0.9912168894922095 0.10632109417703237 0 0 0 0 0 0
33.7534294128418 21.273395538330078 16.383947372436523 0.09740451838623707 -0.311798415484388 -0.9451423744068246 -0.22420723115523244 -0.9321211304978757 0.2843964057034941 0 0 0 0 0 0
33.401187896728516 21.067777633666992 16.481449127197266 0.5251023405643835 -0.5451966128413388 -0.6534739361903713 -0.44480857892386383 -0.8304460678658719 0.33541713802643536 0 0 0 0 0 0
33.01105499267578 20.900251388549805 16.430519104003906 0.7136576171315963 -0.6833857997825686 -0.15387220075631267 -0.6478219987539713 -0.7274432744608227 0.22617015800526322 0 0 0 0 0 0
32.6769905090332 20.725584030151367 16.214271545410156 0.6200259245078252 -0.6879719460597611 0.3771769536609598 -0.7442423507262962 -0.667889444527287 0.0051974295982582805 0 0 0 0 0 0
32.48598098754883 20.49237632751465 15.89635944366455 0.28596994658437974 -0.5637531118181296 0.7748571601049463 -0.7024888846799691 -0.6732992909659655 -0.23060232367827793 0 0 0 0 0 0
32.44538497924805 20.11688804626465 15.746910095214844 -0.19073861763425964 -0.35926461261387704 0.9135358328310788 -0.5184713217074319 -0.7533576521333618 -0.4045240864757715 0 0 0 0 0 0
32.104183197021484 19.795246124267578 15.490535736083984 -0.45600413507202253 -0.1816797225834628 0.8712363096193896 -0.43500606357968596 -0.8085339221847736 -0.39628603473427243 0 0 0 0 0 0
32.162437438964844 19.832666397094727 14.50277042388916 0.5446282179104911 -0.5533594744071298 -0.6302169438689407 -0.07580890091427486 0.7158835081509274 -0.6940920784014833 0 0 0 0 0 0
32.329185485839844 19.424409866333008 12.52227783203125 0.7039757940828348 -0.702459344843427 -0.10473275603929076 -0.6933007906757922 -0.7116880502263164 0.11328783170925955 0 0 0 0 0 0
32.0694465637207 19.209272384643555 12.278314590454102 0.5510457995405164 -0.6974304560934308 0.45819131999860263 -0.7601657192338634 -0.6460395370303648 -0.06914474596999542 0 0 0 0 0 0
31.925382614135742 18.938814163208008 12.002994537353516 0.13164724976387657 -0.5324492065950697 0.8361619723629438 -0.7239821825950319 -0.6278276078895586 -0.28580114425349823 0 0 0 0 0 0
31.892240524291992 18.611042022705078 11.753870010375977 -0.38764266193914465 -0.2737145618143803 0.8802349148355203 -0.5732999891320181 -0.6761700552049389 -0.46273229723607756 0 0 0 0 0 0
31.95330047607422 18.229351043701172 11.591246604919434 -0.806804229619134 -0.023074569501785186 0.5903681049235152 -0.35383031394088765 -0.7813561769928301 -0.5140881574318185 0 0 0 0 0 0
32.054588317871094 17.81415557861328 11.57752799987793 -0.9868690570497697 0.13226016251612188 0.09271846444429162 -0.1587845765341988 -0.8996264891774987 -0.4067673023056586 0 0 0 0 0 0
32.1015739440918 17.409799575805664 11.729528427124023 -0.8870369268511704 0.1493963454507895 -0.43685949957438264 -0.07241948956245307 -0.9795100425958252 -0.18792417083876722 0 0 0 0 0 0
32.00637435913086 17.065670013427734 11.983356475830078 -0.5508395721681711 0.029495296895973775 -0.8340897992390294 -0.12284742559638755 -0.9913555377157575 0.04607285387993168 0 0 0 0 0 0
31.723037719726562 16.78362464904785 12.080039024353027 -0.08530446585572769 -0.19746713170951666 -0.9765909481453765 -0.3076003151545874 -0.9270643704580472 0.2143214854932258 0 0 0 0 0 0
31.651586532592773 16.28154754638672 12.221693992614746 0.20761485943838565 -0.31485782132784 -0.9261536710984121 -0.42598918370428435 -0.8813948217854948 0.20414794511988976 0 0 0 0 0 0
31.14866065979004 16.325185775756836 12.301877975463867 0.5445661655906804 -0.553440633695484 -0.6301992988480746 -0.6191931491802115 -0.7721065781080845 0.14300795799715837 0 0 0 0 0 0
30.708702087402344 16.150352478027344 12.15500259399414 0.7040318243168207 -0.7023987878418007 -0.104762269866104 -0.6931849220531365 -0.7117453326205092 0.11363646127501367 0 0 0 0 0 0
30.448993682861328 15.935243606567383 11.911015510559082 0.5511839438863061 -0.6974345197159165 0.4580189414320833 -0.7601527358135639 -0.6460694000318455 -0.06900832252449958 0 0 0 0 0 0
30.304981231689453 15.664742469787598 11.635676383972168 0.13172896559270403 -0.5325062855703762 0.83611275283416 -0.7241237165847829 -0.6277128300341452 -0.28569467284141914 0 0 0 0 0 0
30.27187728881836 15.33698844909668 11.386519432067871 -0.38779494392692093 -0.2737003045079064 0.8801722699432173 -0.5731393857337201 -0.6762538637587922 -0.46280876857734576 0 0 0 0 0 0
30.332889556884766 14.955318450927734 11.223919868469238 -0.8067393947710689 -0.023123118855391697 0.5904547995391423 -0.3538797042070433 -0.7813232138720602 -0.5141042602575576 0 0 0 0 0 0
30.43422508239746 14.5401029586792 11.210236549377441 -0.986873908051084 0.13221883995985007 0.0927257675495451 -0.15874813125261353 -0.8996582082537595 -0.4067113708091256 0 0 0 0 0 0
30.48117446899414 14.135693550109863 11.362232208251953 -0.8869934876165961 0.14932451572950414 -0.4369722438872934 -0.07238988918773927 -0.9795376931752586 -0.18779140446857465 0 0 0 0 0 0
30.385936737060547 13.791593551635742 11.616076469421387 -0.5509274071400839 0.029490553577925648 -0.8340319534116014 -0.12277918565134466 -0.9913650900504647 0.04604921063413271 0 0 0 0 0 0
30.101694107055664 13.511785507202148 11.69287109375 -0.0871167963937173 -0.2012927783551257 -0.9756494663393047 -0.3134190592556364 -0.9241015548301862 0.21864311024073965 0 0 0 0 0 0
30.03370475769043 13.007942199707031 11.857667922973633 0.21098062663557562 -0.3128590744526301 -0.9260703940398395 -0.4067166266887088 -0.8895895626739779 0.2078749517293475 0 0 0 0 0 0
29.52617073059082 13.055045127868652 11.938294410705566 0.5445297249330243 -0.5534092228384181 -0.6302583682441218 -0.6180303785032335 -0.772748819196045 0.14456041532268796 0 0 0 0 0 0
29.08650016784668 12.87775707244873 11.792001724243164 0.7039856252631109 -0.7024549522087369 -0.10469612953843195 -0.6932582445655424 -0.711690309045004 0.1135337410346786 0 0 0 0 0 0
28.826770782470703 12.662649154663086 11.548016548156738 0.5511568378415852 -0.6974780751270773 0.45798523427889226 -0.7601291036798097 -0.6460804410253377 -0.06916508847268561 0 0 0 0 0 0
28.682756423950195 12.39217472076416 11.27277946472168 0.13164555069590944 -0.5326335015061759 0.8360448564851297 -0.7238703577287628 -0.6278578334788484 -0.2860179122727798 0 0 0 0 0 0
28.649560928344727 12.064413070678711 11.023552894592285 -0.38770147794462717 -0.27375733025191323 0.8801957101309327 -0.5732242923861365 -0.6761899963104917 -0.46279693117827647 0 0 0 0 0 0
28.71063804626465 11.682751655578613 10.860997200012207 -0.8068079323476397 -0.023180408766132022 0.5903588984256622 -0.3535935745875158 -0.7815717004472928 -0.5139234000027149 0 0 0 0 0 0
28.81195831298828 11.267518043518066 10.84725284576416 -0.9868523257682439 0.13229574875188463 0.09284568911902137 -0.15887028125842068 -0.8996091967342151 -0.40677208223290207 0 0 0 0 0 0
28.85890007019043 10.863119125366211 10.999232292175293 -0.8869714620997033 0.14935216509264332 -0.43700750131188154 -0.07239266128612928 -0.9795294310184252 -0.1878334271652201 0 0 0 0 0 0
28.763683319091797 10.51904010772705 11.253068923950195 -0.5508935624444826 0.029464814162907495 -0.8340552185458541 -0.12284334409155209 -0.9913540231246957 0.046116305650875856 0 0 0 0 0 0
28.480472564697266 10.236988067626953 11.349722862243652 -0.08566277703938639 -0.19753605585994552 -0.9765456442303129 -0.3078559586495734 -0.9269367515279847 0.21450633415053133 0 0 0 0 0 0
28.407785415649414 9.73735237121582 11.495315551757812 0.20737570076493064 -0.3149859729912307 -0.9261636764368498 -0.4270640225564006 -0.8809148702554189 0.20397380224142717 0 0 0 0 0 0
28.30491828918457 9.60124683380127 12.471344947814941 -0.8230569780889824 -0.00829699341205646 0.5678982045396449 0.5532882833613547 0.21407992410174298 0.8050104729701578 0 0 0 0 0 0
27.708126068115234 9.141146659851074 14.35587215423584 -0.9917009651649266 0.1220673864408568 0.04035776082058559 -0.1285522913586387 -0.9460448129260823 -0.29744498705155137 0 0 0 0 0 0
27.675588607788086 8.766573905944824 14.534502029418945 -0.8454663257342281 0.10376374837987903 -0.5238509106335706 -0.05200094564883637 -0.9922762401270957 -0.11262222218932344 0 0 0 0 0 0
27.526039123535156 8.445003509521484 14.74410629272461 -0.4268809987415279 -0.06294785319221545 -0.9021142836093037 -0.07865610803806246 -0.9912091013848511 0.10638483914609558 0 0 0 0 0 0
27.266122817993164 8.181645393371582 14.927713394165039 0.09760088023564668 -0.3117897287473106 -0.9451249828593598 -0.2241451796522944 -0.9321467489554348 0.2843613490797481 0 0 0 0 0 0
26.913965225219727 7.9759674072265625 15.025148391723633 0.524982111980566 -0.5452979784827293 -0.6534859575867515 -0.44510161089477757 -0.8303379694031817 0.3352960073521235 0 0 0 0 0 0
26.523799896240234 7.808516502380371 14.974248886108398 0.713684087618839 -0.6833595943781299 -0.1538658111830664 -0.6477656281176883 -0.7274597172212947 0.22627870171452477 0 0 0 0 0 0
26.189767837524414 7.633820056915283 14.758031845092773 0.6200437378204446 -0.6878996858750754 0.3772794526112235 -0.7442540802570764 -0.6678747247073348 0.0054051935946223635 0 0 0 0 0 0
25.99880599975586 7.400617599487305 14.440171241760254 0.285967389680603 -0.5638460637790598 0.7747904674169156 -0.7023817770513026 -0.673349656619476 -0.23078145332042718 0 0 0 0 0 0
25.958202362060547 7.025146007537842 14.290603637695312 -0.19078848590404623 -0.35934422213550876 0.9134941070769246 -0.5183112683890829 -0.7534135470229465 -0.404625081060483 0 0 0 0 0 0
25.617008209228516 6.703432559967041 14.034323692321777 -0.45619039777243897 -0.1814887845834714 0.8711785936595539 -0.4351112544239058 -0.8084838370028572 -0.39627273635564786 0 0 0 0 0 0
25.970441818237305 6.345449924468994 13.919178009033203 -0.8230556465863355 -0.008250297098713333 0.5679008145971726 -0.21987199831701212 -0.917301400065913 -0.3319856108225174 0 0 0 0 0 0
26.085857391357422 5.86860466003418 13.992958068847656 -0.9917045567018028 0.12208494060100604 0.04021615962930038 -0.12852624903744 -0.9460969706002937 -0.29729030513844984 0 0 0 0 0 0
26.05326271057129 5.494009017944336 14.171506881713867 -0.8454134031677026 0.10386348122946808 -0.5239165534808952 -0.052016685233456976 -0.9922582573453631 -0.11277329110772082 0 0 0 0 0 0
25.90374183654785 5.172445297241211 14.381093978881836 -0.4268250091802135 -0.06289735262874016 -0.902144298086845 -0.07864282989902019 -0.9912176220505046 0.10631524369542288 0 0 0 0 0 0
25.639493942260742 4.898641109466553 14.555435180664062 0.09758670639272385 -0.3117731949203845 -0.9451319006702484 -0.23288302008280234 -0.9304522982324991 0.282885170468467 0 0 0 0 0 0
25.295013427734375 4.825497627258301 15.321657180786133 -0.8066608771423699 -0.02313655566659245 0.5905615370812672 0.4308114531263161 0.661039025303842 0.6143524223770414 0 0 0 0 0 0
24.780303955078125 4.321220874786377 17.118452072143555 -0.9868615627573165 0.132330106947187 0.09269842904565796 -0.158843283299443 -0.8995701150921952 -0.4068690445139167 0 0 0 0 0 0
24.82725715637207 3.916858434677124 17.27043342590332 -0.8870248274025683 0.1493197164738842 -0.4369102629186031 -0.07238312758360947 -0.9795337688550272 -0.18781447897827508 0 0 0 0 0 0
24.732107162475586 3.5727500915527344 17.52428436279297 -0.5509707390822218 0.02946843767492472 -0.8340041102154051 -0.12285862565499144 -0.9913511950075248 0.04613638758420177 0 0 0 0 0 0
24.4478759765625 3.2929344177246094 17.60114288330078 -0.08714488784149212 -0.2012510449500593 -0.9756555670058995 -0.3134180967848341 -0.9241090748283137 0.21861270417734344 0 0 0 0 0 0
24.37980842590332 2.7891082763671875 17.765899658203125 0.21100877536843682 -0.31287900647025774 -0.9260572466255513 -0.40666507223531095 -0.8896067538605065 0.20790224267578702 0 0 0 0 0 0
23.872272491455078 2.8362255096435547 17.84658432006836 0.5445478237253534 -0.5533500595284789 -0.6302946765567757 -0.6179887399572107 -0.7727874852979667 0.1445317261121038 0 0 0 0 0 0
23.43260383605957 2.658900499343872 17.700265884399414 0.7040575626194665 -0.7023766254271433 -0.10473788508421583 -0.6931688362278079 -0.7117672669349848 0.1135971927579594 0 0 0 0 0 0
23.1728572845459 2.4437849521636963 17.456222534179688 0.5512331788078665 -0.6972954764737705 0.45817136648921225 -0.7601399328750779 -0.6461085353794559 -0.06878257743416262 0 0 0 0 0 0
23.028867721557617 2.173326015472412 17.180994033813477 0.13167932589918427 -0.5325703008643085 0.836079798684334 -0.7238745483153501 -0.6278856216745552 -0.28594629634881646 0 0 0 0 0 0
22.995725631713867 1.845552682876587 16.93180274963379 -0.3878208418033662 -0.27371340659503113 0.8801567847338744 -0.5730961713924403 -0.6762750136029498 -0.4628313778382543 0 0 0 0 0 0
23.056734085083008 1.4638946056365967 16.769193649291992 -0.8067874667304282 -0.02321363571071639 0.5903855610055078 -0.35369182093927304 -0.7814368257828045 -0.5140608749079784 0 0 0 0 0 0
23.15806770324707 1.0486723184585571 16.75546646118164 -0.9868648357889206 0.1322321472342811 0.09280331417098137 -0.1587925759590623 -0.8996510930293962 -0.4067097596951645 0 0 0 0 0 0
23.20502281188965 0.6442886590957642 16.90747833251953 -0.8869959768018064 0.14933671643939703 -0.43696302161682804 -0.07240211525248125 -0.979535750541873 -0.1877968240342098 0 0 0 0 0 0
23.109821319580078 0.3001804053783417 17.161296844482422 -0.5509218138385952 0.029516117021041975 -0.8340347438043528 -0.12284747893943967 -0.9913559759461299 0.04606328119142676 0 0 0 0 0 0
22.82655143737793 0.01812712848186493 17.257957458496094 -0.08562264895270605 -0.19751182865594666 -0.9765540638015417 -0.30776206912006937 -0.926976642932984 0.2144686743271117 0 0 0 0 0 0
22.753870010375977 -0.481491357088089 17.40355110168457 0.20751821866568723 -0.31498449017578223 -0.9261322583035981 -0.4270062225661406 -0.8809509864960579 0.2039388273022537 0 0 0 0 0 0
22.651050567626953 -0.6175711750984192 18.379602432250977 -0.8230639666622269 -0.00836020450860571 0.5678871487917428 0.553285805608279 0.2139337297270456 0.8050510397468431 0 0 0 0 0 0
22.05417823791504 -1.0776989459991455 20.264122009277344 -0.9917005114830176 0.12206015664362656 0.040390762365352925 -0.12855513298472174 -0.9460708189442892 -0.2973610319550332 0 0 0 0 0 0
22.021635055541992 -1.4522804021835327 20.442747116088867 -0.845436454335124 0.10380195885457408 -0.5238915489098931 -0.05199515064641325 -0.9922681033672623 -0.11269656316495634 0 0 0 0 0 0
21.87210464477539 -1.7738566398620605 20.652360916137695 -0.426765929503469 -0.06283059418123373 -0.9021768994215454 -0.07859094577644754 -0.9912330798234403 0.10620943793138654 0 0 0 0 0 0
21.612247467041016 -2.037191390991211 20.83597183227539 0.0974624353876569 -0.31183354376037586 -0.9451248143362613 -0.22427878845047905 -0.9321002756271513 0.28440833536831184 0 0 0 0 0 0
21.260026931762695 -2.2428812980651855 20.93342399597168 0.5250828877960342 -0.5452481732120626 -0.653446547586477 -0.44500524721197365 -0.830386953938126 0.33530260464716155 0 0 0 0 0 0
20.86993408203125 -2.410320520401001 20.882526397705078 0.7135973342343344 -0.6834146923293162 -0.15402338420537803 -0.647831519374844 -0.7274235222810248 0.22620641400444125 0 0 0 0 0 0
20.53589630126953 -2.5850112438201904 20.666244506835938 0.6199012394513642 -0.6880188292854302 0.3772963608032394 -0.7442823896372236 -0.6678462475449273 0.0050113986135042875 0 0 0 0 0 0
20.344890594482422 -2.818227767944336 20.348413467407227 0.28610653283239734 -0.5638451850994 0.7747397363701232 -0.7023644113971583 -0.6733930588954574 -0.2307076544767048 0 0 0 0 0 0
20.304302215576172 -3.1937081813812256 20.198850631713867 -0.19081902577470503 -0.35930192645591663 0.9135043650949128 -0.5183623044442713 -0.7533896295990256 -0.40460423544973884 0 0 0 0 0 0
19.963104248046875 -3.5154285430908203 19.942577362060547 -0.45617236397905225 -0.18154951437618283 0.8711753831299042 -0.4350399903689471 -0.8085135191178897 -0.39629041899015466 0 0 0 0 0 0
20.316566467285156 -3.8733999729156494 19.827394485473633 -0.8229909796730134 -0.008231316349954802 0.5679947999832399 -0.2199543482957222 -0.9172786277202206 -0.3319939815621858 0 0 0 0 0 0
20.431934356689453 -4.350239276885986 19.901174545288086 -0.9917014326714723 0.12209104946272159 0.040274608358625064 -0.12854983327619066 -0.9460570123694346 -0.29740724555949066 0 0 0 0 0 0
20.39933204650879 -4.724808692932129 20.079734802246094 -0.845470306243744 0.10377325496233264 -0.5238426030924102 -0.05203210422699473 -0.992278071170695 -0.11259169420288621 0 0 0 0 0 0
20.249876022338867 -5.046483516693115 20.28935432434082 -0.42685782759318497 -0.06284543478824162 -0.9021323884822581 -0.07859863030843256 -0.9912289447062363 0.10624233850118071 0 0 0 0 0 0
19.989973068237305 -5.309703826904297 20.473007202148438 0.09760591152105307 -0.3118329569683868 -0.9451102015027119 -0.22421269131684482 -0.932121210172108 0.2843918398965449 0 0 0 0 0 0
19.648269653320312 -5.382519245147705 21.237506866455078 -0.8068264017009422 -0.02323009379675695 0.5903317035874863 0.4311373939267859 0.6600166365509316 0.6152223882743661 0 0 0 0 0 0
19.133548736572266 -5.886855125427246 23.03420639038086 -0.9868448523562433 0.13234821863864424 0.09285034410901293 -0.15892307696770586 -0.8995580426913126 -0.40686457628612954 0 0 0 0 0 0
19.180559158325195 -6.291109085083008 23.186267852783203 -0.8870207503634872 0.14938415936636315 -0.4368965110355096 -0.07238631730106143 -0.979507520031676 -0.18795009781584637 0 0 0 0 0 0
19.08535385131836 -6.6352057456970215 23.440122604370117 -0.550917055830611 0.029368319371111454 -0.8340431040493338 -0.12290292934741982 -0.9913392423681522 0.04627500944096488 0 0 0 0 0 0
18.80206298828125 -6.917327404022217 23.53670310974121 -0.0855678461925941 -0.19742674935198248 -0.976576070942899 -0.3075489423443046 -0.9270710698275354 0.2143662276379574 0 0 0 0 0 0
18.730693817138672 -7.419445514678955 23.678403854370117 0.2074513168120069 -0.3148795897425477 -0.926182916662 -0.42619159558152997 -0.8812946278715517 0.20415803373958383 0 0 0 0 0 0
18.227664947509766 -7.37580680847168 23.758617401123047 0.5445737336712669 -0.5533516047581888 -0.6302709338902386 -0.6191780927205633 -0.7721360348671674 0.14291407612455012 0 0 0 0 0 0
17.787811279296875 -7.550492763519287 23.611692428588867 0.7039923220762732 -0.70245572588022 -0.1046458964114217 -0.6932687947598248 -0.7116896266014536 0.11347358106688758 0 0 0 0 0 0
17.528045654296875 -7.76566219329834 23.367733001708984 0.5511124779256074 -0.6974788586376277 0.4580374203362091 -0.760123114213204 -0.6460796804952466 -0.06923797866764024 0 0 0 0 0 0
17.3840274810791 -8.036137580871582 23.09248924255371 0.13167867954087056 -0.5327063985011046 0.8359931927655603 -0.7238596588577976 -0.6278513551225184 -0.28605920741883206 0 0 0 0 0 0
17.350860595703125 -8.364025115966797 22.843229293823242 -0.3877224279385351 -0.27364701572448036 0.8802207846094827 -0.5731232391555269 -0.6763332944158329 -0.4627126836434281 0 0 0 0 0 0
17.411855697631836 -8.745676040649414 22.680673599243164 -0.8067707476646256 -0.023162046385779903 0.5904104337830456 -0.35372813251248386 -0.7814530807337544 -0.514011177778222 0 0 0 0 0 0
17.513248443603516 -9.160748481750488 22.666973114013672 -0.986864511842283 0.13225923367464587 0.09276815387883978 -0.15880482500006599 -0.8996180175605203 -0.4067781336763051 0 0 0 0 0 0
17.56016731262207 -9.56528091430664 22.81891441345215 -0.8870158501273879 0.14935620670420682 -0.4369160161194797 -0.07242152915855771 -0.9795305902305446 -0.1878162530691556 0 0 0 0 0 0
17.4649658203125 -9.909323692321777 23.072757720947266 -0.5509481819107712 0.029364544417017035 -0.8340226761787695 -0.12296501148630362 -0.9913291348569899 0.04632658344692674 0 0 0 0 0 0
17.180749893188477 -10.18908405303955 23.149625778198242 -0.0870827067907851 -0.20129770349577095 -0.9756514934879763 -0.3133242770454136 -0.9241356287565704 0.21863494020093685 0 0 0 0 0 0
17.112716674804688 -10.693049430847168 23.31437110900879 0.21095553343511061 -0.3128545902104632 -0.9260776254166554 -0.40658810624976965 -0.8896365685303697 0.20792519758253167 0 0 0 0 0 0
17.007339477539062 -10.82654094696045 24.291404724121094 -0.8230616192093339 -0.008319221022473133 0.5678911529035199 0.5533708283266587 0.21336856805667548 0.805142583970387 0 0 0 0 0 0
16.409421920776367 -11.287212371826172 26.17561149597168 -0.9916928338001448 0.12217933055659404 0.04021858493508632 -0.12861722415228102 -0.9460500085603518 -0.2974003882887853 0 0 0 0 0 0
16.37681770324707 -11.661792755126953 26.354164123535156 -0.8454808061721713 0.10382231719418505 -0.5238159341284736 -0.051995054196845594 -0.9922624882464736 -0.11274603655110856 0 0 0 0 0 0
16.227378845214844 -11.983336448669434 26.563812255859375 -0.42692486738610347 -0.06295866217020803 -0.902092769323142 -0.07857771398001928 -0.9912172820670568 0.10636654830007074 0 0 0 0 0 0
15.967439651489258 -12.246813774108887 26.7474422454834 0.09751958831596334 -0.3117541638411427 -0.9451451059082911 -0.2240831460903236 -0.932164582314831 0.2843517805748354 0 0 0 0 0 0
15.615314483642578 -12.452343940734863 26.84491539001465 0.5248488286938753 -0.5453201167441409 -0.6535745384367597 -0.44511480782880003 -0.8303136923500928 0.33533860521491704 0 0 0 0 0 0
15.225114822387695 -12.619864463806152 26.793933868408203 0.7136176102200887 -0.6834419869216597 -0.15380818215018158 -0.6478700691484779 -0.7273854327077796 0.2262184912558276 0 0 0 0 0 0
14.973554611206055 -13.891758918762207 27.3425235748291 0.4543024076023903 0.8637782066986369 -0.21793699107576595 -0.8906187668479826 0.43484105655425004 -0.1330844381321963 0 0 0 0 0 0
15.96646499633789 -9.983941078186035 26.316431045532227 -0.8902014393246312 0.44951379491551446 -0.07401854906040597 -0.11042162459612156 -0.055271766784270544 0.9923467622852903 0 0 0 0 0 0
15.772749900817871 -10.351398468017578 26.414669036865234 -0.8902157359287364 0.4494742533109851 -0.07408669998988072 -0.11047739282056014 -0.05524087066814849 0.9923422755699752 0 0 0 0 0 0
15.50865650177002 -10.786432266235352 26.94866943359375 -0.8901919268978731 0.44951963720568616 -0.07409742945824835 -0.11054402427558199 -0.05533983964214237 0.9923293409172892 0 0 0 0 0 0
15.580718040466309 -10.530292510986328 27.636669158935547 -0.8902305347906396 0.4494594371403705 -0.0739987114200836 -0.11034549807845975 -0.05517634848117414 0.9923605401375554 0 0 0 0 0 0
13.728266716003418 -12.741642951965332 29.345380783081055 0.45048844174489716 0.844672682136484 -0.28911628094352 0.6399109197559898 -0.531310634948091 -0.5551783713079065 0 0 0 0 0 0
14.464078903198242 -12.827170372009277 29.397981643676758 0.9868744737033475 -0.1322117302157511 -0.09272988485972922 0.15431701648778395 0.9413003723667898 0.30023302184212164 0 0 0 0 0 0
14.594280242919922 -12.303730010986328 29.669048309326172 0.8067165711905026 0.02306505330110955 -0.5904882531285917 0.10386235796695079 0.9781490773709435 0.18010272911845945 0 0 0 0 0 0
14.78731918334961 -12.062508583068848 29.96091079711914 0.3878529590924146 0.2737092801433693 -0.88014391555396 0.16924366864306728 0.91750840746182 0.35990957595083545 0 0 0 0 0 0
15.093214988708496 -11.864691734313965 30.164791107177734 -0.13167645588964205 0.53252251108791 -0.8361106901295843 0.3098880726574315 0.8232951853115925 0.4755569579634107 0 0 0 0 0 0
15.45164966583252 -11.678178787231445 30.246347427368164 -0.5511594305774702 0.6974709956613326 -0.4579928954653205 0.5013087848966749 0.7155770543462103 0.4864555287779349 0 0 0 0 0 0
15.809318542480469 -11.478522300720215 30.200952529907227 -0.7038906905648412 0.7025459361994809 0.10472393836055835 0.6847953756449141 0.6320329504808005 0.36275286766871345 0 0 0 0 0 0
16.110294342041016 -11.240425109863281 30.035961151123047 -0.5446476818655397 0.5532109573185099 0.6303305000880344 0.7782881259900111 0.6134143236879184 0.13412852208777304 0 0 0 0 0 0
16.40888023376465 -10.881365776062012 29.899791717529297 -0.2109959147681489 0.31287204425215537 0.9260625291397063 0.7431686393473806 0.666761503569494 -0.05594167362807945 0 0 0 0 0 0
16.593008041381836 -10.607397079467773 29.81601333618164 0.08709810807113091 0.20126389957177881 0.9756570925789401 0.31574512761607304 0.923307305905956 -0.21865185397657871 0 0 0 0 0 0
16.401058197021484 -10.16225814819336 29.539438247680664 0.5508762909508236 -0.029633078934914722 0.8340606648806194 0.4285373733079069 0.8676083118537009 -0.25221327657506637 0 0 0 0 0 0
16.25826072692871 -9.728251457214355 29.545982360839844 0.886977750148376 -0.14931899218454772 0.437006074688575 0.25707303914579055 0.9457609000434178 -0.19861966794205296 0 0 0 0 0 0
16.174177169799805 -9.343795776367188 29.73630714416504 0.9868745988330642 -0.13220795947257474 -0.09273392922860815 0.13046450873115442 0.9911466435177135 -0.024644330080348918 0 0 0 0 0 0
16.216567993164062 -9.031126022338867 30.03202247619629 0.8067693877201423 0.023006069788253182 -0.5904183904576183 0.10371972564159314 0.9782119679848703 0.17984316557489702 0 0 0 0 0 0
16.40962791442871 -8.789926528930664 30.323945999145508 0.3876768435013153 0.2735918384849245 -0.8802580138387244 0.16901287798998502 0.9176527728541262 0.35964987911394614 0 0 0 0 0 0
16.715473175048828 -8.592101097106934 30.527727127075195 -0.13160122321620085 0.5325922533432257 -0.8360781122160686 0.30991096456104933 0.8232418061598415 0.4756344422300827 0 0 0 0 0 0
17.073936462402344 -8.405582427978516 30.60931396484375 -0.5512542734847352 0.6973791723901007 -0.4580185759129371 0.5011699784746434 0.7156607312586087 0.4864754571508404 0 0 0 0 0 0
17.43161964416504 -8.205963134765625 30.563941955566406 -0.7039455941873216 0.7024995846130043 0.10466582079559236 0.6846981784820683 0.632033634317624 0.36293510366812615 0 0 0 0 0 0
17.73255729675293 -7.9678754806518555 30.39897346496582 -0.5446066061388275 0.5533347498699457 0.6302573277133021 0.7782956324832624 0.6134428662960282 0.1339543140327769 0 0 0 0 0 0
18.020219802856445 -7.603802680969238 30.279186248779297 -0.20759218657657152 0.3148800993723733 0.9261511793933009 0.7401718192080107 0.6695771616441315 -0.06174222748567363 0 0 0 0 0 0
18.220062255859375 -7.333011150360107 30.18584632873535 0.0855086171186421 0.19753425074811995 0.9765595200395294 0.33022546674012077 0.9191290424789764 -0.21483236345567058 0 0 0 0 0 0
18.01703643798828 -6.889248847961426 29.90671157836914 0.5508707839453334 -0.029347777161096694 0.8340743895907345 0.4316519986690215 0.8653526853281979 -0.2546395139021358 0 0 0 0 0 0
17.878686904907227 -6.454066753387451 29.913257598876953 0.8869963131429365 -0.1493617241472609 0.43695379141345725 0.25718401923433626 0.9456904772531951 -0.19881122071728433 0 0 0 0 0 0
17.794553756713867 -6.069669246673584 30.103618621826172 0.9868385996719019 -0.13243649819610595 -0.09279090549807459 0.13067037404437076 0.9911135279782186 -0.02488429234825184 0 0 0 0 0 0
17.836862564086914 -5.757243633270264 30.399301528930664 0.8068052595003268 0.023201790827465214 -0.5903617112796262 0.10380594709444647 0.9781177697325533 0.18030516875908215 0 0 0 0 0 0
18.029987335205078 -5.515742301940918 30.691219329833984 0.3878158294373876 0.2737388156194383 -0.8801510911548415 0.16909724596541761 0.9175477820054839 0.35987801981189166 0 0 0 0 0 0
18.33586883544922 -5.317975997924805 30.895009994506836 -0.13168248917663877 0.5325604449612167 -0.8360855784589013 0.30998016286227004 0.8232551057258345 0.47556632505700547 0 0 0 0 0 0
18.69428825378418 -5.131663799285889 30.976642608642578 -0.5511891810851212 0.6973663637764456 -0.45811640587074776 0.5010091253717577 0.7156690209076314 0.4866289231101446 0 0 0 0 0 0
19.05193519592285 -4.931949615478516 30.93125343322754 -0.7040279413131261 0.7024292866983521 0.10458372262855242 0.6845628092556134 0.6320501774842116 0.36316158019019457 0 0 0 0 0 0
19.352859497070312 -4.693922519683838 30.76627540588379 -0.5444956658141694 0.5534461521378413 0.6302553661758078 0.7783297285528574 0.6134475316169163 0.13373466119128458 0 0 0 0 0 0
19.65158462524414 -4.334687232971191 30.630104064941406 -0.21103502935581708 0.3128103738995718 0.9260744496883604 0.7432007211139835 0.6667335621057147 -0.05584841356278929 0 0 0 0 0 0
19.835643768310547 -4.060737609863281 30.54630470275879 0.08714346711840665 0.20124989437220878 0.975655931234858 0.3156376011403086 0.923344145555173 -0.2186515346741915 0 0 0 0 0 0
19.643625259399414 -3.615713357925415 30.2697811126709 0.5509733923889327 -0.02954172408838344 0.8339997646386461 0.42830982626882386 0.8677180116974147 -0.2522224115685502 0 0 0 0 0 0
20.96769142150879 -3.953817129135132 29.5866641998291 -0.6200044558974461 0.6879278594716939 -0.37729263818686587 0.35860597271637346 -0.17924475180032232 -0.9161184832128345 0 0 0 0 0 0
20.59981346130371 -3.1076254844665527 27.811607360839844 -0.7137317598232328 0.6833344625076324 0.15375625960927966 0.6993396878827858 0.6830664600971607 0.21058065448265192 0 0 0 0 0 0
20.846168518066406 -2.837782621383667 27.580564498901367 -0.5250696258303523 0.5454132779651204 0.6533194044643984 0.7233378424159262 0.6904768368180733 0.00490953631013226 0 0 0 0 0 0
20.944217681884766 -2.4917569160461426 27.353713989257812 -0.09754672026254975 0.3117691894678327 0.9451373497352596 0.6516232879799315 0.7378120928797107 -0.1761261086911433 0 0 0 0 0 0
20.931591033935547 -2.098083972930908 27.215530395507812 0.4268240583600922 0.06284711449088443 0.9021482491282631 0.5017160015755358 0.8135224108233293 -0.29404479395366817 0 0 0 0 0 0
20.867156982421875 -1.6913275718688965 27.199636459350586 0.8454595587955638 -0.10387973571202354 0.5238388444451316 0.3011306676106662 0.9028190603161541 -0.3069821906140668 0 0 0 0 0 0
20.802644729614258 -1.2996529340744019 27.31070899963379 0.9916921596549708 -0.12213637378412308 -0.040365414375739074 0.11271497376039513 0.9762834298648356 -0.18484046976121388 0 0 0 0 0 0
20.792476654052734 -0.951215922832489 27.54063606262207 0.8231360691938412 0.008414641291975208 -0.5677818290541174 0.020886441610305728 0.9987649308209305 0.04508180918198527 0 0 0 0 0 0
20.893653869628906 -0.5308462977409363 27.747488021850586 0.45545627000137706 0.18558718214595582 -0.8706991351434525 0.07145947575590073 0.9672529456120175 0.2435472901297975 0 0 0 0 0 0
20.974477767944336 -0.2303394228219986 27.908388137817383 0.18886086791383658 0.35609488841983705 -0.9151655604381624 0.4997759167133735 0.7673616358751167 0.4017214866799785 0 0 0 0 0 0
21.423486709594727 -0.17773215472698212 28.242551803588867 -0.2860409623283673 0.5638150674234107 -0.7747858656535987 0.39647315340905415 0.8057490923861199 0.4399743614630569 0 0 0 0 0 0
21.851240158081055 -0.029044093564152718 28.300731658935547 -0.619952890590938 0.6880141673184207 -0.3772199875630668 0.5712344433443791 0.7253430179011502 0.3841467390452369 0 0 0 0 0 0
22.2220401763916 0.16492073237895966 28.174501419067383 -0.7136125081293934 0.6834138479426051 0.15395681433947228 0.6994801858936786 0.6830245546503961 0.2102496784463012 0 0 0 0 0 0
22.468425750732422 0.4347953200340271 27.94342613220215 -0.5248471744922608 0.5453387354044577 0.6535603316412015 0.7233220938441047 0.6904947058578123 0.004712721009547066 0 0 0 0 0 0
22.566497802734375 0.7807812690734863 27.7166690826416 -0.0974432809792767 0.31181739648352264 0.9451321168187184 0.651502506189998 0.7378838714325924 -0.17627216657147338 0 0 0 0 0 0
22.553855895996094 1.1744781732559204 27.578506469726562 0.4268692943568867 0.0628007000868413 0.9021300779842428 0.5016288070403453 0.8135932024934642 -0.2939976884325948 0 0 0 0 0 0
23.21343994140625 1.210387945175171 26.461917877197266 -0.5512296297659909 0.6973942300773512 -0.45802530838684785 0.2541280905380668 -0.3825412214945648 -0.8883023851464785 0 0 0 0 0 0
23.076398849487305 2.003509521484375 24.652456283569336 -0.7039806991746376 0.702459604577506 0.10469803783453685 0.6846684385810453 0.6320544022525669 0.3629550410231879 0 0 0 0 0 0
23.377344131469727 2.2416090965270996 24.487545013427734 -0.5447125203063274 0.5533664146774616 0.6301379859431901 0.7782861734244609 0.6134260368119552 0.13408627676793747 0 0 0 0 0 0
23.675987243652344 2.600743055343628 24.35134506225586 -0.21096936530588117 0.31294782675988075 0.9260429712646715 0.7431120673558147 0.6668154688845416 -0.0560498510832668 0 0 0 0 0 0
23.860084533691406 2.8747239112854004 24.26756477355957 0.08714211931792316 0.20129145337548476 0.9756474782618801 0.31556888076442313 0.9233587161295095 -0.21868919232726916 0 0 0 0 0 0
23.668039321899414 3.319732189178467 23.990922927856445 0.5509190449276357 -0.02947665528870462 0.8340379683977299 0.4283867124500816 0.8676564493619837 -0.2523036077363272 0 0 0 0 0 0
23.525373458862305 3.7538976669311523 23.997459411621094 0.8869457703658625 -0.14940011487221302 0.43704325427384916 0.2572584566657609 0.945669216765505 -0.19881604295445415 0 0 0 0 0 0
23.441265106201172 4.1382737159729 24.187889099121094 0.9868487633512173 -0.13228488717933734 -0.09289901450566128 0.13053335854504908 0.9911359204579178 -0.024710918335540538 0 0 0 0 0 0
23.483617782592773 4.450857639312744 24.483530044555664 0.8067294394262076 0.02317461816404542 -0.5904663823081104 0.10376392697892627 0.9781492188099762 0.180158688936575 0 0 0 0 0 0
23.676679611206055 4.692187786102295 24.77540397644043 0.38785104462057834 0.27376753035231816 -0.8801266423143425 0.16923950377098926 0.9174861613129109 0.35996824049164206 0 0 0 0 0 0
23.985584259033203 4.900274276733398 24.9842472076416 -0.1316100443905644 0.5324954888101661 -0.836138356142293 0.3098850315818128 0.8233033066009188 0.47554487962918146 0 0 0 0 0 0
24.348173141479492 5.087238311767578 25.068429946899414 -0.5512530954940424 0.6973393618999224 -0.45808060322747274 0.5010121768072656 0.715693940592391 0.48658913067410403 0 0 0 0 0 0
24.705827713012695 5.286898136138916 25.022994995117188 -0.7039827886643903 0.7024605180903476 0.10467785720269956 0.6846848169100229 0.6320985106815852 0.3628473153917646 0 0 0 0 0 0
25.00676918029785 5.524997234344482 24.858028411865234 -0.5446357129677407 0.5533242989985522 0.6302413508314743 0.7783175584540043 0.6133899382057363 0.13406924296855222 0 0 0 0 0 0
25.305444717407227 5.884143829345703 24.721837997436523 -0.211033380975534 0.3127701235935264 0.9260884201313205 0.7432733422385179 0.6666584970733457 -0.05577801535991616 0 0 0 0 0 0
25.48950958251953 6.1581339836120605 24.638072967529297 0.08724392039539308 0.20119258505826126 0.9756587733791032 0.31569793348198566 0.923328313285344 -0.2186312893454309 0 0 0 0 0 0
25.297475814819336 6.603127956390381 24.36149024963379 0.5509190472397691 -0.029457749836398282 0.8340386348143598 0.42829930226450424 0.8677112912240876 -0.25226339956871596 0 0 0 0 0 0
26.62154769897461 6.265013694763184 23.678356170654297 -0.619925504307602 0.6879961437809117 -0.37729786012056904 0.3586947344129404 -0.17918268895509953 -0.91609587461316 0 0 0 0 0 0
26.253698348999023 7.111218452453613 21.9033145904541 -0.7137159187167308 0.6833455865262372 0.1537803522737731 0.6993603363190992 0.6830747825871688 0.2104850621234872 0 0 0 0 0 0
26.500049591064453 7.381097793579102 21.672218322753906 -0.5249075819455666 0.5453117529616159 0.6535343315373627 0.7233290987302956 0.6904866228283629 0.004820645714041725 0 0 0 0 0 0
26.598163604736328 7.727055072784424 21.445463180541992 -0.09758164647776757 0.3118673751649084 0.9451013504267349 0.6514610888769138 0.7379280278555606 -0.17624039089978516 0 0 0 0 0 0
26.585451126098633 8.120744705200195 21.30724334716797 0.4268996908669131 0.06286673711867324 0.9021110947670392 0.5015368526808983 0.8136347050013406 -0.2940397119783659 0 0 0 0 0 0
26.521059036254883 8.527528762817383 21.29144859313965 0.845487448654766 -0.1038520350720398 0.5237993212850226 0.3010536279686641 0.9028602486751595 -0.3069366130801834 0 0 0 0 0 0
26.456499099731445 8.919182777404785 21.402420043945312 0.9916996574767725 -0.12206939098328927 -0.04038382281831586 0.11265551588030372 0.9763196249159046 -0.1846854751890632 0 0 0 0 0 0
26.446401596069336 9.267660140991211 21.632427215576172 0.8231267689517436 0.008213101120420889 -0.5677982627703688 0.020883943696364895 0.9987811472099056 0.044722263736889124 0 0 0 0 0 0
26.54752540588379 9.687993049621582 21.839223861694336 0.45575309124435 0.1855274272839415 -0.8705565424179069 0.07139436637259608 0.9672661640311727 0.243513885375508 0 0 0 0 0 0
26.62838363647461 9.988503456115723 22.000213623046875 0.18878966084827525 0.3560599607793424 -0.9151938419190804 0.4996641529384771 0.7674671706837917 0.40165890528020143 0 0 0 0 0 0
27.077381134033203 10.041096687316895 22.334291458129883 -0.2860366749171758 0.5638501232627976 -0.774761937048313 0.39658521825040544 0.8057053787494852 0.43995341494234036 0 0 0 0 0 0
27.505117416381836 10.189804077148438 22.392433166503906 -0.6199365401279173 0.68803685803788 -0.37720547211776956 0.5714125339107089 0.7253280878445406 0.3839099908487995 0 0 0 0 0 0
27.875961303710938 10.383784294128418 22.266281127929688 -0.7137051804051315 0.683335457378572 0.15387517068096607 0.69937753838478 0.6830776359554867 0.2104186352496122 0 0 0 0 0 0
28.12238121032715 10.653656959533691 22.035194396972656 -0.5250143667716578 0.5452571081338203 0.6534941474205402 0.7233504364223894 0.6904627474198103 0.005033940109532449 0 0 0 0 0 0
28.220457077026367 10.999618530273438 21.808439254760742 -0.0976940544704019 0.31187755149609314 0.9450863794352005 0.6516867114682554 0.737763272157682 -0.17609595211384352 0 0 0 0 0 0
28.20777130126953 11.393298149108887 21.670215606689453 0.426810093991489 0.06285847495135308 0.9021540643336737 0.5016714592565579 0.8135564282195984 -0.2940266740790116 0 0 0 0 0 0
28.86733055114746 11.429214477539062 20.553682327270508 -0.551140193873111 0.6975504430791479 -0.45789503825395833 0.2542062530733853 -0.38231089388622236 -0.8883791765424872 0 0 0 0 0 0
28.730327606201172 12.222355842590332 18.744237899780273 -0.7040447930193413 0.7024141325885367 0.1045720601415427 0.6845589883389548 0.6320922730312976 0.36309551065590817 0 0 0 0 0 0
29.03123664855957 12.460453033447266 18.57927131652832 -0.5446347877259108 0.5533396172155939 0.6302287013604286 0.7783091915153695 0.6134086437042422 0.13403222833189812 0 0 0 0 0 0
29.329931259155273 12.819605827331543 18.44307518005371 -0.2111284240793217 0.3128349503506166 0.9260448598123686 0.7432942362178153 0.6666384244293935 -0.055739478645484446 0 0 0 0 0 0
29.51403045654297 13.093594551086426 18.359333038330078 0.08706223176512304 0.20122977794953506 0.9756673327863638 0.3157808395138333 0.9233053713205082 -0.2186084460551269 0 0 0 0 0 0
29.32195472717285 13.538554191589355 18.082674026489258 0.5508311010988565 -0.029434305339143887 0.8340975480910031 0.428367086420306 0.8676756686996273 -0.25227083307119136 0 0 0 0 0 0
29.17926788330078 13.972743034362793 18.089256286621094 0.8870162158671145 -0.14936911510266104 0.4369108607510604 0.25716885697958214 0.9456984371725783 -0.19879297001946136 0 0 0 0 0 0
29.095149993896484 14.35711669921875 18.279542922973633 0.986871618431325 -0.1322595470109108 -0.09269207603245243 0.13051367986100648 0.9911393483198397 -0.024677349559106027 0 0 0 0 0 0
29.137561798095703 14.669721603393555 18.575288772583008 0.8067101976145801 0.02314731270542338 -0.5904937416934769 0.10379398176333048 0.9781489603603478 0.18014277863873468 0 0 0 0 0 0
29.330556869506836 14.911065101623535 18.867172241210938 0.3878859464409799 0.27369693962529185 -0.8801332159357097 0.16928345935821126 0.917496483994334 0.3599212583965439 0 0 0 0 0 0
29.636486053466797 15.10888671875 19.070940017700195 -0.13178141720186903 0.5325903346098116 -0.8360509515337421 0.30996587318225466 0.8232528304431729 0.47557957759944564 0 0 0 0 0 0
29.99488067626953 15.295273780822754 19.152599334716797 -0.5511491946978881 0.697484713802014 -0.4579843219984631 0.5012639649941386 0.7155605206887401 0.48652603078356876 0 0 0 0 0 0
30.352588653564453 15.49494743347168 19.107227325439453 -0.7040576397200901 0.702388793433023 0.10465573472809822 0.6845545271803934 0.6320738344903631 0.3631360173123521 0 0 0 0 0 0
30.653501510620117 15.733030319213867 18.942279815673828 -0.5446838897376852 0.5534460402948574 0.6300928032775555 0.7782714808918878 0.6134804500120721 0.13392251298169902 0 0 0 0 0 0
30.94122314453125 16.097139358520508 18.82243537902832 -0.20736610210168496 0.31493977072162005 0.9261815375599791 0.740019595126199 0.6697173441740996 -0.062045771343800744 0 0 0 0 0 0
31.14104461669922 16.36797523498535 18.72910499572754 0.08539685553621933 0.1975156932280572 0.976573053075481 0.3303185492391173 0.9191082835176397 -0.2147780696389245 0 0 0 0 0 0
30.93799591064453 16.811708450317383 18.449979782104492 0.5509439129193372 -0.029415654767483892 0.8340236951500418 0.4316521954552708 0.8653576323559995 -0.2546223679920198 0 0 0 0 0 0
32.26640701293945 16.47454071044922 17.766904830932617 -0.620021687814903 0.6879381795651528 -0.3772455006169623 0.3588238373016384 -0.17895792176455735 -0.9160892511223117 0 0 0 0 0 0
31.898540496826172 17.320758819580078 15.991828918457031 -0.7137118518639675 0.6833480334177299 0.15378835369762928 0.6993679921204211 0.6830920333449851 0.210403625391922 0 0 0 0 0 0
32.14485168457031 17.59064292907715 15.760725975036621 -0.5248398677381823 0.5453371031499759 0.6535675612823512 0.723356193904428 0.6904586323912651 0.004763790138450793 0 0 0 0 0 0
32.24298095703125 17.93659782409668 15.533998489379883 -0.0975662980978853 0.3118449689203915 0.9451103283926775 0.6515640616827117 0.7378480043050425 -0.17619476742114998 0 0 0 0 0 0
32.23031997680664 18.33028221130371 15.395768165588379 0.42680434479897994 0.06289773335094788 0.9021540480428087 0.5016265944477687 0.8135795392401275 -0.2940392713100685 0 0 0 0 0 0
32.16591262817383 18.73706817626953 15.379988670349121 0.8454710790827089 -0.10381346859502587 0.523833387799011 0.30104462956513167 0.9028552348616506 -0.30696018616899845 0 0 0 0 0 0
32.10136413574219 19.128719329833984 15.491024017333984 0.9916889752002521 -0.12213355340316431 -0.04045209017331887 0.11270586867223667 0.9763120443604901 -0.1846948272244712 0 0 0 0 0 0
32.091190338134766 19.477203369140625 15.720962524414062 0.8231318278867685 0.00820481116088134 -0.5677910487085909 0.02091206914939817 0.9987793529916028 0.04474918325026692 0 0 0 0 0 0
32.18035125732422 19.90040397644043 15.943886756896973 0.4561857697247197 0.18147003540385315 -0.87118492282132 0.06759516125739276 0.9690917076282172 0.23725968132157046 0 0 0 0 0 0
32.27682113647461 20.19225311279297 16.090444564819336 0.19069382977608373 0.3594237740820839 -0.9134825744971391 0.5162410155648651 0.7547700275405113 0.404743646491273 0 0 0 0 0 0
32.72032928466797 20.254587173461914 16.42337989807129 -0.2859565912911797 0.5638308677209529 -0.7748055114040986 0.40062660371522046 0.8048565719268059 0.43784040816470793 0 0 0 0 0 0
33.1500129699707 20.399343490600586 16.481000900268555 -0.6199869522495132 0.6879674340094649 -0.37724923960532036 0.571246267976609 0.7253896391387943 0.38404110815495524 0 0 0 0 0 0
33.52083206176758 20.593307495117188 16.354816436767578 -0.7137168148563166 0.683314233272111 0.15391545341225976 0.6993696430170012 0.6831020584994653 0.21036558677708028 0 0 0 0 0 0
33.76719284057617 20.863182067871094 16.123750686645508 -0.5248727558288532 0.5453932576217658 0.6534942882147811 0.7233473575901852 0.6904681468327176 0.004726359771494611 0 0 0 0 0 0
33.86525344848633 21.20917510986328 15.896963119506836 -0.0973585653672517 0.31185448585311953 0.9451286099801005 0.6513204522441429 0.7380091834936713 -0.17642027538661725 0 0 0 0 0 0
33.85261917114258 21.60285758972168 15.758769035339355 0.42681953711010345 0.06287808874445265 0.9021482298918297 0.5014897034545468 0.8136872780732456 -0.2939746431766248 0 0 0 0 0 0
34.512184143066406 21.63873863220215 14.642241477966309 -0.5511795319826399 0.6974016897899754 -0.45807423699820193 0.2538469484504359 -0.38281518179296137 -0.8882647484569136 0 0 0 0 0 0
34.37518310546875 22.431936264038086 12.832733154296875 -0.7040175655505657 0.7024105678969093 0.1047791081418238 0.6846063962283291 0.6319983891107325 0.36316954498511983 0 0 0 0 0 0
34.67613983154297 22.669994354248047 12.66781234741211 -0.5445645279341106 0.5534093506231726 0.6302281853096839 0.7782815283772901 0.6135002455581254 0.13377335791116746 0 0 0 0 0 0
34.96379852294922 23.034103393554688 12.547988891601562 -0.2073952438508062 0.3149935672723456 0.9261567175187507 0.739919690984265 0.6698207832339311 -0.06212060239270781 0 0 0 0 0 0
35.16539764404297 23.303340911865234 12.450301170349121 0.08559813520414117 0.1974842646831445 0.976561787319231 0.335332666649103 0.9172655298228376 -0.21488590106573044 0 0 0 0 0 0
34.96248245239258 23.747257232666016 12.171260833740234 0.5509860288068957 -0.029539587791286338 0.833991492050565 0.43178156669443146 0.865295826036724 -0.25461306350288837 0 0 0 0 0 0
34.82403564453125 24.182188034057617 12.177770614624023 0.8870397862483538 -0.14925728573045255 0.43690122484247235 0.25696817270087535 0.9457905071611927 -0.1986143871489352 0 0 0 0 0 0
34.72958755493164 24.551469802856445 12.370780944824219 0.9868623070418163 -0.13227484533051548 -0.09276934964142004 0.1306686231499706 0.9911544598334253 -0.023206630009595754 0 0 0 0 0 0
34.77383041381836 24.862079620361328 12.663517951965332 0.8067074227129342 0.023039109219455324 -0.5905017642532743 0.10380829374283718 0.9781771741469696 0.1799812604913352 0 0 0 0 0 0
34.966793060302734 25.103349685668945 12.95545768737793 0.3877194728666705 0.2738383216162439 -0.8801625895108186 0.1692056357354882 0.9174851289612095 0.3599867927721546 0 0 0 0 0 0
35.272682189941406 25.301315307617188 13.159271240234375 -0.13160291567103663 0.5326480446020407 -0.836042303456293 0.3101797803221431 0.8231541327881489 0.4756109518851494 0 0 0 0 0 0
34.85075378417969 26.16714859008789 13.794506072998047 -0.4441923260609944 -0.8206284405713296 0.35953044376518545 0.31126785730046647 0.23494302946251086 0.920822509454756 0 0 0 0 0 0
33.704429626464844 23.376977920532227 15.591200828552246 -0.8902099631070987 0.4494871751390793 -0.07407766849968277 -0.11050708154626336 -0.055317852845618874 0.9923346814883969 0 0 0 0 0 0
33.93852233886719 23.7270450592041 14.901688575744629 -0.8901646621794796 0.4495892886766134 -0.07400233586954928 -0.11031984755392703 -0.05508414535660767 0.9923685142959799 0 0 0 0 0 0
34.66645050048828 25.615381240844727 12.796224594116211 -0.4386202812505471 -0.8023489391368862 0.40478195209471013 -0.8939490307803205 0.4356691499289502 -0.10510719369820433 0 0 0 0 0 0
35.302978515625 25.654163360595703 12.757552146911621 0.13172643752820934 -0.5326466692029685 0.8360237266029656 -0.46491980745857653 -0.7780587965805184 -0.42246192928636306 0 0 0 0 0 0
35.1282844543457 25.139141082763672 12.479515075683594 -0.3880806619674387 -0.2738515091617449 0.8799992901910486 -0.5726098110069712 -0.6765335172497552 -0.4630555089578743 0 0 0 0 0 0
35.18922424316406 24.757320404052734 12.316922187805176 -0.8067935365925931 -0.023155878609471086 0.5903795343660206 -0.3536504194541789 -0.7815346890991468 -0.513940571033834 0 0 0 0 0 0
35.29045867919922 24.342090606689453 12.303190231323242 -0.9868572922515946 0.13232642403012176 0.09274913602428375 -0.15886140162305462 -0.8995626923900524 -0.40687838174854996 0 0 0 0 0 0
35.34696960449219 23.95169448852539 12.459677696228027 -0.8870431026825265 0.14939633160444404 -0.4368469641493363 -0.06926201062857387 -0.978551033059461 -0.19401198308854264 0 0 0 0 0 0
35.25094223022461 23.610759735107422 12.70931625366211 -0.550965834236059 0.02957137012939438 -0.8340037071699585 -0.12290526745968976 -0.9913496995436184 0.04604420099686688 0 0 0 0 0 0
34.96767044067383 23.3287353515625 12.805980682373047 -0.08554885780097794 -0.19739843456473566 -0.9765834582667986 -0.30753780889375565 -0.927082430045548 0.21433306791456497 0 0 0 0 0 0
34.89498519897461 22.829071044921875 12.951570510864258 0.20739002252935937 -0.315009479405684 -0.9261524747253187 -0.42704583347582387 -0.8809182586890666 0.20399724904802383 0 0 0 0 0 0
34.391319274902344 22.87189292907715 13.032156944274902 0.5447276112420464 -0.5533283727835028 -0.6301583463093183 -0.6190425491671971 -0.7722353997043475 0.14296436536439777 0 0 0 0 0 0
33.95146179199219 22.69698143005371 12.88525104522705 0.7039622412422016 -0.7024838299232863 -0.10465959870727413 -0.6933128881144318 -0.7116627954629772 0.11337241608189515 0 0 0 0 0 0
33.6916618347168 22.48186683654785 12.641287803649902 0.551254722590266 -0.6973820946451654 0.45801358592322394 -0.7601824113758997 -0.6460601225454145 -0.06876786670623362 0 0 0 0 0 0
33.547630310058594 22.211400985717773 12.366009712219238 0.13195785812621746 -0.5326426444312033 0.8359897948013935 -0.7242141343688593 -0.6276559961352953 -0.2855903326371079 0 0 0 0 0 0
33.514503479003906 21.883546829223633 12.116811752319336 -0.387725412611499 -0.2736632816353945 0.880214412913007 -0.5731063782213891 -0.6763392290750624 -0.46272489284251034 0 0 0 0 0 0
33.57570266723633 21.502042770385742 11.954245567321777 -0.8068371169694379 -0.023222896089190894 0.5903173415864356 -0.35354143695278023 -0.7815699161317193 -0.5139619816243421 0 0 0 0 0 0
33.67686462402344 21.086679458618164 11.940513610839844 -0.9868586361831679 0.13236475107174603 0.0926801211933424 -0.15886288954150501 -0.8996269107613644 -0.40673579109845726 0 0 0 0 0 0
33.72389221191406 20.682340621948242 12.092549324035645 -0.8869758723893841 0.14930259887115613 -0.43701548687593383 -0.07237422703010259 -0.9795447167430853 -0.18776080305139237 0 0 0 0 0 0
33.6286506652832 20.338258743286133 12.34633731842041 -0.5509988341698587 0.029430091597836234 -0.8339869030458448 -0.12293461561427615 -0.991337051389734 0.04623776406442843 0 0 0 0 0 0
33.34444808959961 20.058401107788086 12.423232078552246 -0.0872176058916663 -0.20111735275040915 -0.9756766368245133 -0.3132939742653468 -0.924176059725144 0.21850742852345142 0 0 0 0 0 0
33.27638626098633 19.554569244384766 12.587946891784668 0.21121710602680932 -0.3128586033669487 -0.9260166458660135 -0.40657360874630405 -0.8896630657963325 0.20784015499628017 0 0 0 0 0 0
33.170997619628906 19.420989990234375 13.564950942993164 -0.823078927130035 -0.008258253208066207 0.5678669571021207 0.5533712656174616 0.21326409455553122 0.805169962406906 0 0 0 0 0 0
32.57307052612305 18.96036720275879 15.449116706848145 -0.9916941087226032 0.12207109218211415 0.04051472791895831 -0.12860312817615385 -0.9460110532380016 -0.2975303725249487 0 0 0 0 0 0
32.540462493896484 18.585790634155273 15.627766609191895 -0.8454061530075951 0.1038065830643407 -0.5239395287334263 -0.05199638498798505 -0.9922681008910346 -0.1126960154676328 0 0 0 0 0 0
32.390968322753906 18.264219284057617 15.837403297424316 -0.4267760387012434 -0.06292216939716579 -0.902165734989325 -0.07858690140156925 -0.9912226621286436 0.1063096092115158 0 0 0 0 0 0
32.131065368652344 18.000839233398438 16.02096176147461 0.09752320007837922 -0.31173088228476736 -0.9451524122999596 -0.22405448492624203 -0.9321772326540165 0.2843328941679735 0 0 0 0 0 0
31.778955459594727 17.795190811157227 16.118438720703125 0.5248347617175007 -0.5453779940769318 -0.6535375402144521 -0.44531264891288 -0.8302514954043929 0.33522991975204597 0 0 0 0 0 0
31.38873291015625 17.627756118774414 16.06751251220703 0.7136241659504254 -0.6834140174529951 -0.15390201597223094 -0.6478406705478722 -0.7274175104031171 0.22619953833510453 0 0 0 0 0 0
31.054676055908203 17.4530086517334 15.851252555847168 0.6200277382145586 -0.687874936133971 0.3773508660162639 -0.7442471139386613 -0.6678826055177727 0.005390606715833864 0 0 0 0 0 0
30.863706588745117 17.219844818115234 15.53341007232666 0.28611668598321754 -0.5638554802046774 0.7747284940191199 -0.7024652341407007 -0.6733182358673242 -0.23061905400934513 0 0 0 0 0 0
30.82248878479004 16.847270965576172 15.36418342590332 -0.1889402787195969 -0.35597906840103144 0.9151942274390146 -0.5244112149349025 -0.7513804879454214 -0.4005249555088924 0 0 0 0 0 0
30.487579345703125 16.521135330200195 15.12353229522705 -0.45562182097171033 -0.1856599079387099 0.8705970105844681 -0.4155613356715195 -0.8205360754070006 -0.3924656994573921 0 0 0 0 0 0
30.83521842956543 16.161996841430664 15.00710678100586 -0.8230308618566757 -0.008296153376109327 0.5679360653019119 -0.218717088968464 -0.9181609705009882 -0.3303683811169653 0 0 0 0 0 0
30.95266342163086 15.686294555664062 15.08181381225586 -0.9916878438581846 0.12216810712529594 0.040375412633521075 -0.12865371618115018 -0.9460241902525272 -0.2974667254834236 0 0 0 0 0 0
30.920072555541992 15.311708450317383 15.260438919067383 -0.8454870434000639 0.10388093487550475 -0.5237942447297502 -0.05201830028523667 -0.9922526741366977 -0.1128216606153592 0 0 0 0 0 0
30.77055549621582 14.990161895751953 15.470044136047363 -0.4267784890082852 -0.06298791744863887 -0.9021599877933449 -0.0786782431269575 -0.9912030783111074 0.10642458177056657 0 0 0 0 0 0
30.510705947875977 14.72680950164795 15.653687477111816 0.09748060142038431 -0.3118544855369218 -0.9451160310761966 -0.2242668329818205 -0.9320972839692949 0.28442756695047683 0 0 0 0 0 0
30.169042587280273 14.654027938842773 16.418188095092773 -0.8068195122683791 -0.02324269536007297 0.5903406234839456 0.43153805543093604 0.6592713238107293 0.6157403903559802 0 0 0 0 0 0
29.654293060302734 14.149772644042969 18.21497344970703 -0.9868710575349054 0.13227547257100525 0.0926753211812861 -0.1587790915232443 -0.8996473665068621 -0.4067232671391214 0 0 0 0 0 0
29.701271057128906 13.745380401611328 18.36693000793457 -0.8870168935316493 0.14928479060913086 -0.43693830443467746 -0.07237013391899527 -0.9795459435663395 -0.18775598035555738 0 0 0 0 0 0
29.606048583984375 13.401278495788574 18.62076187133789 -0.5509654670995517 0.029442522624139357 -0.834008508305101 -0.1228752273791146 -0.9913472335097021 0.04617727914452091 0 0 0 0 0 0
29.321819305419922 13.121451377868652 18.697650909423828 -0.08717338536352566 -0.20124931094261916 -0.9756533788848287 -0.3133703100993828 -0.9241236846925126 0.21861945050372458 0 0 0 0 0 0
29.253765106201172 12.617635726928711 18.862396240234375 0.21119505953451534 -0.3128990544260718 -0.9260080067512821 -0.4066554423495427 -0.8896215102229332 0.20785793166527272 0 0 0 0 0 0
28.746246337890625 12.664740562438965 18.943050384521484 0.5446372343992841 -0.5533313481058383 -0.6302338471625234 -0.6179171459149762 -0.772842248375569 0.14454500997988654 0 0 0 0 0 0
28.306583404541016 12.48744010925293 18.796720504760742 0.7040039681921734 -0.7024447177292339 -0.10464144161836647 -0.6932497986420456 -0.7117000571562441 0.11352420590588666 0 0 0 0 0 0
28.04684829711914 12.272330284118652 18.55277442932129 0.5511889466875024 -0.6974429415861608 0.4580000963768074 -0.7601907721620892 -0.6460345165302499 -0.06891584267157348 0 0 0 0 0 0
27.90282440185547 12.001853942871094 18.277450561523438 0.13172056568899954 -0.5325468431012844 0.8360882444320251 -0.7240428275536678 -0.6277643979189248 -0.28578636176973105 0 0 0 0 0 0
27.869720458984375 11.674081802368164 18.028276443481445 -0.3877946152577794 -0.27369782632067186 0.8801731853700214 -0.5731243187312358 -0.6762696051119691 -0.4628044257357079 0 0 0 0 0 0
27.930700302124023 11.292421340942383 17.865673065185547 -0.8066851457111373 -0.02316265750414873 0.5905273634526573 -0.3539123211833644 -0.781308050275982 -0.5141048526210843 0 0 0 0 0 0
28.03205680847168 10.877180099487305 17.851961135864258 -0.9868520534414731 0.13232729295826715 0.09280362146320098 -0.15888503023881953 -0.8995573207182307 -0.40688103163977524 0 0 0 0 0 0
28.079015731811523 10.472794532775879 18.00398063659668 -0.8869888467559494 0.1493048065758864 -0.43698839854610355 -0.0723909939624296 -0.9795470787335506 -0.18774201590932957 0 0 0 0 0 0
27.98379898071289 10.128730773925781 18.2578067779541 -0.550934077955592 0.02945871901542157 -0.8340286719419135 -0.12288573668980196 -0.9913467707062452 0.046159245319914013 0 0 0 0 0 0
27.700525283813477 9.846657752990723 18.35438346862793 -0.085559950632749 -0.19754563231172353 -0.9765527215682126 -0.3078373943438391 -0.926948500648703 0.2144822038974725 0 0 0 0 0 0
27.627893447875977 9.347037315368652 18.500080108642578 0.20738846313348902 -0.31497346343036176 -0.9261650731342723 -0.4270697879558499 -0.8809164392567922 0.20395495400328 0 0 0 0 0 0
27.525054931640625 9.210920333862305 19.4760684967041 -0.8230752816535478 -0.00827981663060338 0.5678719269056154 0.5533007728204093 0.2138113366790226 0.8050732681587853 0 0 0 0 0 0
26.92820930480957 8.750859260559082 21.360607147216797 -0.9917043248415978 0.1220297973235815 0.040388867966758314 -0.12852554799108148 -0.9460832484787891 -0.29733427394334216 0 0 0 0 0 0
26.895666122436523 8.376240730285645 21.539199829101562 -0.8454922863574057 0.10380561916954321 -0.5238007131905745 -0.052003427797273925 -0.992266837772951 -0.1127038870376795 0 0 0 0 0 0
26.746135711669922 8.0546875 21.748828887939453 -0.4266529444417788 -0.06287660134498413 -0.90222713215823 -0.0786689023015673 -0.9912193182521528 0.10628013424155945 0 0 0 0 0 0
26.486228942871094 7.79133415222168 21.93244171142578 0.0976320754654239 -0.31180063991461215 -0.9451181612841603 -0.22413847630204561 -0.932146520483838 0.2843673817280583 0 0 0 0 0 0
26.134056091308594 7.585644721984863 22.029949188232422 0.5249186807933361 -0.5452684228128097 -0.6535615698902552 -0.44502110509998893 -0.8303607253090213 0.3353465101650248 0 0 0 0 0 0
25.743886947631836 7.418180465698242 21.978973388671875 0.7136964530943555 -0.6833749636768788 -0.15374014394477928 -0.6477958730414836 -0.7274399041803546 0.22625581247008528 0 0 0 0 0 0
25.409900665283203 7.243492126464844 21.762758255004883 0.6199392314964167 -0.6880235338701078 0.3772253518687745 -0.7442743269264266 -0.6678549432084931 0.00504986239370456 0 0 0 0 0 0
25.21889877319336 7.010285377502441 21.44485855102539 0.28602940621151574 -0.5637552865946737 0.7748336309291466 -0.7024361866688692 -0.6733503106294796 -0.23061388256842005 0 0 0 0 0 0
25.178367614746094 6.634796619415283 21.29539680480957 -0.19099135138359696 -0.35928543210035896 0.913474839268781 -0.5181897098428203 -0.7534605240619123 -0.4046932953402644 0 0 0 0 0 0
24.837099075317383 6.313120365142822 21.039033889770508 -0.45610617941345777 -0.18149244922463326 0.8712219257888904 -0.43509550147691883 -0.808521153270865 -0.39621389338096036 0 0 0 0 0 0
25.190553665161133 5.955105781555176 20.923898696899414 -0.8230172046164391 -0.008196940882603683 0.5679572968679155 -0.22005430784248364 -0.9172110532162431 -0.33211441621512894 0 0 0 0 0 0
25.305927276611328 5.47827672958374 20.997652053833008 -0.9916870055695998 0.12210937881272495 0.04057317574914478 -0.12865701295028173 -0.9460314302958928 -0.29744227324141154 0 0 0 0 0 0
25.273378372192383 5.103671073913574 21.176223754882812 -0.8454401556697035 0.10385576151672439 -0.5238749125325327 -0.05198503886374839 -0.9922551259543892 -0.11281542780831892 0 0 0 0 0 0
25.12384605407715 4.782116889953613 21.38584327697754 -0.4267781388703244 -0.06289362046510044 -0.9021667321993059 -0.07860710833205957 -0.9912233861239473 0.1062879170961957 0 0 0 0 0 0
24.85957908630371 4.508312702178955 21.56011962890625 0.09761147465130991 -0.31181708247647216 -0.9451148644965107 -0.2329677847013295 -0.9304237701744835 0.28290920661168867 0 0 0 0 0 0
24.515052795410156 4.435161113739014 22.32637596130371 -0.8065803926843106 -0.02311906259897656 0.5906721417857526 0.430378257697334 0.6620140252079472 0.6136057249809346 0 0 0 0 0 0
24.000391006469727 3.9309051036834717 24.123210906982422 -0.9868671340202954 0.13228244394290695 0.0927071454369085 -0.1587995754131341 -0.8996320057317966 -0.40674924598773793 0 0 0 0 0 0
24.047372817993164 3.5265352725982666 24.275239944458008 -0.886963226167693 0.14927005184704542 -0.43705227038396455 -0.07238184986560048 -0.9795625561131249 -0.18766477152399938 0 0 0 0 0 0
23.95218276977539 3.1824262142181396 24.529041290283203 -0.5508946927559363 0.029445711632500683 -0.8340551465939157 -0.12292762220423119 -0.991339896161348 0.04619534584805665 0 0 0 0 0 0
23.667949676513672 2.902582883834839 24.605878829956055 -0.08720017190407937 -0.20119352289207268 -0.975662491011198 -0.31325810001527704 -0.9241726575890898 0.21857324113335017 0 0 0 0 0 0
23.599868774414062 2.398780584335327 24.770626068115234 0.21116400695938092 -0.3128811316449387 -0.9260211442647738 -0.4066035861691819 -0.8896423316636002 0.20787026104403092 0 0 0 0 0 0
23.092378616333008 2.4458744525909424 24.85130500793457 0.5445564655414685 -0.5533144649681231 -0.6303184581574802 -0.6179487635237451 -0.7728186437183279 0.14453604941618925 0 0 0 0 0 0
22.652711868286133 2.268584966659546 24.705001831054688 0.7039634420669505 -0.7024723527536185 -0.10472853407761859 -0.6932963791197705 -0.7116743897099888 0.11340058963837221 0 0 0 0 0 0
22.392932891845703 2.0534656047821045 24.46103286743164 0.5512751397814278 -0.6974273684486332 0.4579200650744427 -0.7601712790656106 -0.6460661310409116 -0.06883444490646473 0 0 0 0 0 0
22.248950958251953 1.7829946279525757 24.185714721679688 0.1315631429321593 -0.5326036286692958 0.8360768589968933 -0.7237693398932297 -0.62792906962475 -0.28611715459006387 0 0 0 0 0 0
22.215816497802734 1.4552088975906372 23.9365291595459 -0.3878451907168535 -0.2736864280091279 0.8801544450614405 -0.5730554856675828 -0.6763156135226371 -0.4628224295037891 0 0 0 0 0 0
22.276823043823242 1.0735584497451782 23.773948669433594 -0.8067120562495713 -0.023190801857021992 0.5904894961054066 -0.35382850528277243 -0.7813631226911534 -0.5140788454582517 0 0 0 0 0 0
22.37812042236328 0.6583268642425537 23.76022720336914 -0.9868624817800971 0.13233018682684478 0.09268853062380544 -0.15883846263804433 -0.8995815503985347 -0.4068456426820267 0 0 0 0 0 0
22.42506217956543 0.25395652651786804 23.9122314453125 -0.8869555536836564 0.1493226557593839 -0.43704987160126585 -0.07239080709452946 -0.9795435852845008 -0.18776031416726174 0 0 0 0 0 0
22.329893112182617 -0.09013190865516663 24.166027069091797 -0.5509021564672549 0.029483251485797786 -0.8340488905822927 -0.12290209764143913 -0.9913458663370956 0.04613510259756013 0 0 0 0 0 0
22.046621322631836 -0.37219950556755066 24.26268768310547 -0.08556672326506487 -0.1975198225617821 -0.9765573488356133 -0.30774347741841424 -0.926985277155015 0.2144580332938411 0 0 0 0 0 0
21.97394561767578 -0.8718029856681824 24.408294677734375 0.2076102148508897 -0.3149812011819221 -0.9261127585729294 -0.4269485460992504 -0.8809829779068338 0.20392138588716893 0 0 0 0 0 0
21.871103286743164 -1.0078999996185303 25.384292602539062 -0.8229534259438893 -0.008369482593939463 0.5680471903709455 0.5533235997060031 0.21482409733646204 0.8047879231275561 0 0 0 0 0 0
21.274314880371094 -1.4680359363555908 27.268871307373047 -0.9916987695312199 0.12209585091981776 0.04032559607036128 -0.12856983373717792 -0.9460352604203367 -0.29746778631344317 0 0 0 0 0 0
21.24174690246582 -1.8426190614700317 27.44748878479004 -0.8453975106842161 0.10391309633233516 -0.5239323595079405 -0.0520334758404477 -0.9922501645157771 -0.11283673342655139 0 0 0 0 0 0
21.092235565185547 -2.164167642593384 27.65705680847168 -0.4268493110243734 -0.06283980979157029 -0.9021368100146324 -0.0786287705089956 -0.9912258466699283 0.10624894042637521 0 0 0 0 0 0
20.832351684570312 -2.427504301071167 27.84068489074707 0.09755834713339262 -0.31188759325309834 -0.9450970839439673 -0.22438321956103344 -0.9320696479762546 0.2844263386201182 0 0 0 0 0 0
20.480159759521484 -2.633222818374634 27.93817901611328 0.525027521735926 -0.5452446357967955 -0.6534939850944701 -0.44500819163000566 -0.8303838098541291 0.3353064832572341 0 0 0 0 0 0
20.09003448486328 -2.8006973266601562 27.88726234436035 0.7136289878537293 -0.6833756292022772 -0.1540500474107471 -0.6477658464661091 -0.727454958945095 0.22629337342979217 0 0 0 0 0 0
19.75600242614746 -2.9753687381744385 27.670989990234375 0.6199792969905435 -0.6879384652173782 0.37731464241064044 -0.7442535947013655 -0.6678768618751224 0.005204243070243329 0 0 0 0 0 0
19.565025329589844 -3.2085635662078857 27.353147506713867 0.2860107133893879 -0.5639047647767571 0.7747317523430698 -0.7023685223365826 -0.6733513607081592 -0.23081681884818547 0 0 0 0 0 0
19.524410247802734 -3.584031820297241 27.203601837158203 -0.19080821645308338 -0.3593716459894092 0.9134791976793211 -0.5182516564668633 -0.7534350013170298 -0.4046614873690844 0 0 0 0 0 0
19.183191299438477 -3.9057536125183105 26.947261810302734 -0.4560652475200881 -0.18149996383280637 0.8712417879860509 -0.4352263012665922 -0.8084368309249 -0.3962422959376071 0 0 0 0 0 0
19.53664779663086 -4.263721466064453 26.83214569091797 -0.8230345622834278 -0.008183995478014872 0.5679323300402455 -0.22001725861852225 -0.9172390824002497 -0.33206154795088594 0 0 0 0 0 0
19.65203285217285 -4.740591526031494 26.905847549438477 -0.991676442638761 0.12218622656260596 0.04059998957788031 -0.12873871759625816 -0.9459699510174553 -0.2976024098754983 0 0 0 0 0 0
19.61945343017578 -5.1151347160339355 27.084491729736328 -0.8454090521619304 0.10378441743263529 -0.5239392419172619 -0.05204294757794884 -0.9922787401198434 -0.11258078660932828 0 0 0 0 0 0
19.469959259033203 -5.436828136444092 27.294076919555664 -0.4268660609894266 -0.06279798244171912 -0.9021317971209201 -0.07846431587798866 -0.9912517251628061 0.10612901815978412 0 0 0 0 0 0
19.210079193115234 -5.700030326843262 27.477705001831055 0.097560396625863 -0.31183129852749625 -0.9451154481167156 -0.2242458808142161 -0.9321128039625022 0.2843932235954613 0 0 0 0 0 0
18.868377685546875 -5.772867202758789 28.242246627807617 -0.8068010333282088 -0.023077922782615525 0.5903723419170093 0.43074427017421757 0.6609541830608564 0.6144907986344762 0 0 0 0 0 0
18.35367202758789 -6.277176856994629 30.03900718688965 -0.9868752928732396 0.1323009871658083 0.09259376388996203 -0.1587671283656188 -0.8996659675935461 -0.4066867906688188 0 0 0 0 0 0
18.40064239501953 -6.681412696838379 30.190996170043945 -0.8869702304184098 0.14938259000416296 -0.4369996020080122 -0.0724296518319907 -0.979527455470268 -0.18782946924122168 0 0 0 0 0 0
18.305503845214844 -7.025538921356201 30.444839477539062 -0.5509746792191594 0.029364431884410697 -0.8340051756430832 -0.12287074586848722 -0.9913435210079663 0.046268814175959544 0 0 0 0 0 0
18.022184371948242 -7.307618141174316 30.541458129882812 -0.08554752857976766 -0.1975723510524651 -0.9765484045624648 -0.3077960277851181 -0.9269574739658365 0.21450278958227717 0 0 0 0 0 0
17.950807571411133 -7.809730052947998 30.683170318603516 0.20744708350538682 -0.31503510675989865 -0.9261309783469552 -0.4265053841720431 -0.8811343367809269 0.20419460771013156 0 0 0 0 0 0
17.447790145874023 -7.766173839569092 30.763357162475586 0.5446652056936938 -0.5532558462005901 -0.6302759573008597 -0.6189647746086709 -0.7722869589996084 0.14302258826064718 0 0 0 0 0 0
17.007915496826172 -7.9408488273620605 30.61646842956543 0.70401135566885 -0.7024198805846616 -0.10475840037313287 -0.6932099854117835 -0.7117247129803891 0.11361271521435462 0 0 0 0 0 0
16.748144149780273 -8.155985832214355 30.37247085571289 0.5511972044727901 -0.697439231177276 0.45799580849199 -0.7601448993530077 -0.6460775549316375 -0.06901829468454676 0 0 0 0 0 0
16.604137420654297 -8.426481246948242 30.09711265563965 0.13161167214173827 -0.5324942654021264 0.836138879056527 -0.7240059878227366 -0.6277820488894218 -0.28584091500172354 0 0 0 0 0 0
16.570985794067383 -8.754355430603027 29.84798240661621 -0.38782300123923996 -0.27359668379177654 0.8801921235320905 -0.573125085208222 -0.6763079173929833 -0.4627474879203926 0 0 0 0 0 0
16.631967544555664 -9.136015892028809 29.68544578552246 -0.8068229463923016 -0.02303219243406946 0.5903441803613593 -0.35378580046777536 -0.7814302651556622 -0.5140061751439637 0 0 0 0 0 0
16.733339309692383 -9.55112361907959 29.67171859741211 -0.9868383501919883 0.1324362891832753 0.09279385700421398 -0.1589845153917803 -0.8994812496444804 -0.40701032591771524 0 0 0 0 0 0
16.780277252197266 -9.955602645874023 29.82370376586914 -0.8870089474187238 0.14925243946006805 -0.43696548663978774 -0.07235870614832644 -0.979557472100144 -0.18770023041359374 0 0 0 0 0 0
16.685028076171875 -10.299673080444336 30.077558517456055 -0.5508071139721908 0.029456940511906483 -0.8341125894346063 -0.122906060890374 -0.9913446113990988 0.04615150752014033 0 0 0 0 0 0
16.400863647460938 -10.579450607299805 30.154359817504883 -0.08711063483303895 -0.20126242885044027 -0.9756562776061077 -0.3132159474648374 -0.9241785783462797 0.21860861277532942 0 0 0 0 0 0
16.33280372619629 -11.083328247070312 30.31911277770996 0.2110835387562262 -0.31309922268153423 -0.9259657749735505 -0.4069146096303434 -0.8894701508541275 0.20799844040021298 0 0 0 0 0 0
15.825228691101074 -11.036296844482422 30.399757385253906 0.5447565145770493 -0.5532279138701609 -0.6302215603585255 -0.6176728536096316 -0.7730147553176482 0.1446666304817082 0 0 0 0 0 0
15.385675430297852 -11.213362693786621 30.253482818603516 0.7038295125154526 -0.7025920928691928 -0.10482541843440363 -0.6934553391804514 -0.7115588983802229 0.11315311174708569 0 0 0 0 0 0
15.125862121582031 -11.428585052490234 30.009492874145508 0.5511485694811129 -0.6974708187774664 0.4580062350152163 -0.7601890065418301 -0.6460264290137651 -0.06901106685647038 0 0 0 0 0 0
14.981893539428711 -11.699060440063477 29.73419761657715 0.13161364722890925 -0.5325647883078825 0.8360936515233713 -0.7238998052817902 -0.6278475133954201 -0.28596603266152804 0 0 0 0 0 0
14.948699951171875 -12.026920318603516 29.484994888305664 -0.387801947584346 -0.27358168394639926 0.880206062043906 -0.5732229016940625 -0.6762336084506279 -0.46273492603787986 0 0 0 0 0 0
15.009695053100586 -12.408570289611816 29.322431564331055 -0.8068160881261222 -0.02313254592979508 0.5903496296769122 -0.3536791710949202 -0.7814912632862681 -0.513986818255919 0 0 0 0 0 0
15.111082077026367 -12.823705673217773 29.30875015258789 -0.9868506283042043 0.13237623740773374 0.09274895786675177 -0.15890750736451456 -0.8995438012142963 -0.40690214278144476 0 0 0 0 0 0
13.325753211975098 -12.70451545715332 28.853179931640625 0.45230863587806663 0.8527901163860879 -0.2610860304656788 0.5700286176710966 -0.5015705154437347 -0.6507644682014263 0 0 0 0 0 0
15.874340057373047 -10.031085014343262 27.137399673461914 -0.8901555548479239 0.4495973320663952 -0.07406299462055445 -0.1105025225764842 -0.05531417012772228 0.9923353944545741 0 0 0 0 0 0
15.711387634277344 -10.383106231689453 26.959381103515625 -0.890179945295639 0.4495548571795198 -0.07402766631304034 -0.1104487134137275 -0.05529566864286582 0.9923424160714843 0 0 0 0 0 0
15.576123237609863 -10.75377082824707 26.336034774780273 -0.890233955403352 0.44942185785166294 -0.07418556687161 -0.11068230086512179 -0.05544502662180426 0.9923080556450753 0 0 0 0 0 0
15.794214248657227 -10.424500465393066 25.712921142578125 -0.8901597658996595 0.44958965573108295 -0.07405898077255366 -0.11049548836395494 -0.05531092280817349 0.9923363587359476 0 0 0 0 0 0
14.802048683166504 -13.01374340057373 25.838401794433594 0.455304118664653 0.8726674195733617 -0.17649287334669866 0.31885803848785976 0.025260009227308314 0.9474658216661491 0 0 0 0 0 0
15.624408721923828 -13.116044998168945 26.64932632446289 -0.7136933287646252 0.6833528211269069 0.15385302835747597 0.6740058191486088 0.7297623006265919 -0.11473072970218944 0 0 0 0 0 0
15.981284141540527 -12.656927108764648 26.487201690673828 -0.5249527407550629 0.5452875664699323 0.6535182398579606 0.7233545631696839 0.6904591046044966 0.004939717638966318 0 0 0 0 0 0
16.079341888427734 -12.311017036437988 26.260385513305664 -0.09753601994138035 0.31184108531588184 0.9451147350047018 0.6514906344376052 0.7379026579457247 -0.17623739851893364 0 0 0 0 0 0
16.066667556762695 -11.917359352111816 26.122255325317383 0.4268600827258864 0.06291267367565541 0.9021266348280766 0.5015911659000004 0.8135879286410277 -0.2940764945735717 0 0 0 0 0 0
16.002283096313477 -11.510457038879395 26.106332778930664 0.8454101828412293 -0.10389670535075203 0.5239151623742325 0.30128338002954885 0.9027118695803534 -0.30714753040959597 0 0 0 0 0 0
15.937697410583496 -11.118866920471191 26.217348098754883 0.9916993370392524 -0.12214846380802485 -0.04015193277099607 0.1127710817403248 0.9762948379123173 -0.18474596772021631 0 0 0 0 0 0
15.927600860595703 -10.770364761352539 26.44739532470703 0.8230168868500513 0.008308750335084264 -0.5679561326612464 0.020892939793562684 0.998773572596218 0.044886921816603136 0 0 0 0 0 0
16.01673126220703 -10.347213745117188 26.670413970947266 0.4560556333673552 0.18151867717962425 -0.871242921984942 0.0675278866062897 0.9690978010961213 0.23725394926354826 0 0 0 0 0 0
16.113142013549805 -10.055232048034668 26.8168888092041 0.19085811209265963 0.35945151062439507 -0.9134373501003046 0.5163701644024546 0.7546249751375199 0.4048493549626568 0 0 0 0 0 0
16.556718826293945 -9.993032455444336 27.149826049804688 -0.28604051631746424 0.5638884920557455 -0.7747325935778976 0.40095881183010784 0.8047633761605776 0.4377075960117862 0 0 0 0 0 0
16.986289978027344 -9.848329544067383 27.20743751525879 -0.6198779872325082 0.6880656148685093 -0.37724924198756815 0.5713827431904581 0.7253000633772165 0.3840072640577945 0 0 0 0 0 0
17.35723114013672 -9.654180526733398 27.081253051757812 -0.7137663474982184 0.6832514282936353 0.1539645638247966 0.6993101948386601 0.6830714260985173 0.21066247468985339 0 0 0 0 0 0
17.60357093811035 -9.384370803833008 26.850177764892578 -0.5249111090474475 0.5453897466472185 0.6534664121824942 0.7233360030263808 0.6904798532768867 0.004753834720380419 0 0 0 0 0 0
17.70158576965332 -9.038361549377441 26.623361587524414 -0.09743715490360183 0.3116525206349815 0.9451871281530203 0.6515728594861381 0.737857718077633 -0.1761215394388931 0 0 0 0 0 0
17.688886642456055 -8.644805908203125 26.48518180847168 0.4268269204598281 0.06286836434827339 0.9021454144066534 0.5016661793880157 0.8135530479909687 -0.29404503492294487 0 0 0 0 0 0
18.34855079650879 -8.608756065368652 25.368680953979492 -0.5511709284385491 0.6974529889559342 -0.4580064801295077 0.25404855636638396 -0.3825747201824125 -0.8883107083028468 0 0 0 0 0 0
18.211509704589844 -7.815627098083496 23.559186935424805 -0.704021893147763 0.7024100842956348 0.10475326939260277 0.6846118296086201 0.6320321338960768 0.36310057075514135 0 0 0 0 0 0
18.51241683959961 -7.577545166015625 23.39424705505371 -0.5445833582847044 0.5533754597088251 0.6302416730678794 0.7783307535035202 0.6133970972262139 0.133959841986684 0 0 0 0 0 0
18.80011558532715 -7.213471412658691 23.274431228637695 -0.20759147423525431 0.31479064341295754 0.9261817481706761 0.7401943793686213 0.6695593414527786 -0.06166497404866844 0 0 0 0 0 0
18.999937057495117 -6.942667007446289 23.181079864501953 0.08557502232874195 0.19746816666915668 0.9765670682066631 0.330355075018064 0.9190912737511943 -0.21479468085643272 0 0 0 0 0 0
18.796886444091797 -6.498901844024658 22.901948928833008 0.5508934966265392 -0.029472644723145595 0.8340549853502517 0.431819804403292 0.865268389849215 -0.25464145391677623 0 0 0 0 0 0
18.658626556396484 -6.063687324523926 22.9085636138916 0.8869524804313997 -0.1494731109350429 0.4370046756774897 0.25739952867176463 0.9455938861818178 -0.19899167081845714 0 0 0 0 0 0
18.57445526123047 -5.679341793060303 23.098880767822266 0.9868421505098859 -0.13240249016643102 -0.09280167334025731 0.13063374460172916 0.9911177427474474 -0.02490872904294736 0 0 0 0 0 0
18.616744995117188 -5.366905212402344 23.39456558227539 0.8068107771922878 0.023126060891167758 -0.5903571420030714 0.1037735369732112 0.9781518064419285 0.18013910341306186 0 0 0 0 0 0
18.809856414794922 -5.125390529632568 23.686492919921875 0.38787082526486416 0.27366298508489856 -0.8801504379949918 0.16905385025447686 0.9175854397877921 0.3598023852110783 0 0 0 0 0 0
19.115739822387695 -4.927646636962891 23.89028549194336 -0.13164064637843267 0.5325125462656937 -0.8361226753836399 0.3098774285975862 0.8232988240350927 0.47555759439649536 0 0 0 0 0 0
19.474172592163086 -4.741306781768799 23.971881866455078 -0.5512683567210357 0.697339879359342 -0.4580614495165327 0.5009885020114072 0.7156910741297021 0.4866177218961918 0 0 0 0 0 0
19.831859588623047 -4.541632175445557 23.92650032043457 -0.7040155668260052 0.7024264126498346 0.10468627645753208 0.6845982208918565 0.6320271500653649 0.36313490266284987 0 0 0 0 0 0
20.132774353027344 -4.303569793701172 23.761539459228516 -0.5445929499731864 0.5533247566820408 0.6302779009946827 0.7783257355040165 0.6133916907524389 0.13401374245948072 0 0 0 0 0 0
20.43148422241211 -3.944364547729492 23.625394821166992 -0.2110087112473424 0.3128297018214133 0.9260739179115571 0.7432709373396847 0.666655885166418 -0.05584124353169456 0 0 0 0 0 0
20.61553382873535 -3.6704163551330566 23.541593551635742 0.08706580180831522 0.20127499556408696 0.9756576870584028 0.31555757101871273 0.923372235916295 -0.21864842398634457 0 0 0 0 0 0
20.423480987548828 -3.2253761291503906 23.2650089263916 0.550985721339304 -0.02951990261193928 0.8339923921895143 0.4283878022872858 0.8676547998180821 -0.2523074299423489 0 0 0 0 0 0
21.747529983520508 -3.5635454654693604 22.58184051513672 -0.6199235357528537 0.6881368942088892 -0.3770443271662157 0.35886517122147993 -0.17867388031901119 -0.9161285026544724 0 0 0 0 0 0
21.37969398498535 -2.7173242568969727 20.806808471679688 -0.7136446660889375 0.6834054045009074 0.1538451938208019 0.6994369548780482 0.6830178092893898 0.21041534721698896 0 0 0 0 0 0
21.626089096069336 -2.447432041168213 20.57571792602539 -0.525027250907392 0.545280076612972 0.6534646309124755 0.7233821523818575 0.6904291992801407 0.005077636928226048 0 0 0 0 0 0
21.724138259887695 -2.101452350616455 20.348953247070312 -0.0976035759767756 0.31182996589006257 0.945111429583596 0.6515537922995417 0.7378645017526934 -0.1761636534400193 0 0 0 0 0 0
21.711463928222656 -1.707788348197937 20.210777282714844 0.42688755058223676 0.06294547164494904 0.9021113494227269 0.5015052124876473 0.8136363810043135 -0.29408903643951667 0 0 0 0 0 0
21.6470947265625 -1.301019310951233 20.194934844970703 0.8454345384163771 -0.10384082786471328 0.523886937917962 0.3011115500831142 0.9028282177625713 -0.30697401130747787 0 0 0 0 0 0
21.582548141479492 -0.9093501567840576 20.305931091308594 0.9916987080884445 -0.12208291104608394 -0.040366263218483404 0.11266813143607031 0.9763066579184143 -0.18474631758950058 0 0 0 0 0 0
21.572385787963867 -0.5608828663825989 20.53594970703125 0.8230849603189597 0.00832485232104102 -0.5678572399208882 0.020867488127275763 0.9987740256690445 0.04488867995507601 0 0 0 0 0 0
21.67354965209961 -0.1405150294303894 20.742712020874023 0.4556271184151278 0.18559182035783078 -0.8706087555159285 0.07142352673968967 0.9672493367761245 0.24357216658356515 0 0 0 0 0 0
21.754369735717773 0.15999169647693634 20.90366554260254 0.18891117865868984 0.35602512281825166 -0.9151823198139447 0.4996987264861605 0.7674270194550343 0.40169260953927444 0 0 0 0 0 0
22.203380584716797 0.21256592869758606 21.2377986907959 -0.28598216391177605 0.5639023478273096 -0.7747440506639504 0.3967193455605298 0.805641377146087 0.43994969290611113 0 0 0 0 0 0
22.631135940551758 0.3612774908542633 21.296009063720703 -0.6198868633459571 0.6880748922026435 -0.37721773469898107 0.5713242510515895 0.7252877882351121 0.38411746171888556 0 0 0 0 0 0
23.00197982788086 0.5552428960800171 21.169788360595703 -0.7136810778860673 0.6833466816505273 0.15393710320970072 0.6994132320180607 0.6831114051045987 0.21019024500216832 0 0 0 0 0 0
23.248369216918945 0.8251103162765503 20.93872833251953 -0.5250663607288275 0.5453753254667772 0.6533537106368889 0.723342953488044 0.6904711604375574 0.004954618371413249 0 0 0 0 0 0
23.3464412689209 1.1711246967315674 20.711942672729492 -0.09761454964863947 0.3117462759170972 0.9451379048312021 0.6516805562301599 0.7377808380976085 -0.1760451293490958 0 0 0 0 0 0
23.33375358581543 1.5647903680801392 20.57370376586914 0.42681452019572874 0.06287928668908811 0.9021505199552686 0.5016104013115307 0.8135954430447274 -0.2940228908655565 0 0 0 0 0 0
23.993350982666016 1.6006886959075928 19.457138061523438 -0.5512172801877221 0.6974290346482425 -0.45798717411306517 0.2544135387859261 -0.3822742654966704 -0.888335599433797 0 0 0 0 0 0
23.856338500976562 2.39383602142334 17.64775276184082 -0.7040178734554945 0.7024295038154296 0.10465001684095841 0.6846057581720638 0.6320647966421734 0.36305515933993 0 0 0 0 0 0
24.15728187561035 2.6319406032562256 17.482791900634766 -0.5446514937500978 0.5533763371529129 0.6301820211930935 0.7782942973617425 0.6134369073989254 0.13398935530494188 0 0 0 0 0 0
24.455976486206055 2.9910874366760254 17.346609115600586 -0.21109516740707268 0.3128731093947645 0.9260395497574775 0.7433320539035243 0.6665936840504164 -0.05577022524306108 0 0 0 0 0 0
24.640043258666992 3.2650697231292725 17.262845993041992 0.08700727078543817 0.2011816629987778 0.9756821579302942 0.31577602087413226 0.9233220815519462 -0.21854482002436218 0 0 0 0 0 0
24.447967529296875 3.710059404373169 16.98621368408203 0.550924151336047 -0.02947913882738613 0.834034507588656 0.42839578546602136 0.8676498431835976 -0.2523109205294711 0 0 0 0 0 0
24.305307388305664 4.144207954406738 16.992738723754883 0.8869692977073775 -0.14931160866063015 0.4370257526092214 0.25710373964247524 0.9457373425715339 -0.19869208823601325 0 0 0 0 0 0
24.221128463745117 4.528584957122803 17.18310546875 0.9868611988000255 -0.13224362518767704 -0.09282563169834855 0.1305063541812811 0.9911429907833827 -0.02456956123501083 0 0 0 0 0 0
24.263532638549805 4.841191291809082 17.478805541992188 0.8067137740198328 0.02316789344627623 -0.5904880485834918 0.10379824252747563 0.9781407800748607 0.18018473632011825 0 0 0 0 0 0
24.456602096557617 5.08254337310791 17.7707462310791 0.38782331458307395 0.27364943726257157 -0.8801755859779773 0.16903050859522709 0.917604585130595 0.3597645236975813 0 0 0 0 0 0
24.76551055908203 5.290600776672363 17.979516983032227 -0.13166934627874763 0.5325697004138955 -0.8360817528517058 0.30991907260589324 0.8232610309896533 0.4755958823296899 0 0 0 0 0 0
25.128053665161133 5.477564334869385 18.06366729736328 -0.5511879551553343 0.6974532217006078 -0.4579856347431917 0.5012355470641318 0.7155899488816451 0.4865120259756024 0 0 0 0 0 0
25.485729217529297 5.67724609375 18.01825523376465 -0.7039869119076673 0.7024490521147361 0.10472705975923884 0.6846600415328418 0.6320405960437208 0.362994920737117 0 0 0 0 0 0
25.786718368530273 5.915345191955566 17.85333251953125 -0.5447703677420471 0.5533463310701642 0.6301056136247185 0.7782753771469217 0.6134190233728682 0.1341809937774094 0 0 0 0 0 0
26.08535385131836 6.274470329284668 17.717117309570312 -0.2110635280025781 0.3128427336273162 0.9260570237105774 0.7432846819133234 0.6666439731627746 -0.05580048995089463 0 0 0 0 0 0
26.26948356628418 6.548454761505127 17.63334083557129 0.08695648588166649 0.20123350180605112 0.9756759950485537 0.3157510841043986 0.9233230403957601 -0.21857679648404293 0 0 0 0 0 0
26.077423095703125 6.993453025817871 17.35672950744629 0.5508983085742377 -0.02948933252735846 0.8340512171786184 0.42843441255922965 0.8676315768098418 -0.2523081470295704 0 0 0 0 0 0
27.4014835357666 6.65533447265625 16.67364501953125 -0.6199816751284625 0.6879674757006632 -0.3772578360789383 0.3587017412812054 -0.17910778636967603 -0.9161077784101528 0 0 0 0 0 0
46.81617736816406 -5.272298336029053 57.002357482910156 -0.5446638734133818 0.7245285031857687 0.4223739019751588 -0.24872473191448521 0.3414217414099429 -0.9064034434106425 0 0 0 0 0 0
46.3753547668457 -5.267212867736816 56.69510269165039 0.028552489399169625 0.9378787061476408 0.34578647732948947 -0.24839396100096364 0.34173395543718305 -0.9063764912217822 0 0 0 0 0 0
45.941062927246094 -5.048358917236328 56.46675491333008 0.5905118438094714 0.7952236177795762 0.13753239635191683 -0.24889372780291 0.3415652039792332 -0.9063029977281306 0 0 0 0 0 0
45.64144515991211 -4.648242950439453 56.26972198486328 0.9285999206731292 0.3501839965360213 -0.12277359608612066 -0.2486517090649867 0.34159499892627193 -0.9063581986651975 0 0 0 0 0 0
45.553443908691406 -4.168349266052246 56.04466247558594 0.9136718776780746 -0.22787315771596273 -0.33656726509388474 -0.24872027707732045 0.34146845245894086 -0.9063870694939758 0 0 0 0 0 0
45.67382049560547 -3.7403979301452637 55.74288558959961 0.5515657863634317 -0.7193486170099127 -0.4222709444411435 -0.24884494252856998 0.3412831804791011 -0.9064226306199674 0 0 0 0 0 0
45.919837951660156 -3.4763879776000977 55.34481430053711 -0.0199886783309953 -0.9373948667895081 -0.34769428591114393 -0.24874894442013237 0.34149115736229624 -0.9063706482963961 0 0 0 0 0 0
46.16131591796875 -3.426079750061035 54.867549896240234 -0.5840693485081181 -0.7993544988853643 -0.14105098810370273 -0.24867221270989148 0.34162812916829144 -0.9063400862738774 0 0 0 0 0 0
46.26958465576172 -3.5579261779785156 54.35808181762695 -0.9261839036320927 -0.35774287259578336 0.11917807583501193 -0.24857382911927176 0.3415992542676069 -0.906377957013959 0 0 0 0 0 0
46.16691207885742 -3.7713699340820312 53.87575912475586 -0.9164178749969694 0.21992789566679766 0.3343800219714285 -0.24869813149214504 0.34167053444725426 -0.9063169894042832 0 0 0 0 0 0
45.85517120361328 -3.9346566200256348 53.469791412353516 -0.5585112200313702 0.7139917319353705 0.4222333760220765 -0.24868520945141825 0.34148197221139076 -0.9063915981818913 0 0 0 0 0 0
45.41619110107422 -3.9351859092712402 53.15994644165039 0.011721362809580832 0.9367225085210508 0.3498764806098233 -0.24842579711165597 0.34165793696063784 -0.9063964240006902 0 0 0 0 0 0
44.9798469543457 -3.722203254699707 52.92991638183594 0.5773975064237725 0.8035474856465394 0.14464977665635687 -0.24824793345161097 0.34156056693605946 -0.9064818490468094 0 0 0 0 0 0
44.67512893676758 -3.326047420501709 52.732818603515625 0.9236641866796353 0.3652842393351646 -0.11580973507774736 -0.24869949366519173 0.34150782664526974 -0.9063779378331656 0 0 0 0 0 0
44.58094787597656 -2.8466317653656006 52.509368896484375 0.9191186790565271 -0.21190899080638262 -0.3321376723962598 -0.24870676512421555 0.34175102625532144 -0.9062842716470827 0 0 0 0 0 0
44.696258544921875 -2.415498971939087 52.210086822509766 0.5653211862441392 -0.7086730249343097 -0.4221309040025077 -0.2487891333196488 0.34143476185081867 -0.9063808639539632 0 0 0 0 0 0
44.940494537353516 -2.1459097862243652 51.81468963623047 -0.0033950524505827265 -0.9359586214322332 -0.3520936417851524 -0.24833282919293562 0.34185518177838636 -0.9063475275170659 0 0 0 0 0 0
45.1839485168457 -2.0896897315979004 51.33909606933594 -0.5706229153797592 -0.8077284329783126 -0.14820346487819974 -0.2481060560004279 0.3416026328328582 -0.9065048407027797 0 0 0 0 0 0
45.297367095947266 -2.217597007751465 50.82969665527344 -0.921084320055258 -0.3728335253232152 0.11224454438148142 -0.24868663404806376 0.3415060646264122 -0.9063821301577085 0 0 0 0 0 0
45.2008056640625 -2.430483102798462 50.34590148925781 -0.9218142874675198 0.2039259503070183 0.3296553142482741 -0.2486053212633517 0.3414791036011192 -0.9064145939046446 0 0 0 0 0 0
44.894134521484375 -2.596879005432129 49.93727493286133 -0.5723171390969067 0.70314098235951 0.4219547976056622 -0.24884207874063327 0.3413793849155926 -0.906387188459045 0 0 0 0 0 0
44.457176208496094 -2.6030731201171875 49.62495040893555 -0.005635636872403214 0.9353381172034538 0.3537101159188704 -0.24913464642387612 0.3412490251229318 -0.9063559073586375 0 0 0 0 0 0
44.01871109008789 -2.395936965942383 49.393131256103516 0.5637321072054958 0.811936614665785 0.15154222207264834 -0.2483025525081995 0.341581966838126 -0.9064588255121742 0 0 0 0 0 0
43.708927154541016 -2.003779888153076 49.19589614868164 0.9185111841389942 0.380215251153639 -0.1085060708060049 -0.24839236506360735 0.34135469274104807 -0.9065198325032787 0 0 0 0 0 0
43.60850143432617 -1.5249189138412476 48.97384262084961 0.9243824510121877 -0.19592693239463171 -0.32730676959563443 -0.24866836587042634 0.34116687652492755 -0.9065148681503005 0 0 0 0 0 0
43.718719482421875 -1.0907210111618042 48.677223205566406 0.5790930820015308 -0.6977179918698697 -0.4217117572454494 -0.2487220783478304 0.34141236588542867 -0.9064077030579837 0 0 0 0 0 0
43.96092987060547 -0.8155673146247864 48.28446578979492 0.013829349453064866 -0.9344686645778425 -0.3557767052742612 -0.24879577757723204 0.34140460597971706 -0.9063903993730156 0 0 0 0 0 0
44.206398010253906 -0.7534148693084717 47.810447692871094 -0.5568357441979647 -0.8161170963941546 -0.15455367661972005 -0.24907124115066173 0.34156462130224075 -0.906254448985673 0 0 0 0 0 0
44.32485580444336 -0.8773078918457031 47.30130386352539 -0.9157429240624889 -0.387762546831121 0.10514325610577722 -0.2486721960693829 0.341495028051889 -0.9063902496815982 0 0 0 0 0 0
44.23455047607422 -1.0895626544952393 46.81598663330078 -0.926819732228687 0.18790328471671633 0.325111580144746 -0.24864597272543196 0.341695630759505 -0.9063218391759562 0 0 0 0 0 0
43.93301773071289 -1.2590047121047974 46.40486145019531 -0.5858364731977449 0.6921791868734501 0.4215253253725537 -0.24872013135695414 0.34146662034579106 -0.9063877997013216 0 0 0 0 0 0
43.49790573120117 -1.2706643342971802 46.089839935302734 -0.022276685100682203 0.9334739254558395 0.35795276196027703 -0.2486463081326213 0.3416183152357137 -0.9063508923962783 0 0 0 0 0 0
43.05778503417969 -1.0695345401763916 45.85640335083008 0.5497083119343492 0.8202483501454159 0.1581563020369776 -0.24898787771345576 0.3416059507635512 -0.9062617784915568 0 0 0 0 0 0
42.74300003051758 -0.6814596056938171 45.65897750854492 0.9128721268658565 0.3953830303660706 -0.10166975602385626 -0.24895228864878635 0.34176279511002816 -0.906212419830534 0 0 0 0 0 0
42.63630676269531 -0.20327140390872955 45.43844985961914 0.9292624864881286 -0.17985014653548181 -0.32268429772312524 -0.24861744864015037 0.3416076450994486 -0.906362830791991 0 0 0 0 0 0
42.74140167236328 0.23390600085258484 45.14433288574219 0.5924911309311764 -0.6865357632029724 -0.42145332554294523 -0.24861520974751722 0.3417989270524104 -0.9062913278565669 0 0 0 0 0 0
42.9815673828125 0.5145871639251709 44.754119873046875 0.030379125330416243 -0.9325423126914463 -0.3597804105065308 -0.24906123301870076 0.34153078939153997 -0.9062699499071987 0 0 0 0 0 0
43.228729248046875 0.5827008485794067 44.28192138671875 -0.5427597411112248 -0.8242010167912517 -0.16156901729336248 -0.2488686493347386 0.34155288058153316 -0.9063145288169886 0 0 0 0 0 0
43.35206985473633 0.46296200156211853 43.773006439208984 -0.9100605387253793 -0.40277431391740204 0.09778889458030782 -0.24847797787417075 0.3413432767409017 -0.9065006684693329 0 0 0 0 0 0
43.268131256103516 0.251405268907547 43.286258697509766 -0.9316534328397165 0.17180411986493144 0.3201643725891566 -0.24856710394199502 0.3413392328808768 -0.9064777564475501 0 0 0 0 0 0
42.97175598144531 0.07900995016098022 42.872623443603516 -0.5992580277338256 0.6809732435539618 0.4209100352333763 -0.2487297700361014 0.3413756921943492 -0.9064194052846714 0 0 0 0 0 0
42.53876876831055 0.06186273321509361 42.55491256713867 -0.039131083966341296 0.9315071091514593 0.3616120350153051 -0.24895900695804393 0.34138832425538634 -0.9063517114876345 0 0 0 0 0 0
42.09686279296875 0.25704583525657654 42.31956481933594 0.5357335273423223 0.8280810571478283 0.16514039625206323 -0.24844335001252849 0.3415016287726404 -0.9064505167852165 0 0 0 0 0 0
41.777156829833984 0.6409645080566406 42.1220703125 0.9071261193527709 0.41008466829198054 -0.09461907006433164 -0.24904901193486578 0.3418288202153744 -0.9061609389752089 0 0 0 0 0 0
41.66413497924805 1.1183770895004272 41.90290832519531 0.9338290002959526 -0.16371257004417514 -0.3180591023941818 -0.24878002417518372 0.3416756713822495 -0.9062925770174244 0 0 0 0 0 0
41.76411056518555 1.5584536790847778 41.6112174987793 0.6057667209663314 -0.6753913008212219 -0.4205868168936303 -0.24885665903012233 0.3412583317472845 -0.9064287695508267 0 0 0 0 0 0
42.0021858215332 1.8445730209350586 41.223758697509766 0.0473517125919102 -0.9303389583086621 -0.3636306339787215 -0.24859040303036908 0.3416094310116182 -0.9063695759264633 0 0 0 0 0 0
42.25100326538086 1.9186577796936035 40.753395080566406 -0.528913693761745 -0.8318365359548027 -0.16822093211613479 -0.2487259477028853 0.3414479444335401 -0.9063932392628553 0 0 0 0 0 0
42.37926483154297 1.8031295537948608 40.24460220336914 -0.9041385697508347 -0.4174863422321986 0.09076673806243347 -0.24861756932915807 0.3413483453264511 -0.9064604852743198 0 0 0 0 0 0
42.3015251159668 1.5924090147018433 39.756500244140625 -0.936116288022071 0.1556144674993036 0.31538933527417673 -0.24860226886849016 0.3415302555486619 -0.9063961586736258 0 0 0 0 0 0
42.01030731201172 1.417189598083496 39.34029769897461 -0.6124266782837757 0.6695853690563045 0.4202249365185662 -0.24858248203440822 0.34149443398671603 -0.906415082168046 0 0 0 0 0 0
41.57960891723633 1.3945733308792114 39.01995849609375 -0.056113339002022394 0.9291298217263724 0.36547102151164246 -0.24889483928482883 0.34147393804945175 -0.9063370833251713 0 0 0 0 0 0
41.136112213134766 1.5837599039077759 38.78297805786133 0.5215891491907346 0.835756924548554 0.1716249472414429 -0.2492622991275572 0.3416472122729228 -0.9061707833404167 0 0 0 0 0 0
40.81145095825195 1.963449478149414 38.58497619628906 0.9010683429060964 0.42486345258580044 -0.0869878616206584 -0.2485725078363794 0.3416091179468877 -0.9063746018526128 0 0 0 0 0 0
40.69225311279297 2.4399712085723877 38.367286682128906 0.9382299716814901 -0.14754984273754487 -0.31297534111599945 -0.24865170608814977 0.3414932803754444 -0.9063965294052435 0 0 0 0 0 0
40.78694534301758 2.882852554321289 38.07813262939453 0.6188749397805537 -0.6637925130593052 -0.4199682232241248 -0.24873381870629108 0.34153277787691283 -0.9063591170543084 0 0 0 0 0 0
41.02276611328125 3.174398183822632 37.69332504272461 0.06419883217027239 -0.9278804524661857 -0.36730964577467834 -0.24864649978906467 0.3415879622934792 -0.9063622797528785 0 0 0 0 0 0
41.27311706542969 3.25447940826416 37.22478485107422 -0.5145391009973478 -0.839359431402029 -0.17528621868619337 -0.24866235676344267 0.3417022521766948 -0.9063148477136546 0 0 0 0 0 0
41.40625 3.1431994438171387 36.71622085571289 -0.8979677353904528 -0.43205267536297604 0.0835729137306867 -0.24876626522883827 0.34172651466733445 -0.9062771841205159 0 0 0 0 0 0
41.33479690551758 2.9334146976470947 36.226806640625 -0.9402749910823048 0.13945027919765435 0.3105423655105171 -0.24867852999272774 0.3415895926136909 -0.9063528777130178 0 0 0 0 0 0
41.04884719848633 2.7554519176483154 35.8080940246582 -0.6253535501955391 0.6579006048695801 0.41964238509721086 -0.24858451432355216 0.34179752823318377 -0.906300275257715 0 0 0 0 0 0
40.62042999267578 2.7274439334869385 35.485069274902344 -0.07275978182426103 0.9265403623457918 0.3690920902607028 -0.24849797275376498 0.341560269729159 -0.9064134485320776 0 0 0 0 0 0
40.17543029785156 2.9106433391571045 35.24620819091797 0.5072689990425401 0.8430607679103944 0.17868045282211337 -0.24840708176864099 0.3415778065554706 -0.9064317535236402 0 0 0 0 0 0
39.84598159790039 3.286022424697876 35.0480842590332 0.89477152803284 0.4392887668778524 -0.08005805341570861 -0.2488445057087531 0.34170033982180004 -0.9062655735181784 0 0 0 0 0 0
39.72053146362305 3.761547327041626 34.83160400390625 0.9422855190358704 -0.13134700887422923 -0.30797071918462177 -0.24864218639260754 0.341486580865668 -0.9064016649557631 0 0 0 0 0 0
39.80994415283203 4.207114219665527 34.5450553894043 0.631723812806006 -0.6520868681887916 -0.41917507162231854 -0.24863477198934555 0.34172657644066123 -0.9063132444756342 0 0 0 0 0 0
40.04328155517578 4.504062175750732 34.16277313232422 0.08127550736437807 -0.9251288103719695 -0.3708516901975875 -0.24897962390795816 0.3414407687013115 -0.9063262924285654 0 0 0 0 0 0
40.2952766418457 4.590109348297119 33.69612121582031 -0.5002253993671377 -0.8465918659541518 -0.18181518728713297 -0.24857461137639342 0.3415352434144873 -0.9064018645638819 0 0 0 0 0 0
40.433143615722656 4.4831862449646 33.18791198730469 -0.8915154776939693 -0.4465146949473426 0.07632024782569222 -0.24876124317593562 0.34177722532361704 -0.906259439754231 0 0 0 0 0 0
40.36781311035156 4.2744669914245605 32.6971321105957 -0.9441707429081737 0.12320614649309722 0.30555172017605925 -0.24870263188411357 0.34172371757981623 -0.9062957032543767 0 0 0 0 0 0
40.08725357055664 4.093831539154053 32.27604675292969 -0.6380906807404472 0.6461483566423183 0.4187273389219104 -0.2486480986578923 0.3417645121526017 -0.9062952837055422 0 0 0 0 0 0
39.66127014160156 4.060478687286377 31.9503173828125 -0.08966398306868559 0.9236084050455411 0.37270348035602013 -0.24864770891727822 0.3416029945885502 -0.9063562825612914 0 0 0 0 0 0
39.21486282348633 4.237640380859375 31.7095947265625 0.4927830793553957 0.8501971953743003 0.1852823944110381 -0.24863907054905665 0.34163290678511105 -0.9063473779948045 0 0 0 0 0 0
38.88065719604492 4.608664035797119 31.511096954345703 0.8881851221643277 0.45368460756871143 -0.07278369062614592 -0.24878435793837583 0.34165300959270517 -0.9062999306418581 0 0 0 0 0 0
38.749019622802734 5.083086967468262 31.295927047729492 0.9460047226114986 -0.11508114170762399 -0.3030369542151767 -0.2487489212023967 0.34169594226620253 -0.9062934719170473 0 0 0 0 0 0
38.833045959472656 5.53126335144043 31.011741638183594 0.6444653246987108 -0.6401757880663796 -0.41813802223019014 -0.2486278710538154 0.3416860877502666 -0.9063304028736786 0 0 0 0 0 0
39.06393051147461 5.833532810211182 30.632293701171875 0.09814190399544433 -0.9220317917127144 -0.37446701023079554 -0.2484257512183066 0.34167214677841795 -0.906391080189698 0 0 0 0 0 0
39.31715393066406 5.925623416900635 30.167449951171875 -0.4855071823405783 -0.8536680445116888 -0.18850370202015107 -0.24872323527331602 0.3415910611562096 -0.9063400571382408 0 0 0 0 0 0
39.45973205566406 5.82312536239624 29.659669876098633 -0.8847171484162646 -0.4609835081941552 0.06906353937644996 -0.2487841171381611 0.3416872349932828 -0.9062870938628835 0 0 0 0 0 0
39.40067672729492 5.61553955078125 29.167627334594727 -0.9478265321113997 0.10692294590366905 0.3003204100039808 -0.24867064011131798 0.3414829171312304 -0.9063952394260315 0 0 0 0 0 0
39.125553131103516 5.43233060836792 28.744043350219727 -0.6507812380857473 0.6341493142987962 0.417538533946208 -0.2487187502399111 0.3415293797324204 -0.9063645326570788 0 0 0 0 0 0
38.70205307006836 5.393681526184082 28.41561508178711 -0.10649511704954397 0.920431279069985 0.37611839964856175 -0.24871045258043423 0.3415863021745767 -0.9063453585383083 0 0 0 0 0 0
38.25425338745117 5.564861297607422 28.172948837280273 0.47829305665869093 0.8570196093911366 0.19171108750187096 -0.24860448635245444 0.3415020072233461 -0.9064061939483082 0 0 0 0 0 0
37.91547775268555 5.931387424468994 27.974008560180664 0.8813493115785895 0.467920349063875 -0.06537536165779845 -0.24859617311770407 0.3416092651484274 -0.9063680558558891 0 0 0 0 0 0
37.7777214050293 6.404573917388916 27.760150909423828 0.9495333619529442 -0.09869290899664868 -0.2977349563825489 -0.24868325862851245 0.3416229101182112 -0.9063390227504656 0 0 0 0 0 0
37.85626220703125 6.85529088973999 27.478431701660156 0.6570088059214519 -0.6280245257566054 -0.41704271242866553 -0.24853877154332993 0.3418252432522414 -0.9063023679298641 0 0 0 0 0 0
38.0846061706543 7.162836074829102 27.101598739624023 0.11483471443788106 -0.9187373215960005 -0.37780249108042846 -0.24854234945718565 0.3416499903079804 -0.9063674666761043 0 0 0 0 0 0
38.33905792236328 7.26096773147583 26.638689041137695 -0.4707442819416719 -0.8604422966431581 -0.1950355741055138 -0.24889745378668082 0.3415984289547212 -0.9062894520152893 0 0 0 0 0 0
38.486289978027344 7.1629414558410645 26.13136100769043 -0.8777356373328601 -0.4751536302179289 0.061718543782252444 -0.24863109617404666 0.34155696500906774 -0.9063781868894941 0 0 0 0 0 0
38.433448791503906 6.9566192626953125 25.638046264648438 -0.9511404501137449 0.09062084535818957 0.2951604759177449 -0.24870485910019172 0.341634299828225 -0.906328802499861 0 0 0 0 0 0
38.16375732421875 6.77094030380249 25.212068557739258 -0.6632796972686477 0.6218729868715794 0.41633403823208076 -0.24857833322019238 0.34165982262517075 -0.9063538921730341 0 0 0 0 0 0
37.74289321899414 6.727046966552734 24.8809871673584 -0.12344376427157318 0.9170079252165987 0.3792863063075353 -0.2489290907537042 0.3413745173379178 -0.9063651287912825 0 0 0 0 0 0
37.29392623901367 6.892171382904053 24.636381149291992 0.46332333822253 0.863740852894602 0.19819995786890712 -0.24897099024120914 0.34151752829514653 -0.9062997428475225 0 0 0 0 0 0
36.95054244995117 7.254184722900391 24.436962127685547 0.8741306589247445 0.4822067161839786 -0.05807128373693778 -0.2485692638211345 0.34143840213328414 -0.9064398152288377 0 0 0 0 0 0
36.80640411376953 7.726102352142334 24.224285125732422 0.9527237768711319 -0.0824271700871384 -0.2924434417384529 -0.24871235776940956 0.3412977846016172 -0.9064535207713682 0 0 0 0 0 0
36.879581451416016 8.179215431213379 23.944965362548828 0.6693795088037944 -0.6157453171068228 -0.4156786952137544 -0.24877253466129023 0.3414412563820555 -0.9063829733829076 0 0 0 0 0 0
37.105159759521484 8.492002487182617 23.570898056030273 0.1318638830173098 -0.9151585206333128 -0.38091573670280876 -0.24887324015415593 0.34139850386341203 -0.906371431530692 0 0 0 0 0 0
37.36088180541992 8.596144676208496 23.1099853515625 -0.4559346346945216 -0.8668752179555396 -0.20162084560012414 -0.2486463915566536 0.34158149017052425 -0.9063647486187553 0 0 0 0 0 0
37.51261520385742 8.50269603729248 22.60309600830078 -0.8704315134407743 -0.48927794499218336 0.05436977978095082 -0.2485718274724745 0.3414886954911144 -0.906420166059191 0 0 0 0 0 0
37.4659309387207 8.297735214233398 22.108631134033203 -0.9541929765102295 0.07424097285377207 0.2898345071385987 -0.24870949708699489 0.34166086596981876 -0.9063175154014668 0 0 0 0 0 0
37.20179748535156 8.109688758850098 21.680248260498047 -0.6754483278146253 0.609563839452903 0.41497166419390885 -0.2487889661752393 0.34137211266700185 -0.9064045073821752 0 0 0 0 0 0
36.78361129760742 8.060593605041504 21.3464298248291 -0.13996450101025187 0.9132931652013665 0.38249906255234206 -0.2486881749866308 0.34149422659017253 -0.9063861676059487 0 0 0 0 0 0
36.333534240722656 8.219680786132812 21.09983253479004 0.448570000052188 0.86996383705219 0.20481180941198268 -0.24862782430589378 0.34158010353901586 -0.9063703646121672 0 0 0 0 0 0
35.98565673828125 8.577089309692383 20.89988899230957 0.8667463466818405 0.49616267078439424 -0.050728440088174044 -0.24848715423716725 0.3414026070244435 -0.9064758099894491 0 0 0 0 0 0
35.835453033447266 9.047574996948242 20.688432693481445 0.9556067867461191 -0.06603307940012218 -0.2871503117701504 -0.2487145460024082 0.3417453883197246 -0.906284262342129 0 0 0 0 0 0
35.90305709838867 9.503010749816895 20.41152000427246 0.6813639722309199 -0.6033114848332435 -0.41443743751501183 -0.24865190880687332 0.34175049701102933 -0.9062995233582619 0 0 0 0 0 0
36.125877380371094 9.820978164672852 20.040117263793945 0.14850101282043532 -0.9112757213324395 -0.3840885430487961 -0.24872091296817245 0.34149269921554465 -0.9063777600066986 0 0 0 0 0 0
36.38261413574219 9.931163787841797 19.58119773864746 -0.44098629986534477 -0.873048444667995 -0.20812855785275414 -0.24847157959325927 0.3415875220358233 -0.9064104141744272 0 0 0 0 0 0
36.538818359375 9.84234619140625 19.074811935424805 -0.8628770296357433 -0.503200288210751 0.04725147269254045 -0.24886501995114185 0.3416469449708983 -0.9062800708593177 0 0 0 0 0 0
36.498329162597656 9.6388578414917 18.579200744628906 -0.9569810452418165 0.057883110148735935 0.28431817495086326 -0.24863449556136352 0.3415002907383013 -0.9063986093560614 0 0 0 0 0 0
36.23967361450195 9.448561668395996 18.148427963256836 -0.6874268126591838 0.5969952436394432 0.4135711018786458 -0.2486414976549932 0.3415834372235445 -0.9063653573799205 0 0 0 0 0 0
35.82435607910156 9.39432144165039 17.811866760253906 -0.1567474345225018 0.9091818478833158 0.3857701508023828 -0.24837870045760382 0.34175630993748995 -0.906372244597606 0 0 0 0 0 0
35.37333679199219 9.547325134277344 17.563308715820312 0.43346818016647226 0.8760412519819509 0.21132217491087565 -0.24856754503709344 0.3416298168929031 -0.9063681612699964 0 0 0 0 0 0
35.02104187011719 9.90004825592041 17.362836837768555 0.859005310257776 0.5101127815377853 -0.04352961130914925 -0.24877138583850328 0.3415787460971341 -0.9063314834003618 0 0 0 0 0 0
34.86455154418945 10.36907958984375 17.15254020690918 0.9581914539612186 -0.04972373326049435 -0.2817741789205058 -0.2487659939330419 0.3417788476506128 -0.9062575238645608 0 0 0 0 0 0
34.92659378051758 10.826729774475098 16.877920150756836 0.6933268707277072 -0.5906546126387154 -0.4128256034883668 -0.24866498512628962 0.3415890879078488 -0.9063567841608658 0 0 0 0 0 0
35.14672088623047 11.149735450744629 16.509273529052734 0.16490978456315722 -0.9071158850781986 -0.38722801292536846 -0.24847257860951716 0.3417322124631868 -0.9063555994443643 0 0 0 0 0 0
35.40424728393555 11.26604175567627 16.05232810974121 -0.4258275831990431 -0.8790526174537424 -0.2143300378728711 -0.2488931963463193 0.341544146822392 -0.906311079367276 0 0 0 0 0 0
35.56487274169922 11.181907653808594 15.546566009521484 -0.855142056006685 -0.5168636972988615 0.03979927716944616 -0.24858869471667644 0.34149039801233505 -0.9064148988870584 0 0 0 0 0 0
35.53054428100586 10.979991912841797 15.049858093261719 -0.9594132809012005 0.04145474581577169 0.27894024535685774 -0.2487269972294942 0.34174026455523737 -0.9062827773001733 0 0 0 0 0 0
35.277523040771484 10.787503242492676 14.61672306060791 -0.6992416085235224 0.5841899644891864 0.41204764081300127 -0.24870566529055954 0.3415881532722743 -0.9063459745574078 0 0 0 0 0 0
34.865020751953125 10.728211402893066 14.277507781982422 -0.17331973631318356 0.904950191478942 0.38861989134185465 -0.24856343951915327 0.34162431570079704 -0.9063713606774932 0 0 0 0 0 0
34.41307830810547 10.8751802444458 14.026845932006836 0.4185081410949685 0.8817471113070829 0.21765331961366616 -0.2482946148538465 0.34160131887867184 -0.9064537071328749 0 0 0 0 0 0
34.05653762817383 11.22314739227295 13.825831413269043 0.8511175261131779 0.5237303365729767 -0.03613158308378118 -0.24865333171955092 0.34155854492878557 -0.9063714917245015 0 0 0 0 0 0
33.8939323425293 11.690546035766602 13.616561889648438 0.9605175423618916 -0.033327990227417094 -0.2762160311829724 -0.2487610339839963 0.3417286141366158 -0.9062778284011372 0 0 0 0 0 0
33.950321197509766 12.150312423706055 13.344311714172363 0.7051393009762857 -0.5777227548061216 -0.4111143208377704 -0.2486593780613405 0.34149845309589305 -0.9063924758267025 0 0 0 0 0 0
34.16734313964844 12.478410720825195 12.978361129760742 0.18166545095207215 -0.9026671967447141 -0.39011484956538084 -0.24860957228752426 0.3416692396289911 -0.9063417739784265 0 0 0 0 0 0
34.42582321166992 12.600744247436523 12.523487091064453 -0.4106286764192019 -0.8846879344732503 -0.2207064763428304 -0.24875999415051264 0.3415697675741938 -0.9063379939015843 0 0 0 0 0 0
34.59071731567383 12.521400451660156 12.018321990966797 -0.8469696140792959 -0.5306471646333267 0.032497068990593576 -0.24880722774786415 0.3416203579618302 -0.9063059607254349 0 0 0 0 0 0
34.56260299682617 12.32111930847168 11.520553588867188 -0.9616072220238316 0.025094154094702576 0.2732797723613677 -0.24867144823761284 0.34152929099665336 -0.9063775450786121 0 0 0 0 0 0
34.315162658691406 12.126562118530273 11.085084915161133 -0.7108405726959177 0.5712593704173334 0.41032720104781223 -0.24870966315576057 0.34154627944269506 -0.9063606580450195 0 0 0 0 0 0
33.90580749511719 12.062207221984863 10.743119239807129 -0.18991244532898796 0.9003722902681737 0.3914881888721645 -0.24867998058210464 0.3416287782542309 -0.9063377103079214 0 0 0 0 0 0
33.45303726196289 12.20313549041748 10.490433692932129 0.40301326964522133 0.8873921146953889 0.2238650023257631 -0.24866195147658823 0.34158121863305196 -0.9063605821994987 0 0 0 0 0 0
33.09210968017578 12.546344757080078 10.288727760314941 0.8430167541101581 0.5371224711110911 -0.028674087903337437 -0.24836287173272503 0.34141344893898135 -0.9065057864284506 0 0 0 0 0 0
32.923397064208984 13.011980056762695 10.080496788024902 0.9625934978093724 -0.016880453500322364 -0.2704233870521209 -0.24864707861498095 0.3414978289708652 -0.9063960851109304 0 0 0 0 0 0
32.97410583496094 13.473819732666016 9.810601234436035 0.7165701669014977 -0.5647219262542374 -0.4094097481917881 -0.248797912942022 0.3414115558228184 -0.9063871954448257 0 0 0 0 0 0
33.1880989074707 13.806879997253418 9.447369575500488 0.19849685563171338 -0.8979658258600453 -0.3927548521556537 -0.24881363184383706 0.3414322468661294 -0.906375086489377 0 0 0 0 0 0
33.44738006591797 13.935256004333496 8.99460220336914 -0.39543563518533337 -0.8900234299997977 -0.2269117724512487 -0.24873194253347905 0.3415829757881532 -0.9063407148612667 0 0 0 0 0 0
33.616455078125 13.860782623291016 8.49010181427002 -0.8386379601488748 -0.5441074959349367 0.025167531955814844 -0.24881086948497805 0.34157281677223006 -0.9063228795900575 0 0 0 0 0 0
33.59443283081055 13.662271499633789 7.9913010597229 -0.9634878537874761 0.008672811518519676 0.2676115429953781 -0.248671851704359 0.34155427286505824 -0.9063680206503022 0 0 0 0 0 0
33.352699279785156 13.465734481811523 7.553515434265137 -0.7222397004076673 0.5580923632713876 0.40853730455516624 -0.24865838780125601 0.3416622202720305 -0.9063310286064726 0 0 0 0 0 0
32.946414947509766 13.396429061889648 7.2088823318481445 -0.20645537902672803 0.8955658951422383 0.39412929849100475 -0.24870508271539724 0.34154636000088245 -0.9063618845702168 0 0 0 0 0 0
32.49305725097656 13.531246185302734 6.954069137573242 0.3875144543117311 0.8926932813915216 0.2300679313983563 -0.2486899530247313 0.34154694156442217 -0.9063658168601386 0 0 0 0 0 0
32.12803649902344 13.8695650100708 6.751719951629639 0.8342740501206878 0.5509316440264986 -0.021474005343282778 -0.24901314530516566 0.3417584022343839 -0.9061973559702265 0 0 0 0 0 0
31.953094482421875 14.333453178405762 6.5444416999816895 0.9643144125450124 -0.0005173616392947468 -0.26475922287033177 -0.24866668169547013 0.3415552317718677 -0.906369077729282 0 0 0 0 0 0
31.998090744018555 14.797174453735352 6.276844024658203 0.7277878715476247 -0.5515598670978216 -0.40756168494500516 -0.2486739543293641 0.34159841242404443 -0.9063508090510924 0 0 0 0 0 0
32.208927154541016 15.135183334350586 5.916342735290527 0.21475987540707803 -0.8930064301416041 -0.39549679093626616 -0.24860883961331845 0.34162251725536547 -0.9063595867922548 0 0 0 0 0 0
32.468772888183594 15.269658088684082 5.465672969818115 -0.3797817109065627 -0.8952106459979121 -0.23316035544853048 -0.24872136462048225 0.3415773903513488 -0.9063457227692353 0 0 0 0 0 0
32.642005920410156 15.200043678283691 4.9618682861328125 -0.8300844893910522 -0.5573546365177624 0.01776371651848032 -0.24874752617652673 0.3415806229511536 -0.9063373247557225 0 0 0 0 0 0
32.626094818115234 15.00339126586914 4.4621148109436035 -0.9650734076479145 -0.007655187972345761 0.26186774514619027 -0.2486476968275246 0.3415725886593722 -0.9063677451999839 0 0 0 0 0 0
32.3901252746582 14.804994583129883 4.02205753326416 -0.7334238618584021 0.544839984280742 0.4064957938105489 -0.2486927137879194 0.3414724194271324 -0.9063931381466769 0 0 0 0 0 0
31.98703384399414 14.730794906616211 3.6746838092803955 -0.22309155391091762 0.8904088120853317 0.3967395946138981 -0.24870805314548927 0.3415355596031192 -0.9063651393490181 0 0 0 0 0 0
31.533042907714844 14.859580993652344 3.4177334308624268 0.3720495847463317 0.8976606996266077 0.23618716060775038 -0.2487283360106915 0.34156263960344146 -0.9063493686721926 0 0 0 0 0 0
31.163850784301758 15.192973136901855 3.2146363258361816 0.8257249617280964 0.5638970527719896 -0.014085505109778537 -0.248699095973384 0.3415346834787336 -0.906367927302761 0 0 0 0 0 0
30.98295021057129 15.654911994934082 3.0083425045013428 0.9657155087887258 0.015864433711545507 -0.2591174942529825 -0.248784957149729 0.3416867962924347 -0.9062870286699571 0 0 0 0 0 0
31.02211570739746 16.12047004699707 2.7429842948913574 0.7389275240561617 -0.5381096642563371 -0.4054924209232064 -0.2487240063821906 0.34146292845588866 -0.9063881272057358 0 0 0 0 0 0
31.229717254638672 16.463367462158203 2.3851969242095947 0.2313542076067029 -0.8877486405689572 -0.39796680991088085 -0.24881803023408589 0.3414665640810125 -0.9063609509710451 0 0 0 0 0 0
31.490158081054688 16.60385513305664 1.9366956949234009 -0.3643551368367168 -0.8999998625725006 -0.23926048907033792 -0.24857075216304586 0.3415885325901384 -0.9063828416138587 0 0 0 0 0 0
31.66746711730957 16.539203643798828 1.4336509704589844 -0.8213054038752438 -0.5703946814912595 0.010360544957058545 -0.24858027591477058 0.3414639913840678 -0.9064271559337781 0 0 0 0 0 0
31.657577514648438 16.344528198242188 0.9329603910446167 -0.9663533907988527 -0.024137496307707985 0.25608300483154944 -0.2487090178614719 0.3416412726898221 -0.9063250328823873 0 0 0 0 0 0
31.427392959594727 16.144363403320312 0.490644246339798 -0.7442643436191371 0.5314436727106036 0.40452219908558795 -0.24870538200454503 0.3415876964585679 -0.9063462244584587 0 0 0 0 0 0
31.027591705322266 16.065336227416992 0.14052988588809967 -0.23955692612018117 0.8849969068821231 0.39924047134142737 -0.2487828968783195 0.3415296345196378 -0.9063468314975862 0 0 0 0 0 0
30.573205947875977 16.188024520874023 -0.11856179684400558 0.35607757608331364 0.9025126784785847 0.24223877682163605 -0.2489243842072937 0.34147379095101316 -0.9063290247148458 0 0 0 0 0 0
30.19999122619629 16.516433715820312 -0.3224356174468994 0.81672154022963 0.576993168936749 -0.006693931973772031 -0.2487832836371731 0.34163299436538164 -0.9063077705413591 0 0 0 0 0 0
30.01302719116211 16.976369857788086 -0.5278409719467163 0.9668908363525708 0.03227452026767969 -0.253141197593196 -0.24869067613454512 0.34162623804262177 -0.9063357330948552 0 0 0 0 0 0
30.0463924407959 17.443626403808594 -0.7909414172172546 0.7496625334378882 -0.5246431285191681 -0.4034298869160621 -0.24868714922761187 0.34159670666472647 -0.9063478315772904 0 0 0 0 0 0
30.250652313232422 17.79132843017578 -1.1459991931915283 0.24771136182503975 -0.8822079767721434 -0.40043497217698876 -0.2487202191071734 0.3415575741051514 -0.9063535050843482 0 0 0 0 0 0
30.51139259338379 17.937910079956055 -1.5923367738723755 -0.34842424800425587 -0.90467088307785 -0.24529805688959655 -0.2488261546709067 0.34157712514558825 -0.9063170594935116 0 0 0 0 0 0
30.69273567199707 17.878265380859375 -2.094580888748169 -0.8121745592629138 -0.5834068288640186 0.002992878367274077 -0.24864545049216957 0.34149544030644885 -0.9063974317039136 0 0 0 0 0 0
30.688907623291016 17.685667037963867 -2.596149444580078 -0.967347484352001 -0.040509207818130166 0.25019562066471657 -0.24872128535455681 0.3415933033671374 -0.9063397471733787 0 0 0 0 0 0
30.464529037475586 17.483829498291016 -3.040689706802368 -0.754980136037914 0.5177940008231731 0.4023609907778145 -0.24867193770746165 0.34168870870898227 -0.9063173250785869 0 0 0 0 0 0
30.068126678466797 17.4000186920166 -3.3935189247131348 -0.2557854165286291 0.8793723421209635 0.4015944529048765 -0.24864146630660622 0.3415964523665419 -0.9063604608341506 0 0 0 0 0 0
29.61334991455078 17.516681671142578 -3.6548233032226562 0.3406349536307911 0.9068116946013526 0.24831507988676832 -0.24859205042107604 0.3415782793595705 -0.9063808645029972 0 0 0 0 0 0
29.23625946044922 17.840036392211914 -3.8595142364501953 0.8075989871820185 0.5897316143601142 0.0007063475004212171 -0.2485968312627913 0.3415227841668713 -0.9064004652365355 0 0 0 0 0 0
29.04317855834961 18.297832489013672 -4.064047813415527 0.9677528673814644 0.04857073123393856 -0.24717457745964636 -0.24864240585303066 0.3415154291751812 -0.9063907356360769 0 0 0 0 0 0
29.07076072692871 18.766704559326172 -4.324945449829102 0.760322505374287 -0.5108932384663496 -0.40112066352998194 -0.248686170877316 0.34152694068586437 -0.9063743912976207 0 0 0 0 0 0
29.2716121673584 19.119159698486328 -4.677265644073486 0.26393924297412386 -0.8764503173100929 -0.4027045037062337 -0.2487284518848065 0.3415422903175901 -0.9063570053503214 0 0 0 0 0 0
29.53266143798828 19.271787643432617 -5.121395111083984 -0.3326648481630901 -0.9089514092285768 -0.2512795941934255 -0.24862619122065988 0.34156213671881397 -0.9063775834602191 0 0 0 0 0 0
29.71787452697754 19.21723175048828 -5.622805595397949 -0.8028754040998033 -0.5961308750635621 -0.004366381514412774 -0.24866503393226472 0.34154348082905983 -0.9063739579238997 0 0 0 0 0 0
29.720033645629883 19.026782989501953 -6.125210285186768 -0.9680482808952625 -0.056898294579212895 0.24422348357540044 -0.2487316538019508 0.34160985992258 -0.9063306615141198 0 0 0 0 0 0
29.50157928466797 18.823381423950195 -6.571949481964111 -0.765505381652706 0.5040127027907364 0.3999658811527823 -0.24868080084437974 0.3415559810329394 -0.906364921602786 0 0 0 0 0 0
29.108612060546875 18.734859466552734 -6.927515506744385 -0.27203732517011653 0.8734397122091846 0.4038548784529228 -0.24865378819315564 0.3416254192932012 -0.9063461626276892 0 0 0 0 0 0
28.653594970703125 18.845458984375 -7.191024303436279 0.32473406624801215 0.9110025083670849 0.2542090005623544 -0.24863935524250452 0.3415483575780876 -0.9063791648423426 0 0 0 0 0 0
28.272626876831055 19.1636962890625 -7.396590232849121 0.7981163097669797 0.6024495468843891 0.008056025244063281 -0.2486599018624122 0.34154115347741587 -0.906376242896454 0 0 0 0 0 0
28.07359504699707 19.619306564331055 -7.600315093994141 0.96830562946493 0.06500477972037755 -0.24116091424613328 -0.2486655345907453 0.34153037432782507 -0.9063787593044061 0 0 0 0 0 0
28.09526824951172 20.0897159576416 -7.859017848968506 0.770580839827641 -0.49713370009326713 -0.39882734801177416 -0.24868011462630646 0.3416425867536851 -0.9063324685266981 0 0 0 0 0 0
28.292633056640625 20.446807861328125 -8.20862102508545 0.28016053771115523 -0.8703802816289883 -0.40490522157764186 -0.24866989670796935 0.34159705517409333 -0.9063524338620356 0 0 0 0 0 0
28.553815841674805 20.60548210144043 -8.650520324707031 -0.316708119324833 -0.9129905288845108 -0.257185266531558 -0.24867822609132548 0.3415806595632102 -0.9063563277654292 0 0 0 0 0 0
28.74284553527832 20.556087493896484 -9.151033401489258 -0.7932825999229488 -0.6087402771592285 -0.011746983595473633 -0.24869847753338578 0.3415825466819527 -0.906350059896753 0 0 0 0 0 0
28.75102996826172 20.36790657043457 -9.654231071472168 -0.968462019749137 -0.07324262246847241 0.2381529646201423 -0.24871179174664945 0.3415559538691518 -0.9063564282459221 0 0 0 0 0 0
28.538427352905273 20.163026809692383 -10.103157043457031 -0.7757110225662018 0.4901430924594315 0.3975325878259577 -0.24865221489708242 0.34158589222667757 -0.9063614920430368 0 0 0 0 0 0
28.148996353149414 20.06986427307129 -10.46143627166748 -0.2881369737200419 0.867300587960416 0.4059147379671901 -0.24866359047766387 0.341583345022805 -0.9063593311561303 0 0 0 0 0 0
27.693910598754883 20.17442512512207 -10.727197647094727 0.3087837254394663 0.9148825978790691 0.2600816083497057 -0.24866996650122739 0.34158681841132477 -0.9063562728022061 0 0 0 0 0 0
27.309194564819336 20.487512588500977 -10.93367862701416 0.7883982926525616 0.6149698369031328 0.015499414242487656 -0.24860619050994368 0.341560028649654 -0.9063838639720928 0 0 0 0 0 0
27.104164123535156 20.940786361694336 -11.136625289916992 0.9685584102543437 0.08132754850422833 -0.23511791888299513 -0.24869839800085042 0.3416224876599851 -0.9063350278770065 0 0 0 0 0 0
27.119935989379883 21.41261100769043 -11.393178939819336 0.7807370026923646 -0.4831040010123891 -0.3963082850922552 -0.2486799087185602 0.3416182092804511 -0.9063417137524601 0 0 0 0 0 0
27.313661575317383 21.774320602416992 -11.740055084228516 0.2962644407318881 -0.8640827630063543 -0.4069254966613987 -0.24870396563348987 0.3415615168646633 -0.9063564793585833 0 0 0 0 0 0
27.57489776611328 21.939064025878906 -12.17968463897705 -0.3006603261077865 -0.9167538715412611 -0.26299374007544113 -0.24871792956466268 0.34157809725272703 -0.9063463990055206 0 0 0 0 0 0
27.767658233642578 21.894817352294922 -12.679266929626465 -0.7834198259053804 -0.6211986238926155 -0.019121873660930284 -0.248710224656315 0.34155861729761355 -0.9063558545632879 0 0 0 0 0 0
27.781795501708984 21.709001541137695 -13.183210372924805 -0.968590521880184 -0.08955008664935339 0.23197668612376962 -0.2486536213573231 0.34151503096780234 -0.9063878089476658 0 0 0 0 0 0
27.575162887573242 21.502779006958008 -13.634263038635254 -0.7857548126160999 0.47603789568774457 0.3949396109784655 -0.2486784955324061 0.3415011589558866 -0.9063862114416378 0 0 0 0 0 0
27.189453125 21.405038833618164 -13.995285987854004 -0.30445005396686403 0.8607903805968664 0.4078603747748429 -0.2487526980176082 0.3414785165798495 -0.9063743806746671 0 0 0 0 0 0
26.73429298400879 21.5035457611084 -14.26331901550293 0.29265987265411286 0.9185143716556213 0.26586001579808466 -0.2487086622232522 0.3415826109052836 -0.9063472409966558 0 0 0 0 0 0
26.34583854675293 21.811412811279297 -14.470749855041504 0.7784761666756864 0.6272611658868608 0.02276593262278082 -0.24871929285714942 0.3415736601263391 -0.9063476971165845 0 0 0 0 0 0
26.13490867614746 22.26229476928711 -14.672998428344727 0.9685341030929141 0.09771458806670144 -0.2288963748619869 -0.24866323258896691 0.3414749640220862 -0.9064002679305212 0 0 0 0 0 0
26.144699096679688 22.735431671142578 -14.927413940429688 0.7906172845460746 -0.46901178908880414 -0.3936397478313268 -0.24871052813618622 0.3414740546838765 -0.9063876340572903 0 0 0 0 0 0
26.334747314453125 23.101642608642578 -15.271557807922363 0.3123537930978521 -0.8574839538440815 -0.408847620559672 -0.24867660477940742 0.3415676051049132 -0.9063616923603295 0 0 0 0 0 0
26.595989227294922 23.27242088317871 -15.70891284942627 -0.2846476169898285 -0.9202051769267116 -0.26869716503768964 -0.2486821029267238 0.3415782773959406 -0.9063561618343887 0 0 0 0 0 0
26.792343139648438 23.233440399169922 -16.20751190185547 -0.7733938223302891 -0.6333740754310445 -0.026443830154028822 -0.24873856370639022 0.3415676478862399 -0.9063446744162752 0 0 0 0 0 0
26.812421798706055 23.050077438354492 -16.712141036987305 -0.9684103733198683 -0.10592167267168016 0.22574753178031987 -0.2486429274900764 0.341470657503453 -0.9064074606231594 0 0 0 0 0 0
26.6116943359375 22.84258270263672 -17.165332794189453 -0.7954276443551405 0.4619199737025049 0.39233251266025515 -0.24863446296787653 0.3416529976198505 -0.906341068826767 0 0 0 0 0 0
26.229732513427734 22.740365982055664 -17.5290584564209 -0.3203672413482497 0.8540758254705358 0.4097795932177875 -0.24873879578875965 0.34155683310418566 -0.906348686339533 0 0 0 0 0 0
25.77471923828125 22.83284568786621 -17.799379348754883 0.276428786947441 0.9218759605692628 0.2715360732412276 -0.24875035727686645 0.34155119710957704 -0.9063476372273755 0 0 0 0 0 0
25.382692337036133 23.135452270507812 -18.007841110229492 0.7682580486091223 0.6394266433625662 0.030218181702166273 -0.2485826158692897 0.341502378338562 -0.906412052367292 0 0 0 0 0 0
25.16580581665039 23.58380126953125 -18.209396362304688 0.9682126300681576 0.1140756735791529 -0.22260063718229484 -0.24862524601393313 0.34149217670537085 -0.9064042035943672 0 0 0 0 0 0
25.169631958007812 24.058162689208984 -18.461688995361328 0.8002557876020776 -0.45469663993791626 -0.39094966432847533 -0.24866309805454825 0.3416332521495096 -0.9063406559851896 0 0 0 0 0 0
25.355876922607422 24.428844451904297 -18.803144454956055 0.3283463944882783 -0.8506222441141927 -0.41064637225316236 -0.24872828042492953 0.34154202374888387 -0.9063571528544224 0 0 0 0 0 0
25.616943359375 24.605619430541992 -19.238170623779297 -0.26846307173048334 -0.9233666632723808 -0.2744477805963511 -0.24848279160334033 0.3416453772516867 -0.9063855352329736 0 0 0 0 0 0
25.8169002532959 24.571971893310547 -19.735754013061523 -0.7630773015662962 -0.6454240593738371 -0.03377595913808479 -0.24877176275057583 0.3415501147257897 -0.9063421700377685 0 0 0 0 0 0
25.842830657958984 24.391183853149414 -20.241031646728516 -0.9679220969026704 -0.12220747276658456 0.21952710066764428 -0.24868848048584494 0.34153524914740846 -0.9063706268759261 0 0 0 0 0 0
25.648160934448242 24.1824951171875 -20.6962890625 -0.8050210614726945 0.44751737985471396 0.38944741020238893 -0.24871006757275843 0.34140328826903427 -0.9064144179386406 0 0 0 0 0 0
25.269954681396484 24.075843811035156 -21.0627384185791 -0.33623781776038036 0.8470961435573897 0.4115486040286559 -0.24867279083192573 0.3416259986275207 -0.9063407307197502 0 0 0 0 0 0
24.815134048461914 24.162288665771484 -21.335407257080078 0.2604294950658216 0.9248658658785834 0.2771274223753752 -0.24869667129879758 0.34160635279880713 -0.9063415831861599 0 0 0 0 0 0
24.41964340209961 24.4595890045166 -21.544904708862305 0.7578788828572963 0.6513120740856282 0.03757899771486497 -0.24859745305040126 0.34156855870516806 -0.9063830459805214 0 0 0 0 0 0
24.19686508178711 24.905344009399414 -21.745830535888672 0.9676053433273569 0.13023622722473024 -0.21628320480937993 -0.2485629516368131 0.34133812104936134 -0.9064793137143765 0 0 0 0 0 0
24.194671630859375 25.380794525146484 -21.996057510375977 0.8097112062011275 -0.44018999877828796 -0.38807283791562386 -0.24869077873165818 0.34158549403124466 -0.906351061587767 0 0 0 0 0 0
24.37710189819336 25.755889892578125 -22.334787368774414 0.3440899991954034 -0.8435784044853052 -0.41228333454037935 -0.24868324597459593 0.34153616817655874 -0.9063717167910812 0 0 0 0 0 0
24.637937545776367 25.938716888427734 -22.767484664916992 -0.25220212160864697 -0.9263002114338763 -0.27993214919628856 -0.24864102121003523 0.3416026482544959 -0.9063582477570036 0 0 0 0 0 0
24.841299057006836 25.910367965698242 -23.26399803161621 -0.7525748415356314 -0.657214967646021 -0.041226134789218015 -0.2486830503986273 0.34161960207134545 -0.906340326767517 0 0 0 0 0 0
24.873071670532227 25.732219696044922 -23.769916534423828 -0.9671433071850795 -0.13847259049951538 0.21321154998606512 -0.24871858181514195 0.34164392762333434 -0.9063214075469953 0 0 0 0 0 0
24.6844425201416 25.522499084472656 -24.227197647094727 -0.8143064132476513 0.43293525314341885 0.3866162592667167 -0.24864506568326428 0.3416843974128939 -0.9063263230624786 0 0 0 0 0 0
24.310211181640625 25.411479949951172 -24.596359252929688 -0.3520446833741005 0.8398990092156677 0.4130789213050808 -0.248815122428737 0.3414740614614984 -0.9063589245987272 0 0 0 0 0 0
23.85567283630371 25.4919376373291 -24.871379852294922 0.24390480913286114 0.9276689176590852 0.28273808249170107 -0.24866722216329173 0.3416190207860673 -0.9063448886923567 0 0 0 0 0 0
23.45675277709961 25.783864974975586 -25.081945419311523 0.7472344605109604 0.6630411104974243 0.04491265762829134 -0.24861999277219213 0.3415850645875937 -0.9063706431944079 0 0 0 0 0 0
23.228147506713867 26.226892471313477 -25.282316207885742 0.9666855194568017 0.14655982942475532 -0.20985548091846432 -0.2485408677828274 0.3413896232435046 -0.9064659740902673 0 0 0 0 0 0
23.21994972229004 26.703350067138672 -25.530494689941406 0.818810981904607 -0.4257038902636661 -0.38512955447069225 -0.2486620451428577 0.341662796794498 -0.9063298078469741 0 0 0 0 0 0
23.398374557495117 27.082761764526367 -25.86651611328125 0.35985342109614915 -0.8361802164760094 -0.413893900534342 -0.24868394412217348 0.34160278124425003 -0.9063464215089243 0 0 0 0 0 0
23.658815383911133 27.271587371826172 -26.296859741210938 -0.23572711509736566 -0.9289661482640365 -0.28540256233494793 -0.24869995568185 0.34156442273266524 -0.906356484594857 0 0 0 0 0 0
23.865543365478516 27.248641967773438 -26.792255401611328 -0.7418210308323251 -0.6688415044593998 -0.048503609426030464 -0.24870255481973885 0.34156711447881 -0.9063547569979178 0 0 0 0 0 0
23.903173446655273 27.07320785522461 -27.298723220825195 -0.9661000953266171 -0.1545601839558427 0.2067891567404768 -0.24864794527779233 0.3415500639216962 -0.9063761653663547 0 0 0 0 0 0
23.720563888549805 26.862581253051758 -27.758056640625 -0.8233152481887382 0.4183054934191864 0.383630702988235 -0.2486449048682941 0.34177857758096075 -0.9062908557354931 0 0 0 0 0 0
23.350278854370117 26.747295379638672 -28.12993049621582 -0.36765734576253645 0.8323835931084922 0.4146873883187709 -0.2486503327798298 0.3416954104470961 -0.906320726061073 0 0 0 0 0 0
22.896238327026367 26.82175636291504 -28.407310485839844 0.2274745447802127 0.9301836268598824 0.2881210714245484 -0.2486590735085734 0.3415544197141777 -0.9063714710512293 0 0 0 0 0 0
22.49399757385254 27.10822868347168 -28.618989944458008 0.736309929248459 0.6746336853529724 0.052125604813719244 -0.2488227992141388 0.34159676537803274 -0.9063105783750434 0 0 0 0 0 0
22.259607315063477 27.548500061035156 -28.818809509277344 0.9654547003804221 0.16266222329723584 -0.20356380480171168 -0.24865688911730988 0.3416057766989025 -0.9063527154592971 0 0 0 0 0 0
22.24530029296875 28.025854110717773 -29.065025329589844 0.8277003544758358 -0.41102050171168036 -0.38206579325196627 -0.24874059039606702 0.34158405050983914 -0.9063379364931757 0 0 0 0 0 0
22.41969108581543 28.409481048583984 -29.398300170898438 0.3755421524911574 -0.828489180249135 -0.41541999219154657 -0.24853553279630416 0.341787084043466 -0.906317647471747 0 0 0 0 0 0
22.679677963256836 28.60429573059082 -29.82626724243164 -0.21931078679292712 -0.9313234372859682 -0.29075665763334935 -0.24871606652726624 0.34153277742876736 -0.9063639887997519 0 0 0 0 0 0
22.889677047729492 28.586767196655273 -30.320518493652344 -0.7308687902061435 -0.6802310424639744 -0.05582598293790132 -0.24863084910202476 0.34152607022909565 -0.9063898963628606 0 0 0 0 0 0
22.9330997467041 28.41423225402832 -30.827516555786133 -0.9647127319424063 -0.17075641841750377 0.2004285169267221 -0.2487626728816098 0.3416060534294134 -0.906323582856133 0 0 0 0 0 0
22.75657081604004 28.20271110534668 -31.288793563842773 -0.8321038463767784 0.40361175325625265 0.38039550664852056 -0.24868430081734733 0.3415369789334955 -0.9063711218634275 0 0 0 0 0 0
22.39039421081543 28.0832462310791 -31.663410186767578 -0.38343303019995295 0.8246111081294156 0.41592743561979595 -0.24869096882714525 0.3415291702599124 -0.906372234727759 0 0 0 0 0 0
21.93682289123535 28.15170669555664 -31.943180084228516 0.21097741064475134 0.932379579738667 0.2935248737057605 -0.24862314873179053 0.341593697024294 -0.9063665241324643 0 0 0 0 0 0
21.531404495239258 28.432758331298828 -32.15604782104492 0.7252480101678551 0.6859096958867226 0.059524892575717823 -0.24863997273064561 0.34155743192858506 -0.9063755759368484 0 0 0 0 0 0
21.29122543334961 28.870086669921875 -32.35536575317383 0.9639198241762779 0.17891340728932814 -0.19710039384054076 -0.24873222123793742 0.3416216674043918 -0.906326055279161 0 0 0 0 0 0
21.27086639404297 29.348270416259766 -32.59960174560547 0.8363254451493797 -0.39628214271932616 -0.3788406170904483 -0.24871275785658395 0.3415693013607924 -0.9063511330865496 0 0 0 0 0 0
21.441102981567383 29.736072540283203 -32.93023681640625 0.3910430816504347 -0.8206807407603998 -0.4166154462310452 -0.2487064748878675 0.3415962079462513 -0.9063427166726679 0 0 0 0 0 0
21.70050811767578 29.93682098388672 -33.355743408203125 -0.2028572403746031 -0.9333550027445777 -0.29613743241824375 -0.24855484853779444 0.3416009387254307 -0.9063825273747608 0 0 0 0 0 0
21.913671493530273 29.9248104095459 -33.848838806152344 -0.7196984623392385 -0.6914289882887806 -0.062929146351188 -0.24893042046873748 0.3415917680756749 -0.9062829082290982 0 0 0 0 0 0
21.962793350219727 29.755157470703125 -34.3561897277832 -0.9630875298967779 -0.1868684414178094 0.19375911684202493 -0.24860818025278633 0.3414249328581054 -0.9064342159992839 0 0 0 0 0 0
21.792396545410156 29.542932510375977 -34.81949996948242 -0.8406272182699192 0.38876159770353225 0.3771078095913351 -0.24866052523763182 0.3415272232577546 -0.9063813209474217 0 0 0 0 0 0
21.430377960205078 29.4193172454834 -35.19681930541992 -0.3987792459765111 0.8166787633302828 0.41714615005262273 -0.24857038133802584 0.3415899143387762 -0.9063824225697982 0 0 0 0 0 0
20.97745704650879 29.481868743896484 -35.47898483276367 0.1945122228453097 0.9343138466387315 0.2987015753940942 -0.2486042688855318 0.34153208846527705 -0.9063949194696738 0 0 0 0 0 0
20.568883895874023 29.75738525390625 -35.693111419677734 0.7139841867229139 0.6969551562413745 0.06693348413298437 -0.2483891401960203 0.3415119904043141 -0.9064614693646749 0 0 0 0 0 0
20.323043823242188 30.191761016845703 -35.89194107055664 0.962119191566844 0.19497763914299285 -0.1905528311334874 -0.2487284681671469 0.3415782636785783 -0.9063434442337807 0 0 0 0 0 0
20.2965145111084 30.67060661315918 -36.13422393798828 0.8448043214913633 -0.38124336439000456 -0.37544527630282853 -0.24872828470519345 0.341446655842306 -0.9063930833814424 0 0 0 0 0 0
20.462560653686523 31.0625057220459 -36.46219253540039 0.40655665736987334 -0.8125649384322889 -0.4176720066975593 -0.24886821248667051 0.341376922202795 -0.9063809407754757 0 0 0 0 0 0
20.72128677368164 31.269197463989258 -36.8852653503418 -0.18625120370689988 -0.9351803590529525 -0.3012443944031517 -0.2485748953667434 0.34148640036512123 -0.9064201894039458 0 0 0 0 0 0
20.937530517578125 31.262710571289062 -37.37705612182617 -0.7081890041311907 -0.7024908001428743 -0.07053375179512633 -0.24845792138797992 0.34148584075227695 -0.9064524708252909 0 0 0 0 0 0
20.99234390258789 31.096107482910156 -37.88496017456055 -0.9611256615249809 -0.20292703710032814 0.18723803131802613 -0.24868652267840163 0.34157385393942313 -0.9063566162074919 0 0 0 0 0 0
20.82805824279785 30.88323974609375 -38.350189208984375 -0.8487928645217888 0.37376048378136706 0.37397028478264766 -0.24862613782165277 0.342074495931462 -0.9061843536638253 0 0 0 0 0 0
20.47031021118164 30.75558090209961 -38.730037689208984 -0.4141781644582865 0.8084201215784109 0.41822643999765496 -0.24881617211081145 0.3414268741066846 -0.9063764130502633 0 0 0 0 0 0
20.018112182617188 30.812149047851562 -39.01470947265625 0.17793884333752844 0.935950305417407 0.30386640785181446 -0.2486873802808 0.34154172477954425 -0.9063684885981456 0 0 0 0 0 0
19.60651206970215 31.082151412963867 -39.23014450073242 0.7024109321849034 0.7079036207985717 0.0741036166958625 -0.2484953293663698 0.34145515304821233 -0.9064537769461393 0 0 0 0 0 0
27.033641815185547 7.50154972076416 14.898573875427246 -0.7137538144188933 0.6832844099935398 0.1538762732270971 0.6993244023131687 0.6830969792495252 0.21053241382149007 0 0 0 0 0 0
27.279935836791992 7.771417140960693 14.667460441589355 -0.5248102770699532 0.5453367941536623 0.6535915804414597 0.7233383436882838 0.6904777636685046 0.004700896683708178 0 0 0 0 0 0
27.378082275390625 8.117408752441406 14.440729141235352 -0.09772833994826875 0.31180414267724577 0.9451070564651729 0.6517193605369286 0.7377560415006656 -0.17600539290204956 0 0 0 0 0 0
27.36538314819336 8.51107406616211 14.302539825439453 0.42684623642510994 0.06286997156319521 0.9021361632954097 0.5015850621766058 0.8136100029826203 -0.29402582955908996 0 0 0 0 0 0
27.300941467285156 8.91785717010498 14.286703109741211 0.8455075822743272 -0.10386228720045154 0.5237647884443098 0.3010512406754909 0.9028573535819446 -0.3069474703768623 0 0 0 0 0 0
27.236454010009766 9.309494972229004 14.397727012634277 0.9916961991790397 -0.12210179285391015 -0.04037079037753857 0.11269158338338028 0.976320961673729 -0.1846564020851472 0 0 0 0 0 0
27.226293563842773 9.657978057861328 14.627653121948242 0.8230942093844693 0.008292552084026187 -0.5678443061770445 0.020914644436629312 0.9987724603369843 0.04490156033476285 0 0 0 0 0 0
27.327465057373047 10.078327178955078 14.834519386291504 0.45554626787003805 0.1855815331976367 -0.8706532561046871 0.07139575007018024 0.9672620471181672 0.24352983200562722 0 0 0 0 0 0
27.40831756591797 10.378814697265625 14.995433807373047 0.18884159685363425 0.3561259555652808 -0.9151574482407304 0.4997892400565545 0.7673449300019625 0.40173682171786923 0 0 0 0 0 0
27.85729217529297 10.431426048278809 15.329564094543457 -0.28597332751760535 0.5638428138047208 -0.7747906409277819 0.39655476202390805 0.8057083822531554 0.4399753669049724 0 0 0 0 0 0
28.2850284576416 10.5801362991333 15.387726783752441 -0.6199438902326484 0.68799418834441 -0.37727121513246514 0.5712996172600738 0.7253664819328427 0.3840054872093159 0 0 0 0 0 0
28.655881881713867 10.774127006530762 15.261573791503906 -0.713729977269607 0.683319479270309 0.15383110477559414 0.6993477015898365 0.6830829686933045 0.21050047544401226 0 0 0 0 0 0
28.902273178100586 11.043984413146973 15.03048038482666 -0.5250038652143738 0.5452830663292798 0.6534809248053887 0.7233516451072901 0.69046175099101 0.004996792871978863 0 0 0 0 0 0
29.000301361083984 11.389935493469238 14.803657531738281 -0.0974539820485672 0.3118289035187104 0.9451272169994875 0.6514093439430447 0.7379574228728691 -0.17630856091105035 0 0 0 0 0 0
28.98761749267578 11.783620834350586 14.665483474731445 0.42690038145407894 0.06289529894849595 0.9021087770798716 0.5014812691814359 0.8136679126528403 -0.2940426237458546 0 0 0 0 0 0
29.64722442626953 11.81955337524414 13.549001693725586 -0.5511631949248741 0.6973828668389709 -0.4581225486697456 0.2535987506983221 -0.38306498176013437 -0.888227951256522 0 0 0 0 0 0
29.510164260864258 12.612671852111816 11.739509582519531 -0.7039150324344026 0.7025249986172376 0.10470078046855327 0.6847510128694229 0.6320296982040686 0.3628422673316511 0 0 0 0 0 0
29.811132431030273 12.850780487060547 11.57454776763916 -0.5446556015055548 0.5533970642410633 0.6301602693267759 0.7782960667043666 0.6134365483769744 0.1339807212544273 0 0 0 0 0 0
30.109821319580078 13.209932327270508 11.438344955444336 -0.2111785078584707 0.3128340912303965 0.9260337300458995 0.7433426458443254 0.6665900866993786 -0.05567196047628171 0 0 0 0 0 0
30.293901443481445 13.483912467956543 11.354593276977539 0.08704300897634194 0.20127891196484923 0.9756589128310114 0.31567431419447484 0.9233327280447367 -0.2186467486136312 0 0 0 0 0 0
30.10176658630371 13.928895950317383 11.077995300292969 0.5509182530701354 -0.029480352129628375 0.8340383607919143 0.42829801220685104 0.8677191872343868 -0.2522384285650291 0 0 0 0 0 0
29.959184646606445 14.363059043884277 11.084471702575684 0.8869677739523425 -0.14930595588537465 0.43703077638443366 0.25713919851264516 0.945708614384751 -0.19878291995729638 0 0 0 0 0 0
29.875022888183594 14.747435569763184 11.274850845336914 0.9868657593118985 -0.13225893381195036 -0.09275530995407415 0.13051598718551521 0.9911400082539156 -0.0246386105009689 0 0 0 0 0 0
29.91737937927246 15.06003475189209 11.570514678955078 0.8068565371148627 0.02315250738906385 -0.5902935624895563 0.1038288416838396 0.9781191152135522 0.18028468622833635 0 0 0 0 0 0
30.110471725463867 15.301373481750488 11.862472534179688 0.38772167231351556 0.2737035576082091 -0.880203537467909 0.16913289548328442 0.9175631024752742 0.3598222014292477 0 0 0 0 0 0
30.416414260864258 15.499215126037598 12.066246032714844 -0.1316631492295123 0.5326251475105653 -0.8360474073725219 0.30990021955032554 0.8232326861869925 0.47565722775545904 0 0 0 0 0 0
30.77476692199707 15.685590744018555 12.147900581359863 -0.551088934016885 0.6974980131474332 -0.458036579826892 0.5013573571524096 0.7155554800707842 0.48643720598842066 0 0 0 0 0 0
31.13250160217285 15.885275840759277 12.102493286132812 -0.7039946485837888 0.7024520659736243 0.10465481247785247 0.6846260598432197 0.632038650028798 0.3630623955373551 0 0 0 0 0 0
31.433401107788086 16.12335968017578 11.937519073486328 -0.5446090767281612 0.553325644826881 0.630263186551631 0.7782487768538306 0.6135244499661895 0.1338528692976029 0 0 0 0 0 0
31.721166610717773 16.48746681213379 11.817728996276855 -0.20750054624181472 0.3149865825461698 0.9261355063516534 0.7402035031276221 0.6695302981959748 -0.06187045947142937 0 0 0 0 0 0
31.92091941833496 16.758310317993164 11.72437572479248 0.08549853016111869 0.19751447952056317 0.9765644022387923 0.3302239527471246 0.9191347452486078 -0.21481029097518042 0 0 0 0 0 0
31.717905044555664 17.202072143554688 11.44526195526123 0.5508090790540496 -0.029467093501947813 0.8341109331690701 0.4318735911997624 0.8652470637080544 -0.2546227012047642 0 0 0 0 0 0
31.579524993896484 17.637109756469727 11.45183277130127 0.8870378908569072 -0.1492675326638552 0.4369015722981259 0.2569708978359883 0.9457937638249418 -0.19859535235049333 0 0 0 0 0 0
31.495418548583984 18.02153968811035 11.642171859741211 0.9868605024569609 -0.13233412596542748 -0.09270397939334236 0.13058069000927525 0.9911285017235718 -0.024758361575224545 0 0 0 0 0 0
31.537738800048828 18.334104537963867 11.937884330749512 0.8067985045321222 0.02317493281567262 -0.5903719976199078 0.10375114143426487 0.9781461781480687 0.18018255971490033 0 0 0 0 0 0
31.730831146240234 18.575456619262695 12.22976016998291 0.3879106636066558 0.27370738405226447 -0.8801190743163734 0.1691747490039062 0.9175236157863023 0.3599032075070954 0 0 0 0 0 0
32.03673553466797 18.77328109741211 12.43356704711914 -0.13171726127223013 0.5326004434399638 -0.8360546218582233 0.31002100870740934 0.8232279560670861 0.47558669715378726 0 0 0 0 0 0
32.395206451416016 18.95965003967285 12.51517105102539 -0.5514419760383391 0.6973213292284793 -0.45788067317365394 0.5010279261930899 0.7157023392414387 0.486560560237864 0 0 0 0 0 0
32.75285720825195 19.159337997436523 12.46978759765625 -0.7039647875075674 0.7024721849246877 0.10472061571897265 0.6846867730139813 0.6320341917129232 0.3629556493092413 0 0 0 0 0 0
33.05385971069336 19.397428512573242 12.30482292175293 -0.5446840171626068 0.5532905147988492 0.6302292659669412 0.778330608176882 0.6133406485016959 0.13421890057113414 0 0 0 0 0 0
33.352535247802734 19.756553649902344 12.168645858764648 -0.21085960277709714 0.3129084403416609 0.9260812793052423 0.7431661836446475 0.6667531364874836 -0.056073866204794896 0 0 0 0 0 0
33.536659240722656 20.030546188354492 12.084892272949219 0.08692916721473318 0.20126748709816006 0.9756714193439023 0.3157737188986072 0.9233097094581787 -0.21860040913318782 0 0 0 0 0 0
33.34450149536133 20.475540161132812 11.80821704864502 0.5508689268368642 -0.0294405118763535 0.8340723480046919 0.42833692098801257 0.8676905184244564 -0.25227097802721427 0 0 0 0 0 0
33.201805114746094 20.90968894958496 11.814813613891602 0.8870206715806811 -0.14935456104743516 0.4369067901542449 0.25713668331034273 0.9457145078079994 -0.1987581339659582 0 0 0 0 0 0
33.11770248413086 21.294086456298828 12.00515079498291 0.9868538919648717 -0.13231584539130642 -0.092800393168181 0.13056506498460194 0.9911315861211395 -0.02471725710027117 0 0 0 0 0 0
33.16007614135742 21.60664176940918 12.3008451461792 0.8067810555732241 0.023202381921886246 -0.5903947644087855 0.10376295496624892 0.9781354948026257 0.18023374540827397 0 0 0 0 0 0
33.35325622558594 21.848073959350586 12.592768669128418 0.3876064402058267 0.27362586475493145 -0.8802784409765371 0.16900727369443452 0.9176498009683388 0.35966009539722754 0 0 0 0 0 0
33.659034729003906 22.04579734802246 12.796504974365234 -0.13176668632822133 0.5326031206323362 -0.8360451281281276 0.30993755941154105 0.8232497163471401 0.4756034207197957 0 0 0 0 0 0
33.17381286621094 22.363357543945312 13.953264236450195 0.8455180028124004 -0.1039314928848668 0.5237342376691183 -0.5335791911038854 -0.20086161642305317 0.8215521029544272 0 0 0 0 0 0
33.72369384765625 22.40125846862793 15.853946685791016 0.9916990456090319 -0.12209326564478455 -0.04032663415569653 0.11268446419527843 0.9763018933033151 -0.18476153458278427 0 0 0 0 0 0
33.71352005004883 22.74972915649414 16.083921432495117 0.8230787545392492 0.008388057665812326 -0.5678653047287829 0.020902749028795506 0.9987660262404585 0.04504997126395143 0 0 0 0 0 0
33.81465148925781 23.170148849487305 16.290769577026367 0.4556560381868309 0.18548488069475644 -0.8706164103079687 0.07122809581480012 0.9673157763462497 0.24336546015868768 0 0 0 0 0 0
33.89551544189453 23.470664978027344 16.451698303222656 0.1887666551763429 0.3559711497305927 -0.9152331344816007 0.49957826228454655 0.7675666664835792 0.4015756122525854 0 0 0 0 0 0
34.34458923339844 23.523157119750977 16.78579330444336 -0.28615613672843754 0.5637912940471951 -0.7747606354024739 0.3964014714256033 0.8057910791626579 0.4399620554019355 0 0 0 0 0 0
34.7722053527832 23.671804428100586 16.84395408630371 -0.6199460870282792 0.6879924391332229 -0.37727079515096784 0.5712075096366926 0.7253643008125712 0.3841466022774869 0 0 0 0 0 0
33.72370147705078 25.22663688659668 17.018341064453125 -0.45417708046653826 -0.863681318176619 0.2185812439611171 0.18159093748152666 0.1504514645410558 0.9717968348590313 0 0 0 0 0 0
33.141387939453125 22.71821403503418 18.360017776489258 -0.8901903539480612 0.4495250997240427 -0.07408318605402277 -0.11048677742851959 -0.05525502777623017 0.9923404425492841 0 0 0 0 0 0
33.30442428588867 23.07037925720215 18.538070678710938 -0.8901911337884765 0.4495210569201436 -0.07409834485185114 -0.11055764829078385 -0.055364909548536255 0.9923264247187483 0 0 0 0 0 0
33.43967819213867 23.440921783447266 19.161422729492188 -0.8902470055115146 0.4494104141282578 -0.07409823783902592 -0.11047365171488543 -0.05522328703292457 0.992343670734115 0 0 0 0 0 0
33.221534729003906 23.11164093017578 19.784509658813477 -0.8901935832936502 0.44951695668717606 -0.07409379132903407 -0.11048769167737851 -0.055235054588697374 0.9923414526927655 0 0 0 0 0 0
34.136383056640625 24.447708129882812 20.523191452026367 -0.45509255718081004 -0.8845461642142928 0.1023173874393435 0.2594261744569172 -0.24163176041515796 -0.935046604381472 0 0 0 0 0 0
34.64192199707031 23.757261276245117 19.55474853515625 -0.8870078826266138 0.14936856429569387 -0.4369279667845657 -0.22433317946341302 -0.9664592693714913 0.12502441856597332 0 0 0 0 0 0
34.47105026245117 23.220447540283203 19.714069366455078 -0.5508741985985047 0.029584337911578 -0.8340637770990827 -0.12289171274370786 -0.9913532978721556 0.046002888354091095 0 0 0 0 0 0
34.18775177001953 22.938411712646484 19.810684204101562 -0.08543859909774575 -0.19742238634021472 -0.9765882690038571 -0.3075135347787755 -0.9270934715616999 0.21432013651437035 0 0 0 0 0 0
34.115089416503906 22.43873405456543 19.956296920776367 0.20750223379437227 -0.31488671394702306 -0.9261690884228383 -0.42697280129055415 -0.8809845109423219 0.20386397042590648 0 0 0 0 0 0
33.6114616394043 22.48154640197754 20.0368709564209 0.544551065173897 -0.5533629105745148 -0.6302805935601029 -0.6191531266493295 -0.772144417647046 0.1429769354017063 0 0 0 0 0 0
33.17153549194336 22.306636810302734 19.890005111694336 0.7040016831608631 -0.7024234178700578 -0.10479967621332519 -0.6932165220425952 -0.7117216875441967 0.11359178247747131 0 0 0 0 0 0
32.91176986694336 22.091527938842773 19.646018981933594 0.5512243545009025 -0.6974446806602288 0.4579548322966085 -0.7601660721962532 -0.6460613331054192 -0.06893690265575675 0 0 0 0 0 0
32.76778030395508 21.82107925415039 19.370756149291992 0.1317551628037155 -0.5326332399452265 0.836027755986616 -0.7239479245536449 -0.627824336693535 -0.28589509402889873 0 0 0 0 0 0
32.734596252441406 21.493213653564453 19.121545791625977 -0.3878907219199238 -0.27372078664432653 0.8801236951742927 -0.5729726380641885 -0.6763533405606809 -0.46286986804303015 0 0 0 0 0 0
32.795684814453125 21.11167335510254 18.958967208862305 -0.8066885344006398 -0.023185583371300354 0.5905218346431234 -0.353823221667919 -0.7814016048295852 -0.5140239875514404 0 0 0 0 0 0
32.89701461791992 20.696353912353516 18.945201873779297 -0.9868571551063706 0.13228338869308354 0.09281196308254369 -0.1588457660818255 -0.8996020193080339 -0.40679752882089415 0 0 0 0 0 0
32.94392013549805 20.292016983032227 19.09723663330078 -0.8870145234850797 0.14933309043211598 -0.43692661080384015 -0.07242091720225684 -0.9795405133386011 -0.18776472906255254 0 0 0 0 0 0
32.84877395629883 19.94792938232422 19.351043701171875 -0.5510541845413933 0.02937023064282362 -0.8339524418403051 -0.12297952476094114 -0.9913262845409374 0.046349046029377144 0 0 0 0 0 0
32.564449310302734 19.668100357055664 19.427936553955078 -0.08711750745729029 -0.2012237993813711 -0.9756636318203907 -0.3132850747768801 -0.924162971510359 0.21857553388059772 0 0 0 0 0 0
32.4964485168457 19.16427993774414 19.592679977416992 0.21099411337836005 -0.3128339387689818 -0.9260758127032391 -0.40661915911711216 -0.8896328244204783 0.20788048766667622 0 0 0 0 0 0
32.391117095947266 19.03069305419922 20.56971549987793 -0.8230945598368377 -0.008305417829422092 0.5678436101618832 0.5534345383643116 0.21254282311064288 0.8053171798053481 0 0 0 0 0 0
31.79314422607422 18.57004737854004 22.45387840270996 -0.9917030091052235 0.12205788242679978 0.040336274854408695 -0.12853680802315443 -0.9460415862983506 -0.2974619403845126 0 0 0 0 0 0
31.760581970214844 18.195444107055664 22.632497787475586 -0.8454384560053935 0.10383698422525581 -0.5238813776173195 -0.05200501215599405 -0.9922617746372835 -0.11274772416471916 0 0 0 0 0 0
31.611045837402344 17.873905181884766 22.842121124267578 -0.426728904014796 -0.06295968958464578 -0.902185413296921 -0.0786245502406245 -0.9912140971456668 0.10636161769717402 0 0 0 0 0 0
31.35115623474121 17.610551834106445 23.025718688964844 0.09764867935031557 -0.311848243585894 -0.9451007398121811 -0.22427779529158728 -0.9321066888504469 0.28438809950383154 0 0 0 0 0 0
30.999000549316406 17.404874801635742 23.123184204101562 0.5248551264442657 -0.5453734475952575 -0.6535249795556681 -0.44534115833844284 -0.8302509612101423 0.33519336822110424 0 0 0 0 0 0
30.608800888061523 17.237388610839844 23.07223129272461 0.713708826207407 -0.6833554839600602 -0.1537692880108285 -0.6477285815832227 -0.7274487074640449 0.22642010204281013 0 0 0 0 0 0
30.274810791015625 17.062700271606445 22.85601043701172 0.6199463670862273 -0.687966173863797 0.37731822849657887 -0.7442558701199764 -0.6678751529208939 0.005097048444904652 0 0 0 0 0 0
30.083772659301758 16.82952117919922 22.538164138793945 0.286098899611463 -0.5639110202161144 0.7746946372087076 -0.7024277390023004 -0.6733253261309833 -0.23071254120814724 0 0 0 0 0 0
30.04257583618164 16.456968307495117 22.368886947631836 -0.1889898900674341 -0.3561596828207294 0.9151137097570643 -0.5238908455950688 -0.7516349268485111 -0.40072848494100943 0 0 0 0 0 0
29.707706451416016 16.13079261779785 22.128307342529297 -0.45569961551278804 -0.18561053473175074 0.8705668209954309 -0.4154042552646779 -0.8206421071714692 -0.39241029120700865 0 0 0 0 0 0
30.05534553527832 15.771713256835938 22.011869430541992 -0.8231162733718157 -0.008409412718068252 0.5678106042407377 -0.21841844998188778 -0.9182831603059972 -0.3302263136183118 0 0 0 0 0 0
30.172771453857422 15.295963287353516 22.08660888671875 -0.9916962973907676 0.12213297477349146 0.04027393964364781 -0.1285898069742869 -0.9460213124014948 -0.2975035092641242 0 0 0 0 0 0
30.140153884887695 14.921369552612305 22.265119552612305 -0.8454559926100457 0.10382445671884588 -0.5238555590492467 -0.052003384499379995 -0.9922637788383075 -0.11273083520551037 0 0 0 0 0 0
29.990686416625977 14.599839210510254 22.47477149963379 -0.42685479821237937 -0.06298596475571744 -0.9021240211228502 -0.07874534828029738 -0.9911934716833581 0.10646441572894987 0 0 0 0 0 0
29.730798721313477 14.3364839553833 22.658447265625 0.09748595249901407 -0.3118601699973962 -0.9451136034543971 -0.2242297355056229 -0.9321029269486668 0.2844383224686971 0 0 0 0 0 0
29.389087677001953 14.263691902160645 23.42294692993164 -0.8067811894507209 -0.023143329568418938 0.5903968992508069 0.43120263381427726 0.6600733480849437 0.6151158132738609 0 0 0 0 0 0
28.87441062927246 13.759438514709473 25.21969223022461 -0.986876410835212 0.13225438913469048 0.0926484014520476 -0.15874793591360004 -0.8996625962573025 -0.4067017405159975 0 0 0 0 0 0
28.9213809967041 13.355046272277832 25.371673583984375 -0.8869975424630981 0.14928873244709065 -0.4369762396615698 -0.07234513820391386 -0.9795393141321272 -0.1878001944829089 0 0 0 0 0 0
28.8261661529541 13.010937690734863 25.625526428222656 -0.5508537422732737 0.029486523413386832 -0.8340807512228786 -0.12281000360251326 -0.99136072648667 0.04606097040850098 0 0 0 0 0 0
28.541913986206055 12.731115341186523 25.70234489440918 -0.08704477945037839 -0.20122817091071726 -0.975669221407728 -0.3132668559716365 -0.9241738413448496 0.21855568609292922 0 0 0 0 0 0
28.473928451538086 12.227300643920898 25.867176055908203 0.2109371356569275 -0.31284892252612023 -0.9260837308122288 -0.4067247162645264 -0.8895851574575167 0.2078779757714271 0 0 0 0 0 0
27.966365814208984 12.274408340454102 25.947834014892578 0.5445241243526784 -0.5533234595028734 -0.6303385020460999 -0.6180019585498359 -0.7727833596549917 0.1444972604200884 0 0 0 0 0 0
27.526641845703125 12.097103118896484 25.80144500732422 0.7040972798267461 -0.7023451061616774 -0.10468224487141556 -0.6931321886740148 -0.7117976359971239 0.11363051708443359 0 0 0 0 0 0
27.26692771911621 11.881983757019043 25.557518005371094 0.5512045096766909 -0.6974075052059222 0.45803532636089395 -0.7601502979971578 -0.6460784584251557 -0.06895034455176154 0 0 0 0 0 0
27.12291717529297 11.611516952514648 25.282155990600586 0.13158307489135107 -0.53253072683499 0.8361201584573441 -0.7239985309537065 -0.6277676375390308 -0.2858914486925743 0 0 0 0 0 0
27.089847564697266 11.283750534057617 25.03302001953125 -0.3878991831041488 -0.27369422508906005 0.8801282263966046 -0.5729248495152962 -0.6764083562503465 -0.4628486279579747 0 0 0 0 0 0
27.150800704956055 10.902087211608887 24.87042808532715 -0.8067827285427459 -0.023129008277911995 0.5903953572828992 -0.35378787898822633 -0.7813893766581246 -0.5140669010224639 0 0 0 0 0 0
27.25212287902832 10.486865043640137 24.856712341308594 -0.9868593454380348 0.1323077462392669 0.09275393580166347 -0.1588414382196642 -0.8996347873793005 -0.4067267471427338 0 0 0 0 0 0
27.29906463623047 10.082463264465332 25.008682250976562 -0.8869898047760211 0.14934082571717444 -0.4369741456854263 -0.07237535594877004 -0.9795268503266268 -0.18785355290887346 0 0 0 0 0 0
27.203874588012695 9.738386154174805 25.26258659362793 -0.5508409472487785 0.0294643838630163 -0.8340899837053802 -0.12285671713579673 -0.9913523784764774 0.046116035645380735 0 0 0 0 0 0
26.920597076416016 9.456342697143555 25.359189987182617 -0.08549573283683712 -0.19753037867182466 -0.9765614313336656 -0.3077944228765086 -0.9269710607564184 0.21444637037319508 0 0 0 0 0 0
26.847957611083984 8.956708908081055 25.50474739074707 0.20754623218611296 -0.31502246522063354 -0.9261130643240396 -0.4271056368880822 -0.8809052043717895 0.2039284086367609 0 0 0 0 0 0
26.745126724243164 8.820611953735352 26.480836868286133 -0.8230722536312268 -0.008282889960704963 0.5678762708868126 0.5532920069182999 0.2139065495456395 0.8050540001402383 0 0 0 0 0 0
26.14827537536621 8.360505104064941 28.36528205871582 -0.9916948349507001 0.12209329834420855 0.040429949685049864 -0.12859875779860755 -0.9460265537718302 -0.2974829727081028 0 0 0 0 0 0
26.115705490112305 7.985920429229736 28.54389762878418 -0.8454567892640072 0.10376999093183897 -0.5238650651354811 -0.05199518990103623 -0.992274423985697 -0.11264087948435421 0 0 0 0 0 0
25.9661865234375 7.664348602294922 28.753536224365234 -0.4267826630389428 -0.06290150311357523 -0.9021640424199144 -0.07864526860623434 -0.9912174623917533 0.10631492828152808 0 0 0 0 0 0
25.706302642822266 7.400999069213867 28.937150955200195 0.09755421805137095 -0.3118511463546562 -0.9451095370684142 -0.2242539577857039 -0.9321049438378507 0.2844126159130154 0 0 0 0 0 0
25.354122161865234 7.1952972412109375 29.034597396850586 0.5248924118861767 -0.5453404741566015 -0.6535225498718199 -0.4451486203994412 -0.8303014335500782 0.33532407489048477 0 0 0 0 0 0
24.964019775390625 7.027858257293701 28.983810424804688 0.713531574515882 -0.6834440427249566 -0.15419770631450408 -0.6478646873760165 -0.7274103783035718 0.2261536831171026 0 0 0 0 0 0
24.629955291748047 6.853160381317139 28.76752281188965 0.6199673647097024 -0.6880792698070572 0.37707742594418675 -0.7443011783821828 -0.6678245742258919 0.005108220717652889 0 0 0 0 0 0
24.43897247314453 6.61995792388916 28.44961166381836 0.28598213268551476 -0.5638377951812956 0.7747910431269454 -0.7023761468281603 -0.6733594715266327 -0.23076995140659134 0 0 0 0 0 0
24.398393630981445 6.244483470916748 28.30008316040039 -0.19072674539492468 -0.3592789559225412 0.9135326706923339 -0.5184764736867958 -0.7533513702336835 -0.4045291821368843 0 0 0 0 0 0
24.057167053222656 5.922784805297852 28.043804168701172 -0.45605985153911677 -0.18151690451134442 0.8712410832776071 -0.43517107201188454 -0.8084707290631337 -0.39623379251668145 0 0 0 0 0 0
24.410646438598633 5.564782619476318 27.92868995666504 -0.8230379332716345 -0.008255936259282766 0.5679264036056426 -0.2198914818969408 -0.9172911636443751 -0.3320009898917705 0 0 0 0 0 0
24.52605438232422 5.087950229644775 28.00240707397461 -0.9917016244185727 0.12206268142991517 0.040355791749179304 -0.12854699341400427 -0.9460803945080593 -0.29733408417417384 0 0 0 0 0 0
24.493453979492188 4.713349342346191 28.181005477905273 -0.8454297728269113 0.10383048087281989 -0.5238966791835545 -0.05202743110155172 -0.9922662832365814 -0.1126976910359478 0 0 0 0 0 0
24.343957901000977 4.391772270202637 28.390592575073242 -0.42690285412461787 -0.0628939179906093 -0.9021077032261977 -0.07863979987486211 -0.9912172334566072 0.10632110784915481 0 0 0 0 0 0
24.07966423034668 4.117973804473877 28.564905166625977 0.0975079312841525 -0.31176228655417026 -0.9451436293067844 -0.23289437219434816 -0.9304486133675849 0.28288794474586404 0 0 0 0 0 0
23.735187530517578 4.044821739196777 29.33119773864746 -0.806740308433606 -0.0231296679177411 0.5904532946901603 0.43096880944405436 0.6606009808193654 0.6147131277489254 0 0 0 0 0 0
23.220458984375 3.5405521392822266 31.127887725830078 -0.9868630567162056 0.1323210632749603 0.09269543409753887 -0.15883402939517924 -0.8995684067464663 -0.4068764341783825 0 0 0 0 0 0
23.267406463623047 3.1361944675445557 31.279848098754883 -0.8870311881314008 0.14932982465180314 -0.4368938941569878 -0.07237387040334095 -0.9795258730490944 -0.18785922098808389 0 0 0 0 0 0
23.172256469726562 2.792083978652954 31.533729553222656 -0.5508834696490013 0.029504460981794055 -0.8340604832082932 -0.1228086756771982 -0.9913616683697919 0.046044235963640975 0 0 0 0 0 0
22.88799476623535 2.512261152267456 31.61060333251953 -0.08705961274553105 -0.2011930341621943 -0.9756751441095589 -0.31325819545563655 -0.9241835442823437 0.21852706802042443 0 0 0 0 0 0
22.819997787475586 2.008462429046631 31.77533531188965 0.21106214335981446 -0.31290804464609123 -0.9260352732137803 -0.40672983405457164 -0.8895804760604062 0.20788799556992557 0 0 0 0 0 0
22.312442779541016 2.055567502975464 31.856027603149414 0.5445838977135221 -0.5533547520388535 -0.6302593884641203 -0.6180058966293958 -0.7727815388572944 0.1444901551409251 0 0 0 0 0 0
21.872764587402344 1.8782681226730347 31.709672927856445 0.7039755213303477 -0.7024780117654073 -0.10460931294003317 -0.6932948763733274 -0.7116675679071833 0.11345257680444111 0 0 0 0 0 0
21.613021850585938 1.6631357669830322 31.4656925201416 0.5511430926680344 -0.6974281150161091 0.458077849049036 -0.7601708461586095 -0.6460484907909124 -0.0690045809876998 0 0 0 0 0 0
21.469036102294922 1.3926684856414795 31.19046974182129 0.13156042272867488 -0.5327009700427983 0.8360152700082181 -0.7238133634732653 -0.6278580922833819 -0.2861615467035904 0 0 0 0 0 0
21.43589973449707 1.0648856163024902 30.941184997558594 -0.3877271461049661 -0.27361168044797884 0.8802296907601624 -0.573387182065931 -0.6760994108762678 -0.46272748573566985 0 0 0 0 0 0
21.496952056884766 0.6832324266433716 30.778736114501953 -0.8069333698227502 -0.023209253720311077 0.5901862987296866 -0.3534301927605622 -0.7816179262696743 -0.513965481505447 0 0 0 0 0 0
21.598237991333008 0.2680240571498871 30.764982223510742 -0.986870153791424 0.132230565634463 0.09274900035947 -0.1587699398491063 -0.899634652820528 -0.4067549601969217 0 0 0 0 0 0
21.6451416015625 -0.13638831675052643 30.916898727416992 -0.8870364368611755 0.1493895738210512 -0.43686281017522455 -0.07236474651506887 -0.979496798228463 -0.18801426999565543 0 0 0 0 0 0
21.54998779296875 -0.48046210408210754 31.17081069946289 -0.5508834991031851 0.029510221571979415 -0.8340602599564395 -0.12283773611196026 -0.9913574867805588 0.046056747508077714 0 0 0 0 0 0
21.266698837280273 -0.7625235915184021 31.267475128173828 -0.08547377900029482 -0.19750404323172485 -0.976568679617839 -0.3076725596405246 -0.9270194692989142 0.2144119856374797 0 0 0 0 0 0
21.194067001342773 -1.2621252536773682 31.412979125976562 0.2074454398260843 -0.31497111550641566 -0.9261531114734792 -0.4271306685587619 -0.8808975549451911 0.20390902301793637 0 0 0 0 0 0
20.69040870666504 -1.2194757461547852 31.493595123291016 0.544688503118307 -0.5534191361946627 -0.6301124457303564 -0.6191475900904221 -0.7721519323090733 0.14296032707218762 0 0 0 0 0 0
20.25049591064453 -1.3942766189575195 31.34671974182129 0.7040436546148597 -0.7024055689998158 -0.10463722585484223 -0.6932120858653742 -0.7117386623959245 0.11351246830651307 0 0 0 0 0 0
19.99074935913086 -1.6094098091125488 31.102697372436523 0.5512380642922232 -0.6972633127072374 0.45821443585715627 -0.7601411633297397 -0.6461129130091086 -0.06872783609713037 0 0 0 0 0 0
19.84674644470215 -1.879906177520752 30.82746696472168 0.13168392125004233 -0.5325432010455213 0.836096336497417 -0.7240401776778165 -0.627757361660452 -0.2858085302949945 0 0 0 0 0 0
19.81361961364746 -2.2076964378356934 30.57829475402832 -0.3877105250966586 -0.2735671560888357 0.8802508505186118 -0.5733130595829377 -0.6762013486033911 -0.4626703706296807 0 0 0 0 0 0
19.8746395111084 -2.5892980098724365 30.41567039489746 -0.8067341485492927 -0.023222163594658184 0.5904580803769485 -0.35374547655087407 -0.7814198707843952 -0.5140497284923847 0 0 0 0 0 0
19.97593116760254 -3.0045931339263916 30.4019718170166 -0.9868450618206376 0.1323742255226832 0.09281103586046219 -0.15893345602652106 -0.8995133917701267 -0.4069592296307688 0 0 0 0 0 0
20.022907257080078 -3.4089200496673584 30.553993225097656 -0.8869428533770233 0.14923313427207963 -0.4371062187601036 -0.0723890535499595 -0.9795831141284972 -0.18755465187634496 0 0 0 0 0 0
19.92774772644043 -3.7530040740966797 30.807830810546875 -0.5508629303230574 0.02944554712575091 -0.834076130668154 -0.1229596554900865 -0.9913351929221054 0.046211020285766194 0 0 0 0 0 0
19.643522262573242 -4.032820224761963 30.884645462036133 -0.08718777458521428 -0.2012704054308974 -0.9756477416878286 -0.31353724880969236 -0.9240604938528983 0.21864719826512055 0 0 0 0 0 0
19.575441360473633 -4.536687850952148 31.049406051635742 0.21102922958352946 -0.3128982564958571 -0.9260460816521144 -0.4065789357285365 -0.8896363880075638 0.20794390146072114 0 0 0 0 0 0
19.067914962768555 -4.489569187164307 31.130077362060547 0.5446169430648153 -0.5533418290392744 -0.6302421800881038 -0.6178814187859595 -0.7728568670539385 0.14461955388750372 0 0 0 0 0 0
18.628253936767578 -4.66688346862793 30.983793258666992 0.7039586618796352 -0.7024481488923954 -0.10492283108208846 -0.6932548074228675 -0.7116988885469198 0.11350094284261132 0 0 0 0 0 0
18.36849021911621 -4.8820061683654785 30.739778518676758 0.5511437782618477 -0.6974866565201933 0.45798788156406206 -0.7601604444757428 -0.646049132621048 -0.06911307324980356 0 0 0 0 0 0
18.224472045898438 -5.15249490737915 30.46450424194336 0.13162008422701896 -0.5325575675477648 0.8360972375720904 -0.7239986131820959 -0.6277690007703467 -0.2858882470165614 0 0 0 0 0 0
18.19139289855957 -5.480166912078857 30.215303421020508 -0.3877251258277234 -0.2736210077046767 0.880227681310099 -0.5732044704253308 -0.6762686663965995 -0.4627065224681631 0 0 0 0 0 0
18.39510154724121 -5.683259963989258 29.420137405395508 0.5250245493971992 -0.5453466421048776 -0.6534112506493921 0.29717214345267295 0.8368820936187386 -0.4596923738067241 0 0 0 0 0 0
18.46769905090332 -6.073293209075928 27.52425193786621 0.7137379033162162 -0.6833024677949792 -0.1538698894360519 -0.6476709825347806 -0.7275034091862921 0.22640911643472889 0 0 0 0 0 0
18.133771896362305 -6.247857570648193 27.308008193969727 0.6199572872988077 -0.6879933846484394 0.3772506654799803 -0.7442564950623018 -0.6678746373336132 0.0050732991309810835 0 0 0 0 0 0
17.942777633666992 -6.481117248535156 26.99018096923828 0.28602226564184485 -0.5638457954104572 0.7747704063495551 -0.7024435209365464 -0.6733164247328214 -0.23069046811534813 0 0 0 0 0 0
17.901538848876953 -6.853661060333252 26.820907592773438 -0.18892777196260818 -0.3560556354525352 0.9151670237960587 -0.5243408905475301 -0.7513976973717134 -0.4005847362098436 0 0 0 0 0 0
17.566593170166016 -7.1798810958862305 26.58026885986328 -0.45562956785708636 -0.185452373085836 0.8706371886217569 -0.4156345546409138 -0.8205769299984537 -0.3923027134022426 0 0 0 0 0 0
17.91429901123047 -7.538912296295166 26.463865280151367 -0.8230928176595715 -0.008333070882346713 0.5678457303237361 -0.21868651808126427 -0.9181353517231803 -0.3304598050075757 0 0 0 0 0 0
18.031696319580078 -8.014603614807129 26.53859519958496 -0.9917165437565105 0.12198018590751106 0.040238427971405664 -0.1284328361456918 -0.9461355560948747 -0.29720786680809147 0 0 0 0 0 0
17.999101638793945 -8.389202117919922 26.71714973449707 -0.8454014738682446 0.10381897478359649 -0.5239446234634749 -0.05205915101627832 -0.9922735918562607 -0.1126186649722841 0 0 0 0 0 0
17.849618911743164 -8.710762023925781 26.92677116394043 -0.4268624627677997 -0.06293014253920104 -0.9021242902393242 -0.07858624896126465 -0.9912204921267024 0.10633032240286074 0 0 0 0 0 0
17.589656829833984 -8.974225044250488 27.11035919189453 0.09767376245028103 -0.3118278144844148 -0.9451048884873464 -0.22429272768975522 -0.9321114328569525 0.28436077268647353 0 0 0 0 0 0
17.237552642822266 -9.1797513961792 27.207870483398438 0.5249144494529508 -0.5453387558644736 -0.6535062831432408 -0.4451982526681292 -0.8302962435992196 0.33527103019239535 0 0 0 0 0 0
16.847396850585938 -9.347291946411133 27.156965255737305 0.7136914181491546 -0.683358245452424 -0.1538377978015592 -0.6477496709682178 -0.7274554966974965 0.22633794221288744 0 0 0 0 0 0
16.513397216796875 -9.521941184997559 26.940710067749023 0.6199113005011573 -0.687996401106563 0.3773207277309071 -0.7443099649363912 -0.6678142732137305 0.005174223459146409 0 0 0 0 0 0
16.32230567932129 -9.755273818969727 26.622865676879883 0.28607411736976457 -0.5639112722621341 0.774703605507817 -0.7023502340447348 -0.6733766918824081 -0.23079856924775413 0 0 0 0 0 0
16.281768798828125 -10.130680084228516 26.473304748535156 -0.19078738625985384 -0.35924209591707273 0.913534503872318 -0.5184456430747315 -0.7533703209333947 -0.4045334037054819 0 0 0 0 0 0
15.94058609008789 -10.452353477478027 26.217012405395508 -0.45613558708278257 -0.18151203350857226 0.871202449427358 -0.43509779185103975 -0.8085009500323377 -0.39625260292287906 0 0 0 0 0 0
15.998746871948242 -10.414918899536133 25.22917938232422 0.5446714785724475 -0.553352594528578 -0.6301855969142705 -0.0763944628417791 0.7155680598098894 -0.69435310745112 0 0 0 0 0 0
16.16553497314453 -10.82304859161377 23.248737335205078 0.7039828969217067 -0.7024643051759477 -0.10465171186079512 -0.6932910034841787 -0.7116818633682308 0.11338655052793296 0 0 0 0 0 0
15.905765533447266 -11.03823471069336 23.004714965820312 0.5511511159565539 -0.6974235343806517 0.45807516967397965 -0.7601474243581767 -0.6460713838559842 -0.06904824548128442 0 0 0 0 0 0
15.7617769241333 -11.308748245239258 22.729455947875977 0.1316099202361552 -0.5325509249761677 0.8361030685283131 -0.7239989806101648 -0.6277680502373659 -0.2858894037501535 0 0 0 0 0 0
15.728597640991211 -11.636612892150879 22.480209350585938 -0.3877770727950825 -0.2736422531435177 0.8801981930843851 -0.5732172652581542 -0.6762194984718582 -0.462762527325227 0 0 0 0 0 0
15.789620399475098 -12.018208503723145 22.317646026611328 -0.8067223025927002 -0.023096958344099604 0.5904791757672598 -0.3538324635776867 -0.7814278476555242 -0.5139777296994491 0 0 0 0 0 0
15.890995979309082 -12.433401107788086 22.30402946472168 -0.9868491971121275 0.13240087645526347 0.09272901419203881 -0.1589285066506137 -0.89944443468006 -0.40711354521419824 0 0 0 0 0 0
14.09359073638916 -12.312846183776855 21.79792022705078 0.449916241850386 0.8929864505740365 0.012270876513473004 0.8362341206619798 -0.41641958505070564 -0.35680137979957915 0 0 0 0 0 0
16.524263381958008 -9.705798149108887 21.300106048583984 -0.8902048286689015 0.4495062527912441 -0.07402358891695027 -0.1104056276196389 -0.05523004443466298 0.9923508651589211 0 0 0 0 0 0
16.361316680908203 -10.057851791381836 21.122079849243164 -0.8901978719988999 0.44952653561671674 -0.0739840689950393 -0.1103260601876738 -0.05515336010602227 0.9923639792497918 0 0 0 0 0 0
16.226037979125977 -10.428487777709961 20.4987850189209 -0.8902137944372299 0.4494676749643222 -0.07414991136768455 -0.11065789492328353 -0.055464520554048026 0.9923096881774647 0 0 0 0 0 0
16.44412612915039 -10.099239349365234 19.875646591186523 -0.8901229402886655 0.449648430084325 -0.07414472668074816 -0.11058158527789272 -0.05527711762825116 0.9923286518407805 0 0 0 0 0 0
15.669654846191406 -12.507258415222168 19.14731216430664 0.44143831579166665 0.8913501033675719 0.10308834355850134 0.30796366768092703 -0.25841457139330287 0.9156310876549175 0 0 0 0 0 0
16.404314041137695 -12.725723266601562 19.644569396972656 -0.7136911882466517 0.6833460559743112 0.15389300050176358 0.6739974096320185 0.7297681248738659 -0.11474308574990723 0 0 0 0 0 0
16.76120376586914 -12.266642570495605 19.48248863220215 -0.5248349765954806 0.5454113646752977 0.6535095183890216 0.7233232887453778 0.6904940516204567 0.004624352423522916 0 0 0 0 0 0
16.85922622680664 -11.920680046081543 19.25568199157715 -0.09752607526583743 0.31188507949874805 0.9451012442216451 0.6513545204733255 0.7380012411553182 -0.17632769695136913 0 0 0 0 0 0
16.846519470214844 -11.527042388916016 19.117507934570312 0.42684379187997595 0.06285009622520908 0.9021387048220498 0.5016196913043105 0.8135904917624883 -0.29402074248161597 0 0 0 0 0 0
16.782217025756836 -11.120116233825684 19.1016788482666 0.8454356012237982 -0.10403131018313404 0.5238474307323986 0.30135007351429377 0.9027135305286109 -0.30707721340649863 0 0 0 0 0 0
16.717620849609375 -10.728531837463379 19.212636947631836 0.9916918501128458 -0.12218463387027155 -0.040226728250614116 0.11279223159331282 0.9762892098595285 -0.18476279713204746 0 0 0 0 0 0
16.707494735717773 -10.380072593688965 19.442707061767578 0.8230427658781813 0.0083801983733809 -0.5679175801212851 0.020907029003010353 0.9987665266886616 0.04503688826433988 0 0 0 0 0 0
16.796613693237305 -9.956888198852539 19.66569709777832 0.4560528309953715 0.1815056413264657 -0.8712471047342285 0.06767134578508013 0.9690744793004367 0.2373083279790742 0 0 0 0 0 0
16.89306640625 -9.664872169494629 19.812164306640625 0.1907493178359521 0.35934110336385094 -0.9135035135008345 0.5161803723929986 0.7548303535547058 0.4047084883081933 0 0 0 0 0 0
17.336631774902344 -9.602672576904297 20.14506721496582 -0.28606759532965437 0.5638078233702236 -0.7747813041167423 0.4005657154490762 0.8048958880129022 0.43782384250596906 0 0 0 0 0 0
17.766176223754883 -9.457999229431152 20.202693939208984 -0.6198458680687342 0.6881250417829844 -0.3771936196561166 0.5714854199890455 0.7252452245072526 0.38395804337110734 0 0 0 0 0 0
18.137102127075195 -9.263866424560547 20.076534271240234 -0.7137137642655553 0.6833217595371064 0.15389618462133578 0.6993637471809747 0.6830452505677445 0.21056954861953156 0 0 0 0 0 0
18.38347816467285 -8.994014739990234 19.8454532623291 -0.5249971391089687 0.5452709440032201 0.6534964434128432 0.7233715854226105 0.6904405773787736 0.005035723587034593 0 0 0 0 0 0
18.48149871826172 -8.648114204406738 19.618661880493164 -0.09751343777874494 0.3118456091296114 0.9451155725725571 0.651432262581791 0.737944898385435 -0.17627630077375384 0 0 0 0 0 0
18.46879768371582 -8.254508018493652 19.48047637939453 0.4267880980288892 0.06295173323346533 0.9021579676884677 0.501523730272065 0.8136450153276339 -0.2940335644216282 0 0 0 0 0 0
19.128459930419922 -8.218412399291992 18.363895416259766 -0.551222223373872 0.6974156843249539 -0.4580015542728224 0.25428047183466 -0.3823943492564604 -0.8883220155440654 0 0 0 0 0 0
18.99144172668457 -7.42533540725708 16.554475784301758 -0.7039812871768897 0.7024531630274529 0.10473729544673337 0.6846595471823387 0.6320201951720958 0.36303137240010086 0 0 0 0 0 0
19.29236602783203 -7.187209129333496 16.3895320892334 -0.5446739135729021 0.5532652066339727 0.6302602153090789 0.7782765175378913 0.6134367382085827 0.13409336473184416 0 0 0 0 0 0
19.580034255981445 -6.823188304901123 16.269746780395508 -0.20739940692870215 0.3149281839150045 0.9261780201352329 0.7400542941360155 0.6696839891445256 -0.061991906038764304 0 0 0 0 0 0
19.779863357543945 -6.552323818206787 16.17640495300293 0.08556271228981159 0.19753980645842487 0.9765536580905213 0.3302507469604721 0.9191143373372292 -0.21485641492214333 0 0 0 0 0 0
19.57683753967285 -6.108579158782959 15.897270202636719 0.5508824354840522 -0.02939021952535733 0.8340651996525273 0.43171921615383463 0.8653160667059454 -0.2546500011860798 0 0 0 0 0 0
19.43853759765625 -5.673396587371826 15.903829574584961 0.8869528371881289 -0.14945429969978943 0.4370103853516229 0.2573144656519022 0.9456492782434811 -0.19883839750878024 0 0 0 0 0 0
19.3543701171875 -5.2890191078186035 16.094167709350586 0.9868612820832725 -0.13232428206969588 -0.09270973141854906 0.13057392129751497 0.9911302262459823 -0.02472500148792678 0 0 0 0 0 0
19.396690368652344 -4.976601600646973 16.389863967895508 0.8067267819199851 0.023221488952227462 -0.590468171694179 0.10379542634334446 0.9781240110997481 0.18027736513590265 0 0 0 0 0 0
19.589805603027344 -4.735090732574463 16.68177032470703 0.38781890423013743 0.2737132173489249 -0.8801576973305612 0.16920190331992135 0.9175245314402976 0.35988810777542873 0 0 0 0 0 0
19.895647048950195 -4.537329196929932 16.885581970214844 -0.13154636497837766 0.5325506066060128 -0.8361132729867069 0.30999813766307655 0.8232407831900169 0.47557940192791326 0 0 0 0 0 0
20.254077911376953 -4.351042747497559 16.967161178588867 -0.5511746339834659 0.6974845082426225 -0.457954019105346 0.5013073475857014 0.7155616849079678 0.48647961760823977 0 0 0 0 0 0
20.61177635192871 -4.151340007781982 16.921775817871094 -0.7039980469179961 0.7024377337434105 0.10472812491909207 0.6846421783325255 0.6320373019340947 0.36303434632547454 0 0 0 0 0 0
20.91267204284668 -3.913252592086792 16.7568359375 -0.544514382585173 0.5534642506280363 0.6302233020403434 0.7783358947473187 0.6134331008195316 0.13376496464629797 0 0 0 0 0 0
21.211406707763672 -3.5540552139282227 16.620677947998047 -0.2110900087173922 0.3129012277094333 0.926031225131 0.7432163029181201 0.6667150135147863 -0.0558624903732335 0 0 0 0 0 0
21.395490646362305 -3.280082941055298 16.536901473999023 0.08709862332170368 0.2012632690165842 0.9756571766559307 0.3156274049329608 0.9233481548598444 -0.21864932236850326 0 0 0 0 0 0
21.203401565551758 -2.8350841999053955 16.260265350341797 0.5509219769224704 -0.02947050627615819 0.8340362489746258 0.4283108098935084 0.8677065637013579 -0.252260122567853 0 0 0 0 0 0
22.527536392211914 -3.1731855869293213 15.577155113220215 -0.6200418353776169 0.6879243243007229 -0.37723765243802226 0.35881541922544474 -0.17895073159572003 -0.9160939529259131 0 0 0 0 0 0
22.159616470336914 -2.3270020484924316 13.802081108093262 -0.7136285189023313 0.6834205037163503 0.15385302112521326 0.6994599543254263 0.6830446110434001 0.21025182905183776 0 0 0 0 0 0
22.406007766723633 -2.057091474533081 13.571002960205078 -0.5249054523286992 0.5452482268162561 0.6535890431068534 0.7233515122255266 0.690462418934025 0.004923190105900345 0 0 0 0 0 0
22.504117965698242 -1.7111291885375977 13.344245910644531 -0.09764472049422672 0.3118520511581846 0.9450998924706517 0.6516992305995739 0.737750741686487 -0.17610211803655795 0 0 0 0 0 0
22.491382598876953 -1.3174561262130737 13.206016540527344 0.42690066473889726 0.0628395966766233 0.9021125248742569 0.5016541231765823 0.8135532197412568 -0.2940651277329036 0 0 0 0 0 0
22.42701530456543 -0.9106879234313965 13.190224647521973 0.8454830127898886 -0.10384609230947817 0.5238076595428751 0.3010455691538593 0.9028668481023013 -0.3069251046927334 0 0 0 0 0 0
22.36246681213379 -0.5190198421478271 13.301233291625977 0.991700212676661 -0.12208206687473101 -0.04033183760578097 0.11267596317982298 0.9763132434964072 -0.1847067348393782 0 0 0 0 0 0
22.352327346801758 -0.17055322229862213 13.531171798706055 0.8230762289410051 0.008347058621476338 -0.5678695695004479 0.02085064647279588 0.9987737774457959 0.04490202699569767 0 0 0 0 0 0
22.4534912109375 0.24981532990932465 13.738005638122559 0.45554960099654807 0.1856160140237651 -0.8706441617387756 0.07147225659801028 0.9672372899425826 0.24360570904910425 0 0 0 0 0 0
22.53430938720703 0.5503343939781189 13.898951530456543 0.1888746947727963 0.35599121901839037 -0.9152030384872438 0.4997810519251235 0.7674000693269006 0.40164167330306433 0 0 0 0 0 0
22.983312606811523 0.6029114723205566 14.23310375213623 -0.2860083459178685 0.5638517090778262 -0.7747712412288802 0.3965041019687769 0.8057179999101611 0.44000341105803176 0 0 0 0 0 0
23.41107177734375 0.7516107559204102 14.291276931762695 -0.6198950200216888 0.6879863156007443 -0.377365861861434 0.5711992097922761 0.7253723716847813 0.3841437037477966 0 0 0 0 0 0
23.781936645507812 0.945561945438385 14.165016174316406 -0.7136569529098578 0.6833564816861878 0.15400543010196727 0.69943305539193 0.6830369685283578 0.2103661109796462 0 0 0 0 0 0
24.028310775756836 1.2154401540756226 13.933976173400879 -0.525011117988777 0.5453137738344666 0.6534494732223652 0.7233625270411056 0.6904503936035183 0.004990836147633719 0 0 0 0 0 0
24.126346588134766 1.5614440441131592 13.707222938537598 -0.09753660031811494 0.3118111418404432 0.9451245544490648 0.6515442090645842 0.7378657019183011 -0.1761940679109775 0 0 0 0 0 0
24.113666534423828 1.955102562904358 13.569028854370117 0.42686930225838826 0.06292812491540346 0.9021211946762296 0.5014016645149886 0.8137261199773818 -0.2940172996409479 0 0 0 0 0 0
24.773298263549805 1.991042971611023 12.452474594116211 -0.5511888483762073 0.6974007956670624 -0.45806438808169603 0.2540579865199148 -0.3826422538616322 -0.8882789229994918 0 0 0 0 0 0
24.63625144958496 2.7841532230377197 10.642988204956055 -0.7039670327391631 0.7024781834708563 0.10466526913883342 0.6846690602405048 0.6320377825779895 0.36298280860570015 0 0 0 0 0 0
24.93720245361328 3.022273063659668 10.478068351745605 -0.5447113828358215 0.5533678606190854 0.6301376994300083 0.7783080559126877 0.613387300762081 0.13413645800162144 0 0 0 0 0 0
25.235864639282227 3.381413459777832 10.341838836669922 -0.2110351101504534 0.31283824893052653 0.9260650151527527 0.7432421902851791 0.6666877000250341 -0.05584404368793095 0 0 0 0 0 0
25.419944763183594 3.6553971767425537 10.258115768432617 0.08703854412036069 0.20123639946931554 0.9756680805304816 0.31573044905597136 0.9233231702708607 -0.21860605385002935 0 0 0 0 0 0
25.227901458740234 4.100399494171143 9.981498718261719 0.5508737693674438 -0.029511179939689654 0.8340666523015241 0.42845500538969983 0.8676290586896526 -0.25228183619480016 0 0 0 0 0 0
25.085176467895508 4.534539222717285 9.988028526306152 0.887016958664215 -0.14931221689834565 0.43692880075246543 0.25703995562306337 0.945769298066697 -0.1986224963283884 0 0 0 0 0 0
25.00108528137207 4.918925762176514 10.17837905883789 0.9868652606555256 -0.13225839992099678 -0.09276137645399157 0.13051562078108675 0.9911401200580123 -0.024636053732621323 0 0 0 0 0 0
25.043420791625977 5.231510639190674 10.474071502685547 0.806752024442309 0.02315574236935312 -0.5904362646836322 0.10382896356489514 0.9781294263841445 0.18022866466371068 0 0 0 0 0 0
25.23653793334961 5.472859859466553 10.76597785949707 0.3878054827788963 0.27369097995063635 -0.8801705261029179 0.16909388394413483 0.9175697558514997 0.35982357004413557 0 0 0 0 0 0
25.54543113708496 5.680931568145752 10.974762916564941 -0.1316704329518348 0.5325585989259435 -0.8360886530723356 0.3099847227873061 0.8232537723862925 0.4755656609661967 0 0 0 0 0 0
25.908031463623047 5.867889404296875 11.058938980102539 -0.551255928433922 0.6974050058472067 -0.45797724745418567 0.5011574915835854 0.71563246450226 0.48652990080782305 0 0 0 0 0 0
26.265653610229492 6.067562580108643 11.013558387756348 -0.7039548787334654 0.7024837560004766 0.10470960444398147 0.6846906793333668 0.6320215422420263 0.36297030701701105 0 0 0 0 0 0
26.566579818725586 6.3056640625 10.848626136779785 -0.5446525557633769 0.5533798617130706 0.630178008304673 0.7783020943029888 0.6134231877571923 0.13400687566459382 0 0 0 0 0 0
26.865291595458984 6.66481351852417 10.712406158447266 -0.2111296506727086 0.31281658933179074 0.926050782649443 0.7433431131714602 0.6665875091411984 -0.05569657761025216 0 0 0 0 0 0
27.049394607543945 6.938783645629883 10.628607749938965 0.08701112885330776 0.20120638073015334 0.9756767168530496 0.3157978931506266 0.9233086727326648 -0.21856986420426422 0 0 0 0 0 0
26.857316970825195 7.3837761878967285 10.352002143859863 0.5509439209948204 -0.029484540395619603 0.8340212574008604 0.4283750657345565 0.8676616905292268 -0.25230535833564577 0 0 0 0 0 0
26.714635848999023 7.817927360534668 10.358573913574219 0.8869865967193877 -0.1493586546302657 0.4369745639361578 0.25718441033401246 0.9456921141147804 -0.19880292850525044 0 0 0 0 0 0
26.63053321838379 8.202316284179688 10.54892635345459 0.9868584054139443 -0.132284297290737 -0.0927973725605592 0.13053557722601347 0.9911360328098785 -0.024694686557377922 0 0 0 0 0 0
26.672901153564453 8.514894485473633 10.84460163116455 0.8067438832422781 0.02311638297857202 -0.5904489306359674 0.10379850084363687 0.9781531412738635 0.18011747121999788 0 0 0 0 0 0
26.865978240966797 8.756231307983398 11.136519432067871 0.38768853237958406 0.27372097912489934 -0.8802127171589095 0.16911110578015429 0.9175672263075284 0.35982192694181697 0 0 0 0 0 0
27.171842575073242 8.954073905944824 11.340286254882812 -0.13159003808233186 0.5325927372096901 -0.8360795644847329 0.3099127764354279 0.8232398247406003 0.47563669114477486 0 0 0 0 0 0
27.53028678894043 9.140443801879883 11.421921730041504 -0.5512587668992721 0.6974121731363178 -0.4579629162693993 0.5011670124354864 0.7156252275277812 0.48653073836326144 0 0 0 0 0 0
27.887971878051758 9.340119361877441 11.376507759094238 -0.7040414896533558 0.7023894144810724 0.10476016070825822 0.6846025371269383 0.6320621322769636 0.36306587157271814 0 0 0 0 0 0
28.18885040283203 9.578216552734375 11.211602210998535 -0.544640495131716 0.5533907933286839 0.6301788324925942 0.7783038629599116 0.613426947284651 0.13397939112681942 0 0 0 0 0 0
28.4765625 9.942314147949219 11.091756820678711 -0.20745073157674568 0.31493574850624806 0.9261639532399661 0.740093629440209 0.6696457383660063 -0.061935488617310346 0 0 0 0 0 0
28.678220748901367 10.211603164672852 10.994051933288574 0.08556246226315084 0.19754427805087282 0.9765527754611248 0.3351903540323329 0.9173076669723876 -0.21492805930672387 0 0 0 0 0 0
28.475261688232422 10.655416488647461 10.71492862701416 0.550893237150546 -0.029492384614806147 0.8340544589602796 0.4318145115219149 0.8652781805475954 -0.25461715949113284 0 0 0 0 0 0
28.336894989013672 11.090483665466309 10.721536636352539 0.8869888147356938 -0.1493262815845541 0.4369811256357642 0.2571103997644841 0.9457323276526932 -0.19870733948590408 0 0 0 0 0 0
28.252769470214844 11.474876403808594 10.911883354187012 0.9868593811419515 -0.13232135005231738 -0.09273414782299227 0.1305714857586092 0.9911307589081111 -0.024716509725715766 0 0 0 0 0 0
28.29513168334961 11.787479400634766 11.207565307617188 0.8068220707915045 0.023108936623668967 -0.5903423778891635 0.10380460471431865 0.9781447708626653 0.18015940517810314 0 0 0 0 0 0
28.48823356628418 12.028799057006836 11.49950885772705 0.38780430844691866 0.2736941495436014 -0.8801700579181344 0.169089489982564 0.9175700112749996 0.3598249835492716 0 0 0 0 0 0
28.79412841796875 12.226640701293945 11.703276634216309 -0.13177872194714438 0.5325317581074354 -0.8360886885067762 0.309767527957886 0.8233272011748485 0.4755800652134729 0 0 0 0 0 0
28.308923721313477 12.5441312789917 12.859933853149414 0.845391131266106 -0.10385894665952437 0.5239533895065358 -0.5337516151855786 -0.2020263196145203 0.8211544187726191 0 0 0 0 0 0
28.85871696472168 12.582062721252441 14.760660171508789 0.9917050873722077 -0.12206063221998398 -0.040276813952193624 0.11266893315618765 0.976326718378692 -0.18463978574874013 0 0 0 0 0 0
28.848554611206055 12.930557250976562 14.990647315979004 0.8230988141619269 0.008244052748056327 -0.5678383376626813 0.020931341061249855 0.9987748253555293 0.0448411328738446 0 0 0 0 0 0
28.937665939331055 13.353718757629395 15.213629722595215 0.45615955683167847 0.18149629391652744 -0.871193178351215 0.0676886231609379 0.9690682917343437 0.23732866714676015 0 0 0 0 0 0
29.0341739654541 13.645634651184082 15.360223770141602 0.1906063937339426 0.3593715775600561 -0.9135213582121318 0.5160836407853685 0.7549220143634623 0.40466088017391916 0 0 0 0 0 0
29.477642059326172 13.70793628692627 15.693033218383789 -0.2860271336616068 0.563878452970955 -0.7747448412764087 0.4007889533383481 0.8048036140510877 0.4377891703688658 0 0 0 0 0 0
29.90726089477539 13.852745056152344 15.750725746154785 -0.6199859787835276 0.6879526749039201 -0.37727775339181135 0.5712102162452747 0.725403190449983 0.38406913458648584 0 0 0 0 0 0
30.278133392333984 14.04666519165039 15.62454605102539 -0.7136543729244887 0.6833976475946453 0.15383462311150817 0.6994278636060475 0.683035061320523 0.21038956394828495 0 0 0 0 0 0
30.524484634399414 14.316569328308105 15.393449783325195 -0.5249091280454634 0.545372333900311 0.653482535888052 0.7233509306090727 0.6904639289701936 0.004795203648665819 0 0 0 0 0 0
30.62254524230957 14.66254997253418 15.166706085205078 -0.09734405196783381 0.3117651538480905 0.9451595761523871 0.6513673946927698 0.7379863690746951 -0.17634238342242453 0 0 0 0 0 0
30.609907150268555 15.056221961975098 15.028496742248535 0.4269360212747832 0.06285384728938442 0.9020947996851444 0.5015038132157813 0.8136551876811804 -0.2940393866296381 0 0 0 0 0 0
30.54551887512207 15.462992668151855 15.012686729431152 0.8454622653106052 -0.10384505496791446 0.5238413524098403 0.30109190305247646 0.9028339107722352 -0.3069765389666614 0 0 0 0 0 0
30.48093032836914 15.854632377624512 15.123676300048828 0.9917018219245742 -0.12204952033215373 -0.04039072886407291 0.11264164133237317 0.9763419761553858 -0.1845757466054117 0 0 0 0 0 0
30.470809936523438 16.203128814697266 15.353675842285156 0.8230169235553987 0.008362520182107756 -0.5679552903157176 0.02089456184962013 0.9987691786062285 0.04498383211057325 0 0 0 0 0 0
30.572002410888672 16.623472213745117 15.560456275939941 0.4555612447204214 0.18564088532777026 -0.8706327664426041 0.07145028992662955 0.9672339823434042 0.24362528495523597 0 0 0 0 0 0
30.650428771972656 16.92551612854004 15.725276947021484 0.18879742585149084 0.35608912112964236 -0.9151808945803936 0.494417866835146 0.7707398556691477 0.4018843712279507 0 0 0 0 0 0
31.09994125366211 16.978063583374023 16.059846878051758 -0.2860044915727398 0.5638224413095141 -0.7747939632418402 0.39654516896884395 0.8057256261419239 0.43995243418541935 0 0 0 0 0 0
29.98236656188965 17.73163414001465 16.785717010498047 0.8869960934723068 -0.1493945385750573 0.4369430191784883 -0.43651654787359734 0.03740210579207048 0.898918453428806 0 0 0 0 0 0
30.715534210205078 17.631214141845703 18.64691925048828 0.986863083817407 -0.13227927311043516 -0.09275477186523773 0.13052912308139478 0.9911363784850624 -0.024714920010333385 0 0 0 0 0 0
30.757883071899414 17.943782806396484 18.942611694335938 0.8066966444184002 0.023179266372205368 -0.5905110037031821 0.10380857299867498 0.9781354967063073 0.18020746448214764 0 0 0 0 0 0
30.950912475585938 18.18511390686035 19.2344970703125 0.38790775781238884 0.2736879303688113 -0.8801264046711711 0.16913783760695897 0.9175437012981692 0.35986934864989256 0 0 0 0 0 0
31.256797790527344 18.382936477661133 19.438312530517578 -0.1314978735160293 0.5325904663599287 -0.836095511531593 0.31004337040836155 0.8232029017740303 0.47561548647688096 0 0 0 0 0 0
31.61528205871582 18.5693416595459 19.519912719726562 -0.5511407279021826 0.6974020268190677 -0.45812041106690365 0.5010780824872887 0.7156381186331818 0.48660336867927867 0 0 0 0 0 0
31.97294807434082 18.769006729125977 19.474504470825195 -0.7039399304180676 0.7024999124069163 0.10470170691675085 0.6847000055593743 0.6320039093083296 0.36298341698482833 0 0 0 0 0 0
32.273860931396484 19.007125854492188 19.309547424316406 -0.5444517883375987 0.5533737097219495 0.6303568731794379 0.7783238470704036 0.6134595346561935 0.1337138303278068 0 0 0 0 0 0
32.572540283203125 19.366254806518555 19.173383712768555 -0.21095521574370799 0.31282279788272027 0.9260884375022465 0.7431734948171392 0.6667566868176358 -0.055934579512580074 0 0 0 0 0 0
32.75662612915039 19.64022445678711 19.089618682861328 0.08721271626419191 0.20137602150187822 0.9756237184928915 0.3154891046989129 0.9233618800051625 -0.21879091244750196 0 0 0 0 0 0
32.56462478637695 20.085220336914062 18.813005447387695 0.5509661118598311 -0.029464779951722288 0.8340072963256716 0.4283311686396456 0.8676814771609973 -0.2523118391267146 0 0 0 0 0 0
32.42194747924805 20.519367218017578 18.819499969482422 0.8869489592623843 -0.1493587902795735 0.4370509071373676 0.2571933550387632 0.9456983289312053 -0.19876178903559508 0 0 0 0 0 0
32.33781814575195 20.903791427612305 19.0098819732666 0.9868376661651074 -0.13246604074637075 -0.09275865828473903 0.1306987761598288 0.9911093438061008 -0.02490177765870632 0 0 0 0 0 0
32.380123138427734 21.216306686401367 19.305585861206055 0.8067345201803452 0.02319095936311154 -0.5904587990310642 0.10375092824513782 0.9781482987384933 0.18017117017787196 0 0 0 0 0 0
32.573265075683594 21.457738876342773 19.597488403320312 0.38784409250305585 0.27362701121687194 -0.8801734025991712 0.16907317369937921 0.9175974728872659 0.3597626157428296 0 0 0 0 0 0
32.87910461425781 21.655424118041992 19.80121421813965 -0.13170582319373436 0.53261701381695 -0.8360458675991262 0.31005162760256316 0.8232107793792738 0.4755964685894653 0 0 0 0 0 0
32.3939208984375 21.973011016845703 20.957931518554688 0.8454324213059841 -0.10386735727337007 0.5238850953193334 -0.5336972256013988 -0.20154685344486556 0.8213075777392069 0 0 0 0 0 0
32.94368362426758 22.010896682739258 22.858600616455078 0.9917248013720484 -0.12196573210482477 -0.04007840485480229 0.11262494939793759 0.9763737116182051 -0.18441799270679174 0 0 0 0 0 0
32.93357467651367 22.359426498413086 23.088674545288086 0.8231288220032364 0.008373387854464622 -0.5677929453272585 0.02087735346830567 0.9987690363341721 0.04499497941180394 0 0 0 0 0 0
33.03472137451172 22.779781341552734 23.295427322387695 0.4556042960447186 0.18561232609697226 -0.8706163275671251 0.0713990986145223 0.9672496126568032 0.24357823287867447 0 0 0 0 0 0
33.11560821533203 23.080303192138672 23.456384658813477 0.18884369548644508 0.35615007408877486 -0.915147629293538 0.4997456181790784 0.7673612776409421 0.4017598619674092 0 0 0 0 0 0
33.564579010009766 23.132810592651367 23.790491104125977 -0.28599285191827467 0.5638364143886313 -0.7747880913262823 0.3965997948239487 0.805704955304335 0.43994105030519887 0 0 0 0 0 0
33.9923210144043 23.281494140625 23.848674774169922 -0.6199676719789972 0.687980339118201 -0.3772573905011642 0.5711006376263903 0.7253711813661339 0.38429248099101526 0 0 0 0 0 0
32.903987884521484 24.852886199951172 24.063364028930664 -0.4346003356138818 -0.8865890710871613 -0.15837413713452597 0.09513766541063587 -0.2200593219617906 0.9708360929827089 0 0 0 0 0 0
32.491432189941406 22.392898559570312 24.1972599029541 -0.8901768317925304 0.44955651439415784 -0.07405503700349263 -0.11043548569696524 -0.05520703439974756 0.9923488231724068 0 0 0 0 0 0
32.65446853637695 22.745115280151367 24.375368118286133 -0.8902071938401731 0.44946174800618327 -0.0742649925229287 -0.1108022379303853 -0.055498415099330324 0.9922916859427375 0 0 0 0 0 0
32.78968048095703 23.115642547607422 24.99866485595703 -0.8902360855044092 0.449433373700482 -0.07409017930865629 -0.11056279584528994 -0.05541555486182571 0.992323024248772 0 0 0 0 0 0
32.571598052978516 22.78635597229004 25.62179946899414 -0.8901720143256273 0.44955393787687115 -0.07412854949918687 -0.11054726463356508 -0.05526784172344726 0.9923329924744357 0 0 0 0 0 0
33.377838134765625 23.904090881347656 27.111080169677734 -0.415681049527555 -0.868069290640481 -0.27141291736135664 0.531080941351547 0.010593202086672457 -0.8472548718081859 0 0 0 0 0 0
33.86201477050781 23.3669376373291 26.559524536132812 -0.8869782322722402 0.14924885275140545 -0.4370290555873849 -0.22432658347158718 -0.9664328014713801 0.1252406650738697 0 0 0 0 0 0
33.691062927246094 22.830120086669922 26.71876335144043 -0.5508321096474441 0.029526577464391204 -0.8340936207672288 -0.12284054806937159 -0.9913583935203807 0.046029722426999195 0 0 0 0 0 0
33.4078483581543 22.548099517822266 26.81540870666504 -0.08550487606178443 -0.1973735966331387 -0.9765923302595398 -0.3076826282863448 -0.9270424183270465 0.21429828481149443 0 0 0 0 0 0
33.33514404296875 22.048416137695312 26.961013793945312 0.20737041384515248 -0.31499436161200983 -0.9261620072181391 -0.42711299293291205 -0.8808928998880103 0.20396614962974105 0 0 0 0 0 0
32.831451416015625 22.091222763061523 27.041584014892578 0.5447198234977039 -0.553412414739115 -0.6300912736272832 -0.6191093116727933 -0.772178509146254 0.1429825521268546 0 0 0 0 0 0
32.39161682128906 21.916311264038086 26.89471435546875 0.7038629533797133 -0.7025610048312163 -0.10480924267515386 -0.6933912745682634 -0.7115879182998213 0.11336302255288559 0 0 0 0 0 0
32.131858825683594 21.701250076293945 26.650754928588867 0.5511281198548625 -0.6975201854714116 0.45795565982436753 -0.7600732738648281 -0.6461204247386853 -0.06940471952182425 0 0 0 0 0 0
31.98781394958496 21.430757522583008 26.375391006469727 0.13176060982358093 -0.5324961148121853 0.836114244232716 -0.7240131133560077 -0.6278181266064184 -0.28574361163978496 0 0 0 0 0 0
31.954673767089844 21.10289764404297 26.126300811767578 -0.38776805919309804 -0.2736956279816598 0.88018556878271 -0.5730327641608914 -0.6763707135742951 -0.4627700390227603 0 0 0 0 0 0
32.015804290771484 20.721370697021484 25.96368980407715 -0.806824576918806 -0.023215091500619137 0.5903347877318491 -0.3536227615584306 -0.7814839697556712 -0.51403671806857 0 0 0 0 0 0
32.117008209228516 20.306053161621094 25.949975967407227 -0.9868896783039911 0.132246307361456 0.09251852272007231 -0.1586835672038173 -0.8997129844589562 -0.4066153847254551 0 0 0 0 0 0
32.163978576660156 19.9017276763916 26.101959228515625 -0.886971601964697 0.14931099570557918 -0.43702128537359314 -0.07235599685909601 -0.9795362582961666 -0.1878119495710325 0 0 0 0 0 0
32.068851470947266 19.557588577270508 26.355810165405273 -0.5509436939411576 0.029400762871959422 -0.8340243649013014 -0.12288314078601849 -0.991343880523672 0.04622817602751745 0 0 0 0 0 0
31.78459930419922 19.277788162231445 26.432703018188477 -0.0871993716690268 -0.20126781834069402 -0.9756472389551994 -0.31332873151597296 -0.9241318177858481 0.21864466460999113 0 0 0 0 0 0
31.716556549072266 18.773950576782227 26.59740447998047 0.2109040613924897 -0.31291580630965016 -0.9260686664873907 -0.4067385359981566 -0.8895621866653923 0.20794922310304972 0 0 0 0 0 0
31.61114501953125 18.64031219482422 27.574378967285156 -0.8230446426975738 -0.008219766452003298 0.5679172048514622 0.553291005225949 0.21430179059877094 0.8049495674153877 0 0 0 0 0 0
31.013290405273438 18.179716110229492 29.458635330200195 -0.9917057190912648 0.12203804259225236 0.040329677433979465 -0.12851574486432177 -0.9460696764642077 -0.2973816917647721 0 0 0 0 0 0
30.98068618774414 17.805095672607422 29.63730239868164 -0.8453413905508133 0.10386453627316934 -0.5240325290727446 -0.051978335637400785 -0.9922551031393211 -0.11281871705679394 0 0 0 0 0 0
30.831134796142578 17.483577728271484 29.846864700317383 -0.42679086642623615 -0.0629252114294721 -0.902158508302005 -0.07872915854208534 -0.9912037062429863 0.106381071274089 0 0 0 0 0 0
30.571191787719727 17.22021484375 30.030445098876953 0.09771845109253975 -0.31179586788433106 -0.945110808892974 -0.2241150751251303 -0.9321573308658806 0.28435038880693375 0 0 0 0 0 0
30.219087600708008 17.01454734802246 30.1279239654541 0.5249079557093433 -0.5453305529705291 -0.653518344065333 -0.4451834810404727 -0.8303022646717012 0.33527573352351553 0 0 0 0 0 0
29.828935623168945 16.847076416015625 30.077056884765625 0.7136669660419243 -0.683325247893774 -0.1540975897651461 -0.6477135372082635 -0.7275039540714959 0.2262855950508072 0 0 0 0 0 0
29.494903564453125 16.67237663269043 29.860788345336914 0.6200705924986657 -0.6879791803124183 0.3770903177953611 -0.744203020926686 -0.6679338017074459 0.005128370134156117 0 0 0 0 0 0
29.303926467895508 16.43915367126465 29.542869567871094 0.28598301051177616 -0.5638305029989885 0.7747960257942272 -0.7024157694454332 -0.6733327645773007 -0.23072727402946916 0 0 0 0 0 0
29.262638092041016 16.066638946533203 29.373584747314453 -0.18884356109304554 -0.3560782998138828 0.9151755863414146 -0.5243942816072296 -0.7513767154229393 -0.40055420224717775 0 0 0 0 0 0
28.927745819091797 15.740458488464355 29.132999420166016 -0.45546597042579967 -0.18561716461212643 0.8706876695953834 -0.41563493024466697 -0.8205530393317112 -0.3923522835463077 0 0 0 0 0 0
29.275358200073242 15.381324768066406 29.01652717590332 -0.8229581666537316 -0.008259098884838209 0.5680419379091121 -0.21888208552640082 -0.9180897837165547 -0.3304569286168821 0 0 0 0 0 0
29.392833709716797 14.905648231506348 29.09132957458496 -0.9916984442057227 0.12209553977465014 0.04033453764562077 -0.12857197234599915 -0.9460753783302338 -0.2973392447094142 0 0 0 0 0 0
29.360288619995117 14.531050682067871 29.269845962524414 -0.8455600568719347 0.1038573980200374 -0.5236810394689098 -0.052028709066628515 -0.9922570617796125 -0.11277826378052896 0 0 0 0 0 0
29.210758209228516 14.209485054016113 29.479475021362305 -0.42684445728278775 -0.06285203797155214 -0.9021382547092129 -0.07866000784399547 -0.9912204473848882 0.10627618666514449 0 0 0 0 0 0
28.95088005065918 13.946158409118652 29.663190841674805 0.09746777834794378 -0.3118105938495499 -0.9451318351146083 -0.2242327409152068 -0.9321162359831092 0.28439233554780374 0 0 0 0 0 0
28.609132766723633 13.873368263244629 30.427629470825195 -0.8066417723477302 -0.023116387730341054 0.590588421594949 0.43058699358343483 0.6615126234458562 0.6139999104059871 0 0 0 0 0 0
28.094478607177734 13.369111061096191 32.22444534301758 -0.9868769703891276 0.13225539826235524 0.09264100035104864 -0.15874286229679774 -0.8997038537977896 -0.40661244340431296 0 0 0 0 0 0
28.141454696655273 12.964742660522461 32.376441955566406 -0.8869539050696758 0.14922192680257632 -0.4370876191829038 -0.0723775596978731 -0.9795831283323727 -0.18755901348307158 0 0 0 0 0 0
28.046226501464844 12.620607376098633 32.6302490234375 -0.5509352476595024 0.029489697159446323 -0.8340268045139836 -0.122793688114574 -0.9913627307873978 0.046061330473342536 0 0 0 0 0 0
27.76197624206543 12.340799331665039 32.70710372924805 -0.08706458893200252 -0.20124894617282613 -0.9756631688336033 -0.31330403484776626 -0.9241548983362078 0.21858249158911014 0 0 0 0 0 0
27.693986892700195 11.836956024169922 32.87192916870117 0.21095824555767423 -0.3127995817891634 -0.926095589161158 -0.4065914446924499 -0.8896478958470214 0.20787019631941922 0 0 0 0 0 0
27.18643569946289 11.884078025817871 32.952518463134766 0.5447063320565169 -0.5533777825808472 -0.6301333522068483 -0.6179194222630618 -0.772839034095301 0.14455246441595518 0 0 0 0 0 0
26.74676513671875 11.706783294677734 32.80622100830078 0.7040542500283544 -0.7023830277213163 -0.10471721628294056 -0.6931704589533885 -0.7117605714061213 0.11362923842911486 0 0 0 0 0 0
26.487001419067383 11.491658210754395 32.56217956542969 0.5511912620504053 -0.6973870949015731 0.4580823424931653 -0.7601419812559204 -0.6460872313528182 -0.068959827546 0 0 0 0 0 0
26.343006134033203 11.221200942993164 32.286930084228516 0.13161377407223834 -0.5325894749696264 0.8360779064333894 -0.7238897385888853 -0.627847542776314 -0.28599144986425734 0 0 0 0 0 0
26.309865951538086 10.89342975616455 32.037715911865234 -0.38775377679178546 -0.2736945237253118 0.8801922041613872 -0.5731524414386738 -0.6762650411482553 -0.4627762666706626 0 0 0 0 0 0
26.370887756347656 10.51176643371582 31.87514305114746 -0.8067425061683423 -0.023172472300392828 0.5904486135716722 -0.3537970278744251 -0.7813856256802115 -0.5140663060808085 0 0 0 0 0 0
26.47220230102539 10.096539497375488 31.861461639404297 -0.9868581581982977 0.13229158939332403 0.09278960595482436 -0.1588416550479473 -0.8996339579074434 -0.4067284971592445 0 0 0 0 0 0
26.519161224365234 9.692138671875 32.01338195800781 -0.887002187315259 0.14937726695188638 -0.436936553536015 -0.0724231390104101 -0.9795237512487545 -0.18785129670951659 0 0 0 0 0 0
26.42393684387207 9.348064422607422 32.267269134521484 -0.5508395731351065 0.02946422171603513 -0.8340908969093249 -0.12283422136918648 -0.9913558655876546 0.046100995928264485 0 0 0 0 0 0
26.140716552734375 9.066024780273438 32.363929748535156 -0.08562290149751725 -0.1975306080574093 -0.9765502432643272 -0.3078712514693385 -0.9269357482870452 0.2144887201375373 0 0 0 0 0 0
26.068073272705078 8.566381454467773 32.50960922241211 0.207255003594207 -0.31490384267035065 -0.9262186207136047 -0.4270707846949182 -0.8809195740073466 0.20393932673906257 0 0 0 0 0 0
25.564414978027344 8.609039306640625 32.59015655517578 0.5445371976510872 -0.5533854323652205 -0.630272800952301 -0.619212774559988 -0.7721046351250702 0.14293345388712922 0 0 0 0 0 0
25.124507904052734 8.434228897094727 32.44329833984375 0.7039327350186612 -0.7024807226504128 -0.10487868646060136 -0.6933083158121626 -0.7116674299408361 0.11337128554932871 0 0 0 0 0 0
24.864742279052734 8.219115257263184 32.19923400878906 0.5511775725354889 -0.6974529778575046 0.45799850132023895 -0.7601484234163894 -0.646069639420015 -0.06905356904077646 0 0 0 0 0 0
24.720712661743164 7.94862699508667 31.92392349243164 0.13173135056811403 -0.5325493029527475 0.8360849784573596 -0.7239648755214598 -0.6278320028821076 -0.28583532876157686 0 0 0 0 0 0
24.68754005432129 7.620853900909424 31.674699783325195 -0.38774482941967436 -0.2737041257620538 0.8801931599365773 -0.5732011154835378 -0.6762183336211891 -0.46278423318325135 0 0 0 0 0 0
24.74858856201172 7.239188194274902 31.51212501525879 -0.8067485738365263 -0.02315623049148937 0.5904409603018373 -0.353888129628808 -0.7812727411113525 -0.514175160528178 0 0 0 0 0 0
24.849929809570312 6.823971748352051 31.498489379882812 -0.9868830090080388 0.13223905233542269 0.0925999976709962 -0.15871090607853677 -0.899708738632598 -0.4066141093467728 0 0 0 0 0 0
24.89690399169922 6.419581890106201 31.650402069091797 -0.8869795275207879 0.14933902233967036 -0.43699562259321495 -0.07234899603625605 -0.9795211302372578 -0.18789352887013133 0 0 0 0 0 0
24.80170249938965 6.0754923820495605 31.90428352355957 -0.5509900328508959 0.02949569540732682 -0.8339904002153782 -0.12284751404878157 -0.991354258359092 0.04610013801854785 0 0 0 0 0 0
24.517431259155273 5.795651912689209 31.98110008239746 -0.0870543740916915 -0.20125750478179438 -0.9756623149022975 -0.3132691586378631 -0.9241657413824513 0.21858663431543496 0 0 0 0 0 0
24.449356079101562 5.291812419891357 32.14580535888672 0.2112279469130035 -0.31285614997297906 -0.9260150019664919 -0.40650017066613586 -0.8896920021709492 0.20785993486348087 0 0 0 0 0 0
23.94182777404785 5.338931560516357 32.22645568847656 0.5447243373924527 -0.5533772273161021 -0.6301182750407234 -0.6178864915360667 -0.7728594644646115 0.14458399553451315 0 0 0 0 0 0
23.5021915435791 5.161641597747803 32.080238342285156 0.7040302298176881 -0.7024054749832777 -0.10472814433746716 -0.6931986667355744 -0.7117388190608409 0.11359340596135849 0 0 0 0 0 0
23.24246597290039 4.94653844833374 31.836238861083984 0.5511471282423932 -0.6975140657906846 0.4579421044786245 -0.7601666159521331 -0.6460398904276631 -0.0691315844465858 0 0 0 0 0 0
23.09844398498535 4.676044464111328 31.560958862304688 0.13162228039076782 -0.5325774030821246 0.8360842571362257 -0.7240603917878424 -0.6277110484253754 -0.2858590364650943 0 0 0 0 0 0
23.05687141418457 4.340503692626953 31.30682373046875 -0.38766353606723486 -0.2736631479551777 0.8802417078593301 -0.5741018463758115 -0.6754260824974025 -0.46282467206286226 0 0 0 0 0 0
23.261905670166016 4.13441801071167 30.509023666381836 0.5249987231475313 -0.545334591177239 -0.653442058914955 0.2968111285315646 0.8368702215102174 -0.45994715601823066 0 0 0 0 0 0
23.334562301635742 3.7444570064544678 28.613216400146484 0.713633178757665 -0.6834015365919288 -0.15391564559855903 -0.6478132147739828 -0.7274264288388673 0.2262494848412478 0 0 0 0 0 0
23.00057029724121 3.5697786808013916 28.39694595336914 0.6199341154017476 -0.6880015441020879 0.3772738632269608 -0.7442703521979616 -0.6678592684930336 0.005063627856836621 0 0 0 0 0 0
22.809555053710938 3.336550712585449 28.079092025756836 0.2860316834552964 -0.5637991565015162 0.7748008693773568 -0.702435557523024 -0.6733382114442114 -0.23065112298974194 0 0 0 0 0 0
22.768983840942383 2.961102247238159 27.929582595825195 -0.19082154159102033 -0.3594205847590247 0.9134571596502526 -0.518171218759078 -0.7534625444381589 -0.4047132097899787 0 0 0 0 0 0
22.4277400970459 2.6393871307373047 27.673234939575195 -0.4560919092621965 -0.18150688841284945 0.8712263883539397 -0.43517098809561916 -0.8084648300012889 -0.3962459208255266 0 0 0 0 0 0
22.78120231628418 2.2814056873321533 27.558124542236328 -0.8230151611238921 -0.008234824528458312 0.5679597100369 -0.21992638547896878 -0.9172870897966445 -0.33198912612096 0 0 0 0 0 0
22.896610260009766 1.8045445680618286 27.631916046142578 -0.9917095429652983 0.12208596983403062 0.04008987853864238 -0.1284892130726961 -0.9461262667825306 -0.29721307075583214 0 0 0 0 0 0
22.864009857177734 1.4299548864364624 27.810482025146484 -0.8454397046330014 0.10382394188984778 -0.5238819475039359 -0.05198209832931905 -0.9922616120934462 -0.11275972072950595 0 0 0 0 0 0
22.714527130126953 1.1083877086639404 28.020036697387695 -0.4268311262563991 -0.06290819246260151 -0.9021406481141298 -0.07866270448103509 -0.9912136848537184 0.10633724597921057 0 0 0 0 0 0
22.454591751098633 0.8450407981872559 28.203685760498047 0.09766155981383758 -0.3118137421040364 -0.9451107924311337 -0.22413294309427603 -0.9321453126007935 0.28437570222553676 0 0 0 0 0 0
22.10247802734375 0.6393668055534363 28.301149368286133 0.5249599240916198 -0.5453670765363631 -0.653446118611092 -0.4452301054146445 -0.830280363259408 0.33526805934697995 0 0 0 0 0 0
21.712289810180664 0.4718875288963318 28.250213623046875 0.7137116129642767 -0.6833409948067567 -0.15382073441653699 -0.6477276055139098 -0.7274688554891718 0.2263581528209033 0 0 0 0 0 0
21.378273010253906 0.2971954643726349 28.034011840820312 0.619970456677689 -0.6880288611544897 0.37716431308557535 -0.7442881020598311 -0.6678387884367788 0.005154977349120617 0 0 0 0 0 0
21.18730926513672 0.06398694962263107 27.71613121032715 0.2859385091307828 -0.5638251441923475 0.7748163497065248 -0.7023582891235629 -0.6733668079247753 -0.23080289357939254 0 0 0 0 0 0
21.146055221557617 -0.3085399866104126 27.546911239624023 -0.18887067959911588 -0.35604669973447944 0.915182284572835 -0.524440866682487 -0.7513514300134737 -0.4005406420951938 0 0 0 0 0 0
20.809326171875 -0.6347731351852417 27.309677124023438 -0.45558285635969187 -0.18556633689387067 0.8706373502227749 -0.4162182836006106 -0.8201388387886281 -0.39259982871494264 0 0 0 0 0 0
20.863908767700195 -0.5969948768615723 26.32264518737793 0.5445940827238742 -0.5533756038964431 -0.6302322794608264 -0.07547125434548058 0.7160569613154599 -0.6939499390584237 0 0 0 0 0 0
21.030399322509766 -1.0039640665054321 24.34199333190918 0.7040230236594983 -0.7024194657257852 -0.10468274130361714 -0.693222394323371 -0.7117251511967148 0.1135342290350651 0 0 0 0 0 0
20.770662307739258 -1.2190978527069092 24.097997665405273 0.551226245952384 -0.6974150305512732 0.4579977084379444 -0.7601590261298995 -0.646072405491607 -0.06891082538710003 0 0 0 0 0 0
20.626657485961914 -1.4895862340927124 23.822710037231445 0.13158213773639774 -0.5325477940122254 0.8361094354936033 -0.7239275513857069 -0.6278210366973216 -0.2859539232551203 0 0 0 0 0 0
20.593530654907227 -1.8173534870147705 23.57355499267578 -0.3878257626316121 -0.2736551812209192 0.8801727214758215 -0.5731157654574517 -0.6762846155259755 -0.4627930835557104 0 0 0 0 0 0
20.654541015625 -2.19901180267334 23.410930633544922 -0.806761917573038 -0.02319289124171062 0.5904212886996241 -0.35380296121009713 -0.7813377552375272 -0.5141349792411994 0 0 0 0 0 0
20.75585174560547 -2.6142141819000244 23.39724349975586 -0.9868670870109328 0.13222083044233524 0.0927954986607386 -0.15877505374808418 -0.899708695559555 -0.40658916050703703 0 0 0 0 0 0
20.802793502807617 -3.0186173915863037 23.54922103881836 -0.8869661861447725 0.14935581378364815 -0.4370169625138375 -0.0723711472378334 -0.9795221666125177 -0.18787959485319086 0 0 0 0 0 0
20.707653045654297 -3.3626840114593506 23.803054809570312 -0.5509725117935653 0.029479513773729444 -0.8340025476673041 -0.1229619119830469 -0.9913357832284352 0.046192348850633405 0 0 0 0 0 0
20.423402786254883 -3.6425020694732666 23.87993812561035 -0.08718880303976344 -0.20128350714335064 -0.975644946882095 -0.3134655349234097 -0.924082121607046 0.2186586173499719 0 0 0 0 0 0
20.355369567871094 -4.1463494300842285 24.04469108581543 0.21091515306391312 -0.31287400706833035 -0.9260802632110419 -0.40668791850501856 -0.8895914554175423 0.2079230131326357 0 0 0 0 0 0
19.847883224487305 -4.0992302894592285 24.125385284423828 0.5444228745925827 -0.5533854020106801 -0.6303715812612642 -0.618089538757478 -0.7727084155070684 0.14452344682827015 0 0 0 0 0 0
19.408123016357422 -4.276562690734863 23.979066848754883 0.704002843378999 -0.7024102062231564 -0.10488040192441805 -0.6932074655174078 -0.711735513692523 0.1135604169584313 0 0 0 0 0 0
19.148353576660156 -4.491694450378418 23.735044479370117 0.5512692117428609 -0.6973622048788213 0.45802643088685824 -0.7601582564311423 -0.6460868657295967 -0.06878362531353012 0 0 0 0 0 0
19.00434112548828 -4.762166976928711 23.45978355407715 0.13168091238920118 -0.5325413765472742 0.8360979724754041 -0.7240802179491155 -0.6277235464763096 -0.28578136253780784 0 0 0 0 0 0
18.97129249572754 -5.089831829071045 23.210569381713867 -0.3877153344678842 -0.27375237348801723 0.8801911482332311 -0.5731414797132416 -0.6762641579591315 -0.46279113311724407 0 0 0 0 0 0
19.174976348876953 -5.292956829071045 22.415376663208008 0.5250958136181304 -0.5452299067476407 -0.6534514024077633 0.2978109001323501 0.8369987197678861 -0.4590662379976111 0 0 0 0 0 0
19.247570037841797 -5.682960033416748 20.51949691772461 0.71379368563111 -0.6832492550279592 -0.1538474239527421 -0.6476243938084131 -0.7275518145076392 0.22638684094029704 0 0 0 0 0 0
18.91359519958496 -5.857534408569336 20.30325698852539 0.6199901476141276 -0.6879547319864461 0.37726715149727713 -0.7442493175626179 -0.6678818052202892 0.005181463428913314 0 0 0 0 0 0
18.722673416137695 -6.090763092041016 19.98546600341797 0.28588669241313197 -0.5639124781834544 0.7747719122748801 -0.7023790866273896 -0.6733142053392163 -0.2308930478747553 0 0 0 0 0 0
18.681396484375 -6.463313102722168 19.81614875793457 -0.1887050869245853 -0.35615236319544213 0.9151753298461922 -0.5243726840336611 -0.7513992992833685 -0.4005401119436067 0 0 0 0 0 0
18.346481323242188 -6.789554595947266 19.57552719116211 -0.45552348261383063 -0.18549375106657634 0.8706838835666009 -0.41576985966726815 -0.8204981840370915 -0.39232404181249864 0 0 0 0 0 0
18.694210052490234 -7.148557662963867 19.459171295166016 -0.8230294893576781 -0.008519927115774713 0.5679347414004373 -0.21848381658321012 -0.9182076347751892 -0.3303930406830436 0 0 0 0 0 0
18.811588287353516 -7.6242804527282715 19.533809661865234 -0.9917025921787541 0.12202800973770452 0.040436784063450665 -0.12853825275053166 -0.9460767913934496 -0.29734932716674467 0 0 0 0 0 0
18.779003143310547 -7.998926639556885 19.712421417236328 -0.8454940677559641 0.10385747172618641 -0.5237875589932598 -0.05200638969257932 -0.9922560064512437 -0.11279784170175033 0 0 0 0 0 0
18.629552841186523 -8.320416450500488 19.92208480834961 -0.42693442351458266 -0.06303100938844804 -0.9020831945412487 -0.0788387867285872 -0.9911748479481962 0.10656859998158295 0 0 0 0 0 0
18.369592666625977 -8.583894729614258 20.105714797973633 0.097556987760928 -0.31180329042798066 -0.945125040519665 -0.2241582590917715 -0.9321376777497522 0.2843807739637919 0 0 0 0 0 0
18.017454147338867 -8.78943157196045 20.20315933227539 0.524967401005451 -0.5453328651018612 -0.6534686634578413 -0.44507226887653073 -0.830323516240882 0.3353707409039656 0 0 0 0 0 0
17.62729835510254 -8.956936836242676 20.152219772338867 0.7136202051846432 -0.6834441697141701 -0.15378644165184494 -0.6479135929825938 -0.7273914244919646 0.22607452665865882 0 0 0 0 0 0
17.29328727722168 -9.13159465789795 19.936023712158203 0.6199291741172787 -0.6880533377855927 0.377187517609443 -0.7442763169756457 -0.6678532189455819 0.004984168254869546 0 0 0 0 0 0
17.102222442626953 -9.364945411682129 19.618120193481445 0.2860044693769458 -0.5637646325977298 0.7748360358994401 -0.702433294271742 -0.6733442043598541 -0.23064052019006442 0 0 0 0 0 0
17.061697006225586 -9.740347862243652 19.46859359741211 -0.19081349849260296 -0.35924469235483497 0.9135280290214928 -0.5184485639670783 -0.7533596000688808 -0.4045496255152517 0 0 0 0 0 0
16.720491409301758 -10.062039375305176 19.21230697631836 -0.4562150817432348 -0.18149610595680124 0.8711641422329842 -0.43510522506423893 -0.8084767570156212 -0.39629380071772785 0 0 0 0 0 0
16.77865982055664 -10.024616241455078 18.224496841430664 0.544619529932228 -0.5532672741734315 -0.6303053949833368 -0.07557976902396567 0.7161066784269774 -0.6938868233556287 0 0 0 0 0 0
16.945405960083008 -10.432729721069336 16.24399185180664 0.7040060882244401 -0.7024375831791639 -0.10467506618262458 -0.6932381357165928 -0.7117071291622424 0.11355108756776447 0 0 0 0 0 0
16.685667037963867 -10.64795207977295 16.00006103515625 0.5512584637712118 -0.6973823466222113 0.4580086994155255 -0.7601457981781424 -0.6460936203564412 -0.06885781906814521 0 0 0 0 0 0
16.54166030883789 -10.918408393859863 15.724746704101562 0.13175918413937993 -0.5326347852756593 0.836026137695035 -0.7240239307254822 -0.6277612470784792 -0.28584115239638724 0 0 0 0 0 0
16.508485794067383 -11.24625015258789 15.47554874420166 -0.3877705820882584 -0.27377160037021114 0.8801608299042095 -0.5730715066237689 -0.6762928136568273 -0.46283590881876885 0 0 0 0 0 0
16.569477081298828 -11.62791633605957 15.312942504882812 -0.8066908985376957 -0.023121880697557478 0.5905211027977347 -0.35394927420627226 -0.7812882492142401 -0.5141095048028195 0 0 0 0 0 0
16.670886993408203 -12.04304027557373 15.299283981323242 -0.986857942360993 0.1323022030652596 0.09277676790611895 -0.15885256635611458 -0.8995405832911764 -0.4069307080747857 0 0 0 0 0 0
14.872355461120605 -11.909730911254883 14.737988471984863 0.4105557484957311 0.8618699961466955 0.29769797970292855 0.8369027258448415 -0.48577961658221275 0.25221417800494966 0 0 0 0 0 0
17.174209594726562 -9.3805570602417 15.462838172912598 -0.8901853938979484 0.44954827259289176 -0.07400212902005869 -0.1103905829621235 -0.055237481959076955 0.9923521248932272 0 0 0 0 0 0
17.011220932006836 -9.732572555541992 15.284822463989258 -0.890248914620755 0.44941662922330816 -0.07403758095810228 -0.11043442125041891 -0.05527900744908155 0.9923449349588729 0 0 0 0 0 0
16.875926971435547 -10.103235244750977 14.661442756652832 -0.8901812913664264 0.449549325024887 -0.07404507323833093 -0.11045918203611649 -0.05527902426848801 0.992342178172346 0 0 0 0 0 0
17.094053268432617 -9.773926734924316 14.038362503051758 -0.8901802170556486 0.4495582718877696 -0.07400365761258336 -0.11042225384530883 -0.055295431462855836 0.9923453739072194 0 0 0 0 0 0
16.46974754333496 -12.113129615783691 12.559130668640137 0.3930672767618908 0.8400461554568345 0.3739258919106605 0.47142378640571964 -0.533252126524806 0.7024256424474172 0 0 0 0 0 0
17.184200286865234 -12.33535099029541 12.639832496643066 -0.7137106967012047 0.6833113161166547 0.1539567688710244 0.6740206214929426 0.7297929876002509 -0.11444822869650426 0 0 0 0 0 0
17.541109085083008 -11.87627124786377 12.477720260620117 -0.5250036919262424 0.5452390535512989 0.6535177870160069 0.7233827785356255 0.6904284105498407 0.005095647524988355 0 0 0 0 0 0
17.63916015625 -11.530332565307617 12.250959396362305 -0.09766614720917831 0.31185118870978124 0.9450979630649997 0.6515737609984454 0.737853936577397 -0.17613404627038856 0 0 0 0 0 0
17.62640953063965 -11.136737823486328 12.112744331359863 0.42687705964467526 0.06295399594569942 0.9021157189316596 0.5015416699749512 0.8136082266356102 -0.29410475485716747 0 0 0 0 0 0
17.562108993530273 -10.729820251464844 12.096945762634277 0.8454510406712725 -0.10390641448755307 0.523847301087066 0.3011781177405266 0.902794521223663 -0.30700780746230355 0 0 0 0 0 0
17.497547149658203 -10.33823299407959 12.207939147949219 0.9917004065608506 -0.12206273476024761 -0.04038554704214244 0.11265592159932918 0.9763413568249145 -0.18457030715120712 0 0 0 0 0 0
17.487398147583008 -9.989740371704102 12.437932968139648 0.8230314068963631 0.008359303898081198 -0.5679343494635035 0.02093388248562423 0.9987659455508978 0.0450373020051053 0 0 0 0 0 0
17.576492309570312 -9.566564559936523 12.660951614379883 0.45618850738416794 0.18142262723504698 -0.8711933631850843 0.06752522133797867 0.9691176450773316 0.23717363783318013 0 0 0 0 0 0
17.672931671142578 -9.274577140808105 12.807435035705566 0.1908703812900427 0.35938751882570813 -0.913459965657223 0.5162814892904042 0.7547080630632094 0.4048075633723527 0 0 0 0 0 0
18.116472244262695 -9.212345123291016 13.140325546264648 -0.285970768599971 0.5638279612586896 -0.7748023939103516 0.400829544733342 0.80481671757819 0.4377279145491293 0 0 0 0 0 0
18.54607582092285 -9.067718505859375 13.197962760925293 -0.6198264540878328 0.6881286630389405 -0.3772189151105019 0.5715214965960328 0.7252438645704989 0.38390691037213504 0 0 0 0 0 0
18.917030334472656 -8.873573303222656 13.071813583374023 -0.7137387959366888 0.6832967238001034 0.15389125517355115 0.6993379875189124 0.6830674844593853 0.21058297862677602 0 0 0 0 0 0
19.163393020629883 -8.603702545166016 12.84072494506836 -0.5249425483898682 0.5453255880691387 0.6534947007336777 0.7233991443814886 0.690412226756075 0.004963371218078951 0 0 0 0 0 0
19.26141929626465 -8.257741928100586 12.613929748535156 -0.09756175601142798 0.3118352197518741 0.9451140140143236 0.6514367545487147 0.737950430470473 -0.17623653705029868 0 0 0 0 0 0
19.24868392944336 -7.864142894744873 12.475732803344727 0.4268682099190729 0.06279121508614217 0.9021312513534225 0.5017111135292984 0.8135333286971873 -0.29402292709934325 0 0 0 0 0 0
19.90839195251465 -7.828083515167236 11.359171867370605 -0.5512967749309399 0.6973624281757709 -0.4579929144861716 0.2540872012420244 -0.38253476672627656 -0.8883168614918149 0 0 0 0 0 0
19.771299362182617 -7.03502893447876 9.549724578857422 -0.7038581270244231 0.7025765685761679 0.10473730142317181 0.6848442548625115 0.6320282634041554 0.3626687480885816 0 0 0 0 0 0
20.072309494018555 -6.796932220458984 9.384799003601074 -0.5447656328280998 0.5533467309558336 0.6301093560882048 0.7783088714883969 0.6133604774249056 0.1342543306398355 0 0 0 0 0 0
20.35995101928711 -6.432847023010254 9.264974594116211 -0.20754872313331402 0.3149192259423799 0.9261476170986909 0.7400593349862624 0.6696897853652869 -0.06186899124025986 0 0 0 0 0 0
20.5598087310791 -6.161996841430664 9.171626091003418 0.08547465398447918 0.19745598762509356 0.9765783207081921 0.33040243185409013 0.9190847797373606 -0.2147496232360626 0 0 0 0 0 0
20.35671615600586 -5.718266487121582 8.892512321472168 0.5509742269009144 -0.029313480630330003 0.8340072668414077 0.4314753169531788 0.8654438273004978 -0.2546292061952442 0 0 0 0 0 0
20.218402862548828 -5.283087253570557 8.899067878723145 0.8869895411912142 -0.14938318258393066 0.4369602025110474 0.2572116031498464 0.9456817943730027 -0.19881683780943665 0 0 0 0 0 0
20.134302139282227 -4.898709774017334 9.089422225952148 0.9868553322236794 -0.13234962411974235 -0.09273688725126775 0.130593105254162 0.9911261496372654 -0.024787020096905425 0 0 0 0 0 0
20.176624298095703 -4.586278438568115 9.385113716125488 0.8067395879828578 0.02320695990008141 -0.5904512462459919 0.10379735335184166 0.9781263727944762 0.18026344133260752 0 0 0 0 0 0
20.36971664428711 -4.344760417938232 9.677023887634277 0.3878686190399616 0.2736586203354359 -0.8801527673535652 0.1691412796886731 0.9175596833335478 0.35982697929160007 0 0 0 0 0 0
20.675569534301758 -4.14700174331665 9.880855560302734 -0.13159723259245737 0.5325559860857709 -0.8361018419177288 0.3099087908347495 0.8232624170014861 0.4756001830489711 0 0 0 0 0 0
21.03400230407715 -3.960705041885376 9.96242618560791 -0.551192515009873 0.6974198924120003 -0.4580308996837713 0.5011861356565539 0.715622212791054 0.48651547353160945 0 0 0 0 0 0
21.391695022583008 -3.761000394821167 9.917045593261719 -0.7040829892545686 0.7023575878071757 0.10469461825727511 0.6845216835136715 0.6320610526654427 0.3632201680841268 0 0 0 0 0 0
21.692609786987305 -3.5229172706604004 9.75206470489502 -0.544562458983527 0.5533532223136577 0.6302792552677791 0.7783210104712053 0.6134179492548052 0.1339209624782899 0 0 0 0 0 0
21.99131965637207 -3.1637210845947266 9.615924835205078 -0.21102650938721024 0.3128687582530298 0.9260566680528017 0.7431777941001428 0.6667539177148788 -0.05591046027628709 0 0 0 0 0 0
22.17539405822754 -2.889753580093384 9.53214168548584 0.0871273602971354 0.20123704651159666 0.9756600197809392 0.3156734652832855 0.9233358612105981 -0.21863474270693048 0 0 0 0 0 0
21.98331642150879 -2.4447438716888428 9.255522727966309 0.5508827426800025 -0.02950067594257328 0.8340610972442541 0.428398942049234 0.8676628496946873 -0.25226082872850397 0 0 0 0 0 0
21.840673446655273 -2.010571241378784 9.262054443359375 0.8869583039740985 -0.14938607775813725 0.4370226158717994 0.25723531492926044 0.94567595976469 -0.19881391268313428 0 0 0 0 0 0
21.756488800048828 -1.6262130737304688 9.452436447143555 0.9868541418346136 -0.1323247555733812 -0.09278503007658694 0.13056808144398224 0.99112959083679 -0.024781248470066453 0 0 0 0 0 0
21.798908233642578 -1.3136276006698608 9.748125076293945 0.8067075897941688 0.023108215109512605 -0.5904988356998984 0.10375813471845292 0.9781738939368714 0.18002800532174346 0 0 0 0 0 0
21.99199104309082 -1.072305679321289 10.040040969848633 0.3877483543389102 0.27366987135607657 -0.8802022581312863 0.1691354867895358 0.9175725767341193 0.35979682257348483 0 0 0 0 0 0
22.2978572845459 -0.8744710683822632 10.243815422058105 -0.13165787338561108 0.5325854766095065 -0.8360735102131888 0.30993821361182755 0.8232467001237709 0.47560821531848213 0 0 0 0 0 0
22.656278610229492 -0.6880726218223572 10.325428009033203 -0.5512145752140069 0.6973888069183105 -0.4580516827353627 0.5011204862613534 0.7156500734620816 0.48654211596006985 0 0 0 0 0 0
23.01395034790039 -0.4883895814418793 10.280004501342773 -0.7039804108434823 0.7024525120731782 0.10474755095334554 0.6846826019555686 0.6320526405394444 0.3629313904396645 0 0 0 0 0 0
23.314918518066406 -0.2503095865249634 10.115078926086426 -0.5446752271767943 0.5533324747817415 0.6302000232083625 0.778308450213379 0.6133929423699689 0.1341083687812222 0 0 0 0 0 0
23.602582931518555 0.11378463357686996 9.995266914367676 -0.20741152604735466 0.3149854254822963 0.9261558403402984 0.7400128850487293 0.6697245371806798 -0.0620481608106179 0 0 0 0 0 0
23.804288864135742 0.38309648633003235 9.897544860839844 0.0854085511891732 0.19747978432864471 0.9765792923082478 0.3353805460346919 0.9172642410282867 -0.21481666944693328 0 0 0 0 0 0
23.601276397705078 0.826877236366272 9.618494033813477 0.5509687217235494 -0.02944097094323107 0.834006412992273 0.4316531729999429 0.8653593712244128 -0.25461480097034866 0 0 0 0 0 0
23.46297836303711 1.261985421180725 9.625040054321289 0.8869619434214636 -0.14936003314339702 0.43702413139485047 0.25725101059489147 0.9456510436908623 -0.19891209393671852 0 0 0 0 0 0
23.378803253173828 1.6463543176651 9.81539249420166 0.9868599368863696 -0.13229659630825755 -0.09276354657881661 0.13054794099852765 0.9911342983795407 -0.02469894080199865 0 0 0 0 0 0
23.42118263244629 1.9589297771453857 10.111064910888672 0.8067421037821902 0.02314201273011248 -0.5904503579742205 0.10381151267950756 0.9781408926546771 0.18017648001863085 0 0 0 0 0 0
23.61423110961914 2.2002809047698975 10.402987480163574 0.3878247178245579 0.2737079574469473 -0.8801567714188888 0.16907784577462784 0.9175654165930737 0.3598421714315742 0 0 0 0 0 0
23.920101165771484 2.398125648498535 10.606779098510742 -0.1314982782936883 0.5325354791910785 -0.8361304720009457 0.30993364598371853 0.8232571429480463 0.4755931156695385 0 0 0 0 0 0
23.434946060180664 2.7155838012695312 11.763476371765137 0.8454364640579332 -0.10379896912705412 0.5238921255844372 -0.53369206819946 -0.2013828903302645 0.8213511476970199 0 0 0 0 0 0
23.984724044799805 2.753528594970703 13.664206504821777 0.9917017807438151 -0.1220487628093262 -0.040394028844110696 0.11264074214185324 0.9763433895115663 -0.18456881905348663 0 0 0 0 0 0
23.974605560302734 3.1019983291625977 13.8941650390625 0.8231198368398471 0.008344589417743582 -0.5678063948461595 0.02089519849898943 0.9987698418582436 0.04496880779103264 0 0 0 0 0 0
24.063749313354492 3.525238037109375 14.117169380187988 0.45604138016085904 0.18144571354657626 -0.87126558098926 0.06756604369006457 0.9691112154009971 0.23718828369899425 0 0 0 0 0 0
24.16015625 3.8170995712280273 14.263678550720215 0.19079736521712776 0.359356137399267 -0.9134875652901254 0.5161580550145133 0.7548243694074511 0.4047481112893286 0 0 0 0 0 0
24.603687286376953 3.8794331550598145 14.596532821655273 -0.2859467798917923 0.5638988000736204 -0.7747596932888585 0.4008623943452444 0.8047668091696821 0.43778958833970255 0 0 0 0 0 0
25.03336524963379 4.024167537689209 14.654251098632812 -0.6200035661472442 0.6879649361846942 -0.3772264897181661 0.5712323294799625 0.7253908847652765 0.38405948765307807 0 0 0 0 0 0
25.404178619384766 4.2181572914123535 14.528055191040039 -0.7136665128892813 0.6833875914515168 0.15382297692655741 0.6994198364890979 0.6830784417499661 0.21027537835419946 0 0 0 0 0 0
25.650550842285156 4.488035202026367 14.296928405761719 -0.5249786733203948 0.5452463574700775 0.6535317912882055 0.7233844411064795 0.6904269108823563 0.005062716120130067 0 0 0 0 0 0
25.748607635498047 4.834017276763916 14.070209503173828 -0.09750738515892274 0.3118407584758432 0.9451177975219175 0.651497237793294 0.7378932173546436 -0.17625251467630343 0 0 0 0 0 0
25.74439239501953 5.236614227294922 13.940616607666016 0.42674842392528844 0.0628754249763765 0.9021820567996918 0.4984426297063055 0.8160357894039235 -0.2926440419748512 0 0 0 0 0 0
25.678722381591797 5.645294189453125 13.92372989654541 0.8454731346769631 -0.10384469511203297 0.523823880552041 0.3010956371516492 0.9028241406257682 -0.30700160975406227 0 0 0 0 0 0
25.614147186279297 6.036938190460205 14.034740447998047 0.9916985576873942 -0.12207956051477248 -0.040380088970458056 0.1126706901645213 0.9763313424710357 -0.18461426078869353 0 0 0 0 0 0
25.604032516479492 6.385404586791992 14.26467227935791 0.8230762417611078 0.008367813832076893 -0.5678692454606803 0.020913592059194058 0.9987667139570815 0.045029687524511315 0 0 0 0 0 0
25.69314956665039 6.808583736419678 14.487666130065918 0.4561480433483668 0.18155890946240963 -0.871186159752482 0.0676688376259378 0.9690555521457398 0.23738632073030289 0 0 0 0 0 0
25.78960418701172 7.100489616394043 14.634204864501953 0.19063023489318182 0.35936040303137656 -0.9135207793354768 0.5161436228797633 0.7548806179788534 0.40466160326922124 0 0 0 0 0 0
26.233112335205078 7.162817001342773 14.96708869934082 -0.28605240169493346 0.5638158309917436 -0.7747810866352185 0.400747600249099 0.8048508396515655 0.43774020469538594 0 0 0 0 0 0
25.117435455322266 7.912407398223877 15.692418098449707 0.8869783630650566 -0.1493282189203455 0.43700167790125233 -0.4365764195107438 0.03738502178904054 0.8988900878711545 0 0 0 0 0 0
25.850597381591797 7.812011241912842 17.553638458251953 0.9868528108267512 -0.13238257783296858 -0.09271668053612755 0.13061736305178057 0.9911205710440925 -0.024882084370719076 0 0 0 0 0 0
25.893001556396484 8.124560356140137 17.849292755126953 0.8067019415382573 0.023176512822832385 -0.5905038753232527 0.10378995572348733 0.9781423759595999 0.18018084649325364 0 0 0 0 0 0
26.086055755615234 8.365907669067383 18.14121437072754 0.38775037152515307 0.27371470016709093 -0.8801874302070811 0.1692037433322414 0.9175322607729361 0.3598675363008749 0 0 0 0 0 0
26.391937255859375 8.56375789642334 18.34501075744629 -0.13169962916909952 0.5325852318620271 -0.8360670896998592 0.30994102783315797 0.8232512091410396 0.4755985764418795 0 0 0 0 0 0
26.75035858154297 8.750118255615234 18.42666244506836 -0.5512092235359025 0.6973865186171587 -0.4580616067080788 0.5010507807502288 0.7156487921835226 0.4866157841211599 0 0 0 0 0 0
27.108047485351562 8.949811935424805 18.38124656677246 -0.7040536511608386 0.7023942718730269 0.10464579842044648 0.6845379308614988 0.632040115543417 0.3632259813886143 0 0 0 0 0 0
27.408950805664062 9.187884330749512 18.2163143157959 -0.5446012873489267 0.5533873326170835 0.6302157550528557 0.7783008098121409 0.6134467436456129 0.13390646794072103 0 0 0 0 0 0
27.696680068969727 9.55198860168457 18.09647560119629 -0.20748392703918847 0.3149307903912378 0.9261582031618286 0.740124654337191 0.6696157810135857 -0.061888624639905965 0 0 0 0 0 0
27.898324966430664 9.821290969848633 17.99876594543457 0.08546976395055834 0.19749685163226754 0.976570485446687 0.3353157383559962 0.9172794121931233 -0.214853055778622 0 0 0 0 0 0
27.695350646972656 10.265064239501953 17.719675064086914 0.5508691282520397 -0.0294575408993696 0.8340716137257039 0.4317589926516594 0.865311598736888 -0.25459774028030024 0 0 0 0 0 0
27.557010650634766 10.700150489807129 17.726268768310547 0.8870019654522424 -0.14934124318342923 0.4369493178485199 0.25712800390250357 0.9457213856317858 -0.19873663569611294 0 0 0 0 0 0
27.472858428955078 11.08454418182373 17.916635513305664 0.9868571556955964 -0.13228012234626965 -0.09281661211471515 0.1305365479676502 0.9911373096991958 -0.02463824196102652 0 0 0 0 0 0
27.515214920043945 11.39713191986084 18.21226692199707 0.8068346186089383 0.02311965230328738 -0.590324808805749 0.10376068927440434 0.9781557414554021 0.18012513655548773 0 0 0 0 0 0
27.708332061767578 11.638492584228516 18.504255294799805 0.3877811923725586 0.2736378639616848 -0.8801977426968347 0.1689821914034507 0.9176301635829265 0.35972197857687155 0 0 0 0 0 0
28.014179229736328 11.8363037109375 18.707988739013672 -0.13169390033902983 0.5325763700490888 -0.8360736371150748 0.31000671057019435 0.8232418605423929 0.47557194876500786 0 0 0 0 0 0
27.529008865356445 12.153799057006836 19.86469841003418 0.8454264085383045 -0.1038704333729229 0.5238941885695477 -0.53370372960871 -0.2016917298369132 0.8212677852668681 0 0 0 0 0 0
28.07880973815918 12.19174861907959 21.765439987182617 0.9916803322599864 -0.12220881968843496 -0.04043665415291291 0.11278083617930884 0.9762977115861144 -0.18472482600455134 0 0 0 0 0 0
28.068668365478516 12.540218353271484 21.99542999267578 0.8230603037649961 0.008357950938139236 -0.5678924907254788 0.020922983921517164 0.9987667951031071 0.04502352433215795 0 0 0 0 0 0
28.157825469970703 12.963410377502441 22.218358993530273 0.45611467619847157 0.18151536487127518 -0.8712127033463246 0.06762593296272333 0.96907721253876 0.23731011215080625 0 0 0 0 0 0
28.254209518432617 13.25532341003418 22.36491584777832 0.19085223060251139 0.35935476090435386 -0.9134766455084773 0.516156522983415 0.7548100091520116 0.4047768445274653 0 0 0 0 0 0
28.697750091552734 13.317626953125 22.69780158996582 -0.28588945272874866 0.5638654808281484 -0.7748050982982093 0.40072608468702414 0.8048077654043622 0.4378390866474179 0 0 0 0 0 0
29.12742042541504 13.462410926818848 22.75546646118164 -0.6199496806731118 0.6879960786452282 -0.37725825266267626 0.5711943574602639 0.7253598864523599 0.38417449307752816 0 0 0 0 0 0
29.498241424560547 13.656340599060059 22.629257202148438 -0.7136946384584851 0.6833538194651887 0.1538425183684612 0.6993892074487948 0.683084439723024 0.21035775410578295 0 0 0 0 0 0
29.744632720947266 13.926252365112305 22.398195266723633 -0.5249586959842301 0.5452814620551961 0.6535185495833185 0.7233824288091478 0.6904294772698679 0.0049998607016133205 0 0 0 0 0 0
29.84266471862793 14.272193908691406 22.17137336730957 -0.09743201960528658 0.31187162681475883 0.9451153844603054 0.6513810496255213 0.7379686964963338 -0.1763659014102669 0 0 0 0 0 0
29.829957962036133 14.665914535522461 22.03322410583496 0.4269428891985587 0.06283733330692962 0.9020926997297236 0.50159266679695 0.8135905985789017 -0.29406654777371094 0 0 0 0 0 0
29.76559066772461 15.072677612304688 22.01736831665039 0.8454963012762867 -0.1039240175187924 0.5237707543485723 0.30116635973922173 0.9027908606216548 -0.3070301055913535 0 0 0 0 0 0
29.70107078552246 15.464301109313965 22.128402709960938 0.9917088327407207 -0.12198374326318026 -0.04041729139291286 0.1125737894253827 0.9763547736157028 -0.18454944587356345 0 0 0 0 0 0
29.690959930419922 15.812786102294922 22.358348846435547 0.8230592413891695 0.008285479243296208 -0.5678950924225297 0.020959888179770104 0.9987693624972114 0.04494934509429041 0 0 0 0 0 0
29.79210090637207 16.2331600189209 22.56520652770996 0.455595053678307 0.18554533657850963 -0.8706354433043878 0.07143553797588974 0.9672617465125286 0.243519357849901 0 0 0 0 0 0
29.870513916015625 16.535173416137695 22.73003578186035 0.18888765147463996 0.3561175715732717 -0.9151512062698439 0.4944898280192777 0.7706578655002079 0.4019530623445088 0 0 0 0 0 0
30.31999969482422 16.587730407714844 23.064546585083008 -0.2859439541222774 0.563895745161556 -0.7747629596783846 0.3967207716631831 0.8056403135666412 0.43995035457107284 0 0 0 0 0 0
29.202423095703125 17.341285705566406 23.79043960571289 0.8870145524164449 -0.14934744982730783 0.43692164404104983 -0.43644764957311905 0.037701747004552824 0.8989393903122194 0 0 0 0 0 0
29.935575485229492 17.24090576171875 25.6516056060791 0.9868490693724189 -0.13238056417167626 -0.09275936884422697 0.13061671942492 0.9911211580866947 -0.02486207150583304 0 0 0 0 0 0
29.97796058654785 17.5534610748291 25.947250366210938 0.8068210538161954 0.023118928942785378 -0.590343376555935 0.103766952720905 0.9781552075449401 0.1801244277596254 0 0 0 0 0 0
30.171096801757812 17.794801712036133 26.239242553710938 0.3876809449428704 0.27372390186029566 -0.8802151501073918 0.16902579579524607 0.9175941611819838 0.35979332361859534 0 0 0 0 0 0
30.476900100708008 17.992612838745117 26.442960739135742 -0.131745958278554 0.532505233703647 -0.8361107453893234 0.30995635657004933 0.8232990109619162 0.47550583126913504 0 0 0 0 0 0
30.835378646850586 18.179000854492188 26.524585723876953 -0.5512157622520963 0.6974624204913609 -0.4579381567932208 0.501281147552935 0.7155811063891184 0.4864780481038565 0 0 0 0 0 0
31.193063735961914 18.378681182861328 26.479223251342773 -0.7041571599567624 0.7023167497395916 0.10446950328608896 0.684389213057322 0.6321359660759771 0.36333940805254084 0 0 0 0 0 0
31.49395179748535 18.61678123474121 26.314258575439453 -0.5446907610109419 0.5533508009510218 0.6301705054635481 0.7782022891179137 0.6135823042315702 0.13385795884263235 0 0 0 0 0 0
31.792638778686523 18.975908279418945 26.17802619934082 -0.21093807954444457 0.31283601896906077 0.9260878747903414 0.7432024629160504 0.6667239241869405 -0.05594021837893918 0 0 0 0 0 0
31.976757049560547 19.249893188476562 26.0943546295166 0.08705320319668391 0.20127059207367415 0.9756597196663954 0.31576738210777855 0.9233015854229167 -0.21864387197524818 0 0 0 0 0 0
31.78465461730957 19.694881439208984 25.81768798828125 0.5509585721728826 -0.02945083600982978 0.8340127696909325 0.42828546388306965 0.8677105042908748 -0.25228959980494536 0 0 0 0 0 0
31.641984939575195 20.12904930114746 25.824190139770508 0.886957799177069 -0.14932590058236309 0.43704420588109444 0.2571647611122983 0.9457018632354227 -0.1987819697938034 0 0 0 0 0 0
31.557863235473633 20.513458251953125 26.014596939086914 0.9868568545813206 -0.13231874668543256 -0.0927647446040724 0.1305662693789898 0.9911308663928665 -0.024739745022517797 0 0 0 0 0 0
31.60024642944336 20.825998306274414 26.31022071838379 0.8066974202686602 0.023066073689982085 -0.5905143760963121 0.1037972366482843 0.9781739619471831 0.18000509390773134 0 0 0 0 0 0
31.793380737304688 21.0673770904541 26.602214813232422 0.3878457634539109 0.27385538906741747 -0.8801016359771104 0.16922469995294628 0.9174556256744978 0.3600530181015723 0 0 0 0 0 0
32.09917449951172 21.265079498291016 26.805971145629883 -0.13151840789665836 0.5326729165017583 -0.8360397552807156 0.31007513919537866 0.8231517991410038 0.47568321772361816 0 0 0 0 0 0
31.613977432250977 21.582693099975586 27.962650299072266 0.8454784783267899 -0.10377165251609571 0.5238297307525556 -0.533632086091568 -0.20105519758005916 0.8214703915660045 0 0 0 0 0 0
32.16383743286133 21.62057876586914 29.8634090423584 0.9917011897481776 -0.12202522934842036 -0.04047954612535241 0.11259962311149696 0.9763402113466395 -0.18461071632694578 0 0 0 0 0 0
32.15367126464844 21.9691162109375 30.09342384338379 0.8230282508968705 0.008257553412849478 -0.5679404115197929 0.020805328959786575 0.9987850482839575 0.04467175406549353 0 0 0 0 0 0
32.254913330078125 22.389469146728516 30.300275802612305 0.45535720039338584 0.1855529811994409 -0.8707582392477822 0.07133631945107742 0.9672919285085844 0.2434285409916378 0 0 0 0 0 0
32.33560562133789 22.68998146057129 30.461109161376953 0.18915218564723665 0.35601443209552114 -0.9151366973324677 0.4998753018420939 0.7672535458412207 0.4018042794724188 0 0 0 0 0 0
32.78465270996094 22.742523193359375 30.79528045654297 -0.28588913227093965 0.5637863009416842 -0.7748628336162872 0.39651916510303215 0.8057379316728079 0.43995333521820246 0 0 0 0 0 0
33.21237564086914 22.891143798828125 30.85346221923828 -0.6199431679764278 0.6879902464144017 -0.37727959038092906 0.571220308217529 0.7253671970432701 0.3841221015946117 0 0 0 0 0 0
32.07554244995117 24.450593948364258 31.113515853881836 -0.3572052991034565 -0.7895665473696231 -0.49898801745855886 0.3512010720869588 -0.6085685431742099 0.7115491094954661 0 0 0 0 0 0
31.841537475585938 22.06765365600586 30.034650802612305 -0.8901528100527479 0.4495850832994045 -0.07417026108801282 -0.11067161834696862 -0.05541709753199786 0.9923108072542555 0 0 0 0 0 0
32.00455856323242 22.419851303100586 30.212568283081055 -0.8902216749600722 0.4494833175062731 -0.07396023739036134 -0.11025859209754556 -0.055081607603322216 0.9923754629032807 0 0 0 0 0 0
32.139747619628906 22.79035758972168 30.835920333862305 -0.8901643438422863 0.4496099831209452 -0.07388033588049853 -0.11025122540742595 -0.0552148859393527 0.9923688747975046 0 0 0 0 0 0
31.921642303466797 22.46109962463379 31.459014892578125 -0.890201226371069 0.44954513375089966 -0.07383054441307155 -0.11009300764847828 -0.055023876742555884 0.9923970488948121 0 0 0 0 0 0
32.714752197265625 23.562105178833008 33.64433288574219 -0.3313218802524382 -0.7504571239659451 -0.5718740392383198 0.8854030669660439 -0.03786497410064835 -0.463279238411868 0 0 0 0 0 0
33.08195114135742 22.9765682220459 33.56416702270508 -0.8870367598371743 0.14946419171212005 -0.436836630896963 -0.22436956701181232 -0.9664635158898386 0.1249262576594026 0 0 0 0 0 0
32.911109924316406 22.439754486083984 33.723480224609375 -0.5507499681428253 0.02958042160833603 -0.8341459532049232 -0.12273828081094233 -0.9913778833879172 0.04588253211046251 0 0 0 0 0 0
32.62788391113281 22.15777015686035 33.82012939453125 -0.08550103847530746 -0.19745056347875067 -0.9765771077603487 -0.30766258115744904 -0.9270325535321906 0.21436972931624934 0 0 0 0 0 0
32.55526351928711 21.65810203552246 33.96574783325195 0.20743445598834576 -0.3150338665174548 -0.9261342286169331 -0.4272709691111946 -0.8808264347557315 0.2039223155770055 0 0 0 0 0 0
32.05159378051758 21.70092010498047 34.0463981628418 0.5445928809436275 -0.5534086277950638 -0.6302043198102536 -0.6192227557489463 -0.7721008365212075 0.14291073089846215 0 0 0 0 0 0
31.611717224121094 21.526018142700195 33.89948272705078 0.7040008672301087 -0.7024511288033501 -0.10461926487102632 -0.6932664635993607 -0.7116940595100434 0.11346001985964563 0 0 0 0 0 0
31.3519229888916 21.310895919799805 33.65541076660156 0.5512313984681345 -0.6973682677454676 0.4580627080264783 -0.7601400420321941 -0.6460972582830722 -0.06888722188033923 0 0 0 0 0 0
31.207929611206055 21.040416717529297 33.38018798828125 0.13167554977825302 -0.5325093111279992 0.8361192397933317 -0.7240842786702715 -0.6277295633727025 -0.28575785667321424 0 0 0 0 0 0
31.17475128173828 20.712547302246094 33.13100051879883 -0.3875808077462437 -0.27357944085511837 0.880304155964386 -0.5733195042354172 -0.6762533864687251 -0.46258631989374316 0 0 0 0 0 0
31.23582649230957 20.331016540527344 32.96839141845703 -0.8066098074090211 -0.023095590644976023 0.590632891299106 -0.35420006928294456 -0.7810735832642514 -0.5142629370727585 0 0 0 0 0 0
31.33710289001465 19.91570281982422 32.95463562011719 -0.986842986730871 0.13228891639225032 0.09295462409078065 -0.15891695664280756 -0.8994984772618274 -0.40699863672381226 0 0 0 0 0 0
31.384153366088867 19.511327743530273 33.10673141479492 -0.8870220385805957 0.14941897943788882 -0.43688198824861624 -0.07239454064335915 -0.9794948102200224 -0.18801315708502728 0 0 0 0 0 0
31.288982391357422 19.167226791381836 33.36055374145508 -0.5510428039410956 0.029552499754566666 -0.8339535226755695 -0.122893525263717 -0.991349817961732 0.04607298422608639 0 0 0 0 0 0
31.00465965270996 18.88746452331543 33.43744659423828 -0.08710245214323577 -0.20125725052658977 -0.9756580763469919 -0.31328147280147345 -0.924157871980338 0.21860225629236377 0 0 0 0 0 0
30.9366397857666 18.38361358642578 33.602149963378906 0.21097976968714172 -0.312912315497474 -0.9260526008779252 -0.40684514517291176 -0.889529412117003 0.20788086210137707 0 0 0 0 0 0
30.429075241088867 18.430734634399414 33.68278121948242 0.5446231149046028 -0.5534694313599327 -0.6301247902294597 -0.6180803232233291 -0.7727193737697083 0.14450426791307902 0 0 0 0 0 0
29.989362716674805 18.253437042236328 33.5365104675293 0.7040209325908879 -0.702409311514196 -0.1047649062043656 -0.6931956233291254 -0.7117349942498314 0.11363593515053987 0 0 0 0 0 0
29.729686737060547 18.038320541381836 33.29249572753906 0.5511295095952548 -0.6973939566664502 0.45814619157907144 -0.760124880167353 -0.6460932251500652 -0.06909204705141243 0 0 0 0 0 0
29.585643768310547 17.767845153808594 33.01719665527344 0.13173213069867618 -0.5325836538986475 0.8360629745070358 -0.7240053510580311 -0.6277865507654735 -0.2858326403987599 0 0 0 0 0 0
29.552507400512695 17.44007110595703 32.76802062988281 -0.38776773946961374 -0.27368137987995805 0.8801901399888706 -0.57316870490209 -0.6762495882138027 -0.4627787053890049 0 0 0 0 0 0
29.613523483276367 17.058408737182617 32.605438232421875 -0.8067264651243572 -0.023096736234942468 0.5904734974943859 -0.35391692915045664 -0.7813119592886336 -0.5140957396567951 0 0 0 0 0 0
29.714828491210938 16.643157958984375 32.59169006347656 -0.9868663262595778 0.13236479480968588 0.0925981381557673 -0.15883565328832985 -0.8995348358628132 -0.40695001451496626 0 0 0 0 0 0
29.76180648803711 16.238815307617188 32.74372100830078 -0.8870011545648265 0.1493411796004604 -0.43695098566796686 -0.07241788700149902 -0.9795378402586381 -0.18777984221870297 0 0 0 0 0 0
29.666574478149414 15.894678115844727 32.99754333496094 -0.5509038985386225 0.02948460783429101 -0.834047691967195 -0.12280389500782692 -0.9913611375620252 0.046068408944026994 0 0 0 0 0 0
29.383298873901367 15.612630844116211 33.09418869018555 -0.08551960646563692 -0.1974314448173342 -0.9765793472664177 -0.3076437353439424 -0.9270417186372802 0.21435714126117683 0 0 0 0 0 0
29.311933517456055 15.110583305358887 33.235931396484375 0.20739919739804136 -0.3149702477818255 -0.92616376301975 -0.42631496211567166 -0.8812206629117502 0.20421972562338137 0 0 0 0 0 0
28.808975219726562 15.154191970825195 33.316158294677734 0.544386939842273 -0.5533672407863509 -0.6304185566381004 -0.6193562693900521 -0.7720106580469467 0.14281931042109736 0 0 0 0 0 0
28.368993759155273 14.979372024536133 33.16920471191406 0.7039971529988093 -0.7024380443519778 -0.10473205056972662 -0.6932234369751079 -0.7117063891639754 0.11364542248412303 0 0 0 0 0 0
28.10929298400879 14.764246940612793 32.9251823425293 0.5511568456813168 -0.6974853855501264 0.457974091409779 -0.7601430686713305 -0.6460667574222382 -0.06913942511221832 0 0 0 0 0 0
27.965213775634766 14.493764877319336 32.649906158447266 0.13188510314920207 -0.532487117145353 0.8361003466340361 -0.7242298611055216 -0.6276750757539004 -0.2855085069843145 0 0 0 0 0 0
27.932125091552734 14.166015625 32.4007568359375 -0.38783411505701637 -0.27374520106961225 0.880141047837958 -0.5730093469439254 -0.6763339282418788 -0.46285279066222074 0 0 0 0 0 0
28.13591766357422 13.9629545211792 31.60555648803711 0.5248608289172318 -0.545321068838635 -0.6535641071455844 0.2969971244656059 0.836896544013957 -0.4597791672930132 0 0 0 0 0 0
28.208515167236328 13.57301139831543 29.70967674255371 0.7136750244490765 -0.6833443246533847 -0.153975626128357 -0.6477139519923331 -0.727473278022416 0.22638300766134048 0 0 0 0 0 0
27.874547958374023 13.398314476013184 29.493436813354492 0.6199337691588924 -0.687963650722362 0.3773435266984304 -0.74423146067722 -0.6679031979236617 0.004985091934696688 0 0 0 0 0 0
27.683576583862305 13.165106773376465 29.17554473876953 0.2859106360697935 -0.5637680558044211 0.774868174231378 -0.7023310084192237 -0.673397734769483 -0.2307956789460446 0 0 0 0 0 0
27.642961502075195 12.7896089553833 29.026063919067383 -0.1908238252020055 -0.3593353621045486 0.9134902108268415 -0.5182718335127321 -0.7534331802145702 -0.40463903610392093 0 0 0 0 0 0
27.301740646362305 12.46789836883545 28.769712448120117 -0.4560913969844479 -0.18149437488046527 0.8712292634453481 -0.435292354144992 -0.8083831461622271 -0.3962792644383129 0 0 0 0 0 0
27.655162811279297 12.10993766784668 28.654605865478516 -0.8231659694721933 -0.008335857918705754 0.5677396411874578 -0.21965648124370962 -0.9173661727424428 -0.3319492963624329 0 0 0 0 0 0
27.770601272583008 11.633078575134277 28.728321075439453 -0.9916974260212429 0.1220603492754197 0.04046586657423777 -0.1285776779126728 -0.9460946421973148 -0.29727547619694467 0 0 0 0 0 0
27.738008499145508 11.25846004486084 28.90696144104004 -0.8453416553165475 0.1038442471281967 -0.5240361229200304 -0.0519806040842528 -0.9922597536564517 -0.11277676211291736 0 0 0 0 0 0
27.588546752929688 10.936919212341309 29.116601943969727 -0.4268880645347929 -0.06290580569068818 -0.9021138730604602 -0.0786264769787139 -0.9912177777485095 0.10632588675022807 0 0 0 0 0 0
27.328598022460938 10.673572540283203 29.3001651763916 0.09753312348645388 -0.3117980158929304 -0.9451292436001587 -0.22415828877634764 -0.9321378957362219 0.2843800360526527 0 0 0 0 0 0
26.976421356201172 10.467890739440918 29.397645950317383 0.5248618338931096 -0.5452995099071973 -0.6535812878420956 -0.4450873209851209 -0.8303296751589547 0.33533551444592413 0 0 0 0 0 0
26.586219787597656 10.300403594970703 29.34667205810547 0.7137381880091793 -0.6833032945380707 -0.15386489739635878 -0.6476473680709355 -0.7274966070733047 0.22649850623706103 0 0 0 0 0 0
26.252187728881836 10.125714302062988 29.130428314208984 0.6200209659711265 -0.687946914794719 0.37723075720394084 -0.7442673930395594 -0.6678605324959439 0.005325109607567937 0 0 0 0 0 0
26.06126594543457 9.8925199508667 28.81253433227539 0.28595870667105044 -0.5638088126968763 0.774820779796437 -0.7023645122315664 -0.6733715204803846 -0.23077020467046624 0 0 0 0 0 0
26.02001953125 9.519981384277344 28.64335060119629 -0.1888566340191871 -0.3560433449635826 0.9151864882602267 -0.524303041967639 -0.7514492305651226 -0.4005376063075299 0 0 0 0 0 0
25.68326187133789 9.193748474121094 28.40611457824707 -0.4554275410543123 -0.18555938855345 0.8707200860028971 -0.416367520193077 -0.820087488137969 -0.39254885037129345 0 0 0 0 0 0
25.73787498474121 9.231534957885742 27.419143676757812 0.5445966563069244 -0.5534088536403208 -0.6302008589742032 -0.0756442852968819 0.7159307448759796 -0.6940613161985396 0 0 0 0 0 0
25.90439796447754 8.824556350708008 25.438508987426758 0.7039940594737237 -0.7024562882300972 -0.10463043224464695 -0.6932619651662689 -0.7116886007296812 0.11352173027764831 0 0 0 0 0 0
25.644651412963867 8.609432220458984 25.19452667236328 0.5511856647585223 -0.6974776707611627 0.45795115651594237 -0.760153552353515 -0.6460623932938035 -0.06906490292337296 0 0 0 0 0 0
25.500646591186523 8.338960647583008 24.919225692749023 0.13164620699356408 -0.5325882535974416 0.8360735782897549 -0.7238825960311507 -0.6278632439115766 -0.28597505854188465 0 0 0 0 0 0
25.467525482177734 8.011176109313965 24.670063018798828 -0.387855383178728 -0.27369906175662406 0.8801460250054112 -0.5729892264774805 -0.6763666556160598 -0.4628298753445861 0 0 0 0 0 0
25.528545379638672 7.629513740539551 24.507421493530273 -0.806755111724626 -0.02315088647942957 0.5904322367227273 -0.35378627343219676 -0.781404128629044 -0.5140455821154805 0 0 0 0 0 0
25.629810333251953 7.2142863273620605 24.493806838989258 -0.9868617215503465 0.132349984092833 0.09266835624588082 -0.15884344602539868 -0.8996452463699545 -0.40670282804367175 0 0 0 0 0 0
25.676828384399414 6.809915542602539 24.645742416381836 -0.886970147014714 0.14930997893552667 -0.4370245856870864 -0.07237240219422617 -0.9795417337078651 -0.1877770681559042 0 0 0 0 0 0
25.58159637451172 6.465814590454102 24.89959716796875 -0.5508950601057127 0.029460897298573093 -0.8340543677012225 -0.12286191283785947 -0.9913509171952218 0.0461336032628564 0 0 0 0 0 0
25.297353744506836 6.185985565185547 24.97641372680664 -0.08710879367379748 -0.20123375818101422 -0.9756623558552624 -0.3133315559151162 -0.92414544968799 0.21858299084968955 0 0 0 0 0 0
25.22931671142578 5.682159423828125 25.14114761352539 0.21115548998064804 -0.3128942176609822 -0.9260186648255824 -0.40658056438489354 -0.8896472932723013 0.2078940553208038 0 0 0 0 0 0
24.721776962280273 5.729266166687012 25.2218074798584 0.544684814292832 -0.5533478811366299 -0.6301782093347764 -0.6179103527972989 -0.7728481577446715 0.14454245389014628 0 0 0 0 0 0
24.282127380371094 5.551968097686768 25.07552146911621 0.7040007964430598 -0.7024283229442648 -0.10477275281887466 -0.6932341176550797 -0.7117172498628004 0.11351217717370894 0 0 0 0 0 0
24.02236557006836 5.336883544921875 24.831531524658203 0.551137232614006 -0.6974567674976698 0.4580412735750746 -0.7601491542618389 -0.6460629261966011 -0.06910831114487245 0 0 0 0 0 0
23.878332138061523 5.066395282745361 24.556217193603516 0.1317803452804955 -0.5325341542678875 0.8360869064492872 -0.7240120669681894 -0.6278116585103765 -0.2857604736888934 0 0 0 0 0 0
23.836814880371094 4.730839729309082 24.302127838134766 -0.3878188849018643 -0.27369391874764726 0.8801637071329577 -0.5738683190527507 -0.6755540403536587 -0.4629275223503329 0 0 0 0 0 0
24.041839599609375 4.52475643157959 23.504304885864258 0.5250177015931407 -0.5453437595497351 -0.6534191586830129 0.2969601225733544 0.8368718383991764 -0.4598480310880987 0 0 0 0 0 0
24.114465713500977 4.13480281829834 21.608463287353516 0.7136767116991746 -0.683375539244271 -0.15382920249697385 -0.6477755247996877 -0.7274410771422378 0.22631029308590928 0 0 0 0 0 0
23.780475616455078 3.960114002227783 21.392215728759766 0.6199428064122212 -0.6879629511583808 0.3773299545638943 -0.7442435580511676 -0.6678892326671686 0.005049671929831908 0 0 0 0 0 0
23.5894718170166 3.7268638610839844 21.07433319091797 0.2860532711944926 -0.5637542827370983 0.7748255511626536 -0.7024339622129934 -0.6733574545326604 -0.2305997986882276 0 0 0 0 0 0
23.548879623413086 3.351431369781494 20.92483901977539 -0.19081504686239942 -0.35937747805109177 0.9134754764965162 -0.5182138882157689 -0.7534553635157449 -0.4046719427507313 0 0 0 0 0 0
23.207666397094727 3.0297205448150635 20.668487548828125 -0.4562313967990784 -0.18153038521775489 0.8711484556707058 -0.4350027762798309 -0.8085296912273487 -0.3962982753339301 0 0 0 0 0 0
23.56109046936035 2.6717495918273926 20.55333709716797 -0.8229966485680319 -0.00831167059505067 0.5679854158142679 -0.21986945909351507 -0.9172936703594579 -0.33200864939998104 0 0 0 0 0 0
23.676502227783203 2.194868326187134 20.627151489257812 -0.9917015771733165 0.12211011446416285 0.04021320401940009 -0.12854948477630676 -0.9460754875954044 -0.29734861986372807 0 0 0 0 0 0
23.64393424987793 1.820299744606018 20.80573272705078 -0.8454326949447973 0.10379857001219443 -0.5238982870575173 -0.05199817419740347 -0.9922693227924015 -0.11268443071358755 0 0 0 0 0 0
23.49443817138672 1.498712182044983 21.01531982421875 -0.42685987957482086 -0.0628764969749635 -0.9021292531214841 -0.07862164026660771 -0.9912222847449859 0.10628744002335477 0 0 0 0 0 0
23.234535217285156 1.2353861331939697 21.19894790649414 0.09744933773519232 -0.3118730502591384 -0.9451131292586264 -0.22439332867565184 -0.9320658658041214 0.2844307575644282 0 0 0 0 0 0
22.882343292236328 1.0296695232391357 21.296419143676758 0.5249754327078929 -0.5452572875622966 -0.6535252752674279 -0.4450131565232368 -0.8303723043785571 0.3353283862757077 0 0 0 0 0 0
22.49217414855957 0.8622282147407532 21.245460510253906 0.7137110370266506 -0.6833305928159439 -0.15386960891662038 -0.6476978073325682 -0.7274774378541146 0.226415829371085 0 0 0 0 0 0
22.158205032348633 0.6875320672988892 21.02925682067871 0.6199733702395206 -0.6879971813086916 0.37721730965737216 -0.7442481243509248 -0.6678840061448394 0.005067912395681586 0 0 0 0 0 0
21.96717643737793 0.45432040095329285 20.711349487304688 0.2860442482540836 -0.5637907981758287 0.7748023128082531 -0.702382884430069 -0.6733820944835663 -0.2306834161543088 0 0 0 0 0 0
21.925952911376953 0.08178836852312088 20.542146682739258 -0.18889573340939916 -0.35607582988294145 0.9151657802130168 -0.5243350217997375 -0.751402167667661 -0.4005840328053646 0 0 0 0 0 0
21.58920669555664 -0.2444474697113037 20.304901123046875 -0.45551156999006553 -0.18556669065631443 0.8706745734911805 -0.41631008251673 -0.8200976455597796 -0.39258854662638804 0 0 0 0 0 0
21.64381980895996 -0.2066914141178131 19.317901611328125 0.5445215116198395 -0.5533597938395918 -0.6303088623405587 -0.07534928405137063 0.7161771693584136 -0.6938391366035184 0 0 0 0 0 0
21.810327529907227 -0.6136486530303955 17.337291717529297 0.704004039266367 -0.7024344856284409 -0.1047096275255871 -0.6932451385289365 -0.7117109267838273 0.11348451261075786 0 0 0 0 0 0
21.55057716369629 -0.8287590742111206 17.093292236328125 0.5512451963869294 -0.6973775757918101 0.4580319314666543 -0.760137537067929 -0.6460999887430606 -0.06888925378112261 0 0 0 0 0 0
21.406564712524414 -1.0992671251296997 16.8179931640625 0.13170958198791285 -0.5325164619246071 0.8361093252630708 -0.7240232507660899 -0.6277880494842395 -0.2857840045819181 0 0 0 0 0 0
21.373435974121094 -1.4270391464233398 16.568801879882812 -0.3877674960525246 -0.27359853127004075 0.8802160034287219 -0.5732376143480823 -0.6762279723127461 -0.462724936607388 0 0 0 0 0 0
21.43446922302246 -1.8086965084075928 16.40620994567871 -0.806698565139178 -0.023130505071938614 0.5905102918133671 -0.3539074723413235 -0.7813270356685449 -0.5140793366343176 0 0 0 0 0 0
21.535791397094727 -2.2239067554473877 16.392513275146484 -0.9868666170294401 0.1322786185709345 0.09271810644007814 -0.15880097624829065 -0.8996274158139962 -0.4067588507438051 0 0 0 0 0 0
21.582752227783203 -2.6282763481140137 16.54451560974121 -0.8869949839333583 0.14925281744672186 -0.43699370128329906 -0.07237228286435296 -0.9795630976236892 -0.18766563469875083 0 0 0 0 0 0
21.487565994262695 -2.972358226776123 16.798357009887695 -0.5509389106083292 0.02940662777493226 -0.8340273179102793 -0.12292081604398591 -0.9913384055923817 0.046245416860865474 0 0 0 0 0 0
21.20328712463379 -3.252209424972534 16.875167846679688 -0.0870000070840032 -0.20117678682596157 -0.9756838110831628 -0.3132225207119868 -0.9242040122116226 0.21849163904087548 0 0 0 0 0 0
21.135271072387695 -3.756049394607544 17.039915084838867 0.2110654754923097 -0.31290804892939517 -0.9260345122998412 -0.4065999812614243 -0.8896293593836362 0.20793282126896342 0 0 0 0 0 0
20.627750396728516 -3.708897352218628 17.12060546875 0.5445639218066126 -0.5534281950927077 -0.6302121610561233 -0.618023897087514 -0.7727523190598684 0.14456941590930425 0 0 0 0 0 0
20.18802261352539 -3.8862388134002686 16.974302291870117 0.7040260091768508 -0.7024209870286345 -0.10465245044544245 -0.6932265552775135 -0.711723545208242 0.11351888941618535 0 0 0 0 0 0
19.928272247314453 -4.101353645324707 16.730369567871094 0.551177944101003 -0.6974539797708659 0.4579965284130132 -0.7601724799042267 -0.6460478546848604 -0.06899253766421247 0 0 0 0 0 0
19.78424835205078 -4.371841907501221 16.454988479614258 0.13175511149621677 -0.5325442145466724 0.836084475485275 -0.7240531082631717 -0.6277665766866367 -0.2857555276973321 0 0 0 0 0 0
19.75120735168457 -4.699499130249023 16.205860137939453 -0.38773281495531964 -0.2738022354750988 0.8801679385524461 -0.5730480121372763 -0.6763177690340441 -0.46282853312466526 0 0 0 0 0 0
19.954938888549805 -4.902591705322266 15.410696983337402 0.524999432095957 -0.5452412358130082 -0.6535193884407915 0.2972867624998741 0.8369640309384836 -0.45946903242498144 0 0 0 0 0 0
20.027498245239258 -5.292654037475586 13.51479434967041 0.7137858000906149 -0.6832496749073869 -0.15388214102991565 -0.6476048698932233 -0.7275493559694503 0.22645058427617143 0 0 0 0 0 0
19.69359016418457 -5.467220306396484 13.298542022705078 0.6199393641603946 -0.6879719806785003 0.3773191468315737 -0.7442482723925108 -0.6678840199762389 0.00504429391907541 0 0 0 0 0 0
19.50257110595703 -5.700443744659424 12.98070240020752 0.28602639677155567 -0.5638215179337607 0.774786548840873 -0.702428905362841 -0.6733352806699184 -0.23067993565961367 0 0 0 0 0 0
19.461347579956055 -6.073005676269531 12.811446189880371 -0.1888795645489692 -0.35614057047094366 0.9151439253802774 -0.5242602756200813 -0.7514285677032382 -0.4006323389920197 0 0 0 0 0 0
19.126344680786133 -6.3992695808410645 12.570838928222656 -0.45555103573453337 -0.18549369926126968 0.8706694788354326 -0.41581290810704047 -0.8204601051838903 -0.39235805236187704 0 0 0 0 0 0
19.47412872314453 -6.7582621574401855 12.454408645629883 -0.8230542952628217 -0.008291621544917112 0.5679021712069566 -0.21879910137055414 -0.9180913101143714 -0.33050763914305387 0 0 0 0 0 0
19.59147071838379 -7.233983039855957 12.529128074645996 -0.9917102112358779 0.12201924190310254 0.04027606653935815 -0.12848158788702482 -0.9460960048060245 -0.2973126826492735 0 0 0 0 0 0
19.558942794799805 -7.608585834503174 12.707717895507812 -0.8454411836777102 0.10390318449895293 -0.5238638498623559 -0.05205136933424117 -0.992253386717081 -0.11280013962275792 0 0 0 0 0 0
19.409433364868164 -7.930145263671875 12.917320251464844 -0.42684754623731835 -0.0628538817289142 -0.9021366647148248 -0.07850704514279674 -0.9912399198369759 0.10620765125231289 0 0 0 0 0 0
19.149526596069336 -8.193584442138672 13.100973129272461 0.09745332643374392 -0.3118787772147522 -0.945110828151931 -0.22425592593024482 -0.9320904857748742 0.28445844338519466 0 0 0 0 0 0
18.7973575592041 -8.399067878723145 13.198402404785156 0.5249015751619539 -0.5454630928417453 -0.6534128486187099 -0.4453628872324853 -0.8302053054657881 0.33527757075653336 0 0 0 0 0 0
18.407203674316406 -8.566650390625 13.147513389587402 0.7136986960597909 -0.6833304157488596 -0.15392762635422197 -0.6477173739032154 -0.7274864520663369 0.2263308763820254 0 0 0 0 0 0
18.07318115234375 -8.741316795349121 12.93126392364502 0.6199887678927883 -0.6879735063325736 0.37723518164567665 -0.7442815911796662 -0.6678451801289729 0.005265777204185804 0 0 0 0 0 0
17.882099151611328 -8.974620819091797 12.613387107849121 0.28615738211895125 -0.5637912215451024 0.7747602281786989 -0.7024224882271243 -0.6733776193616817 -0.23057586555320458 0 0 0 0 0 0
17.841602325439453 -9.350003242492676 12.463869094848633 -0.19079050861913754 -0.35936003375460357 0.9134874645887271 -0.5182285895906705 -0.7534605607352177 -0.4046434385325381 0 0 0 0 0 0
17.500391006469727 -9.671736717224121 12.207588195800781 -0.4562285866678182 -0.18139033631275028 0.8711790990372947 -0.4352063157732357 -0.8084475203716259 -0.3962424378029896 0 0 0 0 0 0
17.558551788330078 -9.634265899658203 11.21972942352295 0.5447145581416095 -0.5533256283341267 -0.6301720393489663 -0.07651098159972616 0.7155140461504927 -0.6943959385365075 0 0 0 0 0 0
17.725370407104492 -10.042428016662598 9.239274024963379 0.7039233179417934 -0.7025046080415306 -0.10478185977654819 -0.6933281791185453 -0.711642984888123 0.1134032543610854 0 0 0 0 0 0
17.465579986572266 -10.257619857788086 8.995275497436523 0.5511986301529738 -0.6973798733320441 0.45808447080082015 -0.7601486734416918 -0.6460832839191973 -0.06892303319661838 0 0 0 0 0 0
17.321556091308594 -10.52806282043457 8.720008850097656 0.13174495596326372 -0.5327374074334256 0.8359629903885399 -0.7238938762375926 -0.6278310753518832 -0.2860171267043472 0 0 0 0 0 0
17.28837013244629 -10.855928421020508 8.470783233642578 -0.3877978179611355 -0.2737277154112724 0.8801624794322395 -0.5731143387637079 -0.6762617479812411 -0.4628282650409266 0 0 0 0 0 0
17.349435806274414 -11.237614631652832 8.308213233947754 -0.8067940502608539 -0.023153703773265488 0.590378917700545 -0.353723698748172 -0.7814394553745786 -0.5140349429054359 0 0 0 0 0 0
17.450782775878906 -11.652710914611816 8.294529914855957 -0.9868535201842521 0.13233161845749325 0.09278185413307147 -0.15887897438180096 -0.8995710139653004 -0.4068531213261471 0 0 0 0 0 0
17.471641540527344 -12.077912330627441 8.461174964904785 -0.8869742994543753 0.14928359085435788 -0.4370251727407118 -0.09959996035840495 -0.9858787658425762 -0.13462134658858294 0 0 0 0 0 0
17.379348754882812 -12.437209129333496 8.732732772827148 -0.5509838670704754 0.029397186825411564 -0.8339979518169194 -0.12295605188806416 -0.9913320299642837 0.046288396720911354 0 0 0 0 0 0
17.096040725708008 -12.719330787658691 8.829368591308594 -0.08559965440136737 -0.19748576052617842 -0.9765613516598757 -0.30776552632257886 -0.926982903425045 0.2144366516364686 0 0 0 0 0 0
17.0246524810791 -13.221444129943848 8.97106647491455 0.20752689820697198 -0.31499286405925087 -0.9261274653698289 -0.42641495994021483 -0.881186911602557 0.20415657902583573 0 0 0 0 0 0
16.52168083190918 -13.177680969238281 9.051255226135254 0.5445528373203226 -0.5534078589834179 -0.6302395964883322 -0.6192305106013851 -0.7720917126896917 0.14292642140712258 0 0 0 0 0 0
16.081771850585938 -13.352607727050781 8.904396057128906 0.7039331020475246 -0.7025097193025513 -0.1046818137366759 -0.6933132891667921 -0.7116362470872484 0.11353649147433026 0 0 0 0 0 0
12.344673156738281 -19.137792587280273 7.8347625732421875 -0.30526904148804884 0.2954433424887889 -0.9052756727583151 -0.519013427309532 -0.8486643133368339 -0.10195070152251742 0 0 0 0 0 0
11.826709747314453 -19.280588150024414 7.836962699890137 0.22085171101668388 -0.017848192383445018 -0.9751440733397536 -0.5189551527393087 -0.848694052527718 -0.1019997776928966 0 0 0 0 0 0
11.359081268310547 -19.427385330200195 7.616881370544434 0.6630732568096326 -0.3244899118627406 -0.6745666410393995 -0.5189781725299072 -0.8486938081463444 -0.10188462323419546 0 0 0 0 0 0
11.042587280273438 -19.64821434020996 7.243037223815918 0.8534146184120718 -0.5077747956016655 -0.11767857082861317 -0.5190060903841293 -0.8486744244941645 -0.10190387310441014 0 0 0 0 0 0
10.920636177062988 -19.984773635864258 6.842353820800781 0.7194736687998637 -0.49820773611646235 0.48388706489983113 -0.5190608889171984 -0.8486323254461968 -0.10197533919663294 0 0 0 0 0 0
10.962682723999023 -20.43492317199707 6.551985263824463 0.3122610252611525 -0.29921766597514227 0.9016439654715392 -0.5191230147046781 -0.8486113480453658 -0.10183356800463005 0 0 0 0 0 0
11.075934410095215 -20.953264236450195 6.467154502868652 -0.21367126821583807 0.013470533306027438 0.9768127424800961 -0.519242985182178 -0.8485324417264813 -0.10187942715188326 0 0 0 0 0 0
11.140480995178223 -21.468517303466797 6.604997634887695 -0.6583598573206628 0.3208831983186405 0.6808790430799853 -0.5190092146873357 -0.8486751547700385 -0.10188187643386963 0 0 0 0 0 0
11.054929733276367 -21.91063690185547 6.898044109344482 -0.8529576161209633 0.5064721945097509 0.12629022642200213 -0.519017303050785 -0.8486606439818107 -0.10196151475075431 0 0 0 0 0 0
10.774974822998047 -22.237350463867188 7.219874382019043 -0.7235102617477448 0.49966072917660725 -0.47631088258028575 -0.5190175684099645 -0.8486689018929924 -0.10189140612215858 0 0 0 0 0 0
10.330073356628418 -22.450172424316406 7.433125019073486 -0.3191619399582959 0.30306186764477766 -0.8979360558868968 -0.5188853590177943 -0.8487338955357079 -0.1020233246162713 0 0 0 0 0 0
9.812438011169434 -22.593862533569336 7.441702365875244 0.20640233171587546 -0.008692883232483331 -0.9784285928177673 -0.5190129383544185 -0.8486650232641978 -0.10194728102647509 0 0 0 0 0 0
9.341826438903809 -22.739521026611328 7.227237701416016 0.6535772210368727 -0.317183877582676 -0.6871908060672355 -0.5191533836241604 -0.8485617085875201 -0.102092071144697 0 0 0 0 0 0
9.020234107971191 -22.95758628845215 6.856130123138428 0.8524291436030705 -0.5051499072262491 -0.1348633618350356 -0.5190348753052951 -0.8486593422438534 -0.10188286921287185 0 0 0 0 0 0
8.892935752868652 -23.290788650512695 6.454260349273682 0.7274834196412209 -0.5010504885426219 0.46873903408860174 -0.5190278887579247 -0.8486902241173507 -0.10166097667803836 0 0 0 0 0 0
8.931455612182617 -23.738122940063477 6.159254550933838 0.32607578315633895 -0.3068662442765771 0.8941519399758456 -0.5189406675612205 -0.8487001997841542 -0.10202232323100482 0 0 0 0 0 0
9.04430866241455 -24.255441665649414 6.068057060241699 -0.19919044585653528 0.004038981306404735 0.9799524748218565 -0.5189037843732531 -0.8487281899604581 -0.10197706668443209 0 0 0 0 0 0
9.11175537109375 -24.771873474121094 6.20023250579834 -0.6487343692012613 0.313575567556764 0.6934075869562537 -0.5191294069962894 -0.8485960205238162 -0.1019286649712625 0 0 0 0 0 0
9.031343460083008 -25.216794967651367 6.490483283996582 -0.8518740503148502 0.5037193175408512 0.14344842814179257 -0.5189842406890091 -0.8487010532737352 -0.1017933204513209 0 0 0 0 0 0
8.756729125976562 -25.546884536743164 6.8134355545043945 -0.7314085857672579 0.5024848375353096 -0.46103196061992613 -0.519014538511634 -0.8487035760679618 -0.10161765979892219 0 0 0 0 0 0
8.315422058105469 -25.76240348815918 7.0313310623168945 -0.33298246579963864 0.3102813376131909 -0.8904202204571512 -0.5192452995589706 -0.8485738881315171 -0.10152179700573791 0 0 0 0 0 0
7.7982072830200195 -25.907207489013672 7.046252727508545 0.19188469472219094 0.0004148445868277925 -0.9814173892057041 -0.5190111285115869 -0.8486796444422221 -0.1018347170200442 0 0 0 0 0 0
7.324723243713379 -26.05181121826172 6.83745002746582 0.643893416780172 -0.3097415880066954 -0.6996151917205958 -0.5189803171584876 -0.8486902098133492 -0.10190367102832429 0 0 0 0 0 0
6.99804162979126 -26.26707649230957 6.46920108795166 0.8511675240578884 -0.5023869220770758 -0.15205665560930343 -0.5191111012319618 -0.8485778100667628 -0.1021732099918409 0 0 0 0 0 0
6.865378379821777 -26.59684944152832 6.0662617683410645 0.7350537952283088 -0.5043204782713041 0.4531630758531221 -0.5190488844084423 -0.8485819982142121 -0.10245412583750166 0 0 0 0 0 0
6.900300979614258 -27.041532516479492 5.766656875610352 0.33974878989855345 -0.3139774406858449 0.8865601651906289 -0.5194490992544918 -0.8484612481360535 -0.10142062756218555 0 0 0 0 0 0
7.0126543045043945 -27.55774688720703 5.6691131591796875 -0.18461703113393058 -0.004992549212796232 0.9827978562591856 -0.5192086701560656 -0.8485577938926552 -0.10184315027924082 0 0 0 0 0 0
7.082931995391846 -28.07514762878418 5.795595169067383 -0.6389295544487438 0.30603997405885636 0.7057680629852731 -0.5189668951848317 -0.8487114594343562 -0.10179499165981264 0 0 0 0 0 0
7.00758171081543 -28.52286720275879 6.082953929901123 -0.8504911469997448 0.5008515681334753 0.16066273859640623 -0.5190155363291014 -0.8486818469066959 -0.10179388871663506 0 0 0 0 0 0
6.738362789154053 -28.856382369995117 6.406937599182129 -0.7389472277493712 0.5053884246184743 -0.44557775400391725 -0.5190768349182941 -0.848652042682575 -0.1017297886653625 0 0 0 0 0 0
6.3006815910339355 -29.074668884277344 6.629354476928711 -0.3466571556762208 0.31811068639296564 -0.8824026335075552 -0.5189548515987814 -0.8486845176338293 -0.10208061290333889 0 0 0 0 0 0
5.784002304077148 -29.220544815063477 6.6506218910217285 0.17730452888490056 0.00991820081704501 -0.9841060579680709 -0.5189069917196988 -0.8487181598684348 -0.10204420147147232 0 0 0 0 0 0
5.3077545166015625 -29.364147186279297 6.447579383850098 0.6338909533785321 -0.3023852593186521 -0.7118605299998358 -0.5192032528169539 -0.8485561766668468 -0.10188423481990533 0 0 0 0 0 0
4.975987434387207 -29.576677322387695 6.082228183746338 0.8497358432056186 -0.49932556158589214 -0.16918327434640218 -0.5189776322737111 -0.8487138456781949 -0.10172032910732265 0 0 0 0 0 0
4.837937355041504 -29.903013229370117 5.678345680236816 0.7427339813526834 -0.5066215931531952 0.43781365247661025 -0.5189342298027599 -0.8487342356592172 -0.10177161863201664 0 0 0 0 0 0
4.869143962860107 -30.344776153564453 5.3742289543151855 0.35345408155495184 -0.321762957431789 0.8783728203086059 -0.5190731115342693 -0.8486228620944865 -0.10199187620930676 0 0 0 0 0 0
4.980947971343994 -30.859994888305664 5.270349025726318 -0.170001591005822 -0.014285908088646373 0.9853402315370929 -0.5191024815831675 -0.848620151377858 -0.10186487269721074 0 0 0 0 0 0
5.053986549377441 -31.378381729125977 5.391077518463135 -0.6289490982593944 0.29833147856175274 0.7179285206048394 -0.5188144285474288 -0.848804461676362 -0.10179673162388912 0 0 0 0 0 0
4.983659744262695 -31.828824996948242 5.67545223236084 -0.8488523251148017 0.49784796012698795 0.17775584025452423 -0.5190611889125749 -0.8486425239905545 -0.10188890341742568 0 0 0 0 0 0
4.719847202301025 -32.16570281982422 6.000362396240234 -0.746344025929366 0.5080344753117172 -0.4299669369315435 -0.5189996775554877 -0.8486807297024499 -0.10188402097000883 0 0 0 0 0 0
4.285900592803955 -32.38679885864258 6.227237224578857 -0.3602281477434396 0.32515677465183174 -0.8743619121801615 -0.5191748548057616 -0.8485979317812857 -0.10168097321495667 0 0 0 0 0 0
3.7698261737823486 -32.53376770019531 6.254836082458496 0.16271162311595297 0.018882461272481273 -0.9864929702533441 -0.5190967570397511 -0.848623871786282 -0.10186305053979915 0 0 0 0 0 0
3.2908737659454346 -32.67644500732422 6.057564735412598 0.6237947907106974 -0.29469482456638874 -0.7239026311984109 -0.519239169084052 -0.8485192296525328 -0.1020088339251837 0 0 0 0 0 0
2.9540886878967285 -32.88621520996094 5.695257663726807 0.8478769815234098 -0.4964026512723264 -0.18624991815449649 -0.5192154572300762 -0.8485172917982113 -0.10214555542358222 0 0 0 0 0 0
2.8106253147125244 -33.20915222167969 5.290500164031982 0.7499008596017458 -0.5094126389937957 0.4220751876170163 -0.5190282204503482 -0.8486390620265584 -0.10208549739717256 0 0 0 0 0 0
2.8380980491638184 -33.648170471191406 4.981967926025391 0.3669935899953682 -0.32893131324037445 0.8701263678755369 -0.5191192655668455 -0.8486117833194619 -0.10184905168287874 0 0 0 0 0 0
2.949230194091797 -34.162174224853516 4.871771812438965 -0.15537970542588775 -0.023603157560082223 0.9875728014151454 -0.5188531408462921 -0.8487660797884973 -0.10191938007270351 0 0 0 0 0 0
3.024951457977295 -34.681636810302734 4.986690998077393 -0.6186511932395031 0.2910876248268246 0.7297524893935043 -0.5194651024983009 -0.8483855490403227 -0.10197042446700001 0 0 0 0 0 0
2.9596195220947266 -35.13468933105469 5.267998218536377 -0.8469863964572165 0.494641204728276 0.19479251217995658 -0.5190682841782018 -0.8486158399599985 -0.10207483788516991 0 0 0 0 0 0
2.7012040615081787 -35.474910736083984 5.593698978424072 -0.7535318962634932 0.5104431309919696 -0.4142915535425013 -0.5191380396522086 -0.8486557303878808 -0.10138612856734554 0 0 0 0 0 0
2.2710585594177246 -35.699005126953125 5.8249406814575195 -0.37370230175822294 0.33257295857527663 -0.8658763288629001 -0.51881508879738 -0.8487691199133318 -0.10208763254045367 0 0 0 0 0 0
