t = 0
b = 240 240 240
E = 0 0 0
-22.34552001953125 -0.191802978515625 -10.299914360046387 0.3255458381239292 0.9346758994272922 0.14283161523266016 0.9449995889841477 -0.3165895469981746 -0.08213912314654263 0 0 0 0 0 0
-21.789886474609375 -0.3560028076171875 -10.459123611450195 0.3150174424854751 0.686873827729894 0.654956758656321 0.9041364164476791 -0.4270463524595821 0.012990508231608062 0 0 0 0 0 0
-21.34991455078125 -0.4395904541015625 -10.629953384399414 0.28068539602816667 0.257644626905985 0.9245728498517504 0.9180135760936787 -0.3532057650223351 -0.1802685820177285 0 0 0 0 0 0
-21.029449462890625 -0.4888153076171875 -10.759637832641602 0.31051147034102616 -0.05969907261470589 0.9486931261032717 0.9441539814611637 0.13512762670747386 -0.3005225179440608 0 0 0 0 0 0
-20.751129150390625 -0.087921142578125 -11.038726806640625 0.29968768412953994 -0.5654239885651784 0.7684289200284682 0.9371191780768022 0.023451811522661466 -0.3482207038890201 0 0 0 0 0 0
-20.423675537109375 0.230316162109375 -11.04098129272461 0.3021188047026013 -0.8890761339903445 0.3439009389545985 0.9371707482369804 0.21099290848924138 -0.27783624892405395 0 0 0 0 0 0
-20.057891845703125 0.4638671875 -10.898820877075195 0.3090673310282914 -0.9310929913278866 -0.1937607452275535 0.9300453365618426 0.33847761084631106 -0.1429985275985108 0 0 0 0 0 0
-19.733489990234375 0.542755126953125 -10.629302024841309 0.31876072237804426 -0.6640339749203705 -0.6763508571891368 0.9357802245229921 0.33392215923719337 0.1131872915219254 0 0 0 0 0 0
-19.40423583984375 0.4577178955078125 -10.374297142028809 0.3283665722382728 -0.15697356467942528 -0.931415425161255 0.9283866720210137 0.23528264015027764 0.28764607846737983 0 0 0 0 0 0
-19.072540283203125 0.2592620849609375 -10.216816902160645 0.33401455908669825 0.41851001915716834 -0.844561210441958 0.9179903882107022 0.058842020324286856 0.3922132886541719 0 0 0 0 0 0
-18.73974609375 0.0179290771484375 -10.185697555541992 0.3329435821263509 0.8380809463010919 -0.4321676741357923 0.9076430094387832 -0.1606027877107621 0.38780267146635383 0 0 0 0 0 0
-18.408172607421875 -0.207366943359375 -10.281331062316895 0.3255459489833534 0.9346762177162087 0.14282927968820125 0.9020029751465336 -0.3523000615432615 0.24955019427645478 0 0 0 0 0 0
-18.079193115234375 -0.35601806640625 -10.491430282592773 0.31493653029685087 0.6869019017751203 0.6549662275433017 0.9041562826493678 -0.42700203843958745 0.013064291565704052 0 0 0 0 0 0
-17.64056396484375 -0.450347900390625 -10.679448127746582 0.2772523171518657 0.2598954370880106 0.9249786561941595 0.9173709687913195 -0.3577685727726721 -0.17444814116258606 0 0 0 0 0 0
-17.32318115234375 -0.484893798828125 -10.798051834106445 0.314408918931255 -0.05931883874521979 0.9474324815343826 0.9411104409554935 0.15019433724751394 -0.30290724485118703 0 0 0 0 0 0
-17.038543701171875 -0.093414306640625 -11.075946807861328 0.2996079334247056 -0.5654556146109513 0.7684367469960873 0.9379725038570301 0.027279857027039184 -0.3456347659144814 0 0 0 0 0 0
-16.71405029296875 0.2282867431640625 -11.077670097351074 0.3021190524121463 -0.8890768629507442 0.34389883677507604 0.9371696994697518 0.21099152133920993 -0.27784083990432534 0 0 0 0 0 0
-16.3896484375 0.46185302734375 -10.900755882263184 0.3090673310282914 -0.9310929913278866 -0.1937607452275535 0.9389133434547557 0.33115814284915873 -0.09368040300568929 0 0 0 0 0 0
-16.062896728515625 0.542755126953125 -10.629302024841309 0.31876072237804426 -0.6640339749203705 -0.6763508571891368 0.9357802245229921 0.33392215923719337 0.1131872915219254 0 0 0 0 0 0
-15.733642578125 0.4577178955078125 -10.374297142028809 0.3282985026321851 -0.1569774969011668 -0.9314387573190785 0.9283975125985143 0.23533994991151191 0.28756419557472496 0 0 0 0 0 0
-15.401947021484375 0.2592620849609375 -10.216816902160645 0.33401455908669825 0.41851001915716834 -0.844561210441958 0.9179903882107022 0.058842020324286856 0.3922132886541719 0 0 0 0 0 0
-15.218841552734375 0.74822998046875 -9.032912254333496 0.3328757435403051 -0.8381022330484188 0.4321786509323927 -0.33412148784854384 0.3237506178548472 0.8851826753820253 0 0 0 0 0 0
-14.75408935546875 0.13507080078125 -7.209621429443359 0.3254657451837524 -0.9347031357521665 -0.1428359083950949 0.9019821245138632 0.3522330011292996 -0.24972016332868455 0 0 0 0 0 0
-14.425140380859375 0.2837066650390625 -6.999545574188232 0.3150174424854751 -0.686873827729894 -0.654956758656321 0.904160127921103 0.4269980314145993 -0.01292842781438143 0 0 0 0 0 0
-13.98516845703125 0.3672943115234375 -6.828713417053223 0.28068477729965663 -0.25764405896736625 -0.9245731959510086 0.9180091935468367 0.3532201120697309 0.18026278870841184 0 0 0 0 0 0
-13.665008544921875 0.4210357666015625 -6.6905293464660645 0.3104425310929542 0.05970048674864504 -0.9487155984648797 0.945401991663432 -0.1235397223836999 0.3015841692665161 0 0 0 0 0 0
-13.386383056640625 0.0197296142578125 -6.411103248596191 0.2996887822527487 0.5654260604060898 -0.7684269672555184 0.9371190854443803 -0.023454617127252237 0.34822076421618303 0 0 0 0 0 0
-13.05889892578125 -0.2985076904296875 -6.408831596374512 0.30204959717894697 0.8890969893217626 -0.3439078138440785 0.9371643948007008 -0.21086480460062992 0.2779549087506359 0 0 0 0 0 0
-12.73455810546875 -0.5321044921875 -6.585780620574951 0.3089870615404569 0.9311191586593843 0.193763020667087 0.9389260978014432 -0.33109337979764136 0.09378143057945691 0 0 0 0 0 0
-12.408050537109375 -0.61297607421875 -6.857254505157471 0.3187640635470557 0.6640409351560076 0.6763424489325681 0.9357646349156453 -0.3339900317402532 -0.11311589958681323 0 0 0 0 0 0
-12.078521728515625 -0.527984619140625 -7.112225532531738 0.3283665722382728 0.15697356467942528 0.931415425161255 0.9283866720210137 -0.23528264015027764 -0.28764607846737983 0 0 0 0 0 0
-11.746856689453125 -0.329498291015625 -7.269738674163818 0.33393471837492694 -0.4185437205859833 0.8445760817249685 0.9180002529905801 -0.058941672975691674 -0.39217523467967436 0 0 0 0 0 0
-11.414306640625 -0.0881500244140625 -7.30081033706665 0.33294323907480483 -0.8380800827765196 0.4321696130082253 0.907640662845256 0.16059659847734953 -0.3878107266532595 0 0 0 0 0 0
-11.08251953125 0.1371002197265625 -7.205224514007568 0.3254656343478281 -0.9347028174431354 -0.14283824390698183 0.9020102178814607 0.3522288132347163 -0.24962457804611918 0 0 0 0 0 0
-10.75360107421875 0.285736083984375 -6.995115280151367 0.3149452744419811 -0.6868828260177219 -0.6549820283248795 0.9041434439489728 0.4270289303392761 -0.013073844782031484 0 0 0 0 0 0
-10.314910888671875 0.3801116943359375 -6.807093620300293 0.2772520114368678 -0.25989515051174744 -0.9249788283494316 0.9173662192910084 0.3577836154638042 0.17444226612082914 0 0 0 0 0 0
-9.99755859375 0.414642333984375 -6.688498497009277 0.3144074985218568 0.05931857075970484 -0.9474329696797842 0.9411001893649941 -0.15027919974549675 0.30289700510408757 0 0 0 0 0 0
-9.7130126953125 0.0231475830078125 -6.410605430603027 0.29968094547150065 0.565449421426178 -0.7684128335277255 0.9379617810213305 -0.027381592157050723 0.34565581978933674 0 0 0 0 0 0
-9.466094970703125 1.2995758056640625 -5.609014511108398 0.3021190524121463 -0.8890768629507442 0.34389883677507604 -0.07066454157224981 0.33887686012116736 0.9381732229384948 0 0 0 0 0 0
-9.047515869140625 0.4639129638671875 -3.8375093936920166 0.3089982152500879 -0.9311146219535983 -0.19376703475170395 0.9389114045838326 0.33111585975003516 -0.09384914365304498 0 0 0 0 0 0
-8.720855712890625 0.5447998046875 -3.5660555362701416 0.31876354951919866 -0.66403986434666 -0.6763437425277112 0.9357669121071307 0.3339801304347317 0.11312629526456382 0 0 0 0 0 0
-8.391510009765625 0.4597930908203125 -3.311051368713379 0.3283658818109394 -0.15701138121907837 -0.9314092944727368 0.928400225070675 0.23522076562748812 0.28765293933199854 0 0 0 0 0 0
-8.059783935546875 0.261322021484375 -3.1535604000091553 0.3339430758785935 0.4185160481453106 -0.8445864902528194 0.9179996653165112 0.05894057097998202 0.39217677592040995 0 0 0 0 0 0
-7.72711181640625 0.0199737548828125 -3.1224703788757324 0.33287540054123393 0.838101369458046 -0.4321805898314509 0.9076271694811965 -0.16046403843774149 0.38789716883189895 0 0 0 0 0 0
-7.3955078125 -0.2053070068359375 -3.218090534210205 0.3254659945582318 0.9347038519292491 0.14283065348462545 0.9020056663345736 -0.3522278745514614 0.2496423487497306 0 0 0 0 0 0
-7.0665283203125 -0.3539581298828125 -3.4281764030456543 0.3149387433347487 0.686906728588762 0.6549601012017559 0.9041382761838046 -0.427038713413963 0.01311162785948161 0 0 0 0 0 0
-6.626617431640625 -0.4375152587890625 -3.599003553390503 0.2806893920431477 0.2576101473861615 0.9245812442171473 0.9180133308585937 -0.3531973278074256 -0.18028636109147117 0 0 0 0 0 0
-6.307037353515625 -0.488739013671875 -3.7331225872039795 0.3104413022476073 -0.05970025043223218 0.9487160154425235 0.9447636585888425 0.12973059014815028 -0.30098439060794774 0 0 0 0 0 0
-6.0286865234375 -0.087921142578125 -4.0121846199035645 0.299681082727568 -0.5654496804061533 0.7684125894230338 0.9371197522576141 0.02345231234415088 -0.34821912494051843 0 0 0 0 0 0
-5.7012786865234375 0.2303314208984375 -4.014450550079346 0.30208432538911 -0.8890869266124494 0.3439033254870259 0.9371580257880299 0.21090716063649723 -0.27794424673544427 0 0 0 0 0 0
-5.3769378662109375 0.4639129638671875 -3.8375093936920166 0.30903272020755557 -0.931103645824715 -0.1937647505947413 0.9389122890027333 0.33113714381557635 -0.09376516168231316 0 0 0 0 0 0
-5.0502777099609375 0.5447998046875 -3.5660555362701416 0.3187978205457321 -0.6640317891874546 -0.6763355177452972 0.9357673499743745 0.3339513853388398 0.11320750395714291 0 0 0 0 0 0
-4.720916748046875 0.4597930908203125 -3.311051368713379 0.3283658818109394 -0.15701138121907837 -0.9314092944727368 0.9283929247684493 0.23526102191218132 0.2876435794672302 0 0 0 0 0 0
-4.389190673828125 0.261322021484375 -3.1535604000091553 0.3339430758785935 0.4185160481453106 -0.8445864902528194 0.9179907929572998 0.05897815756349604 0.39219189305242363 0 0 0 0 0 0
-4.2061920166015625 0.7502899169921875 -1.9696744680404663 0.3329092346976989 -0.8380905106346332 0.4321755863502382 -0.33409338523580934 0.32375446470849667 0.8851918755405476 0 0 0 0 0 0
-3.7414093017578125 0.137115478515625 -0.14637848734855652 0.3254774749561518 -0.9346986745634823 -0.1428383739246455 0.9019976103225401 0.35224164101845357 -0.24965203244727238 0 0 0 0 0 0
-3.4124603271484375 0.2857513427734375 0.06370553374290466 0.31501584377583625 -0.6868703418536822 -0.6549611833169992 0.9041482107018125 0.42702232365570497 -0.012959482412251045 0 0 0 0 0 0
-2.97369384765625 0.380126953125 0.2517225444316864 0.27721660518518787 -0.25989771998440686 -0.92498871828607 0.9173539922524642 0.3578434545444368 0.17438381501208586 0 0 0 0 0 0
-2.6563720703125 0.414642333984375 0.3703244626522064 0.3144076781530408 0.059318604650324985 -0.9474329079469174 0.9411053776240368 -0.15023759390991417 0.30290152456413794 0 0 0 0 0 0
-2.3718414306640625 0.0231475830078125 0.6482175588607788 0.2996807224305665 0.5654490005840487 -0.7684132301971343 0.9379618434209592 -0.027381223573353552 0.34565567966110783 0 0 0 0 0 0
-2.047210693359375 -0.29852294921875 0.6499764919281006 0.30208444923224886 0.8890872911044354 -0.3439022743871085 0.9371579153353125 -0.21090743110923243 0.2779444139163003 0 0 0 0 0 0
-1.72283935546875 -0.5321044921875 0.4730435311794281 0.3090672373302203 0.9310927090540628 0.19376225111056045 0.9389132061237541 -0.3311583723143737 0.0936809682513359 0 0 0 0 0 0
-1.3961944580078125 -0.6129913330078125 0.20157954096794128 0.318797434993211 0.6640309861106647 0.6763364879456436 0.9357651950290293 -0.33396110373492377 -0.11319664731976126 0 0 0 0 0 0
-1.0668182373046875 -0.5279693603515625 -0.05341651663184166 0.32836766887091234 0.15697408891772818 0.9314149501960618 0.9283936653620205 -0.2352423782493732 -0.28765643672835095 0 0 0 0 0 0
-0.722564697265625 -0.3336181640625 -0.20378252863883972 0.33393778627681425 -0.41854756580182845 0.8445729631345683 0.9189113786464248 -0.05503732179278964 -0.39060564691771155 0 0 0 0 0 0
-0.388885498046875 -0.0902252197265625 -0.23589250445365906 0.33287542197870024 -0.8381014234325057 0.4321804686504354 0.9076480913974083 0.16050678424047066 -0.3878305227743493 0 0 0 0 0 0
-0.0572662353515625 0.13507080078125 -0.14027252793312073 0.3254999818737167 -0.9346919085727974 -0.14283136157284096 0.9020041326502267 0.35225897062876266 -0.24960401097233365 0 0 0 0 0 0
0.271697998046875 0.2837066650390625 0.069814532995224 0.31497279834309744 -0.6868978054698021 -0.6549530831629762 0.904149344483126 0.4270177280753866 -0.013031606964177819 0 0 0 0 0 0
0.7104339599609375 0.3780670166015625 0.2578354775905609 0.27725212607991967 -0.2598952579777783 -0.9249787637912712 0.9173542304076499 0.3578212145934745 0.1744281925035033 0 0 0 0 0 0
1.027801513671875 0.4125823974609375 0.3764384686946869 0.31437196827959074 0.05935721182417707 -0.9474423396515884 0.9411291265673815 -0.15015204168858262 0.30287015617797003 0 0 0 0 0 0
1.312286376953125 0.0211029052734375 0.654328465461731 0.29968746107390554 0.5654235677237052 -0.7684293166828507 0.9379617977247615 -0.02738389448862701 0.3456555920733375 0 0 0 0 0 0
1.559234619140625 1.297515869140625 1.4559226036071777 0.30208506844378824 -0.889089113552137 0.34389701886813023 -0.0706779517684135 0.338869109345942 0.9381750123857009 0 0 0 0 0 0
1.9777984619140625 0.46185302734375 3.227419376373291 0.30903275589903123 -0.9311037533617522 -0.1937641769190248 0.938918756037894 0.3311305776853376 -0.09372358338234951 0 0 0 0 0 0
2.304443359375 0.542755126953125 3.4988837242126465 0.31878897407948653 -0.6640515090075029 -0.67632032602178 0.9357673585384036 0.33396122017593194 0.11317841716803463 0 0 0 0 0 0
2.633819580078125 0.457733154296875 3.7538814544677734 0.32836766602250705 -0.15697408755606607 -0.9314149514297437 0.928393603370919 0.23524272449673936 0.287656353643218 0 0 0 0 0 0
2.965545654296875 0.2592620849609375 3.9113664627075195 0.3339374080399008 0.4185470917310705 -0.8445733476229615 0.9179910555035868 0.058973778505342196 0.39219193702091015 0 0 0 0 0 0
3.2982025146484375 0.017913818359375 3.942465305328369 0.33287540054123393 0.838101369458046 -0.4321805898314509 0.9076353880333957 -0.16048079406860752 0.38787100577972644 0 0 0 0 0 0
3.6298065185546875 -0.207366943359375 3.846846580505371 0.3255001273521553 0.9346923263224963 0.14282829624262364 0.9020043261203186 -0.3522582507798702 0.2496043277223694 0 0 0 0 0 0
3.958770751953125 -0.3560028076171875 3.636756420135498 0.31501596675330806 0.686870609997586 0.6549608429608771 0.9041482202145518 -0.42702230392303947 0.01295946893657244 0 0 0 0 0 0
4.398712158203125 -0.4395904541015625 3.4659347534179688 0.2806869428603624 0.2576460467625561 0.9245719845935906 0.9180086967458552 -0.3532207390752034 -0.18026409011820338 0 0 0 0 0 0
4.71826171875 -0.4907989501953125 3.3317995071411133 0.3104759479407858 -0.05969957716271407 0.9487047202564471 0.9447481150170877 0.12977322730862373 -0.30101479805080006 0 0 0 0 0 0
4.9966278076171875 -0.0899658203125 3.0527377128601074 0.29968039644805283 -0.5654483855078268 0.7684138099431387 0.9371201855017308 0.023452288969480036 -0.3482179605754042 0 0 0 0 0 0
5.32403564453125 0.228271484375 3.0504894256591797 0.3020848826810535 -0.8890885668199663 0.3438985955272171 0.9371592404051329 0.21091236075801306 -0.2779362052751612 0 0 0 0 0 0
5.64837646484375 0.46185302734375 3.2274203300476074 0.30903275589903123 -0.9311037533617522 -0.1937641769190248 0.9389187661096774 0.3311305675112865 -0.0937235184291249 0 0 0 0 0 0
5.97503662109375 0.542755126953125 3.4988813400268555 0.3187892310946732 -0.6640520443814851 -0.6763196792130458 0.9357673360485587 0.33396121868330114 0.1131786075199212 0 0 0 0 0 0
6.304412841796875 0.457733154296875 3.75388240814209 0.32833399634050425 -0.15697622806334088 -0.9314264601513528 0.9283916007494118 0.23531174423150492 0.2876063606471036 0 0 0 0 0 0
6.636138916015625 0.2592620849609375 3.911365509033203 0.3339374080399008 0.4185470917310705 -0.8445733476229615 0.9179916255021745 0.05897136410990037 0.39219096588638197 0 0 0 0 0 0
6.8191375732421875 0.74822998046875 5.095263481140137 0.33287557204087354 -0.8381018012534943 0.43217962038267105 -0.3341919976735149 0.3237165677845913 0.8851685107552966 0 0 0 0 0 0
7.2839202880859375 0.13507080078125 6.9185566902160645 0.3254656897660073 -0.9347029765982744 -0.14283707615133662 0.901993306650966 0.35223138827107275 -0.24968204555692372 0 0 0 0 0 0
7.612884521484375 0.2837066650390625 7.128630638122559 0.314973105736244 -0.6868984758377795 -0.6549522322693466 0.9041493629946424 0.42701768948199154 -0.013031587234244248 0 0 0 0 0 0
8.051605224609375 0.3780670166015625 7.3166608810424805 0.2772520114368678 -0.25989515051174744 -0.9249788283494316 0.9173660788908574 0.3577840563726387 0.1744421001534713 0 0 0 0 0 0
8.368972778320312 0.4125823974609375 7.4352617263793945 0.31440607665103304 0.059356449316792945 -0.9474310692020859 0.9411082271520862 -0.1502311440072103 0.3028958701549799 0 0 0 0 0 0
8.653472900390625 0.0211029052734375 7.713152885437012 0.2996865860115882 0.5654219167341853 -0.7684308727799521 0.93795463231898 -0.027347425984154013 0.3456779223546223 0 0 0 0 0 0
8.978134155273438 -0.300567626953125 7.714900970458984 0.3020848826810535 0.8890885668199663 -0.3438985955272171 0.9371592404051329 -0.21091236075801306 0.2779362052751612 0 0 0 0 0 0
9.302474975585938 -0.534149169921875 7.5379791259765625 0.3090671882500103 0.9310925611955382 0.1937630399058746 0.9389131878671517 -0.3311584382714634 0.09368091807165557 0 0 0 0 0 0
9.629135131835938 -0.61505126953125 7.266513824462891 0.3187975635106759 0.6640312538028401 0.6763361645459193 0.9357674690487969 -0.3339509580978598 -0.11320778001326039 0 0 0 0 0 0
9.958511352539062 -0.530029296875 7.011517524719238 0.32833399634050425 0.15697622806334088 0.9314264601513528 0.92839883248686 -0.23527188176812347 -0.2876156280286619 0 0 0 0 0 0
10.29022216796875 -0.3315582275390625 6.85402250289917 0.3339377442504567 -0.41854751312725735 0.8445730058555654 0.9179904077510076 -0.0589756652298253 -0.39219316948136485 0 0 0 0 0 0
10.622879028320312 -0.0902252197265625 6.822936534881592 0.33287557204087354 -0.8381018012534943 0.43217962038267105 0.9076482623403113 0.160507746479034 -0.38782972448077757 0 0 0 0 0 0
10.954498291015625 0.13507080078125 6.9185566902160645 0.3254997948256132 -0.9346913714534162 -0.14283530270565242 0.9020035545383507 0.35225995141399463 -0.24960471596103917 0 0 0 0 0 0
11.283462524414062 0.2837066650390625 7.128630638122559 0.3150074668991664 -0.6868902223847528 -0.654944362667544 0.904148579863425 0.4270208395764781 -0.012982607532833798 0 0 0 0 0 0
11.723403930664062 0.367279052734375 7.299454689025879 0.28068632412561195 -0.25764547881820915 -0.924572330698571 0.9180131501026328 0.35320671784880164 0.18026888446184464 0 0 0 0 0 0
12.043624877929688 0.4210357666015625 7.437662124633789 0.3104762990695613 0.059699644679182144 -0.948704601096278 0.9453830654758676 -0.12362121636455886 0.3016101032392624 0 0 0 0 0 0
12.322235107421875 0.0197296142578125 7.717070579528809 0.29968121998371733 0.5654499393862833 -0.7684123453180064 0.9371198167441162 -0.023453013600011285 0.34821890416597406 0 0 0 0 0 0
12.571914672851562 1.299560546875 8.519164085388184 0.3020943853381419 -0.8890783867522081 0.34391656627336376 -0.07073713940803525 0.33887098535935284 0.9381698739513809 0 0 0 0 0 0
12.990493774414062 0.4639129638671875 10.290666580200195 0.3090326845159825 -0.9311035382873842 -0.19376532427025903 0.9389187688476335 0.33113063389782943 -0.09372325645252465 0 0 0 0 0 0
13.317123413085938 0.5447998046875 10.562126159667969 0.31879807758095685 -0.6640323245724202 -0.6763348709431105 0.9357714826583511 0.3339329352797461 0.11322776593594286 0 0 0 0 0 0
13.646514892578125 0.4597930908203125 10.81712532043457 0.32836730142701454 -0.15697391326349497 -0.9314151093407735 0.928393585205411 0.23524339170839936 0.28765586663054843 0 0 0 0 0 0
13.978225708007812 0.261322021484375 10.974621772766113 0.3339420672002366 0.41851478401345626 -0.8445875154868219 0.9179910777153648 0.05897952243080759 0.39219102127511446 0 0 0 0 0 0
14.310882568359375 0.0199737548828125 11.005707740783691 0.33290897742801406 0.838089862964761 -0.4321770405094911 0.907645478753768 -0.1605524899678309 0.387817718603693 0 0 0 0 0 0
14.642486572265625 -0.2053070068359375 10.910086631774902 0.3255001273521553 0.9346923263224963 0.14282829624262364 0.9020044263607014 -0.3522582339613451 0.24960398921518978 0 0 0 0 0 0
14.971466064453125 -0.3539581298828125 10.69999885559082 0.3149811129996098 0.6868777910465028 0.6549700745992931 0.9041371111933505 -0.4270433873717272 0.013039534693549971 0 0 0 0 0 0
15.410186767578125 -0.4483184814453125 10.511972427368164 0.2772523171518657 0.2598954370880106 0.9249786561941595 0.9173659405048505 -0.35778436394356383 -0.1744421970715532 0 0 0 0 0 0
15.727554321289062 -0.4828338623046875 10.393383979797363 0.3144082087250431 -0.0593187047521769 0.9474327256079104 0.9411101234941306 0.15019861648543548 -0.3029061093189165 0 0 0 0 0 0
16.012054443359375 -0.091339111328125 10.11549186706543 0.2997159402639733 -0.5654434749310011 0.7684035605133782 0.9379572747388197 0.027432026971806127 -0.34566404884040874 0 0 0 0 0 0
16.336715698242188 0.2303314208984375 10.113728523254395 0.302084387310714 -0.8890871088585443 0.3439027999372288 0.937158143231229 0.2109076976701826 -0.27794344323775344 0 0 0 0 0 0
16.661087036132812 0.4639129638671875 10.290666580200195 0.3090326845159825 -0.9311035382873842 -0.19376532427025903 0.9389123105349081 0.33113715667013527 -0.09376490067407328 0 0 0 0 0 0
16.987701416015625 0.5447998046875 10.56212329864502 0.3188338897217073 -0.664027460921962 -0.6763227645928076 0.9357587192430237 0.3339621697147859 0.11324702450858791 0 0 0 0 0 0
17.317153930664062 0.4597930908203125 10.817136764526367 0.3283318089462176 -0.1569751822718352 -0.931427407469218 0.9283920569934073 0.23531262930935518 0.2876041637373631 0 0 0 0 0 0
17.648727416992188 0.2613067626953125 10.974617958068848 0.33401321395505795 0.41850833374839436 -0.8445625776024859 0.9179907051271212 0.05884410737586895 0.3922122337808295 0 0 0 0 0 0
17.981521606445312 0.0199737548828125 11.005722045898438 0.3329096634794669 0.8380915900818022 -0.4321731627439917 0.9076443241319785 -0.16055294058594877 0.38782023430992957 0 0 0 0 0 0
18.3131103515625 -0.2053070068359375 10.910088539123535 0.32551173338037975 0.9346875063033008 0.14283338892646044 0.901992709260794 -0.3522720259801996 0.2496268658461632 0 0 0 0 0 0
18.642074584960938 -0.3539581298828125 10.699996948242188 0.315016950574239 0.6868727551513378 0.6549581200975508 0.9041363837939245 -0.4270464203873456 0.012990547886822731 0 0 0 0 0 0
19.08203125 -0.437530517578125 10.529168128967285 0.28068477729965663 0.25764405896736625 0.9245731959510086 0.9180138600863131 -0.35320512980623514 -0.18026838038876336 0 0 0 0 0 0
19.401458740234375 -0.4887237548828125 10.39505672454834 0.3104777081728473 -0.059661768716345154 0.9487065226303514 0.9447453186596757 0.12978229397211496 -0.30101966554024934 0 0 0 0 0 0
19.679977416992188 -0.0879364013671875 10.115991592407227 0.299643753660602 -0.5654512234896376 0.7684260112374232 0.9371255760451833 0.023401893193033842 -0.3482068438686486 0 0 0 0 0 0
20.007232666015625 0.2303314208984375 10.113747596740723 0.3020841396238825 -0.8890863798729423 0.3439049021344782 0.9371592124372548 0.2109091307483916 -0.2779387506465091 0 0 0 0 0 0
21.245803833007812 -0.324920654296875 10.12950611114502 -0.8874828756585317 0 -0.46084069418060636 0.13750641774816666 0.9544466337403086 -0.26480862602993166 0 0 0 0 0 0
18.568130493164062 0.6123046875 7.931184768676758 0 1 0 0 0 1 0 0 0 0 0 0
18.971786499023438 0.6123046875 7.7920074462890625 0 1 0 0 0 1 0 0 0 0 0 0
19.423553466796875 0.6123046875 7.208866119384766 0 1 0 0 0 1 0 0 0 0 0 0
19.095199584960938 0.6123046875 6.548231601715088 0 1 0 0 0 1 0 0 0 0 0 0
20.814361572265625 1.058441162109375 7.068978309631348 -0.9322450093833227 0 -0.3618276419510932 -0.32551744337512 -0.4366163412170511 0.8386921751398191 0 0 0 0 0 0
20.260848999023438 0.27667236328125 7.414058685302734 -0.30213053774828347 -0.8890725142375624 0.3438999892224957 -0.9484291404598784 0.24405693681138757 -0.2022829135660718 0 0 0 0 0 0
19.722381591796875 0.3776702880859375 7.207430839538574 -0.29964430262839103 -0.5654522594348365 0.7684250348618161 -0.9335943412180134 0.3396828355102372 -0.11409284511058912 0 0 0 0 0 0
19.355392456054688 0.2594146728515625 7.064627647399902 -0.3104017405057721 -0.05969997835707672 0.948728977145292 -0.9412992704931987 0.15861144468804794 -0.2979900887327337 0 0 0 0 0 0
18.892257690429688 0.43011474609375 6.884478569030762 -0.28068539602816667 0.257644626905985 0.9245728498517504 -0.9539940775758264 0.030902659332170134 -0.29822864650540887 0 0 0 0 0 0
18.715713500976562 -0.031463623046875 6.751213550567627 -0.31498234267021824 0.6868804725832567 0.6549666710526447 -0.9479307300156805 -0.19347023557130685 -0.2529754909866217 0 0 0 0 0 0
18.350860595703125 -0.3553466796875 6.838681697845459 -0.32551145624637134 0.934686710529543 0.14283922784665584 -0.9297005630086208 -0.28885258304366296 -0.22851925172828963 0 0 0 0 0 0
18.020126342773438 -0.5079498291015625 7.040225505828857 -0.33287540054123393 0.838101369458046 -0.4321805898314509 -0.9188044107895559 -0.3913687613118569 -0.051273261870882735 0 0 0 0 0 0
17.688095092773438 -0.5349578857421875 7.282534599304199 -0.33390116118949253 0.41854947338867954 -0.844586498164852 -0.9079696024807045 -0.38348107360353234 0.1689185222493797 0 0 0 0 0 0
17.356582641601562 -0.435577392578125 7.508017539978027 -0.32833107982077103 -0.15697483367752676 -0.9314277232376322 -0.9020288390453364 -0.24046958425862666 0.35849456422239623 0 0 0 0 0 0
17.02728271484375 -0.221710205078125 7.6550092697143555 -0.31883286149226076 -0.6640253194539104 -0.6763253518513034 -0.9038532793838742 -0.001777252351296247 0.42783886069535115 0 0 0 0 0 0
16.700408935546875 0.0540771484375 7.656867980957031 -0.3090326845159825 -0.9311035382873842 -0.19376532427025903 -0.9124815335350357 0.23284800974386932 0.3363915208739193 0 0 0 0 0 0
16.375686645507812 0.2889251708984375 7.488848686218262 -0.3020848826810535 -0.8890885668199663 0.3438985955272171 -0.9238796382422436 0.36195773445817225 0.12422967643557824 0 0 0 0 0 0
16.051925659179688 0.377655029296875 7.2074127197265625 -0.29968121998371733 -0.5654499393862833 0.7684123453180064 -0.9335904134606143 0.33967654346019993 -0.11414370642909082 0 0 0 0 0 0
15.684417724609375 0.256103515625 7.084277153015137 -0.3143717000723263 -0.05935716118341702 0.9474424318183566 -0.9408022743489731 0.15272224152274846 -0.3026003924717662 0 0 0 0 0 0
15.221466064453125 0.4342193603515625 6.88538932800293 -0.2772517057224872 0.2598948639360629 0.9249790005041341 -0.9523176613622992 0.05328827441469118 -0.3004187605116331 0 0 0 0 0 0
15.18292236328125 0.472412109375 5.896684646606445 -0.3149811129996098 -0.6868777910465028 -0.6549700745992931 0.5358766123218213 0.44086579208925847 -0.7200511160549642 0 0 0 0 0 0
14.696762084960938 0.287139892578125 3.9355382919311523 -0.3254776273663275 -0.9346991122514952 -0.14283516247847772 -0.9297078261797059 0.28881609336702607 0.22853582247082302 0 0 0 0 0 0
14.36602783203125 0.43975830078125 3.734015464782715 -0.33287505754133084 -0.8381005058655786 0.4321825287245155 -0.9187917766728593 0.3913914224712998 0.05132665520198493 0 0 0 0 0 0
14.034027099609375 0.4667510986328125 3.491698741912842 -0.3339424034258146 -0.41851520539006304 0.8445871737431867 -0.9079801621611229 0.38341303953428557 -0.16901617152492057 0 0 0 0 0 0
13.702499389648438 0.36737060546875 3.266207695007324 -0.32833363177292035 0.1569760537638628 0.9314266180389785 -0.9020158964069034 0.24050999100633524 -0.35850002350820487 0 0 0 0 0 0
13.373123168945312 0.153533935546875 3.11922550201416 -0.31878974512555247 0.6640531151305035 0.6763183855908841 -0.9038683264657823 0.0017917139312322345 -0.4278070104300942 0 0 0 0 0 0
13.04632568359375 -0.122283935546875 3.117382526397705 -0.30902177964289596 0.9311088284537029 0.193757294783733 -0.9124783601754181 -0.23283404525189483 -0.3364097941249911 0 0 0 0 0 0
12.721603393554688 -0.3571014404296875 3.285398483276367 -0.30209463305017664 0.8890791157807068 -0.34391446402394305 -0.9238785187186153 -0.36196668419616557 -0.12421192447720458 0 0 0 0 0 0
12.397811889648438 -0.4458465576171875 3.5668206214904785 -0.29968121998371733 0.5654499393862833 -0.7684123453180064 -0.933582018310737 -0.3397086553905685 0.11411680217909581 0 0 0 0 0 0
12.030715942382812 -0.3276214599609375 3.70961856842041 -0.31044147779638004 0.059700284191611545 -0.9487159558745919 -0.9412853943990637 -0.15862189402896498 0.2980283560765031 0 0 0 0 0 0
11.565567016601562 -0.500244140625 3.885880470275879 -0.2807214652443444 -0.25764271997014565 -0.9245624304488331 -0.9538989472600999 -0.031665450758060446 0.2984528398999781 0 0 0 0 0 0
11.390060424804688 -0.0388031005859375 4.018603324890137 -0.31501596675330806 -0.686870609997586 -0.6549608429608771 -0.9479234179069767 0.19355098418610078 0.2529411202318578 0 0 0 0 0 0
11.025253295898438 0.28509521484375 3.931121349334717 -0.3254660222659646 -0.9347039315029221 -0.14283006960493883 -0.9296998351032913 0.2887918824139831 0.2285989178904866 0 0 0 0 0 0
10.694534301757812 0.4376983642578125 3.7295966148376465 -0.3329093204541565 -0.8380907265243288 0.43217510162973805 -0.9188001812687304 0.39138480882471455 0.051226539233000495 0 0 0 0 0 0
10.362503051757812 0.4647064208984375 3.4872794151306152 -0.3339374080399008 -0.4185470917310705 0.8445733476229615 -0.9079662774769 0.3834678318541228 -0.1689664490300941 0 0 0 0 0 0
10.030990600585938 0.3653106689453125 3.2617883682250977 -0.3283320299821987 0.1570134350420274 0.9314208819347307 -0.9020150341387547 0.24050065654144634 -0.3585084551175807 0 0 0 0 0 0
9.861404418945312 0.1515655517578125 2.4614274501800537 -0.31879769202818287 -0.6640315214951034 -0.6763358411458037 0.8319463828102077 0.14585073216488725 -0.5353436093351427 0 0 0 0 0 0
9.35833740234375 0.052032470703125 0.5936145782470703 -0.30903272020755557 -0.931103645824715 -0.1937647505947413 -0.9124783611467603 0.23284493912250417 0.3364022514252248 0 0 0 0 0 0
9.033584594726562 0.286865234375 0.42560645937919617 -0.3020849368619155 -0.8890887262837056 0.3438981356686172 -0.9238796761468467 0.3619576549890391 0.12422962608666814 0 0 0 0 0 0
8.7098388671875 0.3755950927734375 0.14416345953941345 -0.2997221304553834 -0.5654170061868007 0.768420622855765 -0.9335856353212454 0.3396666735960907 -0.11421213757737587 0 0 0 0 0 0
8.342330932617188 0.2540435791015625 0.021028490737080574 -0.3144070560335106 -0.05931848727640245 0.9474331217471659 -0.9407998186029709 0.15264107944799493 -0.3026489751867137 0 0 0 0 0 0
7.879364013671875 0.432159423828125 -0.17784950137138367 -0.27725212607991967 0.2598952579777783 0.9249787637912712 -0.95231222540074 0.05332825646953263 -0.3004288974353332 0 0 0 0 0 0
7.7050323486328125 -0.0348663330078125 -0.3113485276699066 -0.3150071883004235 0.6868896148856535 0.6549451337946564 -0.9478249333578087 -0.19207009198661482 -0.2544346192433705 0 0 0 0 0 0
7.3381805419921875 -0.357391357421875 -0.2245505154132843 -0.32549997494609734 0.9346918886797402 0.142831507540844 -0.9297019940623965 -0.28884050560878366 -0.22852869525743602 0 0 0 0 0 0
7.0074462890625 -0.510009765625 -0.023020533844828606 -0.33287544274624264 0.8381014757202557 -0.4321803512563042 -0.9187918123448205 -0.39139132533531235 -0.051326757353140164 0 0 0 0 0 0
6.6754150390625 -0.5370025634765625 0.2192884385585785 -0.33394315993534307 0.41851615348990734 -0.8445864048162333 -0.9079693720246402 -0.3834478345588797 0.16899520004215127 0 0 0 0 0 0
6.3439178466796875 -0.4376068115234375 0.4447804391384125 -0.3283664286963157 -0.1570116427177086 -0.9314090575876498 -0.9020135330858662 -0.24046122506873316 0.35853868043545467 0 0 0 0 0 0
6.0145263671875 -0.223785400390625 0.5917764902114868 -0.3187976117047361 -0.6640313541874285 -0.6763360432709218 -0.903855799842585 -0.0018252659706823546 0.427833333782043 0 0 0 0 0 0
5.687744140625 0.052032470703125 0.5936145782470703 -0.30903272020755557 -0.931103645824715 -0.1937647505947413 -0.9124783611467603 0.23284493912250417 0.3364022514252248 0 0 0 0 0 0
5.3629913330078125 0.286865234375 0.42560645937919617 -0.3020502705116664 -0.8890989713078313 0.34390209842800507 -0.9238819054308427 0.3619363577528065 0.1242750890327902 0 0 0 0 0 0
5.03924560546875 0.3755950927734375 0.14416345953941345 -0.29968740959955914 -0.5654234706065002 0.7684294082183516 -0.9335892018997287 0.3396737286913217 -0.11416199075507562 0 0 0 0 0 0
4.6721343994140625 0.25738525390625 0.0013795221457257867 -0.3104416990326737 -0.05970032673705264 0.9487158808037295 -0.9412853894908881 0.15862142767353077 -0.29802861978977463 0 0 0 0 0 0
4.208984375 0.428070068359375 -0.17878952622413635 -0.2806866334926751 0.25764576279009616 0.9245721576463668 -0.9539888969657754 0.030946091024497142 -0.29824071471938063 0 0 0 0 0 0
4.1691741943359375 0.469573974609375 -1.166380524635315 -0.3150156593096886 -0.6868699396379575 -0.6549616938504347 0.5361078752893714 0.44067578536555063 -0.7199952765436527 0 0 0 0 0 0
3.6840667724609375 0.28509521484375 -3.127702474594116 -0.3254660222659646 -0.9347039315029221 -0.14283006960493883 -0.9296998629459355 0.2887919158705909 0.22859876238969948 0 0 0 0 0 0
3.3533477783203125 0.4376983642578125 -3.3292274475097656 -0.3328757435403051 -0.8381022330484188 0.4321786509323927 -0.918795611440931 0.39138449480399495 0.051310833397125125 0 0 0 0 0 0
3.021331787109375 0.4647064208984375 -3.5715444087982178 -0.33393723993482555 -0.41854688103323123 0.8445735185062723 -0.9079767692199123 0.38343377557177055 -0.16898735546705057 0 0 0 0 0 0
2.6898193359375 0.3653106689453125 -3.7970364093780518 -0.3283678483205338 0.15697417470248565 0.9314148724740315 -0.9020140409926217 0.24047204423457816 -0.3585301462831321 0 0 0 0 0 0
2.3604278564453125 0.1514892578125 -3.9440324306488037 -0.31879717795840784 0.6640304507265772 0.676337134743919 -0.9038563889321396 0.0018250127712910603 -0.42783209032859787 0 0 0 0 0 0
2.0336456298828125 -0.12432861328125 -3.9458565711975098 -0.30903272020755557 0.931103645824715 0.1937647505947413 -0.9124813977470408 -0.2328481191251665 -0.33639181349354985 0 0 0 0 0 0
1.7089080810546875 -0.3591766357421875 -3.7778584957122803 -0.30208506844378824 0.889089113552137 -0.34389701886813023 -0.9238796523007621 -0.36195760022354145 -0.12422996299217812 0 0 0 0 0 0
1.3851470947265625 -0.4478912353515625 -3.4964165687561035 -0.29968039644805283 0.5654483855078268 -0.7684138099431387 -0.9335906619968224 -0.33967582984698086 0.11414379724759446 0 0 0 0 0 0
1.01763916015625 -0.3263397216796875 -3.373281478881836 -0.31440678832169594 0.059318436767803594 -0.9474332137500038 -0.9407946779842179 -0.15268175959854358 0.30264443520815687 0 0 0 0 0 0
0.5546722412109375 -0.5044708251953125 -3.1744043827056885 -0.27721679623652007 -0.25989789909996025 -0.9249886107016598 -0.9523176195275467 -0.053373405027250215 0.3004037802245242 0 0 0 0 0 0
0.380340576171875 -0.0374298095703125 -3.0409045219421387 -0.314973105736244 -0.6868984758377795 -0.6549522322693466 -0.9478344286622129 0.19201995130165755 0.25443709270600756 0 0 0 0 0 0
0.01348876953125 0.28509521484375 -3.1277034282684326 -0.3254659945582318 -0.9347038519292491 -0.14283065348462545 -0.9297071298734825 0.2888004681591723 0.22855840009383785 0 0 0 0 0 0
-0.317230224609375 0.4376983642578125 -3.329226493835449 -0.3329096634794669 -0.8380915900818022 0.4321731627439917 -0.9188002572082861 0.3913846432464881 0.05122644224232947 0 0 0 0 0 0
-0.649261474609375 0.4647064208984375 -3.5715465545654297 -0.33393723993482555 -0.41854688103323123 0.8445735185062723 -0.9079663156414707 0.3834677749588343 -0.16896637307042497 0 0 0 0 0 0
-0.9918975830078125 0.3696746826171875 -3.8005635738372803 -0.3283680306187475 0.15697426184899463 0.9314147935181879 -0.9017058399238052 0.24152314888089538 -0.35859886614706715 0 0 0 0 0 0
-1.1639251708984375 0.15362548828125 -4.603509426116943 -0.31878974512555247 -0.6640531151305035 -0.6763183855908841 0.8319158342533762 0.1458931229832135 -0.5353795302257213 0 0 0 0 0 0
-1.6669769287109375 0.0540924072265625 -6.471322536468506 -0.3090672596393457 -0.9310927762622995 -0.19376189256711157 -0.9124877630516902 0.2328987148057657 0.33633951733738543 0 0 0 0 0 0
-1.991729736328125 0.2889251708984375 -6.639331340789795 -0.3020845111537144 -0.8890874733501226 0.34390174883666497 -0.9238794437041568 0.36195820141316787 0.1242297626603331 0 0 0 0 0 0
-2.3155059814453125 0.377655029296875 -6.920759677886963 -0.29968094547150065 -0.565449421426178 0.7684128335277255 -0.9335904590303754 0.3396764481866629 -0.11414361723174271 0 0 0 0 0 0
-2.6829833984375 0.2560882568359375 -7.043901443481445 -0.3144078536230717 -0.059318637755869506 0.9474328476440538 -0.9407950995737083 0.15267589173080118 -0.3026460848950486 0 0 0 0 0 0
-3.145965576171875 0.4342193603515625 -7.242778301239014 -0.2772520114368678 0.25989515051174744 0.9249788283494316 -0.9523178240768018 0.05328619795967012 -0.3004186130262713 0 0 0 0 0 0
-3.320281982421875 -0.032806396484375 -7.376280307769775 -0.3149811129996098 0.6868777910465028 0.6549700745992931 -0.9478325730782435 -0.1920298686877498 -0.25443652045970505 0 0 0 0 0 0
-3.687164306640625 -0.3553466796875 -7.289491653442383 -0.3254656897660073 0.9347029765982744 0.14283707615133662 -0.9297003616926856 -0.28879034744760457 -0.22859871541542331 0 0 0 0 0 0
-4.0178680419921875 -0.5079498291015625 -7.08794641494751 -0.3328752290413864 0.8381009376620742 -0.4321815592787324 -0.9188005910754473 -0.39137561912978985 -0.05128936137428978 0 0 0 0 0 0
-4.3498992919921875 -0.534942626953125 -6.845648288726807 -0.3339427396519336 0.4185156267673479 -0.8445868319985192 -0.907979844029248 -0.3834139398726342 0.16901583815715826 0 0 0 0 0 0
-4.681396484375 -0.4355621337890625 -6.620143413543701 -0.32836766602250705 -0.15697408755606607 -0.9314149514297437 -0.9020134104292815 -0.24047447276596906 0.3585301038318343 0 0 0 0 0 0
-5.01080322265625 -0.2217254638671875 -6.473161697387695 -0.31878974512555247 -0.6640531151305035 -0.6763183855908841 -0.9038567820590536 -0.0018219664934141775 0.427831272774618 0 0 0 0 0 0
-5.3375701904296875 0.0540924072265625 -6.471322536468506 -0.30903275589903123 -0.9311037533617522 -0.1937641769190248 -0.9124779043397605 0.23284471234185092 0.3364036474626278 0 0 0 0 0 0
-5.662322998046875 0.2889251708984375 -6.639331340789795 -0.3020845111537144 -0.8890874733501226 0.34390174883666497 -0.9238695417270285 0.3619700100255131 0.12426898933853311 0 0 0 0 0 0
-5.9860992431640625 0.377655029296875 -6.920759677886963 -0.2996462240260003 -0.5654558852625592 0.7684216175049318 -0.933594022396996 0.33968350213501897 -0.11409346923415874 0 0 0 0 0 0
-6.353179931640625 0.259429931640625 -7.063556671142578 -0.31044182889448807 -0.05970035171047847 0.9487158367384254 -0.9412796750421502 0.15866356775841087 -0.2980242366297019 0 0 0 0 0 0
-6.81634521484375 0.4301300048828125 -7.243717670440674 -0.2806866334926751 0.25764576279009616 0.9245721576463668 -0.9539889717168323 0.030945406444226088 -0.29824054664425276 0 0 0 0 0 0
-6.85614013671875 0.4716339111328125 -8.231310844421387 -0.31501547484361325 -0.6868695374223904 -0.6549622043829736 0.5360379000837773 0.44072801206346207 -0.720015408902034 0 0 0 0 0 0
-7.34124755859375 0.287139892578125 -10.192638397216797 -0.3254776273663275 -0.9346991122514952 -0.14283516247847772 -0.9297006922553412 0.28880751899269713 0.22857567629391906 0 0 0 0 0 0
-7.671966552734375 0.43975830078125 -10.3941650390625 -0.33287540054123393 -0.838101369458046 0.4321805898314509 -0.9188005983704929 0.3913755912781251 0.05128944321907354 0 0 0 0 0 0
-8.003997802734375 0.4667510986328125 -10.636467933654785 -0.3339427396519336 -0.4185156267673479 0.8445868319985192 -0.9079797835842799 0.3834141365013877 -0.16901571682284372 0 0 0 0 0 0
-8.33551025390625 0.36737060546875 -10.86197280883789 -0.3282999607833927 0.15697819412313047 0.9314381258674479 -0.9020167957568167 0.24055037720337108 -0.3584706629557308 0 0 0 0 0 0
-8.664886474609375 0.153533935546875 -11.008956909179688 -0.31883183326551273 0.6640231779914788 0.6763279390847675 -0.9038671368242486 0.001743991421701245 -0.4278097210946194 0 0 0 0 0 0
-8.991668701171875 -0.122283935546875 -11.010795593261719 -0.3090562110347933 0.9310976370215095 0.19375615797640747 -0.9124883629978134 -0.23288769229301787 -0.3363455220037921 0 0 0 0 0 0
-9.31640625 -0.3571014404296875 -10.84278392791748 -0.3021292990911555 0.8890688692700088 -0.3439105004585277 -0.9238899379808023 -0.3619716912816742 -0.12411235719505773 0 0 0 0 0 0
-9.640167236328125 -0.4458465576171875 -10.561355590820312 -0.29968121998371733 0.5654499393862833 -0.7684123453180064 -0.9335987751197649 -0.33964455253530934 0.11417050857364394 0 0 0 0 0 0
-10.007659912109375 -0.3242950439453125 -10.438215255737305 -0.31440607665103304 0.059356449316792945 -0.9474310692020859 -0.9408061540218905 -0.15260629224132097 0.30264682407535 0 0 0 0 0 0
-10.47064208984375 -0.502410888671875 -10.239339828491211 -0.2772529285837134 -0.2598960102422729 -0.924978311881907 -0.9523120751982349 -0.053327176318554444 0.30042956528531156 0 0 0 0 0 0
-10.64495849609375 -0.0353851318359375 -10.105834007263184 -0.3150164586635167 -0.6868716825739019 -0.6549594815324029 -0.9478221700438338 0.1920751211842065 0.2544411165583705 0 0 0 0 0 0
-11.011871337890625 0.2871551513671875 -10.192630767822266 -0.3254661330958101 -0.9347042497944953 -0.14282773408470092 -0.9297000308045634 0.2887928401491034 0.22859691205396487 0 0 0 0 0 0
-11.34259033203125 0.43975830078125 -10.394158363342285 -0.3329435821263509 -0.8380809463010919 0.4321676741357923 -0.9187960561262515 0.3914006347260418 0.051179589514743364 0 0 0 0 0 0
-11.67462158203125 0.466766357421875 -10.63647174835205 -0.33393539078792467 -0.4185445633681871 0.8445753982056602 -0.9079772495199471 0.3834329530279607 -0.16898664114790174 0 0 0 0 0 0
-12.006011962890625 0.3673553466796875 -10.86197566986084 -0.3283665722382728 0.15697356467942528 0.931415425161255 -0.9020106991943799 0.24048537929781166 -0.3585296094925127 0 0 0 0 0 0
-12.33544921875 0.1535491943359375 -11.008947372436523 -0.31883286149226076 0.6640253194539104 0.6763253518513034 -0.9038688084414501 0.0017365503172966502 -0.42780621958969783 0 0 0 0 0 0
-12.662322998046875 -0.122283935546875 -11.010805130004883 -0.3089870615404569 0.9311191586593843 0.193763020667087 -0.9124901905574618 -0.23280125085335596 -0.33640040091759665 0 0 0 0 0 0
-12.9869384765625 -0.3571014404296875 -10.842767715454102 -0.3020494733467508 0.8890966248159536 -0.3439088649509193 -0.9238713249323289 -0.3619494778958658 -0.12431552766526563 0 0 0 0 0 0
-13.310699462890625 -0.4458465576171875 -10.561355590820312 -0.2997517576097263 0.5654390815791515 -0.7683928219555447 -0.933588351039466 -0.3396427064140747 0.1142612041908088 0 0 0 0 0 0
-13.6778564453125 -0.3276214599609375 -10.41855239868164 -0.3104425310929542 0.05970048674864504 -0.9487155984648797 -0.9412803265563787 -0.15865713486462324 0.29802560358879565 0 0 0 0 0 0
-14.14306640625 -0.500274658203125 -10.242302894592285 -0.28068539602816667 -0.257644626905985 -0.9245728498517504 -0.9539056027049064 -0.0317101914883747 0.2984268166300741 0 0 0 0 0 0
-14.318572998046875 -0.0388031005859375 -10.109565734863281 -0.31501350720997195 -0.6868652471328113 -0.6549676500075825 -0.9479238464678569 0.19354113863102448 0.252947047729341 0 0 0 0 0 0
-14.683258056640625 0.2851104736328125 -10.19708251953125 -0.3254776273663275 -0.9346991122514952 -0.14283516247847772 -0.9296978844677881 0.2888041446584238 0.2285913595135122 0 0 0 0 0 0
-15.0140380859375 0.437713623046875 -10.398578643798828 -0.33287540054123393 -0.838101369458046 0.4321805898314509 -0.9188006598191479 0.39137548119779525 0.051289182417863406 0 0 0 0 0 0
-15.346038818359375 0.4647064208984375 -10.640893936157227 -0.3340085539362327 -0.4185406411361746 0.8445484104625066 -0.9079744606963175 0.38339360114102583 -0.16909087890051244 0 0 0 0 0 0
-15.67767333984375 0.365325927734375 -10.866397857666016 -0.32829580739664493 0.1570143554781072 0.9314334946841774 -0.9020170655072322 0.2405410001862713 -0.3584762764299889 0 0 0 0 0 0
-16.007049560546875 0.1514892578125 -11.013372421264648 -0.31875316182952373 0.6640563716046373 0.676332430950169 -0.9038706844539769 0.0018441155913375118 -0.4278018057727026 0 0 0 0 0 0
-16.33367919921875 -0.12432861328125 -11.015189170837402 -0.3090673310282914 0.9310929913278866 0.1937607452275535 -0.912490335522506 -0.23290191250537565 -0.33633032383263184 0 0 0 0 0 0
-16.6585693359375 -0.359161376953125 -10.847220420837402 -0.3021188047026013 0.8890761339903445 -0.3439009389545985 -0.9238911272552393 -0.3619631304022301 -0.12412847057972573 0 0 0 0 0 0
-16.9822998046875 -0.4478912353515625 -10.565767288208008 -0.2996773768425778 0.5654426880012131 -0.7684191801319866 -0.9335996688475291 -0.33964224030557955 0.11417007895237206 0 0 0 0 0 0
-17.3497314453125 -0.326324462890625 -10.442646026611328 -0.3144082087250431 0.0593187047521769 -0.9474327256079104 -0.9407942188849616 -0.15268188701204077 0.3026457980727264 0 0 0 0 0 0
-17.81280517578125 -0.5044708251953125 -10.243753433227539 -0.2772495682482188 -0.2599310068854379 -0.9249694852078629 -0.952312185773492 -0.05332323195913829 0.30042991488988907 0 0 0 0 0 0
-17.88177490234375 -0.5430450439453125 -9.25520133972168 -0.3150174424854751 0.686873827729894 0.654956758656321 0.5148384398947182 -0.45606300291957613 0.7259117840170055 0 0 0 0 0 0
-18.37042236328125 -0.357391357421875 -7.293920516967773 -0.3254773502544746 0.9346983164480939 0.14284100146815445 -0.9296987594523788 -0.2888033896736589 -0.22858875472278298 0 0 0 0 0 0
-18.701141357421875 -0.510009765625 -7.092373371124268 -0.3328757435403051 0.8381022330484188 -0.4321786509323927 -0.9188006897715353 -0.39137539797420995 -0.05128928090624602 0 0 0 0 0 0
-19.03314208984375 -0.5370025634765625 -6.85006856918335 -0.33401422280297655 0.41850959780395797 -0.8445615522336384 -0.9079731673965848 -0.38338790043977583 0.16911074798543752 0 0 0 0 0 0
-19.364776611328125 -0.4376373291015625 -6.6245574951171875 -0.3282988671688653 -0.1569776712061214 -0.9314385994569597 -0.9020145096278565 -0.2405598278900747 0.35847007354354626 0 0 0 0 0 0
-19.694000244140625 -0.2237701416015625 -6.477580547332764 -0.31883234737854943 -0.6640242487219921 -0.6763266454711644 -0.9038650040574053 -0.001748052056901371 0.4278142105567712 0 0 0 0 0 0
-20.020843505859375 0.052032470703125 -6.475735664367676 -0.3090673310282914 -0.9310929913278866 -0.1937607452275535 -0.9124892883599347 0.23290081562898307 0.3363339244080715 0 0 0 0 0 0
-21.20916748046875 -0.31512451171875 -5.94611930847168 0.9685399047899306 0 0.24885829869528592 -0.08610710309938903 0.9382313532223485 0.3351231036893639 0 0 0 0 0 0
-17.39031982421875 0.6123046875 -4.824321746826172 0 1 0 0 0 1 0 0 0 0 0 0
-17.793853759765625 0.6123046875 -4.685145378112793 0 1 0 0 0 1 0 0 0 0 0 0
-18.245635986328125 0.6123046875 -4.102003574371338 0 1 0 0 0 1 0 0 0 0 0 0
-17.917388916015625 0.6123046875 -3.441368579864502 0 1 0 0 0 1 0 0 0 0 0 0
-20.539642333984375 1.0959014892578125 -3.1692874431610107 0.9870382367977935 0 0.16048526131424937 0.14752152617231706 -0.3937404783413835 -0.9073069133602416 0 0 0 0 0 0
-20.28448486328125 0.4434661865234375 -3.7961294651031494 0.3090672953338673 -0.9310928837952398 -0.19376131889743192 0.9371474116553151 0.2634681726926285 0.22877773232058848 0 0 0 0 0 0
-19.733489990234375 0.542755126953125 -3.570479393005371 0.31876085088401757 -0.6640342426206431 -0.6763505337995424 0.9357802494849841 0.3339219977396967 0.11318756159292018 0 0 0 0 0 0
-19.40423583984375 0.4577178955078125 -3.315474510192871 0.3283665722382728 -0.15697356467942528 -0.931415425161255 0.9283867780673362 0.23528205555044143 0.28764621437750565 0 0 0 0 0 0
-19.072540283203125 0.2592620849609375 -3.157987594604492 0.334013886519796 0.41850917645142555 -0.8445618940242867 0.9179902624210956 0.05884426855387744 0.3922132457712351 0 0 0 0 0 0
-18.73974609375 0.0179290771484375 -3.126878499984741 0.3328757435403051 0.8381022330484188 -0.4321786509323927 0.9076483676348298 -0.16050866251248508 0.3878290989447312 0 0 0 0 0 0
-18.408172607421875 -0.207366943359375 -3.2225074768066406 0.32554586583894807 0.9346759789999889 0.1428310313467691 0.9020029075346675 -0.3523004655898881 0.2495498682511258 0 0 0 0 0 0
-18.079193115234375 -0.35601806640625 -3.4326064586639404 0.31493702208215146 0.6869029743984134 0.6549648661452301 0.9041562967440119 -0.42700200831388097 0.013064300749253228 0 0 0 0 0 0
-17.64056396484375 -0.450347900390625 -3.620626449584961 0.27725216429428956 0.2598952937998067 0.9249787422718667 0.9173662553982459 -0.3577834385670816 -0.17444243905573972 0 0 0 0 0 0
-17.32318115234375 -0.484893798828125 -3.739227533340454 0.3144087413794183 -0.05931880524690554 0.9474325425529194 0.9411104408908569 0.15019477762752362 -0.3029070266924094 0 0 0 0 0 0
-17.038543701171875 -0.093414306640625 -4.017122745513916 0.2996082078815891 -0.5654561325985223 0.7684362588248325 0.9379725397317203 0.027280842737333832 -0.34563459075845876 0 0 0 0 0 0
-16.71405029296875 0.2282867431640625 -4.01884651184082 0.3021188666300914 -0.88907631623075 0.3439004134102026 0.9371697615960302 0.21099087480097997 -0.2778411213279228 0 0 0 0 0 0
-16.3896484375 0.46185302734375 -3.8419315814971924 0.3090672953338673 -0.9310928837952398 -0.19376131889743192 0.9389133448167328 0.33115817602540054 -0.09368027207787569 0 0 0 0 0 0
-16.062896728515625 0.542755126953125 -3.570479393005371 0.31876085088401757 -0.6640342426206431 -0.6763505337995424 0.9357802494849841 0.3339219977396967 0.11318756159292018 0 0 0 0 0 0
-15.733642578125 0.4577178955078125 -3.315474510192871 0.3282985026321851 -0.1569774969011668 -0.9314387573190785 0.928397618656244 0.23533936549486564 0.2875643314493117 0 0 0 0 0 0
-15.401947021484375 0.2592620849609375 -3.157987594604492 0.334013886519796 0.41850917645142555 -0.8445618940242867 0.9179902624210956 0.05884426855387744 0.3922132457712351 0 0 0 0 0 0
-15.218841552734375 0.74822998046875 -1.9740934371948242 0.33287561491575085 -0.8381019092022743 0.43217937802024187 -0.33412474772546963 0.3237497891851638 0.8851817479817089 0 0 0 0 0 0
-14.75408935546875 0.13507080078125 -0.15080150961875916 0.3254659183614071 -0.9347036331000419 -0.1428322591529949 0.9019825620937544 0.3522321090079357 -0.24971984114725085 0 0 0 0 0 0
-14.425140380859375 0.2837066650390625 0.0592864491045475 0.3150169179082767 -0.6868726839254576 -0.6549582105055317 0.9041601119595193 0.42699806542027036 -0.012928420966848259 0 0 0 0 0 0
-13.98516845703125 0.3672943115234375 0.2301095426082611 0.28068508666359965 -0.2576443429363892 -0.9245730229016655 0.918009104818498 0.353220258650925 0.18026295334569875 0 0 0 0 0 0
-13.665008544921875 0.4210357666015625 0.36829349398612976 0.3104425331501808 0.05970048714426553 -0.9487155977668106 0.9454019986919546 -0.12353964579694532 0.301584178606277 0 0 0 0 0 0
-13.386383056640625 0.0197296142578125 0.6477205753326416 0.2996885591960465 0.565425639562602 -0.7684273639142611 0.9371192584794952 -0.02345475807931225 0.3482202890560547 0 0 0 0 0 0
-13.05889892578125 -0.2985076904296875 0.6499905586242676 0.3020495662209238 0.8890968981953867 -0.3439080766209099 0.937164370600784 -0.210864616431173 0.27795513309484154 0 0 0 0 0 0
-12.73455810546875 -0.5321044921875 0.4730435311794281 0.30898707492234945 0.9311191989851393 0.1937628055437962 0.938926097284457 -0.3310933673419406 0.0937814797300261 0 0 0 0 0 0
-12.408050537109375 -0.61297607421875 0.2015654742717743 0.318763742279566 0.6640402659000006 0.6763432574302659 0.9357647173101946 -0.33398979263772277 -0.11311592395053383 0 0 0 0 0 0
-12.078521728515625 -0.527984619140625 -0.05340447649359703 0.32836621049340564 0.1569733917495776 0.9314155818370413 0.9283868218752714 -0.23528237650359585 -0.28764581045993615 0 0 0 0 0 0
-11.746856689453125 -0.329498291015625 -0.21091249585151672 0.33393522268447245 -0.41854435267238194 0.8445755690858745 0.9180002068365244 -0.058940582924259716 -0.39217550654349537 0 0 0 0 0 0
-11.414306640625 -0.0881500244140625 -0.24198850989341736 0.3329432605155509 -0.8380801367468669 0.43216949182887393 0.9076404921605619 0.16059633800502607 -0.387811233991369 0 0 0 0 0 0
-11.08251953125 0.1371002197265625 -0.146402508020401 0.3254658283095558 -0.9347033744806663 -0.14283415675961386 0.902010722271787 0.35222781198303693 -0.24962416824572783 0 0 0 0 0 0
-10.75360107421875 0.285736083984375 0.06370744109153748 0.3149459199617092 -0.6868842338699777 -0.6549802415037621 0.9041434548820767 0.42702890621393863 -0.01307387668709213 0 0 0 0 0 0
-10.314910888671875 0.3801116943359375 0.2517305314540863 0.2772518585796003 -0.2598950072238328 -0.9249789144268539 0.9173662182838123 0.35778368213296197 0.17444213467805522 0 0 0 0 0 0
-9.99755859375 0.414642333984375 0.3703244626522064 0.3144076781530408 0.059318604650324985 -0.9474329079469174 0.9411001191096815 -0.1502793123244378 0.30289716753221285 0 0 0 0 0 0
-9.7130126953125 0.0231475830078125 0.6482175588607788 0.2996807224305665 0.5654490005840487 -0.7684132301971343 0.9379618434209592 -0.027381223573353552 0.34565567966110783 0 0 0 0 0 0
-9.466094970703125 1.2995758056640625 1.4498085975646973 0.30211899048486396 -0.88907668071095 0.34389936232044144 -0.07066668096240414 0.3388767194097738 0.938173112620388 0 0 0 0 0 0
-9.047515869140625 0.4639129638671875 3.2213144302368164 0.30899825093841987 -0.9311147294944385 -0.19376646106975243 0.9389114132898554 0.3311158163214195 -0.09384920977742026 0 0 0 0 0 0
-8.720855712890625 0.5447998046875 3.4927682876586914 0.31876354951919866 -0.66403986434666 -0.6763437425277112 0.9357669362448636 0.3339800233329395 0.11312641179419804 0 0 0 0 0 0
-8.391510009765625 0.4597930908203125 3.747772693634033 0.32836606410587793 -0.15701146838519905 -0.9314092155111727 0.9284001634704401 0.23522082178209083 0.2876530922278049 0 0 0 0 0 0
-8.059783935546875 0.261322021484375 3.905268669128418 0.3339427396519336 0.4185156267673479 -0.8445868319985192 0.9179996023256483 0.05894169497700934 0.39217675444012384 0 0 0 0 0 0
-7.72711181640625 0.0199737548828125 3.9363536834716797 0.3328752290413864 0.8381009376620742 -0.4321815592787324 0.9076484720612151 -0.16050677150674417 0.3878296371674343 0 0 0 0 0 0
-7.3955078125 -0.2053070068359375 3.8407325744628906 0.3254660222659646 0.9347039315029221 0.14283006960493883 0.902005672150756 -0.3522277426190013 0.2496425138821225 0 0 0 0 0 0
-7.0665283203125 -0.3539581298828125 3.6306467056274414 0.3149384974411353 0.6869061922750148 0.6549607819127498 0.9041382650788022 -0.42703873674331577 0.013111633802334472 0 0 0 0 0 0
-6.626617431640625 -0.4375152587890625 3.4598217010498047 0.2806897014199563 0.25761043132494765 0.9245810711827006 0.9180133664203532 -0.35319707530095096 -0.18028667469456705 0 0 0 0 0 0
-6.307037353515625 -0.488739013671875 3.325700283050537 0.3104411266990221 -0.05970021667288886 0.9487160750103539 0.9447637554417789 0.12973019186192558 -0.30098425826447217 0 0 0 0 0 0
-6.0286865234375 -0.087921142578125 3.0466394424438477 0.29968121998371733 -0.5654499393862833 0.7684123453180064 0.9371197278408055 0.023452603846755602 -0.3482191710178828 0 0 0 0 0 0
-5.7012786865234375 0.2303314208984375 3.0443735122680664 0.302084387310714 -0.8890871088585443 0.3439027999372288 0.9371579705617009 0.2109072958728271 -0.27794433032585103 0 0 0 0 0 0
-5.3769378662109375 0.4639129638671875 3.2213144302368164 0.30903275589903123 -0.9311037533617522 -0.1937641769190248 0.938912297707043 0.3311371004281611 -0.09376522774734447 0 0 0 0 0 0
-5.0502777099609375 0.5447998046875 3.4927682876586914 0.3187978205457321 -0.6640317891874546 -0.6763355177452972 0.9357673741176916 0.3339512781552267 0.11320762057110323 0 0 0 0 0 0
-4.720916748046875 0.4597930908203125 3.747772693634033 0.32836606410587793 -0.15701146838519905 -0.9314092155111727 0.9283928631695155 0.23526107806198499 0.28764373235831453 0 0 0 0 0 0
-4.389190673828125 0.261322021484375 3.905268669128418 0.3339427396519336 0.4185156267673479 -0.8445868319985192 0.9179907299256186 0.05897928159876497 0.39219187155361085 0 0 0 0 0 0
-4.2061920166015625 0.7502899169921875 5.089150428771973 0.33290914894118934 -0.8380902947448068 0.43217607107036377 -0.3340927047907272 0.3237553331789442 0.8851918147180343 0 0 0 0 0 0
-3.7414093017578125 0.137115478515625 6.91244649887085 0.32547729483080123 -0.9346981572836723 -0.1428421692643001 0.9019970084825226 0.35224259325497903 -0.24965286336348635 0 0 0 0 0 0
-3.4124603271484375 0.2857513427734375 7.122529983520508 0.31501522888895855 -0.6868690011352128 -0.6549628850916301 0.904148197912795 0.42702235145253603 -0.01295945874610461 0 0 0 0 0 0
-2.97369384765625 0.380126953125 7.310545921325684 0.27721649055450426 -0.2598976125151834 -0.9249887828366095 0.9173539212964306 0.35784372489525457 0.17438363350713765 0 0 0 0 0 0
-2.6563720703125 0.414642333984375 7.4291486740112305 0.3144074985218568 0.05931857075970484 -0.9474329696797842 0.9411055007586829 -0.15023706171666362 0.3029014059533106 0 0 0 0 0 0
-2.3718414306640625 0.0231475830078125 7.7070417404174805 0.2996806709596125 0.5654489034666925 -0.7684133217361029 0.9379617452410155 -0.02738060642274176 0.34565599496660193 0 0 0 0 0 0
-2.047210693359375 -0.29852294921875 7.70880126953125 0.302084387310714 0.8890871088585443 -0.3439027999372288 0.9371580050957682 -0.21090737623251996 0.27794415290780033 0 0 0 0 0 0
-1.72283935546875 -0.5321044921875 7.531867980957031 0.3090673310282914 0.9310929913278866 0.1937607452275535 0.9389132226775605 -0.3311582648867517 0.09368118209348998 0 0 0 0 0 0
-1.3961944580078125 -0.6129913330078125 7.260406494140625 0.3187975635106759 0.6640312538028401 0.6763361645459193 0.9357650932406092 -0.33396150489700377 -0.11319630523706532 0 0 0 0 0 0
-1.0668182373046875 -0.5279693603515625 7.0054097175598145 0.32836766602250705 0.15697408755606607 0.9314149514297437 0.9283936740556971 -0.23524233474271117 -0.2876564442493205 0 0 0 0 0 0
-0.722564697265625 -0.3336181640625 6.855042457580566 0.33393808046155365 -0.4185479345241223 0.844572664087137 0.9189112490876687 -0.05503712320601479 -0.39060597968969496 0 0 0 0 0 0
-0.388885498046875 -0.0902252197265625 6.822936534881592 0.33287557204087354 -0.8381018012534943 0.43217962038267105 0.9076482623403113 0.160507746479034 -0.38782972448077757 0 0 0 0 0 0
-0.0572662353515625 0.13507080078125 6.9185566902160645 0.3254997948256132 -0.9346913714534162 -0.14283530270565242 0.9020035545383507 0.35225995141399463 -0.24960471596103917 0 0 0 0 0 0
0.271697998046875 0.2837066650390625 7.128630638122559 0.3150074668991664 -0.6868902223847528 -0.654944362667544 0.904148579863425 0.4270208395764781 -0.012982607532833798 0 0 0 0 0 0
0.7104339599609375 0.3780670166015625 7.3166608810424805 0.2772520114368678 -0.25989515051174744 -0.9249788283494316 0.9173542647508499 0.35782115437483103 0.17442813541768706 0 0 0 0 0 0
1.027801513671875 0.4125823974609375 7.4352617263793945 0.3143717000723263 0.05935716118341702 -0.9474424318183566 0.9411292363235656 -0.15015183478257302 0.30286991770139415 0 0 0 0 0 0
1.312286376953125 0.0211029052734375 7.713152885437012 0.2996865860115882 0.5654219167341853 -0.7684308727799521 0.9379621087438185 -0.02738276140151524 0.3456548378641288 0 0 0 0 0 0
1.559234619140625 1.297515869140625 8.514745712280273 0.30208513036456136 -0.8890892957957862 0.3438964933144549 -0.07067474676874616 0.33886959490594337 0.9381750784461586 0 0 0 0 0 0
1.9777984619140625 0.46185302734375 10.286242485046387 0.3090326845159825 -0.9311035382873842 -0.19376532427025903 0.9389187285605737 0.33113067459420176 -0.0937235162645146 0 0 0 0 0 0
2.304443359375 0.542755126953125 10.557706832885742 0.31878897407948653 -0.6640515090075029 -0.67632032602178 0.9357673585384036 0.33396122017593194 0.11317841716803463 0 0 0 0 0 0
2.633819580078125 0.457733154296875 10.812705993652344 0.32836730142701454 -0.15697391326349497 -0.9314151093407735 0.928393585205411 0.23524339170839936 0.28765586663054843 0 0 0 0 0 0
2.965545654296875 0.2592620849609375 10.970189094543457 0.33393808046155365 0.4185479345241223 -0.844572664087137 0.9179910631022558 0.058972032329484364 0.392192181802902 0 0 0 0 0 0
3.2982025146484375 0.017913818359375 11.001289367675781 0.33287540054123393 0.838101369458046 -0.4321805898314509 0.9076353880333957 -0.16048079406860752 0.38787100577972644 0 0 0 0 0 0
3.6298065185546875 -0.207366943359375 10.905670166015625 0.3255001273521553 0.9346923263224963 0.14282829624262364 0.9020044263607014 -0.3522582339613451 0.24960398921518978 0 0 0 0 0 0
3.958770751953125 -0.3560028076171875 10.69558048248291 0.31501596675330806 0.686870609997586 0.6549608429608771 0.9041482202145518 -0.42702230392303947 0.01295946893657244 0 0 0 0 0 0
4.398712158203125 -0.4395904541015625 10.524757385253906 0.2806866334926751 0.25764576279009616 0.9245721576463668 0.9180085546292175 -0.35322133361819985 -0.18026364887174404 0 0 0 0 0 0
4.71826171875 -0.4907989501953125 10.390623092651367 0.3104755968127604 -0.059699509646390224 0.9487048394162121 0.9447483310446974 0.12977222110606615 -0.30101455382997233 0 0 0 0 0 0
4.9966278076171875 -0.0899658203125 10.11156177520752 0.2996806709596125 -0.5654489034666925 0.7684133217361029 0.9371200922171509 0.02345266709671257 -0.34821818615484385 0 0 0 0 0 0
5.32403564453125 0.228271484375 10.10931396484375 0.30208513036456136 -0.8890892957957862 0.3438964933144549 0.9371592957665705 0.21091354455619857 -0.27793512027278267 0 0 0 0 0 0
5.64837646484375 0.46185302734375 10.286243438720703 0.3090326845159825 -0.9311035382873842 -0.19376532427025903 0.9389187688476335 0.33113063389782943 -0.09372325645252465 0 0 0 0 0 0
5.97503662109375 0.542755126953125 10.557705879211426 0.31878897407948653 -0.6640515090075029 -0.67632032602178 0.9357673102554966 0.33396143449188076 0.11317818398136043 0 0 0 0 0 0
6.304412841796875 0.457733154296875 10.81270694732666 0.32833399634050425 -0.15697622806334088 -0.9314264601513528 0.9283916007494118 0.23531174423150492 0.2876063606471036 0 0 0 0 0 0
6.636138916015625 0.2592620849609375 10.970189094543457 0.33393808046155365 0.4185479345241223 -0.844572664087137 0.9179916330802916 0.05896961800961991 0.3921912106949604 0 0 0 0 0 0
6.968780517578125 0.017913818359375 11.001289367675781 0.3329093204541565 0.8380907265243288 -0.43217510162973805 0.9076448487468536 -0.16055260779902208 0.3878191442827895 0 0 0 0 0 0
7.3003997802734375 -0.207366943359375 10.905671119689941 0.3255000165117115 0.9346920080377906 0.1428306317326858 0.9020046035404092 -0.35225872795468594 0.24960265177208343 0 0 0 0 0 0
7.629364013671875 -0.3560028076171875 10.695579528808594 0.31498160486746785 0.6868788636603641 0.6549687131854172 0.9041489937541661 -0.4270191759479767 0.013008476699445033 0 0 0 0 0 0
8.068099975585938 -0.4503631591796875 10.507552146911621 0.2772517057224872 0.2598948639360629 0.9249790005041341 0.9173542627288189 -0.3578212876983627 -0.1744278725523843 0 0 0 0 0 0
8.385467529296875 -0.484893798828125 10.388951301574707 0.31440678832169594 -0.059318436767803594 0.9474332137500038 0.9411111802961232 0.15019374710237604 -0.3029052403854801 0 0 0 0 0 0
8.669952392578125 -0.0933990478515625 10.111061096191406 0.2996865860115882 -0.5654219167341853 0.7684308727799521 0.9379621087438185 0.02738276140151524 -0.3456548378641288 0 0 0 0 0 0
8.994613647460938 0.228271484375 10.10931396484375 0.30208513036456136 -0.8890892957957862 0.3438964933144549 0.9371592957665705 0.21091354455619857 -0.27793512027278267 0 0 0 0 0 0
9.3189697265625 0.46185302734375 10.286243438720703 0.3090326845159825 -0.9311035382873842 -0.19376532427025903 0.9389123105349081 0.33113715667013527 -0.09376490067407328 0 0 0 0 0 0
9.6456298828125 0.542755126953125 10.557705879211426 0.31878897407948653 -0.6640515090075029 -0.67632032602178 0.9357673102554966 0.33396143449188076 0.11317818398136043 0 0 0 0 0 0
9.974990844726562 0.457733154296875 10.81270694732666 0.3283680306187475 -0.15697426184899463 -0.9314147935181879 0.9283934801662884 0.2352428367917464 0.2876566594447263 0 0 0 0 0 0
10.306716918945312 0.2592620849609375 10.970189094543457 0.3339719727879951 0.41854260256195114 -0.844561904914473 0.9179963498663949 0.058885433180231615 0.39219281914786763 0 0 0 0 0 0
10.639373779296875 0.017913818359375 11.001289367675781 0.33287540054123393 0.838101369458046 -0.4321805898314509 0.9076369632198552 -0.16048400569037308 0.38786599092291124 0 0 0 0 0 0
10.970993041992188 -0.207366943359375 10.905671119689941 0.32546591143438225 0.9347036132063605 0.14283240512279072 0.9020059496842333 -0.3522282198849759 0.24964083770670473 0 0 0 0 0 0
11.299957275390625 -0.3560028076171875 10.695579528808594 0.31498160486746785 0.6868788636603641 0.6549687131854172 0.9041489937541661 -0.4270191759479767 0.013008476699445033 0 0 0 0 0 0
11.739883422851562 -0.4395904541015625 10.524758338928223 0.2807211558457996 0.25764243600795356 0.9245626035204355 0.918008704842746 -0.3531985893443403 -0.18030744387881556 0 0 0 0 0 0
12.060440063476562 -0.488800048828125 10.395062446594238 0.3104411266990221 -0.05970021667288886 0.9487160750103539 0.9441892157192165 0.13501173379989892 -0.30046390241737203 0 0 0 0 0 0
12.338729858398438 -0.087921142578125 10.115994453430176 0.29968121998371733 -0.5654499393862833 0.7684123453180064 0.9371198167441162 0.023453013600011285 -0.34821890416597406 0 0 0 0 0 0
12.557662963867188 -1.3714141845703125 9.310009956359863 0.3020848826810535 0.8890885668199663 -0.3438985955272171 -0.09168535655939081 -0.3319824854023436 -0.9388191651104382 0 0 0 0 0 0
12.973983764648438 -0.5321044921875 7.542398452758789 0.3090326845159825 0.9311035382873842 0.19376532427025903 0.9389122702195676 -0.3311371973805517 0.09376516059865402 0 0 0 0 0 0
13.300643920898438 -0.6129913330078125 7.270941734313965 0.31879807758095685 0.6640323245724202 0.6763348709431105 0.9357650482467746 -0.33396150191037793 -0.11319668600041435 0 0 0 0 0 0
13.6300048828125 -0.5279693603515625 7.0159382820129395 0.32836766602250705 0.15697408755606607 0.9314149514297437 0.928393603370919 -0.23524272449673936 -0.287656353643218 0 0 0 0 0 0
13.961746215820312 -0.3295135498046875 6.858444690704346 0.3339377442504567 -0.41854751312725735 0.8445730058555654 0.9179907631446671 -0.05897415987589282 -0.3921925639886669 0 0 0 0 0 0
14.294387817382812 -0.088165283203125 6.827356338500977 0.3328752290413864 -0.8381009376620742 0.4321815592787324 0.9076480517468745 0.160505914402669 -0.3878309755574795 0 0 0 0 0 0
14.626007080078125 0.137115478515625 6.922976493835449 0.32547729483080123 -0.9346981572836723 -0.1428421692643001 0.9020089020809422 0.35224059757567344 -0.24961270397611196 0 0 0 0 0 0
14.954971313476562 0.2857513427734375 7.133061408996582 0.31498086706587347 -0.6868772547399925 -0.6549707553038394 0.9041489607039609 0.42701924538799385 -0.013008494386980556 0 0 0 0 0 0
15.393707275390625 0.380126953125 7.321078300476074 0.2772523171518657 -0.2598954370880106 -0.9249786561941595 0.9173542667728074 0.3578210210508666 0.17442839828376697 0 0 0 0 0 0
15.7110595703125 0.414642333984375 7.439680099487305 0.3144074985218568 0.05931857075970484 -0.9474329696797842 0.9411053949944633 -0.15023790093435674 0.3029013183120099 0 0 0 0 0 0
15.995559692382812 0.0231475830078125 7.7175703048706055 0.29968121998371733 0.5654499393862833 -0.7684123453180064 0.9379620350469131 -0.027383609409353363 0.3456549706663707 0 0 0 0 0 0
16.320220947265625 -0.29852294921875 7.719322204589844 0.30208513036456136 0.8890892957957862 -0.3438964933144549 0.937165208107826 -0.21092730390243816 0.2779047411986049 0 0 0 0 0 0
16.644577026367188 -0.5321044921875 7.542398452758789 0.3090326845159825 0.9311035382873842 0.19376532427025903 0.9389122702195676 -0.3311371973805517 0.09376516059865402 0 0 0 0 0 0
16.971221923828125 -0.6129913330078125 7.270943641662598 0.31883286149226076 0.6640253194539104 0.6763253518513034 0.9357589059043508 -0.3339617468009615 -0.11324672928761713 0 0 0 0 0 0
17.300628662109375 -0.527984619140625 7.015929698944092 0.3283307152591695 0.15697465938090885 0.9314278811210506 0.9283981612788405 -0.23528068266803154 -0.287610595245261 0 0 0 0 0 0
17.632354736328125 -0.32952880859375 6.858457565307617 0.3339061560867121 -0.41851758693331637 0.844600324623967 0.9180059746080645 -0.05898575194736207 -0.3921552137242371 0 0 0 0 0 0
17.845458984375 -0.817840576171875 5.675565719604492 0.33287557204087354 0.8381018012534943 -0.43217962038267105 -0.31653625816314296 -0.3324108600587514 -0.8884299732579252 0 0 0 0 0 0
18.3131103515625 -0.2053070068359375 3.8512654304504395 0.32551173338037975 0.9346875063033008 0.14283338892646044 0.9019928095164265 -0.35227200916309676 0.24962652731802906 0 0 0 0 0 0
18.642074584960938 -0.3539581298828125 3.641172409057617 0.3150167046188136 0.6868722188624797 0.6549588008157741 0.9041363940917693 -0.42704640010194467 0.012990498015957067 0 0 0 0 0 0
19.08203125 -0.437530517578125 3.4703454971313477 0.28068477729965663 0.25764405896736625 0.9245731959510086 0.9180138600863131 -0.35320512980623514 -0.18026838038876336 0 0 0 0 0 0
19.401458740234375 -0.4887237548828125 3.3362326622009277 0.3104777081728473 -0.059661768716345154 0.9487065226303514 0.9447453409244763 0.12978208443168152 -0.3010196860041934 0 0 0 0 0 0
19.679977416992188 -0.0879364013671875 3.057168483734131 0.2996440281443323 -0.5654517414619271 0.7684255230502905 0.9371255272422823 0.02340247618103795 -0.34820693603010106 0 0 0 0 0 0
20.007232666015625 0.2303314208984375 3.054924488067627 0.3020841396238825 -0.8890863798729423 0.3439049021344782 0.9371592124372548 0.2109091307483916 -0.2779387506465091 0 0 0 0 0 0
21.270401000976562 -0.3404388427734375 3.004988431930542 -0.9920049680579117 0 -0.12619882467131655 0.0018080025621296741 0.9998973687180229 -0.014212077874459963 0 0 0 0 0 0
18.568130493164062 0.6123046875 2.0488314628601074 0 1 0 0 0 1 0 0 0 0 0 0
18.971786499023438 0.6123046875 1.9096546173095703 0 1 0 0 0 1 0 0 0 0 0 0
19.423553466796875 0.6123046875 1.3265135288238525 0 1 0 0 0 1 0 0 0 0 0 0
19.095199584960938 0.6123046875 0.6658785343170166 0 1 0 0 0 1 0 0 0 0 0 0
20.675827026367188 1.0998382568359375 0.3429954946041107 -0.9999870658309906 0 -0.005086076162031645 -0.0038765024588914127 -0.6473658685799906 0.7621695381779312 0 0 0 0 0 0
20.260848999023438 0.27667236328125 0.3552344739437103 -0.3021303829176575 -0.8890720586210763 0.34390130313406975 -0.9484292489701763 0.24405673923222765 -0.20228264318324468 0 0 0 0 0 0
19.722381591796875 0.3776702880859375 0.1486024558544159 -0.2996436850397208 -0.5654510939966622 0.7684261332839968 -0.9335944117530549 0.33968274340953425 -0.11409254214557696 0 0 0 0 0 0
19.355392456054688 0.2594146728515625 0.0058045112527906895 -0.3104019177479131 -0.059700012446292736 0.9487289170107184 -0.9412992457920087 0.15861122537242084 -0.2979902834947051 0 0 0 0 0 0
18.892257690429688 0.43011474609375 -0.17433950304985046 -0.28068512533413637 0.25764437843255733 0.9245730012704574 -0.9539941734691831 0.030902660881029033 -0.29822833959455003 0 0 0 0 0 0
18.715713500976562 -0.031463623046875 -0.30761048197746277 -0.3149825251997229 0.6868808706244653 0.6549661658352914 -0.9479302187062733 -0.19346382621196917 -0.252982308493899 0 0 0 0 0 0
18.350860595703125 -0.3553466796875 -0.2201385200023651 -0.3255116294563989 0.9346872078917948 0.14283557852328138 -0.9297003189329797 -0.2888534184667131 -0.22851918872604562 0 0 0 0 0 0
18.020126342773438 -0.5079498291015625 -0.01860150508582592 -0.33290934122329074 0.8380907788100949 -0.4321749842364356 -0.9187964661879118 -0.39139146384742635 -0.05124232379561301 0 0 0 0 0 0
17.688095092773438 -0.5349578857421875 0.22370943427085876 -0.33390141332534923 0.4185497894442742 -0.8445862418578036 -0.9079696207981925 -0.3834809132797852 0.16891878775816654 0 0 0 0 0 0
17.356582641601562 -0.435577392578125 0.44919344782829285 -0.3283309886803006 -0.15697479010333878 -0.9314277627085362 -0.9020287816521454 -0.2404699170886464 0.3584944853781234 0 0 0 0 0 0
17.02728271484375 -0.221710205078125 0.5961865186691284 -0.31883252410506163 -0.6640246167859306 -0.676326200790043 -0.9038536460946661 -0.0017772951311235126 0.42783808580278976 0 0 0 0 0 0
16.700408935546875 0.0540924072265625 0.5980424880981445 -0.3090217617990717 -0.9311087746887473 -0.1937575816122229 -0.91247907012204 0.23283466287098617 0.3364074409922761 0 0 0 0 0 0
16.375686645507812 0.2889251708984375 0.43002447485923767 -0.3020849368619155 -0.8890887262837056 0.3438981356686172 -0.923879696949385 0.3619576301783503 0.12422954366971306 0 0 0 0 0 0
16.051925659179688 0.377655029296875 0.14858445525169373 -0.29968094547150065 -0.565449421426178 0.7684128335277255 -0.9335904750056517 0.33967638707353465 -0.11414366843321569 0 0 0 0 0 0
15.684417724609375 0.256103515625 0.025449486449360847 -0.3143719677594728 -0.05935721172597254 0.9474423398303219 -0.9408022838674006 0.152721518082495 -0.3026007279972425 0 0 0 0 0 0
15.221466064453125 0.4342193603515625 -0.1734274923801422 -0.27725216429428956 0.2598952937998067 0.9249787422718667 -0.9523177129818519 0.05328661659424284 -0.30041889093889146 0 0 0 0 0 0
15.18292236328125 0.472412109375 -1.1621454954147339 -0.3149814819004552 -0.6868785955067939 -0.6549690535394841 0.5358753904408998 0.44086550980519706 -0.7200521982356675 0 0 0 0 0 0
14.696762084960938 0.287139892578125 -3.123281478881836 -0.32547751652288903 -0.9346987939338757 -0.14283749807613808 -0.9297078532673353 0.2888154034468865 0.22853658417167144 0 0 0 0 0 0
14.36602783203125 0.43975830078125 -3.3248074054718018 -0.3328754862910797 -0.8381015853558356 0.43218010510724825 -0.9188006250613641 0.3913755360720021 0.05128938634064318 0 0 0 0 0 0
14.034027099609375 0.4667510986328125 -3.5671255588531494 -0.3339425715388064 -0.4185154160786207 0.844587002870982 -0.907980033317675 0.38341339138918085 -0.16901606550822515 0 0 0 0 0 0
13.702499389648438 0.36737060546875 -3.792616367340088 -0.3283334494894088 0.15697596661425783 0.9314266969825941 -0.9020158349527259 0.24051047432416245 -0.3584998538840751 0 0 0 0 0 0
13.373123168945312 0.153533935546875 -3.939598560333252 -0.31878974512555247 0.6640531151305035 0.6763183855908841 -0.9038683264657823 0.0017917139312322345 -0.4278070104300942 0 0 0 0 0 0
13.04632568359375 -0.122283935546875 -3.9414405822753906 -0.3090217439552232 0.9311087209237184 0.1937578684406632 -0.9124783675653962 -0.2328338014094588 -0.33640994284713194 0 0 0 0 0 0
12.721603393554688 -0.3571014404296875 -3.773425579071045 -0.30209463305017664 0.8890791157807068 -0.34391446402394305 -0.9238784979198769 -0.3619667090048139 -0.1242120068815271 0 0 0 0 0 0
12.397811889648438 -0.4458465576171875 -3.492002487182617 -0.29968121998371733 0.5654499393862833 -0.7684123453180064 -0.933582034285327 -0.33970859429362266 0.1141168533684725 0 0 0 0 0 0
12.030715942382812 -0.3276214599609375 -3.349205493927002 -0.3104413022476073 0.05970025043223218 -0.9487160154425235 -0.9412854537012125 -0.1586218525605865 0.2980281908490373 0 0 0 0 0 0
11.565567016601562 -0.500244140625 -3.172943592071533 -0.2807216199438508 -0.25764286195145647 -0.9245623439128174 -0.9538989162802295 -0.031665232486991976 0.29845296207434174 0 0 0 0 0 0
11.390045166015625 -0.0388031005859375 -3.040212392807007 -0.31498123596652616 -0.6868780591998631 -0.654969734246422 -0.9479311519897572 0.19346922183423587 0.2529746850778305 0 0 0 0 0 0
11.025253295898438 0.28509521484375 -3.1277034282684326 -0.3254659945582318 -0.9347038519292491 -0.14283065348462545 -0.9296998836263112 0.28879176007616286 0.22859887510076599 0 0 0 0 0 0
10.694534301757812 0.4376983642578125 -3.329226493835449 -0.3329096634794669 -0.8380915900818022 0.4321731627439917 -0.9188002572082861 0.3913846432464881 0.05122644224232947 0 0 0 0 0 0
10.362503051757812 0.4647064208984375 -3.5715465545654297 -0.33393723993482555 -0.41854688103323123 0.8445735185062723 -0.9079663156414707 0.3834677749588343 -0.16896637307042497 0 0 0 0 0 0
10.030990600585938 0.3653106689453125 -3.797034502029419 -0.3283320299821987 0.1570134350420274 0.9314208819347307 -0.9020151764235745 0.24050017030949544 -0.35850842330780963 0 0 0 0 0 0
9.861404418945312 0.1515655517578125 -4.597395420074463 -0.31879730647578836 -0.664030718418577 -0.6763368113449769 0.831947164194296 0.14585059883319496 -0.5353424313549856 0 0 0 0 0 0
9.35833740234375 0.052032470703125 -6.465210437774658 -0.30903275589903123 -0.9311037533617522 -0.1937641769190248 -0.9124781611481132 0.2328449812726196 0.3364027647388043 0 0 0 0 0 0
9.033584594726562 0.286865234375 -6.6332173347473145 -0.3020850065229459 -0.8890889313082839 0.34389754442148235 -0.9238796476145924 0.3619576449684912 0.12422986747316607 0 0 0 0 0 0
8.7098388671875 0.3755950927734375 -6.914664268493652 -0.29968713506990696 -0.5654229526484421 0.7684298964068934 -0.9335893033982634 0.33967341947338936 -0.11416208076064663 0 0 0 0 0 0
8.342330932617188 0.2540435791015625 -7.03779935836792 -0.31440678832169594 -0.059318436767803594 0.9474332137500038 -0.9407999902702149 0.15264039235745672 -0.30264878808368817 0 0 0 0 0 0
7.879364013671875 0.432159423828125 -7.236677646636963 -0.2772520114368678 0.25989515051174744 0.9249788283494316 -0.9523122352779383 0.053328498409481104 -0.30042882318001163 0 0 0 0 0 0
7.7050323486328125 -0.0348663330078125 -7.370169639587402 -0.314973105736244 0.6868984758377795 0.6549522322693466 -0.9478344374882018 -0.19202007753238298 -0.25443696456270243 0 0 0 0 0 0
7.3381805419921875 -0.357391357421875 -7.283379554748535 -0.3254997948256132 0.9346913714534162 0.14283530270565242 -0.9297022780821399 -0.28883967305496333 -0.22852859208068826 0 0 0 0 0 0
7.0074462890625 -0.510009765625 -7.0818376541137695 -0.33287557204087354 0.8381018012534943 -0.43217962038267105 -0.9187918293187626 -0.39139128377525 -0.05132677042094116 0 0 0 0 0 0
6.6754150390625 -0.5370025634765625 -6.83953332901001 -0.3339430758785935 0.4185160481453106 -0.8445864902528194 -0.9079692551075371 -0.3834482484545329 0.16899488908430063 0 0 0 0 0 0
6.3439178466796875 -0.4376068115234375 -6.614042282104492 -0.32836606410587793 -0.15701146838519905 -0.9314092155111727 -0.9020134013245241 -0.24046222217880084 0.3585383431877214 0 0 0 0 0 0
6.0145263671875 -0.223785400390625 -6.46704626083374 -0.31879730647578836 -0.664030718418577 -0.6763368113449769 -0.903856121298581 -0.001825331733010954 0.42783265438153445 0 0 0 0 0 0
5.687744140625 0.052032470703125 -6.465210437774658 -0.30903275589903123 -0.9311037533617522 -0.1937641769190248 -0.9124781611481132 0.2328449812726196 0.3364027647388043 0 0 0 0 0 0
5.3629913330078125 0.286865234375 -6.6332173347473145 -0.3020503401663079 -0.8890991763394972 0.34390150717588486 -0.9238818768777969 0.3619363477252218 0.12427533050483823 0 0 0 0 0 0
5.03924560546875 0.3755950927734375 -6.914664268493652 -0.29968713506990696 -0.5654229526484421 0.7684298964068934 -0.9335893033982634 0.33967341947338936 -0.11416208076064663 0 0 0 0 0 0
4.6721343994140625 0.25738525390625 -7.057442665100098 -0.31044147779638004 -0.059700284191611545 0.9487159558745919 -0.9412854498067048 0.15862148251204608 -0.2980284001028597 0 0 0 0 0 0
4.208984375 0.428070068359375 -7.237616539001465 -0.2806866334926751 0.25764576279009616 0.9245721576463668 -0.9539888388256746 0.03094662347634176 -0.29824084544450735 0 0 0 0 0 0
4.1691741943359375 0.469573974609375 -8.225212097167969 -0.3150164586635167 -0.6868716825739019 -0.6549594815324029 0.5361612760148362 0.44063381185665235 -0.71998120110932 0 0 0 0 0 0
3.6840667724609375 0.28509521484375 -10.186524391174316 -0.3254660222659646 -0.9347039315029221 -0.14283006960493883 -0.9296997794178162 0.28879181550060806 0.22859922889267756 0 0 0 0 0 0
3.3533477783203125 0.4376983642578125 -10.38805103302002 -0.33287540054123393 -0.838101369458046 0.4321805898314509 -0.9187955430537075 0.39138464688658636 0.051310897927291856 0 0 0 0 0 0
3.021331787109375 0.4647064208984375 -10.630365371704102 -0.3339374080399008 -0.4185470917310705 0.8445733476229615 -0.9079766706074591 0.3834340290792373 -0.16898731010539408 0 0 0 0 0 0
2.6898193359375 0.3653106689453125 -10.855860710144043 -0.32836730142701454 0.15697391326349497 0.9314151093407735 -0.9020139989589289 0.24047300804131727 -0.3585296055916197 0 0 0 0 0 0
2.3604278564453125 0.1514892578125 -11.002856254577637 -0.31879704944106946 0.6640301830346651 0.6763374581424699 -0.9038564832274699 0.0018251480420546549 -0.42783189053914067 0 0 0 0 0 0
2.0336456298828125 -0.12432861328125 -11.004680633544922 -0.3090326845159825 0.9311035382873842 0.19376532427025903 -0.9124815335350357 -0.23284800974386932 -0.3363915208739193 0 0 0 0 0 0
1.7089080810546875 -0.3591766357421875 -10.836682319641113 -0.30208513036456136 0.8890892957957862 -0.3438964933144549 -0.9238796569869288 -0.36195755547851877 -0.12423005851133574 0 0 0 0 0 0
1.3851470947265625 -0.4478912353515625 -10.555240631103516 -0.29968012193682164 0.5654478675495809 -0.7684142981488328 -0.9335906596403523 -0.33967591791410284 0.11414355444572206 0 0 0 0 0 0
1.01763916015625 -0.3263397216796875 -10.43210506439209 -0.31440678832169594 0.059318436767803594 -0.9474332137500038 -0.9407945974621109 -0.1526823865301528 0.3026443692348523 0 0 0 0 0 0
0.5546722412109375 -0.5044708251953125 -10.23322868347168 -0.2772171019191531 -0.2598981856853158 -0.9249884385661408 -0.9523175932226785 -0.05337275990827798 0.3004039782332094 0 0 0 0 0 0
0.380340576171875 -0.0374298095703125 -10.099735260009766 -0.31497335165090573 -0.6868990121324766 -0.6549515515526494 -0.9478343746100744 0.19202075291561174 0.2544366890942638 0 0 0 0 0 0
0.01348876953125 0.28509521484375 -10.186525344848633 -0.3254660222659646 -0.9347039315029221 -0.14283006960493883 -0.9296997794178162 0.28879181550060806 0.22859922889267756 0 0 0 0 0 0
-0.317230224609375 0.4376983642578125 -10.388050079345703 -0.3329093204541565 -0.8380907265243288 0.43217510162973805 -0.9188001659291758 0.39138483631194265 0.051226604353530415 0 0 0 0 0 0
-0.649261474609375 0.4647064208984375 -10.630367279052734 -0.3339374080399008 -0.4185470917310705 0.8445733476229615 -0.9079662774769 0.3834678318541228 -0.1689664490300941 0 0 0 0 0 0
-0.991912841796875 0.3696746826171875 -10.859387397766113 -0.32833399634050425 0.15697622806334088 0.9314264601513528 -0.901695836790741 0.2416010534939292 -0.35857153939607284 0 0 0 0 0 0
-1.3237152099609375 0.153533935546875 -11.008956909179688 -0.3187975635106759 0.6640312538028401 0.6763361645459193 -0.9038564527202749 0.0018236984949523544 -0.42783196117134725 0 0 0 0 0 0
-1.6504974365234375 -0.122283935546875 -11.010795593261719 -0.30902170826745307 0.9311086133934405 0.19375844209739468 -0.9124785033661258 -0.2328336920301744 -0.3364096502039045 0 0 0 0 0 0
-1.9752349853515625 -0.3571014404296875 -10.84278392791748 -0.30209463305017664 0.8890791157807068 -0.34391446402394305 -0.923882272794312 -0.3619622061623591 -0.12419705039369754 0 0 0 0 0 0
-2.2989959716796875 -0.4458465576171875 -10.561355590820312 -0.29968121998371733 0.5654499393862833 -0.7684123453180064 -0.9335904134606143 -0.33967654346019993 0.11414370642909082 0 0 0 0 0 0
-2.66650390625 -0.3242950439453125 -10.438215255737305 -0.3143717000723263 0.05935716118341702 -0.9474424318183566 -0.94080222066071 -0.15272265942613536 0.30260034847581685 0 0 0 0 0 0
-3.12945556640625 -0.502410888671875 -10.239339828491211 -0.2772529285837134 -0.2598960102422729 -0.924978311881907 -0.9523175559141761 -0.05328569380483613 0.30041955251512464 0 0 0 0 0 0
-3.303802490234375 -0.0353851318359375 -10.10583209991455 -0.3149811129996098 -0.6868777910465028 -0.6549700745992931 -0.9478325554313152 0.1920296162132414 0.2544367767472667 0 0 0 0 0 0
-3.6706695556640625 0.287139892578125 -10.192638397216797 -0.3254776273663275 -0.9346991122514952 -0.14283516247847772 -0.9297006922553412 0.28880751899269713 0.22857567629391906 0 0 0 0 0 0
-4.0013885498046875 0.43975830078125 -10.3941650390625 -0.33287540054123393 -0.838101369458046 0.4321805898314509 -0.9187917912687268 0.3913913667257188 0.0513268190109072 0 0 0 0 0 0
-4.333404541015625 0.4667510986328125 -10.636467933654785 -0.33397663233252706 -0.4185102950679788 0.8445760723451365 -0.9079770479655803 0.38339990066756574 -0.16906270001337126 0 0 0 0 0 0
-4.6649169921875 0.36737060546875 -10.86197280883789 -0.32833399634050425 0.15697622806334088 0.9314264601513528 -0.9020037800898121 0.24055084743444696 -0.35850309692143445 0 0 0 0 0 0
-4.994293212890625 0.153533935546875 -11.008956909179688 -0.31883183326551273 0.6640231779914788 0.6763279390847675 -0.9038671368242486 0.001743991421701245 -0.4278097210946194 0 0 0 0 0 0
-5.321075439453125 -0.122283935546875 -11.010795593261719 -0.3090562110347933 0.9310976370215095 0.19375615797640747 -0.9124883629978134 -0.23288769229301787 -0.3363455220037921 0 0 0 0 0 0
-5.6458282470703125 -0.3571014404296875 -10.84278392791748 -0.30209463305017664 0.8890791157807068 -0.34391446402394305 -0.923882272794312 -0.3619622061623591 -0.12419705039369754 0 0 0 0 0 0
-5.9695892333984375 -0.4458465576171875 -10.561355590820312 -0.299646498512687 0.5654564032404277 -0.7684211293057247 -0.9335939768507804 -0.33968359736770015 0.11409355839521738 0 0 0 0 0 0
-6.336700439453125 -0.3276214599609375 -10.418560028076172 -0.3104411266990221 0.05970021667288886 -0.9487160750103539 -0.9412798568278107 -0.15866381340355304 0.2980235316991915 0 0 0 0 0 0
-6.799835205078125 -0.4983062744140625 -10.23840045928955 -0.2806866334926751 -0.25764576279009616 -0.9245721576463668 -0.9539890301999161 -0.030944870845177334 0.2982404151462355 0 0 0 0 0 0
-6.8701171875 -0.54022216796875 -9.250981330871582 -0.31501547484361325 0.6868695374223904 0.6549622043829736 0.5148832779220142 -0.4560374818052524 0.725896015490515 0 0 0 0 0 0
-7.357757568359375 -0.3553466796875 -7.289491653442383 -0.3254656897660073 0.9347029765982744 0.14283707615133662 -0.9297003616926856 -0.28879034744760457 -0.22859871541542331 0 0 0 0 0 0
-7.688446044921875 -0.5079498291015625 -7.08794641494751 -0.3328752290413864 0.8381009376620742 -0.4321815592787324 -0.9188005910754473 -0.39137561912978985 -0.05128936137428978 0 0 0 0 0 0
-8.020477294921875 -0.534942626953125 -6.845648288726807 -0.3339427396519336 0.4185156267673479 -0.8445868319985192 -0.907979844029248 -0.3834139398726342 0.16901583815715826 0 0 0 0 0 0
-8.35198974609375 -0.4355621337890625 -6.620143413543701 -0.32836766602250705 -0.15697408755606607 -0.9314149514297437 -0.9020134104292815 -0.24047447276596906 0.3585301038318343 0 0 0 0 0 0
-8.681396484375 -0.2217254638671875 -6.473161697387695 -0.31875547477075356 -0.6640611901399327 -0.6763266097482841 -0.9038460919798137 -0.001901667292960442 0.42785350959683033 0 0 0 0 0 0
-9.008148193359375 0.0540924072265625 -6.471322536468506 -0.3090672596393457 -0.9310927762622995 -0.19376189256711157 -0.9124877630516902 0.2328987148057657 0.33633951733738543 0 0 0 0 0 0
-9.332916259765625 0.2889251708984375 -6.639331340789795 -0.3020498448425084 -0.889097718330935 0.3439057116265184 -0.9238717694882713 0.36194871270705187 0.12431445174362799 0 0 0 0 0 0
-9.65667724609375 0.377655029296875 -6.920759677886963 -0.29968094547150065 -0.565449421426178 0.7684128335277255 -0.9335988206996647 0.3396444572374864 -0.11417041935654132 0 0 0 0 0 0
-10.024169921875 0.2560882568359375 -7.043901443481445 -0.3144078536230717 -0.059318637755869506 0.9474328476440538 -0.9407950995737083 0.15267589173080118 -0.3026460848950486 0 0 0 0 0 0
-10.487152099609375 0.4342193603515625 -7.242778301239014 -0.2772520114368678 0.25989515051174744 0.9249788283494316 -0.9523123433586961 0.05332768050133769 -0.30042862576494983 0 0 0 0 0 0
-10.661468505859375 -0.032806396484375 -7.376282691955566 -0.3149452744419811 0.6868828260177219 0.6549820283248795 -0.9478426557482599 -0.19197691229461344 -0.254438922120638 0 0 0 0 0 0
-11.0283203125 -0.3553466796875 -7.289485454559326 -0.3254656343478281 0.9347028174431354 0.14283824390698183 -0.9297002359982963 -0.28878983510855344 -0.22859987384661168 0 0 0 0 0 0
-11.359039306640625 -0.5079345703125 -7.087957382202148 -0.33294323907480483 0.8380800827765196 -0.4321696130082253 -0.9187923834285638 -0.39140724626859913 -0.05119495797528455 0 0 0 0 0 0
-11.691162109375 -0.5349578857421875 -6.845644474029541 -0.3338672665026695 0.41855480439525705 -0.8445972555459103 -0.9079619937761757 -0.3835289114738954 0.16885079781168139 0 0 0 0 0 0
-12.022552490234375 -0.435546875 -6.6201395988464355 -0.3282985026321851 -0.1569774969011668 -0.9314387573190785 -0.9020165885655101 -0.2405532709640036 0.3584692424478814 0 0 0 0 0 0
-12.162872314453125 -0.220703125 -5.819723606109619 -0.31883260443532074 0.6640247840877755 0.6763259986620161 0.8401744276292837 -0.13227059621013712 0.5259386090942748 0 0 0 0 0 0
-12.662322998046875 -0.122283935546875 -3.9519824981689453 -0.3089870615404569 0.9311191586593843 0.193763020667087 -0.9124900621485663 -0.23280111639592735 -0.33640084227735767 0 0 0 0 0 0
-12.9869384765625 -0.3571014404296875 -3.7839443683624268 -0.3020494114305489 0.8890964425627437 -0.34390939050385505 -0.9238713410750271 -0.3619494978473209 -0.12431534960858061 0 0 0 0 0 0
-13.310699462890625 -0.4458465576171875 -3.502532482147217 -0.2997517576097263 0.5654390815791515 -0.7683928219555447 -0.933588351039466 -0.3396427064140747 0.1142612041908088 0 0 0 0 0 0
-13.6778564453125 -0.3276214599609375 -3.359729528427124 -0.3104425310929542 0.05970048674864504 -0.9487155984648797 -0.9412803819746977 -0.15865672337459708 0.29802564761711997 0 0 0 0 0 0
-14.14306640625 -0.500274658203125 -3.1834795475006104 -0.28068524134580514 -0.2576444849211155 -0.9245729363767794 -0.9539056336695206 -0.03171040974122565 0.29842669446213077 0 0 0 0 0 0
-14.318572998046875 -0.0388031005859375 -3.050748586654663 -0.31501399911761163 -0.6868663197035257 -0.6549662886109969 -0.9479236935095994 0.19354210484354656 0.25294688164879353 0 0 0 0 0 0
-14.683258056640625 0.2851104736328125 -3.138258457183838 -0.3254660499735888 -0.934704011076283 -0.14282948572510304 -0.9296994246196618 0.2887915698120991 0.22860098220990535 0 0 0 0 0 0
-15.0140380859375 0.437713623046875 -3.339754581451416 -0.3328756577906153 -0.838102017151022 0.43217913565771915 -0.9188006938049711 0.39137539814022665 0.051289207384042114 0 0 0 0 0 0
-15.346038818359375 0.4647064208984375 -3.582071542739868 -0.3340083858028984 -0.4185404304510508 0.8445485813682901 -0.9079745895812921 0.3833932491170615 -0.16909098499372188 0 0 0 0 0 0
-15.67767333984375 0.365325927734375 -3.8075735569000244 -0.3282963541898781 0.15701461699343927 0.9314332578752154 -0.9020172499105794 0.24053955041320166 -0.35847678523269855 0 0 0 0 0 0
-16.007049560546875 0.1514892578125 -3.954549551010132 -0.31875277634064675 0.6640555685181879 0.6763334011381634 -0.9038706206314462 0.0018454297477698556 -0.4278019349516438 0 0 0 0 0 0
-16.33367919921875 -0.12432861328125 -3.9563655853271484 -0.3090672953338673 0.9310928837952398 0.19376131889743192 -0.9124902145912753 -0.23290153427675528 -0.3363309138433481 0 0 0 0 0 0
-16.6585693359375 -0.359161376953125 -3.7883975505828857 -0.3021189285575123 0.8890764984709519 -0.34389988786548364 -0.9238911574149964 -0.3619630162012548 -0.124128579114032 0 0 0 0 0 0
-16.9822998046875 -0.4478912353515625 -3.506943464279175 -0.29967778860462013 0.5654434649295169 -0.7684184478430661 -0.9335996803600157 -0.33964207759858994 0.11417046884457463 0 0 0 0 0 0
-17.3497314453125 -0.326324462890625 -3.383822441101074 -0.3144087413794183 0.05931880524690554 -0.9474325425529194 -0.9407941171780759 -0.15268138622352478 0.3026463668772314 0 0 0 0 0 0
-17.81280517578125 -0.5044708251953125 -3.184929370880127 -0.2772492625423141 -0.2599307202756368 -0.9249696573816526 -0.952312185096454 -0.05332408153556133 0.30042976624363693 0 0 0 0 0 0
-17.88177490234375 -0.5430450439453125 -2.196380615234375 -0.31501682759651023 0.6868724870068738 0.6549584604568618 0.5148426153477859 -0.4560620091320356 0.72590944700307 0 0 0 0 0 0
-18.37042236328125 -0.357391357421875 -0.23509052395820618 -0.32547752345065484 0.934698813828873 0.1428373521013542 -0.9296984527065736 -0.28880415010013893 -0.2285890415569817 0 0 0 0 0 0
-18.701141357421875 -0.510009765625 -0.03355452045798302 -0.33287557070103335 0.8381017978800942 -0.4321796279564954 -0.9188006633367849 -0.39137546022859465 -0.05128927941334049 0 0 0 0 0 0
-19.03314208984375 -0.5370025634765625 0.20875343680381775 -0.3340143489093088 0.41850975581133243 -0.8445614240618793 -0.9079732067651171 -0.38338772180739544 0.16911094158570902 0 0 0 0 0 0
-19.364776611328125 -0.4376373291015625 0.43426546454429626 -0.32829841434607027 -0.15697745468673938 -0.9314387955512313 -0.9020146848414632 -0.24055990800022314 0.35846957889516956 0 0 0 0 0 0
-19.694000244140625 -0.2237548828125 0.581242561340332 -0.3188243837209606 -0.6640458090230297 -0.6763092309468354 -0.9038647147525488 -0.0017483757159536435 0.42781482046283714 0 0 0 0 0 0
-20.020843505859375 0.052032470703125 0.5830905437469482 -0.3090672953338673 -0.9310928837952398 -0.19376131889743192 -0.9124893278596791 0.23290060544639987 0.336333962788315 0 0 0 0 0 0
-21.2186279296875 -0.3250274658203125 1.169487476348877 0.9993169475695278 0 -0.03695454370333222 0.0057741132151343365 0.9877176858958546 0.1561423471871638 0 0 0 0 0 0
-17.39031982421875 0.6123046875 1.0580315589904785 0 1 0 0 0 1 0 0 0 0 0 0
-17.793853759765625 0.6123046875 1.1972074508666992 0 1 0 0 0 1 0 0 0 0 0 0
-18.245635986328125 0.6123046875 1.7803494930267334 0 1 0 0 0 1 0 0 0 0 0 0
-17.917388916015625 0.6123046875 2.4409844875335693 0 1 0 0 0 1 0 0 0 0 0 0
-20.487518310546875 1.1237030029296875 3.586737632751465 0.9921273526790756 0 -0.12523304702038188 -0.10660297550038843 -0.5247818089681057 -0.8445352915009687 0 0 0 0 0 0
-20.28448486328125 0.4434661865234375 3.262693405151367 0.3090673310282914 -0.9310929913278866 -0.1937607452275535 0.9371472942829532 0.26346818247765835 0.22877820184637243 0 0 0 0 0 0
-19.733489990234375 0.542755126953125 3.488344669342041 0.3187609793900331 -0.6640345103210036 -0.6763502104095569 0.9357802261692078 0.3339220505761978 0.11318759848010651 0 0 0 0 0 0
-19.40423583984375 0.4577178955078125 3.743349552154541 0.3283665722382728 -0.15697356467942528 -0.931415425161255 0.9283867427185891 0.23528225041712456 0.287646169074128 0 0 0 0 0 0
-19.072540283203125 0.2592620849609375 3.9008307456970215 0.334013886519796 0.41850917645142555 -0.8445618940242867 0.9179902624210956 0.05884426855387744 0.3922132457712351 0 0 0 0 0 0
-18.73974609375 0.0179290771484375 3.9319496154785156 0.3329434106006819 0.8380805145390675 -0.43216864357275797 0.9076429042445643 -0.16060187174472967 0.3878032970032386 0 0 0 0 0 0
-18.408172607421875 -0.207366943359375 3.836315631866455 0.32554589355385843 0.9346760585723739 0.14283044746072895 0.902002963472658 -0.35230032530188715 0.24954986411282118 0 0 0 0 0 0
-18.079193115234375 -0.35601806640625 3.626216411590576 0.31493653029685087 0.6869019017751203 0.6549662275433017 0.9041562826493678 -0.42700203843958745 0.013064291565704052 0 0 0 0 0 0
-17.64056396484375 -0.450347900390625 3.4381985664367676 0.2772520114368678 0.25989515051174744 0.9249788283494316 0.9173708965857895 -0.35776892656649817 -0.17444779528799015 0 0 0 0 0 0
-17.32318115234375 -0.484893798828125 3.3195953369140625 0.3144085638277708 -0.059318771748626986 0.9474326035713532 0.9411105465579925 0.15019437876345823 -0.30290689616642175 0 0 0 0 0 0
-17.038543701171875 -0.093414306640625 3.041700601577759 0.299608345110154 -0.5654563915925405 0.7684360147387019 0.9379725146088504 0.027281132153760972 -0.3456346360924483 0 0 0 0 0 0
-16.71405029296875 0.2282867431640625 3.0399765968322754 0.3021189285575123 -0.8890764984709519 0.34389988786548364 0.9371697408873089 0.21099109031388055 -0.27784102752000917 0 0 0 0 0 0
-16.3896484375 0.46185302734375 3.216891288757324 0.3090673310282914 -0.9310929913278866 -0.1937607452275535 0.9389133535194043 0.33115813267944144 -0.09368033808228815 0 0 0 0 0 0
-16.062896728515625 0.542755126953125 3.488344669342041 0.3187609793900331 -0.6640345103210036 -0.6763502104095569 0.9357802261692078 0.3339220505761978 0.11318759848010651 0 0 0 0 0 0
-15.733642578125 0.4577178955078125 3.743349552154541 0.3282985026321851 -0.1569774969011668 -0.9314387573190785 0.9283975833036947 0.23533956030048545 0.28756428615778035 0 0 0 0 0 0
-15.401947021484375 0.2592620849609375 3.9008307456970215 0.334013886519796 0.41850917645142555 -0.8445618940242867 0.9179902624210956 0.05884426855387744 0.3922132457712351 0 0 0 0 0 0
-15.218841552734375 0.74822998046875 5.0847344398498535 0.3328757435403051 -0.8381022330484188 0.4321786509323927 -0.3341241220753219 0.3237493062354887 0.8851821607779018 0 0 0 0 0 0
-14.75408935546875 0.13507080078125 6.908025741577148 0.3254656897660073 -0.9347029765982744 -0.14283707615133662 0.901982112900261 0.35223326508269037 -0.24971983296720432 0 0 0 0 0 0
-14.425140380859375 0.2837066650390625 7.118101119995117 0.3150174424854751 -0.686873827729894 -0.654956758656321 0.9041601226228536 0.426998042213487 -0.01292844168783824 0 0 0 0 0 0
-13.98516845703125 0.3672943115234375 7.288933753967285 0.28068477729965663 -0.25764405896736625 -0.9245731959510086 0.9180091225175279 0.35322034010740216 0.18026270359952343 0 0 0 0 0 0
-13.665008544921875 0.4210357666015625 7.427117347717285 0.3104425310929542 0.05970048674864504 -0.9487155984648797 0.9454019495720105 -0.12354014268127836 0.30158412904483384 0 0 0 0 0 0
-13.386383056640625 0.0197296142578125 7.706543922424316 0.2996887822527487 0.5654260604060898 -0.7684269672555184 0.9371189965385489 -0.023454207334013343 0.34822103107784336 0 0 0 0 0 0
-13.05889892578125 -0.2985076904296875 7.708815574645996 0.3020494733467508 0.8890966248159536 -0.3439088649509193 0.9371643670825078 -0.21086421264935173 0.2779554512770197 0 0 0 0 0 0
-12.73455810546875 -0.5321044921875 7.531866073608398 0.3089870615404569 0.9311191586593843 0.193763020667087 0.9389261179639152 -0.3310933594386161 0.09378130059272691 0 0 0 0 0 0
-12.408050537109375 -0.61297607421875 7.260392189025879 0.31876380653304287 0.6640403997511581 0.676343095730922 0.9357646573820946 -0.333990033228418 -0.11311570933628758 0 0 0 0 0 0
-12.078521728515625 -0.527984619140625 7.0054216384887695 0.3283665722382728 0.15697356467942528 0.931415425161255 0.9283867427185891 -0.23528225041712456 -0.287646169074128 0 0 0 0 0 0
-11.746856689453125 -0.329498291015625 6.8479084968566895 0.3339350545811553 -0.41854414197674616 0.8445757399658305 0.9180001975463147 -0.05894105081040508 -0.3921754579703997 0 0 0 0 0 0
-11.414306640625 -0.0881500244140625 6.816836357116699 0.33294323907480483 -0.8380800827765196 0.4321696130082253 0.9076405227811207 0.16059631278717218 -0.38781117276940186 0 0 0 0 0 0
-11.08251953125 0.1371002197265625 6.9124226570129395 0.3254656343478281 -0.9347028174431354 -0.14283824390698183 0.9020102178814607 0.3522288132347163 -0.24962457804611918 0 0 0 0 0 0
-10.75360107421875 0.285736083984375 7.122532844543457 0.3149452744419811 -0.6868828260177219 -0.6549820283248795 0.9041434493089036 0.4270289194202392 -0.01307383075388511 0 0 0 0 0 0
-10.314910888671875 0.3801116943359375 7.310553550720215 0.2772517057224872 -0.2598948639360629 -0.9249790005041341 0.9173662172765976 0.35778374880201136 0.17444200323547568 0 0 0 0 0 0
-9.99755859375 0.414642333984375 7.4291486740112305 0.3144074985218568 0.05931857075970484 -0.9474329696797842 0.9411002422628857 -0.15027878014765697 0.30289704892928604 0 0 0 0 0 0
-9.7130126953125 0.0231475830078125 7.7070417404174805 0.2996806709596125 0.5654489034666925 -0.7684133217361029 0.9379617452410155 -0.02738060642274176 0.34565599496660193 0 0 0 0 0 0
-9.466094970703125 1.2995758056640625 8.50863265991211 0.3021190524121463 -0.8890768629507442 0.34389883677507604 -0.07066454157224981 0.33887686012116736 0.9381732229384948 0 0 0 0 0 0
-9.047515869140625 0.4639129638671875 10.280137062072754 0.30899832231479146 -0.9311149445752382 -0.193765313705253 0.9389114206090887 0.33111573964912944 -0.09384940706489947 0 0 0 0 0 0
-8.720855712890625 0.5447998046875 10.551591873168945 0.31876329250552304 -0.6640393289425132 -0.676344389322936 0.9357669345774774 0.33398013192327125 0.11312610499785418 0 0 0 0 0 0
-8.391510009765625 0.4597930908203125 10.806595802307129 0.32836606410587793 -0.15701146838519905 -0.9314092155111727 0.9284001634704401 0.23522082178209083 0.2876530922278049 0 0 0 0 0 0
-8.059783935546875 0.261322021484375 10.964091300964355 0.3339427396519336 0.4185156267673479 -0.8445868319985192 0.9179998392035565 0.05894069138540918 0.39217635079292384 0 0 0 0 0 0
-7.72711181640625 0.0199737548828125 10.995177268981934 0.33287540054123393 0.838101369458046 -0.4321805898314509 0.9076485773561126 -0.16050768754169253 0.38782901163198624 0 0 0 0 0 0
-7.3955078125 -0.2053070068359375 10.899555206298828 0.3254660222659646 0.9347039315029221 0.14283006960493883 0.9020057724177004 -0.3522277257988375 0.24964217533046545 0 0 0 0 0 0
-7.0665283203125 -0.3539581298828125 10.689470291137695 0.3149384974411353 0.6869061922750148 0.6549607819127498 0.9041382704549029 -0.42703872579287533 0.013111619732688332 0 0 0 0 0 0
-6.626617431640625 -0.4375152587890625 10.518645286560059 0.2806893920431477 0.2576101473861615 0.9245812442171473 0.9180132953442492 -0.3531974418350599 -0.18028631853904473 0 0 0 0 0 0
-6.307037353515625 -0.488739013671875 10.38452434539795 0.3104411266990221 -0.05970021667288886 0.9487160750103539 0.9447637554417789 0.12973019186192558 -0.30098425826447217 0 0 0 0 0 0
-6.0286865234375 -0.087921142578125 10.105462074279785 0.29968121998371733 -0.5654499393862833 0.7684123453180064 0.9371196389371275 0.02345219409286615 -0.3482194378701145 0 0 0 0 0 0
-5.7012786865234375 0.2303314208984375 10.103196144104004 0.3020841396238825 -0.8890863798729423 0.3439049021344782 0.9371579497273583 0.21090619240530056 -0.2779452378939288 0 0 0 0 0 0
-5.3769378662109375 0.4639129638671875 10.280137062072754 0.3090328272816903 -0.9311039684349458 -0.19376302956699548 0.9389123050368005 0.331137023830667 -0.09376542485932898 0 0 0 0 0 0
-5.0502777099609375 0.5447998046875 10.551591873168945 0.3187975635106759 -0.6640312538028401 -0.6763361645459193 0.9357673724753622 0.33395138683293185 0.1132073135575544 0 0 0 0 0 0
-4.720916748046875 0.4597930908203125 10.806595802307129 0.32836606410587793 -0.15701146838519905 -0.9314092155111727 0.9283928631695155 0.23526107806198499 0.28764373235831453 0 0 0 0 0 0
-4.389190673828125 0.261322021484375 10.964091300964355 0.3339427396519336 0.4185156267673479 -0.8445868319985192 0.9179909668525286 0.05897827798088747 0.39219146791276455 0 0 0 0 0 0
-4.0565338134765625 0.0199737548828125 10.995177268981934 0.33287540054123393 0.838101369458046 -0.4321805898314509 0.9076485773561126 -0.16050768754169253 0.38782901163198624 0 0 0 0 0 0
-3.7249298095703125 -0.2053070068359375 10.899555206298828 0.3255001273521553 0.9346923263224963 0.14282829624262364 0.9020044263607014 -0.3522582339613451 0.24960398921518978 0 0 0 0 0 0
-3.3959503173828125 -0.3539581298828125 10.689470291137695 0.31497285982171075 0.6868979395433626 0.6549529129844497 0.9041493519582774 -0.4270177126696429 0.01303159314180331 0 0 0 0 0 0
-2.95721435546875 -0.4483184814453125 10.501452445983887 0.2772523171518657 0.2598954370880106 0.9249786561941595 0.917353985961196 -0.3578219027709181 -0.17442806637266167 0 0 0 0 0 0
-2.639862060546875 -0.4828338623046875 10.382852554321289 0.31440678832169594 -0.059318436767803594 0.9474332137500038 0.9411056061870039 0.15023798396861685 -0.3029006209574979 0 0 0 0 0 0
-2.3553619384765625 -0.091339111328125 10.104962348937988 0.29968121998371733 -0.5654499393862833 0.7684123453180064 0.9379616446205343 0.027381764103041117 -0.34565617630146306 0 0 0 0 0 0
-2.03070068359375 0.2303314208984375 10.103196144104004 0.3020841396238825 -0.8890863798729423 0.3439049021344782 0.9371654011637395 0.21092353348956355 -0.2779069518415911 0 0 0 0 0 0
-1.70635986328125 0.4639129638671875 10.280137062072754 0.3090673310282914 -0.9310929913278866 -0.1937607452275535 0.9389131824179164 0.3311583055663537 -0.09368144179229002 0 0 0 0 0 0
-1.37969970703125 0.5447998046875 10.551591873168945 0.31883183326551273 -0.6640231779914788 -0.6763279390847675 0.9357678034290315 0.33392263923754517 0.11328852135250918 0 0 0 0 0 0
-1.050323486328125 0.4597930908203125 10.806595802307129 0.32836606410587793 -0.15701146838519905 -0.9314092155111727 0.9283928631695155 0.23526107806198499 0.28764373235831453 0 0 0 0 0 0
-0.7076568603515625 0.26287841796875 10.968141555786133 0.33397130031523 0.4185417598011083 -0.8445625884849185 0.9180193182056242 0.058789801167301016 0.39215340197426574 0 0 0 0 0 0
-0.3723907470703125 0.017913818359375 11.001289367675781 0.33287540054123393 0.838101369458046 -0.4321805898314509 0.9076369632198552 -0.16048400569037308 0.38786599092291124 0 0 0 0 0 0
-0.040771484375 -0.207366943359375 10.905671119689941 0.32546591143438225 0.9347036132063605 0.14283240512279072 0.9020059496842333 -0.3522282198849759 0.24964083770670473 0 0 0 0 0 0
0.2881927490234375 -0.3560028076171875 10.695579528808594 0.31498160486746785 0.6868788636603641 0.6549687131854172 0.9041489937541661 -0.4270191759479767 0.013008476699445033 0 0 0 0 0 0
0.7269287109375 -0.4503631591796875 10.507552146911621 0.27721649055450426 0.2598976125151834 0.9249887828366095 0.9173539212964306 -0.35784372489525457 -0.17438363350713765 0 0 0 0 0 0
1.044281005859375 -0.484893798828125 10.388951301574707 0.31440678832169594 -0.059318436767803594 0.9474332137500038 0.9411059234775632 0.15023546631967172 -0.302900883879783 0 0 0 0 0 0
1.3287811279296875 -0.0933990478515625 10.111061096191406 0.2996865860115882 -0.5654219167341853 0.7684308727799521 0.9379621087438185 0.02738276140151524 -0.3456548378641288 0 0 0 0 0 0
1.54498291015625 -1.37347412109375 9.30559253692627 0.3020848826810535 0.8890885668199663 -0.3438985955272171 -0.09165725902233972 -0.33199181692626306 -0.9388186088710164 0 0 0 0 0 0
1.9613037109375 -0.534149169921875 7.5379791259765625 0.3090326845159825 0.9311035382873842 0.19376532427025903 0.9389122702195676 -0.3311371973805517 0.09376516059865402 0 0 0 0 0 0
2.2879486083984375 -0.61505126953125 7.266512870788574 0.3187975635106759 0.6640312538028401 0.6763361645459193 0.9357715759644184 -0.3339327238539973 -0.11322761834693407 0 0 0 0 0 0
2.617340087890625 -0.530029296875 7.011518478393555 0.32833399634050425 0.15697622806334088 0.9314264601513528 0.9283915300476856 -0.23531213390480304 -0.28760627005141143 0 0 0 0 0 0
2.9490509033203125 -0.3315582275390625 6.854023456573486 0.3339377442504567 -0.41854751312725735 0.8445730058555654 0.9179904077510076 -0.0589756652298253 -0.39219316948136485 0 0 0 0 0 0
3.281707763671875 -0.0902252197265625 6.822936534881592 0.33287540054123393 -0.838101369458046 0.4321805898314509 0.9076482971488498 0.16050711614288873 -0.38782990388865907 0 0 0 0 0 0
3.6133270263671875 0.13507080078125 6.918558597564697 0.3254656897660073 -0.9347029765982744 -0.14283707615133662 0.9019932063547539 0.35223140509081924 -0.24968238415558613 0 0 0 0 0 0
3.942291259765625 0.2837066650390625 7.128630638122559 0.31497335165090573 -0.6868990121324766 -0.6549515515526494 0.9041493740309973 0.4270176662943609 -0.013031581326690555 0 0 0 0 0 0
4.3822174072265625 0.367279052734375 7.299454689025879 0.2807217746435133 -0.25764300393291056 -0.9245622573766588 0.9180131576000992 0.3531840147839072 0.1803133222316549 0 0 0 0 0 0
4.7017669677734375 0.418487548828125 7.433589935302734 0.3104755968127604 0.059699509646390224 -0.9487048394162121 0.9447488561363135 -0.1297672782360546 0.3010150367146692 0 0 0 0 0 0
4.9801483154296875 0.017669677734375 7.712652206420898 0.2996806709596125 0.5654489034666925 -0.7684133217361029 0.9371200922171509 -0.02345266709671257 0.34821818615484385 0 0 0 0 0 0
5.3075408935546875 -0.300567626953125 7.714900970458984 0.3020848826810535 0.8890885668199663 -0.3438985955272171 0.9371592404051329 -0.21091236075801306 0.2779362052751612 0 0 0 0 0 0
5.63189697265625 -0.534149169921875 7.5379791259765625 0.3090326845159825 0.9311035382873842 0.19376532427025903 0.9389123105349081 -0.33113715667013527 0.09376490067407328 0 0 0 0 0 0
5.9585418701171875 -0.61505126953125 7.266513824462891 0.3187975635106759 0.6640312538028401 0.6763361645459193 0.9357738544188463 -0.333922606333911 -0.11323862576552073 0 0 0 0 0 0
6.2879180908203125 -0.530029296875 7.011517524719238 0.3283680306187475 0.15697426184899463 0.9314147935181879 0.9283934094813423 -0.23524322654586333 -0.2876565688384336 0 0 0 0 0 0
6.61962890625 -0.3315582275390625 6.85402250289917 0.3339377442504567 -0.41854751312725735 0.8445730058555654 0.9179992802159687 -0.05893808054669623 -0.3921780516352677 0 0 0 0 0 0
6.832763671875 -0.81988525390625 5.671143531799316 0.33290914894118934 0.8380902947448068 -0.43217607107036377 -0.31653020549564115 -0.33240384880667095 -0.888434752982682 0 0 0 0 0 0
7.3003997802734375 -0.207366943359375 3.846848487854004 0.3255001273521553 0.9346923263224963 0.14282829624262364 0.9020044263607014 -0.3522582339613451 0.24960398921518978 0 0 0 0 0 0
7.629364013671875 -0.3560028076171875 3.636756420135498 0.3149813589334746 0.6868783273532933 0.6549693938931523 0.9041489934020881 -0.42701917736431094 0.01300845467756962 0 0 0 0 0 0
8.068099975585938 -0.4503631591796875 3.448728561401367 0.2772520114368678 0.25989515051174744 0.9249788283494316 0.9173543349537217 -0.35782093394465386 -0.17442821839539327 0 0 0 0 0 0
8.385467529296875 -0.484893798828125 3.330127716064453 0.31440678832169594 -0.059318436767803594 0.9474332137500038 0.9411111538633865 0.15019395691219864 -0.30290521847763235 0 0 0 0 0 0
8.669952392578125 -0.0933990478515625 3.0522375106811523 0.2996868605405833 -0.5654224346910037 0.7684303845940935 0.9379621014799462 0.027383543757521344 -0.34565479559613094 0 0 0 0 0 0
8.994613647460938 0.228271484375 3.0504894256591797 0.3020848826810535 -0.8890885668199663 0.3438985955272171 0.9371592404051329 0.21091236075801306 -0.2779362052751612 0 0 0 0 0 0
9.3189697265625 0.46185302734375 3.2274203300476074 0.30903275589903123 -0.9311037533617522 -0.1937641769190248 0.9389123077858963 0.3311370902505989 -0.09376516276597202 0 0 0 0 0 0
9.6456298828125 0.542755126953125 3.4988813400268555 0.3187892310946732 -0.6640520443814851 -0.6763196792130458 0.9357673360485587 0.33396121868330114 0.1131786075199212 0 0 0 0 0 0
9.974990844726562 0.457733154296875 3.75388240814209 0.3283680306187475 -0.15697426184899463 -0.9314147935181879 0.9283934801662884 0.2352428367917464 0.2876566594447263 0 0 0 0 0 0
10.306716918945312 0.2592620849609375 3.911365509033203 0.33397130031523 0.4185417598011083 -0.8445625884849185 0.9179963424235437 0.05888717929704959 0.39219257439609095 0 0 0 0 0 0
10.639373779296875 0.017913818359375 3.942465305328369 0.33287540054123393 0.838101369458046 -0.4321805898314509 0.9076369632198552 -0.16048400569037308 0.38786599092291124 0 0 0 0 0 0
10.970993041992188 -0.207366943359375 3.846848487854004 0.3254660222659646 0.9347039315029221 0.14283006960493883 0.9020057724177004 -0.3522277257988375 0.24964217533046545 0 0 0 0 0 0
11.299957275390625 -0.3560028076171875 3.636756420135498 0.3149813589334746 0.6868783273532933 0.6549693938931523 0.9041489934020881 -0.42701917736431094 0.01300845467756962 0 0 0 0 0 0
11.739883422851562 -0.4395904541015625 3.465935707092285 0.2807217746435133 0.25764300393291056 0.9245622573766588 0.9180087759690568 -0.353198084235406 -0.18030807118993097 0 0 0 0 0 0
12.060440063476562 -0.488800048828125 3.3362393379211426 0.3104411266990221 -0.05970021667288886 0.9487160750103539 0.9441892622488681 0.13501131600659574 -0.3004639439335529 0 0 0 0 0 0
12.338729858398438 -0.087921142578125 3.0571703910827637 0.29968121998371733 -0.5654499393862833 0.7684123453180064 0.9371197278408055 0.023452603846755602 -0.3482191710178828 0 0 0 0 0 0
12.557662963867188 -1.3714141845703125 2.2511866092681885 0.30208494460203433 0.8890887490642271 -0.34389806997451133 -0.09168429072730264 -0.3319822857279305 -0.9388193398075534 0 0 0 0 0 0
12.973983764648438 -0.5321044921875 0.4835754334926605 0.30903271574611424 0.9311036323825647 0.19376482230419187 0.9389122790956879 -0.33113715814439987 0.09376521028287536 0 0 0 0 0 0
13.300643920898438 -0.6129913330078125 0.21211346983909607 0.31879737073449443 0.6640308522646099 0.6763366496453591 0.9357651765091725 -0.33396121128435047 -0.11319648311783734 0 0 0 0 0 0
13.6300048828125 -0.5279693603515625 -0.04288753494620323 0.3283677144454022 0.15697411070432504 0.9314149304571455 0.9283936853038265 -0.23524219740906632 -0.2876565202565962 0 0 0 0 0 0
13.961746215820312 -0.3295135498046875 -0.20037850737571716 0.3339375341187958 -0.41854724975456103 0.8445732194603088 0.917990864425394 -0.058974266495286774 -0.3921923108920686 0 0 0 0 0 0
14.294387817382812 -0.088165283203125 -0.23146948218345642 0.33287529201401084 -0.8381010962122184 0.43218120330998283 0.9076479951829538 0.16050605657326075 -0.3878310490969828 0 0 0 0 0 0
14.626007080078125 0.137115478515625 -0.13585051894187927 0.32547748188395825 -0.9346986944585965 -0.14283822794991755 0.9020049282372378 0.3522403805515543 -0.24962736978270592 0 0 0 0 0 0
14.954971313476562 0.2857513427734375 0.07423743605613708 0.3149811129996098 -0.6868777910465028 -0.6549700745992931 0.9041489783444755 0.4270192087446888 -0.013008471151581803 0 0 0 0 0 0
15.393707275390625 0.380126953125 0.2622555196285248 0.27725212607991967 -0.2598952579777783 -0.9249787637912712 0.9173542304076499 0.3578212145934745 0.1744281925035033 0 0 0 0 0 0
15.7110595703125 0.414642333984375 0.3808574378490448 0.314407100854475 0.059318495732675156 -0.947433106343818 0.9411055956062531 -0.15023729394173205 0.30290099608232585 0 0 0 0 0 0
15.995559692382812 0.0231475830078125 0.6587475538253784 0.29968092831449805 0.565449389053692 -0.7684128640407885 0.9379620239281591 -0.027382689189224884 0.34565507373877474 0 0 0 0 0 0
16.320220947265625 -0.29852294921875 0.6604975461959839 0.30208494460203433 0.8890887490642271 -0.34389806997451133 0.9371577325290398 -0.2109091156940706 0.27794375200420274 0 0 0 0 0 0
16.644577026367188 -0.5321044921875 0.4835754334926605 0.30903271574611424 0.9311036323825647 0.19376482230419187 0.9389122790956879 -0.33113715814439987 0.09376521028287536 0 0 0 0 0 0
16.971221923828125 -0.6129913330078125 0.21211454272270203 0.31883254017111207 0.6640246502462966 0.6763261603644497 0.9357590125338364 -0.3339614001916108 -0.11324687034862567 0 0 0 0 0 0
17.300628662109375 -0.527984619140625 -0.042896535247564316 0.3283309003880144 0.1569747478908655 0.931427800945943 0.9283981351804924 -0.2352805387445387 -0.2876107972268491 0 0 0 0 0 0
17.632354736328125 -0.32952880859375 -0.20036450028419495 0.33390666038207234 -0.41851821901653324 0.8445998120433846 0.9180058988895846 -0.05898478733331314 -0.392155536065946 0 0 0 0 0 0
17.845458984375 -0.817840576171875 -1.3832604885101318 0.3328757006654667 0.8381021250997368 -0.4321788932951028 -0.31653696862458874 -0.33240971961216625 -0.8884301468327811 0 0 0 0 0 0
18.3131103515625 -0.2053070068359375 -3.207557439804077 0.32551167795444663 0.9346873471510432 0.1428345567116926 0.9019925472290484 -0.3522723150572345 0.24962704338166122 0 0 0 0 0 0
18.642074584960938 -0.3539581298828125 -3.4176485538482666 0.31501731950761797 0.68687355958515 0.6549570990172264 0.9041364082842599 -0.42704636944148444 0.012990518145388987 0 0 0 0 0 0
19.08203125 -0.437530517578125 -3.588479518890381 0.28068477729965663 0.25764405896736625 0.9245731959510086 0.9180094066348111 -0.3532194279552888 -0.18026304403548965 0 0 0 0 0 0
19.401458740234375 -0.4887237548828125 -3.722590446472168 0.3104777081728473 -0.059661768716345154 0.9487065226303514 0.9447453186596757 0.12978229397211496 -0.30101966554024934 0 0 0 0 0 0
19.679977416992188 -0.0879364013671875 -4.001655578613281 0.2996438909024261 -0.5654514824757049 0.7684257671440246 0.937125551643777 0.023402184686998333 -0.348206889949384 0 0 0 0 0 0
20.007232666015625 0.2303314208984375 -4.003899574279785 0.30208407770200146 -0.8890861976260321 0.3439054276829826 0.9371592331280473 0.21090891515202614 -0.27793884448246114 0 0 0 0 0 0
21.268112182617188 -0.3579559326171875 -4.1317267417907715 -0.9666740145163893 0 0.2560104483390618 0.07637722156603319 0.9544608032583838 0.2883939927758795 0 0 0 0 0 0
18.568130493164062 0.6123046875 -3.8335213661193848 0 1 0 0 0 1 0 0 0 0 0 0
18.971786499023438 0.6123046875 -3.972698450088501 0 1 0 0 0 1 0 0 0 0 0 0
19.423553466796875 0.6123046875 -4.555839538574219 0 1 0 0 0 1 0 0 0 0 0 0
19.095199584960938 0.6123046875 -5.216474533081055 0 1 0 0 0 1 0 0 0 0 0 0
20.689361572265625 1.13494873046875 -6.317826271057129 -0.9354215350020028 0 0.3535343715319585 0.04735980274665212 -0.9909866104023485 0.12530996403743072 0 0 0 0 0 0
20.260848999023438 0.27667236328125 -6.703588485717773 -0.3021304138838173 -0.8890721497444753 0.3439010403519165 -0.9484292091332015 0.24405670552167028 -0.20228287063634143 0 0 0 0 0 0
19.722381591796875 0.3776702880859375 -6.910216331481934 -0.2996440281443323 -0.5654517414619271 0.7684255230502905 -0.9335943548213158 0.33968286244877266 -0.11409265359513518 0 0 0 0 0 0
19.355392456054688 0.2594146728515625 -7.0530195236206055 -0.3104017405057721 -0.05969997835707672 0.948728977145292 -0.9412992704931987 0.15861144468804794 -0.2979900887327337 0 0 0 0 0 0
18.892257690429688 0.43011474609375 -7.233168601989746 -0.28068508666359965 0.2576443429363892 0.9245730229016655 -0.9539941397304744 0.030903095722306984 -0.29822840246141885 0 0 0 0 0 0
18.715713500976562 -0.031463623046875 -7.366433620452881 -0.31498234267021824 0.6868804725832567 0.6549666710526447 -0.9479307300156805 -0.19347023557130685 -0.2529754909866217 0 0 0 0 0 0
18.350860595703125 -0.3553466796875 -7.278965473175049 -0.32551145624637134 0.934686710529543 0.14283922784665584 -0.9297005630086208 -0.28885258304366296 -0.22851925172828963 0 0 0 0 0 0
18.020126342773438 -0.5079498291015625 -7.077422618865967 -0.33287540054123393 0.838101369458046 -0.4321805898314509 -0.9188043954336663 -0.39136878882332365 -0.05127332704964495 0 0 0 0 0 0
17.688095092773438 -0.5349578857421875 -6.835112571716309 -0.33390116118949253 0.41854947338867954 -0.844586498164852 -0.9079696629157793 -0.3834808770894571 0.16891864352790426 0 0 0 0 0 0
17.356582641601562 -0.435577392578125 -6.6096296310424805 -0.32833107982077103 -0.15697483367752676 -0.9314277232376322 -0.9020286967807764 -0.24047007050280006 0.35849459602112943 0 0 0 0 0 0
17.02728271484375 -0.221710205078125 -6.462637424468994 -0.31883286149226076 -0.6640253194539104 -0.6763253518513034 -0.9038532793838742 -0.001777252351296247 0.42783886069535115 0 0 0 0 0 0
16.700408935546875 0.0540771484375 -6.460779666900635 -0.30903275589903123 -0.9311037533617522 -0.1937641769190248 -0.9124817755375866 0.23284876634655727 0.33639034070950974 0 0 0 0 0 0
16.375686645507812 0.2889251708984375 -6.628798484802246 -0.3020850065229459 -0.8890889313082839 0.34389754442148235 -0.9238796892197904 0.36195759534707517 0.12422970263872882 0 0 0 0 0 0
16.051925659179688 0.377655029296875 -6.910235404968262 -0.29968121998371733 -0.5654499393862833 0.7684123453180064 -0.9335904134606143 0.33967654346019993 -0.11414370642909082 0 0 0 0 0 0
15.684417724609375 0.256103515625 -7.033369541168213 -0.314372055139308 -0.05935722822433724 0.9474423098030886 -0.9408022602694603 0.15272148980270356 -0.30260081563723074 0 0 0 0 0 0
15.221466064453125 0.4342193603515625 -7.23225736618042 -0.2772523171518657 0.2598954370880106 0.9249786561941595 -0.9523175546172319 0.05328739305612937 -0.3004192552236579 0 0 0 0 0 0
15.18292236328125 0.472412109375 -8.220962524414062 -0.3149811129996098 -0.6868777910465028 -0.6549700745992931 0.5358766123218213 0.44086579208925847 -0.7200511160549642 0 0 0 0 0 0
14.696762084960938 0.287139892578125 -10.182108879089355 -0.3254776273663275 -0.9346991122514952 -0.14283516247847772 -0.9297078261797059 0.28881609336702607 0.22853582247082302 0 0 0 0 0 0
14.36602783203125 0.43975830078125 -10.383631706237793 -0.33287505754133084 -0.8381005058655786 0.4321825287245155 -0.9187917766728593 0.3913914224712998 0.05132665520198493 0 0 0 0 0 0
14.034027099609375 0.4667510986328125 -10.625948905944824 -0.3339420672002366 -0.41851478401345626 0.8445875154868219 -0.9079800571774245 0.38341351560262915 -0.1690156555509388 0 0 0 0 0 0
13.702499389648438 0.36737060546875 -10.851439476013184 -0.3283332672060842 0.15697587946474226 0.9314267759260783 -0.9020158446407189 0.24051071452156966 -0.35849966836444136 0 0 0 0 0 0
13.373123168945312 0.153533935546875 -10.998421669006348 -0.31878948811002855 0.6640525797558187 0.6763190324027472 -0.9038681684313103 0.0017928928085653001 -0.427807339385389 0 0 0 0 0 0
13.04632568359375 -0.122283935546875 -11.000264167785645 -0.3090218510179491 0.9311090435127909 0.19375614746927622 -0.912478473805533 -0.232834667397841 -0.3364090553169787 0 0 0 0 0 0
12.721603393554688 -0.3571014404296875 -10.83224868774414 -0.30209463305017664 0.8890791157807068 -0.34391446402394305 -0.9238784771211037 -0.3619667338134924 -0.12421208928595803 0 0 0 0 0 0
12.397811889648438 -0.4458465576171875 -10.550826072692871 -0.29968121998371733 0.5654499393862833 -0.7684123453180064 -0.9335819863615813 -0.339708777584289 0.11411669980047803 0 0 0 0 0 0
12.030715942382812 -0.3276214599609375 -10.408028602600098 -0.3104411266990221 0.05970021667288886 -0.9487160750103539 -0.9412854575955446 -0.1586222226085786 0.298027981595455 0 0 0 0 0 0
11.565567016601562 -0.500244140625 -10.231766700744629 -0.2807217746435133 -0.25764300393291056 -0.9245622573766588 -0.9538989299068907 -0.031664608476050043 0.2984529847271548 0 0 0 0 0 0
11.390060424804688 -0.0388031005859375 -10.099043846130371 -0.31501596675330806 -0.686870609997586 -0.6549608429608771 -0.9479234179069767 0.19355098418610078 0.2529411202318578 0 0 0 0 0 0
11.025253295898438 0.28509521484375 -10.186525344848633 -0.3254660222659646 -0.9347039315029221 -0.14283006960493883 -0.9296997794178162 0.28879181550060806 0.22859922889267756 0 0 0 0 0 0
10.694534301757812 0.4376983642578125 -10.388050079345703 -0.3329093204541565 -0.8380907265243288 0.43217510162973805 -0.9188001659291758 0.39138483631194265 0.051226604353530415 0 0 0 0 0 0
10.362503051757812 0.4647064208984375 -10.630367279052734 -0.3339374080399008 -0.4185470917310705 0.8445733476229615 -0.9079662774769 0.3834678318541228 -0.1689664490300941 0 0 0 0 0 0
10.030990600585938 0.3653106689453125 -10.85585880279541 -0.3283320299821987 0.1570134350420274 0.9314208819347307 -0.9020151052811969 0.24050041342546777 -0.358508439212706 0 0 0 0 0 0
9.70159912109375 0.1514892578125 -11.002857208251953 -0.3187975635106759 0.6640312538028401 0.6763361645459193 -0.9038561060452567 0.001824606958241389 -0.42783268969791666 0 0 0 0 0 0
9.374832153320312 -0.12432861328125 -11.004679679870605 -0.3090671882500103 0.9310925611955382 0.1937630399058746 -0.9124913918911615 -0.23290201282154074 -0.33632738834089293 0 0 0 0 0 0
9.050079345703125 -0.3591766357421875 -10.83668327331543 -0.3020848826810535 0.8890885668199663 -0.3438985955272171 -0.9238796382422436 -0.36195773445817225 -0.12422967643557824 0 0 0 0 0 0
8.726318359375 -0.4478912353515625 -10.5552396774292 -0.29968012193682164 0.5654478675495809 -0.7684142981488328 -0.9335822963964506 -0.3397079078119515 0.11411675260519998 0 0 0 0 0 0
8.35882568359375 -0.3263397216796875 -10.43210506439209 -0.31440678832169594 0.059318436767803594 -0.9474332137500038 -0.9407999366044907 -0.1526408103229654 0.30264874410599346 0 0 0 0 0 0
7.8958587646484375 -0.5044708251953125 -10.23322868347168 -0.2772523171518657 -0.2598954370880106 -0.9249786561941595 -0.9523176626609129 -0.05328657516715596 0.3004190578026146 0 0 0 0 0 0
7.7215118408203125 -0.0374298095703125 -10.099735260009766 -0.31497335165090573 -0.6868990121324766 -0.6549515515526494 -0.947832269523802 0.19199065770328944 0.25446723994262493 0 0 0 0 0 0
7.3546600341796875 0.28509521484375 -10.186525344848633 -0.3254660222659646 -0.9347039315029221 -0.14283006960493883 -0.9296997794178162 0.28879181550060806 0.22859922889267756 0 0 0 0 0 0
7.0239410400390625 0.4376983642578125 -10.388050079345703 -0.3329093204541565 -0.8380907265243288 0.43217510162973805 -0.9188001659291758 0.39138483631194265 0.051226604353530415 0 0 0 0 0 0
6.691925048828125 0.4647064208984375 -10.630367279052734 -0.33397130031523 -0.4185417598011083 0.8445625884849185 -0.9079739366129903 0.3834197930487287 -0.169034294538061 0 0 0 0 0 0
6.36041259765625 0.3653106689453125 -10.85585880279541 -0.32836606410587793 0.15701146838519905 0.9314092155111727 -0.9020135436051746 0.24046173589598108 -0.35853831137373254 0 0 0 0 0 0
6.0310211181640625 0.1514892578125 -11.002857208251953 -0.3187975635106759 0.6640312538028401 0.6763361645459193 -0.9038678238650385 0.0017938984240289612 -0.4278080631660933 0 0 0 0 0 0
5.7042388916015625 -0.12432861328125 -11.004679679870605 -0.3090326845159825 0.9311035382873842 0.19376532427025903 -0.9124926778066472 -0.2328596811313494 -0.3363532099633665 0 0 0 0 0 0
5.379486083984375 -0.3591766357421875 -10.83668327331543 -0.3020848826810535 0.8890885668199663 -0.3438985955272171 -0.9238796382422436 -0.36195773445817225 -0.12422967643557824 0 0 0 0 0 0
5.0557403564453125 -0.4478912353515625 -10.5552396774292 -0.29968012193682164 0.5654478675495809 -0.7684142981488328 -0.9335906596403523 -0.33967591791410284 0.11414355444572206 0 0 0 0 0 0
4.688629150390625 -0.3296661376953125 -10.412463188171387 -0.31047630364665246 0.05966149882090729 -0.9487069992533811 -0.9412790467300833 -0.15857558910568265 0.2980730426031373 0 0 0 0 0 0
4.2254791259765625 -0.5003662109375 -10.232288360595703 -0.2807217746435133 -0.25764300393291056 -0.9245622573766588 -0.9539825795128442 -0.030901011980327978 0.2982655954759316 0 0 0 0 0 0
4.1551971435546875 -0.5422821044921875 -9.244866371154785 -0.31498160486746785 0.6868788636603641 0.6549687131854172 0.5150200589117733 -0.45595669744731326 0.7258497289187706 0 0 0 0 0 0
3.667572021484375 -0.357391357421875 -7.283380508422852 -0.3254656897660073 0.9347029765982744 0.14283707615133662 -0.9297004173771561 -0.28879041436279934 -0.228598404414608 0 0 0 0 0 0
3.3368682861328125 -0.510009765625 -7.081836700439453 -0.3329094919669157 0.8380911583033274 -0.432174132187614 -0.9187964380094404 -0.39139150136489853 -0.05124254248664206 0 0 0 0 0 0
3.0048370361328125 -0.5370025634765625 -6.839532375335693 -0.3339430758785935 0.4185160481453106 -0.8445864902528194 -0.9079797072324155 -0.383414250322328 0.1690158687931529 0 0 0 0 0 0
2.6733245849609375 -0.4376068115234375 -6.614043712615967 -0.3283320299821987 -0.1570134350420274 -0.9314208819347307 -0.9020152475658878 -0.24049992719352906 0.35850840740289147 0 0 0 0 0 0
2.34393310546875 -0.223785400390625 -6.467047691345215 -0.3187975635106759 -0.6640312538028401 -0.6763361645459193 -0.9038562793830801 -0.0018241527262105092 0.42783232543440075 0 0 0 0 0 0
2.0171661376953125 0.052032470703125 -6.465210437774658 -0.3090672596393457 -0.9310927762622995 -0.19376189256711157 -0.91249086371025 0.23290196266396077 0.3363288560807666 0 0 0 0 0 0
1.692413330078125 0.286865234375 -6.633218288421631 -0.3020850065229459 -0.8890889313082839 0.34389754442148235 -0.9238796892197904 0.36195759534707517 0.12422970263872882 0 0 0 0 0 0
1.36865234375 0.3755950927734375 -6.914664268493652 -0.29968713506990696 -0.5654229526484421 0.7684298964068934 -0.9335893033982634 0.33967341947338936 -0.11416208076064663 0 0 0 0 0 0
1.00115966796875 0.2540435791015625 -7.03779935836792 -0.31440678832169594 -0.059318436767803594 0.9474332137500038 -0.9407999902702149 0.15264039235745672 -0.30264878808368817 0 0 0 0 0 0
0.5381927490234375 0.432159423828125 -7.236677646636963 -0.2772520114368678 0.25989515051174744 0.9249788283494316 -0.9523177160337808 0.053287015847206784 -0.3004188104468543 0 0 0 0 0 0
0.3638458251953125 -0.0348663330078125 -7.370169639587402 -0.314973105736244 0.6868984758377795 0.6549522322693466 -0.9478344374882018 -0.19202007753238298 -0.25443696456270243 0 0 0 0 0 0
-0.0030059814453125 -0.357391357421875 -7.283379554748535 -0.3254656897660073 0.9347029765982744 0.14283707615133662 -0.9297076635235711 -0.28879912268584107 -0.2285579294652256 0 0 0 0 0 0
-0.3337249755859375 -0.510009765625 -7.0818376541137695 -0.33287557204087354 0.8381018012534943 -0.43217962038267105 -0.9188006363900086 -0.39137550838605417 -0.05128939466276627 0 0 0 0 0 0
-0.6657562255859375 -0.5370025634765625 -6.83953332901001 -0.3339430758785935 0.4185160481453106 -0.8445864902528194 -0.9079796467874751 -0.3834144469508693 0.16901574745878334 0 0 0 0 0 0
-1.009429931640625 -0.4377288818359375 -6.622222423553467 -0.32833363177292035 -0.1569760537638628 -0.9314266180389785 -0.9045177683201902 -0.2318238162060049 0.3579180423403484 0 0 0 0 0 0
-1.151123046875 -0.220703125 -5.819721698760986 -0.3187975635106759 0.6640312538028401 0.6763361645459193 0.8402551691234256 -0.1321758125499658 0.5258334387789729 0 0 0 0 0 0
-1.6504974365234375 -0.122283935546875 -3.951972484588623 -0.3090217439552232 0.9311087209237184 0.1937578684406632 -0.9124786243862165 -0.23283407033502082 -0.336409060117983 0 0 0 0 0 0
-1.9752349853515625 -0.3571014404296875 -3.7839605808258057 -0.30209463305017664 0.8890791157807068 -0.34391446402394305 -0.9238823351783763 -0.36196213174462544 -0.1241968032126318 0 0 0 0 0 0
-2.2989959716796875 -0.4458465576171875 -3.502532482147217 -0.29968121998371733 0.5654499393862833 -0.7684123453180064 -0.9335904294358846 -0.3396764823470673 0.11414375763064404 0 0 0 0 0 0
-2.66650390625 -0.3242950439453125 -3.3793914318084717 -0.3143718776057226 0.059357194703859285 -0.9474423708107743 -0.9408022404652565 -0.15272207461490114 0.30260058205640356 0 0 0 0 0 0
-3.12945556640625 -0.502410888671875 -3.180513381958008 -0.2772523171518657 -0.2598954370880106 -0.9249786561941595 -0.9523176086391757 -0.053286984111513086 0.30041915651313084 0 0 0 0 0 0
-3.303802490234375 -0.0353851318359375 -3.047013521194458 -0.3149813589334746 -0.6868783273532933 -0.6549693938931523 -0.9478325013634498 0.1920304178681797 0.2544363731318269 0 0 0 0 0 0
-3.6706695556640625 0.287139892578125 -3.133814573287964 -0.3254776273663275 -0.9346991122514952 -0.14283516247847772 -0.9297006087474994 0.2888074186317297 0.22857614275730118 0 0 0 0 0 0
-4.0013885498046875 0.43975830078125 -3.335341453552246 -0.33287540054123393 -0.838101369458046 0.4321805898314509 -0.9187918066447681 0.3913913391869214 0.05132675376362308 0 0 0 0 0 0
-4.333404541015625 0.4667510986328125 -3.5776445865631104 -0.333976968584744 -0.4185107164298374 0.8445757305821245 -0.907976971587519 0.38340001451914657 -0.16906285202100485 0 0 0 0 0 0
-4.6649169921875 0.36737060546875 -3.803149461746216 -0.32833399634050425 0.15697622806334088 0.9314264601513528 -0.9020038512415283 0.24055060431783998 -0.3585030810296799 0 0 0 0 0 0
-4.994293212890625 0.153533935546875 -3.950132369995117 -0.31883209032194676 0.6640237133565599 0.6763272922787482 -0.903867294806818 0.0017428124652320548 -0.4278093921167645 0 0 0 0 0 0
-5.321075439453125 -0.122283935546875 -3.951972484588623 -0.30905624672570653 0.9310977445479846 0.19375558432591095 -0.9124884839418929 -0.2328880705190647 -0.33634493200185583 0 0 0 0 0 0
-5.6458282470703125 -0.3571014404296875 -3.7839605808258057 -0.30209463305017664 0.8890791157807068 -0.34391446402394305 -0.9238823351783763 -0.36196213174462544 -0.1241968032126318 0 0 0 0 0 0
-5.9695892333984375 -0.4458465576171875 -3.502532482147217 -0.299646498512687 0.5654564032404277 -0.7684211293057247 -0.9335939928218383 -0.3396835362825366 0.11409360957375338 0 0 0 0 0 0
-6.336700439453125 -0.3276214599609375 -3.359736442565918 -0.3104413022476073 0.05970025043223218 -0.9487160154425235 -0.9412798529489024 -0.15866344336350022 0.29802374095452555 0 0 0 0 0 0
-6.799835205078125 -0.4983062744140625 -3.179574489593506 -0.2806866334926751 -0.25764576279009616 -0.9245721576463668 -0.9539890523471991 -0.03094466801550271 0.29824036534832676 0 0 0 0 0 0
-6.8701171875 -0.54022216796875 -2.1921565532684326 -0.31501584377583625 0.6868703418536822 0.6549611833169992 0.5148851167872442 -0.4560349948324668 0.7258962735812451 0 0 0 0 0 0
-7.357757568359375 -0.3553466796875 -0.2306635081768036 -0.3254658767991566 0.9347035137376623 0.14283313497163014 -0.9297001211714677 -0.2887912777800047 -0.22859851830655092 0 0 0 0 0 0
-7.688446044921875 -0.5079498291015625 -0.029125479981303215 -0.3329431097602366 0.83807975726769 -0.4321703438706926 -0.9187922266179659 -0.3914075383937258 -0.05119553881897109 0 0 0 0 0 0
-8.020477294921875 -0.534942626953125 0.21317443251609802 -0.3339428657368676 0.4185157847840044 -0.8445867038440027 -0.907979822952946 -0.38341395797681044 0.16901591031288646 0 0 0 0 0 0
-8.35198974609375 -0.4355621337890625 0.438680499792099 -0.32836766602250705 -0.15697408755606607 -0.9314149514297437 -0.9020133837514321 -0.24047456394559047 0.35853010979340355 0 0 0 0 0 0
-8.681396484375 -0.2217254638671875 0.5856624841690063 -0.3187630836820358 -0.6640388939269025 -0.676344914842904 -0.9038697343163019 -0.0018412149358730384 0.4278038257362102 0 0 0 0 0 0
-9.008148193359375 0.0540924072265625 0.5874994993209839 -0.3090672417920484 -0.9310927224957193 -0.19376217940187687 -0.9124877346709871 0.23289855929776795 0.3363397020157369 0 0 0 0 0 0
-9.332916259765625 0.2889251708984375 0.4194914996623993 -0.3020497751872437 -0.8890975132974348 0.3439063028757298 -0.923871798059278 0.3619487227405561 0.12431421019817764 0 0 0 0 0 0
-9.65667724609375 0.377655029296875 0.1380614936351776 -0.29968073958755376 -0.5654490329565057 0.7684131996841344 -0.9335989028123861 0.3396442023764467 -0.11417050608443692 0 0 0 0 0 0
-10.024169921875 0.256103515625 0.01491746585816145 -0.3144069664763355 -0.05935661730613662 0.9474307633875529 -0.9407953882819999 0.15268798227198987 -0.30263908778779697 0 0 0 0 0 0
-10.487152099609375 0.4342193603515625 -0.18396052718162537 -0.2772518967939027 0.2598950430457979 0.9249788929075117 -0.9523122924405654 0.0533283825143893 -0.3004286625556791 0 0 0 0 0 0
-10.661468505859375 -0.032806396484375 -0.31745752692222595 -0.3149458873014636 0.6868841626393113 0.6549803319086659 -0.9478424716385424 -0.1919782030809471 -0.2544386340553445 0 0 0 0 0 0
-11.0283203125 -0.3553314208984375 -0.23065850138664246 -0.3254774333891703 0.9346985551923875 0.14283924977281737 -0.9297005830283198 -0.28880612321745947 -0.22857788412027946 0 0 0 0 0 0
-11.359039306640625 -0.5079345703125 -0.02913549356162548 -0.3329432598455276 0.8380801350602934 -0.4321694956157289 -0.9187923843711855 -0.39140724279522426 -0.05119496761354921 0 0 0 0 0 0
-11.691162109375 -0.5349578857421875 0.21317848563194275 -0.33386747659988525 0.41855506778495666 -0.8445970419675618 -0.9079619536628639 -0.38352895798976855 0.16885090785659912 0 0 0 0 0 0
-12.022552490234375 -0.435546875 0.4386844336986542 -0.3282981380962526 -0.15697732259656977 -0.9314389151806716 -0.9020167235228643 -0.24055335627905128 0.3584688456030181 0 0 0 0 0 0
-12.162872314453125 -0.220703125 1.2390995025634766 -0.3188327329637696 0.664025051770799 0.6763256752568552 0.8401720630622471 -0.13227418696689808 0.5259414833533991 0 0 0 0 0 0
-12.662322998046875 -0.122283935546875 3.106841564178467 -0.3089870615404569 0.9311191586593843 0.193763020667087 -0.9124900621485663 -0.23280111639592735 -0.33640084227735767 0 0 0 0 0 0
-12.9869384765625 -0.3571014404296875 3.2748794555664062 -0.3020494733467508 0.8890966248159536 -0.3439088649509193 -0.9238713249323289 -0.3619494778958658 -0.12431552766526563 0 0 0 0 0 0
-13.310699462890625 -0.4458465576171875 3.5562915802001953 -0.2997517576097263 0.5654390815791515 -0.7683928219555447 -0.933588351039466 -0.3396427064140747 0.1142612041908088 0 0 0 0 0 0
-13.6778564453125 -0.3276214599609375 3.699094295501709 -0.3104428821933124 0.05970055426794469 -0.9487154793275006 -0.9412803742058896 -0.15865598332030362 0.2980260661275923 0 0 0 0 0 0
-14.14306640625 -0.500274658203125 3.875344753265381 -0.28068508666359965 -0.2576443429363892 -0.9245730229016655 -0.9539056200161998 -0.03171103369555199 0.2984266718030898 0 0 0 0 0 0
-14.318572998046875 -0.0388031005859375 4.008082389831543 -0.31501375316372754 -0.6868657834180283 -0.6549669693100868 -0.9479237657824665 0.19354155901096642 0.25294702844744443 0 0 0 0 0 0
-14.683258056640625 0.2851104736328125 3.920564651489258 -0.3254776273663275 -0.9346991122514952 -0.14283516247847772 -0.9296978287870102 0.28880407774477196 0.22859167051034734 0 0 0 0 0 0
-15.0140380859375 0.437713623046875 3.7190685272216797 -0.33287557204087354 -0.8381018012534943 0.43217962038267105 -0.9188006824763605 0.39137542582609214 0.05128919906197986 0 0 0 0 0 0
-15.346038818359375 0.4647064208984375 3.4767537117004395 -0.33400889020330704 -0.4185410625069307 0.8445480686501654 -0.9079745656774292 0.38339312483951493 -0.1690913951349274 0 0 0 0 0 0
-15.67767333984375 0.365325927734375 3.251249313354492 -0.3282961719252801 0.15701452982157252 0.9314333368116675 -0.902017188442979 0.24054003367141288 -0.3584766156317302 0 0 0 0 0 0
-16.007049560546875 0.1514892578125 3.1042747497558594 -0.3187529048368969 0.6640558362135832 0.6763330777425564 -0.9038706996820746 0.0018448402992993901 -0.4278017704737877 0 0 0 0 0 0
-16.33367919921875 -0.12432861328125 3.1024575233459473 -0.3090672596393457 0.9310927762622995 0.19376189256711157 -0.9124902220023725 -0.2329012904839174 -0.33633106255739575 0 0 0 0 0 0
-16.6585693359375 -0.359161376953125 3.2704267501831055 -0.3021188047026013 0.8890761339903445 -0.3439009389545985 -0.9238911688107607 -0.36196308081542633 -0.12412830587779583 0 0 0 0 0 0
-16.9822998046875 -0.4478912353515625 3.551879405975342 -0.29967792585879854 0.565443723905928 -0.7684182037460885 -0.9335996735467023 -0.3396420641162664 0.11417056466678754 0 0 0 0 0 0
-17.3497314453125 -0.326324462890625 3.6750006675720215 -0.3144085638277708 0.059318771748626986 -0.9474326035713532 -0.9407941510804747 -0.15268155315324922 0.30264617727551174 0 0 0 0 0 0
-17.81280517578125 -0.5044708251953125 3.8738937377929688 -0.2772492625423141 -0.2599307202756368 -0.9249696573816526 -0.952312185096454 -0.05332408153556133 0.30042976624363693 0 0 0 0 0 0
-17.88177490234375 -0.5430450439453125 4.86244535446167 -0.3150171965297928 0.6868732914404758 0.6549574393777331 0.5148444579275924 -0.45605951960817015 0.7259097042442737 0 0 0 0 0 0
-18.37042236328125 -0.357391357421875 6.823726654052734 -0.3254773502544746 0.9346983164480939 0.14284100146815445 -0.9296987594523788 -0.2888033896736589 -0.22858875472278298 0 0 0 0 0 0
-18.701141357421875 -0.510009765625 7.025273323059082 -0.3328757435403051 0.8381022330484188 -0.4321786509323927 -0.9188006744094426 -0.3913754254941361 -0.05128934610655049 0 0 0 0 0 0
-19.03314208984375 -0.5370025634765625 7.267578125 -0.33401455908669825 0.41851001915716834 -0.844561210441958 -0.9079731514533352 -0.38338781757858953 0.1691110214392456 0 0 0 0 0 0
-19.364776611328125 -0.4376373291015625 7.49308967590332 -0.3282985026321851 -0.1569774969011668 -0.9314387573190785 -0.9020143866642257 -0.2405607944663822 0.35846973431025353 0 0 0 0 0 0
-19.694000244140625 -0.2237701416015625 7.640066146850586 -0.31883234737854943 -0.6640242487219921 -0.6763266454711644 -0.9038650040574053 -0.001748052056901371 0.4278142105567712 0 0 0 0 0 0
-20.020843505859375 0.052032470703125 7.641912460327148 -0.3090673310282914 -0.9310929913278866 -0.1937607452275535 -0.9124892883599347 0.23290081562898307 0.3363339244080715 0 0 0 0 0 0
-21.211700439453125 -0.3363800048828125 8.284348487854004 0.9493665521902638 0 -0.3141705740236842 -0.019091034264002934 0.9981520110132446 -0.057689646566315034 0 0 0 0 0 0
-17.39031982421875 0.6123046875 6.940384387969971 0 1 0 0 0 1 0 0 0 0 0 0
-17.793853759765625 0.6123046875 7.079560279846191 0 1 0 0 0 1 0 0 0 0 0 0
-18.245635986328125 0.6123046875 7.662701606750488 0 1 0 0 0 1 0 0 0 0 0 0
-17.917388916015625 0.6123046875 8.32333755493164 0 1 0 0 0 1 0 0 0 0 0 0
-20.53863525390625 1.140838623046875 10.345846176147461 0.9236062052970229 0 -0.3833426372539764 -0.24580990366630526 -0.767350691249816 -0.5922418491612962 0 0 0 0 0 0
-20.28448486328125 0.4434661865234375 10.321517944335938 0.3090671882500103 -0.9310925611955382 -0.1937630399058746 0.9371476317925038 0.26346793775572647 0.22877710112781469 0 0 0 0 0 0
-19.733489990234375 0.542755126953125 10.547167778015137 0.31876072237804426 -0.6640339749203705 -0.6763508571891368 0.9357802728007408 0.3339219449032286 0.11318752470575748 0 0 0 0 0 0
-19.40423583984375 0.4577178955078125 10.802172660827637 0.3283665722382728 -0.15697356467942528 -0.931415425161255 0.9283868134160559 0.2352818606836872 0.28764625968088575 0 0 0 0 0 0
-19.072540283203125 0.2592620849609375 10.959654808044434 0.334013886519796 0.41850917645142555 -0.8445618940242867 0.9179902624210956 0.05884426855387744 0.3922132457712351 0 0 0 0 0 0
-18.73974609375 0.0179290771484375 10.99077320098877 0.3329435821263509 0.8380809463010919 -0.4321676741357923 0.9076430094387832 -0.1606027877107621 0.38780267146635383 0 0 0 0 0 0
-18.408172607421875 -0.207366943359375 10.89513874053955 0.3255459489833534 0.9346762177162087 0.14282927968820125 0.9020029751465336 -0.3523000615432615 0.24955019427645478 0 0 0 0 0 0
-18.079193115234375 -0.35601806640625 10.685039520263672 0.31493653029685087 0.6869019017751203 0.6549662275433017 0.9041562826493678 -0.42700203843958745 0.013064291565704052 0 0 0 0 0 0
-17.64056396484375 -0.450347900390625 10.49702262878418 0.2772523171518657 0.2598954370880106 0.9249786561941595 0.9173709687913195 -0.3577685727726721 -0.17444814116258606 0 0 0 0 0 0
-17.32318115234375 -0.484893798828125 10.378419876098633 0.314408918931255 -0.05931883874521979 0.9474324815343826 0.9411103352234538 0.15019517649190453 -0.3029071572184526 0 0 0 0 0 0
-17.038543701171875 -0.093414306640625 10.10052490234375 0.29960848233880105 -0.5654566505867135 0.768435770652236 0.9379725756054329 0.027281828446601996 -0.3456344156022669 0 0 0 0 0 0
-16.71405029296875 0.2282867431640625 10.098800659179688 0.3021190524121463 -0.8890768629507442 0.34389883677507604 0.9371696994697518 0.21099152133920993 -0.27784083990432534 0 0 0 0 0 0
-16.3896484375 0.46185302734375 10.275715827941895 0.3090671882500103 -0.9310925611955382 -0.1937630399058746 0.9389133489025391 0.3311582755535334 -0.09367987929662029 0 0 0 0 0 0
-16.062896728515625 0.542755126953125 10.547167778015137 0.31876072237804426 -0.6640339749203705 -0.6763508571891368 0.9357802728007408 0.3339219449032286 0.11318752470575748 0 0 0 0 0 0
-15.733642578125 0.4577178955078125 10.802172660827637 0.3282985026321851 -0.1569774969011668 -0.9314387573190785 0.9283976540087663 0.2353391706891747 0.28756437674084534 0 0 0 0 0 0
-15.401947021484375 0.2592620849609375 10.959654808044434 0.334013886519796 0.41850917645142555 -0.8445618940242867 0.9179902624210956 0.05884426855387744 0.3922132457712351 0 0 0 0 0 0
-15.06915283203125 0.0179290771484375 10.99077320098877 0.3328757435403051 0.8381022330484188 -0.4321786509323927 0.9076482275314138 -0.16050837681452687 0.3878295450728951 0 0 0 0 0 0
-14.737579345703125 -0.207366943359375 10.89513874053955 0.3255459489833534 0.9346762177162087 0.14282927968820125 0.9020029751465336 -0.3523000615432615 0.24955019427645478 0 0 0 0 0 0
-14.408599853515625 -0.35601806640625 10.685039520263672 0.31493653029685087 0.6869019017751203 0.6549662275433017 0.9041325565663599 -0.42705036951266756 0.01312638776939101 0 0 0 0 0 0
-13.968719482421875 -0.4395751953125 10.514237403869629 0.28061449199691896 0.2576495757133212 0.9245929931683761 0.9180138380714515 -0.35325025714150055 -0.18018004589517256 0 0 0 0 0 0
-13.648162841796875 -0.4888153076171875 10.384544372558594 0.3104432378747036 -0.05966247530548494 0.9487177583972447 0.9441907343805348 0.13498013912200174 -0.3004733251930219 0 0 0 0 0 0
-13.369873046875 -0.087921142578125 10.105457305908203 0.2997582230287367 -0.5654131307879785 0.7684093956083505 0.9371105810003879 0.02355462950335993 -0.3482368998341146 0 0 0 0 0 0
-13.042388916015625 0.230316162109375 10.10318660736084 0.3020494733467508 -0.8890966248159536 0.3439088649509193 0.9371645052459283 0.21086453410498343 -0.2779547415746722 0 0 0 0 0 0
-12.718048095703125 0.4639129638671875 10.280134201049805 0.3089870615404569 -0.9311191586593843 -0.193763020667087 0.9389260776388988 0.3310934001567173 -0.0937815605665456 0 0 0 0 0 0
-12.39154052734375 0.5447845458984375 10.551608085632324 0.31883286149226076 -0.6640253194539104 -0.6763253518513034 0.9357654836873328 0.33393253638476145 0.1132785093610096 0 0 0 0 0 0
-12.06201171875 0.459808349609375 10.806580543518066 0.3283646057516046 -0.15701077105873656 -0.9314098472000036 0.928402505557429 0.23521017346827977 0.28765424031588677 0 0 0 0 0 0
-11.7303466796875 0.2613067626953125 10.964094161987305 0.33393539078792467 0.4185445633681871 -0.8445753982056602 0.9180001421015821 0.058940428644383945 0.39217568126120667 0 0 0 0 0 0
-11.39776611328125 0.01995849609375 10.995165824890137 0.3328647582827771 0.8381127210899492 -0.4321667727169104 0.90762507352227 -0.16045048224797512 0.387907680589192 0 0 0 0 0 0
-11.066131591796875 -0.2053070068359375 10.899557113647461 0.3254776273663275 0.9346991122514952 0.14283516247847772 0.9019826613501362 -0.35224342748644116 0.24970351702835553 0 0 0 0 0 0
-10.7371826171875 -0.3539581298828125 10.689464569091797 0.315016950574239 0.6868727551513378 0.6549581200975508 0.9041363944438269 -0.4270463986876068 0.01299052000739256 0 0 0 0 0 0
-10.298370361328125 -0.448333740234375 10.501462936401367 0.2772529285837134 0.2598960102422729 0.924978311881907 0.9173704112428516 -0.357770069730996 -0.17444800308630545 0 0 0 0 0 0
-9.981048583984375 -0.4828338623046875 10.382852554321289 0.31440678832169594 -0.059318436767803594 0.9474332137500038 0.9411003476501957 0.15027970238480517 -0.3028962639317551 0 0 0 0 0 0
-9.696533203125 -0.091339111328125 10.104962348937988 0.29968121998371733 -0.5654499393862833 0.7684123453180064 0.9379616446205343 0.027381764103041117 -0.34565617630146306 0 0 0 0 0 0
-9.4803466796875 -1.3714141845703125 9.299490928649902 0.3020599658106683 0.8890893613517853 -0.3439184272258939 -0.09173126732571361 -0.3319876589254312 -0.9388128508472976 0 0 0 0 0 0
-9.06402587890625 -0.5321044921875 7.531867980957031 0.3090673310282914 0.9310929913278866 0.1937607452275535 0.9389132226775605 -0.3311582648867517 0.09368118209348998 0 0 0 0 0 0
-8.73736572265625 -0.6129913330078125 7.260406494140625 0.31876329250552304 0.6640393289425132 0.676344389322936 0.9357774309436003 -0.3339335476214751 -0.11317678874014551 0 0 0 0 0 0
-8.407989501953125 -0.5279693603515625 7.0054097175598145 0.32836766602250705 0.15697408755606607 0.9314149514297437 0.9283863731149296 -0.23528258727097584 -0.2876470864472342 0 0 0 0 0 0
-8.076263427734375 -0.3295135498046875 6.847910404205322 0.3339377442504567 -0.41854751312725735 0.8445730058555654 0.9179816523682351 -0.05901274728667844 -0.39220808453289635 0 0 0 0 0 0
-7.743621826171875 -0.088165283203125 6.816824436187744 0.3328752290413864 -0.8381009376620742 0.4321815592787324 0.9076484720612151 0.16050677150674417 -0.3878296371674343 0 0 0 0 0 0
-7.4119873046875 0.137115478515625 6.91244649887085 0.32547729483080123 -0.9346981572836723 -0.1428421692643001 0.9019854144176431 0.35224453782214166 -0.24969200578372205 0 0 0 0 0 0
-7.083038330078125 0.2857513427734375 7.122529983520508 0.31501522888895855 -0.6868690011352128 -0.6549628850916301 0.904136338730082 0.4270465170863166 -0.012990505463951193 0 0 0 0 0 0
-6.643096923828125 0.3693389892578125 7.293342590332031 0.2806866334926751 -0.25764576279009616 -0.9245721576463668 0.9180130081050591 0.35320703545824184 0.1802689852767281 0 0 0 0 0 0
-6.32354736328125 0.4205474853515625 7.42747688293457 0.31044182889448807 0.05970035171047847 -0.9487158367384254 0.9447629322493514 -0.12973588838199862 0.3009843868265279 0 0 0 0 0 0
-6.045166015625 0.0197296142578125 7.706541061401367 0.29968121998371733 0.5654499393862833 -0.7684123453180064 0.9371198167441162 -0.023453013600011285 0.34821890416597406 0 0 0 0 0 0
-5.7177886962890625 -0.29852294921875 7.70880126953125 0.302084387310714 0.8890871088585443 -0.3439027999372288 0.9371580050957682 -0.21090737623251996 0.27794415290780033 0 0 0 0 0 0
-5.3934326171875 -0.5321044921875 7.531867980957031 0.3090673310282914 0.9310929913278866 0.1937607452275535 0.9389132226775605 -0.3311582648867517 0.09368118209348998 0 0 0 0 0 0
-5.0667877197265625 -0.6129913330078125 7.260406494140625 0.3187975635106759 0.6640312538028401 0.6763361645459193 0.9357714793868241 -0.33393315268595325 -0.11322715179414614 0 0 0 0 0 0
-4.737396240234375 -0.5279693603515625 7.0054097175598145 0.32833363177292035 0.1569760537638628 0.9314266180389785 0.9283917946269273 -0.23531124229032296 -0.2876061454857635 0 0 0 0 0 0
-4.4056854248046875 -0.3295135498046875 6.847910404205322 0.3339377442504567 -0.41854751312725735 0.8445730058555654 0.9179993986564254 -0.05893757877469267 -0.3921778498011052 0 0 0 0 0 0
-4.1925506591796875 -0.817840576171875 5.665031433105469 0.3328647582827771 0.8381127210899492 -0.4321667727169104 -0.3164938575199339 -0.33241988244347015 -0.8884417031569496 0 0 0 0 0 0
-3.7249298095703125 -0.2053070068359375 3.8407325744628906 0.3255001273521553 0.9346923263224963 0.14282829624262364 0.9020043261203186 -0.3522582507798702 0.2496043277223694 0 0 0 0 0 0
-3.3959503173828125 -0.3539581298828125 3.6306467056274414 0.31497285982171075 0.6868979395433626 0.6549529129844497 0.9041493466161965 -0.4270177235539726 0.013031607126066881 0 0 0 0 0 0
-2.95721435546875 -0.4483184814453125 3.442629337310791 0.27725262286748087 0.2598957236648524 0.924978484038318 0.9173539879828413 -0.3578217694481766 -0.17442832923855411 0 0 0 0 0 0
-2.639862060546875 -0.4828338623046875 3.324028491973877 0.31440714342139814 -0.059318503763682855 0.9474330917151006 0.9411054741497769 0.15023815225562856 -0.30290094772406767 0 0 0 0 0 0
-2.3553619384765625 -0.091339111328125 3.0461385250091553 0.299681082727568 -0.5654496804061533 0.7684125894230338 0.9379617558661 0.027381881576990282 -0.34565586512293756 0 0 0 0 0 0
-2.03070068359375 0.2303314208984375 3.0443735122680664 0.302084387310714 -0.8890871088585443 0.3439027999372288 0.9371654219447426 0.21092463679408022 -0.2779060443826616 0 0 0 0 0 0
-1.70635986328125 0.4639129638671875 3.2213144302368164 0.3090672596393457 -0.9310927762622995 -0.19376189256711157 0.9389131750776649 0.33115838208906107 -0.09368124485580674 0 0 0 0 0 0
-1.37969970703125 0.5447998046875 3.4927682876586914 0.31883209032194676 -0.6640237133565599 -0.6763272922787482 0.9357678050462661 0.3339225304724555 0.11328882858325197 0 0 0 0 0 0
-1.050323486328125 0.4597930908203125 3.747772693634033 0.32836606410587793 -0.15701146838519905 -0.9314092155111727 0.9283928631695155 0.23526107806198499 0.28764373235831453 0 0 0 0 0 0
-0.7076568603515625 0.26287841796875 3.9093174934387207 0.33397130031523 0.4185417598011083 -0.8445625884849185 0.9180193182056242 0.058789801167301016 0.39215340197426574 0 0 0 0 0 0
-0.3723907470703125 0.017913818359375 3.942465305328369 0.33287540054123393 0.838101369458046 -0.4321805898314509 0.9076369632198552 -0.16048400569037308 0.38786599092291124 0 0 0 0 0 0
-0.040771484375 -0.207366943359375 3.846848487854004 0.3254660222659646 0.9347039315029221 0.14283006960493883 0.9020057724177004 -0.3522277257988375 0.24964217533046545 0 0 0 0 0 0
0.2881927490234375 -0.3560028076171875 3.636756420135498 0.3149813589334746 0.6868783273532933 0.6549693938931523 0.9041489934020881 -0.42701917736431094 0.01300845467756962 0 0 0 0 0 0
0.7269287109375 -0.4503631591796875 3.448728561401367 0.27721679623652007 0.25989789909996025 0.9249886107016598 0.9173539935243222 -0.35784337124135407 -0.17438397926300594 0 0 0 0 0 0
1.044281005859375 -0.484893798828125 3.330127716064453 0.31440678832169594 -0.059318436767803594 0.9474332137500038 0.9411058970368963 0.15023567612395478 -0.30290086196965044 0 0 0 0 0 0
1.3287811279296875 -0.0933990478515625 3.0522375106811523 0.2996868605405833 -0.5654224346910037 0.7684303845940935 0.9379621014799462 0.027383543757521344 -0.34565479559613094 0 0 0 0 0 0
1.54498291015625 -1.37347412109375 2.2467684745788574 0.30208494460203433 0.8890887490642271 -0.34389806997451133 -0.09165724825228855 -0.3319912668495818 -0.9388188044444082 0 0 0 0 0 0
1.9613037109375 -0.534149169921875 0.4791555106639862 0.30903273359187033 0.9311036861511383 0.1937645354663709 0.9389122834478397 -0.33113713645069354 0.09376524331541358 0 0 0 0 0 0
2.2879486083984375 -0.61505126953125 0.20769354701042175 0.3187976277694241 0.6640313876489609 0.6763360028459104 0.9357715099762458 -0.33393299150059147 -0.11322737435904319 0 0 0 0 0 0
2.6173248291015625 -0.530029296875 -0.04730948433279991 0.32836798789258687 0.15697424142402358 0.9314148120234755 0.9283934338594874 -0.23524315857708822 -0.287656545743817 0 0 0 0 0 0
2.9490509033203125 -0.3315582275390625 -0.2048015296459198 0.33393778627681425 -0.41854756580182845 0.8445729631345683 0.9179905266910695 -0.0589750543085361 -0.39219298294941296 0 0 0 0 0 0
3.281707763671875 -0.0902252197265625 -0.23589250445365906 0.33287542197870024 -0.8381014234325057 0.4321804686504354 0.907648038857973 0.16050667710254254 -0.3878306900733565 0 0 0 0 0 0
3.6133270263671875 0.13507080078125 -0.14027151465415955 0.3254658767991566 -0.9347035137376623 -0.14283313497163014 0.9019937595959939 0.352230428198196 -0.2496817636536562 0 0 0 0 0 0
3.942291259765625 0.2837066650390625 0.069814532995224 0.31497279834309744 -0.6868978054698021 -0.6549530831629762 0.9041374893919545 0.42704188055368064 -0.013062638676372506 0 0 0 0 0 0
4.3822174072265625 0.367279052734375 0.24062952399253845 0.28072181331845325 -0.2576430394282964 -0.9245622357425967 0.9180131576049442 0.35318399747079965 0.18031335611858115 0 0 0 0 0 0
4.7017669677734375 0.418487548828125 0.37476643919944763 0.31047616911067905 0.059699619690160056 -0.9487046451995519 0.9447485210698552 -0.1297687579514645 0.30101545042747546 0 0 0 0 0 0
4.9801483154296875 0.017669677734375 0.653828501701355 0.2996809969425163 0.5654495185436506 -0.7684127419885055 0.937119878647293 -0.02345264234688025 0.3482187625775386 0 0 0 0 0 0
5.3075408935546875 -0.300567626953125 0.656078577041626 0.30208494460203433 0.8890887490642271 -0.34389806997451133 0.9371593923735658 -0.21091297813743975 0.27793522435849094 0 0 0 0 0 0
5.63189697265625 -0.534149169921875 0.4791555106639862 0.30903273359187033 0.9311036861511383 0.1937645354663709 0.9389122985661323 -0.3311371211843159 0.09376514584335638 0 0 0 0 0 0
5.9585418701171875 -0.61505126953125 0.20769450068473816 0.3187976277694241 0.6640313876489609 0.6763360028459104 0.9357737763594106 -0.33392292760818953 -0.11323832344053839 0 0 0 0 0 0
6.2879180908203125 -0.530029296875 -0.04731049761176109 0.328368306914834 0.1569743939305927 0.9314146738504867 0.9283933348907502 -0.23524320811636149 -0.2876568246462332 0 0 0 0 0 0
6.61962890625 -0.3315582275390625 -0.2048024833202362 0.33393778627681425 -0.41854756580182845 0.8445729631345683 0.9179993695178946 -0.058937595085450774 -0.39217791555656445 0 0 0 0 0 0
6.832763671875 -0.81988525390625 -1.3876864910125732 0.3329096206013486 0.8380914821372326 -0.43217340510503777 -0.3165296727042464 -0.33240119512257726 -0.8884359356638075 0 0 0 0 0 0
7.3003997802734375 -0.207366943359375 -3.2119734287261963 0.3255001273521553 0.9346923263224963 0.14282829624262364 0.9020043762405581 -0.3522582423706075 0.2496041584686687 0 0 0 0 0 0
7.629364013671875 -0.3560028076171875 -3.4220685958862305 0.31498123596652616 0.6868780591998631 0.654969734246422 0.9041489852275755 -0.427019194370193 0.013008464604899619 0 0 0 0 0 0
8.068099975585938 -0.4503631591796875 -3.6100924015045166 0.27725216429428956 0.2598952937998067 0.9249787422718667 0.9173543359647394 -0.3578208672825188 -0.17442834982845656 0 0 0 0 0 0
8.385467529296875 -0.484893798828125 -3.7286953926086426 0.31440678832169594 -0.059318436767803594 0.9474332137500038 0.9411111802961232 0.15019374710237604 -0.3029052403854801 0 0 0 0 0 0
8.669952392578125 -0.0933990478515625 -4.006585597991943 0.2996867232760446 -0.565422175712517 0.7684306286871905 0.9379621696795375 0.02738345777734706 -0.34565461734252995 0 0 0 0 0 0
8.994613647460938 0.228271484375 -4.008333683013916 0.3020848826810535 -0.8890885668199663 0.3438985955272171 0.9371592404051329 0.21091236075801306 -0.2779362052751612 0 0 0 0 0 0
9.3189697265625 0.46185302734375 -3.8314034938812256 0.30903272020755557 -0.931103645824715 -0.1937647505947413 0.9389123091604127 0.3311371234604165 -0.09376503171984038 0 0 0 0 0 0
9.6456298828125 0.542755126953125 -3.559941530227661 0.3187891025870588 -0.66405177669445 -0.6763200026176085 0.9357673352227592 0.3339612730087391 0.11317845404704346 0 0 0 0 0 0
9.974990844726562 0.457733154296875 -3.3049404621124268 0.3283680306187475 -0.15697426184899463 -0.9314147935181879 0.9283934801662884 0.2352428367917464 0.2876566594447263 0 0 0 0 0 0
10.306716918945312 0.2592620849609375 -3.147453546524048 0.3339711321973768 0.4185415491113213 -0.8445627593768846 0.9179963701671392 0.05888749038170634 0.39219246274820385 0 0 0 0 0 0
10.639373779296875 0.017913818359375 -3.1163644790649414 0.3328757435403051 0.8381022330484188 -0.4321786509323927 0.9076368936350078 -0.16048526648917005 0.38786563208473845 0 0 0 0 0 0
10.970993041992188 -0.207366943359375 -3.2119734287261963 0.3254660222659646 0.9347039315029221 0.14283006960493883 0.9020057222842763 -0.35222773420891923 0.24964234460618315 0 0 0 0 0 0
11.299957275390625 -0.3560028076171875 -3.4220685958862305 0.31498123596652616 0.6868780591998631 0.654969734246422 0.9041489852275755 -0.427019194370193 0.013008464604899619 0 0 0 0 0 0
11.739883422851562 -0.4395904541015625 -3.592886447906494 0.2807216199438508 0.25764286195145647 0.9245623439128174 0.9180087404277891 -0.353198267537838 -0.18030789307862827 0 0 0 0 0 0
12.060440063476562 -0.488800048828125 -3.7225844860076904 0.3104413022476073 -0.05970025043223218 0.9487160154425235 0.9441891636114057 0.13501171315955487 -0.3004640754375074 0 0 0 0 0 0
12.338729858398438 -0.087921142578125 -4.001652717590332 0.299681082727568 -0.5654496804061533 0.7684125894230338 0.9371197522576141 0.02345231234415088 -0.34821912494051843 0 0 0 0 0 0
12.557662963867188 -1.3714141845703125 -4.807637691497803 0.3020850065229459 0.8890889313082839 -0.34389754442148235 -0.09168322489470707 -0.33198208605304247 -0.938819514503601 0 0 0 0 0 0
12.973983764648438 -0.5321044921875 -6.5752482414245605 0.30903275589903123 0.9311037533617522 0.1937641769190248 0.938912267470374 -0.3311371309609233 0.09376542269199972 0 0 0 0 0 0
13.300643920898438 -0.6129913330078125 -6.846705436706543 0.3187978205457321 0.6640317891874546 0.6763355177452972 0.9357650707437468 -0.33396150340369946 -0.1131964956184217 0 0 0 0 0 0
13.6300048828125 -0.5279693603515625 -7.10170841217041 0.32836766602250705 0.15697408755606607 0.9314149514297437 0.9283936740556971 -0.23524233474271117 -0.2876564442493205 0 0 0 0 0 0
13.961746215820312 -0.3295135498046875 -7.259202480316162 0.3339374080399008 -0.4185470917310705 0.8445733476229615 0.9179907001119177 -0.05897528385634181 -0.39219254251208696 0 0 0 0 0 0
14.294387817382812 -0.088165283203125 -7.290290355682373 0.33287540054123393 -0.838101369458046 0.4321805898314509 0.907648157044326 0.16050683044242858 -0.3878303500183604 0 0 0 0 0 0
14.626007080078125 0.137115478515625 -7.194670677185059 0.32547729483080123 -0.9346981572836723 -0.1428421692643001 0.9020088018339302 0.3522406144002617 -0.24961304248985935 0 0 0 0 0 0
14.954971313476562 0.2857513427734375 -6.984585285186768 0.31498086706587347 -0.6868772547399925 -0.6549707553038394 0.9041489660363191 0.42701923452276425 -0.013008480428082643 0 0 0 0 0 0
15.393707275390625 0.380126953125 -6.796568393707275 0.2772520114368678 -0.25989515051174744 -0.9249788283494316 0.9173542647508499 0.35782115437483103 0.17442813541768706 0 0 0 0 0 0
15.7110595703125 0.414642333984375 -6.677966594696045 0.31440714342139814 0.059318503763682855 -0.9474330917151006 0.9411055534730857 -0.15023752284326553 0.3029010134549516 0 0 0 0 0 0
15.995559692382812 0.0231475830078125 -6.400076389312744 0.29968121998371733 0.5654499393862833 -0.7684123453180064 0.9379619489545307 -0.027383202501505985 0.3456552365206984 0 0 0 0 0 0
16.320220947265625 -0.29852294921875 -6.398324489593506 0.3020850065229459 0.8890889313082839 -0.34389754442148235 0.9371651804584723 -0.21092671208555885 0.2779052836219835 0 0 0 0 0 0
16.644577026367188 -0.5321044921875 -6.5752482414245605 0.30903275589903123 0.9311037533617522 0.1937641769190248 0.938912267470374 -0.3311371309609233 0.09376542269199972 0 0 0 0 0 0
16.971221923828125 -0.6129913330078125 -6.84670352935791 0.31883286149226076 0.6640253194539104 0.6763253518513034 0.9357589059043508 -0.3339617468009615 -0.11324672928761713 0 0 0 0 0 0
17.300628662109375 -0.527984619140625 -7.101717472076416 0.32833107982077103 0.15697483367752676 0.9314277232376322 0.9283981087974712 -0.23528040524468746 -0.2876109916000685 0 0 0 0 0 0
17.632354736328125 -0.32952880859375 -7.259189605712891 0.3339061560867121 -0.41851758693331637 0.844600324623967 0.9180059746080645 -0.05898575194736207 -0.3921552137242371 0 0 0 0 0 0
17.845458984375 -0.817840576171875 -8.442081451416016 0.33287540054123393 0.838101369458046 -0.4321805898314509 -0.31653889669016283 -0.3324106345371281 -0.8884291175602016 0 0 0 0 0 0
18.3131103515625 -0.2053070068359375 -10.26638126373291 0.3255118442309432 0.9346878246040748 0.14283105335420657 0.9019927325561923 -0.35227149827628 0.2496275263627756 0 0 0 0 0 0
18.642074584960938 -0.3539581298828125 -10.47647476196289 0.315016950574239 0.6868727551513378 0.6549581200975508 0.9041363944438269 -0.4270463986876068 0.01299052000739256 0 0 0 0 0 0
19.08203125 -0.437530517578125 -10.64730167388916 0.28068477729965663 0.25764405896736625 0.9245731959510086 0.9180138600863131 -0.35320512980623514 -0.18026838038876336 0 0 0 0 0 0
19.401458740234375 -0.4887237548828125 -10.781414031982422 0.3104777081728473 -0.059661768716345154 0.9487065226303514 0.9447453186596757 0.12978229397211496 -0.30101966554024934 0 0 0 0 0 0
19.679977416992188 -0.0879364013671875 -11.060478210449219 0.29964430262839103 -0.5654522594348365 0.7684250348618161 0.9371254784390265 0.02340305916934245 -0.34820702819148014 0 0 0 0 0 0
20.007232666015625 0.2303314208984375 -11.062722206115723 0.3020841396238825 -0.8890863798729423 0.3439049021344782 0.9371592124372548 0.2109091307483916 -0.2779387506465091 0 0 0 0 0 0
20.31378173828125 0.4662322998046875 -10.88116455078125 0.3090328272816903 -0.9311039684349458 -0.19376302956699548 0.9391272541783351 0.33091867139009457 -0.0923733369802972 0 0 0 0 0 0
20.63916015625 0.5447998046875 -10.612733840942383 0.3187985916519126 -0.6640333953434058 -0.6763335773340441 0.9357671376114421 0.3339520239567244 0.11320737547393267 0 0 0 0 0 0
20.968490600585938 0.45977783203125 -10.357712745666504 0.3284071684450812 -0.15697473552694963 -0.9314009148160249 0.9283788887758039 0.23525678595305996 0.28769234181402875 0 0 0 0 0 0
21.30035400390625 0.2613372802734375 -10.200210571289062 0.33393539078792467 0.4185445633681871 -0.8445753982056602 0.9180003789808708 0.058939425104594274 0.39217527759831766 0 0 0 0 0 0
21.948623657226562 0.9791107177734375 -9.57108211517334 -0.8924472598160984 0 0.4511517355022998 0.4379812668750775 -0.23986194277321632 0.86639405484777 0 0 0 0 0 0
19.13201904296875 0.6123046875 -7.507227420806885 0 1 0 0 0 1 0 0 0 0 0 0
19.47943115234375 0.6123046875 -8.236650466918945 0 1 0 0 0 1 0 0 0 0 0 0
21.276504516601562 0.9690399169921875 -10.510871887207031 -0.8691690264766978 0 0.4945151194994438 -0.017103095795064225 0.9994017396207225 -0.030060721170630245 0 0 0 0 0 0
21.58856201171875 0.4227447509765625 -10.6217041015625 -0.3339407223033348 -0.4185130985138093 0.8445888824510406 -0.940971598537183 0.09546456249517629 -0.3247444657788382 0 0 0 0 0 0
21.024627685546875 0.3673553466796875 -10.849812507629395 -0.3284071684450812 0.15697473552694963 0.9314009148160249 -0.9019983942379323 0.24047357248449425 -0.35856848401488983 0 0 0 0 0 0
20.695098876953125 0.1535491943359375 -10.996818542480469 -0.3187985916519126 0.6640333953434058 0.6763335773340441 -0.9038560450271729 0.001821707857957382 -0.4278328309612501 0 0 0 0 0 0
20.368331909179688 -0.1222686767578125 -10.998647689819336 -0.3090673310282914 0.9310929913278866 0.1937607452275535 -0.9124892883599347 -0.23290081562898307 -0.3363339244080715 0 0 0 0 0 0
20.060653686523438 -0.35955810546875 -10.827987670898438 -0.3020494733467508 0.8890966248159536 -0.3439088649509193 -0.922224055253183 -0.36387838608672257 -0.13074904225766332 0 0 0 0 0 0
19.738967895507812 -0.4458465576171875 -10.550819396972656 -0.299643753660602 0.5654512234896376 -0.7684260112374232 -0.9336030511205048 -0.3396496767177482 0.11412028760923026 0 0 0 0 0 0
19.371917724609375 -0.327606201171875 -10.408040046691895 -0.3104425310929542 0.05970048674864504 -0.9487155984648797 -0.9412860376054337 -0.1586147228425657 0.29803014127205035 0 0 0 0 0 0
18.908676147460938 -0.498321533203125 -10.227860450744629 -0.2806496352126449 -0.2576468174835128 -0.9245830950734644 -0.9539957924206802 -0.030991886301501802 0.2982139014652293 0 0 0 0 0 0
18.73223876953125 -0.036712646484375 -10.094619750976562 -0.315016950574239 -0.6868727551513378 -0.6549581200975508 -0.9479204961964437 0.19351392451375926 0.2529804219894715 0 0 0 0 0 0
18.36737060546875 0.2871551513671875 -10.182099342346191 -0.3255001273521553 -0.9346923263224963 -0.14282829624262364 -0.9296946181759712 0.2888326334340259 0.2285686478898646 0 0 0 0 0 0
18.036636352539062 0.43975830078125 -10.383626937866211 -0.33287540054123393 -0.838101369458046 0.4321805898314509 -0.9187956352720335 0.39138448170590195 0.05131050657382983 0 0 0 0 0 0
17.704635620117188 0.4667510986328125 -10.625943183898926 -0.3339799948790418 -0.4185145087170722 0.8445726546685626 -0.9079658939420524 0.38343484117917004 -0.16904336132458564 0 0 0 0 0 0
17.373016357421875 0.3673858642578125 -10.851446151733398 -0.3283318089462176 0.1569751822718352 0.931427407469218 -0.9020164912785865 0.240510691140321 -0.35849805705006665 0 0 0 0 0 0
17.043792724609375 0.1535186767578125 -10.998417854309082 -0.3188333756066467 0.6640263901872338 0.6763240582251845 -0.9038529021623397 0.0017767112811159567 -0.42783965986072375 0 0 0 0 0 0
16.716888427734375 -0.1222686767578125 -11.000280380249023 -0.3090326845159825 0.9311035382873842 0.19376532427025903 -0.912492934533102 -0.23285995001549684 -0.3363523273383859 0 0 0 0 0 0
16.392196655273438 -0.3571014404296875 -10.83224868774414 -0.30209463305017664 0.8890791157807068 -0.34391446402394305 -0.9238784771211037 -0.3619667338134924 -0.12421208928595803 0 0 0 0 0 0
16.068405151367188 -0.4458465576171875 -10.550826072692871 -0.29968121998371733 0.5654499393862833 -0.7684123453180064 -0.9335903495596145 -0.3396767879121593 0.11414350162332977 0 0 0 0 0 0
15.700927734375 -0.3242950439453125 -10.427680015563965 -0.31440678684637113 0.05935658339395214 -0.94743082512273 -0.9407952343842132 -0.15268961647037285 0.30263874170714467 0 0 0 0 0 0
15.237945556640625 -0.502410888671875 -10.228806495666504 -0.2772523171518657 -0.2598954370880106 -0.9249786561941595 -0.9523176626609129 -0.05328657516715596 0.3004190578026146 0 0 0 0 0 0
15.168869018554688 -0.5410003662109375 -9.240250587463379 -0.3149806211322656 0.6868767184337622 0.6549714360067913 0.5146557131181787 -0.45621841801932994 0.7259436975515107 0 0 0 0 0 0
14.680267333984375 -0.3553466796875 -7.278956413269043 -0.3254656897660073 0.9347029765982744 0.14283707615133662 -0.9297003616926856 -0.28879034744760457 -0.22859871541542331 0 0 0 0 0 0
14.34954833984375 -0.5079498291015625 -7.077418327331543 -0.3328752290413864 0.8381009376620742 -0.4321815592787324 -0.9188006217998239 -0.3913755640895026 -0.05128923097376941 0 0 0 0 0 0
14.01751708984375 -0.534942626953125 -6.835113525390625 -0.3339427396519336 0.4185156267673479 -0.8445868319985192 -0.9079695127876037 -0.383447544855519 0.1689951010902876 0 0 0 0 0 0
13.686004638671875 -0.4355621337890625 -6.609613418579102 -0.32833363177292035 -0.1569760537638628 -0.9314266180389785 -0.9020151138384596 -0.24051266532831136 0.35850019835930735 0 0 0 0 0 0
13.35662841796875 -0.2217254638671875 -6.462628364562988 -0.31883209032194676 -0.6640237133565599 -0.6763272922787482 -0.9038669482309327 -0.0017437209093236212 0.4278101206529491 0 0 0 0 0 0
13.02984619140625 0.0540924072265625 -6.460788249969482 -0.3090562110347933 -0.9310976370215095 -0.19375615797640747 -0.9124883629978134 0.23288769229301787 0.3363455220037921 0 0 0 0 0 0
12.705093383789062 0.2889251708984375 -6.628798484802246 -0.3020850065229459 -0.8890889313082839 0.34389754442148235 -0.9238796892197904 0.36195759534707517 0.12422970263872882 0 0 0 0 0 0
12.381332397460938 0.377655029296875 -6.910235404968262 -0.29968121998371733 -0.5654499393862833 0.7684123453180064 -0.9335820502599252 0.3397085331966197 -0.11411690455789433 0 0 0 0 0 0
12.014236450195312 0.259429931640625 -7.0530242919921875 -0.3104759479407858 -0.05969957716271407 0.9487047202564471 -0.9412790614676764 0.1585882735453787 -0.2980662475632332 0 0 0 0 0 0
11.551605224609375 0.42877197265625 -7.236791610717773 -0.28068632412561195 0.25764547881820915 0.924572330698571 -0.9540554462871508 0.030335879621893685 -0.2980904893105308 0 0 0 0 0 0
11.373565673828125 -0.03350830078125 -7.370860576629639 -0.314973105736244 0.6868984758377795 0.6549522322693466 -0.947934702235751 -0.19348321555622652 -0.2529506781869555 0 0 0 0 0 0
11.008758544921875 -0.357391357421875 -7.283379554748535 -0.3254656897660073 0.9347029765982744 0.14283707615133662 -0.9297076635235711 -0.28879912268584107 -0.2285579294652256 0 0 0 0 0 0
10.67803955078125 -0.510009765625 -7.0818376541137695 -0.33287557204087354 0.8381018012534943 -0.43217962038267105 -0.9188006363900086 -0.39137550838605417 -0.05128939466276627 0 0 0 0 0 0
10.34600830078125 -0.5370025634765625 -6.83953332901001 -0.3339430758785935 0.4185160481453106 -0.8445864902528194 -0.9079796467874751 -0.3834144469508693 0.16901574745878334 0 0 0 0 0 0
10.014511108398438 -0.4376068115234375 -6.614042282104492 -0.32836606410587793 -0.15701146838519905 -0.9314092155111727 -0.9020134013245241 -0.24046222217880084 0.3585383431877214 0 0 0 0 0 0
9.87420654296875 -0.2227630615234375 -5.813620567321777 -0.3188313191531507 0.6640221072623708 0.676329232692113 0.8400945803246515 -0.13240827436583977 0.526031505699619 0 0 0 0 0 0
9.374832153320312 -0.12432861328125 -3.9458565711975098 -0.3090672239447267 0.9310926687290655 0.19376246623659243 -0.9124915128168659 -0.23290239104479718 -0.3363267983417375 0 0 0 0 0 0
9.050079345703125 -0.3591766357421875 -3.7778594493865967 -0.30208494460203433 0.8890887490642271 -0.34389806997451133 -0.9238796013231204 -0.3619577393349306 -0.12422993678891835 0 0 0 0 0 0
8.726318359375 -0.4478912353515625 -3.496415376663208 -0.2996802591923962 0.5654481265286264 -0.7684140540461535 -0.9335823055661011 -0.3397078332417347 0.114116899572713 0 0 0 0 0 0
8.35882568359375 -0.3263397216796875 -3.373281478881836 -0.31440678832169594 0.059318436767803594 -0.9474332137500038 -0.9408000171030196 -0.15264018337464658 0.30264881007252 0 0 0 0 0 0
7.8958587646484375 -0.5044708251953125 -3.1744043827056885 -0.2772520114368678 -0.25989515051174744 -0.9249788283494316 -0.9523176890228962 -0.0532872203192529 0.3004188598020068 0 0 0 0 0 0
7.7215118408203125 -0.0374298095703125 -3.0409045219421387 -0.314973105736244 -0.6868984758377795 -0.6549522322693466 -0.9478323235478606 0.19198985598438895 0.2544676435953249 0 0 0 0 0 0
7.3546600341796875 0.28509521484375 -3.1277034282684326 -0.3254659945582318 -0.9347038519292491 -0.14283065348462545 -0.9296998836263112 0.28879176007616286 0.22859887510076599 0 0 0 0 0 0
7.0239410400390625 0.4376983642578125 -3.329226493835449 -0.3329096634794669 -0.8380915900818022 0.4321731627439917 -0.9188002572082861 0.3913846432464881 0.05122644224232947 0 0 0 0 0 0
6.691925048828125 0.4647064208984375 -3.5715465545654297 -0.33393723993482555 -0.41854688103323123 0.8445735185062723 -0.9079767087765109 0.38343397217522124 -0.16898723413709943 0 0 0 0 0 0
6.36041259765625 0.3653106689453125 -3.797034502029419 -0.32836606410587793 0.15701146838519905 0.9314092155111727 -0.9020136147454032 0.24046149275458026 -0.3585382954667055 0 0 0 0 0 0
6.0310211181640625 0.1514892578125 -3.94403338432312 -0.31879717795840784 0.6640304507265772 0.676337134743919 -0.9038677601183785 0.001795212629472772 -0.4278081923364724 0 0 0 0 0 0
5.7042388916015625 -0.12432861328125 -3.9458565711975098 -0.30903272020755557 0.931103645824715 0.1937647505947413 -0.9124927987701777 -0.23286005938527374 -0.336352619932794 0 0 0 0 0 0
5.379486083984375 -0.3591766357421875 -3.7778594493865967 -0.30208494460203433 0.8890887490642271 -0.34389806997451133 -0.9238796013231204 -0.3619577393349306 -0.12422993678891835 0 0 0 0 0 0
5.0557403564453125 -0.4478912353515625 -3.496415376663208 -0.2996802591923962 0.5654481265286264 -0.7684140540461535 -0.9335906688062613 -0.33967584332388323 0.11414370144728486 0 0 0 0 0 0
4.688629150390625 -0.3296661376953125 -3.3536393642425537 -0.3104764792117704 0.05966153255771089 -0.948706939675856 -0.9412790982068031 -0.15857480747487887 0.2980732958741737 0 0 0 0 0 0
4.2254791259765625 -0.5003662109375 -3.1734654903411865 -0.2807217746435133 -0.25764300393291056 -0.9245622573766588 -0.9539826237965251 -0.03090060628398674 0.29826549586832835 0 0 0 0 0 0
4.1551971435546875 -0.5422821044921875 -2.186046600341797 -0.3149810515161637 0.686877656969849 0.6549702447755792 0.5150204009034156 -0.45595822728325835 0.7258485252626704 0 0 0 0 0 0
3.6675872802734375 -0.357391357421875 -0.22455152869224548 -0.32549997494609734 0.9346918886797402 0.142831507540844 -0.9297019940623965 -0.28884050560878366 -0.22852869525743602 0 0 0 0 0 0
3.3368682861328125 -0.510009765625 -0.023019520565867424 -0.3329093626623938 0.8380908327824902 -0.43217486305622926 -0.9187964306534273 -0.3913915256715093 -0.05124248872810657 0 0 0 0 0 0
3.0048370361328125 -0.5370025634765625 0.21928951144218445 -0.33394311790696407 0.41851610081760365 -0.8445864475345344 -0.9079797505777727 -0.3834140924997257 0.16901599395719274 0 0 0 0 0 0
2.6733245849609375 -0.4376068115234375 0.44477948546409607 -0.3283320299821987 -0.1570134350420274 -0.9314208819347307 -0.9020152564586724 -0.24049989680403372 0.35850840541477513 0 0 0 0 0 0
2.34393310546875 -0.223785400390625 0.5917764902114868 -0.3187976117047361 -0.6640313541874285 -0.6763360432709218 -0.9038560165160816 -0.0018246981792096586 0.42783287845166346 0 0 0 0 0 0
2.0171661376953125 0.052032470703125 0.5936145782470703 -0.3090672239447267 -0.9310926687290655 -0.19376246623659243 -0.9124880592463372 0.23289877349745336 0.3363386731201676 0 0 0 0 0 0
1.692413330078125 0.286865234375 0.42560550570487976 -0.30208496782238425 -0.8890888174057723 0.34389787289216334 -0.9238796992924971 0.3619576078059426 0.12422959142895393 0 0 0 0 0 0
1.36865234375 0.3755950927734375 0.14416345953941345 -0.29968740959955914 -0.5654234706065002 0.7684294082183516 -0.9335891939111897 0.3396737592527709 -0.11416196515191013 0 0 0 0 0 0
1.00115966796875 0.2540435791015625 0.021028490737080574 -0.3144070560335106 -0.05931848727640245 0.9474331217471659 -0.9407998186029709 0.15264107944799493 -0.3026489751867137 0 0 0 0 0 0
0.5381927490234375 0.432159423828125 -0.17784950137138367 -0.27725212607991967 0.2598952579777783 0.9249787637912712 -0.952317706148057 0.05328677391525969 -0.30041888469702965 0 0 0 0 0 0
0.3638458251953125 -0.0348663330078125 -0.3113485276699066 -0.3149728271611964 0.6868978683167813 0.6549530033918043 -0.9478345342295823 -0.1920196773345053 -0.2544369062029784 0 0 0 0 0 0
-0.0030059814453125 -0.357391357421875 -0.2245505154132843 -0.32546586987209114 0.9347034938438642 0.14283328094137007 -0.9297001333021672 -0.28879124719562005 -0.22859850760915115 0 0 0 0 0 0
-0.3337249755859375 -0.510009765625 -0.023020533844828606 -0.33287544274624264 0.8381014757202557 -0.4321803512563042 -0.9188006194285551 -0.39137554991626794 -0.05128938160518738 0 0 0 0 0 0
-0.6657562255859375 -0.5370025634765625 0.2192884385585785 -0.33394315993534307 0.41851615348990734 -0.8445864048162333 -0.907979763700649 -0.3834140329914596 0.16901605845403384 0 0 0 0 0 0
-1.009429931640625 -0.4377288818359375 0.43660053610801697 -0.32833363177292035 -0.1569760537638628 -0.9314266180389785 -0.9045177769199678 -0.23182378586600938 0.3579180402585349 0 0 0 0 0 0
-1.151123046875 -0.220703125 1.2391014099121094 -0.31879769202818287 0.6640315214951034 0.6763358411458037 0.8402539969269127 -0.1321774037442185 0.5258349119141726 0 0 0 0 0 0
-1.6504974365234375 -0.122283935546875 3.106851577758789 -0.30902177964289596 0.9311088284537029 0.193757294783733 -0.9124786169959663 -0.23283431417665282 -0.3364089113965571 0 0 0 0 0 0
-1.9752349853515625 -0.3571014404296875 3.2748637199401855 -0.3020945091942978 0.8890787512668651 -0.34391551514929986 -0.9238823465981509 -0.36196219640192434 -0.1241965298234584 0 0 0 0 0 0
-2.2989959716796875 -0.4458465576171875 3.5562915802001953 -0.29968121998371733 0.5654499393862833 -0.7684123453180064 -0.9335904134606143 -0.33967654346019993 0.11414370642909082 0 0 0 0 0 0
-2.66650390625 -0.3242950439453125 3.679431438446045 -0.314372055139308 0.05935722822433724 -0.9474423098030886 -0.9408022065814365 -0.15272190770683486 0.3026007716412588 0 0 0 0 0 0
-3.12945556640625 -0.502410888671875 3.878307342529297 -0.27725262286748087 -0.2598957236648524 -0.924978484038318 -0.9523176092877115 -0.05328613448636581 0.30041930515870474 0 0 0 0 0 0
-3.303802490234375 -0.0353851318359375 4.011814594268799 -0.3149811129996098 -0.6868777910465028 -0.6549700745992931 -0.9478325730782435 0.1920298686877498 0.25443652045970505 0 0 0 0 0 0
-3.6706695556640625 0.287139892578125 3.9250082969665527 -0.3254776273663275 -0.9346991122514952 -0.14283516247847772 -0.9297006922553412 0.28880751899269713 0.22857567629391906 0 0 0 0 0 0
-4.0013885498046875 0.43975830078125 3.7234816551208496 -0.33287540054123393 -0.838101369458046 0.4321805898314509 -0.9187917912687268 0.3913913667257188 0.0513268190109072 0 0 0 0 0 0
-4.333404541015625 0.4667510986328125 3.481179714202881 -0.333976968584744 -0.4185107164298374 0.8445757305821245 -0.9079770924956061 0.3833996211435446 -0.16906309476113338 0 0 0 0 0 0
-4.6649169921875 0.36737060546875 3.255674362182617 -0.32833399634050425 0.15697622806334088 0.9314264601513528 -0.9020037089380317 0.2405510905510601 -0.3585031128131673 0 0 0 0 0 0
-4.994293212890625 0.153533935546875 3.1086907386779785 -0.31883209032194676 0.6640237133565599 0.6763272922787482 -0.9038672081630826 0.0017430395759650984 -0.4278095742506373 0 0 0 0 0 0
-5.321075439453125 -0.122283935546875 3.106851577758789 -0.3090562824165224 0.9310978520741662 0.19375501067521572 -0.9124884765323242 -0.23288831430850734 -0.33634478330168865 0 0 0 0 0 0
-5.6458282470703125 -0.3571014404296875 3.2748637199401855 -0.3020945091942978 0.8890787512668651 -0.34391551514929986 -0.9238823465981509 -0.36196219640192434 -0.1241965298234584 0 0 0 0 0 0
-5.9695892333984375 -0.4458465576171875 3.5562915802001953 -0.299646498512687 0.5654564032404277 -0.7684211293057247 -0.9335939768507804 -0.33968359736770015 0.11409355839521738 0 0 0 0 0 0
-6.336700439453125 -0.3276214599609375 3.6990866661071777 -0.3104411266990221 0.05970021667288886 -0.9487160750103539 -0.9412798568278107 -0.15866381340355304 0.2980235316991915 0 0 0 0 0 0
-6.799835205078125 -0.4983062744140625 3.879246711730957 -0.2806866334926751 -0.25764576279009616 -0.9245721576463668 -0.9539890301999161 -0.030944870845177334 0.2982404151462355 0 0 0 0 0 0
-6.8701171875 -0.54022216796875 4.866665363311768 -0.31501547484361325 0.6868695374223904 0.6549622043829736 0.514886378129436 -0.4560352813263796 0.7258951989111937 0 0 0 0 0 0
-7.357757568359375 -0.3553466796875 6.828155517578125 -0.3254656897660073 0.9347029765982744 0.14283707615133662 -0.9297003616926856 -0.28879034744760457 -0.22859871541542331 0 0 0 0 0 0
-7.688446044921875 -0.5079498291015625 7.029700756072998 -0.3328752290413864 0.8381009376620742 -0.4321815592787324 -0.9188006064376576 -0.39137559160961227 -0.05128929617394683 0 0 0 0 0 0
-8.020477294921875 -0.534942626953125 7.271998405456543 -0.3339430758785935 0.4185160481453106 -0.8445864902528194 -0.9079798885674468 -0.3834136604348794 0.16901623279724895 0 0 0 0 0 0
-8.35198974609375 -0.4355621337890625 7.497504234313965 -0.3283680306187475 -0.15697426184899463 -0.9314147935181879 -0.9020133910247516 -0.24047399232653913 0.35853047489239204 0 0 0 0 0 0
-8.681396484375 -0.2217254638671875 7.644486427307129 -0.31875573176506666 -0.6640617255344997 -0.6763259629402524 -0.9038460767760099 -0.0019009425206395686 0.42785354493582073 0 0 0 0 0 0
-9.008148193359375 0.0540924072265625 7.646324157714844 -0.3090673310282914 -0.9310929913278866 -0.1937607452275535 -0.912487748226168 0.2328992023977403 0.3363392199248163 0 0 0 0 0 0
-9.332916259765625 0.2889251708984375 7.478315353393555 -0.3020497210108662 -0.8890973538267565 0.34390676273594484 -0.9238718434177169 0.36194870296031495 0.12431393069682777 0 0 0 0 0 0
-9.65667724609375 0.377655029296875 7.1968889236450195 -0.29968121998371733 -0.5654499393862833 0.7684123453180064 -0.9335988390235446 0.33964430801814344 -0.11417071342847258 0 0 0 0 0 0
-10.024169921875 0.2560882568359375 7.0737457275390625 -0.3144074985218568 -0.05931857075970484 0.9474329696797842 -0.9407951673816515 0.1526762255736508 -0.3026457056954787 0 0 0 0 0 0
-10.487152099609375 0.4342193603515625 6.874868392944336 -0.2772517057224872 0.2598948639360629 0.9249790005041341 -0.9523123426777379 0.053328530150976446 -0.3004284771049101 0 0 0 0 0 0
-10.661468505859375 -0.032806396484375 6.741364479064941 -0.3149455203541541 0.6868833623421631 0.6549813476324159 -0.947842592890196 -0.19197758773131474 -0.25443864665584026 0 0 0 0 0 0
-11.0283203125 -0.3553466796875 6.828161716461182 -0.3254656897660073 0.9347029765982744 0.14283707615133662 -0.9297002503229991 -0.2887902136165784 -0.22859933741952101 0 0 0 0 0 0
-11.359039306640625 -0.5079345703125 7.029689311981201 -0.3329434106006819 0.8380805145390675 -0.43216864357275797 -0.9187923907183206 -0.39140721847135473 -0.051195039668215446 0 0 0 0 0 0
-11.691162109375 -0.5349578857421875 7.272002220153809 -0.3338672665026695 0.41855480439525705 -0.8445972555459103 -0.9079620542029572 -0.3835287150485924 0.16885091904020536 0 0 0 0 0 0
-12.022552490234375 -0.435546875 7.497507095336914 -0.3282985026321851 -0.1569774969011668 -0.9314387573190785 -0.9020165885655101 -0.2405532709640036 0.3584692424478814 0 0 0 0 0 0
-12.162872314453125 -0.220703125 8.29792308807373 -0.31883234737854943 0.6640242487219921 0.6763266454711644 0.8401775674891369 -0.13226608064900428 0.5259347288378929 0 0 0 0 0 0
-12.662322998046875 -0.122283935546875 10.165665626525879 -0.3089870615404569 0.9311191586593843 0.193763020667087 -0.9124901905574618 -0.23280125085335596 -0.33640040091759665 0 0 0 0 0 0
-12.9869384765625 -0.3571014404296875 10.333702087402344 -0.3020494733467508 0.8890966248159536 -0.3439088649509193 -0.9238713249323289 -0.3619494778958658 -0.12431552766526563 0 0 0 0 0 0
-13.310699462890625 -0.4458465576171875 10.615114212036133 -0.2997517576097263 0.5654390815791515 -0.7683928219555447 -0.933588351039466 -0.3396427064140747 0.1142612041908088 0 0 0 0 0 0
-13.6778564453125 -0.3276214599609375 10.757917404174805 -0.3104425310929542 0.05970048674864504 -0.9487155984648797 -0.9412804373928692 -0.15865631188442172 0.29802569164540543 0 0 0 0 0 0
-14.14306640625 -0.500274658203125 10.934167861938477 -0.28068477729965663 -0.25764405896736625 -0.9245731959510086 -0.9539057265628476 -0.03171106449869432 0.29842632795878704 0 0 0 0 0 0
-14.318572998046875 -0.0388031005859375 11.066905975341797 -0.31501350720997195 -0.6868652471328113 -0.6549676500075825 -0.947923812816635 0.1935406368168895 0.2529475577974342 0 0 0 0 0 0
-14.683258056640625 0.2851104736328125 10.979387283325195 -0.32547773820802894 -0.9346994305641262 -0.14283282687843113 -0.9296978017354766 0.28880476783900605 0.22859090865929144 0 0 0 0 0 0
-15.0140380859375 0.437713623046875 10.777892112731934 -0.33287540054123393 -0.838101369458046 0.4321805898314509 -0.9188006905432122 0.3913754261580379 0.05128905201825137 0 0 0 0 0 0
-15.346038818359375 0.4647064208984375 10.535577774047852 -0.3340085539362327 -0.4185406411361746 0.8445484104625066 -0.9079745816133693 0.38339320769128743 -0.1690911217072395 0 0 0 0 0 0
-15.67767333984375 0.365325927734375 10.310073852539062 -0.3282965364546631 0.15701470416539545 0.931433178938632 -0.9020173113779981 0.24053906715446913 -0.35847695483373193 0 0 0 0 0 0
-16.007049560546875 0.1514892578125 10.163097381591797 -0.3187526478444387 0.6640553008228803 0.6763337245333793 -0.9038707149096936 0.0018455650071406975 -0.4278017351746533 0 0 0 0 0 0
-16.33367919921875 -0.12432861328125 10.16128158569336 -0.3090673310282914 0.9310929913278866 0.1937607452275535 -0.912490335522506 -0.23290191250537565 -0.33633032383263184 0 0 0 0 0 0
-16.6585693359375 -0.359161376953125 10.329249382019043 -0.3021190524121463 0.8890768629507442 -0.34389883677507604 -0.923891146019109 -0.36196295158677033 -0.12412885235146137 0 0 0 0 0 0
-16.9822998046875 -0.4478912353515625 10.610703468322754 -0.29967792585879854 0.565443723905928 -0.7684182037460885 -0.9335997054990812 -0.33964194185539004 0.11417066709417345 0 0 0 0 0 0
-17.3497314453125 -0.326324462890625 10.733824729919434 -0.314408918931255 0.05931883874521979 -0.9474324815343826 -0.9407940832755735 -0.1526812192935813 0.3026465564791689 0 0 0 0 0 0
-17.81280517578125 -0.5044708251953125 10.932717323303223 -0.2772495682482188 -0.2599310068854379 -0.9249694852078629 -0.952312185773492 -0.05332323195913829 0.30042991488988907 0 0 0 0 0 0
-17.987152099609375 -0.037445068359375 11.0662202835083 -0.3149447826180205 -0.6868817533696798 -0.6549833897050231 -0.9478428697621005 0.19197682382430828 0.2544381916212194 0 0 0 0 0 0
-18.35382080078125 0.2851104736328125 10.979387283325195 -0.3255459489833534 -0.9346762177162087 -0.14282927968820125 -0.929701514078528 0.2889032855491786 0.22845127777927332 0 0 0 0 0 0
-18.68463134765625 0.437713623046875 10.777892112731934 -0.33287540054123393 -0.838101369458046 0.4321805898314509 -0.9188006905432122 0.3913754261580379 0.05128905201825137 0 0 0 0 0 0
-19.016632080078125 0.4647064208984375 10.535577774047852 -0.3340085539362327 -0.4185406411361746 0.8445484104625066 -0.9079745816133693 0.38339320769128743 -0.1690911217072395 0 0 0 0 0 0
-19.3482666015625 0.365325927734375 10.310073852539062 -0.3282965364546631 0.15701470416539545 0.931433178938632 -0.9020173113779981 0.24053906715446913 -0.35847695483373193 0 0 0 0 0 0
-19.677642822265625 0.1514892578125 10.163097381591797 -0.3187526478444387 0.6640553008228803 0.6763337245333793 -0.9038707149096936 0.0018455650071406975 -0.4278017351746533 0 0 0 0 0 0
-20.0042724609375 -0.12432861328125 10.16128158569336 -0.3090673310282914 0.9310929913278866 0.1937607452275535 -0.9124680479744781 -0.23287856924190994 -0.33640694614333805 0 0 0 0 0 0
-20.73211669921875 1.5522613525390625 9.899892807006836 0.93442962974829 0 -0.3561478162904744 -0.25957873396587644 -0.6846722195643831 -0.6810600800439369 0 0 0 0 0 0
-17.391876220703125 0.6123046875 7.767819404602051 0 1 0 0 0 1 0 0 0 0 0 0
-17.795379638671875 0.6123046875 7.628643989562988 0 1 0 0 0 1 0 0 0 0 0 0
-18.247283935546875 0.6123046875 7.045490741729736 0 1 0 0 0 1 0 0 0 0 0 0
-17.918914794921875 0.6123046875 6.384866714477539 0 1 0 0 0 1 0 0 0 0 0 0
-20.653472900390625 0.322357177734375 6.762214660644531 0.9617979743048234 0 -0.27376021738583195 0.25719851239552355 -0.34254100529780596 0.9036119658963677 0 0 0 0 0 0
-20.301055908203125 -0.5157318115234375 7.481680870056152 0.3090673310282914 0.9310929913278866 0.1937607452275535 0.9371609992602803 -0.2634895349145127 -0.2286974561642673 0 0 0 0 0 0
-19.750030517578125 -0.61505126953125 7.2559919357299805 0.31883234737854943 0.6640242487219921 0.6763266454711644 0.9357677100679386 -0.33392285076879713 -0.11328866902142645 0 0 0 0 0 0
-19.420684814453125 -0.530029296875 7.00097131729126 0.32836693683226975 0.15697373897128136 0.9314152672512772 0.9284010785459639 -0.23520263610506484 -0.28766500886260027 0 0 0 0 0 0
-19.08905029296875 -0.3315582275390625 6.8434953689575195 0.334013886519796 -0.41850917645142555 0.8445618940242867 0.9179720481835093 -0.05892144956827642 -0.3922442880840284 0 0 0 0 0 0
-18.756256103515625 -0.0902252197265625 6.812389373779297 0.3328651012489515 -0.8381135846367996 0.4321648338513669 0.9076473934944328 0.16049738884278106 -0.38783604429889146 0 0 0 0 0 0
-18.4246826171875 0.13507080078125 6.908025741577148 0.3254656897660073 -0.9347029765982744 -0.14283707615133662 0.9020053015550996 0.3522293762631795 -0.24964154795174895 0 0 0 0 0 0
-18.095703125 0.2837066650390625 7.118101119995117 0.3150174424854751 -0.686873827729894 -0.654956758656321 0.904136405797835 0.42704637415920266 -0.01299053611098768 0 0 0 0 0 0
-17.657012939453125 0.378082275390625 7.306148529052734 0.2772492625423141 -0.2599307202756368 -0.9249696573816526 0.9173611980740516 0.3578077188378844 0.17441923233454035 0 0 0 0 0 0
-17.339569091796875 0.412628173828125 7.424711227416992 0.31440252718426626 0.05931763282838316 -0.94743467813659 0.9411025668547203 -0.1502726479678653 0.30289286873774857 0 0 0 0 0 0
-17.055145263671875 0.021087646484375 7.702608108520508 0.29967847487633326 0.5654447598131221 -0.768417227354824 0.9379778308883251 -0.027450117353397138 0.34560682837484225 0 0 0 0 0 0
-16.7305908203125 -0.3005828857421875 7.704346656799316 0.30218937002820756 0.88905928392419 -0.34388250073268 0.9371441290965936 -0.21105007061437933 0.27788261729272057 0 0 0 0 0 0
-16.40606689453125 -0.5341644287109375 7.527459144592285 0.3089981795616586 0.9311145144124645 0.19376760843345672 0.9389114665270007 -0.33111583188234783 0.09384862226467569 0 0 0 0 0 0
-16.079437255859375 -0.61505126953125 7.2559919357299805 0.31883234737854943 0.6640242487219921 0.6763266454711644 0.9357677100679386 -0.33392285076879713 -0.11328866902142645 0 0 0 0 0 0
-15.750091552734375 -0.530029296875 7.00097131729126 0.32836693683226975 0.15697373897128136 0.9314152672512772 0.9284010785459639 -0.23520263610506484 -0.28766500886260027 0 0 0 0 0 0
-15.41845703125 -0.3315582275390625 6.8434953689575195 0.3339461019428785 -0.41851984057748687 0.8445834144950701 0.9179803540337218 -0.05901465944242083 -0.3922108356216308 0 0 0 0 0 0
-15.205169677734375 -0.81988525390625 5.660609722137451 0.33287557204087354 0.8381018012534943 -0.43217962038267105 -0.31656531530028365 -0.33239671039553387 -0.8884249141413469 0 0 0 0 0 0
-14.737579345703125 -0.207366943359375 3.836315631866455 0.32554589355385843 0.9346760585723739 0.14283044746072895 0.902002963472658 -0.35230032530188715 0.24954986411282118 0 0 0 0 0 0
-14.408599853515625 -0.35601806640625 3.626216411590576 0.31493653029685087 0.6869019017751203 0.6549662275433017 0.9041325565663599 -0.42705036951266756 0.01312638776939101 0 0 0 0 0 0
-13.968719482421875 -0.4395751953125 3.455413341522217 0.2806148012966404 0.25764985970058585 0.924592820158969 0.9180137671463207 -0.35325034666887095 -0.1801802317351806 0 0 0 0 0 0
-13.648162841796875 -0.4888153076171875 3.3257203102111816 0.3104432378747036 -0.05966247530548494 0.9487177583972447 0.9441907576441417 0.134979930199116 -0.30047334594406805 0 0 0 0 0 0
-13.369873046875 -0.087921142578125 3.04663348197937 0.2997583603200341 -0.5654133897510238 0.7684091514997081 0.937110689867125 0.023555535774454538 -0.34823654557088024 0 0 0 0 0 0
-13.042388916015625 0.230316162109375 3.0443625450134277 0.3020494733467508 -0.8890966248159536 0.3439088649509193 0.9371645052459283 0.21086453410498343 -0.2779547415746722 0 0 0 0 0 0
-12.718048095703125 0.4639129638671875 3.221311569213867 0.3089870615404569 -0.9311191586593843 -0.193763020667087 0.93892608772018 0.331093389977173 -0.09378149557295642 0 0 0 0 0 0
-12.39154052734375 0.5447845458984375 3.4927854537963867 0.31883286149226076 -0.6640253194539104 -0.6763253518513034 0.9357654836873328 0.33393253638476145 0.1132785093610096 0 0 0 0 0 0
-12.06201171875 0.459808349609375 3.7477574348449707 0.3283646057516046 -0.15701077105873656 -0.9314098472000036 0.928402505557429 0.23521017346827977 0.28765424031588677 0 0 0 0 0 0
-11.7303466796875 0.2613067626953125 3.905270576477051 0.3339350545811553 0.41854414197674616 -0.8445757399658305 0.9179999606651261 0.058942054352226624 0.3921758616329748 0 0 0 0 0 0
-11.39776611328125 0.01995849609375 3.9363412857055664 0.3328651012489515 0.8381135846367996 -0.4321648338513669 0.9076252843221765 -0.16045231457239437 0.3879064294484557 0 0 0 0 0 0
-11.066131591796875 -0.2053070068359375 3.840733528137207 0.32547768278739536 0.9346992714084342 0.14283399467875268 0.9019825726625766 -0.3522431803575894 0.2497041859972927 0 0 0 0 0 0
-10.7371826171875 -0.3539581298828125 3.6306405067443848 0.315016950574239 0.6868727551513378 0.6549581200975508 0.9041363944438269 -0.4270463986876068 0.01299052000739256 0 0 0 0 0 0
-10.298370361328125 -0.448333740234375 3.442638397216797 0.27725262286748087 0.2598957236648524 0.924978484038318 0.9173703390379179 -0.35777042352135335 -0.1744476572121493 0 0 0 0 0 0
-9.981048583984375 -0.4828338623046875 3.324028491973877 0.31440714342139814 -0.059318503763682855 0.9474330917151006 0.9411002156096852 0.15027987066259774 -0.3028965906923304 0 0 0 0 0 0
-9.696533203125 -0.091339111328125 3.0461385250091553 0.299681082727568 -0.5654496804061533 0.7684125894230338 0.9379617558661 0.027381881576990282 -0.34565586512293756 0 0 0 0 0 0
-9.4803466796875 -1.3714141845703125 2.240666627883911 0.3020599658106683 0.8890893613517853 -0.3439184272258939 -0.09173126732571361 -0.3319876589254312 -0.9388128508472976 0 0 0 0 0 0
-9.06402587890625 -0.5321044921875 0.4730435311794281 0.3090672373302203 0.9310927090540628 0.19376225111056045 0.9389132061237541 -0.3311583723143737 0.0936809682513359 0 0 0 0 0 0
-8.73736572265625 -0.6129913330078125 0.20157954096794128 0.3187631639987486 0.6640390612405717 0.6763447127199618 0.9357775327103907 -0.3339331465235853 -0.1131771307610838 0 0 0 0 0 0
-8.407989501953125 -0.5279693603515625 -0.05341651663184166 0.32836766887091234 0.15697408891772818 0.9314149501960618 0.9283863644198541 -0.23528263077540199 -0.2876470789260546 0 0 0 0 0 0
-8.076263427734375 -0.3295135498046875 -0.21091052889823914 0.3339428657368676 -0.4185157847840044 0.8445867038440027 0.9179821241514894 -0.05901541085734107 -0.3922065795211229 0 0 0 0 0 0
-7.743621826171875 -0.088165283203125 -0.2420004904270172 0.33287529335385363 -0.8381010995856251 0.4321811957361775 0.9076482751213545 0.16050663290097333 -0.3878301554340796 0 0 0 0 0 0
-7.4119873046875 0.137115478515625 -0.14637848734855652 0.3254774749561518 -0.9346986745634823 -0.1428383739246455 0.9019860163815903 0.3522435854521838 -0.2496911747736791 0 0 0 0 0 0
-7.083038330078125 0.2857513427734375 0.06370553374290466 0.31501584377583625 -0.6868703418536822 -0.6549611833169992 0.9041363515496498 0.4270464892232737 -0.012990529187235502 0 0 0 0 0 0
-6.643096923828125 0.3693389892578125 0.23451945185661316 0.2806867108345384 -0.2576458337831574 -0.9245721143832263 0.9180131146558725 0.35320665878588514 0.18026918069691034 0 0 0 0 0 0
-6.32354736328125 0.4205474853515625 0.36865243315696716 0.3104420065010432 0.05970038586558523 -0.9487157764721248 0.9447717459784573 -0.12965234642295137 0.30099271929374066 0 0 0 0 0 0
-6.045166015625 0.0197296142578125 0.6477174758911133 0.2996807224305665 0.5654490005840487 -0.7684132301971343 0.9371199497065117 -0.02345216178074994 0.34821860371019026 0 0 0 0 0 0
-5.7177886962890625 -0.29852294921875 0.6499764919281006 0.30208444923224886 0.8890872911044354 -0.3439022743871085 0.9371579153353125 -0.21090743110923243 0.2779444139163003 0 0 0 0 0 0
-5.3934326171875 -0.5321044921875 0.4730435311794281 0.3090672373302203 0.9310927090540628 0.19376225111056045 0.9389132061237541 -0.3311583723143737 0.0936809682513359 0 0 0 0 0 0
-5.0667877197265625 -0.6129913330078125 0.20157954096794128 0.318797434993211 0.6640309861106647 0.6763364879456436 0.9357715811825453 -0.3339327514039288 -0.11322749397086068 0 0 0 0 0 0
-4.737396240234375 -0.5279693603515625 -0.05341651663184166 0.3283336346211017 0.1569760551255761 0.9314266168054836 0.9283917859316395 -0.23531128578793423 -0.28760613796560436 0 0 0 0 0 0
-4.4056854248046875 -0.3295135498046875 -0.21091052889823914 0.3339428657368676 -0.4185157847840044 0.8445867038440027 0.9179998702272516 -0.058940238524742054 -0.39217634623393066 0 0 0 0 0 0
-4.1925506591796875 -0.817840576171875 -1.3937934637069702 0.3328647582827771 0.8381127210899492 -0.4321667727169104 -0.31649520230267836 -0.3324192276562263 -0.8884414690928293 0 0 0 0 0 0
-3.7249298095703125 -0.2053070068359375 -3.218090534210205 0.3255000996422072 0.9346922467517875 0.14282888011536285 0.9020043202957104 -0.3522583826883116 0.24960416261290289 0 0 0 0 0 0
-3.3959503173828125 -0.3539581298828125 -3.4281764030456543 0.314973105736244 0.6868984758377795 0.6549522322693466 0.9041493576525763 -0.4270177003662915 0.01303160121849507 0 0 0 0 0 0
-2.95721435546875 -0.4483184814453125 -3.6161954402923584 0.27725247000959613 0.2598955803763592 0.9249785701163099 0.9173540922764053 -0.35782150546470537 -0.17442832227222776 0 0 0 0 0 0
-2.639862060546875 -0.4828338623046875 -3.7347943782806396 0.31440714342139814 -0.059318503763682855 0.9474330917151006 0.9411054212673776 0.15023857186368492 -0.30290090390342583 0 0 0 0 0 0
-2.3553619384765625 -0.091339111328125 -4.0126848220825195 0.29968094547150065 -0.565449421426178 0.7684128335277255 0.9379616949309504 0.02738118526274428 -0.3456560856340685 0 0 0 0 0 0
-2.03070068359375 0.2303314208984375 -4.014450550079346 0.30208432538911 -0.8890869266124494 0.3439033254870259 0.9371654771627163 0.21092450157713327 -0.2779059608011612 0 0 0 0 0 0
-1.70635986328125 0.4639129638671875 -3.8375093936920166 0.3090672239447267 -0.9310926687290655 -0.19376246623659243 0.9389131663750797 0.3311584254352798 -0.09368117885012099 0 0 0 0 0 0
-1.37969970703125 0.5447998046875 -3.5660555362701416 0.31883209032194676 -0.6640237133565599 -0.6763272922787482 0.9357677808973823 0.3339226377378952 0.11328871188496761 0 0 0 0 0 0
-1.050323486328125 0.4597930908203125 -3.311051368713379 0.3283658818109394 -0.15701138121907837 -0.9314092944727368 0.9283929247684493 0.23526102191218132 0.2876435794672302 0 0 0 0 0 0
-0.7076568603515625 0.26287841796875 -3.1495015621185303 0.3339711321973768 0.4185415491113213 -0.8445627593768846 0.9180193460341735 0.05879011194886349 0.39215329023741285 0 0 0 0 0 0
-0.3723907470703125 0.017913818359375 -3.1163644790649414 0.3328757435403051 0.8381022330484188 -0.4321786509323927 0.9076368936350078 -0.16048526648917005 0.38786563208473845 0 0 0 0 0 0
-0.040771484375 -0.207366943359375 -3.2119734287261963 0.3254660222659646 0.9347039315029221 0.14283006960493883 0.9020057222842763 -0.35222773420891923 0.24964234460618315 0 0 0 0 0 0
0.2881927490234375 -0.3560028076171875 -3.4220685958862305 0.31498123596652616 0.6868780591998631 0.654969734246422 0.9041489852275755 -0.427019194370193 0.013008464604899619 0 0 0 0 0 0
0.7269287109375 -0.4503631591796875 -3.6100924015045166 0.2772169490777594 0.2598980423925657 0.9249885246339713 0.9173539945417877 -0.35784330459876607 -0.17438411066396053 0 0 0 0 0 0
1.044281005859375 -0.484893798828125 -3.7286953926086426 0.31440678832169594 -0.059318436767803594 0.9474332137500038 0.9411059234775632 0.15023546631967172 -0.302900883879783 0 0 0 0 0 0
1.3287811279296875 -0.0933990478515625 -4.006585597991943 0.2996867232760446 -0.565422175712517 0.7684306286871905 0.9379621696795375 0.02738345777734706 -0.34565461734252995 0 0 0 0 0 0
1.54498291015625 -1.37347412109375 -4.812054634094238 0.3020850065229459 0.8890889313082839 -0.34389754442148235 -0.09165512738094073 -0.3319914175495985 -0.938818958211961 0 0 0 0 0 0
79.74325561523438 6.236037254333496 67.85391235351562 -0.6163011826908195 0.4758109488332773 0.6275163688576368 -0.7032729177749902 0.02603299140423228 -0.710443162035359 0 0 0 0 0 0
79.27422332763672 5.991113662719727 67.76060485839844 -0.2914230673288623 0.9009422136835373 0.3215209533321966 -0.7032785686656525 0.02604914695590996 -0.7104369759510413 0 0 0 0 0 0
78.73875427246094 5.951560974121094 67.74059295654297 0.14417633927619344 0.9837891774713027 -0.10663975564138081 -0.7032657549974154 0.026054489523615238 -0.7104494643699713 0 0 0 0 0 0
78.23616027832031 6.136262893676758 67.6962661743164 0.5249816218954686 0.6928840922792454 -0.49427313434817516 -0.7032739444846658 0.026056087282923177 -0.7104412989997724 0 0 0 0 0 0
77.85323333740234 6.478907108306885 67.53927612304688 0.7063554234964036 0.1387323784948854 -0.6941291975233203 -0.7032686149722771 0.026065503834467846 -0.7104462292846873 0 0 0 0 0 0
77.63131713867188 6.853175163269043 67.22406005859375 0.6193555183669213 -0.4681239192756573 -0.6302846484489687 -0.7032738628959373 0.0260688501007183 -0.7104409115625682 0 0 0 0 0 0
77.55058288574219 7.120734214782715 66.76516723632812 0.29707051680072044 -0.8971326950929686 -0.3269587671908796 -0.7032865206031522 0.026033519152534428 -0.7104296768987389 0 0 0 0 0 0
77.5375747680664 7.183793067932129 66.23175048828125 -0.1380920196559835 -0.9853015806136024 0.1005554043682797 -0.7032610516142119 0.026057757525023113 -0.7104540003091263 0 0 0 0 0 0
77.49308013916016 7.022252082824707 65.72124481201172 -0.5207829072823816 -0.6991416116429501 0.4898838335277135 -0.7032689520593117 0.0260523093034593 -0.7104463795736835 0 0 0 0 0 0
77.32987976074219 6.70134162902832 65.32241821289062 -0.705624246285696 -0.14736546104472134 0.693092954764958 -0.7032697053829555 0.026052978868076986 -0.7104456093063498 0 0 0 0 0 0
77.00582885742188 6.346839427947998 65.08157348632812 -0.6223839751037756 0.46039481750646255 0.6329887831132666 -0.7032674405660082 0.02607051171594808 -0.7104472080729187 0 0 0 0 0 0
76.53990173339844 6.09728479385376 64.98502349853516 -0.30269608070992793 0.8932466928038598 0.3323934844695598 -0.7032690759197671 0.02605206057254699 -0.7104462660855368 0 0 0 0 0 0
76.0049819946289 6.0513458251953125 64.96424102783203 0.13198865595399983 0.9867391810399205 -0.09447107123412733 -0.7032672892069507 0.026051987822443876 -0.7104480374116088 0 0 0 0 0 0
75.5001449584961 6.2303338050842285 64.92192077636719 0.5165456589400323 0.7053460345853051 -0.4854560265616167 -0.7032635572528462 0.026050528408279122 -0.710451785140781 0 0 0 0 0 0
75.1130599975586 6.570106029510498 64.7689437866211 0.7048397158972548 0.15598851163660138 -0.6920032941621557 -0.7032718055579206 0.0260581157201777 -0.7104433419438996 0 0 0 0 0 0
74.88663482666016 6.945436000823975 64.45822143554688 0.6253624149275204 -0.45263649385725396 -0.6356430243655883 -0.7032714330006755 0.0260459569968935 -0.7104441566015534 0 0 0 0 0 0
74.80277252197266 7.217587471008301 64.00260925292969 0.3082851732351079 -0.889297725100142 -0.3378014329382156 -0.7032594567179957 0.026074775220962663 -0.7104549546831848 0 0 0 0 0 0
74.78917694091797 7.287023544311523 63.469993591308594 -0.12590407843976587 -0.9880971530908136 0.08838653226630434 -0.7032676109757416 0.026060471531007896 -0.7104474077481419 0 0 0 0 0 0
74.74688720703125 7.131223201751709 62.95752716064453 -0.5122581623641713 -0.7115075521272506 0.4809870875160476 -0.7032684604387185 0.02605638118858991 -0.7104467168982552 0 0 0 0 0 0
74.58782958984375 6.813234806060791 62.5546989440918 -0.7040116858906774 -0.16459713490057365 0.6908511629228746 -0.703262067736989 0.026046299182745713 -0.7104534146453079 0 0 0 0 0 0
74.2682876586914 6.45772647857666 62.309356689453125 -0.6282837264134489 0.4448423783104056 0.6382592087727152 -0.7032735505566808 0.026055599088134568 -0.710441706858176 0 0 0 0 0 0
73.80553436279297 6.203619480133057 62.209503173828125 -0.31387339787626367 0.8852782879263655 0.34317028285061596 -0.7032735025740056 0.02605247806829904 -0.7104418688139033 0 0 0 0 0 0
73.27122497558594 6.15131139755249 62.18787384033203 0.1197815360425887 0.9893838051973199 -0.08229258555027849 -0.7032787444075841 0.02605271847810166 -0.7104366710160679 0 0 0 0 0 0
72.76422882080078 6.324533462524414 62.147483825683594 0.507930875868804 0.717610911748075 -0.4764879900682136 -0.7032720657034851 0.02605298924421968 -0.7104432724381262 0 0 0 0 0 0
72.37301635742188 6.6613335609436035 61.99848175048828 0.7031111345679982 0.17319926760954396 -0.6896642271033199 -0.7032752015273007 0.026073927064384488 -0.7104394001209222 0 0 0 0 0 0
72.14207458496094 7.037614345550537 61.6922721862793 0.6311622329709049 -0.4370127551850767 -0.6408229767078655 -0.703270850290165 0.026065268378714684 -0.7104440251817831 0 0 0 0 0 0
72.05500793457031 7.3142781257629395 61.239986419677734 0.3194239285272552 -0.8811933820963829 -0.3485205549659205 -0.7032728313965423 0.026057382071253635 -0.710442353368015 0 0 0 0 0 0
72.04075622558594 7.390073776245117 60.708255767822266 -0.11365899215248434 -0.9905941927016899 0.07618909953903318 -0.7032784086814737 0.026051390213348624 -0.7104370520675325 0 0 0 0 0 0
72.00059509277344 7.2400641441345215 60.19389343261719 -0.5035772793687388 -0.7236503446704731 0.47195349597379255 -0.7032726037009324 0.02605711615421833 -0.7104425885189015 0 0 0 0 0 0
71.84564208984375 6.925097942352295 59.787113189697266 -0.7021722330764496 -0.18178248054718957 0.6884106949071482 -0.703269392861502 0.026063815923953848 -0.7104455211792785 0 0 0 0 0 0
71.53063201904297 6.568694114685059 59.537254333496094 -0.634002047331543 0.42914943410276296 0.6433289727570882 -0.7032663112077835 0.026051881721959387 -0.710449009415132 0 0 0 0 0 0
71.07109832763672 6.310115337371826 59.434043884277344 -0.3249564217430394 0.8770433059893853 0.35383380758086075 -0.7032660905471623 0.026053561002594948 -0.7104491662642687 0 0 0 0 0 0
70.5374984741211 6.251457691192627 59.41149139404297 0.10753625824168835 0.9917277739107601 -0.07008548792285985 -0.7032833998402914 0.02605300464914176 -0.7104320519640376 0 0 0 0 0 0
70.02840423583984 6.4188642501831055 59.372962951660156 0.49917440526063 0.7296451221749821 -0.4673787637654839 -0.7032795213159759 0.026062885809546518 -0.7104355290107967 0 0 0 0 0 0
69.63309478759766 6.752593040466309 59.2278938293457 0.7011801994378984 0.1903535822422672 -0.6871039525746927 -0.7032613053944122 0.026040415356689297 -0.7104543849558524 0 0 0 0 0 0
69.39762878417969 7.1297125816345215 58.92620086669922 0.636776862276216 -0.42125907996318196 -0.6457987420382844 -0.7032652851334734 0.026074534035940993 -0.7104491941025362 0 0 0 0 0 0
69.30730438232422 7.4108076095581055 58.477298736572266 0.33046687256241297 -0.8728196872416626 -0.35913429201648817 -0.7032718325533557 0.02604962527727843 -0.7104436265883158 0 0 0 0 0 0
69.29232025146484 7.492942810058594 57.946533203125 -0.10141363559162679 -0.9927859913609967 0.06396287887088968 -0.7032549734063139 0.02606462211113741 -0.7104597651193826 0 0 0 0 0 0
69.25421905517578 7.3487725257873535 57.43034744262695 -0.4947480379476246 -0.7355786474311556 0.4627617447351582 -0.7032606707206351 0.026055252334656085 -0.7104544692261003 0 0 0 0 0 0
69.10334014892578 7.036927700042725 57.019649505615234 -0.7001305635163617 -0.1989102650162317 0.6857491527529831 -0.7032601287758518 0.026039915234404677 -0.7104555679905377 0 0 0 0 0 0
68.79286193847656 6.679740905761719 56.76526641845703 -0.6395158510569071 0.4133266247614081 0.6482133734429595 -0.7032696273974222 0.02605282098292628 -0.7104456922940154 0 0 0 0 0 0
68.33661651611328 6.41677188873291 56.65864944458008 -0.33595920730871476 0.8685307968866246 0.36439767546457336 -0.7032761455008569 0.02603312901167445 -0.7104399618288088 0 0 0 0 0 0
67.80378723144531 6.351785182952881 56.635093688964844 0.09525302541284708 0.9937707228679262 -0.0578499051015549 -0.7032699737192565 0.026051677323760635 -0.7104453914084707 0 0 0 0 0 0
67.29267120361328 6.513328552246094 56.59835433959961 0.4902655625424501 0.741457760281937 -0.4581266941607185 -0.7032765989522147 0.026058694596815535 -0.7104385756714761 0 0 0 0 0 0
66.893310546875 6.843886852264404 56.457183837890625 0.6990234954474001 0.20745137273227593 -0.6843464625202594 -0.703266265810731 0.026062013700555633 -0.7104486827452792 0 0 0 0 0 0
66.65328979492188 7.221734046936035 56.16001510620117 0.6422041603826207 -0.4053675343882333 -0.6505774192601964 -0.703268587260441 0.026047263163942635 -0.7104469257125208 0 0 0 0 0 0
66.5596694946289 7.507177352905273 55.71454620361328 0.3413978833066656 -0.8641854459387902 -0.3696363081480265 -0.7032645446288557 0.026053831491740658 -0.7104506866296691 0 0 0 0 0 0
66.54386138916016 7.595630645751953 55.18482208251953 -0.08911137396687847 -0.9946780553358777 0.05171778478407341 -0.7032575722471247 0.026063684033438582 -0.7104572270388172 0 0 0 0 0 0
66.50774383544922 7.4573469161987305 54.66688537597656 -0.4857623748161217 -0.7472783132920069 0.4534424304103608 -0.7032597295349091 0.026049733473155482 -0.710455603257842 0 0 0 0 0 0
66.36090087890625 7.148720741271973 54.25231170654297 -0.6978635459688357 -0.21597830562770548 0.6828907985219805 -0.7032659265009421 0.026039629623784557 -0.7104498394058709 0 0 0 0 0 0
66.05497741699219 6.790862560272217 53.99340057373047 -0.6448379406448251 0.397379139782465 0.6528965075497718 -0.7032671416803403 0.026059786785832116 -0.710447897417848 0 0 0 0 0 0
65.60206604003906 6.523586750030518 53.88331985473633 -0.3468311125537684 0.859760739723981 0.3748595067408429 -0.7032693356062827 0.026055741759614004 -0.7104458740236683 0 0 0 0 0 0
65.0700912475586 6.45229434967041 53.85868835449219 0.08295059194368457 0.9955096233131081 -0.045604705757036054 -0.7032719123769161 0.02605425363833967 -0.7104433778486956 0 0 0 0 0 0
64.55702209472656 6.607928276062012 53.82366180419922 0.481205977827642 0.7530466333230643 -0.44873330046224663 -0.70327504731386 0.026056805482881577 -0.7104401809538332 0 0 0 0 0 0
64.15364837646484 6.935218811035156 53.686344146728516 0.696656131359487 0.22448563666101828 -0.6813783336532873 -0.703263903092063 0.026045116784592082 -0.7104516412109937 0 0 0 0 0 0
63.90907669067383 7.313681602478027 53.39371109008789 0.6474224896546658 -0.389359963479804 -0.6551663443190284 -0.7032701766666543 0.026059828248074835 -0.7104448915735363 0 0 0 0 0 0
63.81208801269531 7.603389739990234 52.95172882080078 0.35223007514281807 -0.8552801684831097 -0.38003921845565874 -0.7032659461681331 0.026058265352271254 -0.71044913665024 0 0 0 0 0 0
63.795387268066406 7.698136806488037 52.423118591308594 -0.07678033094638044 -0.9962667557056202 0.03946304924309058 -0.7032640390415621 0.026057560112913023 -0.7104510503559764 0 0 0 0 0 0
63.76118469238281 7.565784931182861 51.90350341796875 -0.47662638029523574 -0.7587536635972694 0.44398217484982794 -0.7032683894471692 0.0260566269458505 -0.7104467781590609 0 0 0 0 0 0
63.61833572387695 7.260474681854248 51.4850959777832 -0.6953910856720538 -0.2329791879988363 0.6798175754768666 -0.7032661039388789 0.026049818406395222 -0.7104492902464074 0 0 0 0 0 0
63.31697082519531 6.90205717086792 51.22165298461914 -0.6499580694714437 0.38130903608697225 0.6573871971124611 -0.7032706711530634 0.026069098621999912 -0.7104440619731834 0 0 0 0 0 0
62.86745071411133 6.630558967590332 51.108062744140625 -0.35760876818216725 0.8507322623144266 0.38518902733153065 -0.7032737267035972 0.026045300286132434 -0.7104419101245641 0 0 0 0 0 0
62.33641052246094 6.552985191345215 51.082271575927734 0.07061002432898111 0.9969469770787228 -0.03333090694621678 -0.703266758042354 0.026057348178358974 -0.7104483666238589 0 0 0 0 0 0
61.821468353271484 6.702665328979492 51.048885345458984 0.4720032481740533 0.7644077011563458 -0.4391967669803745 -0.7032680879857618 0.0260577981628742 -0.7104470336173936 0 0 0 0 0 0
61.41411590576172 7.026591777801514 50.915382385253906 0.6940738867607809 0.24145338880008163 -0.6782047631458653 -0.7032668746803968 0.02604880737761856 -0.710448564367239 0 0 0 0 0 0
61.164981842041016 7.405557632446289 50.62728500366211 0.6524533311519023 -0.3732294836604143 -0.6595486359589916 -0.7032681980337304 0.026055490879539952 -0.7104470093042944 0 0 0 0 0 0
61.064571380615234 7.6994452476501465 50.188838958740234 0.3629581902482485 -0.8461160615210942 -0.3903190522735835 -0.7032744714135305 0.02604779791136677 -0.7104410813586078 0 0 0 0 0 0
61.046897888183594 7.800460338592529 49.66142272949219 -0.0644303010913493 -0.9975514826644397 0.027198818637141534 -0.7032743579302413 0.02605281321822245 -0.710441009796889 0 0 0 0 0 0
61.0145378112793 7.674083709716797 49.14020538330078 -0.4673469737932894 -0.7699959816843568 0.43438806875442376 -0.703270105694163 0.026055024536606745 -0.7104451380179315 0 0 0 0 0 0
60.87564468383789 7.372186183929443 48.7180061340332 -0.6927045850685077 -0.24990808485764973 0.6765399522185281 -0.7032686392639989 0.02605745845863611 -0.710446500368916 0 0 0 0 0 0
60.57884979248047 7.013321399688721 48.45002746582031 -0.6548979233274784 0.3651238789666066 0.6616594766416749 -0.7032674353766626 0.026036566001368645 -0.7104484580668664 0 0 0 0 0 0
60.13277053833008 6.737687110900879 48.33287048339844 -0.3682785297968889 0.8414356647838511 0.3954199622178938 -0.7032653430440414 0.026060749667933928 -0.7104496425503305 0 0 0 0 0 0
59.602745056152344 6.653858661651611 48.305850982666016 0.05825043436030026 0.9980798986608013 -0.021057131477986733 -0.7032652223477925 0.026055495759258886 -0.7104499547306968 0 0 0 0 0 0
59.08599853515625 6.797542572021484 48.27403259277344 0.4626466329635877 0.7755317794584086 -0.42954458680971624 -0.7032827077425753 0.026058147191663446 -0.7104325484908538 0 0 0 0 0 0
58.674713134765625 7.118009090423584 48.1442985534668 0.6912783515526196 0.25834485148007463 -0.6748275175097939 -0.703274560394169 0.026065060666110793 -0.7104403601393017 0 0 0 0 0 0
58.42100524902344 7.497365474700928 47.86073684692383 0.6572830753499007 -0.3569895584738009 -0.6637299254962499 -0.7032670755373055 0.026051802926796118 -0.7104482557016163 0 0 0 0 0 0
58.31712341308594 7.795346260070801 47.425880432128906 0.3735715699042565 -0.836693934709136 -0.4004841342428098 -0.7032672199193731 0.026057878308815157 -0.7104478899714737 0 0 0 0 0 0
58.29840087890625 7.902601718902588 46.89973068237305 -0.052070632746554386 -0.9985318689758151 0.014925007371494069 -0.7032666389586292 0.026054339549182834 -0.7104485948458826 0 0 0 0 0 0
58.26780319213867 7.7822418212890625 46.37698745727539 -0.4579268907776019 -0.7810074872633644 0.4246531143666838 -0.7032662689035359 0.026056348461670292 -0.7104488874840637 0 0 0 0 0 0
58.1328239440918 7.483851909637451 45.95104217529297 -0.6898042188572364 -0.2667649563939297 0.6730576481156 -0.7032731803786628 0.026062270930601837 -0.7104418285785409 0 0 0 0 0 0
57.840606689453125 7.12465238571167 45.67852020263672 -0.6596237100076824 0.3488244234087751 0.6657462600940665 -0.703268170394092 0.0260455946874706 -0.7104473995363221 0 0 0 0 0 0
57.39802551269531 6.844968318939209 45.55775451660156 -0.3788370366791776 0.8318912853384309 0.4055112686697037 -0.703270303193398 0.026047518830341926 -0.710445217739587 0 0 0 0 0 0
56.86908721923828 6.754914283752441 45.52942657470703 0.04588127153129448 0.9989082850054707 -0.008783340486452343 -0.7032620366968398 0.02605484917603626 -0.7104531318640428 0 0 0 0 0 0
56.35061264038086 6.892561435699463 45.49909973144531 0.45315734492334114 0.786421160140682 -0.4197501395175608 -0.7032807965483008 0.0260571415939793 -0.710434477329429 0 0 0 0 0 0
55.93543243408203 7.209473133087158 45.37308883666992 0.6882786195080959 0.2751621972677698 -0.6712364018159347 -0.7032714628200611 0.02606148010473388 -0.7104435578127809 0 0 0 0 0 0
55.677146911621094 7.589107990264893 45.09407043457031 0.6619075564786185 -0.3406383461960283 -0.6677154362281428 -0.7032695020797464 0.026057341766058558 -0.7104456505494228 0 0 0 0 0 0
55.56974411010742 7.89109468460083 44.662845611572266 0.38406388029490196 -0.8270243266588156 -0.41051881682494906 -0.7032700524396905 0.02605782089682828 -0.7104450881747189 0 0 0 0 0 0
55.549888610839844 8.004560470581055 44.13804626464844 -0.039682442040662624 -0.9992088496970454 0.002641681433612965 -0.7032733669184472 0.02605145368847879 -0.7104420406647598 0 0 0 0 0 0
55.52098846435547 7.890257835388184 43.61384582519531 -0.44836807246816374 -0.7917751961841291 0.41479887933644116 -0.7032662199419998 0.02605367848361428 -0.7104490338693995 0 0 0 0 0 0
55.3898811340332 7.595468521118164 43.184200286865234 -0.6867016208414155 -0.2835364537571331 0.6693638497294291 -0.7032679960738069 0.026055152290553593 -0.7104472216410225 0 0 0 0 0 0
55.10224151611328 7.236047267913818 42.907135009765625 -0.6641465662207812 0.3324225654008206 0.6696301789715594 -0.7032699504643576 0.026055044123005286 -0.7104452909616675 0 0 0 0 0 0
54.6632080078125 6.952402114868164 42.78271484375 -0.3892717146342429 0.8220930712126593 0.4154882843713573 -0.7032723990213203 0.026051418479258723 -0.7104430000851689 0 0 0 0 0 0
54.135440826416016 6.856152534484863 42.75300216674805 0.03349304266424119 0.999432822254408 0.0034999848114397824 -0.7032682377487957 0.02605592498069407 -0.7104469540698334 0 0 0 0 0 0
53.61530685424805 6.9877238273620605 42.72408676147461 0.443536047016975 0.7970747982204702 -0.40981403226140556 -0.7032622202070463 0.026055991385418347 -0.7104529083214305 0 0 0 0 0 0
53.1962776184082 7.300987720489502 42.60175704956055 0.6850679819742608 0.29189060148651697 -0.6674441825632712 -0.703270079481368 0.026055419544929754 -0.71044514947926 0 0 0 0 0 0
52.93341064453125 7.680788516998291 42.32727813720703 0.6663393019950088 -0.32418249610180305 -0.6714891241397799 -0.7032672541479313 0.026046093397902658 -0.7104482882391487 0 0 0 0 0 0
52.82243347167969 7.986691474914551 41.89973831176758 0.39444852295483074 -0.8170947604292983 -0.42043610123030556 -0.703268310186433 0.02606098359692926 -0.7104466968193179 0 0 0 0 0 0
52.80137252807617 8.106337547302246 41.37635803222656 -0.027294135258173136 -0.9995809466863539 -0.009641638974847324 -0.7032678008172104 0.026055882509234404 -0.7104473881438297 0 0 0 0 0 0
52.77408981323242 7.998128414154053 40.85078048706055 -0.4386700585019785 -0.8023052020012706 0.40481470158032923 -0.7032714869402589 0.026057538399221036 -0.7104436785202684 0 0 0 0 0 0
52.646812438964844 7.707033634185791 40.41748046875 -0.683387075825812 -0.3002252042661452 0.6654674532368938 -0.7032658296920715 0.026053104345020634 -0.7104494412282341 0 0 0 0 0 0
52.36375427246094 7.347502708435059 40.13587188720703 -0.668466400776446 0.31591913407169 0.6733110512685628 -0.7032727507053498 0.026064755682553852 -0.7104421627596011 0 0 0 0 0 0
51.928321838378906 7.059985637664795 40.007747650146484 -0.39959860535122743 0.8120396123618686 0.4253382448787557 -0.7032713033853855 0.02604903128707617 -0.7104441721934428 0 0 0 0 0 0
51.40180206298828 6.957573413848877 39.97657775878906 0.021085736824100226 0.9996532297934039 0.01577377146407136 -0.703276902278555 0.02604444235187888 -0.7104387980284154 0 0 0 0 0 0
50.88008499145508 7.083032131195068 39.94900131225586 0.433769736779428 0.8074817627733392 -0.3997712073708742 -0.7032603890188832 0.026048416411993718 -0.7104549987433663 0 0 0 0 0 0
50.457252502441406 7.3925557136535645 39.83030319213867 0.681646118216066 0.30853294003988674 -0.6634500692827702 -0.7032748675220776 0.02606910457666174 -0.7104399077320863 0 0 0 0 0 0
50.189796447753906 7.772409915924072 39.560367584228516 0.6705568454315713 -0.3076314115669778 -0.6750677237597487 -0.7032693978854072 0.02605984493840071 -0.7104456618768838 0 0 0 0 0 0
50.0751953125 8.082139015197754 39.13655090332031 0.40471997280888394 -0.8069198633138245 -0.43021166627507335 -0.7032737709899557 0.026039183117050592 -0.7104420905184067 0 0 0 0 0 0
50.052852630615234 8.207930564880371 38.61466979980469 -0.014896411523795606 -0.9996486339189871 -0.021925000059670997 -0.7032603428350177 0.026061928780212865 -0.7104545489078304 0 0 0 0 0 0
50.0271110534668 8.105853080749512 38.08778762817383 -0.42883774896193777 -0.8125918398301859 0.39470582324897546 -0.7032691149494968 0.026053801240522395 -0.7104461636176741 0 0 0 0 0 0
49.90361785888672 7.818543910980225 37.650882720947266 -0.679863205302663 -0.31681817055168543 0.6613715059509837 -0.7032651896968166 0.026048296380182308 -0.7104502510495655 0 0 0 0 0 0
49.62514877319336 7.459015846252441 37.3647346496582 -0.6725962435074074 0.2993194903898293 0.676773326818143 -0.7032675109227184 0.026049456564631448 -0.710447910752964 0 0 0 0 0 0
49.193363189697266 7.167717933654785 37.23285675048828 -0.40980097366397694 0.801737348553989 0.435063657316577 -0.7032689595765943 0.026054734691416937 -0.7104462831884018 0 0 0 0 0 0
48.66816329956055 7.059176921844482 37.20015335083008 0.008687971852864311 0.9995685662259703 0.028057094611555217 -0.7032688111479087 0.026054283504610726 -0.7104464466641158 0 0 0 0 0 0
48.14494323730469 7.178487777709961 37.17384338378906 0.423880256986597 0.8176434340451072 -0.3895956140665615 -0.7032550221312529 0.026055115340031035 -0.7104600655996007 0 0 0 0 0 0
47.718345642089844 7.484179973602295 37.0587272644043 0.6780240552011527 0.32508123488881924 -0.6592462144690289 -0.7032644019028468 0.02604901630485604 -0.7104510044793945 0 0 0 0 0 0
47.44630432128906 7.863974571228027 36.793331146240234 0.6745798164554258 -0.2909831771712857 -0.6784326509199482 -0.7032682361096776 0.02604965014977592 -0.7104471857965636 0 0 0 0 0 0
47.328033447265625 8.17743968963623 36.373287200927734 0.41484830237622217 -0.7965003959125861 -0.43987271491496255 -0.7032697292715215 0.026058106989560077 -0.7104453975855438 0 0 0 0 0 0
47.304325103759766 8.309342384338379 35.85297393798828 -0.002479549686349144 -0.9994123033629065 -0.034189175482929546 -0.7032768859942763 0.02604843084468704 -0.7104386679205485 0 0 0 0 0 0
47.280052185058594 8.213428497314453 35.32487106323242 -0.41887356323528346 -0.822632554307812 0.38447447069419544 -0.7032720110064918 0.026056321378264094 -0.7104432043809817 0 0 0 0 0 0
47.16029739379883 7.929996013641357 34.884403228759766 -0.6761294257912084 -0.33331897040284214 0.6570749299348134 -0.7032710181848068 0.02606310940626896 -0.7104439381889203 0 0 0 0 0 0
46.886417388916016 7.570583820343018 34.593719482421875 -0.6765107918793823 0.2826297235637172 0.6800394016739236 -0.7032686448120532 0.026051506009510894 -0.7104467131733768 0 0 0 0 0 0
46.45832824707031 7.275596618652344 34.45804977416992 -0.41987498027870795 0.7912006940651763 0.44464194881582847 -0.7032722568439289 0.026044604024061047 -0.7104433906757645 0 0 0 0 0 0
45.93452835083008 7.160963535308838 34.423736572265625 -0.003719333382708455 0.9991798397600997 0.040321388569464996 -0.7032740222036622 0.02605163911874807 -0.7104413851914242 0 0 0 0 0 0
45.40987777709961 7.274092674255371 34.398616790771484 0.4138471593552978 0.8275572279647555 -0.3793145965248903 -0.7032663065856677 0.026053920856387774 -0.7104489392133421 0 0 0 0 0 0
44.97956848144531 7.575863838195801 34.28702926635742 0.6741839623099115 0.34153135470615975 -0.6548528985327032 -0.7032722217390497 0.026056785199936577 -0.710442978764141 0 0 0 0 0 0
44.702938079833984 7.955486297607422 34.02617263793945 0.6783867324014419 -0.27424814102494255 -0.6816006150569833 -0.7032702772704996 0.026071598575937903 -0.7104443601405881 0 0 0 0 0 0
44.5809440612793 8.272594451904297 33.60994338989258 0.42486984091596425 -0.7858342071180529 -0.44938871503764377 -0.7032688870137161 0.026047421657440596 -0.7104466231769201 0 0 0 0 0 0
44.55580139160156 8.41057014465332 33.091278076171875 0.009927743187913143 -0.9988706779007028 -0.04646298252787015 -0.7032653947648869 0.026057201738069195 -0.7104497214889801 0 0 0 0 0 0
44.532920837402344 8.320854187011719 32.56201934814453 -0.4087902311734635 -0.8324147841617019 0.37413389849915196 -0.7032715371087946 0.02605608425349536 -0.7104436821916345 0 0 0 0 0 0
44.41685485839844 8.041387557983398 32.118045806884766 -0.6721882464226275 -0.3497161776702537 0.652580689606259 -0.7032758182267362 0.026063581219406294 -0.710439169268935 0 0 0 0 0 0
44.14756393432617 7.682203769683838 31.82282829284668 -0.6802216702455673 0.26585136363867 0.6830970149106129 -0.7032687397672429 0.026049785894819346 -0.7104466822507008 0 0 0 0 0 0
43.72321701049805 7.383620262145996 31.683320999145508 -0.42982082526991733 0.7804139994740925 0.45410136268143736 -0.7032687764502608 0.026056819882227557 -0.7104463879898176 0 0 0 0 0 0
43.200889587402344 7.262932300567627 31.64732551574707 -0.016117097087319725 0.9984863510699123 0.05258560552632009 -0.7032622174505013 0.026064487184591128 -0.7104525994142104 0 0 0 0 0 0
42.674888610839844 7.36984920501709 31.62331771850586 0.40369889942362924 0.8372155463942195 -0.3689137127838691 -0.703266101288637 0.026054616056599016 -0.710449116939717 0 0 0 0 0 0
42.240909576416016 7.667610168457031 31.515214920043945 0.6701467662154297 0.35787453793445906 -0.6502531251975645 -0.7032683637134496 0.02604992706278662 -0.7104470493286821 0 0 0 0 0 0
41.959693908691406 8.046948432922363 31.258888244628906 0.6819932569286348 -0.2574319027584212 -0.6845538787751128 -0.7032707979963722 0.02606978038250245 -0.7104439113936821 0 0 0 0 0 0
41.83393478393555 8.367605209350586 30.84651756286621 0.4347501768823824 -0.7749319144836117 -0.4587731592143349 -0.7032679767193003 0.02605171536773721 -0.7104473668383465 0 0 0 0 0 0
41.80727767944336 8.511615753173828 30.32956886291504 0.022335066692773763 -0.9980255751204614 -0.05870345987505077 -0.7032776827104209 0.026048838187950653 -0.7104378642995589 0 0 0 0 0 0
41.78571319580078 8.42812728881836 29.799240112304688 -0.39857815069321145 -0.8419503286105703 0.3636689455294918 -0.7032636655990867 0.02605423071145365 -0.7104515421266747 0 0 0 0 0 0
41.67329025268555 8.152714729309082 29.351808547973633 -0.6680500826452404 -0.36600656811991944 0.6478798338972791 -0.7032694230663485 0.026053184585621794 -0.7104458812273267 0 0 0 0 0 0
41.40858459472656 7.793871879577637 29.052061080932617 -0.683720103104823 0.24899211606328595 0.6859517087584647 -0.7032709488054301 0.026064152960982974 -0.7104439685835449 0 0 0 0 0 0
40.9880256652832 7.491786003112793 28.908676147460938 -0.43963491149229506 0.7693944737572619 0.463414812397001 -0.7032678407066643 0.02606030508855636 -0.7104471864441981 0 0 0 0 0 0
40.46725082397461 7.365083694458008 28.870925903320312 -0.028524416775203024 0.9974891271446937 0.06482128412606317 -0.7032650476462815 0.02605748656307902 -0.7104500546506336 0 0 0 0 0 0
39.93997573852539 7.465758800506592 28.847951889038086 0.39341919913120016 0.8466230389419535 -0.3584002841623551 -0.7032756215307614 0.026056902591581724 -0.7104396089660641 0 0 0 0 0 0
39.502376556396484 7.759421348571777 28.7432804107666 0.6659031667299047 0.37411097942238775 -0.6454563870740663 -0.7032693181841787 0.026054853682312664 -0.7104459238396358 0 0 0 0 0 0
39.21657180786133 8.138362884521484 28.491477966308594 0.6853971238865033 -0.24053367807238746 -0.6872949383496711 -0.703269791908389 0.026052605789466866 -0.7104455373360508 0 0 0 0 0 0
39.087005615234375 8.462474822998047 28.0830078125 0.44449694315169874 -0.7637934530409097 -0.4680192609504858 -0.7032685810001835 0.02605671885234624 -0.7104465851706503 0 0 0 0 0 0
39.05876159667969 8.612479209899902 27.56785011291504 0.034723304997552266 -0.9968764271887224 -0.07093434292002025 -0.703264576030869 0.0260570627874079 -0.7104505370390082 0 0 0 0 0 0
39.03843307495117 8.535245895385742 27.03652572631836 -0.3882410899420417 -0.851228841704109 0.35309816642358377 -0.7032631903775436 0.02605214544051927 -0.7104520890094879 0 0 0 0 0 0
38.929603576660156 8.263975143432617 26.5856876373291 -0.6637072423660962 -0.3821836013768418 0.6429839743488317 -0.7032668660958987 0.026051145248419075 -0.710448487142382 0 0 0 0 0 0
38.66948318481445 7.905585765838623 26.28141975402832 -0.6870172013264075 0.23205629843175654 0.6885907633999907 -0.7032701536177806 0.026058918687601667 -0.7104449477526436 0 0 0 0 0 0
38.25275802612305 7.600092887878418 26.13411521911621 -0.4493230604859376 0.758135509127407 0.47258791469490385 -0.703266809884998 0.026057724138251248 -0.7104483015159604 0 0 0 0 0 0
37.73360824584961 7.467417240142822 26.09453773498535 -0.040922168384349936 0.996188009746301 0.07703781780675338 -0.7032710611355263 0.026051010997461696 -0.7104443394069104 0 0 0 0 0 0
37.20513153076172 7.561822891235352 26.072521209716797 0.3830241186846947 0.855771086424501 -0.34777632487799126 -0.7032779515590671 0.026057376666758284 -0.7104372850379752 0 0 0 0 0 0
36.76396560668945 7.851301670074463 25.971227645874023 0.6614604392912022 0.3902312845873206 -0.640460484169023 -0.703265061579877 0.026053104664987083 -0.7104502015612122 0 0 0 0 0 0
36.47357940673828 8.22973346710205 25.72394371032715 0.688584486140922 -0.2235636977720736 -0.6898338049737193 -0.7032702825386467 0.02606703196129572 -0.7104445224947132 0 0 0 0 0 0
36.34015655517578 8.557204246520996 25.31941032409668 0.45411213403724326 -0.7524221399738829 -0.47711957934805344 -0.7032691009316943 0.026055479655381387 -0.7104461159402974 0 0 0 0 0 0
36.31024932861328 8.713160514831543 24.806119918823242 0.047111480681068574 -0.9954231483114181 -0.08314604135989805 -0.7032620952590898 0.026058897415311557 -0.710452925419618 0 0 0 0 0 0
36.291080474853516 8.642210006713867 24.273876190185547 -0.377788661288772 -0.8602478797536665 0.3424168698837117 -0.7032601582723439 0.026052856310523127 -0.7104550643529971 0 0 0 0 0 0
36.185794830322266 8.375165939331055 23.819686889648438 -0.6591599800160179 -0.3982468589294236 0.6378930632152465 -0.7032671882189727 0.02605338784450986 -0.7104480860389474 0 0 0 0 0 0
35.93025588989258 8.017341613769531 23.51090431213379 -0.690104665620199 0.21505033903471502 0.6910201894085928 -0.7032694435175986 0.026053862991941464 -0.7104458361040936 0 0 0 0 0 0
35.51740264892578 7.708538055419922 23.359642028808594 -0.4588627747611103 0.74665218010814 0.48161756184580345 -0.7032665008799138 0.026065118409293868 -0.7104483361529055 0 0 0 0 0 0
34.99995422363281 7.5699334144592285 23.31816291809082 -0.05330092080030859 0.9945833565582005 0.08923541168876141 -0.703270120588638 0.02605304459142465 -0.7104451958840738 0 0 0 0 0 0
34.47035598754883 7.658043384552002 23.297025680541992 0.3725144996327221 0.8646590253197008 -0.33704260486853505 -0.7032681017884906 0.026052565789417205 -0.7104472118480032 0 0 0 0 0 0
34.025672912597656 7.9432525634765625 23.199058532714844 0.6568122574427016 0.40623283086337547 -0.6352735990120716 -0.7032658936760381 0.026053886898713727 -0.7104493491935316 0 0 0 0 0 0
33.730709075927734 8.321063041687012 22.956281661987305 0.691569355412147 -0.2065238040725874 -0.6921558675661247 -0.7032685867131616 0.026054272671928214 -0.7104466692285981 0 0 0 0 0 0
33.593387603759766 8.651796340942383 22.555727005004883 0.46359144169519323 -0.7408202873136421 -0.48607435345994643 -0.7032689459576816 0.026052604218468695 -0.7104463747989762 0 0 0 0 0 0
33.561744689941406 8.81365966796875 22.04437255859375 0.059480722959735784 -0.9936675818029871 -0.09532460579510005 -0.703267861052448 0.02605723128938942 -0.7104472790490834 0 0 0 0 0 0
33.54365921020508 8.749016761779785 21.511287689208984 -0.3672214290628983 -0.8690013880526383 0.3316398793866485 -0.703269096565694 0.02605661059836846 -0.7104460787841663 0 0 0 0 0 0
33.441864013671875 8.486284255981445 21.053800582885742 -0.6544101422416354 -0.41418954951466724 0.6326091864683276 -0.7032694526544866 0.026056083217512228 -0.7104457456346834 0 0 0 0 0 0
33.19089889526367 8.12913703918457 20.740516662597656 -0.6929791024374922 0.19798074592407144 0.6932413633275757 -0.7032704932460065 0.026052973193366444 -0.7104448296083972 0 0 0 0 0 0
32.78196716308594 7.817119598388672 20.585256576538086 -0.4682747858714732 0.7349373540997571 0.49049547446013625 -0.7032663277447931 0.026056697426991297 -0.7104488164389829 0 0 0 0 0 0
32.266292572021484 7.672630786895752 20.54180335998535 -0.06566045189531243 0.9926756448966755 0.10140892014942698 -0.7032591365585623 0.02606112091151671 -0.7104557726021661 0 0 0 0 0 0
31.73565101623535 7.754422187805176 20.521469116210938 0.36189103235137204 0.8732825336699404 -0.32620928418833783 -0.7032715539467073 0.0260561142308958 -0.7104436644242597 0 0 0 0 0 0
31.28750228881836 8.0352783203125 20.426773071289062 0.6519616654122619 0.4221137785653231 -0.6298935979815761 -0.7032684246180498 0.026054964716598048 -0.7104468043061797 0 0 0 0 0 0
30.987966537475586 8.412355422973633 20.188493728637695 0.6943407414179908 -0.18942331062143536 -0.6942692159388387 -0.7032678312931985 0.026049512830950906 -0.7104475915572038 0 0 0 0 0 0
30.84670639038086 8.74625301361084 19.791955947875977 0.47292749080199425 -0.7289940282446026 -0.4948810920084107 -0.7032698475933801 0.026050193433807402 -0.7104455706724094 0 0 0 0 0 0
30.813249588012695 8.91397762298584 19.282608032226562 0.0718402365771912 -0.9916084108275645 -0.1074790211369899 -0.7032733234060012 0.026052917413486296 -0.71044203006278 0 0 0 0 0 0
30.79616928100586 8.855664253234863 18.748762130737305 -0.3565362390911366 -0.8774956181207596 0.320754345868632 -0.703271312367964 0.026055667378215356 -0.7104439199526712 0 0 0 0 0 0
30.697816848754883 8.597326278686523 18.28803062438965 -0.6494650281213616 -0.4300036125374787 0.6271300267504634 -0.7032660149538903 0.026052345434955344 -0.7104492856694364 0 0 0 0 0 0
30.451417922973633 8.240968704223633 17.970252990722656 -0.6956450395325453 0.18084920908060187 0.6952492664855421 -0.7032685445831593 0.026056141119926594 -0.7104466424087199 0 0 0 0 0 0
30.046445846557617 7.925835609436035 17.810958862304688 -0.47753754389134234 0.7229963332522087 0.49923360892280216 -0.7032665119661008 0.026063140120063392 -0.7104483977560343 0 0 0 0 0 0
29.53261947631836 7.775509834289551 17.765464782714844 -0.07800588643945279 0.9904659028494502 0.1135446034535271 -0.7032688758819331 0.02605665753541995 -0.7104462955170109 0 0 0 0 0 0
29.00101089477539 7.8509602546691895 17.745853424072266 0.3511611196892038 0.8816376173615758 -0.3152792090697201 -0.7032683568775546 0.026055354270146956 -0.7104468570756027 0 0 0 0 0 0
28.549449920654297 8.127381324768066 17.654373168945312 0.6469146112326454 0.43786231497740447 -0.624322095473437 -0.7032707350687488 0.026058380213498347 -0.710444391924175 0 0 0 0 0 0
28.245351791381836 8.503612518310547 17.42057991027832 0.6968986058557743 -0.17226246346319332 -0.696173812232168 -0.703267714754924 0.026056820036347572 -0.7104474389516654 0 0 0 0 0 0
28.10011100769043 8.840577125549316 17.028093338012695 0.4821194274432761 -0.7169445093713659 -0.5035389043202314 -0.7032697528053113 0.026050843102706858 -0.7104456406811114 0 0 0 0 0 0
28.064769744873047 9.014113426208496 16.520824432373047 0.08417613854321296 -0.9892472498824539 -0.11960040259111014 -0.7032732104731605 0.02605046789978254 -0.7104422316789567 0 0 0 0 0 0
28.048616409301758 8.962151527404785 15.98629379272461 -0.3457501831855766 -0.885718709421535 0.3097727854537754 -0.7032682293511346 0.026055655555068568 -0.710446972263881 0 0 0 0 0 0
27.953649520874023 8.708290100097656 15.522375106811523 -0.6443199313036889 -0.4456891102919777 0.621460411524302 -0.7032647960306617 0.026050981326031203 -0.7104505422870072 0 0 0 0 0 0
27.711809158325195 8.35283374786377 15.200119018554688 -0.6980991422238589 0.16366243500074043 0.697045332095367 -0.7032676539966524 0.026051769543079382 -0.7104476843130109 0 0 0 0 0 0
27.310836791992188 8.034684181213379 15.036754608154297 -0.4866564840515226 0.7108396650491838 0.5078114188587868 -0.7032670918976065 0.02605945700453122 -0.7104479587939659 0 0 0 0 0 0
26.798933029174805 7.878569602966309 14.989145278930664 -0.0903319624984763 0.9879533877796033 0.12565126392511344 -0.70327034177351 0.026054380020685497 -0.7104449279595909 0 0 0 0 0 0
26.266435623168945 7.947659969329834 14.970178604125977 0.3403183376987465 0.8897283669836722 -0.30424802712676713 -0.7032658612215987 0.026054528813178286 -0.7104493577789809 0 0 0 0 0 0
25.81151580810547 8.219563484191895 14.881858825683594 0.6416701558670029 0.4534816238872816 -0.6185578613728634 -0.703269770612908 0.026055298725414663 -0.710445459659218 0 0 0 0 0 0
25.50286293029785 8.59483814239502 14.652538299560547 0.699246503649473 -0.15505035314278956 -0.6978636794706282 -0.7032667199394158 0.026052595400510907 -0.710448578644896 0 0 0 0 0 0
25.353605270385742 8.934769630432129 14.264139175415039 0.4911616439467882 -0.7046775317941272 -0.5120447399398075 -0.7032684742642002 0.026057281100996994 -0.7104466702066581 0 0 0 0 0 0
25.31630516052246 9.114068984985352 13.75901985168457 0.09648336327474362 -0.9865845896307881 -0.13168829907870883 -0.7032698014340969 0.02605303753106337 -0.7104455120741147 0 0 0 0 0 0
25.301000595092773 9.068477630615234 13.223882675170898 -0.3348582284264957 -0.8936721195729234 0.2986973544461136 -0.70326600405602 0.02605554934127481 -0.7104491789618753 0 0 0 0 0 0
25.20936393737793 8.819171905517578 12.75683307647705 -0.6389765408666626 -0.4612377508952857 0.6156043513256975 -0.7032678176589591 0.026054030323394973 -0.710447439399364 0 0 0 0 0 0
24.97207260131836 8.464728355407715 12.430110931396484 -0.7003358291422849 0.14642722280982143 0.6986335196938315 -0.7032698727344855 0.026059058903818735 -0.7104452206560812 0 0 0 0 0 0
24.57513999938965 8.143661499023438 12.262641906738281 -0.4956287781272512 0.6984631663820106 0.516237657963562 -0.7032695510850133 0.026054626351814943 -0.7104457016284574 0 0 0 0 0 0
24.065227508544922 7.981810092926025 12.212849617004395 -0.10262006579405494 0.9851414259561547 0.13771526045249297 -0.7032670980220448 0.026057395128468875 -0.7104480283587046 0 0 0 0 0 0
23.531923294067383 8.04452133178711 12.194449424743652 0.3293703984384459 0.8975479255996388 -0.29312601707164176 -0.7032681935531424 0.026054554761212483 -0.7104470480709274 0 0 0 0 0 0
23.073698043823242 8.311829566955566 12.109230995178223 0.6362327868714518 0.4689587052435287 -0.6126055612595259 -0.7032682087515338 0.02605450704134021 -0.7104470347761627 0 0 0 0 0 0
22.7605037689209 8.686036109924316 11.884368896484375 0.7013755845184249 -0.13779174694116436 -0.6993466407414423 -0.7032703238754355 0.026057886915052664 -0.7104448170587653 0 0 0 0 0 0
22.607187271118164 9.028833389282227 11.500091552734375 0.500058737583249 -0.6921953521744519 -0.5203910581425604 -0.7032683078312969 0.0260544539940645 -0.7104469386429753 0 0 0 0 0 0
22.567859649658203 9.213844299316406 10.997190475463867 0.10875703773497435 -0.983622243181751 -0.14373304930047928 -0.7032680111711781 0.026056133603592418 -0.710447170706568 0 0 0 0 0 0
22.553321838378906 9.174639701843262 10.461525917053223 -0.323858246023119 -0.9013557014231594 0.28753040881756037 -0.7032688221630436 0.026054593478289555 -0.7104464243924988 0 0 0 0 0 0
22.464962005615234 8.929969787597656 9.991403579711914 -0.6334395495465387 -0.4766460710669217 0.6095595623126137 -0.7032686264103195 0.026054181170901008 -0.7104466332881424 0 0 0 0 0 0
22.232208251953125 8.57664966583252 9.660231590270996 -0.702363098884124 0.12914676685162946 0.7000051356509187 -0.7032694443832243 0.026056800598882678 -0.7104457275115822 0 0 0 0 0 0
21.839351654052734 8.252767562866211 9.488624572753906 -0.5044500831114285 0.685874443758195 0.5245058255617945 -0.7032697165011665 0.0260520084146981 -0.710445633887583 0 0 0 0 0 0
21.331504821777344 8.085230827331543 9.436578750610352 -0.11488426497801792 0.9820284845098313 0.14973864321471828 -0.7032682775595471 0.026055152749745264 -0.7104469429828066 0 0 0 0 0 0
20.797470092773438 8.141548156738281 9.418665885925293 0.31832701568783783 0.905091949103209 -0.28191572278223354 -0.7032665639779564 0.026054924670180658 -0.7104486476101354 0 0 0 0 0 0
20.33599853515625 8.404180526733398 9.336490631103516 0.6305987042049632 0.4842977639643164 -0.6064659512900824 -0.7032687326248955 0.02605578332440374 -0.7104464693891617 0 0 0 0 0 0
20.018272399902344 8.77720832824707 9.116071701049805 0.7032974117015635 -0.12048972586703656 -0.700610431448439 -0.7032682992003385 0.026057693798848577 -0.7104468283649022 0 0 0 0 0 0
19.86086082458496 9.122770309448242 8.73594856262207 0.5087998990886976 -0.6795029494947431 -0.5285815020555257 -0.7032688263638498 0.026056818345717186 -0.7104463386368542 0 0 0 0 0 0
19.81943130493164 9.313440322875977 8.235334396362305 0.1210021422162153 -0.9803600619544495 -0.15573256083348375 -0.7032705291297602 0.02605383734791375 -0.7104447623967649 0 0 0 0 0 0
19.805585861206055 9.28063678741455 7.699221611022949 -0.3127671086564539 -0.9087612564772478 0.2762783279024542 -0.703266808558605 0.026054393542516062 -0.7104484249802557 0 0 0 0 0 0
19.720443725585938 9.040680885314941 7.226086139678955 -0.6277091619625148 -0.49191055041943926 0.6033284498300753 -0.7032701381811295 0.02605635111106017 -0.7104450572067289 0 0 0 0 0 0
19.492216110229492 8.688593864440918 6.89047908782959 -0.7041779094752157 0.11182770731402154 0.7011619183070373 -0.703267761001328 0.026050719056063387 -0.7104476169098193 0 0 0 0 0 0
19.103469848632812 8.361998558044434 6.714702606201172 -0.5131147761559048 0.6730792899067611 0.5326138338318726 -0.703267630719525 0.026055173605774997 -0.7104475825214123 0 0 0 0 0 0
18.597761154174805 8.188831329345703 6.660335540771484 -0.12711534314345344 0.9786160038638502 0.16171705698246872 -0.7032729804235025 0.026050947984855452 -0.710442441803229 0 0 0 0 0 0
18.06307601928711 8.238739013671875 6.642831802368164 0.3071833773166273 0.9123614765721457 -0.2706194907382771 -0.7032689972671634 0.026055408723458354 -0.7104462211589925 0 0 0 0 0 0
17.598413467407227 8.496620178222656 6.563640594482422 0.6247723112590684 0.499485492873304 -0.6001448171009349 -0.7032710380828614 0.026056598721334215 -0.7104441573107138 0 0 0 0 0 0
17.276168823242188 8.868358612060547 6.347646713256836 0.7050005562162226 -0.10315203033059023 -0.7016650727900698 -0.7032702271479836 0.026062202289349367 -0.7104447545158263 0 0 0 0 0 0
17.114627838134766 9.216584205627441 5.971708297729492 0.5173875057832628 -0.6666041910527057 -0.5366088159267812 -0.7032686102963709 0.02605668259472145 -0.7104465575002595 0 0 0 0 0 0
17.071027755737305 9.412856101989746 5.473450183868408 0.13320926949450587 -0.9767988348838339 -0.1676881829179523 -0.7032686615035695 0.026056114844721288 -0.7104465276332742 0 0 0 0 0 0
17.057790756225586 9.386467933654785 4.936967849731445 -0.3015757203267977 -0.9158923052470576 0.26494031421926684 -0.7032700751749281 0.026055043200670407 -0.7104451675444505 0 0 0 0 0 0
16.975811004638672 9.151301383972168 4.460878372192383 -0.6217910730896475 -0.5070211029350088 0.5969132789648692 -0.7032678455824052 0.026054506688073676 -0.7104473942883621 0 0 0 0 0 0
16.752094268798828 8.800559997558594 4.120855331420898 -0.705775975455795 0.09447094577284416 0.702107906859199 -0.7032678148758041 0.026053112063594706 -0.7104474758288707 0 0 0 0 0 0
16.367496490478516 8.471352577209473 3.940877676010132 -0.5216258832549084 0.6600753957493667 0.5405616614641234 -0.7032700179685569 0.026051091900696564 -0.7104453690730111 0 0 0 0 0 0
15.863992691040039 8.292610168457031 3.8841214179992676 -0.1392985937821639 0.9749065739652847 0.1736464045397503 -0.7032680406019172 0.026056181194411318 -0.7104471398278018 0 0 0 0 0 0
15.328737258911133 8.336097717285156 3.866947650909424 0.2959470079634572 0.9193528511366478 -0.2592406287301322 -0.7032686823454082 0.02605490552715195 -0.7104465513535306 0 0 0 0 0 0
14.860941886901855 8.589151382446289 3.790680170059204 0.6187584038786584 0.5145217670192496 -0.5936374220792723 -0.7032687757593129 0.026054996401281564 -0.7104464555506818 0 0 0 0 0 0
14.53419303894043 8.959490776062012 3.5790929794311523 0.706493463585926 -0.08578534147738194 -0.7025011466880111 -0.703268490080966 0.026054280972002988 -0.7104467645800564 0 0 0 0 0 0
14.368489265441895 9.310275077819824 3.2073707580566406 0.5258199023435169 -0.6535001183094303 -0.5444731634057042 -0.7032685875956542 0.026054353783351802 -0.710446665380411 0 0 0 0 0 0
14.322646141052246 9.512094497680664 2.7115354537963867 0.14537798017221243 -0.9729400342209495 -0.1795910150625176 -0.7032689194441085 0.026055007058622976 -0.7104463129266638 0 0 0 0 0 0
14.309942245483398 9.492132186889648 2.174762487411499 -0.2902958151447328 -0.9227434394830814 0.2535209746754457 -0.7032683507514846 0.02605565065604923 -0.7104468522698771 0 0 0 0 0 0
14.231064796447754 9.26183032989502 1.695779800415039 -0.6156801900633456 -0.5219816926889018 0.5903160306659405 -0.7032685860106219 0.026055522161381794 -0.7104466241003039 0 0 0 0 0 0
14.01184368133545 8.912542343139648 1.3513596057891846 -0.7071573445906161 0.07709033819615102 0.7028410700495182 -0.7032691671548199 0.02605625492329682 -0.7104460219529267 0 0 0 0 0 0
13.631425857543945 8.580827713012695 1.167151927947998 -0.5299743698553777 0.6468735737151583 0.5483445512863012 -0.7032689400305128 0.02605582362948629 -0.710446262600732 0 0 0 0 0 0
13.130200386047363 8.396567344665527 1.1079392433166504 -0.15144577185769748 0.9708994575770352 0.1855220241994053 -0.7032695073379748 0.026054336620536397 -0.7104457555590479 0 0 0 0 0 0
12.594452857971191 8.433623313903809 1.091016411781311 0.28461911448731975 0.926064739308455 -0.24778227999196606 -0.7032705384766851 0.026055011937267367 -0.7104447100680409 0 0 0 0 0 0
12.123584747314453 8.68177604675293 1.0176115036010742 0.6125538741222135 0.5294031022445909 -0.5869498331473233 -0.7032694060689703 0.026056455402370258 -0.7104457780994002 0 0 0 0 0 0
11.79234790802002 9.050606727600098 0.810411274433136 0.7077689693987312 -0.06839032839453818 -0.7031257703557344 -0.7032684672176132 0.02605412669159576 -0.7104467928703229 0 0 0 0 0 0
11.62244701385498 9.403846740722656 0.4429333806037903 0.5340911308616554 -0.6401969621394644 -0.5521725397032339 -0.7032687310130349 0.026053674192874028 -0.7104465483344734 0 0 0 0 0 0
11.574292182922363 9.611154556274414 -0.05041220039129257 0.15750164312905493 -0.9687849512688868 -0.19143915640899697 -0.7032697725787935 0.026054225816255456 -0.7104454970608849 0 0 0 0 0 0
11.562040328979492 9.597626686096191 -0.5873963832855225 -0.2789261917388194 -0.929313692352684 0.2420252895213639 -0.7032680678351414 0.02605547478724984 -0.7104471387774308 0 0 0 0 0 0
11.4862060546875 9.372262954711914 -1.0692108869552612 -0.6093812592573272 -0.5367827947282298 0.5835398119663346 -0.703269613475112 0.026055271323803232 -0.710445616214788 0 0 0 0 0 0
11.271464347839355 9.02453899383545 -1.4180076122283936 -0.7083253241494069 0.05968335786919282 0.7033584661906725 -0.703268994572481 0.02605603429691643 -0.7104462008834515 0 0 0 0 0 0
10.895258903503418 8.690420150756836 -1.606473684310913 -0.5381636460661865 0.6334739388827567 0.5559592240525503 -0.7032684799360014 0.026056116572360677 -0.7104467073029995 0 0 0 0 0 0
10.396379470825195 8.500701904296875 -1.6682090759277344 -0.16354329446897897 0.9665970179111226 0.19734182475987563 -0.7032676205389115 0.026056680694328944 -0.7104475373261081 0 0 0 0 0 0
9.860219955444336 8.531318664550781 -1.6849602460861206 0.27320799555713965 0.9324934689884266 -0.23624843165104864 -0.7032684953119869 0.02605557603466769 -0.7104467119067522 0 0 0 0 0 0
9.386338233947754 8.774497985839844 -1.7555644512176514 0.6061642076144297 0.5441206149445916 -0.5800842264701653 -0.7032681667920856 0.026054610246208487 -0.7104470725267419 0 0 0 0 0 0
9.050631523132324 9.141709327697754 -1.9583990573883057 0.7088282155849559 -0.05097152551257558 -0.7035371094530609 -0.7032692133055667 0.026055212389140305 -0.7104460145035133 0 0 0 0 0 0
8.87650203704834 9.497302055358887 -2.3216047286987305 0.5421969047768459 -0.6267019356584562 -0.5597027785283475 -0.7032686910053771 0.02605511684905914 -0.7104465350310082 0 0 0 0 0 0
8.825966835021973 9.710037231445312 -2.812394857406616 0.16957770455044596 -0.9643346137449517 -0.20322931592852528 -0.7032696955078426 0.02605372719289134 -0.7104455916392649 0 0 0 0 0 0
8.8140869140625 9.70295238494873 -3.34951114654541 -0.2674697113277582 -0.935601587727761 0.230455250674699 -0.7032687056678623 0.02605483428608721 -0.7104465308794 0 0 0 0 0 0
8.741236686706543 9.482597351074219 -3.834095001220703 -0.6029006690984685 -0.5514165878389042 0.5765852320834439 -0.7032676770744025 0.0260546839399101 -0.710447554592994 0 0 0 0 0 0
8.53095531463623 9.136547088623047 -4.187246322631836 -0.7092778555524015 0.04225726558880634 0.7036613156398067 -0.7032685587333319 0.026055152955915668 -0.710446664642453 0 0 0 0 0 0
8.1589937210083 8.800128936767578 -4.379997730255127 -0.5461886109581229 0.6198814441755093 0.5634048246390166 -0.7032681256745493 0.02605698498201632 -0.7104470261348508 0 0 0 0 0 0
7.662529468536377 8.605012893676758 -4.444321155548096 -0.17559524741102664 0.9619996954293274 0.20910020344452504 -0.7032690372558076 0.026053805343863406 -0.7104462403760003 0 0 0 0 0 0
7.12603759765625 8.62918472290039 -4.46097993850708 0.2617117487816069 0.9386384733973394 -0.22464366629839624 -0.7032685048162634 0.026055051729884312 -0.7104467217271474 0 0 0 0 0 0
6.649203300476074 8.86732006072998 -4.528846740722656 0.5995891161241507 0.5586728461349679 -0.5730423569134433 -0.703268585614644 0.02605490608605314 -0.7104466470864828 0 0 0 0 0 0
6.30904483795166 9.232804298400879 -4.727337837219238 0.7096727289304712 -0.03354308922245727 -0.7037325336928741 -0.7032685174390677 0.026055184409137958 -0.7104467043659655 0 0 0 0 0 0
6.130656719207764 9.590641975402832 -5.086245536804199 0.5501404656757366 -0.6130126740182699 -0.5670634263634483 -0.7032691234854918 0.026053671137738394 -0.7104461599390872 0 0 0 0 0 0
6.077672958374023 9.808744430541992 -5.5744147300720215 0.18159856033858773 -0.9595913213186046 -0.21495687691480544 -0.7032680314859207 0.026055925827940796 -0.7104471582173912 0 0 0 0 0 0
6.066084384918213 9.808107376098633 -6.111583709716797 -0.2559324235626545 -0.9416041538295571 0.218815474910414 -0.7032697912010172 0.026054557896621065 -0.7104454664482628 0 0 0 0 0 0
5.996156215667725 9.5928316116333 -6.598873615264893 -0.5962323167236849 -0.5658864049391255 0.5694555304844967 -0.7032689859484123 0.026054966649807627 -0.7104462485761814 0 0 0 0 0 0
5.790316581726074 9.24856185913086 -6.956356048583984 -0.7100142013933006 0.024821761645611767 0.7037497523755458 -0.7032680735022653 0.02605412550854985 -0.7104471826507565 0 0 0 0 0 0
5.422629356384277 8.909951210021973 -7.153419017791748 -0.5540483274043724 0.6060987268919825 0.5706792305317719 -0.7032685770052202 0.02605574582974403 -0.7104466248116804 0 0 0 0 0 0
4.928646564483643 8.709500312805176 -7.220395088195801 -0.18759009552737696 0.9571097919269675 0.2207958384063127 -0.703268816861435 0.026054846269655662 -0.7104464203697435 0 0 0 0 0 0
4.391902923583984 8.727222442626953 -7.237040996551514 0.2501357021567483 0.9444977438304332 -0.21296981571521284 -0.7032687192520177 0.026055067878224765 -0.7104465088657187 0 0 0 0 0 0
1.9613037109375 -0.534149169921875 -6.579667568206787 0.3090326845159825 0.9311035382873842 0.19376532427025903 0.9389122702195676 -0.3311371973805517 0.09376516059865402 0 0 0 0 0 0
2.2879486083984375 -0.61505126953125 -6.851134300231934 0.3187975635106759 0.6640312538028401 0.6763361645459193 0.9357715759644184 -0.3339327238539973 -0.11322761834693407 0 0 0 0 0 0
2.617340087890625 -0.530029296875 -7.106128692626953 0.32833399634050425 0.15697622806334088 0.9314264601513528 0.9283915300476856 -0.23531213390480304 -0.28760627005141143 0 0 0 0 0 0
2.9490509033203125 -0.3315582275390625 -7.2636237144470215 0.3339377442504567 -0.41854751312725735 0.8445730058555654 0.9179904077510076 -0.0589756652298253 -0.39219316948136485 0 0 0 0 0 0
3.281707763671875 -0.0902252197265625 -7.294710636138916 0.33287540054123393 -0.838101369458046 0.4321805898314509 0.9076482971488498 0.16050711614288873 -0.38782990388865907 0 0 0 0 0 0
3.6133270263671875 0.13507080078125 -7.1990885734558105 0.3254656897660073 -0.9347029765982744 -0.14283707615133662 0.9019932063547539 0.35223140509081924 -0.24968238415558613 0 0 0 0 0 0
3.942291259765625 0.2837066650390625 -6.989016532897949 0.31497335165090573 -0.6868990121324766 -0.6549515515526494 0.9041493686889454 0.42701767717863126 -0.013031595310928713 0 0 0 0 0 0
4.3822174072265625 0.367279052734375 -6.818192481994629 0.2807217746435133 -0.25764300393291056 -0.9245622573766588 0.9180131576000992 0.3531840147839072 0.1803133222316549 0 0 0 0 0 0
4.7017669677734375 0.418487548828125 -6.684057712554932 0.3104762990695613 0.059699644679182144 -0.948704601096278 0.9447484686130186 -0.12976887151826572 0.3010155661061936 0 0 0 0 0 0
4.9801483154296875 0.017669677734375 -6.404994487762451 0.29968039644805283 0.5654483855078268 -0.7684138099431387 0.937120052147395 -0.02345167434019097 0.34821836085121266 0 0 0 0 0 0
5.3075408935546875 -0.300567626953125 -6.402746677398682 0.3020850065229459 0.8890889313082839 -0.34389754442148235 0.9371593371500521 -0.21091311337246704 0.27793530794054955 0 0 0 0 0 0
5.63189697265625 -0.534149169921875 -6.579667568206787 0.3090326845159825 0.9311035382873842 0.19376532427025903 0.9389122903772742 -0.33113717702531825 0.09376503063618434 0 0 0 0 0 0
5.9585418701171875 -0.61505126953125 -6.851133346557617 0.3187975635106759 0.6640312538028401 0.6763361645459193 0.9357738302750618 -0.33392271355022735 -0.11323850911943734 0 0 0 0 0 0
6.2879180908203125 -0.530029296875 -7.1061296463012695 0.3283680306187475 0.15697426184899463 0.9314147935181879 0.9283933387962874 -0.2352436162996959 -0.2876564782321505 0 0 0 0 0 0
6.61962890625 -0.3315582275390625 -7.263624668121338 0.3339377442504567 -0.41854751312725735 0.8445730058555654 0.9179992802159687 -0.05893808054669623 -0.3921780516352677 0 0 0 0 0 0
6.832763671875 -0.81988525390625 -8.446503639221191 0.3329093204541565 0.8380907265243288 -0.43217510162973805 -0.3165302562083435 -0.3324027647853901 -0.8884351404957535 0 0 0 0 0 0
7.3003997802734375 -0.207366943359375 -10.270798683166504 0.3255001273521553 0.9346923263224963 0.14282829624262364 0.9020044263607014 -0.3522582339613451 0.24960398921518978 0 0 0 0 0 0
7.629364013671875 -0.3560028076171875 -10.480891227722168 0.31498160486746785 0.6868788636603641 0.6549687131854172 0.9041489937541661 -0.4270191759479767 0.013008476699445033 0 0 0 0 0 0
8.068099975585938 -0.4503631591796875 -10.66891860961914 0.2772523171518657 0.2598954370880106 0.9249786561941595 0.9173542667728074 -0.3578210210508666 -0.17442839828376697 0 0 0 0 0 0
8.385467529296875 -0.484893798828125 -10.787519454956055 0.31440678832169594 -0.059318436767803594 0.9474332137500038 0.9411111802961232 0.15019374710237604 -0.3029052403854801 0 0 0 0 0 0
8.669952392578125 -0.0933990478515625 -11.065409660339355 0.2996865860115882 -0.5654219167341853 0.7684308727799521 0.9379621087438185 0.02738276140151524 -0.3456548378641288 0 0 0 0 0 0
8.994613647460938 0.228271484375 -11.067157745361328 0.3020848826810535 -0.8890885668199663 0.3438985955272171 0.9371592404051329 0.21091236075801306 -0.2779362052751612 0 0 0 0 0 0
9.3189697265625 0.46185302734375 -10.890226364135742 0.3090326845159825 -0.9311035382873842 -0.19376532427025903 0.9389123105349081 0.33113715667013527 -0.09376490067407328 0 0 0 0 0 0
9.6456298828125 0.542755126953125 -10.618765830993652 0.31878948811002855 -0.6640525797558187 -0.6763190324027472 0.9357673135586038 0.3339612171906532 0.11317879787244392 0 0 0 0 0 0
9.974990844726562 0.457733154296875 -10.363764762878418 0.3283680306187475 -0.15697426184899463 -0.9314147935181879 0.9283934801662884 0.2352428367917464 0.2876566594447263 0 0 0 0 0 0
10.306716918945312 0.2592620849609375 -10.206281661987305 0.33397130031523 0.4185417598011083 -0.8445625884849185 0.9179964608422316 0.058886677520656044 0.3921923725567792 0 0 0 0 0 0
10.639373779296875 0.017913818359375 -10.17518138885498 0.33287540054123393 0.838101369458046 -0.4321805898314509 0.9076369632198552 -0.16048400569037308 0.38786599092291124 0 0 0 0 0 0
10.970993041992188 -0.207366943359375 -10.270798683166504 0.3254660222659646 0.9347039315029221 0.14283006960493883 0.9020057724177004 -0.3522277257988375 0.24964217533046545 0 0 0 0 0 0
11.299957275390625 -0.3560028076171875 -10.480891227722168 0.31498160486746785 0.6868788636603641 0.6549687131854172 0.9041489937541661 -0.4270191759479767 0.013008476699445033 0 0 0 0 0 0
11.739883422851562 -0.4395904541015625 -10.651712417602539 0.2807217746435133 0.25764300393291056 0.9245622573766588 0.9180087049302301 -0.3531983123349793 -0.18030798605731377 0 0 0 0 0 0
12.060440063476562 -0.488800048828125 -10.781407356262207 0.3104411266990221 -0.05970021667288886 0.9487160750103539 0.9441892157192165 0.13501173379989892 -0.30046390241737203 0 0 0 0 0 0
12.338729858398438 -0.087921142578125 -11.060476303100586 0.29968121998371733 -0.5654499393862833 0.7684123453180064 0.9371198167441162 0.023453013600011285 -0.34821890416597406 0 0 0 0 0 0
12.666122436523438 0.2303314208984375 -11.06274127960205 0.302084387310714 -0.8890871088585443 0.3439027999372288 0.937158143231229 0.2109076976701826 -0.27794344323775344 0 0 0 0 0 0
12.990493774414062 0.4639129638671875 -10.885804176330566 0.3090326845159825 -0.9311035382873842 -0.19376532427025903 0.9389187688476335 0.33113063389782943 -0.09372325645252465 0 0 0 0 0 0
13.317123413085938 0.5447998046875 -10.614344596862793 0.31879807758095685 -0.6640323245724202 -0.6763348709431105 0.9357714343696173 0.3339331496960217 0.1132275326584642 0 0 0 0 0 0
13.646514892578125 0.4597930908203125 -10.359345436096191 0.32836730142701454 -0.15697391326349497 -0.9314151093407735 0.928393585205411 0.23524339170839936 0.28765586663054843 0 0 0 0 0 0
13.978225708007812 0.261322021484375 -10.201849937438965 0.3339427396519336 0.4185156267673479 -0.8445868319985192 0.9179912037778253 0.05897727436500346 0.39219106427226824 0 0 0 0 0 0
14.310882568359375 0.0199737548828125 -10.17076301574707 0.33290897742801406 0.838089862964761 -0.4321770405094911 0.907645478753768 -0.1605524899678309 0.387817718603693 0 0 0 0 0 0
14.642486572265625 -0.2053070068359375 -10.26638412475586 0.3255001273521553 0.9346923263224963 0.14282829624262364 0.9020044263607014 -0.3522582339613451 0.24960398921518978 0 0 0 0 0 0
14.971466064453125 -0.3539581298828125 -10.476472854614258 0.3149811129996098 0.6868777910465028 0.6549700745992931 0.9041371218847143 -0.42704336559042416 0.013039506709567687 0 0 0 0 0 0
15.410186767578125 -0.4483184814453125 -10.664497375488281 0.2772523171518657 0.2598954370880106 0.9249786561941595 0.9173660809050753 -0.3577839230348268 -0.1744423630391196 0 0 0 0 0 0
15.727554321289062 -0.4828338623046875 -10.783086776733398 0.3144074985218568 -0.05931857075970484 0.9474329696797842 0.9411105461657763 0.15019702103015123 -0.3029055872202141 0 0 0 0 0 0
16.012054443359375 -0.091339111328125 -11.060979843139648 0.2997159402639733 -0.5654434749310011 0.7684035605133782 0.9379572747388197 0.027432026971806127 -0.34566404884040874 0 0 0 0 0 0
16.336715698242188 0.2303314208984375 -11.06274127960205 0.302084387310714 -0.8890871088585443 0.3439027999372288 0.937158143231229 0.2109076976701826 -0.27794344323775344 0 0 0 0 0 0
16.661087036132812 0.4639129638671875 -10.885804176330566 0.3090326845159825 -0.9311035382873842 -0.19376532427025903 0.9389123105349081 0.33113715667013527 -0.09376490067407328 0 0 0 0 0 0
16.987701416015625 0.5447998046875 -10.614346504211426 0.3188338897217073 -0.664027460921962 -0.6763227645928076 0.9357587192430237 0.3339621697147859 0.11324702450858791 0 0 0 0 0 0
17.317153930664062 0.4597930908203125 -10.359334945678711 0.32833253807465534 -0.15697553086757368 -0.9314270916987 0.9283920934509948 0.23531129516087582 0.287605137623427 0 0 0 0 0 0
17.648727416992188 0.2613067626953125 -10.201852798461914 0.334013886519796 0.41850917645142555 -0.8445618940242867 0.9179908308943264 0.05884185924435403 0.39221227670052866 0 0 0 0 0 0
17.83184814453125 0.7502899169921875 -9.017963409423828 0.3328647582827771 -0.8381127210899492 0.4321667727169104 -0.33412817154214275 0.32373701121665177 0.8851851289704397 0 0 0 0 0 0
18.296585083007812 0.137115478515625 -7.194669246673584 0.3255114008182668 -0.9346865513710505 -0.1428403956289053 0.9019918373227682 0.3522737436284744 -0.24962759253150832 0 0 0 0 0 0
18.62554931640625 0.2857666015625 -6.984583377838135 0.3150167046188136 -0.6868722188624797 -0.6549588008157741 0.9041426468519042 0.42703365923759834 -0.012974128941073427 0 0 0 0 0 0
19.065521240234375 0.369354248046875 -6.813763618469238 0.2806499445444789 -0.257647101461657 -0.92458292204409 0.9179975347856205 0.3532799264546659 0.180204938033644 0 0 0 0 0 0
19.385086059570312 0.420562744140625 -6.679656505584717 0.3104017405057721 0.05969997835707672 -0.948728977145292 0.9447807411889209 -0.12968781826487163 0.30094919981985496 0 0 0 0 0 0
19.66339111328125 0.01971435546875 -6.4005913734436035 0.299643753660602 0.5654512234896376 -0.7684260112374232 0.9371325216219607 -0.023433902661835388 0.34818599788690685 0 0 0 0 0 0
19.990692138671875 -0.29852294921875 -6.398346424102783 0.30212016709138734 0.8890801432321925 -0.3438893769032368 0.937153235080559 -0.21095794066386026 0.2779218617685653 0 0 0 0 0 0
20.930770874023438 1.3208465576171875 -6.195417404174805 -0.9491198813707338 0 0.314914989777883 0.310549890310798 -0.1659224696943422 0.9359639414413792 0 0 0 0 0 0
18.569671630859375 0.6123046875 -4.660956382751465 0 1 0 0 0 1 0 0 0 0 0 0
18.973312377929688 0.6123046875 -4.521768569946289 0 1 0 0 0 1 0 0 0 0 0 0
19.425079345703125 0.6123046875 -3.9386274814605713 0 1 0 0 0 1 0 0 0 0 0 0
19.096725463867188 0.6123046875 -3.278003454208374 0 1 0 0 0 1 0 0 0 0 0 0
20.7652587890625 0.3437652587890625 -2.7199504375457764 -0.9796306520331164 0 0.20080783250951903 -0.19333822893910793 -0.270207079720769 -0.9431905763415278 0 0 0 0 0 0
20.277359008789062 -0.3448638916015625 -3.6986024379730225 -0.3020841396238825 0.8890863798729423 -0.3439049021344782 -0.9484351582129852 -0.2439792138466425 0.20234844668611668 0 0 0 0 0 0
19.738967895507812 -0.4458465576171875 -3.4919955730438232 -0.2996440281443323 0.5654517414619271 -0.7684255230502905 -0.9336030215367623 -0.33964971087125345 0.11412042798071635 0 0 0 0 0 0
19.371917724609375 -0.327606201171875 -3.3492164611816406 -0.3104425310929542 0.05970048674864504 -0.9487155984648797 -0.9412861207092712 -0.15861410558994216 0.29803020730790747 0 0 0 0 0 0
18.908676147460938 -0.498321533203125 -3.1690354347229004 -0.2806496352126449 -0.2576468174835128 -0.9245830950734644 -0.9539958145747086 -0.030991683482151665 0.2982138516717166 0 0 0 0 0 0
18.73223876953125 -0.036712646484375 -3.035801410675049 -0.31501731950761797 -0.68687355958515 -0.6549570990172264 -0.9479203499040482 0.19351417876544022 0.2529807756619547 0 0 0 0 0 0
18.36737060546875 0.2871551513671875 -3.12327241897583 -0.3255000719321505 -0.934692167180767 -0.14282946398795296 -0.9296946873826781 0.28883235534551044 0.22856871780274224 0 0 0 0 0 0
18.036636352539062 0.43975830078125 -3.324803590774536 -0.3328756577906153 -0.838102017151022 0.43217913565771915 -0.9187956385320413 0.3913844536757086 0.05131066200572689 0 0 0 0 0 0
17.704635620117188 0.4667510986328125 -3.5671205520629883 -0.3339798267504311 -0.4185142980330074 0.8445728255548429 -0.9079658112178342 0.3834351775766248 -0.16904304261436762 0 0 0 0 0 0
17.373016357421875 0.3673858642578125 -3.792623519897461 -0.3283318089462176 0.1569751822718352 0.931427407469218 -0.9020163489946538 0.24051117737797423 -0.35849808884095336 0 0 0 0 0 0
17.043792724609375 0.1535186767578125 -3.939593553543091 -0.31883376119287893 0.6640271932381483 0.6763230880014887 -0.9038531392207093 0.001774942729200781 -0.42783916639220565 0 0 0 0 0 0
16.716888427734375 -0.1222686767578125 -3.9414565563201904 -0.30903272020755557 0.931103645824715 0.1937647505947413 -0.9124929913142005 -0.2328602610473243 -0.33635195796581074 0 0 0 0 0 0
16.392196655273438 -0.3571014404296875 -3.773425579071045 -0.30209463305017664 0.8890791157807068 -0.34391446402394305 -0.9238784979198769 -0.3619667090048139 -0.1242120068815271 0 0 0 0 0 0
16.068405151367188 -0.4458465576171875 -3.492002487182617 -0.29968121998371733 0.5654499393862833 -0.7684123453180064 -0.9335903974853521 -0.3396766045732754 0.1141436552275828 0 0 0 0 0 0
15.700927734375 -0.3242950439453125 -3.3688573837280273 -0.31440678684637113 0.05935658339395214 -0.94743082512273 -0.9407953149047942 -0.15268898952943208 0.302638807705936 0 0 0 0 0 0
15.237945556640625 -0.502410888671875 -3.1699814796447754 -0.27725216429428956 -0.2598952937998067 -0.9249787422718667 -0.9523177163582006 -0.053286591035242456 0.30041888476949136 0 0 0 0 0 0
15.168869018554688 -0.5410003662109375 -2.181426525115967 -0.3149810515161637 0.686877656969849 0.6549702447755792 0.5146552749432228 -0.4562173502234829 0.725944679247792 0 0 0 0 0 0
14.680267333984375 -0.3553466796875 -0.22012951970100403 -0.32546586987209114 0.9347034938438642 0.14283328094137007 -0.9297000845779151 -0.2887911886458031 -0.22859877973506673 0 0 0 0 0 0
14.34954833984375 -0.5079498291015625 -0.01859751157462597 -0.3329092125886037 0.8380904549755498 -0.43217571131718135 -0.9187964319455061 -0.39139153627001805 -0.05124238460885802 0 0 0 0 0 0
14.01751708984375 -0.534942626953125 0.22370848059654236 -0.3339428657368676 0.4185157847840044 -0.8445867038440027 -0.9079694614918783 -0.3834476612563279 0.16899511257785313 0 0 0 0 0 0
13.686004638671875 -0.4355621337890625 0.4492104947566986 -0.32833363177292035 -0.1569760537638628 -0.9314266180389785 -0.9020150871598526 -0.24051275649839168 0.3585002043200941 0 0 0 0 0 0
13.35662841796875 -0.2217254638671875 0.5961945056915283 -0.31883162440728435 -0.6640227430076092 -0.6763284646135064 -0.9038673658692744 -0.0017440124903801866 0.42780923708701407 0 0 0 0 0 0
13.02984619140625 0.0540924072265625 0.5980324745178223 -0.3090562645711266 -0.9310977983111121 -0.19375529750058818 -0.9124883518837408 0.23288805797804854 0.33634529895288795 0 0 0 0 0 0
12.705093383789062 0.2889251708984375 0.43002447485923767 -0.3020849368619155 -0.8890887262837056 0.3438981356686172 -0.923879696949385 0.3619576301783503 0.12422954366971306 0 0 0 0 0 0
12.381332397460938 0.377655029296875 0.14858445525169373 -0.29968094547150065 -0.565449421426178 0.7684128335277255 -0.9335821117941597 0.33970837685031163 -0.11411686656968782 0 0 0 0 0 0
12.014236450195312 0.259429931640625 0.005799504462629557 -0.31047586187320236 -0.059699560613289314 0.948704749464591 -0.9412791118615902 0.15858809485372116 -0.29806618349575165 0 0 0 0 0 0
11.551605224609375 0.42877197265625 -0.177963525056839 -0.2806864014673192 0.25764554981112725 0.9245722874355736 -0.9540554664871186 0.030335440989956476 -0.2980904692974795 0 0 0 0 0 0
11.373565673828125 -0.03350830078125 -0.3120405375957489 -0.31497279642189085 0.6868978012800034 0.6549530884810535 -0.9479348005312698 -0.19348263976305463 -0.2529507502500474 0 0 0 0 0 0
11.008758544921875 -0.357391357421875 -0.2245505154132843 -0.32546586987209114 0.9347034938438642 0.14283328094137007 -0.9297001333021672 -0.28879124719562005 -0.22859850760915115 0 0 0 0 0 0
10.67803955078125 -0.510009765625 -0.023020533844828606 -0.33287544274624264 0.8381014757202557 -0.4321803512563042 -0.9188006194285551 -0.39137554991626794 -0.05128938160518738 0 0 0 0 0 0
10.34600830078125 -0.5370025634765625 0.2192884385585785 -0.33394315993534307 0.41851615348990734 -0.8445864048162333 -0.907979763700649 -0.3834140329914596 0.16901605845403384 0 0 0 0 0 0
10.014511108398438 -0.4376068115234375 0.4447804391384125 -0.3283664286963157 -0.1570116427177086 -0.9314090575876498 -0.9020135330858662 -0.24046122506873316 0.35853868043545467 0 0 0 0 0 0
9.87420654296875 -0.2227630615234375 1.2452025413513184 -0.318831447681178 0.6640223749445161 0.6763289092908633 0.8400926122520902 -0.13241119874548146 0.5260339126769715 0 0 0 0 0 0
9.374832153320312 -0.12432861328125 3.1129674911499023 -0.3090672596393457 0.9310927762622995 0.19376189256711157 -0.9124914412356689 -0.23290256761731765 -0.33632687027490504 0 0 0 0 0 0
9.050079345703125 -0.3591766357421875 3.28096342086792 -0.3020850065229459 0.8890889313082839 -0.34389754442148235 -0.9238796060092551 -0.3619576945900276 -0.12423003230803686 0 0 0 0 0 0
8.726318359375 -0.4478912353515625 3.5624074935913086 -0.29968039644805283 0.5654483855078268 -0.7684138099431387 -0.9335823147357499 -0.33970775867131636 0.1141170465406015 0 0 0 0 0 0
8.35882568359375 -0.3263397216796875 3.6855416297912598 -0.31440678832169594 0.059318436767803594 -0.9474332137500038 -0.9407999902702149 -0.15264039235745672 0.30264878808368817 0 0 0 0 0 0
7.8958587646484375 -0.5044708251953125 3.884418487548828 -0.2772520114368678 -0.25989515051174744 -0.9249788283494316 -0.9523177160337808 -0.053287015847206784 0.3004188104468543 0 0 0 0 0 0
7.7215118408203125 -0.0374298095703125 4.017911434173584 -0.31497335165090573 -0.6868990121324766 -0.6549515515526494 -0.947832269523802 0.19199065770328944 0.25446723994262493 0 0 0 0 0 0
7.3546600341796875 0.28509521484375 3.931121349334717 -0.3254660222659646 -0.9347039315029221 -0.14283006960493883 -0.9296998351032913 0.2887918824139831 0.2285989178904866 0 0 0 0 0 0
7.0239410400390625 0.4376983642578125 3.7295966148376465 -0.3329093204541565 -0.8380907265243288 0.43217510162973805 -0.9188001812687304 0.39138480882471455 0.051226539233000495 0 0 0 0 0 0
6.691925048828125 0.4647064208984375 3.4872794151306152 -0.33397130031523 -0.4185417598011083 0.8445625884849185 -0.9079739366129903 0.3834197930487287 -0.169034294538061 0 0 0 0 0 0
6.36041259765625 0.3653106689453125 3.2617883682250977 -0.32836606410587793 0.15701146838519905 0.9314092155111727 -0.9020134724648815 0.24046197903738784 -0.35853832728073776 0 0 0 0 0 0
6.0310211181640625 0.1514892578125 3.1147894859313965 -0.31879704944106946 0.6640301830346651 0.6763374581424699 -0.9038677677539217 0.0017955749958274837 -0.4278081746834404 0 0 0 0 0 0
5.7042388916015625 -0.12432861328125 3.1129674911499023 -0.30903275589903123 0.9311037533617522 0.1937641769190248 -0.9124927271885942 -0.23286023597600117 -0.336352691871379 0 0 0 0 0 0
5.379486083984375 -0.3591766357421875 3.28096342086792 -0.3020850065229459 0.8890889313082839 -0.34389754442148235 -0.9238796060092551 -0.3619576945900276 -0.12423003230803686 0 0 0 0 0 0
5.0557403564453125 -0.4478912353515625 3.5624074935913086 -0.29968039644805283 0.5654483855078268 -0.7684138099431387 -0.9335906779721681 -0.3396757687334619 0.11414384844922318 0 0 0 0 0 0
4.688629150390625 -0.3296661376953125 3.705183506011963 -0.310476654777076 0.059661566294550536 -0.94870688009823 -0.9412790942868627 -0.15857443739475094 0.2980735051349615 0 0 0 0 0 0
4.2254791259765625 -0.5003662109375 3.8853583335876465 -0.28072208404330623 -0.2576432878962482 -0.9245620843039118 -0.953982605907389 -0.030899764143713187 0.29826564033091446 0 0 0 0 0 0
4.1551971435546875 -0.5422821044921875 4.8727803230285645 -0.31498160486746785 0.6868788636603641 0.6549687131854172 0.5150200589117733 -0.45595669744731326 0.7258497289187706 0 0 0 0 0 0
3.667572021484375 -0.357391357421875 6.834266662597656 -0.3254656897660073 0.9347029765982744 0.14283707615133662 -0.929700473061378 -0.2887904812777819 -0.22859809341461507 0 0 0 0 0 0
3.3368682861328125 -0.510009765625 7.035810470581055 -0.3329093204541565 0.8380907265243288 -0.43217510162973805 -0.9187964307171047 -0.39139152918937026 -0.051242460716824714 0 0 0 0 0 0
3.0048370361328125 -0.5370025634765625 7.278114318847656 -0.33394341210579453 0.41851646952395155 -0.8445861485060876 -0.9079797517703765 -0.38341397088527834 0.1690162634334005 0 0 0 0 0 0
2.6733245849609375 -0.4376068115234375 7.503603935241699 -0.3283320299821987 -0.1570134350420274 -0.9314208819347307 -0.9020151052811969 -0.24050041342546777 0.358508439212706 0 0 0 0 0 0
2.34393310546875 -0.223785400390625 7.650599479675293 -0.3187975635106759 -0.6640312538028401 -0.6763361645459193 -0.9038564527202749 -0.0018236984949523544 0.42783196117134725 0 0 0 0 0 0
2.0171661376953125 0.052032470703125 7.652436256408691 -0.3090673310282914 -0.9310929913278866 -0.1937607452275535 -0.9124908488866285 0.2329024502453819 0.33632855865635014 0 0 0 0 0 0
1.692413330078125 0.286865234375 7.484428405761719 -0.3020848826810535 -0.8890885668199663 0.3438985955272171 -0.9238797214523474 0.3619576352153563 0.12422934676814451 0 0 0 0 0 0
1.36865234375 0.3755950927734375 7.202983856201172 -0.29968713506990696 -0.5654229526484421 0.7684298964068934 -0.9335893353525099 0.33967329722705875 -0.11416218317357742 0 0 0 0 0 0
1.00115966796875 0.2540435791015625 7.07984733581543 -0.31440678832169594 -0.059318436767803594 0.9474332137500038 -0.9407999366044907 0.1526408103229654 -0.30264874410599346 0 0 0 0 0 0
0.5381927490234375 0.432159423828125 6.880969524383545 -0.2772520114368678 0.25989515051174744 0.9249788283494316 -0.9523177160337808 0.053287015847206784 -0.3004188104468543 0 0 0 0 0 0
0.3638458251953125 -0.0348663330078125 6.7474775314331055 -0.31497335165090573 0.6868990121324766 0.6549515515526494 -0.9478343569582401 -0.1920205004550273 -0.254436945380501 0 0 0 0 0 0
-0.0030059814453125 -0.357391357421875 6.834267616271973 -0.3254656897660073 0.9347029765982744 0.14283707615133662 -0.9297077191857501 -0.2887991895855779 -0.22855761851477166 0 0 0 0 0 0
-0.3337249755859375 -0.510009765625 7.035809516906738 -0.33287557204087354 0.8381018012534943 -0.43217962038267105 -0.9188006363900086 -0.39137550838605417 -0.05128939466276627 0 0 0 0 0 0
-0.6657562255859375 -0.5370025634765625 7.27811336517334 -0.3339430758785935 0.4185160481453106 -0.8445864902528194 -0.907979767677391 -0.3834140536934827 0.16901599012768706 0 0 0 0 0 0
-1.009429931640625 -0.4377288818359375 7.495424270629883 -0.32833399634050425 -0.15697622806334088 -0.9314264601513528 -0.904517882783274 -0.2318228511571116 0.3579183781348072 0 0 0 0 0 0
-1.151123046875 -0.220703125 8.29792594909668 -0.31879807758095685 0.6640323245724202 0.6763348709431105 0.8402504802673334 -0.13218217737565074 0.525839331350126 0 0 0 0 0 0
-1.6504974365234375 -0.122283935546875 10.165675163269043 -0.30902170826745307 0.9311086133934405 0.19375844209739468 -0.9124785033661258 -0.2328336920301744 -0.3364096502039045 0 0 0 0 0 0
-1.9752349853515625 -0.3571014404296875 10.333687782287598 -0.30209463305017664 0.8890791157807068 -0.34391446402394305 -0.9238823559729945 -0.36196210693877445 -0.12419672081915992 0 0 0 0 0 0
-2.2989959716796875 -0.4458465576171875 10.615114212036133 -0.29968121998371733 0.5654499393862833 -0.7684123453180064 -0.9335904134606143 -0.33967654346019993 0.11414370642909082 0 0 0 0 0 0
-2.66650390625 -0.3242950439453125 10.738255500793457 -0.3143717000723263 0.05935716118341702 -0.9474424318183566 -0.9408023280370832 -0.15272182361921263 0.3026004364676741 0 0 0 0 0 0
-3.12945556640625 -0.502410888671875 10.93713092803955 -0.2772523171518657 -0.2598954370880106 -0.9249786561941595 -0.9523175546172319 -0.05328739305612937 0.3004192552236579 0 0 0 0 0 0
-3.303802490234375 -0.0353851318359375 11.070637702941895 -0.3149811129996098 -0.6868777910465028 -0.6549700745992931 -0.9478325554313152 0.1920296162132414 0.2544367767472667 0 0 0 0 0 0
-3.6706695556640625 0.287139892578125 10.983832359313965 -0.3254776273663275 -0.9346991122514952 -0.14283516247847772 -0.9297006922553412 0.28880751899269713 0.22857567629391906 0 0 0 0 0 0
-4.0013885498046875 0.43975830078125 10.782305717468262 -0.33287540054123393 -0.838101369458046 0.4321805898314509 -0.9187917912687268 0.3913913667257188 0.0513268190109072 0 0 0 0 0 0
-4.333404541015625 0.4667510986328125 10.540002822875977 -0.33397663233252706 -0.4185102950679788 0.8445760723451365 -0.9079771688736529 0.38339950729214756 -0.16906294275306039 0 0 0 0 0 0
-4.6649169921875 0.36737060546875 10.314498901367188 -0.32833399634050425 0.15697622806334088 0.9314264601513528 -0.9020037800898121 0.24055084743444696 -0.35850309692143445 0 0 0 0 0 0
-4.994293212890625 0.153533935546875 10.16751480102539 -0.31883234737854943 0.6640242487219921 0.6763266454711644 -0.9038671062136522 0.001742541951960994 -0.42780979167441224 0 0 0 0 0 0
-5.321075439453125 -0.122283935546875 10.165675163269043 -0.3090562110347933 0.9310976370215095 0.19375615797640747 -0.9124883629978134 -0.23288769229301787 -0.3363455220037921 0 0 0 0 0 0
-5.6458282470703125 -0.3571014404296875 10.333687782287598 -0.30209463305017664 0.8890791157807068 -0.34391446402394305 -0.9238823559729945 -0.36196210693877445 -0.12419672081915992 0 0 0 0 0 0
-5.9695892333984375 -0.4458465576171875 10.615114212036133 -0.299646498512687 0.5654564032404277 -0.7684211293057247 -0.9335939768507804 -0.33968359736770015 0.11409355839521738 0 0 0 0 0 0
-6.336700439453125 -0.3276214599609375 10.75791072845459 -0.3104411266990221 0.05970021667288886 -0.9487160750103539 -0.9412798568278107 -0.15866381340355304 0.2980235316991915 0 0 0 0 0 0
-6.799835205078125 -0.4983062744140625 10.938070297241211 -0.2806866334926751 -0.25764576279009616 -0.9245721576463668 -0.9539890301999161 -0.030944870845177334 0.2982404151462355 0 0 0 0 0 0
-6.9764404296875 -0.0367431640625 11.071330070495605 -0.31501547484361325 -0.6868695374223904 -0.6549622043829736 -0.9479231000257908 0.19354299624127178 0.2529484236824695 0 0 0 0 0 0
-7.34124755859375 0.287139892578125 10.983832359313965 -0.3254776273663275 -0.9346991122514952 -0.14283516247847772 -0.9297006922553412 0.28880751899269713 0.22857567629391906 0 0 0 0 0 0
-7.671966552734375 0.43975830078125 10.782305717468262 -0.33287540054123393 -0.838101369458046 0.4321805898314509 -0.9188005983704929 0.3913755912781251 0.05128944321907354 0 0 0 0 0 0
-8.003997802734375 0.4667510986328125 10.540002822875977 -0.3339427396519336 -0.4185156267673479 0.8445868319985192 -0.9079799044742513 0.3834137432435765 -0.1690159594916373 0 0 0 0 0 0
-8.33551025390625 0.36737060546875 10.314498901367188 -0.3282999607833927 0.15697819412313047 0.9314381258674479 -0.9020167957568167 0.24055037720337108 -0.3584706629557308 0 0 0 0 0 0
-8.664886474609375 0.153533935546875 10.16751480102539 -0.31883234737854943 0.6640242487219921 0.6763266454711644 -0.9038671062136522 0.001742541951960994 -0.42780979167441224 0 0 0 0 0 0
-8.991668701171875 -0.122283935546875 10.165675163269043 -0.3090562110347933 0.9310976370215095 0.19375615797640747 -0.9124883629978134 -0.23288769229301787 -0.3363455220037921 0 0 0 0 0 0
-9.31640625 -0.3571014404296875 10.333687782287598 -0.3021292990911555 0.8890688692700088 -0.3439105004585277 -0.9238900210779623 -0.36197159211661917 -0.12411202783422134 0 0 0 0 0 0
-9.640167236328125 -0.4458465576171875 10.615114212036133 -0.29968121998371733 0.5654499393862833 -0.7684123453180064 -0.9335987751197649 -0.33964455253530934 0.11417050857364394 0 0 0 0 0 0
-10.007659912109375 -0.3242950439453125 10.738255500793457 -0.31440607665103304 0.059356449316792945 -0.9474310692020859 -0.9408062613194406 -0.15260545627721192 0.30264691205522076 0 0 0 0 0 0
-10.47064208984375 -0.502410888671875 10.93713092803955 -0.2772523171518657 -0.2598954370880106 -0.9249786561941595 -0.9523120738369532 -0.05332887562282514 0.30042926796363717 0 0 0 0 0 0
-10.64495849609375 -0.0353851318359375 11.070635795593262 -0.315016950574239 -0.6868727551513378 -0.6549581200975508 -0.9478220442006182 0.19207647197816496 0.25444056563327827 0 0 0 0 0 0
-11.011871337890625 0.2871551513671875 10.983839988708496 -0.3254660222659646 -0.9347039315029221 -0.14283006960493883 -0.9297000021582253 0.2887920831528347 0.22859798488884792 0 0 0 0 0 0
-11.34259033203125 0.43975830078125 10.78231143951416 -0.33294323907480483 -0.8380800827765196 0.4321696130082253 -0.9187960415500236 0.39140069030144614 0.0511794261745748 0 0 0 0 0 0
-11.67462158203125 0.466766357421875 10.539998054504395 -0.33393471837492694 -0.4185437205859833 0.8445760817249685 -0.9079772813070308 0.3834331186206386 -0.16898609462066538 0 0 0 0 0 0
-12.006011962890625 0.3673553466796875 10.314494132995605 -0.3283658430525224 0.15697321609678552 0.9314157409796325 -0.9020107379796656 0.24048634021025042 -0.35852886737563927 0 0 0 0 0 0
-12.175689697265625 0.15362548828125 9.514139175415039 -0.3187562457541987 -0.6640627963246877 -0.6763246693194956 0.8320733442339433 0.1456738938065736 -0.535194419326821 0 0 0 0 0 0
-12.6788330078125 0.0540924072265625 7.646336555480957 -0.3089870615404569 -0.9311191586593843 -0.193763020667087 -0.9124899337391243 0.2328009819380924 0.3364012836381996 0 0 0 0 0 0
-13.003448486328125 0.288909912109375 7.478299140930176 -0.3020494733467508 -0.8890966248159536 0.3439088649509193 -0.92389121393316 0.36192576066768867 0.12423674409057471 0 0 0 0 0 0
-13.327239990234375 0.3776397705078125 7.19688606262207 -0.2996887822527487 -0.5654260604060898 0.7684269672555184 -0.9335804435041426 0.33970683633302406 -0.11413509913789355 0 0 0 0 0 0
-13.694366455078125 0.259429931640625 7.054083824157715 -0.3104425310929542 -0.05970048674864504 0.9487155984648797 -0.941279493255074 0.15866332211201292 -0.29802494156337095 0 0 0 0 0 0
-14.15704345703125 0.4287872314453125 6.870327472686768 -0.28068508666359965 0.2576443429363892 0.9245730229016655 -0.9540650309484386 0.03025160265938979 -0.29806837681628306 0 0 0 0 0 0
-14.3349609375 -0.0335235595703125 6.736262321472168 -0.3150171965297928 0.6868732914404758 0.6549574393777331 -0.9479184118862037 -0.1934845071634845 -0.2530107307899039 0 0 0 0 0 0
-14.6998291015625 -0.357391357421875 6.823726654052734 -0.3254773502544746 0.9346983164480939 0.14284100146815445 -0.9296987594523788 -0.2888033896736589 -0.22858875472278298 0 0 0 0 0 0
-15.030548095703125 -0.510009765625 7.025273323059082 -0.3328757435403051 0.8381022330484188 -0.4321786509323927 -0.9188006744094426 -0.3913754254941361 -0.05128934610655049 0 0 0 0 0 0
-15.362579345703125 -0.5370025634765625 7.267578125 -0.3339467744075596 0.4185206833476509 -0.844582730981993 -0.9079578411106984 -0.3834838899031553 0.16897533829036826 0 0 0 0 0 0
-15.694183349609375 -0.4376373291015625 7.49308967590332 -0.3283665722382728 -0.15697356467942528 -0.931415425161255 -0.9020112683639443 -0.24048343405630357 0.3585294823148522 0 0 0 0 0 0
-16.023406982421875 -0.2237701416015625 7.640066146850586 -0.31883234737854943 -0.6640242487219921 -0.6763266454711644 -0.9038650040574053 -0.001748052056901371 0.4278142105567712 0 0 0 0 0 0
-16.350250244140625 0.052032470703125 7.641912460327148 -0.3090673310282914 -0.9310929913278866 -0.1937607452275535 -0.9124892883599347 0.23290081562898307 0.3363339244080715 0 0 0 0 0 0
-16.674957275390625 0.2868804931640625 7.473888397216797 -0.30212004323924635 -0.8890797787597366 0.34389042800527847 -0.9238640801357703 0.36199461195758237 0.12423792636939252 0 0 0 0 0 0
-16.9989013671875 0.3756256103515625 7.192469596862793 -0.29960903125421035 -0.5654576865649554 0.7684347943030183 -0.9335896906447216 0.3397214434277752 -0.11401592168307895 0 0 0 0 0 0
-17.36627197265625 0.2540283203125 7.069317817687988 -0.31433377339602225 -0.059319055537720225 0.9474574019726327 -0.9408097004179468 0.15274654472648994 -0.3025650354446324 0 0 0 0 0 0
-17.8292236328125 0.432159423828125 6.870468616485596 -0.2772492625423141 0.2599307202756368 0.9249696573816526 -0.9523124012512579 0.05332244586230233 -0.30042937138423215 0 0 0 0 0 0
-17.867828369140625 0.4703521728515625 5.88173246383667 -0.3149447826180205 -0.6868817533696798 -0.6549833897050231 0.5358591743665442 0.4409037554112303 -0.7200408486408807 0 0 0 0 0 0
-18.35382080078125 0.2851104736328125 3.920564651489258 -0.3255458381239292 -0.9346758994272922 -0.14283161523266016 -0.9297015412755597 0.2889025959296563 0.22845203920069154 0 0 0 0 0 0
-18.68463134765625 0.437713623046875 3.7190685272216797 -0.33287557204087354 -0.8381018012534943 0.43217962038267105 -0.9188006824763605 0.39137542582609214 0.05128919906197986 0 0 0 0 0 0
-19.016632080078125 0.4647064208984375 3.4767537117004395 -0.33400889020330704 -0.4185410625069307 0.8445480686501654 -0.9079745656774292 0.38339312483951493 -0.1690913951349274 0 0 0 0 0 0
-19.3482666015625 0.365325927734375 3.251249313354492 -0.3282961719252801 0.15701452982157252 0.9314333368116675 -0.902017188442979 0.24054003367141288 -0.3584766156317302 0 0 0 0 0 0
-19.677642822265625 0.1514892578125 3.1042747497558594 -0.3187529048368969 0.6640558362135832 0.6763330777425564 -0.9038706996820746 0.0018448402992993901 -0.4278017704737877 0 0 0 0 0 0
-20.0042724609375 -0.12432861328125 3.1024575233459473 -0.3090672596393457 0.9310927762622995 0.19376189256711157 -0.9124679343640352 -0.2328779470644924 -0.33640768500207996 0 0 0 0 0 0
-20.741302490234375 1.5673675537109375 2.7921946048736572 0.9962192216629749 0 -0.08687498137678326 -0.03692830683386794 -0.9051585423991837 -0.42346701557048005 0 0 0 0 0 0
-17.391876220703125 0.6123046875 1.8854665756225586 0 1 0 0 0 1 0 0 0 0 0 0
-17.795379638671875 0.6123046875 1.7462904453277588 0 1 0 0 0 1 0 0 0 0 0 0
-18.247283935546875 0.6123046875 1.163137435913086 0 1 0 0 0 1 0 0 0 0 0 0
-17.918914794921875 0.6123046875 0.5025135278701782 0 1 0 0 0 1 0 0 0 0 0 0
-20.48016357421875 0.2733001708984375 -0.001518515287898481 0.9999912384064408 0 0.004186061436853313 -0.0037210212135787134 -0.4580868241430732 0.888899665624665 0 0 0 0 0 0
-20.301055908203125 -0.5157318115234375 0.42285749316215515 0.3090672908720574 0.9310928703536383 0.19376139060615274 0.9371611147347084 -0.2634894982151738 -0.228697025252876 0 0 0 0 0 0
-19.750030517578125 -0.61505126953125 0.19717153906822205 0.31883254017111207 0.6640246502462966 0.6763261603644497 0.9357676086483588 -0.3339232250711022 -0.11328840347822915 0 0 0 0 0 0
-19.420684814453125 -0.530029296875 -0.0578555129468441 0.32836648393827667 0.15697352246817012 0.9314154634049985 0.9284012150273692 -0.2352025879548802 -0.28766460775533664 0 0 0 0 0 0
-19.08905029296875 -0.3315582275390625 -0.21532848477363586 0.3340143068738563 -0.41850970314219704 0.8445614667858151 0.9179720602720268 -0.05892032663584968 -0.39224442847420415 0 0 0 0 0 0
-18.756256103515625 -0.0902252197265625 -0.24643853306770325 0.33286492976596826 -0.8381131528636361 0.43216580328488774 0.9076473845183087 0.16049666926791528 -0.38783636308497327 0 0 0 0 0 0
-18.4246826171875 0.13507080078125 -0.15080150961875916 0.3254659183614071 -0.9347036331000419 -0.1428322591529949 0.9020057506064492 0.35222822054388275 -0.24964155608669483 0 0 0 0 0 0
-18.095733642578125 0.2837066650390625 0.0592864491045475 0.3150169179082767 -0.6868726839254576 -0.6549582105055317 0.9041601119595193 0.42699806542027036 -0.012928420966848259 0 0 0 0 0 0
-17.657012939453125 0.378082275390625 0.24732443690299988 0.27724941539518927 -0.259930863580465 -0.9249695712948289 0.9173658071321754 0.35779318202395455 0.1744248113139466 0 0 0 0 0 0
-17.339569091796875 0.412628173828125 0.36588844656944275 0.3144026180374599 0.059317649969455245 -0.9474346469141248 0.9411025626710657 -0.15027245622886712 0.30289297686294403 0 0 0 0 0 0
-17.055145263671875 0.021087646484375 0.6437845230102539 0.29967838909225686 0.5654445979524597 -0.7684173799163129 0.937962812094563 -0.02737886065733044 0.34565323825586547 0 0 0 0 0 0
-16.7305908203125 -0.300567626953125 0.6455245018005371 0.3021997116024172 0.8890515625607088 -0.34389337506817097 0.9371449058834439 -0.21106509807942567 0.27786858359561584 0 0 0 0 0 0
-16.40606689453125 -0.5341644287109375 0.46863552927970886 0.3089982821656304 0.9311148235924329 0.19376595909788175 0.9389114726330822 -0.3311157261225915 0.09384893431619924 0 0 0 0 0 0
-16.079437255859375 -0.61505126953125 0.19717153906822205 0.31883254017111207 0.6640246502462966 0.6763261603644497 0.9357676086483588 -0.3339232250711022 -0.11328840347822915 0 0 0 0 0 0
-15.750091552734375 -0.530029296875 -0.0578555129468441 0.32836648393827667 0.15697352246817012 0.9314154634049985 0.9284012150273692 -0.2352025879548802 -0.28766460775533664 0 0 0 0 0 0
-15.41845703125 -0.3315582275390625 -0.21532848477363586 0.3339465222330506 -0.4185203673085216 0.8445829872998809 0.917980366221612 -0.05901353661343812 -0.39221097604224403 0 0 0 0 0 0
-15.205169677734375 -0.81988525390625 -1.3982174396514893 0.3328757006654667 0.8381021250997368 -0.4321788932951028 -0.3165660258776775 -0.33239556987954116 -0.8884250876604447 0 0 0 0 0 0
-14.737579345703125 -0.207366943359375 -3.2225074768066406 0.32554586583894807 0.9346759789999889 0.1428310313467691 0.9020029075346675 -0.3523004655898881 0.2495498682511258 0 0 0 0 0 0
-14.408599853515625 -0.35601806640625 -3.4326064586639404 0.31493702208215146 0.6869029743984134 0.6549648661452301 0.9041562967440119 -0.42700200831388097 0.013064300749253228 0 0 0 0 0 0
-13.968719482421875 -0.4395751953125 -3.6034114360809326 0.2806148012966404 0.25764985970058585 0.924592820158969 0.9180093121010711 -0.35326464603198887 -0.18017489492049735 0 0 0 0 0 0
-13.648162841796875 -0.4888153076171875 -3.733102560043335 0.3104432378747036 -0.05966247530548494 0.9487177583972447 0.9441907111168891 0.13498034804485265 -0.3004733044419653 0 0 0 0 0 0
-13.369873046875 -0.087921142578125 -4.0121893882751465 0.2997583603200341 -0.5654133897510238 0.7684091514997081 0.9371107343044549 0.023555740684267027 -0.3482364121285725 0 0 0 0 0 0
-13.042388916015625 0.230316162109375 -4.014460563659668 0.3020494114305489 -0.8890964425627437 0.34390939050385505 0.9371645259277696 0.21086431849347056 -0.27795483541191235 0 0 0 0 0 0
-12.718048095703125 0.4639129638671875 -3.837512493133545 0.3089870615404569 -0.9311191586593843 -0.193763020667087 0.9389260978014432 0.33109337979764136 -0.09378143057945691 0 0 0 0 0 0
-12.39154052734375 0.5447845458984375 -3.5660383701324463 0.31883260443532074 -0.6640247840877755 -0.6763259986620161 0.935765482065633 0.333932645142119 0.1132782021523175 0 0 0 0 0 0
-12.06201171875 0.459808349609375 -3.3110663890838623 0.3283644234581617 -0.15701068389333103 -0.9314099261605159 0.9284025318214423 0.23521031220039726 0.287654042109837 0 0 0 0 0 0
-11.7303466796875 0.2613067626953125 -3.1535584926605225 0.33393522268447245 0.41854435267238194 -0.8445755690858745 0.9180001106038967 0.058940990612749926 0.39217567053148683 0 0 0 0 0 0
-11.39776611328125 0.01995849609375 -3.1224825382232666 0.33286492976596826 0.8381131528636361 -0.43216580328488774 0.9076250387468037 -0.16045111267315398 0.38790750119301626 0 0 0 0 0 0
-11.066131591796875 -0.2053070068359375 -3.2180895805358887 0.3254776550769157 0.9346991918301205 0.14283457857868975 0.9019825668517338 -0.35224331233014555 0.24970402082114132 0 0 0 0 0 0
-10.7371826171875 -0.3539581298828125 -3.428182363510132 0.3150171965297928 0.6868732914404758 0.6549574393777331 0.9041363974583577 -0.42704639184833526 0.012990535029040079 0 0 0 0 0 0
-10.298370361328125 -0.448333740234375 -3.616185426712036 0.27725247000959613 0.2598955803763592 0.9249785701163099 0.917370443327108 -0.35777015950966834 -0.17444765023998451 0 0 0 0 0 0
-9.981048583984375 -0.4828338623046875 -3.7347943782806396 0.31440714342139814 -0.059318503763682855 0.9474330917151006 0.9411001627114266 0.15028029025957296 -0.30289654686711937 0 0 0 0 0 0
-9.696533203125 -0.091339111328125 -4.0126848220825195 0.29968094547150065 -0.565449421426178 0.7684128335277255 0.9379616949309504 0.02738118526274428 -0.3456560856340685 0 0 0 0 0 0
-9.4803466796875 -1.3714141845703125 -4.818156719207764 0.3020600896549112 0.8890897258774136 -0.34391737609038103 -0.09172702507228352 -0.33198796046803963 -0.9388131587145869 0 0 0 0 0 0
-9.06402587890625 -0.5321044921875 -6.585779666900635 0.3090671882500103 0.9310925611955382 0.1937630399058746 0.9389132079968285 -0.33115841793154527 0.0936807882235221 0 0 0 0 0 0
-8.73736572265625 -0.6129913330078125 -6.857240676879883 0.31876354951919866 0.66403986434666 0.6763437425277112 0.935777432593188 -0.3339334389722085 -0.11317709567529864 0 0 0 0 0 0
-8.407989501953125 -0.5279693603515625 -7.112237453460693 0.32836766602250705 0.15697408755606607 0.9314149514297437 0.9283863731149296 -0.23528258727097584 -0.2876470864472342 0 0 0 0 0 0
-8.076263427734375 -0.3295135498046875 -7.269736289978027 0.3339377442504567 -0.41854751312725735 0.8445730058555654 0.9179816523682351 -0.05901274728667844 -0.39220808453289635 0 0 0 0 0 0
-7.743621826171875 -0.088165283203125 -7.3008222579956055 0.33287540054123393 -0.838101369458046 0.4321805898314509 0.9076484372527787 0.1605074018426434 -0.38782945775986777 0 0 0 0 0 0
-7.4119873046875 0.137115478515625 -7.205200672149658 0.32547729483080123 -0.9346981572836723 -0.1428421692643001 0.9019854144176431 0.35224453782214166 -0.24969200578372205 0 0 0 0 0 0
-7.083038330078125 0.2857513427734375 -6.995117664337158 0.31501547484361325 -0.6868695374223904 -0.6549622043829736 0.9041363337570367 0.4270465265221647 -0.012990541395128015 0 0 0 0 0 0
-6.643096923828125 0.3693389892578125 -6.824304580688477 0.2806866334926751 -0.25764576279009616 -0.9245721576463668 0.91801307913017 0.35320680742096616 0.1802690703848903 0 0 0 0 0 0
-6.32354736328125 0.4205474853515625 -6.6901702880859375 0.31044182889448807 0.05970035171047847 -0.9487158367384254 0.9447628877484637 -0.12973630740149483 0.3009843458969399 0 0 0 0 0 0
-6.045166015625 0.0197296142578125 -6.411105632781982 0.29968094547150065 0.565449421426178 -0.7684128335277255 0.9371198655777803 -0.023452430595220213 0.3482188120114412 0 0 0 0 0 0
-5.7177886962890625 -0.29852294921875 -6.4088454246521 0.302084387310714 0.8890871088585443 -0.3439027999372288 0.9371579360275533 -0.2109072155130235 0.27794450774411744 0 0 0 0 0 0
-5.3934326171875 -0.5321044921875 -6.585779666900635 0.3090671882500103 0.9310925611955382 0.1937630399058746 0.9389132079968285 -0.33115841793154527 0.0936807882235221 0 0 0 0 0 0
-5.0667877197265625 -0.6129913330078125 -6.857240676879883 0.3187978205457321 0.6640317891874546 0.6763355177452972 0.9357714810226327 -0.3339330439831622 -0.1132274588642177 0 0 0 0 0 0
-4.737396240234375 -0.5279693603515625 -7.112237453460693 0.32833363177292035 0.1569760537638628 0.9314266180389785 0.9283917946269273 -0.23531124229032296 -0.2876061454857635 0 0 0 0 0 0
-4.4056854248046875 -0.3295135498046875 -7.269736289978027 0.3339377442504567 -0.41854751312725735 0.8445730058555654 0.9179993986564254 -0.05893757877469267 -0.3921778498011052 0 0 0 0 0 0
-4.1925506591796875 -0.817840576171875 -8.452615737915039 0.3328647582827771 0.8381127210899492 -0.4321667727169104 -0.3164911679501432 -0.3324211920167071 -0.8884421712794514 0 0 0 0 0 0
-3.7249298095703125 -0.2053070068359375 -10.276914596557617 0.3255001273521553 0.9346923263224963 0.14282829624262364 0.9020044263607014 -0.3522582339613451 0.24960398921518978 0 0 0 0 0 0
-3.3959503173828125 -0.3539581298828125 -10.487000465393066 0.31497285982171075 0.6868979395433626 0.6549529129844497 0.9041493519582774 -0.4270177126696429 0.01303159314180331 0 0 0 0 0 0
-2.95721435546875 -0.4483184814453125 -10.675017356872559 0.2772529285837134 0.2598960102422729 0.924978311881907 0.9173539900044128 -0.35782163612500223 -0.1744285921052237 0 0 0 0 0 0
-2.639862060546875 -0.4828338623046875 -10.793618202209473 0.3144074985218568 -0.05931857075970484 0.9474329696797842 0.9411052892296246 0.1502387401514557 -0.30290123067054076 0 0 0 0 0 0
-2.3553619384765625 -0.091339111328125 -11.071508407592773 0.29968121998371733 -0.5654499393862833 0.7684123453180064 0.9379618168006681 0.027382577890333163 -0.3456556446119022 0 0 0 0 0 0
-2.03070068359375 0.2303314208984375 -11.073273658752441 0.302084387310714 -0.8890871088585443 0.3439027999372288 0.9371654564664155 0.21092471714156194 -0.27790586698529274 0 0 0 0 0 0
-1.70635986328125 0.4639129638671875 -10.896332740783691 0.3090673310282914 -0.9310929913278866 -0.1937607452275535 0.9389131824179164 0.3311583055663537 -0.09368144179229002 0 0 0 0 0 0
-1.37969970703125 0.5447998046875 -10.624878883361816 0.31883234737854943 -0.6640242487219921 -0.6763266454711644 0.9357677583656229 0.3339226362382279 0.11328890241806278 0 0 0 0 0 0
-1.050323486328125 0.4597930908203125 -10.369874954223633 0.32836606410587793 -0.15701146838519905 -0.9314092155111727 0.9283930045496724 0.23526029853447725 0.2876439136096931 0 0 0 0 0 0
-0.7076568603515625 0.26287841796875 -10.208329200744629 0.33397130031523 0.4185417598011083 -0.8445625884849185 0.9180193182056242 0.058789801167301016 0.39215340197426574 0 0 0 0 0 0
-0.3723907470703125 0.017913818359375 -10.17518138885498 0.33287540054123393 0.838101369458046 -0.4321805898314509 0.9076369632198552 -0.16048400569037308 0.38786599092291124 0 0 0 0 0 0
-0.040771484375 -0.207366943359375 -10.270798683166504 0.3254660222659646 0.9347039315029221 0.14283006960493883 0.9020057724177004 -0.3522277257988375 0.24964217533046545 0 0 0 0 0 0
0.2881927490234375 -0.3560028076171875 -10.480891227722168 0.31498160486746785 0.6868788636603641 0.6549687131854172 0.9041489937541661 -0.4270191759479767 0.013008476699445033 0 0 0 0 0 0
0.7269287109375 -0.4503631591796875 -10.66891860961914 0.2772171019191531 0.2598981856853158 0.9249884385661408 0.9173539253662105 -0.357843458325947 -0.17438415911008553 0 0 0 0 0 0
1.044281005859375 -0.484893798828125 -10.787519454956055 0.31440678832169594 -0.059318436767803594 0.9474332137500038 0.9411059234775632 0.15023546631967172 -0.302900883879783 0 0 0 0 0 0
1.3287811279296875 -0.0933990478515625 -11.065409660339355 0.2996865860115882 -0.5654219167341853 0.7684308727799521 0.9379621087438185 0.02738276140151524 -0.3456548378641288 0 0 0 0 0 0
1.6534423828125 0.228271484375 -11.067156791687012 0.3020848826810535 -0.8890885668199663 0.3438985955272171 0.9371592404051329 0.21091236075801306 -0.2779362052751612 0 0 0 0 0 0
1.9777984619140625 0.46185302734375 -10.890227317810059 0.3090326845159825 -0.9311035382873842 -0.19376532427025903 0.9389187285605737 0.33113067459420176 -0.0937235162645146 0 0 0 0 0 0
2.304443359375 0.542755126953125 -10.61876392364502 0.31878948811002855 -0.6640525797558187 -0.6763190324027472 0.9357673618416016 0.3339610028730309 0.11317903106162623 0 0 0 0 0 0
2.633819580078125 0.457733154296875 -10.363765716552734 0.3283680306187475 -0.15697426184899463 -0.9314147935181879 0.9283936215358547 0.23524205728265946 0.28765684065734043 0 0 0 0 0 0
2.965545654296875 0.2592620849609375 -10.206280708312988 0.3339374080399008 0.4185470917310705 -0.8445733476229615 0.9179909370401005 0.05897428028851037 0.3921921388512149 0 0 0 0 0 0
3.2982025146484375 0.017913818359375 -10.17518138885498 0.33287540054123393 0.838101369458046 -0.4321805898314509 0.9076351077523885 -0.1604802226149922 0.3878718980858922 0 0 0 0 0 0
3.6298065185546875 -0.207366943359375 -10.270800590515137 0.3255001273521553 0.9346923263224963 0.14282829624262364 0.9020044263607014 -0.3522582339613451 0.24960398921518978 0 0 0 0 0 0
3.958770751953125 -0.3560028076171875 -10.480890274047852 0.31501596675330806 0.686870609997586 0.6549608429608771 0.904148209591261 -0.4270223255719903 0.012959496749737912 0 0 0 0 0 0
4.398712158203125 -0.4395904541015625 -10.651712417602539 0.2806866334926751 0.25764576279009616 0.9245721576463668 0.918008696688394 -0.3532208775412975 -0.18026381909144198 0 0 0 0 0 0
4.71826171875 -0.4907989501953125 -10.785847663879395 0.3104755968127604 -0.059699509646390224 0.9487048394162121 0.9447482420074875 0.12977305922197635 -0.3010144719509869 0 0 0 0 0 0
4.9966278076171875 -0.0899658203125 -11.064909934997559 0.29968012193682164 -0.5654478675495809 0.7684142981488328 0.9371201898832495 0.023451501090005294 -0.34821800184626867 0 0 0 0 0 0
5.32403564453125 0.228271484375 -11.067157745361328 0.3020848826810535 -0.8890885668199663 0.3438985955272171 0.9371592404051329 0.21091236075801306 -0.2779362052751612 0 0 0 0 0 0
5.64837646484375 0.46185302734375 -10.890226364135742 0.3090326845159825 -0.9311035382873842 -0.19376532427025903 0.9389187688476335 0.33113063389782943 -0.09372325645252465 0 0 0 0 0 0
5.97503662109375 0.542755126953125 -10.618765830993652 0.31878948811002855 -0.6640525797558187 -0.6763190324027472 0.9357673135586038 0.3339612171906532 0.11317879787244392 0 0 0 0 0 0
6.304412841796875 0.457733154296875 -10.363764762878418 0.32833399634050425 -0.15697622806334088 -0.9314264601513528 0.9283916007494118 0.23531174423150492 0.2876063606471036 0 0 0 0 0 0
6.636138916015625 0.2592620849609375 -10.206281661987305 0.3339374080399008 0.4185470917310705 -0.8445733476229615 0.9179917439587602 0.058970862348929086 0.3921907640643488 0 0 0 0 0 0
6.8191375732421875 0.74822998046875 -9.022383689880371 0.3328757435403051 -0.8381022330484188 0.4321786509323927 -0.3341894072055464 0.3237167984336892 0.8851694044212373 0 0 0 0 0 0
7.2839202880859375 0.13507080078125 -7.199090480804443 0.3254656897660073 -0.9347029765982744 -0.14283707615133662 0.901993306650966 0.35223138827107275 -0.24968204555692372 0 0 0 0 0 0
7.612884521484375 0.2837066650390625 -6.989016532897949 0.31497335165090573 -0.6868990121324766 -0.6549515515526494 0.9041493633468821 0.4270176880629249 -0.013031609295196858 0 0 0 0 0 0
8.051605224609375 0.3780670166015625 -6.800986289978027 0.2772520114368678 -0.25989515051174744 -0.9249788283494316 0.9173660788908574 0.3577840563726387 0.1744421001534713 0 0 0 0 0 0
8.368972778320312 0.4125823974609375 -6.682385444641113 0.31440607665103304 0.059356449316792945 -0.9474310692020859 0.9411082271520862 -0.1502311440072103 0.3028958701549799 0 0 0 0 0 0
8.653472900390625 0.0211029052734375 -6.404494285583496 0.2996868605405833 0.5654224346910037 -0.7684303845940935 0.9379544959085684 -0.02734759796051871 0.34567827888181446 0 0 0 0 0 0
8.978134155273438 -0.300567626953125 -6.402746677398682 0.3020850065229459 0.8890889313082839 -0.34389754442148235 0.9371593371500521 -0.21091311337246704 0.27793530794054955 0 0 0 0 0 0
9.302474975585938 -0.534149169921875 -6.579667568206787 0.3090671882500103 0.9310925611955382 0.1937630399058746 0.9389131677374024 -0.33115845861143206 0.0936810479201473 0 0 0 0 0 0
9.629135131835938 -0.61505126953125 -6.851133346557617 0.3187975635106759 0.6640312538028401 0.6763361645459193 0.9357674449053994 -0.3339510652819718 -0.11320766339897785 0 0 0 0 0 0
9.958511352539062 -0.530029296875 -7.1061296463012695 0.32833399634050425 0.15697622806334088 0.9314264601513528 0.9283987617979977 -0.23527227146089313 -0.2876155374342228 0 0 0 0 0 0
10.29022216796875 -0.3315582275390625 -7.263624668121338 0.3339377442504567 -0.41854751312725735 0.8445730058555654 0.9179904077510076 -0.0589756652298253 -0.39219316948136485 0 0 0 0 0 0
10.622879028320312 -0.0902252197265625 -7.294710636138916 0.33287557204087354 -0.8381018012534943 0.43217962038267105 0.907648122236044 0.1605074607794721 -0.38783017061016517 0 0 0 0 0 0
10.954498291015625 0.13507080078125 -7.199090480804443 0.3254997948256132 -0.9346913714534162 -0.14283530270565242 0.9020035545383507 0.35225995141399463 -0.24960471596103917 0 0 0 0 0 0
11.283462524414062 0.2837066650390625 -6.989016532897949 0.3150077128347453 -0.6868907586601185 -0.6549436819467377 0.9041485802153179 0.42702083816320796 -0.01298262951086456 0 0 0 0 0 0
11.723403930664062 0.367279052734375 -6.818192481994629 0.28068632412561195 -0.25764547881820915 -0.924572330698571 0.9180132211277036 0.3532064898114777 0.1802689695698983 0 0 0 0 0 0
12.043624877929688 0.4210357666015625 -6.6799845695495605 0.3104759479407858 0.05969957716271407 -0.9487047202564471 0.9453832129125086 -0.12362083762961669 0.30160979633787555 0 0 0 0 0 0
12.322235107421875 0.0197296142578125 -6.400576591491699 0.29968121998371733 0.5654499393862833 -0.7684123453180064 0.9371198167441162 -0.023453013600011285 0.34821890416597406 0 0 0 0 0 0
12.571914672851562 1.299560546875 -5.598482608795166 0.3020945091942978 -0.8890787512668651 0.34391551514929986 -0.07073072961248417 0.3388719565901166 0.9381700064088981 0 0 0 0 0 0
12.990493774414062 0.4639129638671875 -3.8269805908203125 0.30903275589903123 -0.9311037533617522 -0.1937641769190248 0.9389187661096774 0.3311305675112865 -0.0937235184291249 0 0 0 0 0 0
13.317123413085938 0.5447998046875 -3.555520534515381 0.3187978205457321 -0.6640317891874546 -0.6763355177452972 0.9357714810226327 0.3339330439831622 0.1132274588642177 0 0 0 0 0 0
13.646514892578125 0.4597930908203125 -3.3005213737487793 0.32836730142701454 -0.15697391326349497 -0.9314151093407735 0.928393585205411 0.23524339170839936 0.28765586663054843 0 0 0 0 0 0
13.978225708007812 0.261322021484375 -3.1430325508117676 0.3339425715388064 0.4185154160786207 -0.844587002870982 0.9179911722626442 0.05897783638152888 0.3921910535231655 0 0 0 0 0 0
14.310897827148438 0.0199737548828125 -3.1119415760040283 0.3328754862910797 0.8381015853558356 -0.43218010510724825 0.9076372260996485 -0.16048489234652555 0.38786500889698683 0 0 0 0 0 0
14.642486572265625 -0.2053070068359375 -3.2075605392456055 0.3255000165117115 0.9346920080377906 0.1428306317326858 0.9020041524610329 -0.3522588036414038 0.249604175045572 0 0 0 0 0 0
14.971466064453125 -0.3539581298828125 -3.4176464080810547 0.3149732286935588 0.6868987439850931 0.6549518919111973 0.9041493551576518 -0.42701770509893017 0.013031619241134268 0 0 0 0 0 0
15.410186767578125 -0.4483184814453125 -3.605675458908081 0.27725216429428956 0.2598952937998067 0.9249787422718667 0.9173660447979302 -0.35778409993095445 -0.17444219010434134 0 0 0 0 0 0
15.727554321289062 -0.4828338623046875 -3.7242634296417236 0.3144076760723697 -0.05931860425776934 0.9474329086619706 0.941110440498266 0.15019741989349886 -0.302905717744806 0 0 0 0 0 0
16.012054443359375 -0.091339111328125 -4.002155780792236 0.29971580299506045 -0.5654432159597532 0.7684038046236615 0.9379572999086101 0.027431737546789133 -0.345664003511089 0 0 0 0 0 0
16.336715698242188 0.2303314208984375 -4.003918647766113 0.3020842634674367 -0.8890867443661508 0.3439038510364999 0.9371581155482636 0.21090710576005714 -0.27794398572723916 0 0 0 0 0 0
16.661087036132812 0.4639129638671875 -3.8269805908203125 0.30903275589903123 -0.9311037533617522 -0.1937641769190248 0.9389123077858963 0.3311370902505989 -0.09376516276597202 0 0 0 0 0 0
16.987701416015625 0.5447998046875 -3.55552339553833 0.31883376119287893 -0.6640271932381483 -0.6763230880014887 0.9357587425757582 0.3339621168504428 0.11324698760588417 0 0 0 0 0 0
17.317153930664062 0.4597930908203125 -3.3005104064941406 0.3283318089462176 -0.1569751822718352 -0.931427407469218 0.9283921276951035 0.23531223963914846 0.28760425433182796 0 0 0 0 0 0
17.648727416992188 0.2613067626953125 -3.143036365509033 0.3340137183784086 0.4185089657754135 -0.8445620649192236 0.9179901717664196 0.05884508153895639 0.3922133359779259 0 0 0 0 0 0
17.83184814453125 0.7502899169921875 -1.9591424465179443 0.3328648011535944 -0.83811282903342 0.4321665303590452 -0.3341275238867054 0.32373706886904824 0.8851853523536278 0 0 0 0 0 0
18.296585083007812 0.137115478515625 -0.1358495056629181 0.3255116294563989 -0.9346872078917948 -0.14283557852328138 0.9020038907575889 0.3522706409522496 -0.24958841435704338 0 0 0 0 0 0
18.62554931640625 0.2857666015625 0.07423946261405945 0.3150168890853707 -0.6868726210790971 -0.6549582902772562 0.9041426517276269 0.42703364878075384 -0.012974133340269785 0 0 0 0 0 0
19.065505981445312 0.369354248046875 0.245060533285141 0.28068508666359965 -0.2576443429363892 -0.9245730229016655 0.9180090870611586 0.3532203156603977 0.18026293206843025 0 0 0 0 0 0
19.385086059570312 0.420562744140625 0.37916645407676697 0.31040191783362014 0.05970001246277689 -0.9487289169816397 0.9447762053197676 -0.12973001797413666 0.3009452513298898 0 0 0 0 0 0
19.66339111328125 0.01971435546875 0.658232569694519 0.29964366788450364 0.5654510616234243 -0.768426163795627 0.9371326924395753 -0.02343443749217392 0.3481855021398478 0 0 0 0 0 0
19.990692138671875 -0.29852294921875 0.660475492477417 0.30212013612837807 0.889080052114155 -0.3438896396788684 0.9371532109079161 -0.21095775252627852 0.2779220860853706 0 0 0 0 0 0
20.931976318359375 1.360748291015625 0.9069185256958008 -0.9981922902361113 0 -0.06010117896669577 -0.05810768610853057 -0.25541675001802894 0.9650833024280032 0 0 0 0 0 0
18.569671630859375 0.6123046875 1.2213964462280273 0 1 0 0 0 1 0 0 0 0 0 0
18.973312377929688 0.6123046875 1.3605844974517822 0 1 0 0 0 1 0 0 0 0 0 0
19.425079345703125 0.6123046875 1.9437255859375 0 1 0 0 0 1 0 0 0 0 0 0
19.096725463867188 0.6123046875 2.6043496131896973 0 1 0 0 0 1 0 0 0 0 0 0
20.596893310546875 0.2866363525390625 3.9313507080078125 -0.9845219153529989 0 -0.17526151371496934 0.1602396180176041 -0.40506321697419173 -0.900137242353682 0 0 0 0 0 0
20.277359008789062 -0.3448638916015625 3.3602213859558105 -0.3020841396238825 0.8890863798729423 -0.3439049021344782 -0.9484351442454039 -0.24397915749631152 0.2023485800977859 0 0 0 0 0 0
19.738967895507812 -0.4458465576171875 3.566828727722168 -0.299643753660602 0.5654512234896376 -0.7684260112374232 -0.9336030191767013 -0.33964979892178765 0.1141201852282806 0 0 0 0 0 0
19.371917724609375 -0.327606201171875 3.709606647491455 -0.3104425310929542 0.05970048674864504 -0.9487155984648797 -0.9412860930080289 -0.15861431134085394 0.29803018529596487 0 0 0 0 0 0
18.908676147460938 -0.498321533203125 3.889786720275879 -0.2806496352126449 -0.2576468174835128 -0.9245830950734644 -0.9539957924206802 -0.030991886301501802 0.2982139014652293 0 0 0 0 0 0
18.73223876953125 -0.036712646484375 4.023027420043945 -0.315016950574239 -0.6868727551513378 -0.6549581200975508 -0.9479204793527874 0.1935136735743051 0.2529806770553023 0 0 0 0 0 0
18.36737060546875 0.2871551513671875 3.935547351837158 -0.3255001827717258 -0.9346924854629788 -0.14282712849669785 -0.9296946324686289 0.2888330118762058 0.22856811153251624 0 0 0 0 0 0
18.036636352539062 0.43975830078125 3.734020709991455 -0.33287557204087354 -0.8381018012534943 0.43217962038267105 -0.9187956118292725 0.39138450890245347 0.051310718904125724 0 0 0 0 0 0
17.704635620117188 0.4667510986328125 3.491703510284424 -0.3339796586219556 -0.41851408734911194 0.8445729964408651 -0.9079659098579269 0.38343492400114687 -0.16904308797493506 0 0 0 0 0 0
17.373016357421875 0.3673858642578125 3.266200542449951 -0.3283318089462176 0.1569751822718352 0.931427407469218 -0.9020164201366524 0.24051093425914458 -0.35849807294552083 0 0 0 0 0 0
17.043792724609375 0.1535186767578125 3.119229316711426 -0.31883363266409265 0.6640269255544222 0.6763234114097783 -0.903852973539149 0.0017757593705668932 -0.42783951302222706 0 0 0 0 0 0
16.716888427734375 -0.1222686767578125 3.117366313934326 -0.3090326845159825 0.9311035382873842 0.19376532427025903 -0.912492934533102 -0.23285995001549684 -0.3363523273383859 0 0 0 0 0 0
16.392196655273438 -0.3571014404296875 3.285398483276367 -0.30209463305017664 0.8890791157807068 -0.34391446402394305 -0.9238785187186153 -0.36196668419616557 -0.12421192447720458 0 0 0 0 0 0
16.068405151367188 -0.4458465576171875 3.5668206214904785 -0.29968121998371733 0.5654499393862833 -0.7684123453180064 -0.933590381510098 -0.33967666568629373 0.11414360402611991 0 0 0 0 0 0
15.700927734375 -0.3242950439453125 3.6899666786193848 -0.31440678684637113 0.05935658339395214 -0.94743082512273 -0.9407952880646389 -0.15268919850978294 0.3026387857063493 0 0 0 0 0 0
15.237945556640625 -0.502410888671875 3.888840675354004 -0.2772523171518657 -0.2598954370880106 -0.9249786561941595 -0.9523176626609129 -0.05328657516715596 0.3004190578026146 0 0 0 0 0 0
15.168869018554688 -0.5410003662109375 4.877396583557129 -0.31498086706587347 0.6868772547399925 0.6549707553038394 0.5146528003156658 -0.4562196966854431 0.7259449589903396 0 0 0 0 0 0
14.680267333984375 -0.3553466796875 6.838690757751465 -0.3254656897660073 0.9347029765982744 0.14283707615133662 -0.9297003616926856 -0.28879034744760457 -0.22859871541542331 0 0 0 0 0 0
14.34954833984375 -0.5079498291015625 7.040229320526123 -0.33287540054123393 0.838101369458046 -0.4321805898314509 -0.9188006137327224 -0.39137556375794075 -0.05128937801852274 0 0 0 0 0 0
14.01751708984375 -0.534942626953125 7.282533645629883 -0.3339427396519336 0.4185156267673479 -0.8445868319985192 -0.9079695127876037 -0.383447544855519 0.1689951010902876 0 0 0 0 0 0
13.686004638671875 -0.4355621337890625 7.508033752441406 -0.3283332672060842 -0.15697587946474226 -0.9314267759260783 -0.9020149909282384 -0.24051363196075468 0.35849985910984233 0 0 0 0 0 0
13.35662841796875 -0.2217254638671875 7.6550188064575195 -0.31883183326551273 -0.6640231779914788 -0.6763279390847675 -0.9038667902465934 -0.0017448998684967076 0.42781044963134035 0 0 0 0 0 0
13.02984619140625 0.0540924072265625 7.656858444213867 -0.3090562110347933 -0.9310976370215095 -0.19375615797640747 -0.9124886197044276 0.2328879611653512 0.3363446394015433 0 0 0 0 0 0
12.705093383789062 0.2889251708984375 7.488848686218262 -0.3020848826810535 -0.8890885668199663 0.3438985955272171 -0.9238796382422436 0.36195773445817225 0.12422967643557824 0 0 0 0 0 0
12.381332397460938 0.377655029296875 7.2074127197265625 -0.29968121998371733 -0.5654499393862833 0.7684123453180064 -0.9335820502599252 0.3397085331966197 -0.11411690455789433 0 0 0 0 0 0
12.014236450195312 0.259429931640625 7.06462287902832 -0.3104762990695613 -0.059699644679182144 0.948704601096278 -0.941279053639102 0.15858753334652215 -0.2980666661123687 0 0 0 0 0 0
11.551605224609375 0.42877197265625 6.880855560302734 -0.2806866334926751 0.25764576279009616 0.9245721576463668 -0.9540554280089576 0.030335037697609583 -0.29809063349010045 0 0 0 0 0 0
11.373565673828125 -0.03350830078125 6.746786594390869 -0.31497335165090573 0.6868990121324766 0.6549515515526494 -0.9479346384203174 -0.19348388682414255 -0.25295040387863515 0 0 0 0 0 0
11.008758544921875 -0.357391357421875 6.834267616271973 -0.3254656897660073 0.9347029765982744 0.14283707615133662 -0.9297077191857501 -0.2887991895855779 -0.22855761851477166 0 0 0 0 0 0
10.67803955078125 -0.510009765625 7.035809516906738 -0.33287557204087354 0.8381018012534943 -0.43217962038267105 -0.9188006363900086 -0.39137550838605417 -0.05128939466276627 0 0 0 0 0 0
10.34600830078125 -0.5370025634765625 7.27811336517334 -0.3339430758785935 0.4185160481453106 -0.8445864902528194 -0.907979767677391 -0.3834140536934827 0.16901599012768706 0 0 0 0 0 0
10.014511108398438 -0.4376068115234375 7.503604888916016 -0.32836606410587793 -0.15701146838519905 -0.9314092155111727 -0.902013259043616 -0.24046270846164491 0.3585383750016234 0 0 0 0 0 0
9.87420654296875 -0.2227630615234375 8.30402660369873 -0.3188313191531507 0.6640221072623708 0.676329232692113 0.8400929904469339 -0.13241094039052634 0.5260333737196 0 0 0 0 0 0
9.374832153320312 -0.12432861328125 10.17179012298584 -0.3090671882500103 0.9310925611955382 0.1937630399058746 -0.9124913918911615 -0.23290201282154074 -0.33632738834089293 0 0 0 0 0 0
9.050079345703125 -0.3591766357421875 10.339787483215332 -0.3020848826810535 0.8890885668199663 -0.3438985955272171 -0.9238795550315821 -0.36195783370146944 -0.12423000610474608 0 0 0 0 0 0
8.726318359375 -0.4478912353515625 10.621231079101562 -0.2996806709596125 0.5654489034666925 -0.7684133217361029 -0.933582333075042 -0.339707609529876 0.11411734047750483 0 0 0 0 0 0
8.35882568359375 -0.3263397216796875 10.744365692138672 -0.31440678832169594 0.059318436767803594 -0.9474332137500038 -0.9408000439357862 -0.15263997439179924 0.3026488320613414 0 0 0 0 0 0
7.8958587646484375 -0.5044708251953125 10.943242073059082 -0.2772523171518657 -0.2598954370880106 -0.9249786561941595 -0.9523177707037669 -0.05328575727921919 0.3004188603816147 0 0 0 0 0 0
7.7215118408203125 -0.0374298095703125 11.076735496520996 -0.31497335165090573 -0.6868990121324766 -0.6549515515526494 -0.947832269523802 0.19199065770328944 0.25446723994262493 0 0 0 0 0 0
7.3546600341796875 0.28509521484375 10.989944458007812 -0.3254660222659646 -0.9347039315029221 -0.14283006960493883 -0.9296997794178162 0.28879181550060806 0.22859922889267756 0 0 0 0 0 0
7.0239410400390625 0.4376983642578125 10.788420677185059 -0.3329093204541565 -0.8380907265243288 0.43217510162973805 -0.9188001659291758 0.39138483631194265 0.051226604353530415 0 0 0 0 0 0
6.691925048828125 0.4647064208984375 10.546102523803711 -0.33397130031523 -0.4185417598011083 0.8445625884849185 -0.9079739366129903 0.3834197930487287 -0.169034294538061 0 0 0 0 0 0
6.36041259765625 0.3653106689453125 10.320611953735352 -0.32836606410587793 0.15701146838519905 0.9314092155111727 -0.9020135436051746 0.24046173589598108 -0.35853831137373254 0 0 0 0 0 0
6.0310211181640625 0.1514892578125 10.173613548278809 -0.31879704944106946 0.6640301830346651 0.6763374581424699 -0.903867854408185 0.001795347889049463 -0.42780799255448915 0 0 0 0 0 0
5.7042388916015625 -0.12432861328125 10.17179012298584 -0.3090326845159825 0.9311035382873842 0.19376532427025903 -0.9124926778066472 -0.2328596811313494 -0.3363532099633665 0 0 0 0 0 0
5.379486083984375 -0.3591766357421875 10.339787483215332 -0.3020848826810535 0.8890885668199663 -0.3438985955272171 -0.9238795550315821 -0.36195783370146944 -0.12423000610474608 0 0 0 0 0 0
5.0557403564453125 -0.4478912353515625 10.621231079101562 -0.2996806709596125 0.5654489034666925 -0.7684133217361029 -0.9335906963039767 -0.33967561955201536 0.11414414245422644 0 0 0 0 0 0
4.688629150390625 -0.3296661376953125 10.764007568359375 -0.31047630364665246 0.05966149882090729 -0.9487069992533811 -0.941279157522905 -0.15857476600308526 0.29807313062407575 0 0 0 0 0 0
4.2254791259765625 -0.5003662109375 10.944182395935059 -0.2807217746435133 -0.25764300393291056 -0.9245622573766588 -0.9539826680800083 -0.030900200587911045 0.29826539626073906 0 0 0 0 0 0
4.0488739013671875 -0.0388031005859375 11.077427864074707 -0.31498160486746785 -0.6868788636603641 -0.6549687131854172 -0.947931039419595 0.19346997798313967 0.25297452860730846 0 0 0 0 0 0
3.6840667724609375 0.28509521484375 10.989945411682129 -0.3254660222659646 -0.9347039315029221 -0.14283006960493883 -0.9296997794178162 0.28879181550060806 0.22859922889267756 0 0 0 0 0 0
3.3533477783203125 0.4376983642578125 10.788419723510742 -0.33287540054123393 -0.838101369458046 0.4321805898314509 -0.9187955430537075 0.39138464688658636 0.051310897927291856 0 0 0 0 0 0
3.021331787109375 0.4647064208984375 10.54610538482666 -0.3339374080399008 -0.4185470917310705 0.8445733476229615 -0.9079766706074591 0.3834340290792373 -0.16898731010539408 0 0 0 0 0 0
2.6898193359375 0.3653106689453125 10.320610046386719 -0.32836730142701454 0.15697391326349497 0.9314151093407735 -0.902013714396699 0.240473980622768 -0.35852966918193957 0 0 0 0 0 0
2.3604278564453125 0.1514892578125 10.173614501953125 -0.31879704944106946 0.6640301830346651 0.6763374581424699 -0.9038561365514267 0.0018260565076598076 -0.42783261906493264 0 0 0 0 0 0
2.0336456298828125 -0.12432861328125 10.17179012298584 -0.3090326845159825 0.9311035382873842 0.19376532427025903 -0.9124812767439577 -0.23284774082148338 -0.33639240357958144 0 0 0 0 0 0
1.7089080810546875 -0.3591766357421875 10.339788436889648 -0.30208513036456136 0.8890892957957862 -0.3438964933144549 -0.9238796569869288 -0.36195755547851877 -0.12423005851133574 0 0 0 0 0 0
1.3851470947265625 -0.4478912353515625 10.621230125427246 -0.2996806709596125 0.5654489034666925 -0.7684133217361029 -0.9335906324025364 -0.33967586400667943 0.11414393764693871 0 0 0 0 0 0
1.01763916015625 -0.3263397216796875 10.744365692138672 -0.31440678832169594 0.059318436767803594 -0.9474332137500038 -0.9407947048248437 -0.15268155062126607 0.30264445719923777 0 0 0 0 0 0
0.5546722412109375 -0.5044708251953125 10.943242073059082 -0.2772171019191531 -0.2598981856853158 -0.9249884385661408 -0.9523177013243982 -0.053371942074776 0.30040378084069036 0 0 0 0 0 0
0.380340576171875 -0.0374298095703125 11.076735496520996 -0.31497335165090573 -0.6868990121324766 -0.6549515515526494 -0.9478343746100744 0.19202075291561174 0.2544366890942638 0 0 0 0 0 0
0.01348876953125 0.28509521484375 10.989944458007812 -0.3254660222659646 -0.9347039315029221 -0.14283006960493883 -0.9296997794178162 0.28879181550060806 0.22859922889267756 0 0 0 0 0 0
-0.317230224609375 0.4376983642578125 10.788420677185059 -0.3329093204541565 -0.8380907265243288 0.43217510162973805 -0.9188001659291758 0.39138483631194265 0.051226604353530415 0 0 0 0 0 0
-0.649261474609375 0.4647064208984375 10.546102523803711 -0.3339374080399008 -0.4185470917310705 0.8445733476229615 -0.9079662774769 0.3834678318541228 -0.1689664490300941 0 0 0 0 0 0
-0.991912841796875 0.3696746826171875 10.317083358764648 -0.32833399634050425 0.15697622806334088 0.9314264601513528 -0.901695836790741 0.2416010534939292 -0.35857153939607284 0 0 0 0 0 0
-1.1639251708984375 0.15362548828125 9.514138221740723 -0.31879000214124503 -0.6640536505055394 -0.6763177387774565 0.8319141583053253 0.14589507657703948 -0.5353816020762405 0 0 0 0 0 0
-1.6669769287109375 0.0540924072265625 7.646324157714844 -0.3090673310282914 -0.9310929913278866 -0.1937607452275535 -0.912487748226168 0.2328992023977403 0.3363392199248163 0 0 0 0 0 0
-1.991729736328125 0.2889251708984375 7.478315353393555 -0.302084387310714 -0.8890871088585443 0.3439027999372288 -0.9238795175426727 0.36195819165769644 0.124229241956186 0 0 0 0 0 0
-2.3155059814453125 0.377655029296875 7.1968889236450195 -0.29968121998371733 -0.5654499393862833 0.7684123453180064 -0.9335904773617446 0.3396762990073274 -0.11414391123557475 0 0 0 0 0 0
-2.6829833984375 0.2560882568359375 7.0737457275390625 -0.3144074985218568 -0.05931857075970484 0.9474329696797842 -0.9407951673816515 0.1526762255736508 -0.3026457056954787 0 0 0 0 0 0
-3.145965576171875 0.4342193603515625 6.874868392944336 -0.2772517057224872 0.2598948639360629 0.9249790005041341 -0.9523178234280123 0.0532870475828202 -0.3004184643813353 0 0 0 0 0 0
-3.320281982421875 -0.032806396484375 6.741366386413574 -0.3149811129996098 0.6868777910465028 0.6549700745992931 -0.9478325554313152 -0.1920296162132414 -0.2544367767472667 0 0 0 0 0 0
-3.687164306640625 -0.3553466796875 6.828155517578125 -0.3254656897660073 0.9347029765982744 0.14283707615133662 -0.9297003616926856 -0.28879034744760457 -0.22859871541542331 0 0 0 0 0 0
-4.0178680419921875 -0.5079498291015625 7.029700756072998 -0.3328752290413864 0.8381009376620742 -0.4321815592787324 -0.9188006064376576 -0.39137559160961227 -0.05128929617394683 0 0 0 0 0 0
-4.3498992919921875 -0.534942626953125 7.271998405456543 -0.3339430758785935 0.4185160481453106 -0.8445864902528194 -0.9079798885674468 -0.3834136604348794 0.16901623279724895 0 0 0 0 0 0
-4.681396484375 -0.4355621337890625 7.497504234313965 -0.3283680306187475 -0.15697426184899463 -0.9314147935181879 -0.9020133910247516 -0.24047399232653913 0.35853047489239204 0 0 0 0 0 0
-5.01080322265625 -0.2217254638671875 7.644486427307129 -0.31879000214124503 -0.6640536505055394 -0.6763177387774565 -0.9038567668045089 -0.0018212417599989565 0.42783130808783904 0 0 0 0 0 0
-5.3375701904296875 0.0540924072265625 7.646324157714844 -0.3090328272816903 -0.9311039684349458 -0.19376302956699548 -0.9124778895528767 0.23284520003821282 0.3364033500075364 0 0 0 0 0 0
-5.662322998046875 0.2889251708984375 7.478315353393555 -0.302084387310714 -0.8890871088585443 0.3439027999372288 -0.9238696156077266 0.36197000027560755 0.12426846847574927 0 0 0 0 0 0
-5.9860992431640625 0.377655029296875 7.1968889236450195 -0.299646498512687 -0.5654564032404277 0.7684211293057247 -0.933594040735061 0.33968335302670377 -0.11409376310963242 0 0 0 0 0 0
-6.353179931640625 0.259429931640625 7.05409049987793 -0.31044182889448807 -0.05970035171047847 0.9487158367384254 -0.9412797304652893 0.15866315625244048 -0.2980242806604961 0 0 0 0 0 0
-6.81634521484375 0.4301300048828125 6.873929500579834 -0.2806869428603624 0.2576460467625561 0.9245719845935906 -0.9539889095761048 0.030944970014629564 -0.29824079069870435 0 0 0 0 0 0
-6.85614013671875 0.4716339111328125 5.886336326599121 -0.31501547484361325 -0.6868695374223904 -0.6549622043829736 0.5360379000837773 0.44072801206346207 -0.720015408902034 0 0 0 0 0 0
-7.34124755859375 0.287139892578125 3.9250082969665527 -0.3254776273663275 -0.9346991122514952 -0.14283516247847772 -0.9297006922553412 0.28880751899269713 0.22857567629391906 0 0 0 0 0 0
-7.671966552734375 0.43975830078125 3.7234816551208496 -0.33287540054123393 -0.838101369458046 0.4321805898314509 -0.9188005983704929 0.3913755912781251 0.05128944321907354 0 0 0 0 0 0
-8.003997802734375 0.4667510986328125 3.481179714202881 -0.3339430758785935 -0.4185160481453106 0.8445864902528194 -0.9079798281224014 0.3834138570643332 -0.1690161114623857 0 0 0 0 0 0
-8.33551025390625 0.36737060546875 3.255674362182617 -0.3282999607833927 0.15697819412313047 0.9314381258674479 -0.90201672461185 0.24055062029840066 -0.3584706788491418 0 0 0 0 0 0
-8.664886474609375 0.153533935546875 3.1086907386779785 -0.31883209032194676 0.6640237133565599 0.6763272922787482 -0.9038672081630826 0.0017430395759650984 -0.4278095742506373 0 0 0 0 0 0
-8.991668701171875 -0.122283935546875 3.106851577758789 -0.3090562824165224 0.9310978520741662 0.19375501067521572 -0.9124884765323242 -0.23288831430850734 -0.33634478330168865 0 0 0 0 0 0
-9.31640625 -0.3571014404296875 3.2748637199401855 -0.3021291752239191 0.88906850476877 -0.3439115515750205 -0.923890011693782 -0.3619716815125334 -0.12411183696752102 0 0 0 0 0 0
-9.640167236328125 -0.4458465576171875 3.5562915802001953 -0.29968121998371733 0.5654499393862833 -0.7684123453180064 -0.9335987751197649 -0.33964455253530934 0.11417050857364394 0 0 0 0 0 0
-10.007659912109375 -0.3242950439453125 3.679431438446045 -0.3144064317483239 0.05935651635530114 -0.9474309471626147 -0.9408061398396322 -0.152605540391963 0.3026472472726748 0 0 0 0 0 0
-10.47064208984375 -0.502410888671875 3.878307342529297 -0.27725262286748087 -0.2598957236648524 -0.924978484038318 -0.9523121285584699 -0.0533276170162695 0.3004293179165484 0 0 0 0 0 0
-10.64495849609375 -0.0353851318359375 4.011812686920166 -0.3150167046188136 -0.6868722188624797 -0.6549588008157741 -0.947822107122412 0.19207579658196838 0.25444084109559434 0 0 0 0 0 0
-11.011871337890625 0.2871551513671875 3.925016403198242 -0.3254660776811044 -0.9347040906493321 -0.1428289018451181 -0.9297000164816286 0.2887924616519195 0.228597448470197 0 0 0 0 0 0
-11.34259033203125 0.43975830078125 3.7234883308410645 -0.3329434106006819 -0.8380805145390675 0.43216864357275797 -0.9187960641610662 0.39140063505126965 0.05117944278318232 0 0 0 0 0 0
-11.67462158203125 0.466766357421875 3.481175422668457 -0.3339350545811553 -0.41854414197674616 0.8445757399658305 -0.9079772654135518 0.3834330358244493 -0.1689863678838486 0 0 0 0 0 0
-12.006011962890625 0.3673553466796875 3.255671501159668 -0.3283665722382728 0.15697356467942528 0.931415425161255 -0.9020108414871575 0.2404848929873982 -0.35852957769822774 0 0 0 0 0 0
-12.175689697265625 0.15362548828125 2.4553165435791016 -0.318755603267889 -0.6640614578371723 -0.6763262863444637 0.8320758001954021 0.14567180657008305 -0.5351911691160364 0 0 0 0 0 0
-12.6788330078125 0.0540924072265625 0.5875115394592285 -0.3089870615404569 -0.9311191586593843 -0.193763020667087 -0.912492841568282 0.2328040267736083 0.3363912888358366 0 0 0 0 0 0
-13.003448486328125 0.288909912109375 0.4194755256175995 -0.3020495584814154 -0.8890968754137849 0.3439081423151051 -0.9238911709641019 0.36192575807285815 0.12423707119039672 0 0 0 0 0 0
-13.327239990234375 0.3776397705078125 0.13805946707725525 -0.29968857635424667 -0.5654256719351635 0.7684273334020817 -0.9335805735388243 0.3397063982465128 -0.11413533940590695 0 0 0 0 0 0
-13.694366455078125 0.259429931640625 -0.004738477524369955 -0.3104425328073096 -0.05970048707832877 0.9487155978831553 -0.9412794724334771 0.15866347281340973 -0.29802492709527445 0 0 0 0 0 0
-14.15704345703125 0.4287872314453125 -0.18849048018455505 -0.28068512533413637 0.25764437843255733 0.9245730012704574 -0.9540650534022755 0.030251269304340647 -0.2980683387781893 0 0 0 0 0 0
-14.3349609375 -0.0335235595703125 -0.32256248593330383 -0.31501688716384363 0.6868726168893399 0.6549582955953703 -0.9479225683491337 -0.19354439085256087 -0.2529493490481706 0 0 0 0 0 0
-14.6998291015625 -0.357391357421875 -0.23509052395820618 -0.32547752345065484 0.934698813828873 0.1428373521013542 -0.9296984527065736 -0.28880415010013893 -0.2285890415569817 0 0 0 0 0 0
-15.030548095703125 -0.510009765625 -0.03355452045798302 -0.3329434092606368 0.8380805111659247 -0.4321686511464784 -0.9187922949746445 -0.3914073901668676 -0.051195445285565355 0 0 0 0 0 0
-15.362548828125 -0.5370025634765625 0.20875343680381775 -0.3340143489093088 0.41850975581133243 -0.8445614240618793 -0.9079732067651171 -0.38338772180739544 0.16911094158570902 0 0 0 0 0 0
-15.694183349609375 -0.4376373291015625 0.43426546454429626 -0.32836648393827667 -0.15697352246817012 -0.9314154634049985 -0.9020115665371964 -0.24048254740277766 0.35852932687268996 0 0 0 0 0 0
-16.023406982421875 -0.2237548828125 0.581242561340332 -0.3188243837209606 -0.6640458090230297 -0.6763092309468354 -0.9038647147525488 -0.0017483757159536435 0.42781482046283714 0 0 0 0 0 0
-16.350250244140625 0.052032470703125 0.5830905437469482 -0.3090672953338673 -0.9310928837952398 -0.19376131889743192 -0.9124893278596791 0.23290060544639987 0.336333962788315 0 0 0 0 0 0
-16.674957275390625 0.2868804931640625 0.4150654971599579 -0.302120128387623 -0.8890800293346375 0.3438897053727636 -0.9238640891826146 0.3619945473270413 0.1242380474100771 0 0 0 0 0 0
-16.9989013671875 0.3756256103515625 0.133651465177536 -0.2996089626397123 -0.5654575570675395 0.768434916346964 -0.9335896221914202 0.33972172484192203 -0.11401564369379712 0 0 0 0 0 0
-17.36627197265625 0.2540283203125 0.010500463657081127 -0.31433381985498376 -0.05931906430515774 0.9474573860102287 -0.9408095777641381 0.15274738650449907 -0.30256499186672225 0 0 0 0 0 0
-17.8292236328125 0.4321746826171875 -0.18834951519966125 -0.2772520878655594 0.259895222155759 0.9249787853106669 -0.9523123941913275 0.05332708469471883 -0.3004285703916062 0 0 0 0 0 0
-17.867828369140625 0.4703521728515625 -1.1770985126495361 -0.3149452744419811 -0.6868828260177219 -0.6549820283248795 0.5358580399422502 0.44090301412073135 -0.7200421468001051 0 0 0 0 0 0
-18.35382080078125 0.2851104736328125 -3.138258457183838 -0.32553425888002285 -0.9346807997817201 -0.14282593887259556 -0.9297031400813182 0.2888900845448942 0.2284613542255691 0 0 0 0 0 0
-18.68463134765625 0.437713623046875 -3.339754581451416 -0.3328756577906153 -0.838102017151022 0.43217913565771915 -0.9188006938049711 0.39137539814022665 0.051289207384042114 0 0 0 0 0 0
-19.016632080078125 0.4647064208984375 -3.582071542739868 -0.3340083858028984 -0.4185404304510508 0.8445485813682901 -0.9079745895812921 0.3833932491170615 -0.16909098499372188 0 0 0 0 0 0
-19.3482666015625 0.365325927734375 -3.8075735569000244 -0.3282963541898781 0.15701461699343927 0.9314332578752154 -0.9020172499105794 0.24053955041320166 -0.35847678523269855 0 0 0 0 0 0
-19.677642822265625 0.1514892578125 -3.954549551010132 -0.31875277634064675 0.6640555685181879 0.6763334011381634 -0.9038706206314462 0.0018454297477698556 -0.4278019349516438 0 0 0 0 0 0
-20.0042724609375 -0.12432861328125 -3.9563655853271484 -0.3090672953338673 0.9310928837952398 0.19376131889743192 -0.9124679269668737 -0.2328781909170018 -0.3364075362592235 0 0 0 0 0 0
-20.73583984375 1.57818603515625 -4.322027683258057 0.9792992712085581 0 0.2024177299803234 -0.038217374097086046 -0.9820146987802115 0.1848960889168124 0 0 0 0 0 0
-17.391876220703125 0.6123046875 -3.9968864917755127 0 1 0 0 0 1 0 0 0 0 0 0
-17.795379638671875 0.6123046875 -4.1360626220703125 0 1 0 0 0 1 0 0 0 0 0 0
-18.247283935546875 0.6123046875 -4.719215393066406 0 1 0 0 0 1 0 0 0 0 0 0
-17.918914794921875 0.6123046875 -5.3798394203186035 0 1 0 0 0 1 0 0 0 0 0 0
-20.426666259765625 0.2261505126953125 -6.649421691894531 0.9596545812551351 0 0.2811815866589264 -0.19760634010968225 -0.7114158736617272 0.6744176666210474 0 0 0 0 0 0
-20.301055908203125 -0.5157318115234375 -6.6359663009643555 0.3090673310282914 0.9310929913278866 0.1937607452275535 0.9371609992602803 -0.2634895349145127 -0.2286974561642673 0 0 0 0 0 0
-19.750030517578125 -0.61505126953125 -6.8616557121276855 0.31883209032194676 0.6640237133565599 0.6763272922787482 0.9357676843021041 -0.3339230667973582 -0.11328824509420524 0 0 0 0 0 0
-19.420684814453125 -0.530029296875 -7.11667537689209 0.32836693683226975 0.15697373897128136 0.9314152672512772 0.9284011492177547 -0.23520224633231276 -0.28766509946704777 0 0 0 0 0 0
-19.08905029296875 -0.3315582275390625 -7.27415132522583 0.33401455908669825 -0.41851001915716834 0.844561210441958 0.9179719372154549 -0.05892020494748157 -0.392244734743313 0 0 0 0 0 0
-18.756256103515625 -0.0902252197265625 -7.305257320404053 0.3328651012489515 -0.8381135846367996 0.4321648338513669 0.9076475336026568 0.160497674523608 -0.3878355981824363 0 0 0 0 0 0
-18.4246826171875 0.13507080078125 -7.209621429443359 0.3254657451837524 -0.9347031357521665 -0.1428359083950949 0.9020053131875119 0.3522291124011361 -0.24964187821478695 0 0 0 0 0 0
-18.095703125 0.2837066650390625 -6.999545574188232 0.3150174424854751 -0.686873827729894 -0.654956758656321 0.904136411122763 0.4270463633093808 -0.01299052217128294 0 0 0 0 0 0
-17.657012939453125 0.378082275390625 -6.811498641967773 0.2772495682482188 -0.2599310068854379 -0.9249694852078629 0.917361270298598 0.3578073650756015 0.17441957818375156 0 0 0 0 0 0
-17.339569091796875 0.412628173828125 -6.692935466766357 0.31440217209439675 0.05931756583435901 -0.9474348001661178 0.9411027782307544 -0.15027185030989887 0.30289260771896526 0 0 0 0 0 0
-17.055145263671875 0.021087646484375 -6.415038585662842 0.2996782003674016 0.5654442418592152 -0.768417715551127 0.9379778812196281 -0.027449538579544994 0.3456067377446617 0 0 0 0 0 0
-16.7305908203125 -0.3005828857421875 -6.413300514221191 0.30218949390305727 0.8890596483714411 -0.3438814496483687 0.9371441566640676 -0.21105066236650605 0.27788207488978667 0 0 0 0 0 0
-16.40606689453125 -0.5341644287109375 -6.5901875495910645 0.30899825093841987 0.9311147294944385 0.19376646106975243 0.9389114637536959 -0.3311157653957124 0.09384888458742544 0 0 0 0 0 0
-16.079437255859375 -0.61505126953125 -6.8616557121276855 0.31883209032194676 0.6640237133565599 0.6763272922787482 0.9357676843021041 -0.3339230667973582 -0.11328824509420524 0 0 0 0 0 0
-15.750091552734375 -0.530029296875 -7.11667537689209 0.32836693683226975 0.15697373897128136 0.9314152672512772 0.9284011492177547 -0.23520224633231276 -0.28766509946704777 0 0 0 0 0 0
-15.41845703125 -0.3315582275390625 -7.27415132522583 0.3339467744075596 -0.4185206833476509 0.844582730981993 0.9179802431951759 -0.05901341492428837 -0.3922112822985843 0 0 0 0 0 0
-15.205169677734375 -0.81988525390625 -8.457037925720215 0.3328757435403051 0.8381022330484188 -0.4321786509323927 -0.31656267626504886 -0.3323969362058266 -0.8884257699981973 0 0 0 0 0 0
-14.737579345703125 -0.207366943359375 -10.281331062316895 0.3255459489833534 0.9346762177162087 0.14282927968820125 0.9020029751465336 -0.3523000615432615 0.24955019427645478 0 0 0 0 0 0
-14.408599853515625 -0.35601806640625 -10.491430282592773 0.31493653029685087 0.6869019017751203 0.6549662275433017 0.9041325565663599 -0.42705036951266756 0.01312638776939101 0 0 0 0 0 0
-13.968719482421875 -0.4395751953125 -10.662233352661133 0.2806151105969858 0.2576501436884233 0.9245926471489899 0.9180138382340112 -0.3532499803633206 -0.18018058770070788 0 0 0 0 0 0
-13.648162841796875 -0.4888153076171875 -10.791926383972168 0.3104432378747036 -0.05966247530548494 0.9487177583972447 0.9441907343805348 0.13498013912200174 -0.3004733251930219 0 0 0 0 0 0
-13.369873046875 -0.087921142578125 -11.071013450622559 0.2997582230287367 -0.5654131307879785 0.7684093956083505 0.9371107587503954 0.02355544914390429 -0.3482363660646133 0 0 0 0 0 0
-13.042388916015625 0.230316162109375 -11.073284149169922 0.3020494733467508 -0.8890966248159536 0.3439088649509193 0.9371645052459283 0.21086453410498343 -0.2779547415746722 0 0 0 0 0 0
-12.718048095703125 0.4639129638671875 -10.89633560180664 0.3089870615404569 -0.9311191586593843 -0.193763020667087 0.9389260776388988 0.3310934001567173 -0.0937815605665456 0 0 0 0 0 0
-12.39154052734375 0.5447845458984375 -10.624861717224121 0.31883286149226076 -0.6640253194539104 -0.6763253518513034 0.9357654836873328 0.33393253638476145 0.1132785093610096 0 0 0 0 0 0
-12.06201171875 0.459808349609375 -10.369889259338379 0.3283646057516046 -0.15701077105873656 -0.9314098472000036 0.928402505557429 0.23521017346827977 0.28765424031588677 0 0 0 0 0 0
-11.7303466796875 0.2613067626953125 -10.212376594543457 0.33393539078792467 0.4185445633681871 -0.8445753982056602 0.9179999052206801 0.05894143218616716 0.3921760849244457 0 0 0 0 0 0
-11.39776611328125 0.01995849609375 -10.181305885314941 0.3328651012489515 0.8381135846367996 -0.4321648338513669 0.9076252843221765 -0.16045231457239437 0.3879064294484557 0 0 0 0 0 0
-11.066131591796875 -0.2053070068359375 -10.2769136428833 0.3254776273663275 0.9346991122514952 0.14283516247847772 0.9019826613501362 -0.35224342748644116 0.24970351702835553 0 0 0 0 0 0
-10.7371826171875 -0.3539581298828125 -10.487006187438965 0.315016950574239 0.6868727551513378 0.6549581200975508 0.9041363944438269 -0.4270463986876068 0.01299052000739256 0 0 0 0 0 0
-10.298370361328125 -0.448333740234375 -10.675008773803711 0.2772523171518657 0.2598954370880106 0.9249786561941595 0.9173702668330407 -0.35777077731021806 -0.1744473113393212 0 0 0 0 0 0
-9.981048583984375 -0.4828338623046875 -10.793618202209473 0.3144074985218568 -0.05931857075970484 0.9474329696797842 0.9411000306703902 0.15028045853812455 -0.30289687362823975 0 0 0 0 0 0
-9.696533203125 -0.091339111328125 -11.071508407592773 0.29968121998371733 -0.5654499393862833 0.7684123453180064 0.9379618168006681 0.027382577890333163 -0.3456556446119022 0 0 0 0 0 0
-9.371856689453125 0.2303314208984375 -11.073273658752441 0.3020497210108662 -0.8890973538267565 0.34390676273594484 0.9371624691290913 0.21086085186690653 -0.2779643998893158 0 0 0 0 0 0
-9.047515869140625 0.4639129638671875 -10.896332740783691 0.30899832231479146 -0.9311149445752382 -0.193765313705253 0.9389114206090887 0.33111573964912944 -0.09384940706489947 0 0 0 0 0 0
-8.720855712890625 0.5447998046875 -10.624878883361816 0.31876380653304287 -0.6640403997511581 -0.676343095730922 0.9357668896366741 0.33398012894617485 0.11312648553190914 0 0 0 0 0 0
-8.391510009765625 0.4597930908203125 -10.369874954223633 0.32836606410587793 -0.15701146838519905 -0.9314092155111727 0.9284003048246409 0.2352200422150633 0.28765327347669467 0 0 0 0 0 0
-8.059783935546875 0.261322021484375 -10.21237850189209 0.3339427396519336 0.4185156267673479 -0.8445868319985192 0.9179996023256483 0.05894169497700934 0.39217675444012384 0 0 0 0 0 0
-7.72711181640625 0.0199737548828125 -10.181293487548828 0.33287540054123393 0.838101369458046 -0.4321805898314509 0.9076482971488498 -0.16050711614288873 0.38782990388865907 0 0 0 0 0 0
-7.3955078125 -0.2053070068359375 -10.276914596557617 0.3254660222659646 0.9347039315029221 0.14283006960493883 0.9020057724177004 -0.3522277257988375 0.24964217533046545 0 0 0 0 0 0
-7.0665283203125 -0.3539581298828125 -10.487000465393066 0.3149384974411353 0.6869061922750148 0.6549607819127498 0.9041382704549029 -0.42703872579287533 0.013111619732688332 0 0 0 0 0 0
-6.626617431640625 -0.4375152587890625 -10.657825469970703 0.2806893920431477 0.2576101473861615 0.9245812442171473 0.9180134374016391 -0.3531969857241658 -0.18028648874885375 0 0 0 0 0 0
-6.307037353515625 -0.488739013671875 -10.791946411132812 0.3104411266990221 -0.05970021667288886 0.9487160750103539 0.9447637554417789 0.12973019186192558 -0.30098425826447217 0 0 0 0 0 0
-6.0286865234375 -0.087921142578125 -11.071008682250977 0.29968121998371733 -0.5654499393862833 0.7684123453180064 0.9371196389371275 0.02345219409286615 -0.3482194378701145 0 0 0 0 0 0
-5.7012786865234375 0.2303314208984375 -11.073273658752441 0.302084387310714 -0.8890871088585443 0.3439027999372288 0.9371580050957682 0.21090737623251996 -0.27794415290780033 0 0 0 0 0 0
-5.3769378662109375 0.4639129638671875 -10.896332740783691 0.3090328272816903 -0.9311039684349458 -0.19376302956699548 0.9389123050368005 0.331137023830667 -0.09376542485932898 0 0 0 0 0 0
-5.0502777099609375 0.5447998046875 -10.624878883361816 0.31879807758095685 -0.6640323245724202 -0.6763348709431105 0.9357673274732767 0.3339513838447304 0.11320769435736776 0 0 0 0 0 0
-4.720916748046875 0.4597930908203125 -10.369874954223633 0.32836606410587793 -0.15701146838519905 -0.9314092155111727 0.9283930045496724 0.23526029853447725 0.2876439136096931 0 0 0 0 0 0
-4.389190673828125 0.261322021484375 -10.21237850189209 0.3339427396519336 0.4185156267673479 -0.8445868319985192 0.9179907299256186 0.05897928159876497 0.39219187155361085 0 0 0 0 0 0
-4.2061920166015625 0.7502899169921875 -9.028496742248535 0.3329093204541565 -0.8380907265243288 0.43217510162973805 -0.3340901146205495 0.3237555636125599 0.8851927080261913 0 0 0 0 0 0
-3.7414093017578125 0.137115478515625 -7.205200672149658 0.32547729483080123 -0.9346981572836723 -0.1428421692643001 0.9019970084825226 0.35224259325497903 -0.24965286336348635 0 0 0 0 0 0
-3.4124603271484375 0.2857513427734375 -6.995117664337158 0.31501547484361325 -0.6868695374223904 -0.6549622043829736 0.9041481929528352 0.4270223608665631 -0.012959494591596071 0 0 0 0 0 0
-2.97369384765625 0.380126953125 -6.807101249694824 0.27721649055450426 -0.2598976125151834 -0.9249887828366095 0.9173539212964306 0.35784372489525457 0.17438363350713765 0 0 0 0 0 0
-2.6563720703125 0.414642333984375 -6.688498497009277 0.3144074985218568 0.05931857075970484 -0.9474329696797842 0.9411054478766505 -0.15023748132558448 0.3029013621326812 0 0 0 0 0 0
-2.3718414306640625 0.0231475830078125 -6.410605430603027 0.29968094547150065 0.565449421426178 -0.7684128335277255 0.9379617810213305 -0.027381592157050723 0.34565581978933674 0 0 0 0 0 0
-2.047210693359375 -0.29852294921875 -6.4088454246521 0.302084387310714 0.8890871088585443 -0.3439027999372288 0.9371579360275533 -0.2109072155130235 0.27794450774411744 0 0 0 0 0 0
-1.72283935546875 -0.5321044921875 -6.585779666900635 0.3090671882500103 0.9310925611955382 0.1937630399058746 0.9389132079968285 -0.33115841793154527 0.0936807882235221 0 0 0 0 0 0
-1.3961944580078125 -0.6129913330078125 -6.857240676879883 0.3187978205457321 0.6640317891874546 0.6763355177452972 0.9357650948877152 -0.3339613962280712 -0.11319661222484949 0 0 0 0 0 0
-1.0668182373046875 -0.5279693603515625 -7.112237453460693 0.32836766602250705 0.15697408755606607 0.9314149514297437 0.9283936740556971 -0.23524233474271117 -0.2876564442493205 0 0 0 0 0 0
-0.722564697265625 -0.3336181640625 -7.262604713439941 0.3339377442504567 -0.41854751312725735 0.8445730058555654 0.9189113063638259 -0.05503774214324232 -0.3906057577359828 0 0 0 0 0 0
-0.388885498046875 -0.0902252197265625 -7.294710636138916 0.33287557204087354 -0.8381018012534943 0.43217962038267105 0.907648122236044 0.1605074607794721 -0.38783017061016517 0 0 0 0 0 0
-0.0572662353515625 0.13507080078125 -7.199090480804443 0.3254997948256132 -0.9346913714534162 -0.14283530270565242 0.9020035545383507 0.35225995141399463 -0.24960471596103917 0 0 0 0 0 0
0.271697998046875 0.2837066650390625 -6.989016532897949 0.3150077128347453 -0.6868907586601185 -0.6549436819467377 0.9041485802153179 0.42702083816320796 -0.01298262951086456 0 0 0 0 0 0
0.7104339599609375 0.3780670166015625 -6.800986289978027 0.2772520114368678 -0.25989515051174744 -0.9249788283494316 0.9173542647508499 0.35782115437483103 0.17442813541768706 0 0 0 0 0 0
1.027801513671875 0.4125823974609375 -6.682385444641113 0.3143717000723263 0.05935716118341702 -0.9474424318183566 0.9411292363235656 -0.15015183478257302 0.30286991770139415 0 0 0 0 0 0
1.312286376953125 0.0211029052734375 -6.404494285583496 0.2996868605405833 0.5654224346910037 -0.7684303845940935 0.9379619723444053 -0.027382933361343564 0.3456551943719658 0 0 0 0 0 0
1.559234619140625 1.297515869140625 -5.602901458740234 0.3020850065229459 -0.8890889313082839 0.34389754442148235 -0.07067902617806723 0.3388693134261879 0.9381748577299351 0 0 0 0 0 0
1.9777984619140625 0.46185302734375 -3.831404447555542 0.30903272020755557 -0.931103645824715 -0.1937647505947413 0.9389187473351269 0.3311306210527453 -0.09372351734681991 0 0 0 0 0 0
2.304443359375 0.542755126953125 -3.5599405765533447 0.3187891025870588 -0.66405177669445 -0.6763200026176085 0.9357673593642369 0.33396116585044094 0.1131785706408127 0 0 0 0 0 0
2.633819580078125 0.457733154296875 -3.304941415786743 0.32836766602250705 -0.15697408755606607 -0.9314149514297437 0.928393603370919 0.23524272449673936 0.287656353643218 0 0 0 0 0 0
2.965545654296875 0.2592620849609375 -3.1474525928497314 0.33393723993482555 0.41854688103323123 -0.8445735185062723 0.9179909647557688 0.0589745913863675 0.39219202719788165 0 0 0 0 0 0
3.2982025146484375 0.017913818359375 -3.116363525390625 0.3328651012489515 0.8381135846367996 -0.4321648338513669 0.9076356389631337 -0.16047342314724278 0.3878734682179104 0 0 0 0 0 0
3.62982177734375 -0.207366943359375 -3.211975574493408 0.3254659945582318 0.9347038519292491 0.14283065348462545 0.9019940726421182 -0.3522298190371818 0.24968149210448012 0 0 0 0 0 0
3.958770751953125 -0.3560028076171875 -3.422067403793335 0.31501572079839646 0.6868700737098483 0.6549615236727226 0.9041481986162133 -0.4270223486315393 0.012959502623975742 0 0 0 0 0 0
4.398712158203125 -0.4395904541015625 -3.5928874015808105 0.2806867881764407 0.2576459047762545 0.9245720711200501 0.9180086967171353 -0.35322080830830654 -0.1802639546047229 0 0 0 0 0 0
4.71826171875 -0.4907989501953125 -3.7270233631134033 0.3104759479407858 -0.05969957716271407 0.9487047202564471 0.9447480704981568 0.12977364636679595 -0.30101475711113557 0 0 0 0 0 0
4.9966278076171875 -0.0899658203125 -4.006085395812988 0.29968039644805283 -0.5654483855078268 0.7684138099431387 0.9371202299529922 0.023452493845592844 -0.3482178271502962 0 0 0 0 0 0
5.32403564453125 0.228271484375 -4.008333683013916 0.3020848826810535 -0.8890885668199663 0.3438985955272171 0.9371592404051329 0.21091236075801306 -0.2779362052751612 0 0 0 0 0 0
5.64837646484375 0.46185302734375 -3.8314034938812256 0.30903272020755557 -0.931103645824715 -0.1937647505947413 0.938918767478666 0.33113060070460737 -0.09372338744064256 0 0 0 0 0 0
5.97503662109375 0.542755126953125 -3.559941530227661 0.3187891025870588 -0.66405177669445 -0.6763200026176085 0.9357673352227592 0.3339612730087391 0.11317845404704346 0 0 0 0 0 0
6.304412841796875 0.457733154296875 -3.3049404621124268 0.32833399634050425 -0.15697622806334088 -0.9314264601513528 0.9283916007494118 0.23531174423150492 0.2876063606471036 0 0 0 0 0 0
6.636138916015625 0.2592620849609375 -3.147453546524048 0.33393723993482555 0.41854688103323123 -0.8445735185062723 0.9179916532214281 0.05897167519427819 0.392190854228614 0 0 0 0 0 0
6.8191375732421875 0.74822998046875 -1.963565468788147 0.3328754434161633 -0.8381014774069572 0.43218034746939643 -0.3341601422739296 0.32373322458469117 0.8851744453018655 0 0 0 0 0 0
7.2839202880859375 0.13507080078125 -0.14027252793312073 0.3254658767991566 -0.9347035137376623 -0.14283313497163014 0.9019938849646313 0.3522304071750971 -0.24968134040748236 0 0 0 0 0 0
7.612884521484375 0.2837066650390625 0.069814532995224 0.31497279834309744 -0.6868978054698021 -0.6549530831629762 0.904149344483126 0.4270177280753866 -0.013031606964177819 0 0 0 0 0 0
8.051605224609375 0.3780670166015625 0.2578354775905609 0.27725212607991967 -0.2598952579777783 -0.9249787637912712 0.9173660445461559 0.3577841165981516 0.17444215724365647 0 0 0 0 0 0
8.368972778320312 0.4125823974609375 0.3764384686946869 0.3144063448811921 0.05935649995573101 -0.9474309770170353 0.9411133733404655 -0.15018963327251722 0.30290046645259006 0 0 0 0 0 0
8.653472900390625 0.0211029052734375 0.654328465461731 0.29968746107390554 0.5654235677237052 -0.7684293166828507 0.9379543213006752 -0.027348559159211697 0.3456786766135643 0 0 0 0 0 0
8.978134155273438 -0.300567626953125 0.656078577041626 0.30208494460203433 0.8890887490642271 -0.34389806997451133 0.9371593923735658 -0.21091297813743975 0.27793522435849094 0 0 0 0 0 0
9.302474975585938 -0.534149169921875 0.4791555106639862 0.3090672373302203 0.9310927090540628 0.19376225111056045 0.9389131759291179 -0.3311584028242224 0.09368116302441587 0 0 0 0 0 0
9.629135131835938 -0.61505126953125 0.20769450068473816 0.3187976277694241 0.6640313876489609 0.6763360028459104 0.935767390993445 -0.33395127927593926 -0.11320747777105976 0 0 0 0 0 0
9.958511352539062 -0.530029296875 -0.04731049761176109 0.3283342726148746 0.1569763601499023 0.9314263405017863 0.9283914554832795 -0.23531211547628147 -0.2876065258225467 0 0 0 0 0 0
10.29022216796875 -0.3315582275390625 -0.2048024833202362 0.33393778627681425 -0.41854756580182845 0.8445729631345683 0.9179904970748789 -0.058975179754766606 -0.3921930334071604 0 0 0 0 0 0
10.622879028320312 -0.0902252197265625 -0.23589250445365906 0.33287542197870024 -0.8381014234325057 0.4321804686504354 0.9076480913974083 0.16050678424047066 -0.3878305227743493 0 0 0 0 0 0
10.954498291015625 0.13507080078125 -0.14027252793312073 0.3254999818737167 -0.9346919085727974 -0.14283136157284096 0.9020041326502267 0.35225897062876266 -0.24960401097233365 0 0 0 0 0 0
11.283462524414062 0.2837066650390625 0.069814532995224 0.31500715947987334 -0.6868895520409396 -0.6549452135663097 0.9041485614222485 0.4270208780251075 -0.01298262718962159 0 0 0 0 0 0
11.723403930664062 0.367279052734375 0.24062952399253845 0.2806864014673192 -0.25764554981112725 -0.9245722874355736 0.9180132388971621 0.3532063981856806 0.1802690586047436 0 0 0 0 0 0
12.043624877929688 0.4210357666015625 0.37883850932121277 0.3104758180679058 0.05969955219022884 -0.9487047643304796 0.9453833069383089 -0.12362030349088655 0.30160972054495927 0 0 0 0 0 0
12.322235107421875 0.0197296142578125 0.6582474708557129 0.2996809969425163 0.5654495185436506 -0.7684127419885055 0.9371198564214952 -0.023452539908595648 0.3482188292904218 0 0 0 0 0 0
12.571914672851562 1.299560546875 1.4603404998779297 0.30209457112227184 -0.8890789335238878 0.343914989586783 -0.0707296551829877 0.33887175253311935 0.9381701611183486 0 0 0 0 0 0
12.990493774414062 0.4639129638671875 3.231842517852783 0.30903275589903123 -0.9311037533617522 -0.1937641769190248 0.9389187661096774 0.3311305675112865 -0.0937235184291249 0 0 0 0 0 0
13.317123413085938 0.5447998046875 3.503302574157715 0.3187978205457321 -0.6640317891874546 -0.6763355177452972 0.9357714810226327 0.3339330439831622 0.1132274588642177 0 0 0 0 0 0
13.646514892578125 0.4597930908203125 3.7583017349243164 0.32836730142701454 -0.15697391326349497 -0.9314151093407735 0.928393585205411 0.23524339170839936 0.28765586663054843 0 0 0 0 0 0
13.978225708007812 0.261322021484375 3.915797710418701 0.3339420672002366 0.41851478401345626 -0.8445875154868219 0.9179910777153648 0.05897952243080759 0.39219102127511446 0 0 0 0 0 0
14.310882568359375 0.0199737548828125 3.9468836784362793 0.33290897742801406 0.838089862964761 -0.4321770405094911 0.907645478753768 -0.1605524899678309 0.387817718603693 0 0 0 0 0 0
14.642486572265625 -0.2053070068359375 3.8512625694274902 0.3255001273521553 0.9346923263224963 0.14282829624262364 0.9020044263607014 -0.3522582339613451 0.24960398921518978 0 0 0 0 0 0
14.971466064453125 -0.3539581298828125 3.6411757469177246 0.3149811129996098 0.6868777910465028 0.6549700745992931 0.9041371111933505 -0.4270433873717272 0.013039534693549971 0 0 0 0 0 0
15.410186767578125 -0.4483184814453125 3.4531493186950684 0.2772523171518657 0.2598954370880106 0.9249786561941595 0.9173660107049574 -0.3577841434893111 -0.17444228005530218 0 0 0 0 0 0
15.727554321289062 -0.4828338623046875 3.3345603942871094 0.3144074985218568 -0.05931857075970484 0.9474329696797842 0.9411105461657763 0.15019702103015123 -0.3029055872202141 0 0 0 0 0 0
16.012054443359375 -0.091339111328125 3.0566673278808594 0.2997159402639733 -0.5654434749310011 0.7684035605133782 0.9379572317012145 0.027431823517894006 -0.34566418176877595 0 0 0 0 0 0
16.336715698242188 0.2303314208984375 3.054905414581299 0.3020842634674367 -0.8890867443661508 0.3439038510364999 0.9371581500821475 0.21090718611976092 -0.2779438083096141 0 0 0 0 0 0
16.661087036132812 0.4639129638671875 3.231842517852783 0.30903275589903123 -0.9311037533617522 -0.1937641769190248 0.9389123077858963 0.3311370902505989 -0.09376516276597202 0 0 0 0 0 0
16.987701416015625 0.5447998046875 3.503300666809082 0.31883363266409265 -0.6640269255544222 -0.6763234114097783 0.9357587417595946 0.333962171210223 0.11324683404428555 0 0 0 0 0 0
17.317153930664062 0.4597930908203125 3.758312702178955 0.3283318089462176 -0.1569751822718352 -0.931427407469218 0.9283921276951035 0.23531223963914846 0.28760425433182796 0 0 0 0 0 0
17.648727416992188 0.2613067626953125 3.9157943725585938 0.3340135502371565 0.41850875509957103 -0.8445622358139026 0.9179907680113024 0.05884298331021028 0.3922122552409266 0 0 0 0 0 0
17.83184814453125 0.7502899169921875 5.0996832847595215 0.3328647582827771 -0.8381127210899492 0.4321667727169104 -0.33412817154214275 0.32373701121665177 0.8851851289704397 0 0 0 0 0 0
18.296585083007812 0.137115478515625 6.922977447509766 0.32551145624637134 -0.934686710529543 -0.14283922784665584 0.9019917487115835 0.35227349659746043 -0.24962826132314936 0 0 0 0 0 0
18.62554931640625 0.2857666015625 7.133063316345215 0.3150167046188136 -0.6868722188624797 -0.6549588008157741 0.9041426415338212 0.4270336700743818 -0.012974142863736113 0 0 0 0 0 0
19.065521240234375 0.369354248046875 7.3038835525512695 0.2806499445444789 -0.257647101461657 -0.92458292204409 0.9179975347856205 0.3532799264546659 0.180204938033644 0 0 0 0 0 0
19.385086059570312 0.420562744140625 7.437990188598633 0.3104024426188948 0.05970011339542466 -0.948728738932682 0.944780442859052 -0.12968857333111314 0.30094981099577717 0 0 0 0 0 0
19.66339111328125 0.01971435546875 7.7170562744140625 0.29964430262839103 0.5654522594348365 -0.7684250348618161 0.9371324239897355 -0.023435068562162004 0.34818618219080655 0 0 0 0 0 0
19.990692138671875 -0.29852294921875 7.719300270080566 0.30212029094325127 0.889080507703833 -0.3438883257999023 0.9371532627226806 -0.21095853251097918 0.27792131931366565 0 0 0 0 0 0
20.904296875 1.3952178955078125 8.016772270202637 -0.9111588655554066 0 -0.41205524110219055 -0.3169906451558907 -0.63889780005975 0.7009468824115447 0 0 0 0 0 0
18.569671630859375 0.6123046875 7.1037492752075195 0 1 0 0 0 1 0 0 0 0 0 0
18.973312377929688 0.6123046875 7.242937088012695 0 1 0 0 0 1 0 0 0 0 0 0
19.425079345703125 0.6123046875 7.826078414916992 0 1 0 0 0 1 0 0 0 0 0 0
19.096725463867188 0.6123046875 8.486701965332031 0 1 0 0 0 1 0 0 0 0 0 0
20.644973754882812 0.2393341064453125 10.506706237792969 -0.8721251255065239 0 -0.4892829094299433 0.3118133698295924 -0.7706270024549138 -0.5557935277446727 0 0 0 0 0 0
20.277359008789062 -0.3448638916015625 10.419044494628906 -0.3020841396238825 0.8890863798729423 -0.3439049021344782 -0.9484351721805279 -0.24397927019689408 0.2023483132746191 0 0 0 0 0 0
19.738967895507812 -0.4458465576171875 10.625651359558105 -0.29964430262839103 0.5654522594348365 -0.7684250348618161 -0.933603023896771 -0.33964962282032196 0.11412067073417721 0 0 0 0 0 0
19.371917724609375 -0.327606201171875 10.768430709838867 -0.3104425310929542 0.05970048674864504 -0.9487155984648797 -0.9412861484104764 -0.15861389983899304 0.29803022931984047 0 0 0 0 0 0
18.908676147460938 -0.498321533203125 10.948610305786133 -0.2806496352126449 -0.2576468174835128 -0.9245830950734644 -0.9539958810364969 -0.03099107502449949 0.2982137022911993 0 0 0 0 0 0
18.73223876953125 -0.036712646484375 11.081851959228516 -0.3150164586635167 -0.6868716825739019 -0.6549594815324029 -0.9479206238775228 0.19351258175209218 0.25298097069006553 0 0 0 0 0 0
18.36737060546875 0.2871551513671875 10.99437141418457 -0.3255001273521553 -0.9346923263224963 -0.14282829624262364 -0.9296946181759712 0.2888326334340259 0.2285686478898646 0 0 0 0 0 0
18.036636352539062 0.43975830078125 10.79284381866455 -0.3328757435403051 -0.8381022330484188 0.4321786509323927 -0.9187956191257943 0.3913844810389567 0.05131080078419081 0 0 0 0 0 0
17.704635620117188 0.4667510986328125 10.55052661895752 -0.3339793223654106 -0.4185136659818298 0.8445733382121356 -0.907965925773676 0.38343500682282466 -0.16904281462615475 0 0 0 0 0 0
17.373016357421875 0.3673858642578125 10.325024604797363 -0.3283318089462176 0.1569751822718352 0.931427407469218 -0.9020164912785865 0.240510691140321 -0.35849805705006665 0 0 0 0 0 0
17.043792724609375 0.1535186767578125 10.178053855895996 -0.3188338897217073 0.664027460921962 0.6763227645928076 -0.9038532182393558 0.0017743532128008568 -0.4278390019026266 0 0 0 0 0 0
16.716888427734375 -0.1222686767578125 10.176190376281738 -0.3090326845159825 0.9311035382873842 0.19376532427025903 -0.912492934533102 -0.23285995001549684 -0.3363523273383859 0 0 0 0 0 0
16.392196655273438 -0.3571014404296875 10.344221115112305 -0.30209463305017664 0.8890791157807068 -0.34391446402394305 -0.9238784771211037 -0.3619667338134924 -0.12421208928595803 0 0 0 0 0 0
16.068405151367188 -0.4458465576171875 10.62564468383789 -0.29968121998371733 0.5654499393862833 -0.7684123453180064 -0.9335904134606143 -0.33967654346019993 0.11414370642909082 0 0 0 0 0 0
15.700927734375 -0.3242950439453125 10.74878978729248 -0.31440678684637113 0.05935658339395214 -0.94743082512273 -0.940795341744911 -0.15268878054904403 0.30263882970551226 0 0 0 0 0 0
15.237945556640625 -0.502410888671875 10.947664260864258 -0.2772523171518657 -0.2598954370880106 -0.9249786561941595 -0.9523176626609129 -0.05328657516715596 0.3004190578026146 0 0 0 0 0 0
15.063613891601562 -0.0353851318359375 11.081168174743652 -0.3149811129996098 -0.6868777910465028 -0.6549700745992931 -0.9478325554313152 0.1920296162132414 0.2544367767472667 0 0 0 0 0 0
14.696762084960938 0.287139892578125 10.994362831115723 -0.3254776273663275 -0.9346991122514952 -0.14283516247847772 -0.9297077148788815 0.28881595958193984 0.22853644432661468 0 0 0 0 0 0
14.36602783203125 0.43975830078125 10.792839050292969 -0.33287505754133084 -0.8381005058655786 0.4321825287245155 -0.9187917766728593 0.3913914224712998 0.05132665520198493 0 0 0 0 0 0
14.034027099609375 0.4667510986328125 10.550522804260254 -0.3339427396519336 -0.4185156267673479 0.8445868319985192 -0.9079801462546135 0.38341295672430364 -0.1690164448311992 0 0 0 0 0 0
13.702499389648438 0.36737060546875 10.325030326843262 -0.3283332672060842 0.15697587946474226 0.9314267759260783 -0.9020158446407189 0.24051071452156966 -0.35849966836444136 0 0 0 0 0 0
13.373123168945312 0.153533935546875 10.178048133850098 -0.31878948811002855 0.6640525797558187 0.6763190324027472 -0.9038681684313103 0.0017928928085653001 -0.427807339385389 0 0 0 0 0 0
13.04632568359375 -0.122283935546875 10.176206588745117 -0.30902170826745307 0.9311086133934405 0.19375844209739468 -0.9124782465439407 -0.23283342310299573 -0.3364105329359302 0 0 0 0 0 0
12.721603393554688 -0.3571014404296875 10.344221115112305 -0.30209463305017664 0.8890791157807068 -0.34391446402394305 -0.9238784771211037 -0.3619667338134924 -0.12421208928595803 0 0 0 0 0 0
12.397811889648438 -0.4458465576171875 10.62564468383789 -0.29968121998371733 0.5654499393862833 -0.7684123453180064 -0.9335820502599252 -0.3397085331966197 0.11411690455789433 0 0 0 0 0 0
12.030715942382812 -0.3276214599609375 10.768441200256348 -0.31044182889448807 0.05970035171047847 -0.9487158367384254 -0.9412854420171626 -0.15862074241332022 0.2980288186112244 0 0 0 0 0 0
11.565567016601562 -0.500244140625 10.944703102111816 -0.2807217746435133 -0.25764300393291056 -0.9245622573766588 -0.9538989299068907 -0.031664608476050043 0.2984529847271548 0 0 0 0 0 0
11.390060424804688 -0.0388031005859375 11.077427864074707 -0.31501547484361325 -0.6868695374223904 -0.6549622043829736 -0.9479235456339481 0.19354964161000066 0.25294166889898745 0 0 0 0 0 0
11.025253295898438 0.28509521484375 10.989944458007812 -0.3254660222659646 -0.9347039315029221 -0.14283006960493883 -0.9296997794178162 0.28879181550060806 0.22859922889267756 0 0 0 0 0 0
10.694534301757812 0.4376983642578125 10.788420677185059 -0.3329093204541565 -0.8380907265243288 0.43217510162973805 -0.9188001659291758 0.39138483631194265 0.051226604353530415 0 0 0 0 0 0
10.362503051757812 0.4647064208984375 10.546102523803711 -0.3339374080399008 -0.4185470917310705 0.8445733476229615 -0.9079662774769 0.3834678318541228 -0.1689664490300941 0 0 0 0 0 0
10.030990600585938 0.3653106689453125 10.320611953735352 -0.3283320299821987 0.1570134350420274 0.9314208819347307 -0.9020151052811969 0.24050041342546777 -0.358508439212706 0 0 0 0 0 0
9.861404418945312 0.1515655517578125 9.520251274108887 -0.3187975635106759 -0.6640312538028401 -0.6763361645459193 0.8319437574292495 0.1458553478431095 -0.5353464317430983 0 0 0 0 0 0
9.35833740234375 0.052032470703125 7.652436256408691 -0.3090328272816903 -0.9311039684349458 -0.19376302956699548 -0.9124781463606856 0.23284546896737332 0.3364024672851429 0 0 0 0 0 0
9.033584594726562 0.286865234375 7.484429359436035 -0.3020848826810535 -0.8890885668199663 0.3438985955272171 -0.9238797214523474 0.3619576352153563 0.12422934676814451 0 0 0 0 0 0
8.7098388671875 0.3755950927734375 7.2029829025268555 -0.29968713506990696 -0.5654229526484421 0.7684298964068934 -0.9335893353525099 0.33967329722705875 -0.11416218317357742 0 0 0 0 0 0
8.342330932617188 0.2540435791015625 7.07984733581543 -0.31440678832169594 -0.059318436767803594 0.9474332137500038 -0.9407999366044907 0.1526408103229654 -0.30264874410599346 0 0 0 0 0 0
7.879364013671875 0.432159423828125 6.880969524383545 -0.2772520114368678 0.25989515051174744 0.9249788283494316 -0.9523122352779383 0.053328498409481104 -0.30042882318001163 0 0 0 0 0 0
7.7050323486328125 -0.0348663330078125 6.7474775314331055 -0.31497335165090573 0.6868990121324766 0.6549515515526494 -0.9478343569582401 -0.1920205004550273 -0.254436945380501 0 0 0 0 0 0
7.3381805419921875 -0.357391357421875 6.834267616271973 -0.3254997948256132 0.9346913714534162 0.14283530270565242 -0.9297023337261285 -0.28883973994520895 -0.22852828116575538 0 0 0 0 0 0
7.0074462890625 -0.510009765625 7.035809516906738 -0.33287557204087354 0.8381018012534943 -0.43217962038267105 -0.9187918293187626 -0.39139128377525 -0.05132677042094116 0 0 0 0 0 0
6.6754150390625 -0.5370025634765625 7.27811336517334 -0.3339430758785935 0.4185160481453106 -0.8445864902528194 -0.9079693759989542 -0.38344785525769715 0.16899513172379327 0 0 0 0 0 0
6.3439178466796875 -0.4376068115234375 7.503604888916016 -0.32836606410587793 -0.15701146838519905 -0.9314092155111727 -0.902013259043616 -0.24046270846164491 0.3585383750016234 0 0 0 0 0 0
6.0145263671875 -0.223785400390625 7.650600433349609 -0.3187975635106759 -0.6640312538028401 -0.6763361645459193 -0.9038561060452567 -0.001824606958241389 0.42783268969791666 0 0 0 0 0 0
5.687744140625 0.052032470703125 7.652436256408691 -0.3090328272816903 -0.9311039684349458 -0.19376302956699548 -0.9124781463606856 0.23284546896737332 0.3364024672851429 0 0 0 0 0 0
5.3629913330078125 0.286865234375 7.484429359436035 -0.3020502163357735 -0.8890988118385795 0.34390255829048244 -0.9238819507642865 0.3619363379752514 0.12427480961579153 0 0 0 0 0 0
5.03924560546875 0.3755950927734375 7.2029829025268555 -0.29968713506990696 -0.5654229526484421 0.7684298964068934 -0.9335893353525099 0.33967329722705875 -0.11416218317357742 0 0 0 0 0 0
4.6721343994140625 0.25738525390625 7.06020450592041 -0.31044182889448807 -0.05970035171047847 0.9487158367384254 -0.9412853866097486 0.15862115393097753 -0.2980287745848403 0 0 0 0 0 0
4.208984375 0.428070068359375 6.880030632019043 -0.2806866334926751 0.25764576279009616 0.9245721576463668 -0.9539888831229251 0.030946217798704385 -0.2982407458444086 0 0 0 0 0 0
4.1691741943359375 0.469573974609375 5.892435550689697 -0.31501596675330806 -0.686870609997586 -0.6549608429608771 0.5361668524641648 0.4406312744223378 -0.7199786012928557 0 0 0 0 0 0
3.6840667724609375 0.28509521484375 3.931122303009033 -0.3254660222659646 -0.9347039315029221 -0.14283006960493883 -0.9296998351032913 0.2887918824139831 0.2285989178904866 0 0 0 0 0 0
3.3533477783203125 0.4376983642578125 3.72959566116333 -0.33287540054123393 -0.838101369458046 0.4321805898314509 -0.9187955430537075 0.39138464688658636 0.051310897927291856 0 0 0 0 0 0
3.021331787109375 0.4647064208984375 3.487281322479248 -0.3339374080399008 -0.4185470917310705 0.8445733476229615 -0.907976610164089 0.3834342256824296 -0.16898718877549773 0 0 0 0 0 0
2.6898193359375 0.3653106689453125 3.261786460876465 -0.32836766602250705 0.15697408755606607 0.9314149514297437 -0.902013908414141 0.24047277074652734 -0.35852999254864876 0 0 0 0 0 0
2.3604278564453125 0.1514892578125 3.114790439605713 -0.31879704944106946 0.6640301830346651 0.6763374581424699 -0.9038562232206733 0.0018258293909687061 -0.4278324369333113 0 0 0 0 0 0
2.0336456298828125 -0.12432861328125 3.112966537475586 -0.30903275589903123 0.9311037533617522 0.1937641769190248 -0.912481454551809 -0.23284843019736257 -0.33639144408507066 0 0 0 0 0 0
1.7089080810546875 -0.3591766357421875 3.2809643745422363 -0.30208513036456136 0.8890892957957862 -0.3438964933144549 -0.9238796569869288 -0.36195755547851877 -0.12423005851133574 0 0 0 0 0 0
1.3851470947265625 -0.4478912353515625 3.562406539916992 -0.29968039644805283 0.5654483855078268 -0.7684138099431387 -0.9335906460214848 -0.33967589096044276 0.11414374604601092 0 0 0 0 0 0
1.01763916015625 -0.3263397216796875 3.6855416297912598 -0.31440678832169594 0.059318436767803594 -0.9474332137500038 -0.9407946511435541 -0.1526819685757839 0.3026444132170658 0 0 0 0 0 0
0.5546722412109375 -0.5044708251953125 3.884418487548828 -0.27721679623652007 -0.25989789909996025 -0.9249886107016598 -0.9523176465531475 -0.05337320056881282 0.3004037308764919 0 0 0 0 0 0
0.380340576171875 -0.0374298095703125 4.017911434173584 -0.31497335165090573 -0.6868990121324766 -0.6549515515526494 -0.9478343746100744 0.19202075291561174 0.2544366890942638 0 0 0 0 0 0
0.01348876953125 0.28509521484375 3.931121349334717 -0.3254660222659646 -0.9347039315029221 -0.14283006960493883 -0.9296998351032913 0.2887918824139831 0.2285989178904866 0 0 0 0 0 0
-0.317230224609375 0.4376983642578125 3.7295966148376465 -0.3329093204541565 -0.8380907265243288 0.43217510162973805 -0.9188001812687304 0.39138480882471455 0.051226539233000495 0 0 0 0 0 0
-0.649261474609375 0.4647064208984375 3.4872794151306152 -0.3339374080399008 -0.4185470917310705 0.8445733476229615 -0.9079662774769 0.3834678318541228 -0.1689664490300941 0 0 0 0 0 0
-0.991912841796875 0.3696746826171875 3.2582592964172363 -0.32833363177292035 0.1569760537638628 0.9314266180389785 -0.9016957133303151 0.2416020185750411 -0.3585711995994657 0 0 0 0 0 0
-1.1639251708984375 0.15362548828125 2.4553146362304688 -0.3187892310946732 -0.6640520443814851 -0.6763196792130458 0.8319157213708894 0.14589480982853656 -0.5353792459565909 0 0 0 0 0 0
-1.6669769287109375 0.0540924072265625 0.5874994993209839 -0.3090672417920484 -0.9310927224957193 -0.19376217940187687 -0.9124877346709871 0.23289855929776795 0.3363397020157369 0 0 0 0 0 0
-1.991729736328125 0.2889251708984375 0.4194914996623993 -0.30208444149206076 -0.8890872683237101 0.34390234008089116 -0.92387947223676 0.36195821143261697 0.12422952127423947 0 0 0 0 0 0
-2.3155059814453125 0.377655029296875 0.1380614936351776 -0.29968073958755376 -0.5654490329565057 0.7684131996841344 -0.9335905411335054 0.33967619339205746 -0.11414370393819573 0 0 0 0 0 0
-2.6829833984375 0.256103515625 0.01491746585816145 -0.3144069664763355 -0.05935661730613662 0.9474307633875529 -0.9407953882819999 0.15268798227198987 -0.30263908778779697 0 0 0 0 0 0
-3.145965576171875 0.4342193603515625 -0.18396052718162537 -0.2772518967939027 0.2598950430457979 0.9249788929075117 -0.9523177731884234 0.053286899953129054 -0.3004186498252527 0 0 0 0 0 0
-3.320281982421875 -0.032806396484375 -0.3174555003643036 -0.31498147997909587 0.6868785913168948 0.6549690588575132 -0.9478324473854722 -0.19203042090087055 -0.25443657192294644 0 0 0 0 0 0
-3.687164306640625 -0.3553466796875 -0.2306635081768036 -0.3254658767991566 0.9347035137376623 0.14283313497163014 -0.9297001211714677 -0.2887912777800047 -0.22859851830655092 0 0 0 0 0 0
-4.0178680419921875 -0.5079498291015625 -0.029125479981303215 -0.33287527124644634 0.8381010439244128 -0.43218132070395454 -0.918800594850999 -0.3913756087281508 -0.05128937311100775 0 0 0 0 0 0
-4.3498992919921875 -0.534942626953125 0.21317443251609802 -0.3339428657368676 0.4185157847840044 -0.8445867038440027 -0.907979822952946 -0.38341395797681044 0.16901591031288646 0 0 0 0 0 0
-4.681396484375 -0.4355621337890625 0.438680499792099 -0.32836766602250705 -0.15697408755606607 -0.9314149514297437 -0.9020133837514321 -0.24047456394559047 0.35853010979340355 0 0 0 0 0 0
-5.01080322265625 -0.2217254638671875 0.5856624841690063 -0.3187973546698169 -0.6640308188030996 -0.6763366900702728 -0.9038569851224901 -0.0018229246829721054 0.42783083969120683 0 0 0 0 0 0
-5.3375701904296875 0.0540924072265625 0.5874994993209839 -0.30903273805330556 -0.9311036995932702 -0.1937644637569079 -0.9124778759352241 0.23284455680110316 0.33640383216729214 0 0 0 0 0 0
-5.662322998046875 0.2889251708984375 0.4194914996623993 -0.30208444149206076 -0.8890872683237101 0.34390234008089116 -0.9238695702772377 0.36197002005197876 0.12426874787862893 0 0 0 0 0 0
-5.9860992431640625 0.377655029296875 0.1380614936351776 -0.29964601816120084 -0.5654554967795645 0.7684219836534566 -0.9335941044698297 0.3396832474549627 -0.1140935558987773 0 0 0 0 0 0
-6.353179931640625 0.259429931640625 -0.004731503780931234 -0.3104419622708214 -0.059700377359773335 0.9487157914805374 -0.9412797136621337 0.15866297798424986 -0.29802442863849476 0 0 0 0 0 0
-6.81634521484375 0.4301300048828125 -0.18489953875541687 -0.2806866721636019 0.2576457982866224 0.924572136014801 -0.9539888947353545 0.03094598576119866 -0.29824073277619906 0 0 0 0 0 0
-6.85614013671875 0.4716339111328125 -1.1724904775619507 -0.3150156593096886 -0.6868699396379575 -0.6549616938504347 0.5360395119515182 0.4407262309432117 -0.7200152991328511 0 0 0 0 0 0
-7.34124755859375 0.287139892578125 -3.133814573287964 -0.3254776273663275 -0.9346991122514952 -0.14283516247847772 -0.9297006087474994 0.2888074186317297 0.22857614275730118 0 0 0 0 0 0
-7.671966552734375 0.43975830078125 -3.335341453552246 -0.33287540054123393 -0.838101369458046 0.4321805898314509 -0.9188006137327224 0.39137556375794075 0.05128937801852274 0 0 0 0 0 0
-8.003997802734375 0.4667510986328125 -3.5776445865631104 -0.3339430758785935 -0.4185160481453106 0.8445864902528194 -0.9079797072324155 0.383414250322328 -0.1690158687931529 0 0 0 0 0 0
-8.33551025390625 0.36737060546875 -3.803149461746216 -0.3282999607833927 0.15697819412313047 0.9314381258674479 -0.902016866901719 0.24055013410834764 -0.35847064706229814 0 0 0 0 0 0
-8.664886474609375 0.153533935546875 -3.950132369995117 -0.31883209032194676 0.6640237133565599 0.6763272922787482 -0.903867294806818 0.0017428124652320548 -0.4278093921167645 0 0 0 0 0 0
-8.991668701171875 -0.122283935546875 -3.951972484588623 -0.30905624672570653 0.9310977445479846 0.19375558432591095 -0.9124884839418929 -0.2328880705190647 -0.33634493200185583 0 0 0 0 0 0
-9.31640625 -0.3571014404296875 -3.7839605808258057 -0.3021292990911555 0.8890688692700088 -0.3439105004585277 -0.9238900003037245 -0.36197161690783775 -0.124112110174268 0 0 0 0 0 0
-9.640167236328125 -0.4458465576171875 -3.502532482147217 -0.29968121998371733 0.5654499393862833 -0.7684123453180064 -0.9335987910956975 -0.33964449140610353 0.1141705597872833 0 0 0 0 0 0
-10.007659912109375 -0.3242950439453125 -3.3793914318084717 -0.31440625419958396 0.05935648283602919 -0.947431008182402 -0.9408061737552389 -0.15260570732576145 0.3026470576688815 0 0 0 0 0 0
-10.47064208984375 -0.502410888671875 -3.180513381958008 -0.2772523171518657 -0.2598954370880106 -0.9249786561941595 -0.9523121278777654 -0.053328466667905514 0.30042916925587076 0 0 0 0 0 0
-10.64495849609375 -0.0353851318359375 -3.047015428543091 -0.31501707355199987 -0.6868730232958719 -0.6549577797378414 -0.947822003921157 0.1920766834424341 0.2544405560452919 0 0 0 0 0 0
-11.011871337890625 0.2871551513671875 -3.1338064670562744 -0.32553425888002285 -0.9346807997817201 -0.14282593887259556 -0.929689155558964 0.2888732713662813 0.2285395088955156 0 0 0 0 0 0
-11.34259033203125 0.43975830078125 -3.335334539413452 -0.3329434106006819 -0.8380805145390675 0.43216864357275797 -0.9187960564996033 0.39140064878252123 0.05117947531383499 0 0 0 0 0 0
-11.67462158203125 0.466766357421875 -3.577648401260376 -0.33393539078792467 -0.4185445633681871 0.8445753982056602 -0.9079772495199471 0.3834329530279607 -0.16898664114790174 0 0 0 0 0 0
-12.006011962890625 0.3673553466796875 -3.803152561187744 -0.32836638994155476 0.15697347753363128 0.9314155041160466 -0.9020108511836432 0.24048513321617085 -0.35852939216884316 0 0 0 0 0 0
-12.175689697265625 0.15362548828125 -4.6035075187683105 -0.31875598875954836 -0.6640622609294181 -0.6763253161306563 0.8320750190730817 0.14567194020325822 -0.5351923471724436 0 0 0 0 0 0
-12.6788330078125 0.0540924072265625 -6.471310615539551 -0.3089870615404569 -0.9311191586593843 -0.193763020667087 -0.9124900621485663 0.23280111639592735 0.33640084227735767 0 0 0 0 0 0
-13.003448486328125 0.288909912109375 -6.639347553253174 -0.30204959717894697 -0.8890969893217626 0.3439078138440785 -0.9238911816931663 0.36192572080043856 0.1242370999850203 0 0 0 0 0 0
-13.327239990234375 0.3776397705078125 -6.920760631561279 -0.2996887822527487 -0.5654260604060898 0.7684269672555184 -0.9335805074094118 0.33970659190751273 -0.11413530391499388 0 0 0 0 0 0
-13.694366455078125 0.259429931640625 -7.063563346862793 -0.3104425310929542 -0.05970048674864504 0.9487155984648797 -0.9412794378317979 0.15866373361886307 -0.29802489753236583 0 0 0 0 0 0
-14.15704345703125 0.4287872314453125 -7.24731969833374 -0.28068477729965663 0.25764405896736625 0.9245731959510086 -0.954065093287851 0.03025203892516427 -0.29806813300068613 0 0 0 0 0 0
-14.3349609375 -0.0335235595703125 -7.381384372711182 -0.3150174424854751 0.686873827729894 0.654956758656321 -0.9479183480641556 -0.19348517862911926 -0.2530104564127349 0 0 0 0 0 0
-14.6998291015625 -0.357391357421875 -7.293920516967773 -0.3254773502544746 0.9346983164480939 0.14284100146815445 -0.9296987594523788 -0.2888033896736589 -0.22858875472278298 0 0 0 0 0 0
-15.030548095703125 -0.510009765625 -7.092373371124268 -0.3328757435403051 0.8381022330484188 -0.4321786509323927 -0.9188006897715353 -0.39137539797420995 -0.05128928090624602 0 0 0 0 0 0
-15.362579345703125 -0.5370025634765625 -6.85006856918335 -0.33394643817494857 0.4185202619622299 -0.8445830727390478 -0.9079578570002256 -0.38348397268237105 0.16897506504601295 0 0 0 0 0 0
-15.694183349609375 -0.4376373291015625 -6.6245574951171875 -0.32836693683226975 -0.15697373897128136 -0.9314152672512772 -0.9020113912622457 -0.24048246728557612 0.3585298215788887 0 0 0 0 0 0
-16.023406982421875 -0.2237701416015625 -6.477580547332764 -0.31883234737854943 -0.6640242487219921 -0.6763266454711644 -0.9038650040574053 -0.001748052056901371 0.4278142105567712 0 0 0 0 0 0
-16.350250244140625 0.052032470703125 -6.475735664367676 -0.3090673310282914 -0.9310929913278866 -0.1937607452275535 -0.9124892883599347 0.23290081562898307 0.3363339244080715 0 0 0 0 0 0
-16.674957275390625 0.2868804931640625 -6.643758296966553 -0.30212016709138734 -0.8890801432321925 0.3438893769032368 -0.9238640895120026 0.36199452246051395 0.12423811741467619 0 0 0 0 0 0
-16.9989013671875 0.3756256103515625 -6.925177574157715 -0.29960875679634147 -0.5654571685755245 0.7684352824782981 -0.9335897042238667 0.339721470344113 -0.11401573029379353 0 0 0 0 0 0
-17.36627197265625 0.2540283203125 -7.0483293533325195 -0.31433377339602225 -0.059319055537720225 0.9474574019726327 -0.9408097004179468 0.15274654472648994 -0.3025650354446324 0 0 0 0 0 0
-17.8292236328125 0.432159423828125 -7.247178554534912 -0.2772492625423141 0.2599307202756368 0.9249696573816526 -0.9523124012512579 0.05332244586230233 -0.30042937138423215 0 0 0 0 0 0
-17.867828369140625 0.4703521728515625 -8.235915184020996 -0.3149452744419811 -0.6868828260177219 -0.6549820283248795 0.5358476502790079 0.44091067665272277 -0.7200451867099065 0 0 0 0 0 0
-18.35382080078125 0.2851104736328125 -10.19708251953125 -0.3255458381239292 -0.9346758994272922 -0.14283161523266016 -0.9297015968758829 0.2889026627938307 0.22845172837399907 0 0 0 0 0 0
-18.68463134765625 0.437713623046875 -10.398578643798828 -0.33287540054123393 -0.838101369458046 0.4321805898314509 -0.9188006598191479 0.39137548119779525 0.051289182417863406 0 0 0 0 0 0
-19.016632080078125 0.4647064208984375 -10.640893936157227 -0.3340085539362327 -0.4185406411361746 0.8445484104625066 -0.9079744606963175 0.38339360114102583 -0.16909087890051244 0 0 0 0 0 0
-19.3482666015625 0.365325927734375 -10.866397857666016 -0.32829580739664493 0.1570143554781072 0.9314334946841774 -0.9020170655072322 0.2405410001862713 -0.3584762764299889 0 0 0 0 0 0
-19.677642822265625 0.1514892578125 -11.013372421264648 -0.31875316182952373 0.6640563716046373 0.676332430950169 -0.9038706844539769 0.0018441155913375118 -0.4278018057727026 0 0 0 0 0 0
-20.0042724609375 -0.12432861328125 -11.015189170837402 -0.3090673310282914 0.9310929913278866 0.1937607452275535 -0.9124680479744781 -0.23287856924190994 -0.33640694614333805 0 0 0 0 0 0
-20.357666015625 -0.3464202880859375 -10.82861328125 -0.3021188047026013 0.8890761339903445 -0.3439009389545985 -0.9363014819467137 -0.3445235597477945 -0.06813994190704706 0 0 0 0 0 0
-20.691986083984375 -0.4458465576171875 -10.529053688049316 -0.29968176900913623 0.5654509753083536 -0.7684113688945436 -0.9335789154772038 -0.33972036413951306 0.1141073300245197 0 0 0 0 0 0
-21.059112548828125 -0.3276214599609375 -10.386265754699707 -0.31051147034102616 0.05969907261470589 -0.9486931261032717 -0.9412788531577588 -0.15850671768769833 0.29811028336152146 0 0 0 0 0 0
-21.52435302734375 -0.500274658203125 -10.210002899169922 -0.28068539602816667 -0.257644626905985 -0.9245728498517504 -0.953905513469182 -0.03171100289233457 0.29842701564814594 0 0 0 0 0 0
-21.69970703125 -0.0387725830078125 -10.077282905578613 -0.315017934397225 -0.6868749003095704 -0.6549553972087133 -0.9479222258479446 0.19354619644636442 0.2529492510062518 0 0 0 0 0 0
-22.0645751953125 0.28509521484375 -10.16474723815918 -0.3255458381239292 -0.9346758994272922 -0.14283161523266016 -0.9296874464478052 0.28888564847120235 0.22853081635685896 0 0 0 0 0 0
