t = 0
b = 375 375 375
E = 0 0 0
124.5546875 21.01754379272461 -10.975560188293457 0.020980822160065596 -0.32022933495534667 -0.9471076908860703 0.9877365597295578 -0.13995575427858375 0.06920170097570222 0 0 0 0 0 0
124.88772583007812 20.59686279296875 -10.946282386779785 0.10803213747723799 0.2899978153669307 -0.9509102609365968 0.9876870513418425 -0.14017659857496548 0.06946085101414905 0 0 0 0 0 0
-124.75469970703125 20.2423038482666 -11.133755683898926 0.15365437345046823 0.7900440205906865 -0.593481911306863 0.9877374793749131 -0.13961637820195358 0.0698708721561608 0 0 0 0 0 0
-124.36233520507812 20.067848205566406 -11.456535339355469 0.14129661665890217 0.989910782997146 -0.010578649569984288 0.9877602534028368 -0.14026041249947702 0.0682400064701069 0 0 0 0 0 0
-123.93756103515625 20.119029998779297 -11.781720161437988 0.07476797924084917 0.8137264301932495 0.5764191583259446 0.9876820221050767 -0.14010637200127565 0.06967372341899744 0 0 0 0 0 0
-123.49581909179688 20.355634689331055 -11.97552490234375 -0.019454920833587783 0.3285640490290113 0.9442812990528935 0.9876273475859024 -0.1406775026483687 0.0692969158697086 0 0 0 0 0 0
-123.05862426757812 20.667255401611328 -11.954045295715332 -0.1074977614818644 -0.28171909359962877 0.9534561256700762 0.9875590070789904 -0.1409615188233436 0.06969259464372882 0 0 0 0 0 0
-122.6456298828125 20.914514541625977 -11.715249061584473 -0.15350338863796148 -0.7847689082771628 0.6004785344024656 0.9876645387318926 -0.14085898537188796 0.068392288830834 0 0 0 0 0 0
-122.26776123046875 20.98295783996582 -11.339546203613281 -0.14144836826541704 -0.9897571097665885 0.019318974650328245 0.9877724797721651 -0.13981860285009282 0.06896583575797616 0 0 0 0 0 0
-121.92202758789062 20.82575798034668 -10.959455490112305 -0.07659905661491283 -0.8185999655286311 -0.5692334151841664 0.9878681773285232 -0.1396599098260767 0.06790856948127924 0 0 0 0 0 0
-121.59368896484375 20.482017517089844 -10.709115982055664 0.017852826079146688 -0.33663830543151657 -0.9414647778420522 0.9878374442875086 -0.139528004651247 0.06862302515602879 0 0 0 0 0 0
-121.26119995117188 20.06148338317871 -10.673388481140137 0.1052857118160298 0.27349966361558065 -0.9560924918069151 0.9878765512877574 -0.1390615247614638 0.06900588197265135 0 0 0 0 0 0
-120.90432739257812 19.703285217285156 -10.855599403381348 0.15205394872743214 0.7796484204945455 -0.6074766967520281 0.9879461283549685 -0.13793655683251643 0.07025634318421524 0 0 0 0 0 0
-120.51315307617188 19.522809982299805 -11.176270484924316 0.14213564265212406 0.9894515652591149 -0.027983193065753826 0.987765863891926 -0.13994776664519595 0.06879840652848793 0 0 0 0 0 0
-120.08914184570312 19.5678653717041 -11.50331974029541 0.07698047127158411 0.8234678831624719 0.5621162268096541 0.9876813117682943 -0.1400190030642938 0.06985918096100684 0 0 0 0 0 0
-119.64785766601562 19.8006534576416 -11.702235221862793 -0.016479531548975215 0.34466825793490347 0.9385798937821144 0.9877816503158895 -0.13987955251466644 0.0687104219715945 0 0 0 0 0 0
-119.21005249023438 20.111936569213867 -11.687219619750977 -0.10490429647747569 -0.26506931531301803 0.9585057885375828 0.9877634954640684 -0.13961972814475027 0.06949538503664429 0 0 0 0 0 0
-118.79620361328125 20.36286735534668 -11.453695297241211 -0.15266479626005244 -0.7741673017242802 0.6142950829396441 0.9877496396589192 -0.1398491677767192 0.06923048191248299 0 0 0 0 0 0
-118.41748046875 20.4372615814209 -11.080168724060059 -0.14228796420543038 -0.9891445377617384 0.03670447736163875 0.9877537435756757 -0.13949469320809282 0.06988399401163926 0 0 0 0 0 0
-118.07080078125 20.286230087280273 -10.698258399963379 -0.07904055990746703 -0.8281901910574627 -0.5548455616887614 0.9877514612715017 -0.14018068061179917 0.06853048620304585 0 0 0 0 0 0
-117.7423095703125 19.94640350341797 -10.44282341003418 0.015487676625048555 -0.3527594917008827 -0.9355858447452553 0.9877703749005309 -0.13978792688468478 0.06905810572370956 0 0 0 0 0 0
-117.41006469726562 19.526180267333984 -10.40066146850586 0.10276740763075332 0.25681361544994025 -0.9609815954784903 0.9879445394462786 -0.13879990507690426 0.06855781012344989 0 0 0 0 0 0
-117.05435180664062 19.164440155029297 -10.577559471130371 0.15167130653376232 0.7689422438265376 -0.6210665346268069 0.9878821888072695 -0.13886131846698577 0.06932759386397873 0 0 0 0 0 0
-116.663818359375 18.977996826171875 -10.896014213562012 0.14297415467399616 0.9886836363584041 -0.04542090149236761 0.9877558205823429 -0.13964459522918377 0.06955448173180535 0 0 0 0 0 0
-116.24090576171875 19.016897201538086 -11.22480297088623 0.0798798477609823 0.8329591288371198 0.5475384001223922 0.9876882396928184 -0.14025817202194565 0.06927904700242506 0 0 0 0 0 0
-115.79931640625 19.2456111907959 -11.428799629211426 -0.014801030965359589 0.3609324861021145 0.9324744875644101 0.9874363568544099 -0.14145515532966862 0.07042641686718092 0 0 0 0 0 0
-115.36138916015625 19.55666732788086 -11.420198440551758 -0.10230969649055063 -0.24841667869445452 0.963235111356738 0.9877497258266507 -0.1400653074677849 0.06879090618193237 0 0 0 0 0 0
-114.94683837890625 19.811071395874023 -11.192062377929688 -0.15251148985005847 -0.7632727044865827 0.6278176678379267 0.9876712912823131 -0.1403964778418313 0.06924051838581508 0 0 0 0 0 0
-114.56704711914062 19.891401290893555 -10.82079029083252 -0.14366226369847643 -0.9881453658293904 0.05412845812444421 0.9877270992626573 -0.13978446439375308 0.06968128081722048 0 0 0 0 0 0
-114.2197265625 19.746559143066406 -10.43716049194336 -0.08003182083504391 -0.8376113965505629 -0.5403721458610194 0.9876352744145178 -0.13994608837806252 0.07065166013505911 0 0 0 0 0 0
-113.89083862304688 19.410808563232422 -10.176716804504395 0.01274108554865839 -0.3688763611372247 -0.9293911420565626 0.9877898007772192 -0.13968734258215687 0.06898373578487131 0 0 0 0 0 0
-113.55905151367188 18.990896224975586 -10.128128051757812 0.10032685681935284 0.2402885441464272 -0.9655029452843423 0.9880493468375698 -0.13819063915258922 0.0682776351703141 0 0 0 0 0 0
-113.20425415039062 18.625795364379883 -10.299592971801758 0.15174745968294995 0.7576739599434922 -0.6347463106653861 0.9877450601848848 -0.13995853600867533 0.06907462832811208 0 0 0 0 0 0
-112.8148193359375 18.433393478393555 -10.615756034851074 0.14526247269120296 0.9874023940562912 -0.06273217866089371 0.987681588688385 -0.14099153240851475 0.06787095958572285 0 0 0 0 0 0
-112.39218139648438 18.466045379638672 -10.946209907531738 0.08140582490305211 0.8422155472997644 0.532959720390211 0.9875999937571862 -0.14018252924094673 0.07067609798522438 0 0 0 0 0 0
-111.9512939453125 18.69076919555664 -11.15517520904541 -0.011367807424156866 0.37674458757349405 0.9262474230401103 0.9876841316957359 -0.14032673461207082 0.06919872505728623 0 0 0 0 0 0
-111.51275634765625 19.001272201538086 -11.153024673461914 -0.10063111679020903 -0.23166995874015855 0.9675755311865264 0.9876927227579404 -0.14029967636174195 0.06913093536034941 0 0 0 0 0 0
-111.09768676757812 19.25905418395996 -10.930283546447754 -0.15190131306933616 -0.7520583656036401 0.6413534172462116 0.9876821079935858 -0.14014844088635864 0.06958784424358808 0 0 0 0 0 0
-110.71621704101562 19.34532356262207 -10.561381340026855 -0.1449577995440435 -0.9868526722314375 0.07147754655148725 0.9877557714889639 -0.14012272118831018 0.06858687117098182 0 0 0 0 0 0
-110.36837768554688 19.20669174194336 -10.176170349121094 -0.0830079435193769 -0.8466876996283963 -0.5255755137091707 0.987718873219217 -0.13995200387976542 0.06946124168627266 0 0 0 0 0 0
-110.039306640625 18.87507438659668 -9.910776138305664 0.010147110232020785 -0.3848129430612356 -0.9229388035002589 0.9877336655786978 -0.13996802662636035 0.06921818695105954 0 0 0 0 0 0
-109.7081298828125 18.455684661865234 -9.855758666992188 0.10032671538715437 0.22320309983637399 -0.9695952384387304 0.9875090424855081 -0.14133472239948233 0.06964472164935673 0 0 0 0 0 0
-109.35394287109375 18.08719253540039 -10.021770477294922 0.15129158380871224 0.7465015137550908 -0.6479555128479189 0.9877263886713594 -0.1399130620139897 0.06943281788969961 0 0 0 0 0 0
-108.965576171875 17.888885498046875 -10.33549976348877 0.14503544261692633 0.9861752059711869 -0.08014476597133054 0.9877594132637495 -0.13961520858844723 0.06956245423831564 0 0 0 0 0 0
-108.54385375976562 17.915367126464844 -10.667519569396973 0.08430494603333649 0.8511080213512574 0.5181773943987364 0.9876143299716899 -0.14043120707288717 0.0699786489911167 0 0 0 0 0 0
-108.10296630859375 18.13587760925293 -10.881377220153809 -0.009307851567453632 0.39269882983485854 0.9196200263943424 0.9875347351695815 -0.14089860123127196 0.07016217645295607 0 0 0 0 0 0
-107.66424560546875 18.445844650268555 -10.88565731048584 -0.09834288858166657 -0.21471498884522225 0.9717129976647477 0.9875658151216643 -0.14139893069496487 0.06870300722241617 0 0 0 0 0 0
-107.24826049804688 18.70693588256836 -10.668401718139648 -0.14968812916128926 -0.7409638687127631 0.6546495316200938 0.9879912620225758 -0.1377395411050478 0.07000774945110633 0 0 0 0 0 0
-106.86599731445312 18.799087524414062 -10.301956176757812 -0.1453404356362327 -0.9853871727108756 0.08881597618636713 0.9877886906051638 -0.1394284884661686 0.06952121486694134 0 0 0 0 0 0
-106.51724243164062 18.66670036315918 -9.915275573730469 -0.08521993169910765 -0.8555180878316415 -0.5107116257087665 0.9877050417236685 -0.13996032230665473 0.06964092714391425 0 0 0 0 0 0
-106.187744140625 18.339269638061523 -9.644997596740723 0.0074005049660133895 -0.4006667720839182 -0.9161939588723019 0.987795262145653 -0.13962196952270234 0.0690378570727836 0 0 0 0 0 0
-105.85675048828125 17.92047119140625 -9.58357048034668 0.09758030565756758 0.20638539823450155 -0.9735929084290631 0.9877796371295914 -0.13954222371863126 0.06942158361628374 0 0 0 0 0 0
-105.503662109375 17.548791885375977 -9.744075775146484 0.15075632943738726 0.7349561794295095 -0.6611444195128207 0.9876837989850832 -0.14030675236767867 0.06924397780622306 0 0 0 0 0 0
-105.116455078125 17.34461212158203 -10.055272102355957 0.14663690648543581 0.9843774823734027 -0.09746070927600879 0.9877336340433119 -0.1403634283890711 0.06841327466551603 0 0 0 0 0 0
-104.6954345703125 17.364795684814453 -10.388699531555176 0.08644097975710255 0.8598798477271791 0.5031248398671205 0.987759868631737 -0.13978925038362416 0.06920554455965439 0 0 0 0 0 0
-104.25491333007812 17.58102798461914 -10.60744857788086 -0.006027219728402231 0.40872560620231463 0.9126374151090322 0.9876246062958574 -0.14060109127462028 0.06949079198957814 0 0 0 0 0 0
-103.81591796875 17.890445709228516 -10.618095397949219 -0.09590151056044854 -0.19801144229978054 0.9754969856389023 0.9878303212740059 -0.1394916375217323 0.06879926913274667 0 0 0 0 0 0
-103.39801025390625 18.154621124267578 -10.406424522399902 -0.1499933431900695 -0.729162387480794 0.6677006886936501 0.9877244148991031 -0.14030692025585648 0.06866184049776927 0 0 0 0 0 0
-103.01559448242188 18.25267791748047 -10.042533874511719 -0.14633203684635765 -0.9835260010404631 0.10612982742731303 0.9877623184043929 -0.13941785585468175 0.06991611980982818 0 0 0 0 0 0
-102.66610717773438 18.126583099365234 -9.654473304748535 -0.0872802986665518 -0.8641388529965317 -0.49562706968699344 0.987690459466984 -0.13989515754999526 0.06997786201335494 0 0 0 0 0 0
-102.33642578125 17.80341339111328 -9.379392623901367 0.0048065220829747535 -0.4164508061891697 -0.9091455457570347 0.9876823011675617 -0.14021544325265933 0.06944999232404632 0 0 0 0 0 0
-102.0057373046875 17.385313034057617 -9.311542510986328 0.09559649628521413 0.18946683875681855 -0.9772224040153239 0.9876744217885748 -0.14028581857882982 0.06941992257466222 0 0 0 0 0 0
-101.65335083007812 17.010454177856445 -9.466485977172852 0.14999363763711163 0.7233559523115525 -0.673986702334574 0.987704496491034 -0.1400141097918912 0.06954046786280332 0 0 0 0 0 0
-101.26666259765625 16.800493240356445 -9.775064468383789 0.14633199888948475 0.9825529967144053 -0.11478917522375413 0.9877573852020528 -0.13878522775977875 0.0712320751801446 0 0 0 0 0 0
-100.84725952148438 16.814489364624023 -10.109796524047852 0.0902555729336822 0.868142454301827 0.4880395584306797 0.9878660571312431 -0.14022987986850585 0.0667550294737113 0 0 0 0 0 0
-100.40679931640625 17.026329040527344 -10.333307266235352 -0.0026702928000936856 0.4242999891748863 0.9055177462217695 0.9878570150877614 -0.13954741519287076 0.06830107359981238 0 0 0 0 0 0
-99.9671630859375 17.33495330810547 -10.350377082824707 -0.09475637210544408 -0.1809058978114152 0.9789250666330189 0.9875902820418756 -0.14080032942064813 0.069575153981043 0 0 0 0 0 0
-99.54898071289062 17.60227394104004 -10.144306182861328 -0.1489251949347311 -0.7174082168391446 0.680548849624574 0.9878008313166438 -0.13960210783571272 0.06899832706648426 0 0 0 0 0 0
-99.1650390625 17.70609474182129 -9.78308391571045 -0.14762821829711548 -0.9813175732916593 0.12337637339210485 0.9877330018001311 -0.13986305067827617 0.06943950035727665 0 0 0 0 0 0
-98.81466674804688 17.58622169494629 -9.393754959106445 -0.09048457795576338 -0.8723398052783105 -0.48045374936529217 0.987713436949845 -0.14032967448828695 0.06877317010823325 0 0 0 0 0 0
-98.4849853515625 17.26744270324707 -9.113958358764648 0.0016021721203387526 -0.4320238049015824 -0.9018607791909216 0.9877876560502202 -0.13982463351931043 0.06873585975313501 0 0 0 0 0 0
-98.15444946289062 16.85022735595703 -9.039732933044434 0.09246815417477697 0.1725671668515459 -0.9806478539151251 0.9880155970134148 -0.13814652218494103 0.06885287551316574 0 0 0 0 0 0
-97.80340576171875 16.47236442565918 -9.189016342163086 0.14968900858416123 0.711342272285187 -0.6867207382693767 0.9875248094081323 -0.14188878957764298 0.0682811994301786 0 0 0 0 0 0
-97.41751098632812 16.256620407104492 -9.49488353729248 0.14823986920134974 0.9800959442757793 -0.13204878338453352 0.987731308260178 -0.1401005717562592 0.06898327678652687 0 0 0 0 0 0
-96.99850463867188 16.264232635498047 -9.83083438873291 0.09124771793860421 0.876432995653919 0.47279917311697445 0.9877295586989542 -0.14008226145332592 0.06904548427298789 0 0 0 0 0 0
-96.5587158203125 16.471752166748047 -10.059008598327637 -0.00015258794049145485 0.43974413937695184 0.8981230809864226 0.9878757252570649 -0.13936433359711253 0.06840419555013294 0 0 0 0 0 0
-96.11856079101562 16.779449462890625 -10.082474708557129 -0.09201089036607395 -0.16397069273518786 0.9821647560251717 0.9877649224729574 -0.1397544147576145 0.06920376787248923 0 0 0 0 0 0
-95.69961547851562 17.049741744995117 -9.882051467895508 -0.14907941160236873 -0.7053138462049888 0.6930423561282649 0.9876293464522595 -0.14066687309871467 0.06929000533203175 0 0 0 0 0 0
-95.31454467773438 17.15937042236328 -9.523624420166016 -0.14938300997400536 -0.9787238358402865 0.14065692122743906 0.9876581109274235 -0.14092341742371067 0.06835236894867494 0 0 0 0 0 0
-94.96368408203125 17.045751571655273 -9.133145332336426 -0.0914004860460559 -0.8805212308166 -0.46511107622993086 0.9876658191335835 -0.13978501809264088 0.07054345066714186 0 0 0 0 0 0
-94.63327026367188 16.731416702270508 -8.848675727844238 -0.0010681155804651303 -0.44749751285674594 -0.8942845381175575 0.9878836874293656 -0.13925850522935623 0.06850466285038373 0 0 0 0 0 0
-94.30364990234375 16.315155029296875 -8.768061637878418 0.09094281685932473 0.15539243476361547 -0.9836577632896142 0.9876559273762797 -0.14057076656289552 0.0691059238156974 0 0 0 0 0 0
-93.953125 15.934309005737305 -8.911686897277832 0.14839321759600996 0.699279195823254 -0.6992768116134598 0.9876457915077459 -0.14079615065355205 0.06879123838237235 0 0 0 0 0 0
-93.56832885742188 15.712812423706055 -9.214712142944336 0.14976519512730188 0.9773790693593415 -0.14933365697909057 0.9876520024420673 -0.14086346034677605 0.06856389437092396 0 0 0 0 0 0
-93.15008544921875 15.714221954345703 -9.551764488220215 0.09323123174521071 0.8843472519792617 0.45742526749623147 0.9877395542197054 -0.13993018961071568 0.0692106571661256 0 0 0 0 0 0
-92.7103271484375 15.917192459106445 -9.78455638885498 0.0022888198370170972 0.4552271920840588 0.8903723742856229 0.9878474992971606 -0.13940223146333067 0.06873380533180495 0 0 0 0 0 0
-92.27008056640625 16.2238826751709 -9.814387321472168 -0.08895880363233834 -0.146989927142499 0.9851295816160156 0.9878610640655953 -0.13947277475267153 0.06839490628680492 0 0 0 0 0 0
-91.85009765625 16.49711036682129 -9.61966609954834 -0.14839177802576298 -0.6930830634975786 0.7054188453019696 0.9875673137290384 -0.14127129190736132 0.06894362143691375 0 0 0 0 0 0
-91.46438598632812 16.612329483032227 -9.264126777648926 -0.15006878231395027 -0.9759811376467761 0.1579246007831366 0.9876405119653441 -0.14067964536674432 0.06910467787581603 0 0 0 0 0 0
-91.11248779296875 16.50509262084961 -8.87259578704834 -0.09452798893868765 -0.8882169130133254 -0.44959445586471153 0.9877570306104412 -0.1399783287741489 0.06886302312010827 0 0 0 0 0 0
-90.78201293945312 16.195329666137695 -8.583558082580566 -0.0031280505445160697 -0.4628513448239959 -0.8864303965311712 0.9875095952018048 -0.14106856849113872 0.07017448516539702 0 0 0 0 0 0
-90.45211791992188 15.780132293701172 -8.496594429016113 0.08865359335397613 0.1383018944513083 -0.9864142772570798 0.9878006360790652 -0.13949358214516108 0.06922025644351283 0 0 0 0 0 0
-90.10256958007812 15.396417617797852 -8.6344575881958 0.1470186533135515 0.6869421780506245 -0.7116852953327995 0.9877599057098139 -0.13986921892747112 0.06904324926275626 0 0 0 0 0 0
-89.71951293945312 15.169281005859375 -8.934561729431152 0.15113710087662163 0.974385123631791 -0.16652689747806332 0.9876310533817667 -0.14173035082828428 0.06706273219988612 0 0 0 0 0 0
-89.30157470703125 15.164342880249023 -9.272622108459473 0.09674059007913051 0.8918463882521735 0.441872468018426 0.9878065823168084 -0.14044020460015058 0.06719155351273273 0 0 0 0 0 0
-88.86221313476562 15.362693786621094 -9.50993824005127 0.005798342969047722 0.47043825710551823 0.8824138629182654 0.9878345157859222 -0.13982692878076428 0.06805438567595647 0 0 0 0 0 0
-88.42172241210938 15.66830062866211 -9.546121597290039 -0.08666983302860704 -0.12970434244119386 0.9877576239111955 0.9879777227857938 -0.1385971957070873 0.06848968258890313 0 0 0 0 0 0
-88.00131225585938 15.944385528564453 -9.357156753540039 -0.1468654122882523 -0.6807116492409658 0.7176783410839748 0.9877241637211452 -0.13995363593315094 0.06938267932600735 0 0 0 0 0 0
-87.61407470703125 16.065202713012695 -9.00461196899414 -0.14984098964882103 -0.9730842858523598 0.17508469507145527 0.9877652549299268 -0.139591984862548 0.06952610240299 0 0 0 0 0 0
-87.26101684570312 15.964254379272461 -8.612133026123047 -0.09712225061999932 -0.8956390029312575 -0.43404843607921095 0.9878049974797554 -0.14006641557591618 0.06799033888528176 0 0 0 0 0 0
-86.9302978515625 15.659149169921875 -8.318617820739746 -0.006027229800113125 -0.478020358387453 -0.8783280762152986 0.9877420852260673 -0.13985106605841333 0.06933435220426913 0 0 0 0 0 0
-86.60116577148438 15.245092391967773 -8.225290298461914 0.0870518379712692 0.12096943895120116 -0.9888318220737312 0.9875177081741958 -0.1412696738682982 0.06965382464394065 0 0 0 0 0 0
-86.25125122070312 14.858575820922852 -8.357410430908203 0.14473089375230486 0.674639943956571 -0.7238189790354586 0.9881282621902551 -0.13664390552578412 0.07022094091884194 0 0 0 0 0 0
-85.86959838867188 14.625871658325195 -8.654460906982422 0.15022231631678223 0.9714478180099484 -0.18363657741346368 0.9877698152313795 -0.13963036106809262 0.06938410758783746 0 0 0 0 0 0
-85.45285034179688 14.614555358886719 -8.993395805358887 0.09773264003592856 0.8993443748349113 0.4261783975337212 0.987742490604441 -0.14002518301032676 0.06897623052516412 0 0 0 0 0 0
-85.01382446289062 14.808305740356445 -9.235160827636719 0.007476807602228741 0.48557287739168187 0.8741642168892763 0.987691962066355 -0.1401668025257799 0.06941077394189664 0 0 0 0 0 0
-84.57351684570312 15.112703323364258 -9.277679443359375 -0.08453378818958825 -0.11259091870106935 0.9900390515936061 0.9880207182113347 -0.13821421297037068 0.0686432204819924 0 0 0 0 0 0
-84.15228271484375 15.391464233398438 -9.094518661499023 -0.1457216080135183 -0.668030575793909 0.7297262245269884 0.9877941609333281 -0.13926989354554128 0.06976096600417786 0 0 0 0 0 0
-83.7640380859375 15.517862319946289 -8.745043754577637 -0.14961360958374634 -0.969880142417939 0.19221934650466593 0.9878478980966136 -0.13834855797159998 0.07082518431519505 0 0 0 0 0 0
-83.41012573242188 15.423286437988281 -8.351753234863281 -0.09803719806856402 -0.9029912583968923 -0.4183246287916385 0.9877166912939724 -0.13968087557533013 0.07003563905467766 0 0 0 0 0 0
-83.0791015625 15.122871398925781 -8.053815841674805 -0.00869751059957657 -0.49300198513718285 -0.8699847101875797 0.9877185936156067 -0.13996436021743297 0.06944031750311337 0 0 0 0 0 0
-82.74966430664062 14.710042953491211 -7.954184532165527 0.08338909958138623 0.10395504116959063 -0.9910800207281117 0.9880212197763436 -0.1382150763630115 0.06863426212638594 0 0 0 0 0 0
-82.40130615234375 14.320945739746094 -8.080448150634766 0.14594950527499426 0.6614982036815253 -0.7356078224408027 0.9876304628137355 -0.1405041181231684 0.06960360416499771 0 0 0 0 0 0
-82.020263671875 14.082670211791992 -8.3743896484375 0.15098475918451937 0.9679351388448697 -0.2007614741013712 0.9877474998828834 -0.13960985669252476 0.06974212779523153 0 0 0 0 0 0
-81.6044921875 14.065006256103516 -8.71407413482666 0.09979253867143488 0.9064441245578371 0.410366297690352 0.9878094762765858 -0.1397734382060594 0.06852608664030296 0 0 0 0 0 0
-81.16586303710938 14.254011154174805 -8.96022891998291 0.010604882999586097 0.5006324937619354 0.865594964545353 0.9879852264303355 -0.13872192040879042 0.06812797629091841 0 0 0 0 0 0
-80.72488403320312 14.557088851928711 -9.009052276611328 -0.08300785925234597 -0.09542470584547033 0.99196966728658 0.9877714107639427 -0.13970167664580627 0.06921763951306699 0 0 0 0 0 0
-80.3026123046875 14.838407516479492 -8.831755638122559 -0.1431267707868949 -0.6554286764306321 0.7415712896252832 0.9880510327439761 -0.1379189700054078 0.06880054074067796 0 0 0 0 0 0
-79.913818359375 14.970394134521484 -8.485461235046387 -0.1510617200726833 -0.9661179010077765 0.2092762721404659 0.9877316145786049 -0.13904258890238433 0.07108738308071869 0 0 0 0 0 0
-79.55892944335938 14.882148742675781 -8.091464042663574 -0.10162386930474826 -0.909808289383726 -0.402394664174601 0.9877995569345717 -0.14026238972036667 0.06766459450699588 0 0 0 0 0 0
-79.22769165039062 14.586496353149414 -7.789198875427246 -0.011367772073255757 -0.5080068512451545 -0.8612780113564225 0.9876030552595181 -0.14056301460875395 0.06987305751263888 0 0 0 0 0 0
-78.89874267578125 14.175073623657227 -7.68325138092041 0.0822448972832379 0.08685114558887379 -0.9928205554785668 0.9876245516669668 -0.1405890918986375 0.06951584124312321 0 0 0 0 0 0
-78.55093383789062 13.783411026000977 -7.803644180297852 0.14411958603196928 0.6487097989059433 -0.7472651080609776 0.9878329831907785 -0.1389116764124277 0.06992527065872715 0 0 0 0 0 0
-78.17108154296875 13.539634704589844 -8.094340324401855 0.15228279292992822 0.9640555556799254 -0.2177311106390881 0.9877153348736302 -0.14063586652160354 0.06811732748127011 0 0 0 0 0 0
-77.7557373046875 13.515632629394531 -8.434697151184082 0.10177561949761404 0.9132578487762617 0.39446397164307867 0.9877266371215871 -0.13999329169532393 0.06926737039031204 0 0 0 0 0 0
-77.31710815429688 13.699773788452148 -8.685137748718262 0.011444099595174931 0.5154613192660042 0.8568364260026567 0.9874006204496255 -0.14107421178221616 0.07168041228760663 0 0 0 0 0 0
-76.87686157226562 14.001457214355469 -8.740238189697266 -0.07988005591897607 -0.07813959386009198 0.993737078173981 0.9881461766244258 -0.1373195387089187 0.06863292148305108 0 0 0 0 0 0
-76.45327758789062 14.285276412963867 -8.568863868713379 -0.142134433777606 -0.6423515111060407 0.7531150900855096 0.9879642946838845 -0.13896962446878483 0.06792640064643306 0 0 0 0 0 0
-76.06338500976562 14.422710418701172 -8.225833892822266 -0.1534278339889832 -0.9619137452478745 0.22623405238967906 0.9875531719389615 -0.14123967124455622 0.0692104606257298 0 0 0 0 0 0
-75.70794677734375 14.340850830078125 -7.831228256225586 -0.1029968456340936 -0.9165241065964582 -0.3864908948694532 0.987713877428013 -0.14014974220233783 0.06913281490535914 0 0 0 0 0 0
-75.3759765625 14.050069808959961 -7.524722099304199 -0.012969983384678503 -0.5227570876699649 -0.8523830165024513 0.987609615573428 -0.14002713307068823 0.07084948292619792 0 0 0 0 0 0
-75.04696655273438 13.640087127685547 -7.412508487701416 0.07736199895740621 0.06973737886785415 -0.9945611188388351 0.9883001131550202 -0.1368820407146006 0.06727698913879084 0 0 0 0 0 0
-74.70034790039062 13.245994567871094 -7.5269694328308105 0.14274526882334698 0.6355683503539249 -0.7587335897776906 0.9877820109551723 -0.13991337088174724 0.0686363422820807 0 0 0 0 0 0
-74.32131958007812 12.996833801269531 -7.814351558685303 0.15220667674017313 0.9600750848439831 -0.23471037262449834 0.9877984901262793 -0.1398473703826841 0.0685336114712442 0 0 0 0 0 0
-73.90695190429688 12.966394424438477 -8.15524673461914 0.10360691955176339 0.9198165860426711 0.37842179411577204 0.9876796053758156 -0.1400094700496826 0.06990239925124496 0 0 0 0 0 0
-73.46942138671875 13.145671844482422 -8.409876823425293 0.015716527233508214 0.530184839210956 0.8477364136584974 0.987845762896492 -0.13936034491635801 0.0688436125740194 0 0 0 0 0 0
-73.02780151367188 13.44580078125 -8.471258163452148 -0.0788117749340495 -0.06074915371852557 0.995036805577677 0.98771265653285 -0.13988133513588988 0.06969160785504523 0 0 0 0 0 0
-72.60464477539062 13.731985092163086 -8.305825233459473 -0.14335754014709534 -0.6287008247663012 0.7643192321413523 0.9876543507012804 -0.14016100323536818 0.06995553382604879 0 0 0 0 0 0
-72.21322631835938 13.874866485595703 -7.966167449951172 -0.15174826250124082 -0.9580444210960847 0.2431529395967123 0.9878805774235762 -0.1388848003601286 0.06930351346208172 0 0 0 0 0 0
-71.85708618164062 13.799388885498047 -7.5710649490356445 -0.10459924113697967 -0.9229681397918392 -0.3703900804324543 0.9876605365464998 -0.14005459253606684 0.07008120759687904 0 0 0 0 0 0
-71.524658203125 13.513500213623047 -7.26041316986084 -0.015869141800161073 -0.537390748718856 -0.8431840567337086 0.9874864538541807 -0.14075509855103788 0.07112317264002525 0 0 0 0 0 0
-71.1962890625 13.105146408081055 -7.141933441162109 0.07789585600687533 0.052304091854763445 -0.9955885282546221 0.9875543119364135 -0.14090932657285335 0.06986445920911546 0 0 0 0 0 0
-70.85073852539062 12.708711624145508 -7.250405788421631 0.14114491869082563 0.6223155759629145 -0.7699359946396234 0.9878488869898019 -0.1396426676818729 0.06822390956035493 0 0 0 0 0 0
-70.47198486328125 12.454103469848633 -7.534384250640869 0.1532751175023742 0.9556138998936287 -0.2516124255372201 0.9877217183156253 -0.14037036728893476 0.06857089145401606 0 0 0 0 0 0
-70.0584716796875 12.41733169555664 -7.87572717666626 0.10635368997031396 0.9259885433148829 0.36226248809292916 0.987750833548749 -0.14022538381942665 0.06844802814139994 0 0 0 0 0 0
-69.62091064453125 12.591680526733398 -8.134474754333496 0.01869203329370004 0.5445628260817412 0.8385117389406151 0.9878381074070167 -0.13953518072646642 0.0685988840591142 0 0 0 0 0 0
-69.1788330078125 12.890068054199219 -8.202099800109863 -0.07644671118729501 -0.043573480964914035 0.9961211031321676 0.987532267852387 -0.14118872269166416 0.06961152587767207 0 0 0 0 0 0
-68.75448608398438 13.178613662719727 -8.042664527893066 -0.14457757788048467 -0.6150698282726199 0.7751041415983417 0.9869307206519484 -0.14597810862792576 0.06825060025259577 0 0 0 0 0 0
-68.36294555664062 13.326850891113281 -7.706454277038574 -0.15304574337163954 -0.9533887689969345 0.26005164023003685 0.9877693475073663 -0.13964592896182676 0.06935943086026927 0 0 0 0 0 0
-68.00579833984375 13.257711410522461 -7.3109917640686035 -0.10589651040694842 -0.9291646308261691 -0.35417371148251514 0.9878711920821186 -0.13898126530896845 0.06924388599271764 0 0 0 0 0 0
-67.67327880859375 12.97686767578125 -6.996239185333252 -0.01800539309854833 -0.5518490859873137 -0.8337495979695182 0.9874470379689101 -0.14068983629088075 0.07179635903631157 0 0 0 0 0 0
-67.34432983398438 12.570150375366211 -6.871551990509033 0.07392873096343529 0.03517146024163433 -0.9966431212438116 0.9882052473364626 -0.1369758760287331 0.06846896028743193 0 0 0 0 0 0
-66.99996948242188 12.171531677246094 -6.974020957946777 0.14129758307885484 0.6087068598254635 -0.7807118237976788 0.9875553027082151 -0.14168446425942494 0.06826446132802691 0 0 0 0 0 0
-66.62188720703125 11.911609649658203 -7.254486083984375 0.15228251190911632 0.9511744221437527 -0.2684720753191069 0.9878886854615523 -0.13830913290016816 0.07033156399121158 0 0 0 0 0 0
-66.20993041992188 11.868438720703125 -7.596129417419434 0.10887117219566038 0.9319233103866358 0.34592775462913783 0.9877737167714696 -0.14048295001573838 0.0675842082912298 0 0 0 0 0 0
-65.77261352539062 12.037731170654297 -7.858923435211182 0.0217437753881411 0.5589151632829348 0.8289397134196675 0.9877197405272713 -0.14031994672184667 0.068702450645652 0 0 0 0 0 0
-65.33108520507812 12.334478378295898 -7.932736873626709 -0.07308963439720306 -0.026516926988703435 0.9969727969843304 0.9878786581748478 -0.13918762682925598 0.06872089391373204 0 0 0 0 0 0
-64.90579223632812 12.625112533569336 -7.779333114624023 -0.14137313924908607 -0.6016512359941121 0.7861484756237945 0.9874634761211261 -0.1420254765628912 0.06888140049292141 0 0 0 0 0 0
-64.51263427734375 12.778661727905273 -7.446680545806885 -0.15480090550850514 -0.9484035023474809 0.2767082875317945 0.9875697385795909 -0.14082240674959992 0.06982163847324711 0 0 0 0 0 0
-64.15469360351562 12.715967178344727 -7.050956726074219 -0.109328913914124 -0.9348652105001524 -0.3377487628087838 0.9878848668262402 -0.1398404559905333 0.06729143157981766 0 0 0 0 0 0
-63.821502685546875 12.44009780883789 -6.732232570648193 -0.022811887282738183 -0.566000879718591 -0.824088964831092 0.9879732226068025 -0.13885899335567403 0.0680227269093078 0 0 0 0 0 0
-63.4937744140625 12.035276412963867 -6.601340293884277 0.07270792068042692 0.017781206467557185 -0.9971947587943324 0.9875087917897788 -0.14141750042559603 0.06948004541785992 0 0 0 0 0 0
-63.1490478515625 11.634429931640625 -6.697776794433594 0.13977043953577625 0.5949732735083407 -0.7914992280746361 0.9877035341165838 -0.14031689626073626 0.06894125990554785 0 0 0 0 0 0
-62.77239990234375 11.369224548339844 -6.974638938903809 0.1536556830565574 0.9461049231101267 -0.2850884170414575 0.9877613825615255 -0.13924704319451892 0.07026885570242138 0 0 0 0 0 0
-62.36126708984375 11.319730758666992 -7.3164825439453125 0.10986350388014159 0.9377117085519794 0.32958574325918 0.987894884593046 -0.13955246002710456 0.06774074029176329 0 0 0 0 0 0
-61.924530029296875 11.483943939208984 -7.583196640014648 0.02387996960814184 0.5731669542407879 0.8190905869425266 0.9878073867940544 -0.13960768425547868 0.06889311353048404 0 0 0 0 0 0
-61.482452392578125 11.778762817382812 -7.663212299346924 -0.07148731889492492 -0.009102807615422337 0.9973999709899393 0.9875295008668448 -0.14126763238416468 0.06949058179532877 0 0 0 0 0 0
-61.0570068359375 12.071556091308594 -7.515857219696045 -0.13839730835441028 -0.5881218032599316 0.7968431022293792 0.9879301845034265 -0.13850214021946894 0.06936214891172637 0 0 0 0 0 0
-60.66265869140625 12.230295181274414 -7.186863422393799 -0.15457159071169532 -0.9433940582664316 0.2934540409884463 0.9876989466605512 -0.14044927395147178 0.06873712397345619 0 0 0 0 0 0
-60.3038330078125 12.173965454101562 -6.790999412536621 -0.11116051640259085 -0.940425025970975 -0.3213162151535468 0.9877443541442106 -0.1401942063340114 0.06860521384423361 0 0 0 0 0 0
-59.970245361328125 11.903312683105469 -6.4683685302734375 -0.02510071312149489 -0.5802680244049838 -0.8140386809322573 0.9876598834408892 -0.14031563132373084 0.06956635859201038 0 0 0 0 0 0
-59.642120361328125 11.500276565551758 -6.331315994262695 0.06950395161878764 0.000591279500598907 -0.9975815009802083 0.9878990917312819 -0.13902964237698637 0.0687469497289553 0 0 0 0 0 0
-59.298431396484375 11.097469329833984 -6.421657562255859 0.13839630700871286 0.5811223928975622 -0.8019621105010895 0.9877442289189504 -0.13999458099233347 0.0690134445603834 0 0 0 0 0 0
-58.9229736328125 10.827110290527344 -6.694819927215576 0.15457201742256413 0.940769281630983 -0.3017625725126341 0.9877115679985877 -0.1400057358125847 0.0694568382619611 0 0 0 0 0 0
-58.512359619140625 10.771160125732422 -7.03676176071167 0.1116944940108109 0.9431280132091131 0.3131036421185481 0.9877133591146787 -0.14001718304480884 0.06940827528900693 0 0 0 0 0 0
-58.076202392578125 10.930229187011719 -7.3073296546936035 0.026321419988961727 0.5871059485762523 0.8090820650565329 0.9877206025553034 -0.1399571888752381 0.06942619512784405 0 0 0 0 0 0
-57.6341552734375 11.223127365112305 -7.393479347229004 -0.06896957000183346 0.008039456237769027 0.9975863699736295 0.9877469680890043 -0.13977617963658379 0.06941575208251365 0 0 0 0 0 0
-57.20751953125 11.517837524414062 -7.252237796783447 -0.1384728357459429 -0.5739565527915859 0.8070930239247992 0.9875887843891782 -0.14101607363323843 0.06915822384771457 0 0 0 0 0 0
-56.812469482421875 11.681745529174805 -6.927002906799316 -0.15518091822021748 -0.9379757633413459 0.31003282085055067 0.987674879846064 -0.14082038165870714 0.06832241089539492 0 0 0 0 0 0
-56.452728271484375 11.631820678710938 -6.531085014343262 -0.11306696065991086 -0.9456674161603763 -0.30484258301570644 0.9877468064719654 -0.14019896166697726 0.06856017394913268 0 0 0 0 0 0
-56.118682861328125 11.366289138793945 -6.204651355743408 -0.027923567455504332 -0.5940386116870345 -0.8039517412167838 0.9877579741142889 -0.13987986628893245 0.06904931267308995 0 0 0 0 0 0
-55.790863037109375 10.965385437011719 -6.061473369598389 0.0672910231368913 -0.016779840590895725 -0.9975922790173019 0.9877700360926625 -0.1398286596353423 0.06898044463530323 0 0 0 0 0 0
-55.44781494140625 10.560617446899414 -6.145687580108643 0.13717582903756723 0.5670376133780722 -0.8121891017136071 0.9876983680001253 -0.14043642888057423 0.06877167507892132 0 0 0 0 0 0
-55.073333740234375 10.28509521484375 -6.415063858032227 0.15457110977802044 0.9352992185843217 -0.3183129650792571 0.9877690415880287 -0.13961349005387827 0.06942905641907539 0 0 0 0 0 0
-54.663604736328125 10.222793579101562 -6.756990909576416 0.11344882537816334 0.9482742520723179 0.2964882912983265 0.9877154651730193 -0.13992034177809012 0.06957339875806652 0 0 0 0 0 0
-54.22802734375 10.376619338989258 -7.031325340270996 0.029220550700990437 0.6010192349877509 0.7987002182242531 0.9877546097857598 -0.13987101460780896 0.06911533924943129 0 0 0 0 0 0
-53.78564453125 10.667449951171875 -7.123579502105713 -0.06637571647032192 0.02539157257215979 0.9974715696727221 0.9876937554882184 -0.14021179521220312 0.06929428441762546 0 0 0 0 0 0
-53.358612060546875 10.964061737060547 -6.988481521606445 -0.1371011284900088 -0.5597866923721683 0.8172160911348929 0.9876182364718765 -0.14075251493999527 0.0692744435289611 0 0 0 0 0 0
-52.9625244140625 11.133081436157227 -6.667076110839844 -0.15487742456470338 -0.9324164555667076 0.326515752680667 0.9877538770437919 -0.13984188742524675 0.06918471584318638 0 0 0 0 0 0
-52.60174560546875 11.089487075805664 -6.2712321281433105 -0.1146699664135017 -0.9506763919588427 -0.2882103339140415 0.9877637984506829 -0.13998599455621277 0.06875027126045921 0 0 0 0 0 0
-52.267120361328125 10.829225540161133 -5.941087245941162 -0.03128049804217662 -0.6077571887901925 -0.7935066035743341 0.9878981706242815 -0.13946438026981323 0.06787408277947622 0 0 0 0 0 0
-51.9395751953125 10.43043327331543 -5.791816711425781 0.06477369766855332 -0.034012867010438076 -0.9973201557013041 0.9877592085811769 -0.13993243505076877 0.06892502799309999 0 0 0 0 0 0
-51.597198486328125 10.02387809753418 -5.869877815246582 0.13618399130299896 0.5526847997183718 -0.8221881978434427 0.987649226776396 -0.14064762814260687 0.0690452717124495 0 0 0 0 0 0
-51.223663330078125 9.743307113647461 -6.135369300842285 0.15502830969872292 0.9294546070095494 -0.33478404487173696 0.9877544043983446 -0.13981734462166645 0.06922677758366202 0 0 0 0 0 0
-50.8148193359375 9.674558639526367 -6.4771647453308105 0.11528016862427125 0.9531022544928581 0.2798331202745497 0.9877290355811246 -0.13986900832641233 0.06948390302629759 0 0 0 0 0 0
-50.379669189453125 9.823148727416992 -6.755176067352295 0.03173829173299523 0.6145908478326355 0.7882073144790231 0.9877194595893238 -0.13998766511578853 0.06938099713901673 0 0 0 0 0 0
-49.937408447265625 10.111766815185547 -6.853512763977051 -0.06401052336784589 0.0427579233491861 0.9970328043194163 0.987699574390945 -0.1401086285642302 0.06941990312436913 0 0 0 0 0 0
-49.5096435546875 10.410112380981445 -6.7245774269104 -0.13465920655323066 -0.5455366800331253 0.8271980590093826 0.987879042433803 -0.13896161966366485 0.06917127858095058 0 0 0 0 0 0
-49.112579345703125 10.584165573120117 -6.407090187072754 -0.15525890010193855 -0.9264273773435235 0.34296791168786717 0.9877405012100956 -0.13987857431882145 0.06930141929111804 0 0 0 0 0 0
-48.75079345703125 10.547004699707031 -6.011435031890869 -0.11672965089159461 -0.9553377788594807 -0.271484653132659 0.9877494766476281 -0.14017570902021922 0.06856924954391387 0 0 0 0 0 0
-48.41571044921875 10.292091369628906 -5.677676200866699 -0.03364560192524547 -0.6213898263730674 -0.7827788047406095 0.9878388217645622 -0.13963459939369452 0.06838596981080161 0 0 0 0 0 0
-48.08831787109375 9.895503997802734 -5.5223388671875 0.06263712766970787 -0.05133612336267319 -0.9967152013867256 0.9877009763519567 -0.14016314299504623 0.06928978755301454 0 0 0 0 0 0
-47.746429443359375 9.487226486206055 -5.5942182540893555 0.13450565930233377 0.5382658231361792 -0.8319724341942921 0.9877635243591316 -0.13971711452964541 0.06929897440177224 0 0 0 0 0 0
-47.373992919921875 9.20167350769043 -5.855731964111328 0.15518105279386893 0.9233663645608637 -0.3511600741135596 0.9877685889072036 -0.13954745066878865 0.06956812330452518 0 0 0 0 0 0
-46.96612548828125 9.126527786254883 -6.197295665740967 0.11733921178343963 0.957601073082301 0.26311916351658365 0.9877501294854348 -0.13998076342310314 0.06895699799869719 0 0 0 0 0 0
-46.53155517578125 9.26974105834961 -6.478882789611816 0.034484797565642045 0.628079171149231 0.7773849455098494 0.9877871123568612 -0.139680874979861 0.06903530854971264 0 0 0 0 0 0
-46.089111328125 9.55609130859375 -6.583251953125 -0.061035245876448284 0.06002911799520371 0.9963288632542567 0.9878637194374282 -0.13920327091410226 0.06890370952325595 0 0 0 0 0 0
-45.660430908203125 9.856107711791992 -6.460514545440674 -0.13450617846719487 -0.5309436845500123 0.8366641451565903 0.9875672703550766 -0.14114953689786985 0.06919316987203095 0 0 0 0 0 0
-45.262451171875 10.035116195678711 -6.147058010101318 -0.1557158687832132 -0.9201474609023722 0.35927874749838246 0.9877163641901836 -0.14025233976275803 0.0688887879266052 0 0 0 0 0 0
-44.9000244140625 10.004354476928711 -5.751689434051514 -0.11802754165250508 -0.9597844046467445 -0.25472219378837085 0.9877210425890052 -0.13991126411413993 0.06951244637381114 0 0 0 0 0 0
-44.5643310546875 9.75478744506836 -5.414394855499268 -0.035934372165659936 -0.6347595127813808 -0.7718737473386461 0.987723646568073 -0.14005237958294214 0.06919052668844085 0 0 0 0 0 0
-44.23687744140625 9.36053466796875 -5.253048419952393 0.059890968576475016 -0.06846453239020926 -0.9958542462065227 0.987748442028162 -0.1399588615170508 0.06902559202056803 0 0 0 0 0 0
-43.89581298828125 8.950698852539062 -5.31870174407959 0.13305657456557252 0.5236480020451361 -0.8414800757706705 0.9877351861847101 -0.14004997369488498 0.06903047762197508 0 0 0 0 0 0
-43.5242919921875 8.660154342651367 -5.576159477233887 0.15533598234873952 0.9170049144622238 -0.3673863354016883 0.9877839799176783 -0.13951787208173436 0.06940873423263601 0 0 0 0 0 0
-43.117401123046875 8.578695297241211 -5.91737174987793 0.11909525609046626 0.9618505960535039 0.2462920032162345 0.9877394016941525 -0.13999161906364901 0.06908850072780277 0 0 0 0 0 0
-42.68316650390625 8.71645736694336 -6.202433109283447 0.03669736814353304 0.6413790146676454 0.7663460463232641 0.9876615587760181 -0.14010605829911263 0.06996383168474846 0 0 0 0 0 0
-42.24066162109375 9.000473022460938 -6.312809467315674 -0.058746247767342816 0.0771616705658394 0.9952863683225782 0.9877749530295741 -0.13971765177409862 0.06913479550960257 0 0 0 0 0 0
-41.811553955078125 9.302057266235352 -6.196308135986328 -0.13282692095123727 -0.5163684698711385 0.846002725996526 0.9876734050529693 -0.14027847090618015 0.06944923002667028 0 0 0 0 0 0
-41.412628173828125 9.485879898071289 -5.886933326721191 -0.15563910826263014 -0.9136835812081988 0.3754447781096092 0.9877545592150938 -0.13978156924802018 0.06929677949484232 0 0 0 0 0 0
-41.049072265625 9.461528778076172 -5.491989612579346 -0.11978175629594201 -0.9638950462950082 -0.23782066896425 0.9877441623660158 -0.13984696835090082 0.06931302298212168 0 0 0 0 0 0
-40.712982177734375 9.217386245727539 -5.151261329650879 -0.038299522247549435 -0.6479685979453741 -0.760703518246311 0.9876675656306563 -0.14019800996092546 0.06969431687167729 0 0 0 0 0 0
-40.3856201171875 8.825529098510742 -4.9839348793029785 0.05767833823200881 -0.08560674655086427 -0.9946580790622322 0.9876786184565085 -0.14029182448012945 0.06934803982723269 0 0 0 0 0 0
-40.04510498046875 8.414205551147461 -5.043346405029297 0.13153053594038888 0.5089655722594704 -0.8506784141905941 0.987789847760222 -0.13956660099744286 0.0692270218040471 0 0 0 0 0 0
-39.67449951171875 8.118867874145508 -5.296660423278809 0.15602133417143824 0.9102643217601123 -0.3835051600877971 0.9877065600973046 -0.1399819984254873 0.06957579505515242 0 0 0 0 0 0
-39.268524169921875 8.03099250793457 -5.637403964996338 0.12054473988745056 0.9658456548134053 0.22937117683687067 0.9877550405923816 -0.1397496173120603 0.0693543383320415 0 0 0 0 0 0
-38.834991455078125 8.163320541381836 -5.9258527755737305 0.03990166109564207 0.6544244351994748 0.7550738480808729 0.9877803080345107 -0.13977420946072028 0.06894369752833407 0 0 0 0 0 0
-38.392364501953125 8.444799423217773 -6.042181968688965 -0.056457442681685316 0.09446131245981301 0.9939263642816875 0.987704722901451 -0.14007403065415847 0.06941646990783785 0 0 0 0 0 0
-37.962554931640625 8.747804641723633 -5.931939601898193 -0.13069220695905467 -0.501554232507817 0.8551975788633093 0.9877967855646457 -0.13958368514358463 0.06909345316229511 0 0 0 0 0 0
-37.562713623046875 8.936502456665039 -5.626757621765137 -0.15563932902223124 -0.9069138034330346 0.3915146898957134 0.987775756837762 -0.1394019519520862 0.06975779523132342 0 0 0 0 0 0
-37.198150634765625 8.918472290039062 -5.232335567474365 -0.1219932227236331 -0.9676393326808499 -0.22088860418423936 0.9877298997818438 -0.1402216654248288 0.06875703325796174 0 0 0 0 0 0
-36.86151123046875 8.679840087890625 -4.888263702392578 -0.041198747415418596 -0.6608345842662751 -0.7493999702755665 0.9877194439158725 -0.14006968257722724 0.06921549055835943 0 0 0 0 0 0
-36.53411865234375 8.290569305419922 -4.715003967285156 0.054931765218753294 -0.10293030243159797 -0.9931706066992173 0.9877637942156289 -0.13980302693681565 0.06912163551341158 0 0 0 0 0 0
-36.1943359375 7.877829074859619 -4.768141746520996 0.13015806074473507 0.49399480647413097 -0.8596673835849279 0.9877818749367511 -0.13955635272880776 0.06936131457425743 0 0 0 0 0 0
-35.8248291015625 7.577728748321533 -5.0172271728515625 0.1557162591886872 0.9033793708909593 -0.39957247011391567 0.9877801074321187 -0.13972249620069382 0.0690513100298572 0 0 0 0 0 0
-35.419708251953125 7.483541965484619 -5.357388973236084 0.12237459520154229 0.9694886980668319 0.21240556200330038 0.9877378655137066 -0.13987235693937367 0.069351516166928 0 0 0 0 0 0
-34.986724853515625 7.610306262969971 -5.649136543273926 0.04234306253295452 0.6672560937484749 0.7436238097390755 0.9877629034056966 -0.13978019411135434 0.06918051741451989 0 0 0 0 0 0
-34.544036865234375 7.889206409454346 -5.771374225616455 -0.053787196105375884 0.11157028497106249 0.9922998584332247 0.9877974322175005 -0.13951178120193872 0.06922929878580959 0 0 0 0 0 0
-34.11358642578125 8.193527221679688 -5.66742467880249 -0.12977654396046479 -0.48648918565867394 0.863994398636263 0.9876690795692649 -0.14037730061131118 0.06931091354096128 0 0 0 0 0 0
-33.712646484375 8.386911392211914 -5.366509914398193 -0.15625070970820254 -0.8997338153903691 0.4075104626371848 0.9877059390433857 -0.14034072242984674 0.06885825735736197 0 0 0 0 0 0
-33.34735107421875 8.375276565551758 -4.972713947296143 -0.12313885662994001 -0.9712193461437187 -0.2038867422468624 0.9877435484212617 -0.13980451491902335 0.06940734946986216 0 0 0 0 0 0
-33.010101318359375 8.14217758178711 -4.6253981590271 -0.0437165476275669 -0.6735903165170647 -0.737810916805903 0.987694094054793 -0.14014517796431375 0.06942410001312649 0 0 0 0 0 0
-32.682952880859375 7.755573749542236 -4.446261405944824 0.05271915508491057 -0.1202011994736275 -0.991348759182274 0.9875599468456896 -0.14099414623048134 0.06961323232602055 0 0 0 0 0 0
-32.343597412109375 7.341553211212158 -4.49309778213501 0.1286314274310352 0.479001386831154 -0.8683384290073115 0.987753421753025 -0.13984950123556814 0.06917582539698108 0 0 0 0 0 0
-31.974945068359375 7.03672456741333 -4.73787784576416 0.1554865394594208 0.8962553505352451 -0.4153917219732227 0.9878254148397821 -0.1389460019949648 0.06996397877642324 0 0 0 0 0 0
-31.570892333984375 6.936180591583252 -5.077350616455078 0.1241295235187305 0.9728422525282312 0.1953709627524272 0.9877580103848063 -0.13989375970671689 0.06902064122977138 0 0 0 0 0 0
-31.138397216796875 7.057409763336182 -5.372277736663818 0.044937142687908015 0.6799031650358713 0.731923725111607 0.9877426008027658 -0.1398711079516077 0.06928656233194243 0 0 0 0 0 0
-30.69573974609375 7.333591938018799 -5.500389099121094 -0.05111705809274724 0.128670027572266 0.990369158635554 0.9877623664174395 -0.13980123184016366 0.06914566555752391 0 0 0 0 0 0
-30.26470947265625 7.639139652252197 -5.402735710144043 -0.12771622839533833 -0.4714113564672916 0.8726166959198854 0.9877771699080018 -0.13972526440675417 0.06908772029095721 0 0 0 0 0 0
-29.86279296875 7.8372273445129395 -5.1061882972717285 -0.15594539825356465 -0.8924660155739947 0.42330301653663566 0.9877623566814462 -0.13978814334672635 0.0691722610790662 0 0 0 0 0 0
-29.496490478515625 7.83189058303833 -4.713139057159424 -0.12496951411782127 -0.9744169799289063 -0.186799812011108 0.9877657573972063 -0.139892332346228 0.06891258132051148 0 0 0 0 0 0
-29.158721923828125 7.60439920425415 -4.362684726715088 -0.04623410885257138 -0.6861731124168599 -0.725967538513099 0.987688724891364 -0.1401247649714639 0.06954159161367886 0 0 0 0 0 0
-28.8314208984375 7.220541477203369 -4.177691459655762 0.050048839799513745 -0.13736728057778125 -0.989254943814479 0.9876820693368907 -0.14022183928242427 0.06944037513328641 0 0 0 0 0 0
-28.4927978515625 6.80535364151001 -4.218207836151123 0.12710508286597202 0.4638553515544728 -0.8767454081681358 0.9877403286107048 -0.13995384713152248 0.06915174552463227 0 0 0 0 0 0
-28.1251220703125 6.4958977699279785 -4.458590507507324 0.15609789442158561 0.88867938921849 -0.43114080128816273 0.9877404313802766 -0.13977404498874052 0.06951299564966741 0 0 0 0 0 0
-27.721954345703125 6.389035701751709 -4.7972493171691895 0.1258079627165869 0.9759153120592637 0.17821801313383545 0.9877379448190454 -0.13996308741419541 0.06916709135228019 0 0 0 0 0 0
-27.290130615234375 6.50457239151001 -5.095292091369629 0.0477601329472032 0.6924504019762387 0.7198829144408214 0.9877780194955916 -0.13979497847238237 0.06893437600553824 0 0 0 0 0 0
-26.847381591796875 6.778034687042236 -5.229212284088135 -0.048599203926535606 0.14578807504414243 0.9881214270283943 0.9877433281913051 -0.13989828600980356 0.0692212914144436 0 0 0 0 0 0
-26.415740966796875 7.084700107574463 -5.137896537780762 -0.1262667547484857 -0.4561624934387891 0.8808930049813044 0.9877430670836543 -0.13995641305442688 0.06910742270635284 0 0 0 0 0 0
-26.012908935546875 7.2873616218566895 -4.845778942108154 -0.156098253182313 -0.8848333350750355 0.4389798452018276 0.9877415275695293 -0.1398802484371295 0.06928340935447695 0 0 0 0 0 0
-25.64569091796875 7.288343906402588 -4.453596115112305 -0.1264957978739585 -0.9773478858352697 -0.16967593575271422 0.9877392112961076 -0.13987609876415646 0.06932479688151615 0 0 0 0 0 0
-25.307220458984375 7.066538333892822 -4.100079536437988 -0.048980606783350186 -0.6985410816517607 -0.713891628613141 0.9877394637004784 -0.13995022486020764 0.06917142770153677 0 0 0 0 0 0
-24.97998046875 6.6854729652404785 -3.9093024730682373 0.047225963321682045 -0.15441898184666308 -0.9868761251716343 0.9877328063437438 -0.13999663221497274 0.06917258301363524 0 0 0 0 0 0
-24.641937255859375 6.269259929656982 -3.9434938430786133 0.12550346113543842 0.4485151332116226 -0.8849198023115913 0.9877610149680366 -0.13975715405128072 0.0692539905045269 0 0 0 0 0 0
-24.27532958984375 5.955252170562744 -4.179386138916016 0.15602052856208312 0.8809461681250615 -0.44675658196939766 0.9877527423399269 -0.13981546756846183 0.06925427805245317 0 0 0 0 0 0
-23.873046875 5.842078685760498 -4.517137050628662 0.12733466499267102 0.9786897337884121 0.16109713861012936 0.9877494528917823 -0.1398944484241895 0.06914160550693514 0 0 0 0 0 0
-23.4417724609375 5.9519524574279785 -4.818167209625244 0.05012525449582511 0.7046527405227409 0.7077796084485054 0.9877193589733536 -0.1399756884152583 0.06940658875021899 0 0 0 0 0 0
-22.99908447265625 6.2224812507629395 -4.957862854003906 -0.04592902043315013 0.16283773705168816 0.9855832772901214 0.9877592153649136 -0.13982973525406112 0.06913304275431456 0 0 0 0 0 0
-22.56683349609375 6.530111789703369 -4.872903347015381 -0.12489309128362303 -0.44073070560334104 0.8889084097295974 0.9876926062003889 -0.14024895775775711 0.06923543532719717 0 0 0 0 0 0
-22.1630859375 6.737289905548096 -4.585302829742432 -0.1560218814154071 -0.8769125921202562 0.4546223468996325 0.9877496311447712 -0.13981788611478022 0.0692937579855698 0 0 0 0 0 0
-21.794891357421875 6.744629383087158 -4.194086074829102 -0.12802130437213882 -0.9799819133882917 -0.15246637353422798 0.9877311196744151 -0.13984644920034284 0.06949968253727701 0 0 0 0 0 0
-21.45587158203125 6.528540134429932 -3.8376216888427734 -0.051422053141678956 -0.7107749399411384 -0.7015374239499739 0.9876985300308951 -0.14006857261035843 0.06951552878102654 0 0 0 0 0 0
-21.12860107421875 6.150425434112549 -3.641098976135254 0.044784511739568 -0.1714633587507726 -0.984172070379033 0.9877003905068892 -0.14013295701215253 0.06935915910367542 0 0 0 0 0 0
-20.7911376953125 5.733206272125244 -3.668912172317505 0.12397726303392764 0.43302396963988604 -0.8928157032489579 0.9877239909572855 -0.14002377792923104 0.06924347840654409 0 0 0 0 0 0
-20.425445556640625 5.414783000946045 -3.900261640548706 0.15617314327288337 0.8728568094280608 -0.46231043634697805 0.9877195700281199 -0.14012802315321524 0.06909549993044245 0 0 0 0 0 0
-17.509796142578125 4.594563961029053 -3.862619161605835 0.5632742361273405 0.808753046824818 0.1692354695881883 0.8139031858914589 -0.5077771695038421 -0.28235429893380365 0 0 0 0 0 0
-17.042938232421875 4.3321919441223145 -4.1351470947265625 0.5712115461692289 0.5027044982543989 0.6488494100773706 0.7622790791774748 -0.6180433373320658 -0.1922317315840019 0 0 0 0 0 0
-16.668731689453125 4.175320148468018 -4.390341281890869 0.47439409243852054 0.0597737128675124 0.8782809051262954 0.7639011847783316 -0.5237862404767192 -0.37696545489146094 0 0 0 0 0 0
-16.3941650390625 4.073004245758057 -4.580268859863281 0.42862322976925227 -0.25631657696006827 0.8663624756865039 0.8904499490147306 -0.04244425593428164 -0.45309753192645924 0 0 0 0 0 0
-16.072296142578125 4.434683322906494 -4.866026401519775 0.26626770936546895 -0.7173015577440681 0.6438788567791299 0.8489240181498939 -0.14187618782221517 -0.5091160562556186 0 0 0 0 0 0
-15.681060791015625 4.667968273162842 -4.89763069152832 0.12359556278828415 -0.9725378163429812 0.19721646138665272 0.9059529810634541 0.029487134584772833 -0.42235021604850675 0 0 0 0 0 0
-15.251708984375 4.791348934173584 -4.802908420562744 0.037078885736908436 -0.941756490802763 -0.33424522175099897 0.951202087819813 0.13579223925066577 -0.2770831208978976 0 0 0 0 0 0
-14.88031005859375 4.757636547088623 -4.5906877517700195 0.037612988357404675 -0.6209266368446176 -0.7829657558052319 0.995060360791292 0.09530562792940718 -0.027779770821323258 0 0 0 0 0 0
-14.54681396484375 4.566601276397705 -4.4091010093688965 0.13206465001783294 -0.09931790016234956 -0.986252950780381 0.9906277794671376 -0.021771442482907175 0.13484289688456638 0 0 0 0 0 0
-14.25390625 4.278905391693115 -4.334181308746338 0.29235482535754387 0.4427212012747781 -0.8476594799988836 0.9534165521144993 -0.20383415110842418 0.22237022506623544 0 0 0 0 0 0
-13.989959716796875 3.9666666984558105 -4.387192726135254 0.4580656943953747 0.7917921873515652 -0.40403087959598694 0.8888719830590056 -0.4126365907368824 0.19909204333120337 0 0 0 0 0 0
-13.742767333984375 3.6874003410339355 -4.562521934509277 0.5633609763077972 0.8086869810908041 0.16926245002293577 0.8150375369658794 -0.5775332464392406 0.046574269655511126 0 0 0 0 0 0
-13.496856689453125 3.498142719268799 -4.8421220779418945 0.5712121165513617 0.5026668532998438 0.6488780721357033 0.7622910680686682 -0.6180080382639785 -0.19229766557043268 0 0 0 0 0 0
-13.1292724609375 3.333509922027588 -5.11492395401001 0.47179328316632724 0.06266719784942448 0.8794793461320392 0.7630882753181103 -0.5287240203350965 -0.3716815766119224 0 0 0 0 0 0
-12.852325439453125 3.244551181793213 -5.292044639587402 0.4323635222908759 -0.25672299401244236 0.8643813330570684 0.8908564351732975 -0.02659688888475696 -0.4535056972210787 0 0 0 0 0 0
-12.526519775390625 3.5955348014831543 -5.57867431640625 0.2661906633713724 -0.71731145360933 0.6438996888140096 0.8510623049630719 -0.1387491859319336 -0.5064006481770821 0 0 0 0 0 0
-12.13714599609375 3.832780361175537 -5.608893871307373 0.12352048770392388 -0.9725450258796074 0.19722794364445057 0.9058544189369822 0.029354745910435187 -0.42257078766151873 0 0 0 0 0 0
-11.742034912109375 3.9608139991760254 -5.472622394561768 0.03707879309865717 -0.941758906272433 -0.3342384262153259 0.965487027515932 0.12004525563690624 -0.23113618560822527 0 0 0 0 0 0
-11.367584228515625 3.9282259941101074 -5.25874137878418 0.03746038445020156 -0.6209287604806959 -0.7829713877305797 0.9950437526283828 0.09540000504103227 -0.028049409858265352 0 0 0 0 0 0
-11.034088134765625 3.737217426300049 -5.0771613121032715 0.13191325620428812 -0.09937125154241117 -0.9862678374582012 0.9906563563011819 -0.021538206886653095 0.1346702987453948 0 0 0 0 0 0
-10.741241455078125 3.4494776725769043 -5.002235412597656 0.29242990061782204 0.4427217418253151 -0.8476333007496873 0.9533807860373338 -0.20402287305324893 0.22235049828128006 0 0 0 0 0 0
-10.263336181640625 3.7193236351013184 -3.8304643630981445 0.17921246478432012 -0.9422649414590546 0.28287748684385117 -0.10377046749933977 0.2678238241567838 0.957863293632763 0 0 0 0 0 0
-9.688262939453125 2.775665760040283 -2.1887736320495605 0.05966187198495392 -0.9558511861854153 -0.2877307263730896 0.9113034124494144 0.1697926764058026 -0.37509537120178804 0 0 0 0 0 0
-9.304534912109375 2.8162388801574707 -2.028921604156494 0.03166200689390523 -0.6450013336618119 -0.7635252431281722 0.9682254467991286 0.20938809835958494 -0.13673371360416042 0 0 0 0 0 0
-8.83660888671875 2.7743048667907715 -1.9338804483413696 0.06278973269905404 -0.18665497354481478 -0.9804169369806736 0.9931321037436638 0.10885762366113146 0.04287939230605382 0 0 0 0 0 0
-8.495758056640625 2.7350707054138184 -1.8518058061599731 0.16563265380592485 0.11599912393875902 -0.9793416294831172 0.9207415426629794 -0.37392228181115267 0.11143221607658232 0 0 0 0 0 0
-8.28466796875 2.2471117973327637 -1.6671143770217896 0.30738725274911993 0.5818609333944176 -0.7529614406041827 0.9446933100873102 -0.2816508073699644 0.16801003715292942 0 0 0 0 0 0
-8.04913330078125 1.8658089637756348 -1.7547074556350708 0.4545603337234805 0.8360690528883452 -0.30718633076291535 0.8878863822035902 -0.4527846182808934 0.08150988741033847 0 0 0 0 0 0
-7.82342529296875 1.5911755561828613 -2.009085178375244 0.5544188133894317 0.8021482566038586 0.2217610285583215 0.8316193309127595 -0.5442476686774868 -0.11047064583560054 0 0 0 0 0 0
-7.572723388671875 1.4761700630187988 -2.3418827056884766 0.5725649874234889 0.4768172256816721 0.666944276885238 0.7959672983011842 -0.5182459456152652 -0.31282135459148785 0 0 0 0 0 0
-7.2757568359375 1.5182719230651855 -2.643327474594116 0.496300953310407 -0.04906503323489078 0.8667629354424659 0.7862959109654237 -0.39780761001882003 -0.4727450114069623 0 0 0 0 0 0
-6.933837890625 1.6561408042907715 -2.8390183448791504 0.3468363697755371 -0.5936835754806932 0.7261159306924666 0.8035732814715302 -0.21116666877014717 -0.556487753059846 0 0 0 0 0 0
-6.56103515625 1.818047046661377 -2.907045602798462 0.17921451938341074 -0.9422757441490024 0.28284019875296584 0.8482963870625299 0.0023968975374333854 -0.5295162835823407 0 0 0 0 0 0
-6.173431396484375 1.947425365447998 -2.852505683898926 0.05973793187320677 -0.9558498251522518 -0.2877194662373784 0.9113340103448918 0.16983480547973737 -0.3750019472434195 0 0 0 0 0 0
-5.78973388671875 1.9879956245422363 -2.692631244659424 0.03162380428693143 -0.6450097361560289 -0.7635197281448278 0.9682051900385592 0.20942632463485455 -0.1368185825549076 0 0 0 0 0 0
-5.3177337646484375 1.954404354095459 -2.579493522644043 0.058898897877327924 -0.18794527686487048 -0.9804118995264303 0.9927432479236638 0.11417347966416615 0.03775261902638456 0 0 0 0 0 0
-4.9872589111328125 1.8999381065368652 -2.51790714263916 0.16941163174920837 0.11463704793072275 -0.9788554777237546 0.9103845130706645 -0.39863076250003354 0.11087629841283062 0 0 0 0 0 0
-4.7683563232421875 1.4203410148620605 -2.3348631858825684 0.3073498754711587 0.5818766954035666 -0.752964518018006 0.9441569021635773 -0.28521712443726677 0.1649816232936692 0 0 0 0 0 0
-4.094757080078125 2.487173557281494 -1.474171757698059 0.1235959454453519 -0.9725265222747417 0.19727190814119033 0.1600634160734696 0.215731135188193 0.9632444031217129 0 0 0 0 0 0
-3.626556396484375 1.3463311195373535 0.1041354089975357 0.03696438035093851 -0.9417548505547642 -0.3342625256319424 0.9654494064414914 0.11999747257790662 -0.23131807144424898 0 0 0 0 0 0
-3.252227783203125 1.3137497901916504 0.3180302381515503 0.03757477401199395 -0.6209112196173586 -0.7829798169245691 0.9950540829817155 0.09534782482282758 -0.027859724387960545 0 0 0 0 0 0
-2.91864013671875 1.1227831840515137 0.499597430229187 0.13206498227112792 -0.09945881716533746 -0.9862387054591798 0.9906261246121564 -0.021798067984505502 0.13485075256758292 0 0 0 0 0 0
-2.625701904296875 0.835019588470459 0.5745280981063843 0.2922831109698868 0.4427066788806159 -0.84769179512147 0.9534435800712292 -0.20373378441955728 0.2223463170530219 0 0 0 0 0 0
-2.36187744140625 0.522789478302002 0.5214961767196655 0.457952920721255 0.7918761306878185 -0.4039942029902916 0.8889326023302435 -0.41242534858776336 0.1992590282939347 0 0 0 0 0 0
-2.1146392822265625 0.2435145080089569 0.346187949180603 0.5632467436646312 0.8087660355873093 0.16926489722200655 0.8150948373154743 -0.5774382643771118 0.04674887180253053 0 0 0 0 0 0
-1.868743896484375 0.05425116792321205 0.06658877432346344 0.5712028158740551 0.5027111105611342 0.6488519726840178 0.7622833500197792 -0.6180419515057063 -0.19221925101727247 0 0 0 0 0 0
-1.49462890625 -0.10259011387825012 -0.1885887235403061 0.47446752694256716 0.059759047690622714 0.8782422342930875 0.7639213563884111 -0.5236795202100676 -0.3770728329729468 0 0 0 0 0 0
-1.2220611572265625 -0.20605042576789856 -0.3828698396682739 0.42865568223722367 -0.2563131717462121 0.8663474268878145 0.8896254568606198 -0.04746883354222537 -0.4542171907223176 0 0 0 0 0 0
-0.9001617431640625 0.155546635389328 -0.6686164140701294 0.2662279530048456 -0.7173401376663913 0.6438523153112153 0.8489096384718681 -0.14191413412556633 -0.509129457255179 0 0 0 0 0 0
-0.5089569091796875 0.3888859450817108 -0.7002197504043579 0.12355774197011804 -0.9725427583093083 0.19721578957925304 0.9058636354131513 0.02940061920578758 -0.4225478406362831 0 0 0 0 0 0
-0.1138763427734375 0.5169320106506348 -0.563916802406311 0.037002551647555525 -0.9417579292665893 -0.33424962802533653 0.9654703471297776 0.12000200549595966 -0.23122830166321484 0 0 0 0 0 0
0.2604522705078125 0.4843544661998749 -0.3500291109085083 0.037612924187437266 -0.6209208091345619 -0.7829703804855908 0.9950561601231658 0.0953413823611476 -0.027807535137195433 0 0 0 0 0 0
0.59405517578125 0.2933773696422577 -0.16845570504665375 0.1321027959177903 -0.09945618199015707 -0.9862339069280894 0.9906197578489695 -0.02183248023038955 0.13489194996825796 0 0 0 0 0 0
0.886993408203125 0.005603286903351545 -0.09353266656398773 0.292282790719916 0.44276102206677426 -0.8476635226240206 0.9534473487238 -0.2037047038269682 0.22235680077372016 0 0 0 0 0 0
1.3647918701171875 0.2754511535167694 1.0782493352890015 0.1791769635301187 -0.9422860054329968 0.28282980696039217 -0.10361295070761806 0.2678095469621815 0.9578843369643185 0 0 0 0 0 0
1.9398651123046875 -0.6682209968566895 2.7199416160583496 0.05969996355426042 -0.9558431465071304 -0.2877495328006088 0.9113227705408108 0.16982099152328778 -0.37503551662724965 0 0 0 0 0 0
2.3235931396484375 -0.6276326179504395 2.8797688484191895 0.03166198306119183 -0.6450175374529244 -0.7635115553852462 0.9682252354371977 0.20938581001197226 -0.136738714445519 0 0 0 0 0 0
2.795654296875 -0.661226749420166 2.9929051399230957 0.058860763896182076 -0.1879405499193228 -0.9804150958494982 0.9927367486060659 0.11424739611212496 0.037699873324141 0 0 0 0 0 0
3.1260986328125 -0.715695858001709 3.0544943809509277 0.16944848227993595 0.11459563964409503 -0.9788539478530935 0.910367019959836 -0.3986581724987881 0.11092137066126727 0 0 0 0 0 0
3.344970703125 -1.1953282356262207 3.2375407218933105 0.3073487959423779 0.5819223351373632 -0.7529296869569223 0.944157973712801 -0.2852217692202342 0.16496746054121558 0 0 0 0 0 0
3.57684326171875 -1.5792150497436523 3.1496500968933105 0.45464001041489643 0.8360240129005949 -0.3071910004924112 0.887838128804992 -0.45289102126147995 0.08144433621059372 0 0 0 0 0 0
3.802581787109375 -1.8538575172424316 2.8952860832214355 0.5545046417928755 0.8020976782235758 0.22172937743678378 0.8315658133324983 -0.5443048017185707 -0.11059195686291078 0 0 0 0 0 0
4.0534515380859375 -1.9689011573791504 2.5624594688415527 0.5725162325237713 0.47686757864637086 0.66695013001928 0.795984347675702 -0.5182905623544585 -0.3127040313612642 0 0 0 0 0 0
4.350250244140625 -1.9267349243164062 2.2610201835632324 0.49640365491359006 -0.049030494329218764 0.8667060759070873 0.7862942053417171 -0.3976911966412448 -0.4728457832740951 0 0 0 0 0 0
4.7042999267578125 -1.796656608581543 2.0696301460266113 0.34683473270581294 -0.5936843495947173 0.7261160797249879 0.8056405515505038 -0.20783570857082762 -0.5547500517713018 0 0 0 0 0 0
5.0785064697265625 -1.6329116821289062 2.0005764961242676 0.17913875151913114 -0.9422797035510974 0.2828750041623035 0.8482714839724869 0.0022922682417619625 -0.5295566400163657 0 0 0 0 0 0
5.465972900390625 -1.5034680366516113 2.055187702178955 0.05973811931814473 -0.9558420955770173 -0.28774510495100913 0.9113382977457182 0.16984249869967483 -0.37498804340590397 0 0 0 0 0 0
5.8497161865234375 -1.4628939628601074 2.215056896209717 0.03158571352476592 -0.6450061147661947 -0.7635243641268759 0.9681975285337214 0.20942944535180408 -0.13686801365121665 0 0 0 0 0 0
6.3217315673828125 -1.4964900016784668 2.3281426429748535 0.05889878597233559 -0.18796280112912916 -0.9804085466797382 0.9927431801595216 0.11417482506609555 0.03775033202352306 0 0 0 0 0 0
6.6522369384765625 -1.5509910583496094 2.389758586883545 0.16941099103438625 0.11465687998675907 -0.97885326581079 0.9104257021097817 -0.39853388525068667 0.11088635283434915 0 0 0 0 0 0
6.871063232421875 -2.0305747985839844 2.5728039741516113 0.30734952446293257 0.5818641099682544 -0.7529743869105113 0.9441517686782303 -0.2852477762392703 0.16495800632985655 0 0 0 0 0 0
7.544708251953125 -0.963742733001709 3.433501720428467 0.12351978660756052 -0.9725371215770389 0.19726735531017522 0.16017713763064734 0.21572273104669407 0.9632273811983381 0 0 0 0 0 0
8.012893676757812 -2.1045756340026855 5.011810779571533 0.03696442468769527 -0.9417690931630613 -0.33422239073756366 0.9654731922357233 0.11995868246256639 -0.23123890151963555 0 0 0 0 0 0
8.38720703125 -2.137139320373535 5.225731372833252 0.03765105592440383 -0.6209384391134559 -0.7829545662547236 0.9950541273087553 0.09536942159086305 -0.02778411688781896 0 0 0 0 0 0
8.7208251953125 -2.3281493186950684 5.407276630401611 0.13206537608111416 -0.09935778542237708 -0.9862488362054045 0.9906276195942325 -0.021767718412955633 0.13484467261319297 0 0 0 0 0 0
9.013763427734375 -2.6159119606018066 5.4821953773498535 0.29224620903214904 0.4428039332845487 -0.847653720556968 0.9534647031127415 -0.2036246379671107 0.22235572115620314 0 0 0 0 0 0
9.277572631835938 -2.928102493286133 5.429206371307373 0.4579535821253043 0.7918474720957818 -0.40404962263826244 0.8889313020219466 -0.41246064208488853 0.19919176442937644 0 0 0 0 0 0
9.5247802734375 -3.207399368286133 5.253878116607666 0.5632784293900848 0.8087423782331032 0.16927249225347607 0.815083432321702 -0.5774613931759676 0.046661951801699846 0 0 0 0 0 0
9.770660400390625 -3.396641254425049 4.974292278289795 0.5712539094200517 0.5026617168196336 0.6488452584524647 0.7623172007661293 -0.6179299801469108 -0.19244486236772199 0 0 0 0 0 0
10.144821166992188 -3.553530216217041 4.719086170196533 0.474395572057031 0.059791780686274984 0.8782788760838136 0.7639213218708697 -0.52375364766623 -0.37696993321401884 0 0 0 0 0 0
10.417343139648438 -3.656949520111084 4.5247931480407715 0.4286603585078176 -0.25635411513013684 0.86633299873651 0.8896175127871592 -0.04748101938834501 -0.4542314759461658 0 0 0 0 0 0
10.7392578125 -3.295353889465332 4.239055156707764 0.2662268033978461 -0.7173644581401583 0.6438256932973722 0.8489286772749282 -0.14186781717298066 -0.509110619954853 0 0 0 0 0 0
11.130477905273438 -3.0620369911193848 4.2074503898620605 0.12348208634421597 -0.9725466000551761 0.1972442269705164 0.90584256876274 0.02930449151624853 -0.4225996774659141 0 0 0 0 0 0
11.525558471679688 -2.9339771270751953 4.343750476837158 0.036964448775285784 -0.9417673226719652 -0.33422737690682647 0.9654622639235089 0.11997323970772905 -0.23127697398082028 0 0 0 0 0 0
11.899887084960938 -2.9665589332580566 4.55765962600708 0.03765103771518162 -0.6209178732421593 -0.7829708768833001 0.9950541026122832 0.09537035492396984 -0.027781797568547494 0 0 0 0 0 0
12.233505249023438 -3.1575474739074707 4.739212512969971 0.13202694465618411 -0.09938260547978148 -0.9862514809179264 0.99063410241277 -0.02172923686163225 0.13480324700190696 0 0 0 0 0 0
12.526443481445312 -3.445314884185791 4.814149379730225 0.2922421316624111 0.44276080070999924 -0.8476776567988863 0.9534631613161753 -0.20364407058490896 0.2223445356391162 0 0 0 0 0 0
13.004226684570312 -3.1754636764526367 5.985937595367432 0.17913734295800937 -0.9422806390530949 0.2828727799270121 -0.10369946379459936 0.26783750888013047 0.9578671567840703 0 0 0 0 0 0
13.579345703125 -4.119121074676514 7.627630710601807 0.05962369417833054 -0.9558363868342915 -0.28778779803197957 0.9112947470454383 0.16978776934674975 -0.37511864441486475 0 0 0 0 0 0
13.963058471679688 -4.0785441398620605 7.787464618682861 0.031585711786712045 -0.6450036950865304 -0.7635264082765236 0.9682084334813162 0.2093975836785896 -0.13683961884346119 0 0 0 0 0 0
14.435073852539062 -4.112145900726318 7.900588512420654 0.05882268696913711 -0.18798368907135962 -0.9804091105966187 0.9927350096458964 0.11427881983796245 0.037650391230431846 0 0 0 0 0 0
14.76556396484375 -4.166636943817139 7.962179660797119 0.16937321868961167 0.11463567587872416 -0.9788622858229594 0.9104291760648361 -0.3985334231121862 0.1108594877869593 0 0 0 0 0 0
14.984405517578125 -4.646240234375 8.145230293273926 0.3073135635835551 0.5818622884789661 -0.7529904719739796 0.9441734099578739 -0.2851591156806004 0.16498742580202505 0 0 0 0 0 0
15.21630859375 -5.03013801574707 8.057321548461914 0.4546411758396712 0.8360261559656015 -0.30718344319396684 0.8878410479977822 -0.4528775073011874 0.08148764857856085 0 0 0 0 0 0
15.442001342773438 -5.304771423339844 7.802978992462158 0.5545410507720302 0.8020832434463594 0.22169053563745295 0.8315446782082948 -0.5443204231254122 -0.11067395859928282 0 0 0 0 0 0
15.692886352539062 -5.419823169708252 7.470128536224365 0.5725456532755083 0.4768364686518435 0.6669471171531973 0.7959796289232774 -0.5182431819511302 -0.31279455669868883 0 0 0 0 0 0
15.989700317382812 -5.377667427062988 7.168699741363525 0.496332436519424 -0.049004769523000924 0.8667483170002059 0.7862883276426763 -0.39781660771784805 -0.472750052815171 0 0 0 0 0 0
16.331649780273438 -5.239809513092041 6.973042011260986 0.3468734228094045 -0.5936924313378505 0.7260909898357366 0.8035727117477559 -0.21111520729775513 -0.5565081007334791 0 0 0 0 0 0
16.704513549804688 -5.077966213226318 6.904951572418213 0.17917619609618435 -0.9422628960501038 0.28290727364239454 0.8482893010681332 0.002319876425426542 -0.5295279783606424 0 0 0 0 0 0
17.092010498046875 -4.9485182762146 6.959567546844482 0.0596619142786289 -0.9558590163415436 -0.28770470427712225 0.9113114202347257 0.16977778682652583 -0.3750826554908318 0 0 0 0 0 0
17.475738525390625 -4.90794563293457 7.11940336227417 0.03162384746225701 -0.645010616774474 -0.7635189824227662 0.9682178581638851 0.2093886681243299 -0.13678656656871835 0 0 0 0 0 0
17.943649291992188 -4.949894905090332 7.214467525482178 0.0627136718074274 -0.18662228789257831 -0.9804280274605424 0.9931205711064406 0.10900299330682096 0.04277708142651372 0 0 0 0 0 0
18.284622192382812 -4.989120960235596 7.296542644500732 0.16551944569717145 0.11602621319504564 -0.9793575603158016 0.920816311742092 -0.3737641103495916 0.11134500367896653 0 0 0 0 0 0
18.495635986328125 -5.477080821990967 7.481189250946045 0.3074246888278025 0.5819513787662388 -0.752876253743736 0.9446923591423324 -0.2816215579783583 0.16806440628502162 0 0 0 0 0 0
19.172805786132812 -4.407617568969727 8.342226028442383 0.1235198297602476 -0.9725458059868414 0.19722450890648552 0.1602557158685291 0.21568731382040923 0.9632222423659048 0 0 0 0 0 0
19.641006469726562 -5.548443794250488 9.92053508758545 0.03707885478011472 -0.9417485519827516 -0.33426759245638143 0.9655121078874697 0.12002189770466971 -0.23104353181611675 0 0 0 0 0 0
20.015304565429688 -5.581022262573242 10.134438514709473 0.037651090997558374 -0.6209044468167514 -0.7829815216656634 0.9950582329763621 0.09533587787841177 -0.027752177844499046 0 0 0 0 0 0
20.348983764648438 -5.772012710571289 10.315999031066895 0.13202690008792536 -0.09936230631707478 -0.9862535321794921 0.9906372507075832 -0.02164214205748086 0.13479412152495668 0 0 0 0 0 0
20.641860961914062 -6.059775352478027 10.390931129455566 0.2923204860266415 0.44276153806270824 -0.8476502544454837 0.9534329671785804 -0.20375768476954917 0.222369923763087 0 0 0 0 0 0
20.905670166015625 -6.371973037719727 10.337891578674316 0.45806741426258923 0.7918488042507278 -0.4039179560226038 0.8888710420324673 -0.4126691276241754 0.19902879626329972 0 0 0 0 0 0
21.152923583984375 -6.651261329650879 10.162627220153809 0.5631964960351882 0.8088117655391212 0.16921357740789014 0.8151272323612355 -0.5773875189647776 0.0468107680647421 0 0 0 0 0 0
21.398818969726562 -6.84052038192749 9.882994651794434 0.5711390005198895 0.5027006447143716 0.6489162533708773 0.7622904461576705 -0.618062285020492 -0.1921257076291144 0 0 0 0 0 0
21.7664794921875 -7.005190849304199 9.610190391540527 0.47176444002365586 0.0626743941392509 0.8794943055236027 0.7630921917101765 -0.528742914000691 -0.3716466572498899 0 0 0 0 0 0
22.043426513671875 -7.094123840332031 9.433060646057129 0.43232357616785777 -0.25666589706725 0.8644182684164526 0.8908684127836123 -0.02668905884180965 -0.4534767527035381 0 0 0 0 0 0
22.369140625 -6.743072509765625 9.146450996398926 0.2662663501046627 -0.717336043057755 0.6438409991078415 0.8510296967200751 -0.13868922853154367 -0.5064718681129904 0 0 0 0 0 0
22.75860595703125 -6.505895137786865 9.116159439086914 0.12351965551311672 -0.9725444340345267 0.19723138322889477 0.9058311174035378 0.029339186296345413 -0.4226218154460635 0 0 0 0 0 0
23.153717041015625 -6.377847671508789 9.252464294433594 0.03692628293012902 -0.9417680342909701 -0.3342295905761278 0.9654765159508856 0.11992321713686142 -0.23124341966612766 0 0 0 0 0 0
23.527984619140625 -6.410420894622803 9.466385841369629 0.037689153477259825 -0.6208923255489764 -0.7829893024713372 0.9950561810161912 0.09536510267138665 -0.02772532802238837 0 0 0 0 0 0
23.861663818359375 -6.601436138153076 9.647931098937988 0.1320266857241294 -0.09933115057031099 -0.9862566992335616 0.9906309767863152 -0.021826444978378205 0.13481051194546004 0 0 0 0 0 0
24.154510498046875 -6.889163494110107 9.722872734069824 0.292280387277494 0.4427395081019724 -0.8476755884054592 0.9534518902507783 -0.20365303258920994 0.22238465615783012 0 0 0 0 0 0
24.418441772460938 -7.201381683349609 9.669852256774902 0.4579155027353952 0.7918487809349793 -0.4040902133019028 0.888951347027813 -0.41239697680616716 0.1992341239310441 0 0 0 0 0 0
24.665634155273438 -7.480674743652344 9.49451732635498 0.5632837715725152 0.8087393194751133 0.16926932922999752 0.8150676250159149 -0.5774764756503004 0.046751328552503746 0 0 0 0 0 0
24.91156005859375 -7.669914245605469 9.214927673339844 0.5712146680682852 0.5026679065387288 0.6488750100902411 0.7622488223859173 -0.6180907344838626 -0.19219931507807667 0 0 0 0 0 0
25.285675048828125 -7.826794624328613 8.95973014831543 0.47447535253276274 0.059799372661151755 0.8782352616857532 0.7639462958783039 -0.5236418454201791 -0.37707462754575266 0 0 0 0 0 0
25.55810546875 -7.930174827575684 8.76547908782959 0.4286579907770625 -0.2563097837528774 0.8663472870018841 0.8896180116037572 -0.04750881230284228 -0.45422759293524945 0 0 0 0 0 0
25.880142211914062 -7.568660259246826 8.479689598083496 0.26619065256837354 -0.7173328822571524 0.643875820727778 0.8489012203975194 -0.1419765081933341 -0.5091261033661805 0 0 0 0 0 0
26.271209716796875 -7.335277080535889 8.448142051696777 0.12355845526711962 -0.9725412280974316 0.19722288858736112 0.9058667584458078 0.029399991146034404 -0.422541189073323 0 0 0 0 0 0
27.322463989257812 -8.152905464172363 8.185455322265625 -0.9203325641287272 0.26300154781564505 -0.28951365641505916 0.3254009871889437 0.9255380908725903 -0.19363222841351055 0 0 0 0 0 0
24.65155029296875 -6.345770835876465 6.610218524932861 0.24570398147896297 0.9646902028216718 0.09488079924445748 0.1540744541196276 -0.13550338168345538 0.9787236055905093 0 0 0 0 0 0
25.016403198242188 -6.418112277984619 6.400532245635986 0.24570399071226837 0.9646878548943622 0.09490464460383242 0.15411012210390176 -0.13553599311631415 0.9787134743299978 0 0 0 0 0 0
25.358840942382812 -6.4411492347717285 5.747562885284424 0.24578172771477544 0.9646672935725926 0.09491235447964355 0.1541667228983646 -0.1355721738530296 0.9786995490075302 0 0 0 0 0 0
24.942779541015625 -6.277400493621826 5.160778522491455 0.24585622906457874 0.964650722350547 0.09488782060261025 0.15410001493166717 -0.13554590779295964 0.9787136927000882 0 0 0 0 0 0
26.77789306640625 -6.306088924407959 5.399871349334717 -0.947907975384319 0.2597112500014511 -0.18444656902606008 -0.2895829560843567 -0.46133764460708965 0.8386353732187956 0 0 0 0 0 0
26.10919189453125 -6.98193359375 5.764150142669678 -0.45452279806610696 -0.8360630249425287 0.3072582698026301 -0.8788493643875434 0.4770956848316625 -0.0018714247562096286 0 0 0 0 0 0
25.5869140625 -6.734822750091553 5.669524669647217 -0.3073880540698787 -0.5819196706464511 0.7529157198052511 -0.8275602661880418 0.5540567290468165 0.09036120198802362 0 0 0 0 0 0
25.184585571289062 -6.746622562408447 5.585331439971924 -0.16548122458289782 -0.11606430806131927 0.9793595053425436 -0.9077317119958099 0.40613568886517554 -0.10524704873375526 0 0 0 0 0 0
24.755584716796875 -6.452886581420898 5.509500980377197 -0.06275174568818201 0.18665306483420946 0.9804197324621136 -0.9513310413961791 0.28578919066377345 -0.11529869112790035 0 0 0 0 0 0
24.452667236328125 -6.840182304382324 5.3674092292785645 -0.03166201531714403 0.6449883922220392 0.7635361750990493 -0.9937128181102478 0.06176390430987835 -0.09338123605837534 0 0 0 0 0 0
24.037368774414062 -7.082036018371582 5.488685131072998 -0.059776354068788236 0.9558446916766867 0.2877285402731933 -0.9959407181909178 -0.03767636147638561 -0.08174703441262936 0 0 0 0 0 0
23.714370727539062 -7.1818413734436035 5.731662273406982 -0.17902447935692298 0.942294898866391 -0.28289672914574493 -0.9834139979880596 -0.16288231706353493 0.07978884225977244 0 0 0 0 0 0
23.427322387695312 -7.165720462799072 6.02666711807251 -0.3467168660015881 0.5937094793854416 -0.7261518222230834 -0.9371944742038947 -0.1878091460932752 0.29392897469524926 0 0 0 0 0 0
23.169296264648438 -7.025505065917969 6.317122936248779 -0.49637291389885296 0.04902884165297424 -0.8667237755096657 -0.8670786330954041 -0.07663979849032843 0.49224077981894954 0 0 0 0 0 0
22.929397583007812 -6.764711856842041 6.54119348526001 -0.5726578143796187 -0.47684887569826306 -0.6668419433233489 -0.7994476405693121 0.14472829931491563 0.5830413273221481 0 0 0 0 0 0
22.68463134765625 -6.4250593185424805 6.6287055015563965 -0.5544359788031304 -0.8021337523679036 -0.22177057676978112 -0.7641149347243718 0.3850694280895421 0.5175421742060857 0 0 0 0 0 0
22.405746459960938 -6.102363586425781 6.5456461906433105 -0.45467549663045087 -0.8360036225799554 0.3071939709646734 -0.7760249090172778 0.5411135951841225 0.32400836052737775 0 0 0 0 0 0
22.0743408203125 -5.905461311340332 6.337541103363037 -0.30735153020573086 -0.5819060543180798 0.7529411536289936 -0.827574913887516 0.5540342441460856 0.09036491696198395 0 0 0 0 0 0
21.673782348632812 -5.922989368438721 6.272395610809326 -0.16944867304456868 -0.11464702859575714 0.9788478972943645 -0.9094617003834788 0.40083855919071587 -0.11048920762455638 0 0 0 0 0 0
21.243896484375 -5.619596481323242 6.178896427154541 -0.05905141148005006 0.18796292201867112 0.9803993424867322 -0.9446589422090318 0.30695565503022065 -0.11574847190992028 0 0 0 0 0 0
21.063980102539062 -5.440027236938477 5.22185754776001 -0.5712544821717451 -0.5026479155952299 -0.6488554458016531 0.509824666631755 0.40223571056092533 -0.7604506837680979 0 0 0 0 0 0
20.250961303710938 -5.243059158325195 3.3733954429626465 -0.563280462671264 -0.8087393370836103 -0.16928025586703582 -0.783517789585458 0.45776428489030974 0.420180595556222 0 0 0 0 0 0
19.94085693359375 -4.993785858154297 3.2508254051208496 -0.4579576231935141 -0.7918639963163798 0.4040126566047154 -0.7751218095000638 0.5782107021133207 0.2546734465918416 0 0 0 0 0 0
19.592453002929688 -4.85988187789917 3.076653003692627 -0.292320873746548 -0.44274543598436356 0.8476585313008244 -0.8007426641608839 0.5979161166158269 0.0361594148677611 0 0 0 0 0 0
19.215988159179688 -4.8502702713012695 2.906867504119873 -0.13206508118411636 0.09935637146493502 0.9862490181395136 -0.8593031433921934 0.4845026561405119 -0.16387581868318563 0 0 0 0 0 0
18.825576782226562 -4.962197780609131 2.8026833534240723 -0.03765105835504516 0.6209504001272109 0.7829450800577277 -0.93052917422188 0.2638277670157085 -0.25398890777640565 0 0 0 0 0 0
18.444717407226562 -5.154183864593506 2.8341660499572754 -0.036964438034220816 0.9417622806405019 0.3342415849106973 -0.9823000965768891 0.027218581452656213 -0.18532584571165325 0 0 0 0 0 0
18.102142333984375 -5.330102920532227 3.035414218902588 -0.12363454078945552 0.9725383945008867 -0.19718917704939634 -0.9922507948994007 -0.12363538920379308 0.012355183443968257 0 0 0 0 0 0
17.813827514648438 -5.380697250366211 3.3613810539245605 -0.2661896488083897 0.7173397140618322 -0.6438686244079258 -0.9593577619891179 -0.13224106147042614 0.24928896119244032 0 0 0 0 0 0
17.513595581054688 -5.203055381774902 3.579145908355713 -0.4285817832050811 0.25634798247780555 -0.8663736878416333 -0.8938835804197934 0.019248128600240288 0.44788576021266796 0 0 0 0 0 0
17.053192138671875 -5.288369178771973 3.8199305534362793 -0.47451244071528903 -0.059778973521054955 -0.8782166121926802 -0.8746324104045388 0.14454268651254917 0.46273702947320017 0 0 0 0 0 0
17.019134521484375 -4.821565628051758 4.0255656242370605 -0.5712917557910051 -0.5026376101835336 -0.6488306116346677 -0.8205588573989844 0.3667156619208958 0.4384093804265514 0 0 0 0 0 0
16.73614501953125 -4.414830207824707 4.03708028793335 -0.5632483420893515 -0.8087777931421093 -0.1692033878318536 -0.7834740983197902 0.457686039497748 0.42034726894659086 0 0 0 0 0 0
16.426116943359375 -4.165572643280029 3.9145121574401855 -0.4579923385684334 -0.7918199157460197 0.4040596971247983 -0.7751911906334296 0.5782170114381365 0.2544478446516612 0 0 0 0 0 0
16.077651977539062 -4.031645774841309 3.7403721809387207 -0.29228179405435617 -0.44278097807849465 0.8476534423431656 -0.8006977201408394 0.5979698952322924 0.03626520863228805 0 0 0 0 0 0
15.701187133789062 -4.0220561027526855 3.570580005645752 -0.13202671001020502 0.09940031024975554 0.9862497280943268 -0.8593324026947536 0.4844551023064123 -0.163862977905765 0 0 0 0 0 0
15.363021850585938 -4.081438064575195 2.7978358268737793 -0.5725489650337743 -0.47685710822870914 -0.6669295172433943 0.74948787566257 0.02532759259737715 -0.6615333984675523 0 0 0 0 0 0
14.569259643554688 -3.8105874061584473 1.051904559135437 -0.5545052968845576 -0.802093857442284 -0.2217415603361838 -0.76414675571202 0.38524431562675554 0.5173650094585711 0 0 0 0 0 0
14.290267944335938 -3.4879112243652344 0.9688700437545776 -0.4546334077771789 -0.8360261765513212 0.3071948838341692 -0.7759985799194329 0.5410860388744746 0.3241174208495346 0 0 0 0 0 0
13.958892822265625 -3.2910103797912598 0.7607520818710327 -0.3073501389176214 -0.5818664653266786 0.7529723159821718 -0.8275419049388263 0.5540806165433884 0.09038288522235437 0 0 0 0 0 0
13.558334350585938 -3.308527946472168 0.6955999135971069 -0.16944856614223452 -0.11462192235836992 0.9788508560282373 -0.9094248244754979 0.4009240195884385 -0.11048266445356726 0 0 0 0 0 0
13.12841796875 -3.005138397216797 0.6021178960800171 -0.05886074710769917 0.18799175628112952 0.9804052794738816 -0.9445455662415289 0.30734484556562003 -0.11564090624737904 0 0 0 0 0 0
12.826202392578125 -3.398169994354248 0.4588688611984253 -0.03166195871564257 0.6450182335775075 0.7635109683055255 -0.9934781428621013 0.06340812316197894 -0.09476597265023753 0 0 0 0 0 0
12.40924072265625 -3.638180732727051 0.579983115196228 -0.05973818661389252 0.9558467486255692 0.28772963386139383 -0.9959343799962851 -0.037602573311783696 -0.08185815305604713 0 0 0 0 0 0
12.086257934570312 -3.737978458404541 0.822928786277771 -0.1791009438234839 0.9422946022715178 -0.2828493140375268 -0.9834004409824914 -0.16296275245306663 0.07979169122385052 0 0 0 0 0 0
11.799224853515625 -3.7218446731567383 1.1179484128952026 -0.34687120975976415 0.593673146342106 -0.7261078151019049 -0.9371256351090662 -0.18766503012217584 0.29424034477051647 0 0 0 0 0 0
11.541183471679688 -3.581624984741211 1.4083951711654663 -0.49640080974526896 0.04902067667511563 -0.8667082608020735 -0.8670571410838712 -0.07676799287428765 0.49225866103657057 0 0 0 0 0 0
11.301193237304688 -3.3208537101745605 1.632513403892517 -0.5725766909569365 -0.47683412452019164 -0.6669221473799375 -0.7994766429824354 0.14451522376586737 0.5830544120624049 0 0 0 0 0 0
11.056564331054688 -2.981191635131836 1.7199567556381226 -0.5545024520238572 -0.8021040474059328 -0.22171181257332895 -0.7641464690809607 0.38525850407243634 0.5173548674082122 0 0 0 0 0 0
10.777587890625 -2.658493995666504 1.6369203329086304 -0.4545638654586587 -0.8360636277315766 0.3071958700952833 -0.7760162602783931 0.5410275620724357 0.3241727022151834 0 0 0 0 0 0
10.446182250976562 -2.4616007804870605 1.428815245628357 -0.3073123721504971 -0.5818898349971654 0.7529696712685088 -0.8274886285485558 0.5541395616773542 0.09050920288490141 0 0 0 0 0 0
10.0438232421875 -2.473331928253174 1.3446635007858276 -0.16551950157229506 -0.11603340491070029 0.979356698830456 -0.9077618303511326 0.4060518727772846 -0.10531066409258688 0 0 0 0 0 0
9.614791870117188 -2.1795973777770996 1.2688401937484741 -0.0627518225556193 0.18665925394341615 0.9804185492345784 -0.9513159573474491 0.2858354223081459 -0.11530854543367798 0 0 0 0 0 0
9.4346923828125 -1.9966912269592285 0.3134578466415405 -0.5712528466206548 -0.5026214424352534 -0.6488773927577565 0.5104331819800644 0.4015446528214727 -0.7604076923099802 0 0 0 0 0 0
8.622802734375 -1.7991752624511719 -1.5353213548660278 -0.5632757141260727 -0.8087444401568831 -0.16927167628133427 -0.7834752294702146 0.45770045208710475 0.4203294671633842 0 0 0 0 0 0
8.312759399414062 -1.5499253273010254 -1.657880425453186 -0.4579549055973503 -0.7918497605111036 0.4040436377643261 -0.7751639237510228 0.5781998792038531 0.25456981557829717 0 0 0 0 0 0
7.964324951171875 -1.4159865379333496 -1.8320456743240356 -0.2923174354719538 -0.442801024569882 0.8476306799302176 -0.8007309315437009 0.5979285493661931 0.03621360410118408 0 0 0 0 0 0
7.5878753662109375 -1.406400203704834 -2.0018410682678223 -0.13210269532235847 0.09934881811440004 0.9862447415463567 -0.8593603562976936 0.4843922669107789 -0.16390213476626234 0 0 0 0 0 0
7.1974334716796875 -1.518312931060791 -2.1060452461242676 -0.03757479514444831 0.6209425632620815 0.7829549590489663 -0.9304510667063437 0.26403864145203265 -0.25405591566659574 0 0 0 0 0 0
6.8166351318359375 -1.7102999687194824 -2.074524402618408 -0.03700252445687922 0.9417619310931132 0.3342383555602023 -0.9823220902574633 0.027140068205447152 -0.1852207539397569 0 0 0 0 0 0
6.4740142822265625 -1.8862409591674805 -1.8732863664627075 -0.1235199419215142 0.9725443049132085 -0.19723184055468773 -0.9922630660821266 -0.12355426043637811 0.012180000710883572 0 0 0 0 0 0
6.1857757568359375 -1.9368176460266113 -1.5473352670669556 -0.266263664465549 0.7173407286300232 -0.6438368893080956 -0.9593172252124472 -0.13215488915114423 0.24949057433927158 0 0 0 0 0 0
5.8829193115234375 -1.7532191276550293 -1.3484030961990356 -0.43232206451115307 0.2567067230980094 -0.8644069012063105 -0.891214653332485 0.024255238698914966 0.4529328041565522 0 0 0 0 0 0
5.4267425537109375 -1.847391128540039 -1.0864006280899048 -0.47175991801192824 -0.06267617755244086 -0.8794966040439235 -0.8781630551551585 0.12299231875301878 0.46227971844794796 0 0 0 0 0 0
5.3952789306640625 -1.3755650520324707 -0.8796912431716919 -0.5712203684425571 -0.5026776912931196 -0.6488624117273002 -0.8206468433423796 0.36487410489944605 0.43977908782252917 0 0 0 0 0 0
5.110107421875 -0.9697756767272949 -0.8672658205032349 -0.563208784697933 -0.8087924580716203 -0.16926495386093307 -0.7834914697431397 0.45760866907426245 0.42039912324815465 0 0 0 0 0 0
4.800079345703125 -0.720527172088623 -0.9898215532302856 -0.4579914041600078 -0.791840949961656 0.40401953378440303 -0.775169226452278 0.578213423399579 0.25452290144880074 0 0 0 0 0 0
4.4516143798828125 -0.5866045951843262 -1.1639939546585083 -0.2922830150596352 -0.44277567521347266 0.8476557913132562 -0.8006760321050231 0.597997897097248 0.03628231910759594 0 0 0 0 0 0
4.0650634765625 -0.569796085357666 -1.334797978401184 -0.13210290789653173 0.09931798358081545 0.9862478186859128 -0.8587982362903556 0.48538506275773263 -0.16391134858894602 0 0 0 0 0 0
3.72357177734375 -0.6304984092712402 -2.109833240509033 -0.5725451181356085 -0.4768896668866964 -0.6669095390799099 0.7494961670335 0.025283465116288657 -0.6615256926180612 0 0 0 0 0 0
2.9298095703125 -0.35969212651252747 -3.8557627201080322 -0.5545420190098359 -0.8020654959228167 -0.2217523154390524 -0.7641510486756273 0.38530273667593445 0.517315161113585 0 0 0 0 0 0
2.6508636474609375 -0.036986853927373886 -3.938804864883423 -0.45466741063532523 -0.8360078375395515 0.30719446817710017 -0.7760335421822934 0.5411055736608832 0.3240010795678457 0 0 0 0 0 0
2.3194427490234375 0.15993830561637878 -4.1468915939331055 -0.3073483304514354 -0.581957216368932 0.7529029167726999 -0.8275185019426552 0.5540990941955113 0.09048382592650452 0 0 0 0 0 0
1.918914794921875 0.1423773467540741 -4.212066650390625 -0.16944843345922772 -0.11463375350564398 0.9788494935154337 -0.9094423567907295 0.40088342886080625 -0.11048563770792302 0 0 0 0 0 0
1.488983154296875 0.44577834010124207 -4.305545330047607 -0.05889880520589458 0.18796889746682283 0.9804073767217507 -0.9445698282249784 0.3072645109650994 -0.11565621430953572 0 0 0 0 0 0
1.1867828369140625 0.05275389924645424 -4.448792934417725 -0.03162385750794506 0.6449750495501824 0.7635490273021486 -0.9934801091710835 0.06343268293461593 -0.09472891542252826 0 0 0 0 0 0
0.769775390625 -0.187257319688797 -4.327687740325928 -0.05969996495426726 0.9558503214740475 0.28772569770950185 -0.9959340833810008 -0.03755531052528889 -0.08188345505286761 0 0 0 0 0 0
0.44683837890625 -0.2870536148548126 -4.084728717803955 -0.17913830944097484 0.9422857228517675 -0.2828552325843587 -0.9833925203830942 -0.16298660019927838 0.07984058498073769 0 0 0 0 0 0
0.1598052978515625 -0.27091076970100403 -3.7897167205810547 -0.34687215730621196 0.5936366302260563 -0.726137216880933 -0.9371234101058247 -0.18761275421300694 0.2942807650666964 0 0 0 0 0 0
-0.0982513427734375 -0.13071110844612122 -3.4992525577545166 -0.49637346041414043 0.04901697458429869 -0.8667241337352354 -0.8670717465482394 -0.07678766321049449 0.4922298661361964 0 0 0 0 0 0
-0.3382568359375 0.1300806701183319 -3.2751553058624268 -0.5725486031449176 -0.47688063939687086 -0.66691300242628 -0.7994890731198148 0.14449801616720626 0.583041632549307 0 0 0 0 0 0
-0.5828857421875 0.4697365462779999 -3.1877036094665527 -0.554470170759123 -0.8021125327147842 -0.2217618420743821 -0.7641391741266139 0.38516391516770176 0.5174360646667219 0 0 0 0 0 0
-0.861846923828125 0.7924313545227051 -3.2707417011260986 -0.45459983501278106 -0.8360573128243094 0.30715982758060495 -0.77597634132125 0.5410504344706979 0.3242300804502195 0 0 0 0 0 0
-1.1932525634765625 0.9893021583557129 -3.478832721710205 -0.30731402662414076 -0.5819191939255982 0.7529463067052252 -0.8275422224842545 0.5540683872518247 0.09045491835153543 0 0 0 0 0 0
-1.595611572265625 0.9775681495666504 -3.5630016326904297 -0.16555783413536646 -0.11600969316472727 0.9793530286103334 -0.907733875084625 0.4061053650768429 -0.10534535813055546 0 0 0 0 0 0
-2.024658203125 1.2713055610656738 -3.638829231262207 -0.0627899364329866 0.18669611035546207 0.9804090912781678 -0.9513263584046685 0.28578472146615397 -0.11534839739253053 0 0 0 0 0 0
-2.2047576904296875 1.4542279243469238 -4.59420919418335 -0.5712513766593521 -0.5026344542041928 -0.6488686077409264 0.5103259064504692 0.40165921981504743 -0.7604191872533693 0 0 0 0 0 0
-3.0166473388671875 1.6517300605773926 -6.442995548248291 -0.5632411702734653 -0.8087722633917869 -0.169253685564313 -0.7834899297206179 0.4576695150779762 0.4203357526961888 0 0 0 0 0 0
-3.326690673828125 1.9009881019592285 -6.565557956695557 -0.45795581446871514 -0.7918549083301278 0.40403251867613427 -0.7751744965531325 0.5781921177377225 0.2545552491691451 0 0 0 0 0 0
-3.675140380859375 2.034900188446045 -6.739706993103027 -0.2923205689724107 -0.44271994039937806 0.8476719526611798 -0.800764603240745 0.597889147127309 0.03611949534630162 0 0 0 0 0 0
-4.05157470703125 2.0445189476013184 -6.909505844116211 -0.13202673479546093 0.09930376933988991 0.9862594499897779 -0.8593124907750241 0.48450615868357455 -0.16381643811202562 0 0 0 0 0 0
-4.4420013427734375 1.9325766563415527 -7.013704299926758 -0.037651020780452904 0.6209724301781194 0.7829276094204818 -0.9305262018149579 0.2638266675734142 -0.25400093939380547 0 0 0 0 0 0
-4.8228302001953125 1.740623950958252 -6.982204914093018 -0.037002568987784035 0.9417582960897338 0.334248592569162 -0.9823140548523885 0.02715671332014085 -0.1852609256187237 0 0 0 0 0 0
-5.1654052734375 1.5646929740905762 -6.780950546264648 -0.12363395751155558 0.9725326142104317 -0.19721804898906822 -0.9922514092908867 -0.12362579428674883 0.012401763875340453 0 0 0 0 0 0
-5.4536895751953125 1.5140862464904785 -6.45501184463501 -0.2662284371674657 0.717327137069253 -0.6438665992792278 -0.9593344056127449 -0.1321753696996035 0.24941365209710276 0 0 0 0 0 0
-5.7565155029296875 1.6976866722106934 -6.25607442855835 -0.4322846289234654 0.25670476146951443 -0.8644262056621035 -0.8912243801867209 0.0243258663600882 0.45290987667153687 0 0 0 0 0 0
-6.21270751953125 1.60353422164917 -5.994069576263428 -0.4717963958220173 -0.06272959942226461 -0.8794732277026267 -0.878144004920946 0.12301884828994468 0.462308846537482 0 0 0 0 0 0
-6.244140625 2.0753226280212402 -5.787359237670898 -0.5712834781992776 -0.5026052936331034 -0.6488629334062145 -0.820600134017652 0.36502083999045093 0.4397444785587164 0 0 0 0 0 0
-6.529388427734375 2.481144428253174 -5.774925231933594 -0.5632648152435227 -0.8087562091586413 -0.1692517121213976 -0.7834672056090586 0.45768029905047175 0.42036636591930604 0 0 0 0 0 0
-6.839447021484375 2.7303977012634277 -5.897488594055176 -0.45799806529649323 -0.7918286245409288 0.40403613890627416 -0.7751298175653301 0.5782408881769675 0.254580519996032 0 0 0 0 0 0
-7.187896728515625 2.8643336296081543 -6.071649551391602 -0.29228286969082085 -0.44280168110853896 0.8476422566700826 -0.8007075136393388 0.597956555510593 0.03626893055240849 0 0 0 0 0 0
-7.564208984375 2.87388277053833 -6.2414727210998535 -0.1320648656253138 0.09933713580081419 0.9862509846475482 -0.859371818228422 0.48438510135708984 -0.16386321008102459 0 0 0 0 0 0
-7.9547119140625 2.7619853019714355 -6.345646381378174 -0.037689203307291405 0.6209301013247123 0.782959343275846 -0.9304897124630525 0.2638892276803329 -0.25406961745691586 0 0 0 0 0 0
-8.335601806640625 2.5700154304504395 -6.314146518707275 -0.03700256637867989 0.9417701506148973 0.3342151903971229 -0.9823142928086418 0.027149710605437923 -0.18526069026617445 0 0 0 0 0 0
-8.678070068359375 2.3940587043762207 -6.112888813018799 -0.12351899356717332 0.9725427983890642 -0.19723986293272625 -0.9922620364300757 -0.12357123922048954 0.0120913149471761 0 0 0 0 0 0
-8.966339111328125 2.343468189239502 -5.786961078643799 -0.2663407722936876 0.7173381540377332 -0.6438078640213551 -0.959287545197286 -0.13215540037614731 0.2496043985605734 0 0 0 0 0 0
-9.26666259765625 2.5211291313171387 -5.569163799285889 -0.42862159510813147 0.2563465940082724 -0.866354403201899 -0.8938770947492208 0.019145211095387162 0.44790311494206614 0 0 0 0 0 0
-9.72711181640625 2.4357895851135254 -5.328380107879639 -0.47446644228225787 -0.05974460613217107 -0.8782438028168081 -0.8746537267250657 0.14455361483270968 0.4626933225850043 0 0 0 0 0 0
-9.761199951171875 2.9026131629943848 -5.1227335929870605 -0.5712264488484509 -0.502634165111135 -0.6488907767868335 -0.820606617217944 0.36655104425772084 0.4384576510128397 0 0 0 0 0 0
-10.044036865234375 3.309360980987549 -5.111275672912598 -0.5632130023369679 -0.8087937463202735 -0.169244763321634 -0.7834862687183596 0.4576192896730285 0.4203972555202228 0 0 0 0 0 0
-10.3541259765625 3.558615207672119 -5.233790397644043 -0.457999609465862 -0.7918312942410869 0.4040291563607792 -0.7751824800896645 0.5782158521789583 0.25447701438636483 0 0 0 0 0 0
-10.70257568359375 3.692528247833252 -5.407964706420898 -0.2923573127270675 -0.4427559622691544 0.8476404659819651 -0.8006784942715491 0.5979996525941362 0.03619895451995197 0 0 0 0 0 0
-11.0791015625 3.702150821685791 -5.577737331390381 -0.13206411474317 0.09939379115265767 0.986245377113325 -0.8593639216492679 0.48438980065570675 -0.16389072941541136 0 0 0 0 0 0
-11.46954345703125 3.5902199745178223 -5.681924819946289 -0.03761294115906192 0.6209353944298255 0.7829588128386078 -0.9304983244734053 0.26392018890635605 -0.25400590945845924 0 0 0 0 0 0
-11.8502197265625 3.3981995582580566 -5.650432586669922 -0.037002540890462135 0.9417647335333115 0.33423045738020424 -0.9823139044362152 0.02715344830679299 -0.18526220174749228 0 0 0 0 0 0
-12.192962646484375 3.222321033477783 -5.449197292327881 -0.12359564995922008 0.9725385022659201 -0.19721302421878448 -0.9922557130958037 -0.12359580693605461 0.012356226631277386 0 0 0 0 0 0
-12.481201171875 3.1717162132263184 -5.123234748840332 -0.2661926313032354 0.7173310619295511 -0.6438770306750214 -0.959343561423331 -0.132142517617997 0.2493958423734789 0 0 0 0 0 0
-12.783966064453125 3.355329990386963 -4.9243245124816895 -0.4322859217764142 0.25674606078149786 -0.864413293573797 -0.8912368823172789 0.024211449861406685 0.45289140562941305 0 0 0 0 0 0
-13.240264892578125 3.261139392852783 -4.662298679351807 -0.47179215169385624 -0.06265512687234467 -0.8794808131373256 -0.8781468896448855 0.12297152419734163 0.46231595737503595 0 0 0 0 0 0
-13.163360595703125 3.1055092811584473 -3.685894250869751 -0.0316619870224071 0.6450033130361357 0.7635235718366536 0.4923362137753058 -0.654736809661094 0.5735196271098392 0 0 0 0 0 0
-13.2830810546875 3.12916898727417 -1.6598201990127563 -0.05966180330442811 0.9558477016617999 0.2877423160647706 -0.9959246856898567 -0.03746711356109179 -0.0820380145722735 0 0 0 0 0 0
-13.60601806640625 3.0293545722961426 -1.4168578386306763 -0.17913885233219695 0.9422814259307241 -0.2828692028677999 -0.9833910995940814 -0.1629726711444787 0.07988650511304889 0 0 0 0 0 0
-13.893035888671875 3.0454888343811035 -1.1218405961990356 -0.34690875105903374 0.5936673413184621 -0.7260946262647383 -0.9371080166239325 -0.18761378419569413 0.2943291238714429 0 0 0 0 0 0
-14.1512451171875 3.185699939727783 -0.8313542604446411 -0.49622446898111017 0.049012561543111365 -0.8668096937594769 -0.867145536401753 -0.0770381145094437 0.4920607153709247 0 0 0 0 0 0
-14.39105224609375 3.4464707374572754 -0.6072913408279419 -0.572653401447637 -0.4768130150700992 -0.6668713747569415 -0.7994479138365858 0.1446798219522411 0.5830529840264939 0 0 0 0 0 0
-14.6357421875 3.7861409187316895 -0.5198308229446411 -0.5545704233901746 -0.8020586326110116 -0.2217061013030468 -0.7641307559203406 0.3853503998289204 0.5173096337864781 0 0 0 0 0 0
-15.78155517578125 3.628690242767334 0.179953470826149 0.9652065841332792 -0.2526838891184817 0.06728374339857819 0.2000062238521923 0.8791585865832175 0.43252478548331313 0 0 0 0 0 0
-11.72613525390625 3.508357524871826 0.6708253622055054 0.2458204568800734 0.9646564646910423 0.09492211601651111 0.15416453898257668 -0.13558903635500097 0.9786975570321058 0 0 0 0 0 0
-12.090850830078125 3.580667018890381 0.8804820775985718 0.245817889427351 0.9646559261078294 0.09493423756753351 0.15416422161850715 -0.13560076388416373 0.9786959822165364 0 0 0 0 0 0
-12.433319091796875 3.6036887168884277 1.5334542989730835 0.24581813067788522 0.9646592570166866 0.09489976017906719 0.1541775394540314 -0.13556897569737109 0.9786982881134852 0 0 0 0 0 0
-12.017364501953125 3.4399943351745605 2.1202797889709473 0.24574586132203577 0.9646822070128797 0.0948536299561071 0.15408563708006828 -0.13548653391829232 0.9787241774741428 0 0 0 0 0 0
-14.365997314453125 4.462144374847412 2.9097046852111816 0.969320495373125 -0.24476439240333625 -0.022542614334299726 -0.09543685802200418 -0.29025593202949584 -0.9521781871333626 0 0 0 0 0 0
-14.37884521484375 3.8600831031799316 2.187875270843506 0.03700257693961836 -0.941748961726506 -0.33427489045226755 0.9968570956138009 0.011337810529847473 0.0784052611551478 0 0 0 0 0 0
-13.7923583984375 3.800767421722412 2.317838191986084 0.03753672935782105 -0.6209152964086214 -0.7829784087922932 0.9950562883893613 0.09531755816740294 -0.027884512579428523 0 0 0 0 0 0
-13.458831787109375 3.6097750663757324 2.4994263648986816 0.1320648308874197 -0.09937525664750396 -0.9862471489484366 0.9906308687607325 -0.02167463284172818 0.1348357969885331 0 0 0 0 0 0
-13.165924072265625 3.322030544281006 2.574368953704834 0.2922831074363364 0.4427591257959107 -0.847664403895669 0.9534504892777191 -0.20366627071694118 0.22237853913615785 0 0 0 0 0 0
-12.902008056640625 3.0098233222961426 2.521355152130127 0.45798550155579515 0.79183789714372 -0.4040322078890471 0.8889132658062874 -0.4125712587012253 0.19904311685483458 0 0 0 0 0 0
-12.65478515625 2.730513095855713 2.3460030555725098 0.5632806521028321 0.8087431853574161 0.1692612392266709 0.8150642614899457 -0.5774774667660317 0.04679770314167646 0 0 0 0 0 0
-12.408905029296875 2.541266918182373 2.0664143562316895 0.5711988425022937 0.5026813975365472 0.6488784900848107 0.7623163334632446 -0.6179699784735739 -0.19231982071675854 0 0 0 0 0 0
-12.041290283203125 2.3766417503356934 1.7936233282089233 0.4717345528599177 0.06267906790865264 0.8795100034019828 0.7630510521521013 -0.5288479042933427 -0.371581735199822 0 0 0 0 0 0
-11.76434326171875 2.287682056427002 1.616498351097107 0.4322920911325817 -0.25669011881963066 0.8644268221455091 0.8908651126386238 -0.02681357742307501 -0.4534758903725193 0 0 0 0 0 0
-11.438568115234375 2.6386799812316895 1.329863429069519 0.26626188288908953 -0.7173120873853125 0.643869535706794 0.8511136589226797 -0.13858668350681902 -0.5063588359551251 0 0 0 0 0 0
-11.049224853515625 2.875922679901123 1.2996591329574585 0.12367176939604299 -0.9725395167563787 0.1971602946886658 0.905972812119524 0.029595141492390828 -0.4223001199387554 0 0 0 0 0 0
-10.654083251953125 3.003943920135498 1.4359039068222046 0.03707874615430129 -0.941769634832706 -0.33420820081305097 0.9655093830493591 0.12001055353335364 -0.23106081079288276 0 0 0 0 0 0
-10.279632568359375 2.9713711738586426 1.6497939825057983 0.037536723026703946 -0.6208508184910307 -0.7830295368652666 0.9950562008723342 0.09532059276981852 -0.027877261334777675 0 0 0 0 0 0
-9.946136474609375 2.7803750038146973 1.8313840627670288 0.13191335335340051 -0.09932840901633927 -0.986272140116177 0.9906562920058171 -0.021545522944707088 0.13466960143374845 0 0 0 0 0 0
-9.653228759765625 2.4926323890686035 1.9063056707382202 0.29228249035305287 0.44276295939771554 -0.8476626142625346 0.953450931551579 -0.20366397584537302 0.2223787446368955 0 0 0 0 0 0
-9.17535400390625 2.7624764442443848 3.0780673027038574 0.1791385917646744 -0.9422919762855814 0.2828342206459162 -0.10356172384290109 0.26782653208541507 0.9578851278028003 0 0 0 0 0 0
-8.60028076171875 1.8188109397888184 4.719773769378662 0.05966182820102772 -0.9558361796111502 -0.2877805830873102 0.9113089872944989 0.16980892133382403 -0.3750744724874224 0 0 0 0 0 0
-8.216583251953125 1.8593802452087402 4.8796257972717285 0.03166197198016367 -0.6449529387251518 -0.7635661244189125 0.968224914702141 0.20939832235050415 -0.13672182395955046 0 0 0 0 0 0
-7.7486572265625 1.8174567222595215 4.974639415740967 0.06278967934987703 -0.1866452782467012 -0.9804187861701504 0.993132154011969 0.10885672553841395 0.042880508073032814 0 0 0 0 0 0
-7.407745361328125 1.7782025337219238 5.056731700897217 0.16555890099074752 0.11610580876220367 -0.9793414580596547 0.9208410079940811 -0.3736971030139548 0.11136567332631084 0 0 0 0 0 0
-7.196685791015625 1.2902779579162598 5.24141263961792 0.30738507031896495 0.5818782596646701 -0.7529489421432372 0.9446939643734574 -0.28165355660709945 0.16800174917819227 0 0 0 0 0 0
-6.961151123046875 0.9089713096618652 5.153834819793701 0.45456358727623736 0.8360559634558288 -0.30721713997188427 0.8878832923145664 -0.4527908680612775 0.08150882792042355 0 0 0 0 0 0
-6.7354736328125 0.6343369483947754 4.899445056915283 0.5544997704176898 0.8020930158862966 0.22175842368026186 0.8315687784886968 -0.5442983624873041 -0.11060135277859907 0 0 0 0 0 0
-6.484710693359375 0.5193276405334473 4.5666632652282715 0.5725112231575195 0.4768717508521626 0.6669514469568786 0.7959783657302761 -0.518322602492803 -0.31266614948607174 0 0 0 0 0 0
-6.187774658203125 0.5614218711853027 4.265199184417725 0.4963990876116083 -0.04904911640971345 0.8667076381328304 0.7862738305756155 -0.3977379841593915 -0.47284031057934556 0 0 0 0 0 0
-5.845855712890625 0.6993050575256348 4.069508075714111 0.34683382189454776 -0.593722204286906 0.7260855625384093 0.8035643427103702 -0.21115454648335696 -0.55650526019424 0 0 0 0 0 0
-5.47308349609375 0.8611969947814941 4.001458644866943 0.17925195901329555 -0.9422458743795253 0.28291597233924376 0.8483045313617973 0.0023935598993907125 -0.5295032511156562 0 0 0 0 0 0
-5.0854644775390625 0.9905657768249512 4.05604887008667 0.05969993990669896 -0.9558618413543902 -0.2876874300655683 0.9113402485623882 0.1697863153601058 -0.3750087445202891 0 0 0 0 0 0
-4.7017822265625 1.0311379432678223 4.215902805328369 0.031661960180228606 -0.6449956136684808 -0.7635300770932116 0.9682357223118162 0.20935865228892236 -0.13670603772724121 0 0 0 0 0 0
-4.2297821044921875 0.9975571632385254 4.329030513763428 0.05893696858122065 -0.18796172297887107 -0.9804064587859825 0.992749689303659 0.11410049921317367 0.037803841958103164 0 0 0 0 0 0
-3.8992919921875 0.9430861473083496 4.390629291534424 0.16941084586395164 0.11456499050684818 -0.9788640499343237 0.9103714798057025 -0.39865422874524176 0.11089893894854079 0 0 0 0 0 0
-3.6804046630859375 0.46344801783561707 4.573653697967529 0.30735028609107373 0.581953841274517 -0.7529047272169097 0.9441622205328316 -0.2851993387698553 0.1649819338101904 0 0 0 0 0 0
-3.0067901611328125 1.5303282737731934 5.434367656707764 0.12359578322730022 -0.9725323983802326 0.19724303908940097 0.1602103079113715 0.215715631039353 0.963223454741545 0 0 0 0 0 0
-2.5385894775390625 0.3894781768321991 7.012661457061768 0.036926237751536084 -0.9417859485409954 -0.33417911379416676 0.9654404962848948 0.11995464711548122 -0.23137746383037575 0 0 0 0 0 0
-2.1642608642578125 0.3569035232067108 7.22656774520874 0.03757476698428065 -0.6209158718580707 -0.7829761279635599 0.9950458533260153 0.09541725737833726 -0.02791588746750877 0 0 0 0 0 0
-1.8306884765625 0.16591212153434753 7.408132076263428 0.13214069146078772 -0.09940115668993868 -0.986234377675493 0.9906102371449131 -0.021963228512386898 0.13494063382470087 0 0 0 0 0 0
-1.5377349853515625 -0.1218428909778595 7.483069896697998 0.29227984420770103 0.4427565760408321 -0.8476668608849357 0.9534452098573892 -0.20373778406110002 0.2223356632343804 0 0 0 0 0 0
-1.2739105224609375 -0.43404439091682434 7.4300408363342285 0.45795375010994027 0.79187041229053 -0.40400447138499374 0.888931249035452 -0.4124704459410771 0.1991716990775557 0 0 0 0 0 0
-1.0266876220703125 -0.7133316993713379 7.254737377166748 0.5632452948956118 0.8087781115347048 0.16921200926740335 0.8151018837764922 -0.577428796156868 0.04674296131872916 0 0 0 0 0 0
-0.7807769775390625 -0.9025797843933105 6.9751296043396 0.5712114755806978 0.5026639050650514 0.64888092028482 0.7622986954130314 -0.617992392291819 -0.1923177111995276 0 0 0 0 0 0
-0.4066619873046875 -1.0594229698181152 6.71994161605835 0.4744701897730622 0.05973554130871158 0.8782423948553552 0.7639179335428444 -0.5236738565959214 -0.3770876326924353 0 0 0 0 0 0
-0.13409423828125 -1.162879467010498 6.525640964508057 0.42861685158727825 -0.25631037863725054 0.866367464958281 0.889629939779094 -0.04756755283189642 -0.45419808252152527 0 0 0 0 0 0
0.18780517578125 -0.8012804985046387 6.239895343780518 0.2661908746955147 -0.7173430176370226 0.64386443703333 0.8488815793713874 -0.14199756957849285 -0.509152977441692 0 0 0 0 0 0
0.579010009765625 -0.5679526329040527 6.208309650421143 0.12355794435576378 -0.9725443592135186 0.1972077679721172 0.9058625337008631 0.029403668652609256 -0.42254999030507673 0 0 0 0 0 0
0.974090576171875 -0.43991807103157043 6.344619274139404 0.03700253671424484 -0.9417550160009119 -0.3342578377747228 0.965470091656233 0.12000431946765971 -0.23122816745891767 0 0 0 0 0 0
1.348419189453125 -0.4724784195423126 6.558497905731201 0.03761285454018123 -0.6209481950631209 -0.7829486651251099 0.9950520600006363 0.09537508621860356 -0.027838656887213556 0 0 0 0 0 0
1.6820220947265625 -0.6634678840637207 6.740078449249268 0.13206504755099674 -0.0993825722507898 -0.9862463827807781 0.9906261155199334 -0.021808497771870904 0.13484913301472176 0 0 0 0 0 0
1.9749603271484375 -0.951240062713623 6.815021991729736 0.29227966865747657 0.442734843304262 -0.8476782725856704 0.9534487060107224 -0.20369150334911654 0.22236307353033297 0 0 0 0 0 0
2.4527587890625 -0.6813721656799316 7.986790180206299 0.1791766625298873 -0.9422987276235135 0.2827876085046129 -0.10342525010880987 0.2678052102425857 0.9579058341021076 0 0 0 0 0 0
3.02783203125 -1.6250572204589844 9.628460884094238 0.059738072334164456 -0.9558544568108056 -0.28770404951741274 0.9112960741655501 0.16985120715433816 -0.3750867001623365 0 0 0 0 0 0
3.4115447998046875 -1.584484577178955 9.788315773010254 0.031700153390235186 -0.6450037076770371 -0.763521654806143 0.9682330435282388 0.209385401969145 -0.13668404026170422 0 0 0 0 0 0
3.8836212158203125 -1.6180739402770996 9.901444435119629 0.05886071114632419 -0.18794514985680233 -0.9804142172207894 0.9927367361002474 0.11424770812035664 0.03769925710506205 0 0 0 0 0 0
4.2140655517578125 -1.672544002532959 9.963028907775879 0.1694488526195672 0.11457681661327303 -0.9788560871960089 0.9103672571285184 -0.3986553666513957 0.11092950819479623 0 0 0 0 0 0
4.4329376220703125 -2.1521711349487305 10.1460599899292 0.30738816618933323 0.5819377642863298 -0.7529016893221764 0.9441402350743118 -0.2852835792089942 0.1649621045802005 0 0 0 0 0 0
4.6648101806640625 -2.5360565185546875 10.05820369720459 0.45463780347970145 0.835988960068876 -0.3072896455953432 0.8878324940108945 -0.45290884078919774 0.08140666135753373 0 0 0 0 0 0
4.890533447265625 -2.8107051849365234 9.803828239440918 0.5545056148215683 0.8020823963840962 0.2217822187239093 0.8315650518567859 -0.5442993010076028 -0.11062475063500149 0 0 0 0 0 0
5.1414031982421875 -2.9257359504699707 9.471028327941895 0.5725786437409053 0.47682859830753377 0.6669244219309248 0.7959739808649557 -0.5182039770581964 -0.3128738722665465 0 0 0 0 0 0
5.4382171630859375 -2.8835840225219727 9.169577598571777 0.49640855159914343 -0.049040514763326964 0.8667027043981048 0.7862976703812233 -0.3976704456557513 -0.47285747345793055 0 0 0 0 0 0
5.792266845703125 -2.753509044647217 8.978188514709473 0.346836235612592 -0.593700035323625 0.7261025366453506 0.8056378519067373 -0.2078262357797432 -0.5547575211718364 0 0 0 0 0 0
6.166473388671875 -2.5897603034973145 8.909135818481445 0.17910106492781463 -0.9422988157307366 0.28283520009746704 0.8482635502518067 0.002275320574446204 -0.5295694215402587 0 0 0 0 0 0
6.553955078125 -2.4603238105773926 8.963715553283691 0.05966194266948168 -0.9558654316709795 -0.28768338348496114 0.9112720065832294 0.16979264124687998 -0.3751716793631728 0 0 0 0 0 0
6.9376678466796875 -2.4197402000427246 9.123562812805176 0.03170012355282354 -0.6450412475343268 -0.7634899417452041 0.9682330908912247 0.20937852510849259 -0.1366942388201422 0 0 0 0 0 0
7.4097137451171875 -2.4533419609069824 9.236712455749512 0.0588988862424158 -0.18799292342189466 -0.9804027651647524 0.9927385118010444 0.1142193767138468 0.03773832495153628 0 0 0 0 0 0
7.7401885986328125 -2.5078396797180176 9.298295021057129 0.1694104135250057 0.1146684100384473 -0.9788520151322881 0.9104128276513749 -0.3985663900628051 0.1108752269902169 0 0 0 0 0 0
7.9590301513671875 -2.9874281883239746 9.481348991394043 0.3073868389461199 0.581847037137203 -0.7529723478437774 0.9441352176884756 -0.28529772608401577 0.16496635478674032 0 0 0 0 0 0
8.632675170898438 -1.9205832481384277 10.342040061950684 0.1235197595910221 -0.9725381009529958 0.19726254379713531 0.16016254018661397 0.21571665812671975 0.9632311685818786 0 0 0 0 0 0
9.100845336914062 -3.061434745788574 11.920336723327637 0.03696436707871589 -0.9417616649613708 -0.3342433274960874 0.9654612184577718 0.11997835917905021 -0.23127868250821912 0 0 0 0 0 0
9.475143432617188 -3.094003677368164 12.134257316589355 0.03765104259785982 -0.6209417956099169 -0.7829519049443756 0.9950582527277816 0.09533437215668505 -0.027756641796604815 0 0 0 0 0 0
9.808746337890625 -3.285015106201172 12.315796852111816 0.13217890786663603 -0.09934518077995894 -0.9862348966503774 0.9906037534825606 -0.022006434536134493 0.13498118544919252 0 0 0 0 0 0
10.101699829101562 -3.5727686882019043 12.390713691711426 0.29232253624148974 0.4427944459641253 -0.8476323574691247 0.9534353159713902 -0.20373236620625837 0.2223830506547983 0 0 0 0 0 0
10.36553955078125 -3.8849740028381348 12.33768367767334 0.457916615625005 0.7918816998348132 -0.40402443812381994 0.8889515709892755 -0.4123738446535369 0.19928099929837778 0 0 0 0 0 0
10.61273193359375 -4.164249897003174 12.16237735748291 0.5633463375709487 0.8086886170811535 0.1693033506720113 0.8150488946602737 -0.5775201018294567 0.04653849262664192 0 0 0 0 0 0
10.858627319335938 -4.35349178314209 11.882832527160645 0.5712947737323331 0.5026605312300266 0.6488101970913142 0.7622901395896287 -0.6179593195421175 -0.19245784597014412 0 0 0 0 0 0
11.2327880859375 -4.510377883911133 11.627619743347168 0.4743964301724901 0.0597966572196704 0.8782780805786689 0.763871604746316 -0.5238515877713663 -0.37693459041550814 0 0 0 0 0 0
11.505340576171875 -4.613803386688232 11.433306694030762 0.42858358527332313 -0.2563407156544239 0.8663749465052887 0.8896256739577633 -0.04768454147380393 -0.45419417074598023 0 0 0 0 0 0
11.827224731445312 -4.252199172973633 11.147587776184082 0.2662656556869019 -0.7173592061892394 0.6438154781435194 0.8489135351341199 -0.14184869090561295 -0.5091411972669814 0 0 0 0 0 0
12.21844482421875 -4.018887519836426 11.116000175476074 0.12352012413134471 -0.972550507937455 0.19720113702809958 0.9058543336621044 0.029365999866057146 -0.4225701885337534 0 0 0 0 0 0
12.613510131835938 -3.8908305168151855 11.252276420593262 0.037002568987784035 -0.9417582960897338 -0.334248592569162 0.9654818918490848 0.11998770074519657 -0.23118751735635146 0 0 0 0 0 0
12.98785400390625 -3.9233932495117188 11.466166496276855 0.037574777911304265 -0.6209696966194089 -0.7829334403033986 0.9950499789894681 0.09538046003348478 -0.027894572175601907 0 0 0 0 0 0
13.321456909179688 -4.114407539367676 11.647736549377441 0.13210260955767256 -0.0993523298834564 -0.9862443992716926 0.9906197922763139 -0.021846429938232877 0.13488943861320854 0 0 0 0 0 0
13.614395141601562 -4.402164936065674 11.722655296325684 0.2922814896032729 0.4427554829639829 -0.8476668644819273 0.9534479211299509 -0.2037005319726115 0.2223581682040264 0 0 0 0 0 0
13.878219604492188 -4.714363098144531 11.669693946838379 0.4579586538932046 0.7918264390901388 -0.4040850921305492 0.8889286474788968 -0.4124580542340087 0.19920896864557802 0 0 0 0 0 0
14.125442504882812 -4.993654251098633 11.494357109069824 0.5632780631137474 0.8087406602492457 0.16928191892355027 0.8150790261390716 -0.5774654153581821 0.046689133782768434 0 0 0 0 0 0
14.371337890625 -5.182894706726074 11.21472454071045 0.5712066642668798 0.5026179483219013 0.6489207538072632 0.7622993689436368 -0.6179802654406755 -0.1923540060253639 0 0 0 0 0 0
14.739028930664062 -5.347568511962891 10.941912651062012 0.4717326276068945 0.06268119632351435 0.879510884343422 0.763041979754233 -0.5288677405671327 -0.3715721331318547 0 0 0 0 0 0
15.015960693359375 -5.436505317687988 10.764798164367676 0.43228238806140745 -0.2566915098186737 0.8644312614424218 0.8908814453923841 -0.026735009635027094 -0.4534484419593828 0 0 0 0 0 0
15.34161376953125 -5.085461616516113 10.478205680847168 0.2662268613479441 -0.7173407725094333 0.6438520593990453 0.8510872569387232 -0.13864552818518955 -0.5063871034996542 0 0 0 0 0 0
15.731109619140625 -4.848280429840088 10.447966575622559 0.12355796400385477 -0.9725564347879831 0.1971481947259716 0.905900720719382 0.029451326231450133 -0.4224647956733355 0 0 0 0 0 0
16.126205444335938 -4.720231533050537 10.584240913391113 0.03700260123223004 -0.9417734218776238 -0.3342059684490385 0.9654828433880966 0.11997610589811636 -0.2311895610462553 0 0 0 0 0 0
16.50054931640625 -4.752799987792969 10.798108100891113 0.0376129544826821 -0.6209666088313589 -0.782934056208801 0.9950561986970953 0.09533943816535681 -0.027812820151888757 0 0 0 0 0 0
16.834136962890625 -4.943806171417236 10.979689598083496 0.13210330903629033 -0.09934689547056709 -0.9862448530167459 0.9906180710166919 -0.021893416590808453 0.1348944612841833 0 0 0 0 0 0
17.127090454101562 -5.231563568115234 11.054604530334473 0.292321456107377 0.4428011545197575 -0.8476292254607746 0.9534358541994197 -0.20373112803287252 0.22238187740343515 0 0 0 0 0 0
17.390899658203125 -5.543756484985352 11.001601219177246 0.4579908483503747 0.7918542940600616 -0.403994009616412 0.8889117593086372 -0.4125230095592108 0.19914981985187702 0 0 0 0 0 0
17.638137817382812 -5.823049545288086 10.826289176940918 0.5632464114016565 0.8087642918778785 0.16927433422237897 0.8150945644729141 -0.5774388950790202 0.04674583849532696 0 0 0 0 0 0
17.884048461914062 -6.012284755706787 10.546698570251465 0.5712487254434615 0.502632121444034 0.6488727488282203 0.7622883772801702 -0.6179815312790378 -0.1923934948525565 0 0 0 0 0 0
18.258163452148438 -6.1691694259643555 10.29151439666748 0.47451124426304336 0.05978597536548394 0.8782167820177065 0.763921898901682 -0.5236535543540815 -0.3771077928003948 0 0 0 0 0 0
18.532882690429688 -6.271486282348633 10.101597785949707 0.4286216132636952 -0.2563585258575425 0.866350863601679 0.8904566734043586 -0.042385185739871024 -0.4530898462992082 0 0 0 0 0 0
18.854766845703125 -5.909822940826416 9.815855979919434 0.2661122175450656 -0.7174308233071163 0.6437991157512728 0.8488610137139397 -0.14205173897234372 -0.5091721544345053 0 0 0 0 0 0
18.62451171875 -7.088171482086182 8.865384101867676 0.45456611997396057 0.8360487006123544 -0.30723315702608117 -0.314298350683307 -0.17218707451182114 -0.9335781478423828 0 0 0 0 0 0
18.956771850585938 -6.132998466491699 7.139244556427002 0.55450826580793 0.802080270482087 0.2217832790227077 0.8315636098509038 -0.5442991598973983 -0.11063628386167264 0 0 0 0 0 0
19.20770263671875 -6.2480387687683105 6.806447505950928 0.5725462338310141 0.476854833500206 0.6669334883580313 0.795937756412807 -0.5184020278007645 -0.3126378503774019 0 0 0 0 0 0
19.50445556640625 -6.205872058868408 6.50499963760376 0.4963663533680002 -0.0490448828731802 0.8667266251293481 0.7862786019160092 -0.39777287942667716 -0.4728030208888435 0 0 0 0 0 0
19.846435546875 -6.068049430847168 6.309326648712158 0.34687091135426995 -0.5936857486587972 0.7260976536910869 0.8035710290045184 -0.21112612081609655 -0.5565063903081139 0 0 0 0 0 0
20.21929931640625 -5.90617036819458 6.241256237030029 0.17913758531298604 -0.9422890663984006 0.28284455249175877 0.8483192846922439 0.00234044579123672 -0.5294798518666581 0 0 0 0 0 0
20.606781005859375 -5.776747226715088 6.29585599899292 0.05970010169282903 -0.9558537028765179 -0.28771443577810846 0.9112465078764947 0.16985222318737692 -0.37520664194707315 0 0 0 0 0 0
20.990493774414062 -5.73617696762085 6.45570707321167 0.031661966628157574 -0.6449897845606571 -0.7635350009538753 0.9682248037057563 0.2093920504745954 -0.1367322152493494 0 0 0 0 0 0
21.462539672851562 -5.769761562347412 6.568822383880615 0.05886083375588467 -0.18797176742335156 -0.9804091069045123 0.9927414932669746 0.11420444973856159 0.03770505544313321 0 0 0 0 0 0
21.792984008789062 -5.824252605438232 6.6304097175598145 0.16948683779922755 0.11461008580698102 -0.9788456160417407 0.9103247520534138 -0.39875119713722534 0.11093389283947584 0 0 0 0 0 0
22.0118408203125 -6.303867340087891 6.813459873199463 0.30731397689971046 0.5819024103618788 -0.7529592979817167 0.9441673478708061 -0.2852062070103694 0.16494071267387753 0 0 0 0 0 0
22.243759155273438 -6.68775749206543 6.725559711456299 0.45459804919448515 0.8360372646874683 -0.3072170335812525 0.8878530540356273 -0.45287794194127695 0.08135431237889511 0 0 0 0 0 0
22.469482421875 -6.962395191192627 6.471207141876221 0.5544367766816 0.8021456357075685 0.22172559567676978 0.8316087229871094 -0.5442590652092921 -0.11049435184323522 0 0 0 0 0 0
22.720352172851562 -7.077435493469238 6.138403415679932 0.5726218410316839 0.47683518838825184 0.6668826210722735 0.7959436114643609 -0.5182435893086218 -0.3128855214125243 0 0 0 0 0 0
23.017166137695312 -7.035298824310303 5.836914539337158 0.49633413987189906 -0.04901924292793715 0.8667465231660257 0.7863079389775616 -0.3977575695213922 -0.4727671107313773 0 0 0 0 0 0
23.359161376953125 -6.897465229034424 5.641250133514404 0.34675721471611654 -0.5936715259623018 0.7261635857738344 0.8035552838070209 -0.21130215875306302 -0.556462311007775 0 0 0 0 0 0
23.260757446289062 -7.256325721740723 4.398443698883057 0.4578750070514732 0.7918769052766641 -0.4040809879307201 -0.522046323102993 -0.12841276438427346 -0.8431949943386966 0 0 0 0 0 0
23.577667236328125 -6.5238165855407715 2.5859742164611816 0.5632328734103597 0.8087710784152251 0.16928695469227306 0.8150992734000055 -0.5774300628799808 0.04677282314768498 0 0 0 0 0 0
23.823532104492188 -6.713081359863281 2.306370258331299 0.5712933553791129 0.5026211360156956 0.6488419651424885 0.7622758752578375 -0.6179768160757008 -0.19245816374692357 0 0 0 0 0 0
24.197723388671875 -6.8699445724487305 2.0511956214904785 0.4743982349611644 0.05976827433019032 0.8782790376920782 0.7639494525018726 -0.523686689133924 -0.37700594908573815 0 0 0 0 0 0
24.470138549804688 -6.97333288192749 1.8569196462631226 0.42865669589557615 -0.25628755186712954 0.8663545047045356 0.8896336724353204 -0.04742865614911027 -0.45420529658419295 0 0 0 0 0 0
24.792190551757812 -6.611806392669678 1.5711568593978882 0.2661507323227917 -0.7173793632175656 0.6438405368673223 0.848889738019452 -0.14200405478501502 -0.509137565997522 0 0 0 0 0 0
25.183258056640625 -6.37842321395874 1.5395911931991577 0.12351945822878284 -0.9725464569624461 0.1972215315036895 0.9058297500490635 0.0293425012945975 -0.42262451602318096 0 0 0 0 0 0
26.24407958984375 -7.2076897621154785 1.2066744565963745 -0.968779587846525 0.2412805625882576 0.057007019646805435 0.2453509022727455 0.9660771359570428 0.08060956602654132 0 0 0 0 0 0
23.744857788085938 -5.548405170440674 0.8530944585800171 0.24597020178411205 0.9646202779499471 0.09490194519634558 0.1541835897649003 -0.13560197588181264 0.9786927632225332 0 0 0 0 0 0
24.109725952148438 -5.620743751525879 0.6434134244918823 0.24585821730405938 0.9646477946027903 0.09491242991327871 0.15416239278286942 -0.13558599026990933 0.9786983170998039 0 0 0 0 0 0
24.452194213867188 -5.643775463104248 -0.00952969677746296 0.24578096321212803 0.9646678692594903 0.09490848297635793 0.15412399979687808 -0.13555801283317792 0.9787082393866581 0 0 0 0 0 0
24.036117553710938 -5.480032920837402 -0.5963374376296997 0.24589450775638969 0.9646393188167967 0.09490456073292398 0.15414322548041534 -0.1355804835987282 0.9787020989584261 0 0 0 0 0 0
25.618896484375 -5.323117733001709 -1.153753399848938 -0.9577747271622736 0.22659914184665925 0.17697570715663125 -0.04537877185215994 -0.7269458173991518 0.68519380151244 0 0 0 0 0 0
25.021270751953125 -6.025075435638428 -1.1443697214126587 -0.4546347753090586 -0.8360167704013067 0.3072184575956503 -0.8788307250926224 0.47712886256151515 -0.002145959908835525 0 0 0 0 0 0
24.49896240234375 -5.777963638305664 -1.2390056848526 -0.3073885553143938 -0.5819301563088074 0.7529074108017113 -0.8275767831939155 0.5540346139514088 0.09034552818000703 0 0 0 0 0 0
24.096633911132812 -5.78976583480835 -1.3232065439224243 -0.16548189575799532 -0.11606001042536097 0.979359901239787 -0.9077333630635486 0.4061311756879336 -0.1052502243022643 0 0 0 0 0 0
23.667648315429688 -5.496027946472168 -1.3990150690078735 -0.06282807411468547 0.1866245571266363 0.9804202709962329 -0.9513349899603338 0.2857522693933236 -0.11535760665745788 0 0 0 0 0 0
23.364700317382812 -5.883337020874023 -1.5411144495010376 -0.031585693935007056 0.6449985621697863 0.7635307451161035 -0.9937069008101088 0.06187079437342466 -0.09337344422248894 0 0 0 0 0 0
22.94940185546875 -6.125191688537598 -1.419840931892395 -0.05973807026783478 0.9558436949278726 0.28773980229941637 -0.9959404235932705 -0.037627703643561 -0.08177303083149903 0 0 0 0 0 0
22.626434326171875 -6.2249860763549805 -1.1768814325332642 -0.1791385106659786 0.9422855892206763 -0.2828555503139689 -0.9833911991809576 -0.16297387794924184 0.07988281717380775 0 0 0 0 0 0
22.33941650390625 -6.208858013153076 -0.8818651437759399 -0.3468723012314163 0.5936726302067962 -0.7261077156880832 -0.9371233089290097 -0.1876264722301231 0.2942723411746722 0 0 0 0 0 0
22.081314086914062 -6.068652629852295 -0.591408371925354 -0.49629248186322295 0.049022472453068115 -0.8667701942502584 -0.8671179732553015 -0.07678509602174756 0.4921488285941045 0 0 0 0 0 0
21.841384887695312 -5.80786657333374 -0.3673325777053833 -0.5725908025977772 -0.4768458765038334 -0.6669016290591321 -0.7994539470954977 0.14447606249685868 0.5830952356509466 0 0 0 0 0 0
21.596664428710938 -5.4682087898254395 -0.27984440326690674 -0.5544351211789669 -0.8021360879187031 -0.22176427318606298 -0.76414740418675 0.38511705254786216 0.5174587911239881 0 0 0 0 0 0
21.317779541015625 -5.145518779754639 -0.36290085315704346 -0.454675797051766 -0.8360077512538542 0.30718229021025206 -0.7760398745728154 0.5411061882836155 0.3239848855644124 0 0 0 0 0 0
20.986358642578125 -4.948616981506348 -0.5710030794143677 -0.30727506846109554 -0.5819176581665501 0.7529633931448375 -0.8274848750189612 0.5541352889161184 0.09056965933856755 0 0 0 0 0 0
20.585800170898438 -4.966143608093262 -0.6361624002456665 -0.16937251631559638 -0.11465069769966778 0.9788606480157951 -0.9094225758062467 0.4009531810216783 -0.11039531349893933 0 0 0 0 0 0
20.1558837890625 -4.662759780883789 -0.7296329736709595 -0.05889898715415262 0.18800278226414954 0.9804008686109748 -0.9445580190265623 0.30729455774771386 -0.11567282944258445 0 0 0 0 0 0
19.976043701171875 -4.483170032501221 -1.6866594552993774 -0.5712537415984752 -0.5026436876670088 -0.6488593730218073 0.5099998623850549 0.4020332414026157 -0.7604402758761081 0 0 0 0 0 0
19.162948608398438 -4.286211013793945 -3.535142183303833 -0.5632038406592531 -0.8087960870886958 -0.16926406404397173 -0.7835169033410193 0.45763619084831497 0.4203217565208166 0 0 0 0 0 0
18.852874755859375 -4.0369343757629395 -3.657701253890991 -0.45792220869300077 -0.7918722982725291 0.40403652559429143 -0.7751202407178179 0.5781960972664327 0.254711376925763 0 0 0 0 0 0
18.504440307617188 -3.903036594390869 -3.8318750858306885 -0.29220613361860914 -0.44275094346749816 0.8476952150002404 -0.8006521501873486 0.5980252558988356 0.03635832377197225 0 0 0 0 0 0
18.12799072265625 -3.893430709838867 -4.0016608238220215 -0.13195014951511114 0.09937388347182331 0.986262637093522 -0.8593000571642007 0.4845387548002668 -0.1637852461432607 0 0 0 0 0 0
17.737594604492188 -4.005352973937988 -4.10585355758667 -0.03757474707002991 0.6209381925312262 0.782958427656716 -0.9304321467962967 0.2640783995984698 -0.2540838819633109 0 0 0 0 0 0
17.35675048828125 -4.197335243225098 -4.074352741241455 -0.03696439922143569 0.941763675971594 0.33423765767888663 -0.9823082699296733 0.027202926821060687 -0.18528481751114972 0 0 0 0 0 0
17.014175415039062 -4.373245716094971 -3.8730924129486084 -0.12359619452540066 0.9725296742778625 -0.1972562124442063 -0.9922545309154901 -0.12361351467786293 0.012273747050790958 0 0 0 0 0 0
16.725875854492188 -4.423847675323486 -3.547158718109131 -0.26622875589664546 0.7173482615125469 -0.6438429321182699 -0.9593387009482192 -0.13221578277546245 0.24937570781464488 0 0 0 0 0 0
16.425613403320312 -4.246210098266602 -3.329374074935913 -0.4285866613662058 0.2563568607963277 -0.8663686476446508 -0.8938866595400587 0.019202368741967995 0.4478815791378486 0 0 0 0 0 0
15.9652099609375 -4.331521511077881 -3.088585376739502 -0.47447541898630147 -0.05977077060357918 -0.8782371728407015 -0.8746565371692897 0.14449238612341211 0.4627071345239773 0 0 0 0 0 0
15.931137084960938 -3.864719867706299 -2.882946491241455 -0.5712149201642952 -0.5026526311167602 -0.6488866213855051 -0.8206148938789234 0.36654169802039005 0.4384499738355709 0 0 0 0 0 0
15.648178100585938 -3.4579782485961914 -2.8714427947998047 -0.5632365102261426 -0.8087763006804046 -0.1692499010516578 -0.7834760073096558 0.4576436683781292 0.4203898414133354 0 0 0 0 0 0
15.338134765625 -3.2087273597717285 -2.994004726409912 -0.45799394493943935 -0.7918310376658118 0.4040360803045853 -0.7751912265166763 0.5782104482949721 0.2544626491532671 0 0 0 0 0 0
14.989700317382812 -3.074795722961426 -3.168163776397705 -0.2923175280432774 -0.4427844756514211 0.8476392929311168 -0.8007101824488836 0.5979557748568375 0.036222852428196624 0 0 0 0 0 0
14.613235473632812 -3.06520938873291 -3.33795428276062 -0.13206512398261627 0.09939455072413507 0.9862451654197365 -0.8593500236642778 0.48441383110164954 -0.1638925778234876 0 0 0 0 0 0
14.275054931640625 -3.124582290649414 -4.11068868637085 -0.5725468777350574 -0.47687801951067627 -0.6669163570519263 0.7495371937228987 0.025181924623460045 -0.6614830805835176 0 0 0 0 0 0
13.48126220703125 -2.8537373542785645 -5.856621265411377 -0.5544666278304324 -0.8021193283491395 -0.22174611994592805 -0.7641435028704986 0.3851743195887332 0.5174219270094387 0 0 0 0 0 0
13.20233154296875 -2.5310521125793457 -5.93966007232666 -0.45467782764813097 -0.8360079085800572 0.3071788564285885 -0.7760418425855391 0.5411060585380618 0.3239803882488028 0 0 0 0 0 0
12.870941162109375 -2.3341498374938965 -6.147774696350098 -0.30738643745364075 -0.5818701188722932 0.7529546751518995 -0.8275474736876821 0.5540786414645741 0.09034399739831638 0 0 0 0 0 0
12.470367431640625 -2.351670742034912 -6.2129316329956055 -0.1694111525985282 -0.11461049758730929 0.9788586696852755 -0.9094350924505781 0.4009082612360914 -0.11045532441698971 0 0 0 0 0 0
12.040435791015625 -2.0482897758483887 -6.3064141273498535 -0.058822735026155766 0.1879981477903062 0.9804063352872914 -0.9445067269437443 0.3074691600430537 -0.11562767134399436 0 0 0 0 0 0
11.738250732421875 -2.441314220428467 -6.449651718139648 -0.03166194925686175 0.6450001595110376 0.7635262374011729 -0.9934880123298643 0.06334173061725738 -0.09470688739086637 0 0 0 0 0 0
11.321273803710938 -2.6813158988952637 -6.328548908233643 -0.059738199809178306 0.9558445755706289 0.2877368499788709 -0.9959344015550552 -0.03760206451130412 -0.08185812448170263 0 0 0 0 0 0
10.998321533203125 -2.781129837036133 -6.085583209991455 -0.17917674120526308 0.9422764915641935 -0.28286164260382973 -0.9833843872611627 -0.16301126532748314 0.07989038907979155 0 0 0 0 0 0
10.711273193359375 -2.76497745513916 -5.7905683517456055 -0.34687049776981543 0.593656430553995 -0.7261218218996107 -0.9371259593746413 -0.18765898457867253 0.29424316775935516 0 0 0 0 0 0
10.453216552734375 -2.6247549057006836 -5.500111103057861 -0.49636971001446045 0.04899157021514823 -0.8667277179299244 -0.8670734754907745 -0.0767826465205 0.4922276031407193 0 0 0 0 0 0
10.213211059570312 -2.363992691040039 -5.276004791259766 -0.5725103081149533 -0.4768876779861619 -0.666940844218652 -0.7994991477230973 0.1443924997726335 0.5830539587374837 0 0 0 0 0 0
9.968582153320312 -2.0243406295776367 -5.1885600090026855 -0.5544721667258499 -0.8021142280321675 -0.22175071931044826 -0.7641532795461076 0.38519384758657677 0.5173929504161976 0 0 0 0 0 0
9.68963623046875 -1.7016429901123047 -5.271596431732178 -0.4545634775878847 -0.8360700669569462 0.30717891851788287 -0.7759992503950116 0.5410242216986334 0.3242189922286609 0 0 0 0 0 0
9.358245849609375 -1.504732608795166 -5.479712009429932 -0.3073155189240131 -0.5819136749474337 0.7529499629707388 -0.8274977445933335 0.554125627413348 0.09051116912685409 0 0 0 0 0 0
8.95587158203125 -1.5164752006530762 -5.563850402832031 -0.1655196819893681 -0.11604426022164552 0.9793553821487628 -0.9077429358893208 0.4060974249209031 -0.10529788134453716 0 0 0 0 0 0
8.526824951171875 -1.2227473258972168 -5.639695644378662 -0.06275170363786217 0.18663148210745492 0.9804238438435291 -0.9513012720492358 0.2858844699805161 -0.11530810735358374 0 0 0 0 0 0
8.346710205078125 -1.039832592010498 -6.5950846672058105 -0.5712226335294986 -0.5026856451519819 -0.6488542556705317 0.5104289658188239 0.4015166068903032 -0.7604253318008442 0 0 0 0 0 0
7.5348358154296875 -0.8423075675964355 -8.443856239318848 -0.5632403617707681 -0.8087758708164952 -0.169239137487031 -0.7834769418088714 0.4576573751262868 0.4203731778388531 0 0 0 0 0 0
7.2248077392578125 -0.5930800437927246 -8.566420555114746 -0.4579924007818052 -0.7918283679537876 0.4040430627170319 -0.7751687636692435 0.5782218420591567 0.2545051850104678 0 0 0 0 0 0
6.8763580322265625 -0.45916226506233215 -8.740574836730957 -0.2923187191859615 -0.44278620541512465 0.8476379785660586 -0.8007349036509271 0.5979241765458908 0.03619797200202204 0 0 0 0 0 0
6.499908447265625 -0.4495549499988556 -8.910370826721191 -0.132103335638917 0.09939221513346758 0.9862402832392998 -0.8593659700851095 0.484374989794968 -0.16392375886613672 0 0 0 0 0 0
6.1094818115234375 -0.5614676475524902 -9.014578819274902 -0.037612907792753635 0.6209347690944217 0.7829593103712549 -0.9304793214341349 0.26395890588353377 -0.2540352896513389 0 0 0 0 0 0
5.728668212890625 -0.7534432411193848 -8.98305892944336 -0.0370025715841239 0.9417582876637723 0.33424861602220785 -0.9823220370085174 0.02714213677029245 -0.1852207332319463 0 0 0 0 0 0
5.3860626220703125 -0.9293971061706543 -8.78182601928711 -0.12355782417426675 0.9725410290641758 -0.1972242654241991 -0.9922593838858578 -0.12357513881014437 0.012267850606845383 0 0 0 0 0 0
5.0977935791015625 -0.979973316192627 -8.45587158203125 -0.2662270890077075 0.7173401938421871 -0.6438526099791285 -0.9593350568757056 -0.13218136841157885 0.24940796798444384 0 0 0 0 0 0
4.794952392578125 -0.7963614463806152 -8.256932258605957 -0.43232178641188085 0.25669702117610943 -0.8644099214568004 -0.8912147317660535 0.02426079601249391 0.45293235218959754 0 0 0 0 0 0
4.3387603759765625 -0.8905472755432129 -7.994929790496826 -0.471729024431645 -0.06268548596128908 -0.8795125112007024 -0.8781856047949985 0.12291824197723306 0.4622565838580011 0 0 0 0 0 0
4.30731201171875 -0.41872265934944153 -7.788231372833252 -0.5712152744759201 -0.5026647893758759 -0.6488768910410554 -0.8206497283136349 0.3648936797972608 0.43975746254358367 0 0 0 0 0 0
4.02215576171875 -0.012922790832817554 -7.775798320770264 -0.5632026564735986 -0.80880035398109 -0.16924761487579407 -0.783489264166601 0.45760376458620494 0.4204085721916378 0 0 0 0 0 0
3.7121124267578125 0.23632094264030457 -7.8983540534973145 -0.4579965743189493 -0.791833199423789 0.4040288630808362 -0.7751680678623522 0.5782203010277112 0.2545108053619159 0 0 0 0 0 0
3.3636627197265625 0.37024256587028503 -8.072525024414062 -0.29228139298006417 -0.44279944392643433 0.8476439345480352 -0.8006941203105256 0.5979736822954155 0.03628224058978618 0 0 0 0 0 0
2.977081298828125 0.3870367705821991 -8.243326187133789 -0.13206492237554088 0.09939201480342916 0.986245447985063 -0.8588103292460811 0.48536261592172086 -0.16391445770847057 0 0 0 0 0 0
2.5833740234375 0.27378222346305847 -8.349827766418457 -0.037612959995613836 0.6209333957113765 0.7829603970385139 -0.930463428718439 0.26399150470614613 -0.25405962540417826 0 0 0 0 0 0
2.2025604248046875 0.08181235194206238 -8.318327903747559 -0.037002574367110894 0.9417608171863341 0.33424148860178116 -0.9823139502975413 0.02715550144628796 -0.18526165764140298 0 0 0 0 0 0
1.8599700927734375 -0.09409955143928528 -8.117070198059082 -0.12355804047382242 0.9725331948455717 -0.19726275765520068 -0.9922593595105894 -0.12357482455836172 0.012272986556061934 0 0 0 0 0 0
1.571685791015625 -0.14470437169075012 -7.791130065917969 -0.2662273221952761 0.7173289012474273 -0.6438650948388889 -0.9593390653206414 -0.13220689121202883 0.24937902009946414 0 0 0 0 0 0
1.2688446044921875 0.03888842836022377 -7.592189311981201 -0.43228235916788144 0.25674393554066754 -0.8644157064256411 -0.8912393500833178 0.02420832958999178 0.452886716123942 0 0 0 0 0 0
0.81268310546875 -0.05527355894446373 -7.330185890197754 -0.4717649725079059 -0.06272335014337507 -0.8794905298304275 -0.8781561646632671 0.12307004425146165 0.4622721218847664 0 0 0 0 0 0
0.781219482421875 0.41654345393180847 -7.123471260070801 -0.5712427384896425 -0.5026292377759805 -0.6488802532483099 -0.8206295095849578 0.36494950325712483 0.43974886932285534 0 0 0 0 0 0
0.49603271484375 0.822329044342041 -7.111053943634033 -0.563275983159583 -0.8087484772020708 -0.16925149162987277 -0.7834791478294841 0.4577169317091577 0.4203042176128378 0 0 0 0 0 0
0.186004638671875 1.071601390838623 -7.233614444732666 -0.45799089212290306 -0.7918305279702151 0.4040405396824404 -0.7751614368248841 0.5782233627499374 0.25452404528793726 0 0 0 0 0 0
-0.162445068359375 1.2055296897888184 -7.407768726348877 -0.2923207458256939 -0.4427416659523484 0.8476605445516789 -0.8007133345935009 0.5979537511710308 0.03618656193463716 0 0 0 0 0 0
-0.53887939453125 1.2151122093200684 -7.577566146850586 -0.13206458292944295 0.09937030170270532 0.9862476814042129 -0.8593188495324373 0.48447285999248246 -0.1638815510329119 0 0 0 0 0 0
-0.9293060302734375 1.103196620941162 -7.681765556335449 -0.03765104734806076 0.620896574437945 0.7829877664975485 -0.930492283854517 0.26391997630760616 -0.2540282578631714 0 0 0 0 0 0
-1.31011962890625 0.9112124443054199 -7.650268077850342 -0.03700255680503712 0.9417460650978896 0.33428305320870144 -0.9823221140718509 0.027148783603441837 -0.18521935037750095 0 0 0 0 0 0
-1.6527252197265625 0.7352900505065918 -7.449009895324707 -0.12355825191557075 0.9725396274966096 -0.19723090866373943 -0.992259340842133 -0.12357531217372786 0.01226958567767728 0 0 0 0 0 0
-1.941009521484375 0.6846909523010254 -7.12306547164917 -0.26615345151598296 0.7173521215401892 -0.6438697647567548 -0.9593666331706472 -0.13220831296567617 0.2492721908709175 0 0 0 0 0 0
-2.2412567138671875 0.8623251914978027 -6.905275821685791 -0.4286202220373089 0.2563743830983772 -0.8663468594919788 -0.8938660264344203 0.01921743796606405 0.4479221102651231 0 0 0 0 0 0
-2.6986541748046875 0.7779030799865723 -6.6608567237854 -0.4744371999368636 -0.05976956945614514 -0.8782579016912375 -0.8746005852224352 0.14524637844875637 0.46257681078507884 0 0 0 0 0 0
-2.6240234375 0.6195015907287598 -5.685649871826172 -0.03170012544243038 0.6449649920604227 0.7635543602543523 0.4924972920122658 -0.6546796175292313 0.5734466110740953 0 0 0 0 0 0
-2.742919921875 0.642143726348877 -3.65962290763855 -0.0597000204686644 0.9558559786818925 0.2877068917737675 -0.9959340851398825 -0.037556996396923344 -0.08188266042470257 0 0 0 0 0 0
-3.0658416748046875 0.5423378944396973 -3.416673183441162 -0.179100430501172 0.9422919015551877 -0.2828586361732717 -0.983400554698948 -0.16296167806805276 0.07979248397590862 0 0 0 0 0 0
-3.352874755859375 0.5584559440612793 -3.1216611862182617 -0.3468336183214348 0.5937170129072284 -0.7260899047546243 -0.9371391112111915 -0.18764703467706892 0.294208899619303 0 0 0 0 0 0
-3.6109466552734375 0.6986851692199707 -2.8311917781829834 -0.4963756522940394 0.04902195947403235 -0.8667225965088212 -0.8670725537277921 -0.07674230488820197 0.4922355180321827 0 0 0 0 0 0
-3.8509521484375 0.9594712257385254 -2.60709547996521 -0.5725145637535879 -0.4769031438623367 -0.6669261320897978 -0.7994983673062657 0.14442004564287333 0.5830482064899318 0 0 0 0 0 0
-4.0955657958984375 1.2991366386413574 -2.519651412963867 -0.5545080726975564 -0.8020883358591021 -0.22175459136626186 -0.7641487043465743 0.3852430993278354 0.5173630370114738 0 0 0 0 0 0
-4.374542236328125 1.6218228340148926 -2.6026875972747803 -0.4545958587394496 -0.8360475413530518 0.30719230754441035 -0.7759944183909735 0.5410561129362035 0.3241773361609679 0 0 0 0 0 0
-4.7059326171875 1.8187127113342285 -2.810781478881836 -0.3073499750983615 -0.5819102625995423 0.7529385360627839 -0.8275488228252278 0.5540665672753659 0.09040566834149523 0 0 0 0 0 0
-5.106475830078125 1.801164150238037 -2.8759498596191406 -0.16944834338730755 -0.11460269824883357 0.9788531455113091 -0.9094598377233777 0.40083810304897377 -0.11050619309463085 0 0 0 0 0 0
-5.536407470703125 2.104586124420166 -2.9694223403930664 -0.0588988623419526 0.18791416909025574 0.9804178645199925 -0.944554977272847 0.30731383836831266 -0.11564644247198554 0 0 0 0 0 0
-5.8386077880859375 1.7115426063537598 -3.1126747131347656 -0.031623811718671825 0.6450003510017676 0.7635276561723082 -0.9934801757547208 0.06342912041700735 -0.09473060258170996 0 0 0 0 0 0
-6.255584716796875 1.4715285301208496 -2.991569757461548 -0.059738081210871916 0.9558474462968184 0.2877273380495746 -0.9959313750939657 -0.03758965750302016 -0.08190063340566069 0 0 0 0 0 0
-6.578521728515625 1.3717398643493652 -2.74861741065979 -0.17928883515303923 0.942267731771066 -0.2828197928937726 -0.9833567415795589 -0.16304940798730716 0.08015241322019727 0 0 0 0 0 0
-6.86572265625 1.387871265411377 -2.4535932540893555 -0.34668735749258245 0.593737386436426 -0.7261430934068382 -0.9372063399692464 -0.18781884541419902 0.29388493943842503 0 0 0 0 0 0
-7.123626708984375 1.5280957221984863 -2.1631340980529785 -0.4962937684751075 0.04901187066940231 -0.8667700571121859 -0.8671132479516472 -0.07687274738403785 0.4921434708866663 0 0 0 0 0 0
-7.08172607421875 1.6585602760314941 -1.3338338136672974 -0.037689113483190574 0.620902395494268 0.7829813190583353 0.8527014957080785 -0.38855998604920144 0.34917230196372995 0 0 0 0 0 0
-7.24761962890625 1.6131625175476074 0.5943702459335327 -0.037002542263869814 0.941771921041668 0.33421020421808906 -0.9823305910686855 0.027118985999379227 -0.18517875269321002 0 0 0 0 0 0
-7.590118408203125 1.4372220039367676 0.7956355810165405 -0.12344446059312392 0.9725495151881866 -0.19725340467554886 -0.992270369166572 -0.12351272255426209 0.012005075646130826 0 0 0 0 0 0
-7.878387451171875 1.3866019248962402 1.1215571165084839 -0.26634163662759924 0.7173380977754609 -0.6438075691372502 -0.9592875166703139 -0.1321576104171883 0.2496033380572485 0 0 0 0 0 0
-8.178680419921875 1.5642600059509277 1.3393620252609253 -0.42861807192689916 0.2563564077845091 -0.8663532423933613 -0.8938683732258611 0.019217653167813212 0.44791741778287036 0 0 0 0 0 0
-8.639129638671875 1.4789633750915527 1.580161452293396 -0.4744670785425992 -0.05984482100467208 -0.8782366359804001 -0.8746636114046766 0.14450472336064304 0.46268990891415906 0 0 0 0 0 0
-8.6732177734375 1.945803165435791 1.7857974767684937 -0.5712182191049604 -0.5027294445540342 -0.6488242071169582 -0.8206140386084941 0.36653186128206416 0.4384597978193242 0 0 0 0 0 0
-8.956085205078125 2.3525004386901855 1.7972749471664429 -0.5632756761528501 -0.8087479618980642 -0.16925497564407668 -0.7834671702778476 0.457697723431732 0.42034745992123257 0 0 0 0 0 0
-9.26617431640625 2.6017708778381348 1.6747573614120483 -0.4579240261105866 -0.7918825937615251 0.4040142868862318 -0.7751681246334305 0.5781685015357668 0.2546282827656352 0 0 0 0 0 0
-9.614593505859375 2.735673427581787 1.5005735158920288 -0.29243058910723446 -0.4427585464430228 0.8476138390246217 -0.8007386384223338 0.5979266777339652 0.036073826960416173 0 0 0 0 0 0
-9.99114990234375 2.745296001434326 1.330804705619812 -0.13206420367557634 0.0994343890542603 0.9862412729048313 -0.8593701017228225 0.4843721542648156 -0.16391047690055516 0 0 0 0 0 0
-10.381561279296875 2.6333794593811035 1.226615309715271 -0.03761290605265881 0.6209348148737581 0.7829592741490236 -0.9304964614913835 0.26392417387363637 -0.25400859354977073 0 0 0 0 0 0
-10.762237548828125 2.441347599029541 1.258118987083435 -0.03707884688039509 0.9417841141181524 0.33416738546528907 -0.9823417217397268 0.027014646296387723 -0.18513495243986328 0 0 0 0 0 0
-11.10498046875 2.265465259552002 1.4593385457992554 -0.12367146685407421 0.972529985105242 -0.19720749569263138 -0.9922471900855522 -0.123655390041111 0.012444206728703755 0 0 0 0 0 0
-11.393218994140625 2.214865207672119 1.785300612449646 -0.2662638977353742 0.7173294362413817 -0.643849374205169 -0.9593168225435703 -0.13214823793556307 0.24949564564423587 0 0 0 0 0 0
-11.696014404296875 2.398489475250244 1.9842294454574585 -0.4322831266675063 0.25663711192649713 -0.8644470435952636 -0.8912520463892009 0.02417202556607859 0.4528636693168209 0 0 0 0 0 0
-12.15228271484375 2.304309368133545 2.2462592124938965 -0.4718027039588762 -0.0627805061481501 -0.8794662111672485 -0.8781402002016463 0.12305172058764896 0.4623073251098581 0 0 0 0 0 0
-12.075408935546875 2.148677349090576 3.2226147651672363 -0.0316619691279738 0.6449981801301965 0.7635279086842038 0.49268844194226613 -0.6545810243641706 0.5733949613650748 0 0 0 0 0 0
-12.195098876953125 2.1723122596740723 5.248739719390869 -0.05973801947123576 0.955863147684721 0.2876751847621052 -0.9959313531318577 -0.03759395643302224 -0.08189892727416692 0 0 0 0 0 0
-12.51806640625 2.0724921226501465 5.4916672706604 -0.1791389541572372 0.9422938825169569 -0.2828276402238131 -0.9833911002031879 -0.16297648353801372 0.07987871966141694 0 0 0 0 0 0
-12.8050537109375 2.0886025428771973 5.78668737411499 -0.3469107219767627 0.5937136297741192 -0.7260558358680146 -0.9371038400436468 -0.18756398886029307 0.29437415487482466 0 0 0 0 0 0
-13.063262939453125 2.228868007659912 6.077202320098877 -0.49630165234731005 0.048962580383379896 -0.86676832867816 -0.8671053580957099 -0.07692465862588078 0.49214926075023485 0 0 0 0 0 0
-13.303070068359375 2.4896492958068848 6.301249027252197 -0.572580963863709 -0.476902055382636 -0.666869904398694 -0.7994646286099407 0.1445351034209096 0.5830659580876566 0 0 0 0 0 0
-13.54779052734375 2.8292899131774902 6.3887104988098145 -0.5545140733815099 -0.8020874788566631 -0.22174268574906245 -0.7641441791007896 0.38525422027295775 0.5173614397191347 0 0 0 0 0 0
-14.69635009765625 2.65671968460083 7.144846439361572 0.9506332733189813 -0.22079478215853457 -0.2180505533824758 0.2723833254274045 0.9303581642695775 0.2454404412602996 0 0 0 0 0 0
-10.819488525390625 2.711002826690674 6.427963733673096 0.24582048469558865 0.9646637264434749 0.09484821657898732 0.15406285758376526 -0.13549005666114722 0.978727275832795 0 0 0 0 0 0
-11.1842041015625 2.7832999229431152 6.637613773345947 0.24574563900798527 0.9646813343128972 0.09486308100017189 0.15412289675900628 -0.13550487463669153 0.9787157716335767 0 0 0 0 0 0
-11.52667236328125 2.8063530921936035 7.290557384490967 0.24574612054949635 0.9646736877453684 0.09493956186239662 0.15416291583026553 -0.1355920065270908 0.9786974012168765 0 0 0 0 0 0
-11.110748291015625 2.642630100250244 7.87737512588501 0.24581868679254057 0.9646614393664945 0.0948761330522808 0.15416977320300138 -0.13554327831202587 0.9787030707701718 0 0 0 0 0 0
-13.26800537109375 3.561373233795166 9.51502513885498 0.930139538034686 -0.2071800565810374 -0.3031779410506298 -0.3612146466526136 -0.3676885763460265 -0.8569300379075645 0 0 0 0 0 0
-13.290863037109375 2.903231143951416 9.09633731842041 0.03700259856380437 -0.9417852749023231 -0.3341725657152028 0.9968633946208165 0.01137658936412102 0.07831951020979677 0 0 0 0 0 0
-12.704376220703125 2.8439040184020996 9.226346015930176 0.03753660859215378 -0.6209395247935166 -0.7829592004469974 0.9950479290424009 0.0953873603421888 -0.027944058319766728 0 0 0 0 0 0
-12.370880126953125 2.6529250144958496 9.40796947479248 0.13198940436194737 -0.09934014671504515 -0.9862607831536301 0.9906435367737062 -0.021611869265186514 0.1347527742027864 0 0 0 0 0 0
-12.077972412109375 2.3651890754699707 9.482876777648926 0.29235768730156575 0.442742224457698 -0.8476475124472018 0.9534152799944055 -0.2038457899596432 0.22236501026222322 0 0 0 0 0 0
-11.81402587890625 2.0529723167419434 9.429858207702637 0.4579972714831106 0.7918391731760563 -0.4040163649382106 0.8889079908662755 -0.4125457626844766 0.1991195054864423 0 0 0 0 0 0
-11.56683349609375 1.7736725807189941 9.254533767700195 0.5632902960546325 0.8087618003575952 0.16914015683162198 0.8150851375651559 -0.5774573280892036 0.046682467334848106 0 0 0 0 0 0
-11.320953369140625 1.5844368934631348 8.974937438964844 0.5712139025670013 0.5026421988984361 0.6488955982288069 0.7623386151841431 -0.6179052140970387 -0.19243955464201176 0 0 0 0 0 0
-10.953338623046875 1.4198107719421387 8.702138900756836 0.47179935975871884 0.06266323664162762 0.8794763685880699 0.7630852748629534 -0.5287231748161564 -0.37168893943680237 0 0 0 0 0 0
-10.6763916015625 1.3308510780334473 8.525032997131348 0.43235881843334123 -0.2566582120409232 0.8644029235922802 0.8908565549627085 -0.02664714794321325 -0.453502511554751 0 0 0 0 0 0
-10.3505859375 1.681840419769287 8.238378524780273 0.2661897309546198 -0.7173566247434523 0.6438497496085472 0.8510541294605775 -0.138727098333559 -0.5064204388806299 0 0 0 0 0 0
-9.96124267578125 1.919081211090088 8.208166122436523 0.1235960818241868 -0.9725395163030384 0.19720775285662828 0.905913723332519 0.02946902967045341 -0.4224356781429502 0 0 0 0 0 0
-9.56610107421875 2.0471034049987793 8.34445571899414 0.037002536667701806 -0.9417431684017746 -0.334291215931173 0.9654935059118419 0.11998398141265533 -0.23114094022138915 0 0 0 0 0 0
-9.191680908203125 2.0145249366760254 8.558313369750977 0.03753670279538523 -0.6209220095979777 -0.7829730863446456 0.9950479637457256 0.09538772048238707 -0.02794159313030008 0 0 0 0 0 0
-8.858184814453125 1.82352876663208 8.739896774291992 0.1319888438850644 -0.09935879841159996 -0.9862589793092315 0.9906405436366431 -0.02169721270046597 0.1347610636063969 0 0 0 0 0 0
-8.565277099609375 1.535778522491455 8.8148193359375 0.29235472479621744 0.4427925736668833 -0.847622234013942 0.953416717785305 -0.2038512380679725 0.2223538508451132 0 0 0 0 0 0
-8.08734130859375 1.805610179901123 9.986571311950684 0.1790636568844709 -0.9422919764752126 0.2828816675813366 -0.10395935441635758 0.26779698711908095 0.9578503151950606 0 0 0 0 0 0
-7.512298583984375 0.8619570732116699 11.628312110900879 0.05973808870617677 -0.9558214147194383 -0.2878138007835348 0.9113369067657691 0.16987024201580883 -0.3749788570627556 0 0 0 0 0 0
-7.12860107421875 0.9025301933288574 11.78813648223877 0.03173823678081159 -0.6449189686728332 -0.7635916501455569 0.9682650282876941 0.20932595664634174 -0.13654844879794492 0 0 0 0 0 0
-6.660675048828125 0.8606019020080566 11.883160591125488 0.06278993788325173 -0.18663651000299317 -0.9804204388090448 0.993132230261977 0.10885547606876851 0.042881913958144245 0 0 0 0 0 0
-6.31976318359375 0.8213715553283691 11.965228080749512 0.16555707111022488 0.1160186951953595 -0.9793520912167238 0.9208150724840403 -0.37375533522470256 0.11138470127123386 0 0 0 0 0 0
-6.10870361328125 0.3334049880504608 12.149962425231934 0.3073495359710631 0.5818856638893714 -0.7529577258375119 0.9447101322771346 -0.2816002082919166 0.16800026387737718 0 0 0 0 0 0
-5.8731842041015625 -0.047912146896123886 12.06234073638916 0.45459916438594866 0.836067916624397 -0.3071319562190458 0.8878661762723455 -0.4528275561245962 0.08149145627456947 0 0 0 0 0 0
-5.647491455078125 -0.32251599431037903 11.807963371276855 0.5544656570325983 0.8021036267026507 0.2218053362790535 0.8315901599247483 -0.5442700942974864 -0.11057970143628049 0 0 0 0 0 0
-5.3967437744140625 -0.43751004338264465 11.475163459777832 0.5725791710858146 0.4768004275813574 0.6669441094251572 0.7959439653851319 -0.5182983317633032 -0.31279393098071623 0 0 0 0 0 0
-5.0998077392578125 -0.39542534947395325 11.173727989196777 0.49640661613557713 -0.049035555185489584 0.8667040935547015 0.7862722601525981 -0.3977390652836255 -0.472842012581193 0 0 0 0 0 0
-4.757904052734375 -0.25754883885383606 10.978039741516113 0.34687045030187164 -0.5937076093129452 0.7260799992778235 0.803567430867218 -0.21111570932137794 -0.5565155355667893 0 0 0 0 0 0
-4.385101318359375 -0.09565308690071106 10.910029411315918 0.17921489332305213 -0.9422967837828587 0.28276985922068737 0.8483278791725185 0.0024579214661491003 -0.5294655494370935 0 0 0 0 0 0
-3.99749755859375 0.03370234742760658 10.964516639709473 0.059738152393685344 -0.9558485945805131 -0.28772350857558854 0.911358948497505 0.16982189450930246 -0.3749471844657504 0 0 0 0 0 0
-3.613800048828125 0.07427069544792175 11.124398231506348 0.031585681063782796 -0.6450102202560845 -0.7635208972365684 0.9682083817765678 0.20939655104837676 -0.13684156483555898 0 0 0 0 0 0
-3.1417999267578125 0.04073283448815346 11.237542152404785 0.058860718864333736 -0.18801908418503818 -0.9804000406757403 0.9927414874030271 0.11420636497879855 0.03769940831305878 0 0 0 0 0 0
-2.81134033203125 -0.013761070556938648 11.299128532409668 0.1694867451270901 0.11461479383312237 -0.9788450808278171 0.9103124125319386 -0.3987814879068781 0.11092626601963193 0 0 0 0 0 0
-2.5924224853515625 -0.49339058995246887 11.482150077819824 0.3073492985736872 0.5818803715759241 -0.7529619126097461 0.9441625322485631 -0.285182627374878 0.1650090353330465 0 0 0 0 0 0
-1.9188079833984375 0.5734724998474121 12.342867851257324 0.1235580855661125 -0.9725312400891009 0.19727236639223683 0.160160070402391 0.21573323672776354 0.9632278663014604 0 0 0 0 0 0
-1.4506378173828125 -0.5673632621765137 13.921202659606934 0.036964372168183955 -0.9417379527992552 -0.3343101306387225 0.9654611190266893 0.11999489022488126 -0.23127052118169278 0 0 0 0 0 0
-1.0762939453125 -0.5999493598937988 14.13508129119873 0.037574796019868316 -0.6209211200407592 -0.7829719646267002 0.9950458342648726 0.09541724013521524 -0.027916625818722538 0 0 0 0 0 0
-0.742706298828125 -0.7909255027770996 14.316676139831543 0.13206488861792592 -0.09941821545491936 -0.9862428117000873 0.9906261417040637 -0.021803497369805046 0.13484974925807428 0 0 0 0 0 0
-0.44976806640625 -1.0786805152893066 14.391592979431152 0.29224357957331776 0.4426878926089522 -0.847715235167812 0.9534555913438219 -0.20370953788728685 0.22231702478431797 0 0 0 0 0 0
-0.185943603515625 -1.3908915519714355 14.338541984558105 0.45798925952975844 0.7918753887168626 -0.40395446141848884 0.8889125916000193 -0.4125309411993632 0.19912967395168601 0 0 0 0 0 0
0.061279296875 -1.6701698303222656 14.163264274597168 0.5632470897304225 0.8087867238289344 0.16916486416590307 0.8151080960203242 -0.5774217094317552 0.04672217117206719 0 0 0 0 0 0
0.3071746826171875 -1.8594269752502441 13.883658409118652 0.5711732037635153 0.5026614109391466 0.6489165410553102 0.7622938356721384 -0.6180238263844706 -0.19223594387459617 0 0 0 0 0 0
0.681304931640625 -2.0162854194641113 13.628483772277832 0.47436087354836626 0.05979817586181431 0.878297181943578 0.7639299344417484 -0.5237685901565525 -0.37693171693191774 0 0 0 0 0 0
0.9538726806640625 -2.1197142601013184 13.434218406677246 0.4286606882887288 -0.2563674254692438 0.8663288968250482 0.8896253300907465 -0.04742508104524191 -0.4542220093178917 0 0 0 0 0 0
1.2757720947265625 -1.7581429481506348 13.14844036102295 0.266227895060088 -0.7173638234100472 0.643825949115437 0.8489108811690801 -0.14189361602156753 -0.509133103976809 0 0 0 0 0 0
1.6669769287109375 -1.524824619293213 13.116816520690918 0.12355770797468811 -0.9725401144409332 0.19722884830383797 0.9058612136889842 0.02939353322461744 -0.4225535252941265 0 0 0 0 0 0
2.0620574951171875 -1.396756649017334 13.253140449523926 0.03700254997253966 -0.9417363544654227 -0.33431040961014896 0.9654825334242441 0.1200020773831447 -0.23117737578844821 0 0 0 0 0 0
2.4363861083984375 -1.4293303489685059 13.467036247253418 0.03761291569674278 -0.6209135164111766 -0.7829761642034176 0.9950520453002173 0.09537646191495425 -0.027834468854993574 0 0 0 0 0 0
2.769989013671875 -1.6203217506408691 13.648619651794434 0.13206477905102304 -0.09942647762087103 -0.9862419934692048 0.9906261704901964 -0.021801974284831875 0.1348497840458496 0 0 0 0 0 0
3.06292724609375 -1.9080805778503418 13.723540306091309 0.2922813391683701 0.4427290291063112 -0.8476807332719833 0.9534479064213531 -0.20369422993758296 0.22236400435069084 0 0 0 0 0 0
3.3267364501953125 -2.2202796936035156 13.670540809631348 0.4579504051104055 0.7917716458535258 -0.40420179029986314 0.8889316709946139 -0.41248325216259957 0.19914329260130464 0 0 0 0 0 0
3.573974609375 -2.4995675086975098 13.49520206451416 0.5632484951734165 0.8087637076288963 0.1692701920222311 0.8150937373873974 -0.5774402115890396 0.046743997602361954 0 0 0 0 0 0
3.8198699951171875 -2.688821315765381 13.215596199035645 0.5712492917367952 0.5026552694166221 0.6488543186401035 0.7622918069761552 -0.6179812472270938 -0.1923808178916855 0 0 0 0 0 0
4.18756103515625 -2.853508949279785 12.942748069763184 0.471760518361567 0.06267268105730225 0.8794965311837878 0.7630344778602468 -0.5288559406042828 -0.3716043321654097 0 0 0 0 0 0
4.4644927978515625 -2.942434787750244 12.765681266784668 0.4323913352520064 -0.2567216265839521 0.8643678265895122 0.8908522128301182 -0.026525726891467972 -0.45351815918280636 0 0 0 0 0 0
4.7901611328125 -2.5913853645324707 12.479086875915527 0.2662274397230115 -0.7173649806657321 0.6438248479617604 0.8510854994531514 -0.1386284533966047 -0.5063947319329511 0 0 0 0 0 0
5.179656982421875 -2.354198932647705 12.448756217956543 0.12355757556827845 -0.9725295355444672 0.19728108883862244 0.9058804690063815 0.029381684973880058 -0.4225130677989425 0 0 0 0 0 0
5.574737548828125 -2.226156711578369 12.585053443908691 0.03704065838487371 -0.9417806739138603 -0.3341813158582781 0.9655021985810813 0.11997957951524008 -0.23110691256309185 0 0 0 0 0 0
5.949066162109375 -2.2587337493896484 12.798989295959473 0.03765108108748745 -0.6208565996497124 -0.783019462570593 0.9950623792417026 0.09530244749630251 -0.027718313784512574 0 0 0 0 0 0
6.282684326171875 -2.44973087310791 12.980559349060059 0.1321029804483562 -0.09937168231297397 -0.986242399874874 0.9906197336627762 -0.02184400757026261 0.13489026136515947 0 0 0 0 0 0
6.5871124267578125 -2.739006519317627 13.057572364807129 0.29231930029480413 0.4427871601482018 -0.8476372794320969 0.9534229624546751 -0.2038855932669054 0.2222955679323211 0 0 0 0 0 0
6.85284423828125 -3.055565357208252 13.005749702453613 0.4579620343947364 0.791871623815632 -0.40399270593493186 0.8889272836201099 -0.41246502417633824 0.19920062315912973 0 0 0 0 0 0
7.1000823974609375 -3.3348488807678223 12.830470085144043 0.563242256354463 0.8087714387278769 0.16925401193110112 0.8151023251352038 -0.5774295842182728 0.04672552652134734 0 0 0 0 0 0
7.345977783203125 -3.5240893363952637 12.550826072692871 0.5712087177314757 0.5026126027062188 0.6489230866508325 0.7623003558867789 -0.6179755111546401 -0.19236536857774447 0 0 0 0 0 0
7.7136688232421875 -3.688769817352295 12.278021812438965 0.4717653960350167 0.06270909197113796 0.8794913193932496 0.7630661973444295 -0.5288066090382196 -0.37160940341682935 0 0 0 0 0 0
7.9906005859375 -3.777714252471924 12.100909233093262 0.4323191485299172 -0.2566871102565639 0.864414183850833 0.8908560120797948 -0.026779893330171653 -0.4534957585849168 0 0 0 0 0 0
8.316253662109375 -3.426671028137207 11.81432819366455 0.2663024229314227 -0.7173399924967299 0.6438216792759042 0.8511004816853864 -0.138536504515778 -0.5063947146164277 0 0 0 0 0 0
8.0843505859375 -4.601168155670166 10.8651762008667 0.45464195326540147 0.8360347382076977 -0.30715893417090573 -0.3139822777937557 -0.1722830122113086 -0.9336667997389879 0 0 0 0 0 0
8.416641235351562 -3.645970344543457 9.139067649841309 0.5544674879916179 0.8021014991726009 0.22180845291677068 0.8315870199032867 -0.5442861129616992 -0.1105244568655071 0 0 0 0 0 0
8.667510986328125 -3.761021614074707 8.806267738342285 0.5725805921249961 0.4768397575232162 0.6669147705419254 0.7959750312451438 -0.5182021110793653 -0.31287429058198674 0 0 0 0 0 0
8.964324951171875 -3.7188758850097656 8.504816055297852 0.4963704748033333 -0.049002374580353274 0.8667266691575841 0.7862990542228513 -0.3977395403306363 -0.47279705517888326 0 0 0 0 0 0
9.3062744140625 -3.5810232162475586 8.309148788452148 0.34686998585255474 -0.5937032380817563 0.7260837954436704 0.8035721114347926 -0.21111211720115894 -0.5565101397953802 0 0 0 0 0 0
9.67913818359375 -3.4191622734069824 8.241079330444336 0.17917631992469643 -0.9422921574749584 0.2828097175477375 0.848333747342938 0.0024046749438475265 -0.5294563916485503 0 0 0 0 0 0
10.066635131835938 -3.289726734161377 8.295673370361328 0.059623724785140414 -0.9558535667990157 -0.28773072529770877 0.9112357002344783 0.16980014982239053 -0.3752564559584203 0 0 0 0 0 0
10.450332641601562 -3.249154567718506 8.455513000488281 0.03166199596909519 -0.645005879480359 -0.7635214033981115 0.968236199181694 0.2093554201638523 -0.1367076100376428 0 0 0 0 0 0
10.918228149414062 -3.291098117828369 8.550552368164062 0.06282803907160144 -0.18661491629524846 -0.9804221083403487 0.9931335516617722 0.1088249652880929 0.04292872574069148 0 0 0 0 0 0
11.257293701171875 -3.332080841064453 8.628545761108398 0.16548245797511407 0.11602106545663309 -0.9793644206692533 0.9186317151589699 -0.37941490334347566 0.11027285715419925 0 0 0 0 0 0
11.468170166015625 -3.819472312927246 8.812954902648926 0.3073862602554466 0.581929387691421 -0.7529089418696385 0.944693170278287 -0.2816684919416839 0.1679811735786406 0 0 0 0 0 0
11.70361328125 -4.200734615325928 8.725382804870605 0.4546359050472251 0.83603076878562 -0.3071786898299027 0.8878443723248515 -0.4528703258298033 0.08149134011598004 0 0 0 0 0 0
11.9293212890625 -4.475373268127441 8.471007347106934 0.5544750671248116 0.8021053105962478 0.22177572150763558 0.8315826108394212 -0.5442928566384211 -0.11052442065841958 0 0 0 0 0 0
12.180191040039062 -4.590432643890381 8.13819694519043 0.5725135057327007 0.47684861800294087 0.6669660270675998 0.7959978303726695 -0.5182375867531429 -0.31275750625409726 0 0 0 0 0 0
12.477005004882812 -4.548272609710693 7.836746692657471 0.4963337720444464 -0.04901324609370776 0.866747072931596 0.7862649406524604 -0.39786839363978926 -0.47274536956302055 0 0 0 0 0 0
12.818939208984375 -4.410411357879639 7.6410746574401855 0.3468668740172792 -0.5936955276979807 0.7260915865790605 0.8035925081086505 -0.2110891101498356 -0.5564894145334656 0 0 0 0 0 0
12.720565795898438 -4.769294738769531 6.39825963973999 0.45799806529649323 0.7918286245409288 -0.40403613890627416 -0.5215219626123753 -0.12873543855381925 -0.8434702302827838 0 0 0 0 0 0
13.037460327148438 -4.036804676055908 4.585814952850342 0.5632785302682217 0.8087472914460344 0.16924868069670412 0.8150898972498789 -0.5774547319596736 0.04663144795697045 0 0 0 0 0 0
13.283370971679688 -4.226037979125977 4.306217670440674 0.5712206610116124 0.5026338407092507 0.6488961231255154 0.7622996965997955 -0.6179760833947925 -0.19236614285235476 0 0 0 0 0 0
13.65106201171875 -4.390719413757324 4.033388614654541 0.47176451051698837 0.0626720193140253 0.8794944369419108 0.763065540559224 -0.5287929196604712 -0.371630231450583 0 0 0 0 0 0
13.927993774414062 -4.479661464691162 3.856271266937256 0.4323549819608745 -0.256690505091575 0.8643952534399089 0.8908580649563658 -0.02663368948213139 -0.4535003359279563 0 0 0 0 0 0
14.253662109375 -4.128617286682129 3.5696702003479004 0.26622878679546086 -0.7173101976436072 0.6438853263104434 0.8510444011139708 -0.1387319493336605 -0.5064354584412961 0 0 0 0 0 0
14.643173217773438 -3.8914332389831543 3.5393967628479004 0.12348204028015705 -0.9725533898281774 0.19721077471064005 0.9058242212338687 0.02930853287638402 -0.4226387229380308 0 0 0 0 0 0
15.038238525390625 -3.763381004333496 3.67567777633667 0.037002570421192996 -0.9417785981546815 -0.33419138504759166 0.9654704217826043 0.1199876305223548 -0.23123544967100385 0 0 0 0 0 0
15.412582397460938 -3.795947551727295 3.889578342437744 0.037612843110691775 -0.6209695385111635 -0.7829317379403924 0.9950520290063205 0.09537458606584767 -0.02784147810683335 0 0 0 0 0 0
15.74615478515625 -3.9869542121887207 4.071157932281494 0.13217920301374608 -0.09934659470382008 -0.9862347146655331 0.9906052936004575 -0.02196143431416398 0.13497721175671212 0 0 0 0 0 0
16.039108276367188 -4.274718284606934 4.146066188812256 0.2923566558804753 0.44276688837600264 -0.8476349853092532 0.9534123492825438 -0.20388985018164466 0.22233717914115778 0 0 0 0 0 0
16.30291748046875 -4.586917400360107 4.093064785003662 0.4580238512198384 0.7918144070736229 -0.4040347713556277 0.8888944894283028 -0.41255360530125096 0.19916352431340545 0 0 0 0 0 0
16.5501708984375 -4.866200923919678 3.917755603790283 0.5632792121384174 0.80874827046555 0.16924173300845508 0.8150844752217093 -0.5774590868510465 0.04667227512888482 0 0 0 0 0 0
16.796066284179688 -5.055442810058594 3.638153553009033 0.5712064596808355 0.5026523386140583 0.6488942956327356 0.7622995063841761 -0.617990306244572 -0.19232119996033095 0 0 0 0 0 0
17.170196533203125 -5.212319374084473 3.3829731941223145 0.4744771576201096 0.05977098962331835 0.8782362186201332 0.7639228225716934 -0.5236737645670887 -0.3770778559637658 0 0 0 0 0 0
17.444900512695312 -5.3146443367004395 3.1930289268493652 0.42861944475047126 -0.2563286186365959 0.8663607856139682 0.8904427419991021 -0.042495963788349266 -0.45310684863817724 0 0 0 0 0 0
17.766708374023438 -4.952988147735596 2.907285213470459 0.26626611678298556 -0.7173473354164966 0.6438285139881287 0.8489170994106467 -0.14185220841627566 -0.5091342743281383 0 0 0 0 0 0
17.536514282226562 -6.131333351135254 1.956799864768982 0.45467521148855516 0.8360257481316704 -0.30713417347914657 -0.3138982960935145 -0.1722996419232508 -0.9336919690683367 0 0 0 0 0 0
17.868820190429688 -5.176148414611816 0.23071564733982086 0.5544615240523008 0.8021155212150576 0.22177265154093417 0.8315910064736353 -0.5442853248813023 -0.11049833967540705 0 0 0 0 0 0
18.11968994140625 -5.291194438934326 -0.10209427773952484 0.5725466252878455 0.47685039117080097 0.6669363285290083 0.795970662762438 -0.5182804577522684 -0.3127556092760362 0 0 0 0 0 0
18.41650390625 -5.249027252197266 -0.403539776802063 0.49640186812225834 -0.04903985449841856 0.8667065697198251 0.7862320921729986 -0.39784318303281474 -0.4728212124594114 0 0 0 0 0 0
18.758453369140625 -5.111198425292969 -0.5992203950881958 0.34694574762443076 -0.5936749095173791 0.7260707610246102 0.8036152208291842 -0.2109713750241284 -0.5565012630462669 0 0 0 0 0 0
19.13134765625 -4.949328899383545 -0.6672846078872681 0.17917583569680792 -0.9422788821035498 0.28285425265326136 0.8482804773982737 0.002343418788778587 -0.5295420097153173 0 0 0 0 0 0
19.518798828125 -4.819902420043945 -0.612686276435852 0.05970001978787502 -0.9558523915026451 -0.2877188094233699 0.9113230991619857 0.1698087911030627 -0.37504024237128236 0 0 0 0 0 0
19.902542114257812 -4.779331207275391 -0.4528390169143677 0.031585651795938516 -0.6449941253910888 -0.7635344948406785 0.9681959415995426 0.2094362609272263 -0.13686881046826624 0 0 0 0 0 0
20.37457275390625 -4.812918186187744 -0.3397146463394165 0.05889895868841261 -0.18794308672477647 -0.9804123157211888 0.9927527114756244 0.11408527972818824 0.0377703959091921 0 0 0 0 0 0
20.705062866210938 -4.867398738861084 -0.27811872959136963 0.1693722498780088 0.11459329698953569 -0.9788674155657289 0.9104335628855004 -0.39851831036042973 0.11087778803295989 0 0 0 0 0 0
20.923873901367188 -5.347026824951172 -0.09508286416530609 0.3074642026837066 0.5819122431561541 -0.7528903674062019 0.9440995212037482 -0.28543211422072157 0.16493817700684926 0 0 0 0 0 0
21.155792236328125 -5.730914115905762 -0.18299351632595062 0.45463481845802406 0.8360394994719603 -0.3071565352850454 0.8878310613428774 -0.45293190295295255 0.08129389769347577 0 0 0 0 0 0
21.381484985351562 -6.005554676055908 -0.43734514713287354 0.5545423866298713 0.8020637179531326 0.2217578268608447 0.8315417316782762 -0.5443282247501181 -0.1106577255227971 0 0 0 0 0 0
21.632400512695312 -6.120585918426514 -0.7701421976089478 0.5725149329329515 0.4768629198635174 0.6669545765852565 0.7959857816838114 -0.5182853994604816 -0.31270893825297125 0 0 0 0 0 0
21.929244995117188 -6.078442573547363 -1.0716110467910767 0.49628509965307294 -0.049030087789995416 0.8667739903536819 0.7862959183343425 -0.39784817559216895 -0.4727108608745262 0 0 0 0 0 0
22.271148681640625 -5.940621376037598 -1.2672678232192993 0.3469089378420431 -0.5936390507016323 0.7261176669985179 0.8036354590372335 -0.21101166114949965 -0.5564567618754794 0 0 0 0 0 0
22.17279052734375 -6.299471378326416 -2.510103702545166 0.4579118826029234 0.7918747070340807 -0.40404350772006614 -0.5217366748610427 -0.12861037390093474 -0.843356516444857 0 0 0 0 0 0
22.489715576171875 -5.56697416305542 -4.322542667388916 0.5632446306306144 0.8087688874881549 0.16925830170764164 0.8150805985100833 -0.5774487136019117 0.04686791111135347 0 0 0 0 0 0
22.735595703125 -5.756222248077393 -4.6021409034729 0.5712944383129938 0.5026244729839221 0.6488384266597311 0.7622547762633247 -0.6180190883207667 -0.19240598362555542 0 0 0 0 0 0
23.109725952148438 -5.9130988121032715 -4.8573408126831055 0.474400346582471 0.0597816535170517 0.8782769865282813 0.7639472506009791 -0.5236949490605443 -0.37699893717049004 0 0 0 0 0 0
23.382186889648438 -6.016479969024658 -5.051590442657471 0.42869858733625577 -0.25630171148473646 0.8663295873430005 0.889606633249739 -0.047452338186139136 -0.45425578001686756 0 0 0 0 0 0
23.704238891601562 -5.654958724975586 -5.337371349334717 0.2661907636396294 -0.7173379499658085 0.6438701289016303 0.8488569217712384 -0.14203853610760578 -0.5091826593880295 0 0 0 0 0 0
24.095260620117188 -5.42158842086792 -5.368931770324707 0.12367253962712893 -0.9725193477032773 0.1972592742685833 0.9059186590040449 0.02952200761220476 -0.422421394267452 0 0 0 0 0 0
25.137619018554688 -6.256654739379883 -5.779346466064453 -0.885623193351505 0.18373076360606283 0.42651443809397105 0.35218323607890134 0.8643687868264947 0.35893393345445485 0 0 0 0 0 0
22.8382568359375 -4.751025676727295 -4.904008388519287 0.24581914557337942 0.9646596634716511 0.09489299942743322 0.1541086987844069 -0.13554605812553014 0.9787123045541052 0 0 0 0 0 0
23.203094482421875 -4.823369979858398 -5.113687515258789 0.24577968444042103 0.9646700027178383 0.0948901078760744 0.1541295863371085 -0.13554044240013138 0.978709793089621 0 0 0 0 0 0
23.5455322265625 -4.846404075622559 -5.766639709472656 0.24581832533347958 0.9646600208998084 0.09489149070293253 0.15415254928380434 -0.13555472296295337 0.9787041987402226 0 0 0 0 0 0
23.129531860351562 -4.682653903961182 -6.353447914123535 0.2457033144043834 0.9646875837338265 0.09490915172148827 0.15410697232781637 -0.13553969197995655 0.9787134580549776 0 0 0 0 0 0
24.613800048828125 -4.389402389526367 -7.671895980834961 -0.8406813145418264 0.16344634034893604 0.5162753346875742 -0.17896403123927965 -0.9836524259648074 0.019994509649788408 0 0 0 0 0 0
23.933319091796875 -5.068230152130127 -8.052905082702637 -0.4547069687419149 -0.8359925424760087 0.30717754068622616 -0.878826802747252 0.47713503774753013 -0.0023678105299715178 0 0 0 0 0 0
23.410980224609375 -4.821124076843262 -8.147554397583008 -0.30731112991275317 -0.5819268217974951 0.7529415936873278 -0.8275340228716886 0.5540774189789951 0.09047460841238888 0 0 0 0 0 0
23.0086669921875 -4.8329243659973145 -8.231736183166504 -0.16548183992624282 -0.11605281869885023 0.9793607629094996 -0.9077152918913464 0.406172900712063 -0.105245064462694 0 0 0 0 0 0
22.579681396484375 -4.539183616638184 -8.30755615234375 -0.06282808809224867 0.18662340655224693 0.9804204891134759 -0.95136393549509 0.28566219972389595 -0.11534196932686415 0 0 0 0 0 0
22.276702880859375 -4.926491737365723 -8.449647903442383 -0.03162386284276315 0.6450073541992121 0.7635217379536973 -0.993700238261914 0.061883842598527014 -0.09343568110446981 0 0 0 0 0 0
21.861419677734375 -5.1683454513549805 -8.328385353088379 -0.05981433751127726 0.9558432700420488 0.287725369307974 -0.9959319258468831 -0.037684638971480604 -0.08185027223233839 0 0 0 0 0 0
21.538482666015625 -5.268144607543945 -8.085424423217773 -0.17913810784128523 0.9422822782321182 -0.2828668351870422 -0.9833859746093248 -0.1629195838510828 0.08005769256891342 0 0 0 0 0 0
21.25140380859375 -5.252020835876465 -7.790399551391602 -0.3468323875440638 0.593694640451109 -0.7261087858235242 -0.9371397776451093 -0.18764138523969198 0.2942103800014621 0 0 0 0 0 0
20.993362426757812 -5.111802101135254 -7.499939441680908 -0.4963705327935165 0.048999996109227784 -0.8667267704159 -0.8670734161286383 -0.07677785813006698 0.49222845462648024 0 0 0 0 0 0
20.753463745117188 -4.851011276245117 -7.275852680206299 -0.5726206756308065 -0.47681514456380425 -0.666897953029335 -0.7994661188299808 0.1446319813150185 0.5830398912800214 0 0 0 0 0 0
20.508712768554688 -4.511363983154297 -7.188364028930664 -0.5544689076632977 -0.802111897582567 -0.2217672973888694 -0.7641362158638713 0.3851542573349423 0.5174476221435484 0 0 0 0 0 0
20.22979736328125 -4.18867301940918 -7.271420001983643 -0.4546739622964733 -0.8360127223618595 0.3071714766359947 -0.7760142373742862 0.5411058822345856 0.3240467984775285 0 0 0 0 0 0
19.89837646484375 -3.9917778968811035 -7.479525566101074 -0.30735205673505317 -0.5819118195926246 0.7529364830044653 -0.8275020892368105 0.5541259093693737 0.09046971246930377 0 0 0 0 0 0
19.497848510742188 -4.009288311004639 -7.544686794281006 -0.16944876741449844 -0.11466258964522559 0.9788460582530624 -0.9094444431162269 0.4008815995379989 -0.11047510143408604 0 0 0 0 0 0
19.067916870117188 -3.7059082984924316 -7.6381754875183105 -0.0588226502602739 0.18799310850448267 0.9804073066696206 -0.9445816358558493 0.3072534918430055 -0.11558903474883786 0 0 0 0 0 0
18.888046264648438 -3.526336193084717 -8.595208168029785 -0.5712876543782262 -0.5026113519428094 -0.6488545637145859 0.5099983814556471 0.4020255996895635 -0.7604453090833472 0 0 0 0 0 0
18.074966430664062 -3.329364776611328 -10.44369125366211 -0.5632102244258603 -0.8087873729208821 -0.16928446032022543 -0.7834998146639063 0.4576128119895465 0.42037906075903025 0 0 0 0 0 0
17.764892578125 -3.0800867080688477 -10.566241264343262 -0.4579121868761595 -0.791871656972019 0.404049140569167 -0.7751265187420244 0.5781908144092286 0.25470426395265405 0 0 0 0 0 0
17.416473388671875 -2.9461913108825684 -10.74041748046875 -0.2922434973117798 -0.44272949118556887 0.8476935389122339 -0.8007200630011001 0.5979414567448139 0.036240792118883716 0 0 0 0 0 0
17.040054321289062 -2.936570167541504 -10.910185813903809 -0.13210301174590636 0.09936932166928526 0.9862426335332736 -0.859369085777002 0.48437340742540896 -0.16391210019366637 0 0 0 0 0 0
16.64959716796875 -3.048511028289795 -11.014392852783203 -0.03753666658817163 0.6209500209321877 0.7829508734050716 -0.9304538670689457 0.2640556021542152 -0.2540280303970793 0 0 0 0 0 0
16.268798828125 -3.2404918670654297 -10.982892036437988 -0.03704070262783431 0.9417686857982513 0.33421509361288704 -0.9823277242495866 0.027087387225700036 -0.1851985842924102 0 0 0 0 0 0
15.926193237304688 -3.4164085388183594 -10.781632423400879 -0.12348174195264376 0.9725462718080718 -0.19724606104194028 -0.9922667710614063 -0.12353312109143848 0.012092271944466796 0 0 0 0 0 0
15.637908935546875 -3.466994285583496 -10.455698013305664 -0.26622699008345013 0.7173554244590342 -0.6438356814827096 -0.959339210307202 -0.13221728348248793 0.24937295265458434 0 0 0 0 0 0
15.337677001953125 -3.2893571853637695 -10.237914085388184 -0.4286998841324435 0.25631083151935474 -0.8663262474326208 -0.8938158599193764 0.019316239765165843 0.4480179588341527 0 0 0 0 0 0
14.87725830078125 -3.3746724128723145 -9.99714183807373 -0.47450843271390836 -0.059779660682390975 -0.878218730984536 -0.8746305974948295 0.14458208768696926 0.4627281468053518 0 0 0 0 0 0
14.84320068359375 -2.907862663269043 -9.791500091552734 -0.5712558513683407 -0.5026443519411602 -0.64885700099412 -0.8205845099952999 0.3666581234047897 0.43840949179625643 0 0 0 0 0 0
14.560226440429688 -2.5011253356933594 -9.779974937438965 -0.5632745268392438 -0.8087403512946 -0.1692951611887149 -0.7834874261050018 0.4577033170090229 0.4203036125639384 0 0 0 0 0 0
14.250152587890625 -2.251871109008789 -9.902543067932129 -0.45799330975819014 -0.7918335157781811 0.40403194367166506 -0.7751446080811717 0.5782297716951862 0.2545607347727051 0 0 0 0 0 0
13.9017333984375 -2.117950916290283 -10.076700210571289 -0.2923199924515382 -0.44279655322720224 0.8476321339255858 -0.800709329844449 0.597956482673164 0.036230014203577555 0 0 0 0 0 0
13.525283813476562 -2.10835599899292 -10.246491432189941 -0.13210266743277746 0.09939528865757247 0.9862400629916749 -0.8593845630835801 0.48434195864900714 -0.16392388424414442 0 0 0 0 0 0
13.13482666015625 -2.220266342163086 -10.350691795349121 -0.037574715019836016 0.6209352787061283 0.7829607400434079 -0.9304326220872567 0.26407840395720533 -0.2540821369542681 0 0 0 0 0 0
12.754043579101562 -2.4122562408447266 -10.319181442260742 -0.037002562312557975 0.9417617024760627 0.3342389955281896 -0.9823308339152467 0.02712418365018849 -0.1851767031801973 0 0 0 0 0 0
12.411407470703125 -2.588198184967041 -10.117947578430176 -0.12351986079686973 0.9725472424493498 -0.1972174059075098 -0.9922625100343261 -0.12356326042319188 0.01213391338231396 0 0 0 0 0 0
12.123153686523438 -2.638772487640381 -9.791987419128418 -0.26618968990286795 0.7173481694589259 -0.6438591870613813 -0.9593575305696506 -0.1322427615533638 0.24928894992767417 0 0 0 0 0 0
11.820343017578125 -2.4551644325256348 -9.59305477142334 -0.4323523088981997 0.25668891808590427 -0.8643970617270071 -0.8911891587925864 0.02433246281729063 0.45297882346066426 0 0 0 0 0 0
11.3641357421875 -2.549342155456543 -9.331050872802734 -0.4717302261818842 -0.06269518249473773 -0.879511175482347 -0.8781814398737695 0.1229675512792885 0.4622513818190365 0 0 0 0 0 0
11.332687377929688 -2.0775094032287598 -9.124340057373047 -0.5712119297556091 -0.5026750335575341 -0.6488718994861815 -0.8206523355600507 0.3648836430091046 0.4397609250538736 0 0 0 0 0 0
11.047531127929688 -1.6717238426208496 -9.111910820007324 -0.563273327010935 -0.8087517415091906 -0.1692447331052978 -0.7834772083807288 0.4577130261099935 0.42031208604699044 0 0 0 0 0 0
10.73748779296875 -1.4224600791931152 -9.234480857849121 -0.4579902658229829 -0.791834213494268 0.4040340267246158 -0.7751667640762882 0.5782184556920943 0.2545189685829841 0 0 0 0 0 0
10.3890380859375 -1.2885422706604004 -9.408641815185547 -0.29231960889110087 -0.4427852434101973 0.8476381742677275 -0.8007060617406445 0.5979611208788007 0.03622568990586387 0 0 0 0 0 0
10.012619018554688 -1.2789502143859863 -9.578429222106934 -0.13210308762081882 0.09938726015307271 0.9862408158053041 -0.8593658921133789 0.4843760230817468 -0.16392111436812398 0 0 0 0 0 0
9.622161865234375 -1.3908610343933105 -9.682636260986328 -0.03757478150227966 0.6209184959518843 0.7829740463003265 -0.9304518378367566 0.2640448981294472 -0.2540465887155583 0 0 0 0 0 0
9.241378784179688 -1.582845687866211 -9.651122093200684 -0.037002527446392555 0.9417584309048761 0.3342482173208478 -0.9823306153321051 0.027126430817081288 -0.18517753355192393 0 0 0 0 0 0
8.89874267578125 -1.7587924003601074 -9.449878692626953 -0.12352031745688843 0.9725460696245597 -0.19722290341938056 -0.9922630261992355 -0.12355463227001702 0.012179477926261471 0 0 0 0 0 0
8.610504150390625 -1.8093657493591309 -9.12392520904541 -0.26626380443645165 0.7173339532236116 -0.643844380265614 -0.9593212812467067 -0.13218221964574775 0.2494604981889928 0 0 0 0 0 0
8.31024169921875 -1.6317243576049805 -8.906152725219727 -0.4286569115023617 0.2563270197838956 -0.8663427215311286 -0.8938374143001133 0.019312771743301652 0.44797510382261096 0 0 0 0 0 0
7.852813720703125 -1.7161521911621094 -8.661713600158691 -0.47443708807249296 -0.05979101317983627 -0.8782565025117788 -0.8746053404848164 0.1452112435601069 0.4625788507261933 0 0 0 0 0 0
7.9274444580078125 -1.8745660781860352 -7.686503887176514 -0.03162384299461682 0.645009333557988 0.7635200666500731 0.4925905849152626 -0.6546299962112415 0.5734231279895411 0 0 0 0 0 0
7.8085784912109375 -1.8519067764282227 -5.660481929779053 -0.059661804002500034 0.9558512891206961 0.2877303985147743 -0.9959337945365628 -0.03750742771258721 -0.08190891139789876 0 0 0 0 0 0
7.4856414794921875 -1.9517292976379395 -5.417522430419922 -0.1791767615923297 0.9422789829697114 -0.28285333011801705 -0.983384388708453 -0.16301204124059818 0.0798887880436042 0 0 0 0 0 0
7.1986083984375 -1.9355826377868652 -5.122509956359863 -0.3469091569794934 0.5936441940746511 -0.7261133572970787 -0.9371063009897593 -0.18757289596241036 0.2943606450352449 0 0 0 0 0 0
6.9405364990234375 -1.7953715324401855 -4.8320512771606445 -0.4963682783789149 0.04900811820923851 -0.8667276022884822 -0.8670743526412481 -0.07679053991839427 0.4922248266501826 0 0 0 0 0 0
6.700531005859375 -1.534595012664795 -4.60794734954834 -0.5725518259731891 -0.47686068311162716 -0.6669245050806569 -0.7994887899077582 0.14449266461186125 0.5830433471751416 0 0 0 0 0 0
6.455902099609375 -1.194943904876709 -4.520498275756836 -0.5545088056208133 -0.8020893960225594 -0.22174892395938445 -0.7641471707401578 0.38524581697772253 0.5173632785103512 0 0 0 0 0 0
6.1769561767578125 -0.8722481727600098 -4.603539943695068 -0.45463900298072696 -0.8360305050721799 0.3071748224666964 -0.7760146370468872 0.5410793577321428 0.32409012901530976 0 0 0 0 0 0
5.845550537109375 -0.6753544807434082 -4.81165075302124 -0.3073505274412369 -0.5818850822833272 0.7529577705938886 -0.8275213481470686 0.5541044884986847 0.09042474322036792 0 0 0 0 0 0
5.44500732421875 -0.6928715705871582 -4.876816272735596 -0.1694114215835707 -0.1146273689328827 0.9788566475886847 -0.9094539030415792 0.4008650694230986 -0.11045720600690694 0 0 0 0 0 0
5.0150909423828125 -0.38950589299201965 -4.970292568206787 -0.05886084608231949 0.1880266431236246 0.9803985833701181 -0.9445480517746729 0.3073335196233875 -0.11565070516244666 0 0 0 0 0 0
4.7128753662109375 -0.7825284004211426 -5.113525867462158 -0.03166197311012871 0.6450530975008187 0.7634815131117274 -0.9934879669849302 0.0633354588131241 -0.09471155744195818 0 0 0 0 0 0
4.2958984375 -1.022519588470459 -4.99242639541626 -0.05970001909783823 0.9558488041754202 0.2877307270281314 -0.9959371205383484 -0.037568070613137036 -0.08184065007189285 0 0 0 0 0 0
3.9729461669921875 -1.1223301887512207 -4.749465465545654 -0.17913828905835277 0.9422832314499082 -0.28286354505585287 -0.983391251494608 -0.16297310911375473 0.079883741710468 0 0 0 0 0 0
3.6859130859375 -1.1062026023864746 -4.454452037811279 -0.3468704468473997 0.5936813773546774 -0.7261014497204493 -0.9371223978578005 -0.187596209461684 0.2942945355062754 0 0 0 0 0 0
3.4149169921875 -0.9622244834899902 -4.169800281524658 -0.4963667688089855 0.049006777075337654 -0.8667285426376677 -0.8674248296812156 -0.0677424357643898 0.4929352160773482 0 0 0 0 0 0
3.4563446044921875 -0.829627513885498 -3.3380014896392822 -0.03761294231021543 0.6209068031834732 0.7829814865826958 0.8527045722350388 -0.388598381627951 0.34912205642954874 0 0 0 0 0 0
3.29052734375 -0.875037670135498 -1.4097949266433716 -0.03700252336737409 0.9417618288580787 0.3342386437417638 -0.9823137918439391 0.027155281675687464 -0.1852625300223884 0 0 0 0 0 0
2.94793701171875 -1.050957202911377 -1.2085415124893188 -0.12355801950449484 0.9725377981652805 -0.1972400744168262 -0.9922593640261035 -0.12357506003735784 0.012270250171707223 0 0 0 0 0 0
2.6596527099609375 -1.1015467643737793 -0.8826066255569458 -0.2662275731663704 0.7173271932851474 -0.6438668938993505 -0.9593390424166826 -0.13220677177743448 0.24937917152647682 0 0 0 0 0 0
2.3568115234375 -0.9179587364196777 -0.6836611032485962 -0.4322825256549384 0.2567345069690648 -0.8644184235338455 -0.8912391116679079 0.024214334094362012 0.4528868643025156 0 0 0 0 0 0
1.9006500244140625 -1.012132167816162 -0.4216548204421997 -0.4717660307334255 -0.06268771855580353 -0.8794925026333636 -0.8781555553266246 0.1230519795684128 0.4622780883551403 0 0 0 0 0 0
1.8691864013671875 -0.5403075218200684 -0.21495066583156586 -0.5712454193747423 -0.5026268283270608 -0.6488797595003671 -0.8206275099283388 0.3649569487954868 0.43974642178726475 0 0 0 0 0 0
1.5839996337890625 -0.1345086395740509 -0.20253048837184906 -0.5632742325761958 -0.8087530417260598 -0.1692355057738893 -0.7834749528590187 0.45771624605069294 0.4203127839405079 0 0 0 0 0 0
1.273956298828125 0.11472460627555847 -0.32508385181427 -0.45799263222663067 -0.7918311522876277 0.40403734368616195 -0.7751692399817556 0.57821993883701 0.25450805825637884 0 0 0 0 0 0
0.9255218505859375 0.24866244196891785 -0.4992409944534302 -0.2923183652713746 -0.4427928963438783 0.8476346054005055 -0.8007366245670544 0.5979216723229991 0.03620126853341193 0 0 0 0 0 0
0.549072265625 0.25827357172966003 -0.6690469980239868 -0.13206489577625274 0.09934669522856504 0.9862500177190214 -0.8593228239929505 0.48446969962824793 -0.1638700531118978 0 0 0 0 0 0
0.1586456298828125 0.1463312804698944 -0.7732430696487427 -0.03761294963999206 0.6209426870016995 0.7829530289094544 -0.9304822596576713 0.2639503581729395 -0.25403340898931204 0 0 0 0 0 0
-0.2221527099609375 -0.045644309371709824 -0.741742730140686 -0.037002598800006566 0.9417590455321386 0.33424647767843557 -0.9823224288655803 0.02714097348414763 -0.18521882546318047 0 0 0 0 0 0
-0.56475830078125 -0.22157910466194153 -0.540479302406311 -0.12355819381373233 0.9725391701711019 -0.19723320010686002 -0.9922593485537192 -0.12357521877019763 0.01226990275621282 0 0 0 0 0 0
-0.85302734375 -0.27216389775276184 -0.21454964578151703 -0.2662273322699762 0.7173384721070328 -0.6438544276368374 -0.9593348241146235 -0.13217969125635587 0.2494097521355956 0 0 0 0 0 0
-1.153289794921875 -0.09454205632209778 0.0032476321794092655 -0.4286245179755918 0.2563578859359728 -0.8663496158645367 -0.8938628964942176 0.01923264695903278 0.4479277034990325 0 0 0 0 0 0
-1.610687255859375 -0.17893174290657043 0.24766959249973297 -0.4744358025671606 -0.05983615088560359 -0.8782541228423862 -0.8746017655606786 0.14527705423831574 0.46256494591568564 0 0 0 0 0 0
-1.5360565185546875 -0.33733895421028137 1.2228821516036987 -0.03170011557939006 0.6450005541545676 0.7635243203805324 0.49256010902685926 -0.6546244372582971 0.5734556522868238 0 0 0 0 0 0
-1.65496826171875 -0.3147006332874298 3.2489256858825684 -0.0596619142786289 0.9558590163415436 0.28770470427712225 -0.995930779074241 -0.03749674860639313 -0.0819504553771637 0 0 0 0 0 0
-1.977874755859375 -0.4145102798938751 3.49186372756958 -0.1792143272803609 0.9422842801562108 -0.2828118814122554 -0.9833751439689064 -0.1630272706055933 0.07997146530496607 0 0 0 0 0 0
-2.2649078369140625 -0.39836743474006653 3.786879062652588 -0.3468701669793271 0.5936355988536215 -0.7261390108191655 -0.9371241264372888 -0.18761049936271898 0.29427992146597354 0 0 0 0 0 0
-2.522979736328125 -0.2581649124622345 4.077332019805908 -0.4964060145870645 0.04897589118404422 -0.8667078116438756 -0.867054592210469 -0.07673298949628908 0.4922686080278731 0 0 0 0 0 0
-2.7629852294921875 0.002629730384796858 4.301446437835693 -0.5725450571427843 -0.47686816666790743 -0.6669249651648638 -0.7994939128582768 0.1444954150146833 0.5830356407135819 0 0 0 0 0 0
-3.0076141357421875 0.34227892756462097 4.388889789581299 -0.5545031365744334 -0.802088339052523 -0.22176692243226945 -0.764146595777033 0.3852242399995954 0.5173801939377908 0 0 0 0 0 0
-3.2865753173828125 0.6649575233459473 4.305845737457275 -0.45460114796644946 -0.8360549590752334 0.3071642910126373 -0.7760164148190968 0.5410448682738411 0.32414344732827427 0 0 0 0 0 0
-3.6179656982421875 0.8618569374084473 4.0977463722229 -0.307347817801268 -0.5819228673304107 0.7529296749170881 -0.8275671675064112 0.5540414785640857 0.09039150013102569 0 0 0 0 0 0
-4.0185089111328125 0.8443398475646973 4.032576084136963 -0.1694489096933576 -0.11469606453481475 0.9788421117749061 -0.9094440007038257 0.4008863978862871 -0.11046133067086263 0 0 0 0 0 0
-4.448455810546875 1.147754192352295 3.939100742340088 -0.05882272831456272 0.18795521092535009 0.980414568088234 -0.9445212627555774 0.3074322678133202 -0.1156070279428058 0 0 0 0 0 0
-4.7506561279296875 0.7547097206115723 3.795854091644287 -0.03158568393477624 0.6449649793680404 0.7635591135983876 -0.9934722324734052 0.06352159823076214 -0.09475193856865356 0 0 0 0 0 0
-5.1676177978515625 0.5146946907043457 3.916985034942627 -0.05969992798875806 0.9558711872647309 0.2876563782627651 -0.9959340994528042 -0.03756127327761457 -0.08188052452748756 0 0 0 0 0 0
-5.490570068359375 0.41489073634147644 4.159916400909424 -0.17921504011462783 0.9422737881738621 -0.282846385017012 -0.9833749713895723 -0.1630245936349294 0.07997904422237243 0 0 0 0 0 0
-5.7777099609375 0.43102118372917175 4.45496129989624 -0.3467583511393533 0.593711693334496 -0.7261302025897299 -0.9371736810761326 -0.18772815820036132 0.29404698624014397 0 0 0 0 0 0
-6.03564453125 0.5712285041809082 4.745394229888916 -0.4963036093052629 0.04905099036432155 -0.8667622094524244 -0.8671082444169543 -0.07688127530281558 0.4921509544560084 0 0 0 0 0 0
-5.9937591552734375 0.7016987800598145 5.574714183807373 -0.037574803312736306 0.6209570033753518 0.7829435063368956 0.8526189982117665 -0.38870999864335676 0.3492067880827138 0 0 0 0 0 0
-6.159637451171875 0.6563076972961426 7.502925395965576 -0.03692632307674151 0.9417738265687959 0.33421326462903855 -0.98231895138895 0.027216332375755558 -0.18522621033246425 0 0 0 0 0 0
-6.502105712890625 0.48038050532341003 7.704174518585205 -0.12351966552987707 0.9725386269548775 -0.1972600093990395 -0.9922630919058115 -0.12355377191288715 0.012182852195503585 0 0 0 0 0 0
-6.7904052734375 0.4297623336315155 8.0300931930542 -0.2662677550558001 0.7173613604030402 -0.643812209590843 -0.959315480351335 -0.13216172075521407 0.24949366469974443 0 0 0 0 0 0
-7.0906982421875 0.6074175834655762 8.247908592224121 -0.4286217307079817 0.2563776696916757 -0.8663451404886857 -0.893865389031778 0.019214690496390355 0.44792350012049653 0 0 0 0 0 0
-7.551177978515625 0.5220913887023926 8.488677978515625 -0.47446903851507427 -0.05977600177283021 -0.8782402638814937 -0.8746515983240546 0.1445777196446001 0.46268981459671665 0 0 0 0 0 0
-7.585235595703125 0.988924503326416 8.694342613220215 -0.5712873172373296 -0.5025752926530789 -0.6488827909402799 -0.8205629870857037 0.3666231252328281 0.4384790397151283 0 0 0 0 0 0
-7.86810302734375 1.3956551551818848 8.70578670501709 -0.5632164878401101 -0.8087915988832027 -0.16924342646319757 -0.7834894688103494 0.45763063738284415 0.42037893856834524 0 0 0 0 0 0
-8.178192138671875 1.644930362701416 8.583270072937012 -0.45798551926711645 -0.7918403119150299 0.4040274552155309 -0.7751574545654578 0.5782174688987304 0.2545495615630602 0 0 0 0 0 0
-8.526641845703125 1.7788138389587402 8.409104347229004 -0.292356038636888 -0.44277072190902583 0.8476331957236614 -0.800729626683669 0.5979336164697711 0.036158750620186246 0 0 0 0 0 0
-8.9031982421875 1.7884736061096191 8.239310264587402 -0.13198878134982642 0.09936351971704056 0.986258512027769 -0.8593386026704005 0.48446139124535476 -0.16381186267514075 0 0 0 0 0 0
-9.29364013671875 1.6765170097351074 8.135136604309082 -0.037460390468823754 0.6209932333682053 0.7829202534465596 -0.9304449797054167 0.2641096829563322 -0.25400436041472274 0 0 0 0 0 0
-9.67425537109375 1.4845166206359863 8.16662311553955 -0.037078798486304985 0.9417614272945225 0.33423132223505897 -0.9823418486155867 0.027027031044191168 -0.18513247162896196 0 0 0 0 0 0
-10.01702880859375 1.3086209297180176 8.367863655090332 -0.12359641853431169 0.972535013200831 -0.19722974781698302 -0.9922545087350385 -0.1236139774776959 0.012270878824736044 0 0 0 0 0 0
-10.305267333984375 1.258028507232666 8.693819999694824 -0.2662655792986293 0.7173315822811416 -0.6438462878224888 -0.9593160668291524 -0.13214831110931569 0.24949851260959613 0 0 0 0 0 0
-10.6080322265625 1.4416098594665527 8.89273738861084 -0.4322851146320795 0.25674081298557655 -0.864415255889804 -0.8912373389459888 0.024213961717634482 0.4528903727464409 0 0 0 0 0 0
-11.0643310546875 1.3474574089050293 9.154781341552734 -0.471737718151682 -0.0627438631675545 -0.879503685556721 -0.8781892193474974 0.12284643219001697 0.462268806129093 0 0 0 0 0 0
-10.987457275390625 1.19181489944458 10.131155967712402 -0.03166200591610786 0.6450394607377309 0.7634930330216154 0.4923481344497906 -0.6547042492046113 0.5735465635650142 0 0 0 0 0 0
-11.107147216796875 1.2154736518859863 12.157210350036621 -0.059662039902996254 0.9558085767611805 0.2878722035632822 -0.9959307796343037 -0.037482541703937985 -0.08195694750551007 0 0 0 0 0 0
-11.430084228515625 1.1156611442565918 12.400206565856934 -0.17913734209706347 0.9422734820006577 -0.2828966203134205 -0.9833940750475418 -0.1629960247516674 0.07980218716641475 0 0 0 0 0 0
-11.717071533203125 1.131788730621338 12.695223808288574 -0.34698454177494237 0.5936593277087379 -0.7260649629293804 -0.9370737054900059 -0.18753793048879935 0.29448666371706583 0 0 0 0 0 0
-11.97528076171875 1.2720189094543457 12.98566722869873 -0.496364320530272 0.04900176702206944 -0.8667302280024831 -0.8670796919079902 -0.07671432539841887 0.49222730537771936 0 0 0 0 0 0
-12.215118408203125 1.5327973365783691 13.209773063659668 -0.5725995884959694 -0.47682935085978473 -0.6669059014680279 -0.7994628543726018 0.1445407889875465 0.5830669813985953 0 0 0 0 0 0
-12.4598388671875 1.8724455833435059 13.29723072052002 -0.5545162804787084 -0.8021002083021727 -0.22169111512568476 -0.7641416943012017 0.3852876133531933 0.5173402420333152 0 0 0 0 0 0
-13.595916748046875 1.679750919342041 14.105881690979004 0.8600653013806284 -0.17196251532250512 -0.4803296479346307 0.21821801706567415 0.9750098924826758 0.0416726119753284 0 0 0 0 0 0
-9.912872314453125 1.913597583770752 12.185044288635254 0.24581949303274894 0.9646574507100444 0.09491459126351777 0.1541205321132434 -0.13557082554379074 0.978707010725123 0 0 0 0 0 0
-10.277587890625 1.985929012298584 12.394707679748535 0.24589307537718083 0.9646444283565802 0.09485632462919365 0.15406225673361656 -0.13551214249915938 0.9787243127078397 0 0 0 0 0 0
-10.620025634765625 2.0089621543884277 13.04761791229248 0.24574317425746192 0.9646764272451169 0.09491935010029953 0.1541234964969952 -0.13556162830733764 0.9787078178691556 0 0 0 0 0 0
-10.2041015625 1.8452458381652832 13.634474754333496 0.24574635198062883 0.9646722120054553 0.09495395659326028 0.15421383143083536 -0.13561867224789 0.9786856849536226 0 0 0 0 0 0
-12.27093505859375 2.673248767852783 16.141155242919922 0.8248115713480993 -0.15674309480834941 -0.5432471573788306 -0.5151453812814879 -0.6043500264267468 -0.6077715703307791 0 0 0 0 0 0
-12.202911376953125 1.946382999420166 16.004907608032227 0.03707878770890402 -0.9417563851975634 -0.33424553017453584 0.9968489767691934 0.011386399680363547 0.07850138480645634 0 0 0 0 0 0
-11.616424560546875 1.8870749473571777 16.134889602661133 0.03753666658817163 -0.6209500209321877 -0.7829508734050716 0.9950562607527855 0.09531653633180567 -0.027888991347700096 0 0 0 0 0 0
-11.282928466796875 1.69606351852417 16.31645393371582 0.13206414957489826 -0.09935567058843758 -0.9862492134947336 0.9906309940222708 -0.02167639182573451 0.13483459392850608 0 0 0 0 0 0
-10.990020751953125 1.4083466529846191 16.391374588012695 0.29243588947813287 0.44271650343575153 -0.8476339706092222 0.9533849974908507 -0.20395368815355286 0.22239590744421117 0 0 0 0 0 0
-10.72607421875 1.0961213111877441 16.338380813598633 0.4580672096229526 0.791761428025516 -0.4040894363371033 0.8888711482167683 -0.4126258077518591 0.19911811731967083 0 0 0 0 0 0
-10.4788818359375 0.8168244361877441 16.163076400756836 0.563348038145611 0.8087232444104578 0.1691322023380351 0.8150554409915525 -0.5775055576751489 0.04660428053710582 0 0 0 0 0 0
-10.23297119140625 0.6275620460510254 15.883448600769043 0.5712019394983254 0.5027318058481134 0.6488367095826548 0.7623144302536207 -0.6179868748833448 -0.1922730659739294 0 0 0 0 0 0
-9.8653564453125 0.46295401453971863 15.610695838928223 0.4718064257829503 0.06265940671491811 0.8794728508260228 0.7630788364718043 -0.5287281716128167 -0.3716950495659113 0 0 0 0 0 0
-9.588409423828125 0.37398096919059753 15.433491706848145 0.4322841699087057 -0.25669256788878225 0.8644300561855796 0.8908668300499853 -0.026829166722432986 -0.45347159440219703 0 0 0 0 0 0
-9.26263427734375 0.724982738494873 15.146910667419434 0.2661849887691898 -0.7173558402218341 0.6438525842563442 0.8510991523609109 -0.13866541815678973 -0.5063616638904862 0 0 0 0 0 0
-8.873260498046875 0.9622406959533691 15.116698265075684 0.12359540430297984 -0.972546105950288 0.19717567759770524 0.905874810693873 0.02946014390993522 -0.4225197359546011 0 0 0 0 0 0
-8.478118896484375 1.0902724266052246 15.252934455871582 0.03700252887890278 -0.9417787329242439 -0.3341910098553996 0.9654457860875135 0.12001750337299406 -0.2313227896467971 0 0 0 0 0 0
-8.10369873046875 1.0576720237731934 15.466883659362793 0.037612959005521106 -0.6208522424488918 -0.7830247495201105 0.9950603304647763 0.09530851496556339 -0.02777095083696763 0 0 0 0 0 0
-7.77020263671875 0.8666691780090332 15.648354530334473 0.1320641518378538 -0.09933183055351862 -0.9862516145681259 0.9906247192379033 -0.02185868794831472 0.13485126397629144 0 0 0 0 0 0
-7.477294921875 0.5789341926574707 15.723322868347168 0.2923596275142718 0.44282145695362024 -0.8476054538882989 0.9534210551675052 -0.2037927245701424 0.22238888680768049 0 0 0 0 0 0
-7.21331787109375 0.2667069137096405 15.670289039611816 0.4579219519306509 0.7919005393523157 -0.4039814620914356 0.8889483700438607 -0.4124121828515157 0.19921593016626762 0 0 0 0 0 0
-6.966156005859375 -0.01257565338164568 15.495013236999512 0.5633606994475632 0.8087056503781277 0.16917415099370808 0.8150362893505937 -0.577529069814744 0.0466478355396275 0 0 0 0 0 0
-6.720245361328125 -0.20181992650032043 15.215415000915527 0.5712263844097922 0.502665111422515 0.6488668611608294 0.7622813811159596 -0.6180183632928096 -0.1923028825494357 0 0 0 0 0 0
-6.346160888671875 -0.358674556016922 14.960259437561035 0.47445743629558323 0.059798306686996594 0.8782450134564901 0.7639399188039082 -0.5236687262637604 -0.37705021627253965 0 0 0 0 0 0
-6.07147216796875 -0.46101048588752747 14.770302772521973 0.4286224704211707 -0.25633512198741515 0.8663573645359919 0.8904493089118991 -0.04244110734503024 -0.4530990848210234 0 0 0 0 0 0
-5.7496337890625 -0.09933426976203918 14.484526634216309 0.2663017920660613 -0.7173287564684501 0.6438344590699003 0.8489184731998642 -0.1418226958277314 -0.5091402054524535 0 0 0 0 0 0
-5.3583526611328125 0.1339716613292694 14.452958106994629 0.12351969451522468 -0.9725507015762318 0.19720045114158555 0.9058718281311637 0.029375857372948143 -0.422531998790515 0 0 0 0 0 0
-4.9632720947265625 0.2620205581188202 14.589232444763184 0.0369644448030143 -0.9417851028749411 -0.334177273050161 0.9654849360468515 0.11993331611162822 -0.23120302323515463 0 0 0 0 0 0
-4.589080810546875 0.22946211695671082 14.803202629089355 0.03765109367086653 -0.6209164025280431 -0.7829720405078464 0.9950582662328696 0.09533517327591925 -0.027753405882632944 0 0 0 0 0 0
-4.2553253173828125 0.03846690431237221 14.984711647033691 0.1321024952240404 -0.09940827351637542 -0.9862387773313701 0.9906182581857269 -0.02188286491841237 0.13489479890655173 0 0 0 0 0 0
-3.9624481201171875 -0.24931004643440247 15.059660911560059 0.2922813353356857 0.442756441365251 -0.8476664170792468 0.9534479889313681 -0.20370046178989462 0.2223579417725253 0 0 0 0 0 0
-3.698699951171875 -0.5614914894104004 15.006638526916504 0.45792339949025024 0.7918528249718565 -0.40407333960975833 0.8889480183662885 -0.41237016914802405 0.19930445112811446 0 0 0 0 0 0
-3.451446533203125 -0.8407702445983887 14.831326484680176 0.5632742092850666 0.8087625449601231 0.16919016231420772 0.8150789468591907 -0.5774585610238627 0.0467752144534104 0 0 0 0 0 0
-3.20556640625 -1.0300097465515137 14.55172061920166 0.571255969455745 0.5026194216732242 0.6488762087779538 0.7622705795887482 -0.6180088557444426 -0.19237623999568876 0 0 0 0 0 0
-2.8378143310546875 -1.1947245597839355 14.278878211975098 0.4717260579046276 0.06270178107731786 0.8795129407481689 0.7630645969739834 -0.5288384278845271 -0.37156740712494457 0 0 0 0 0 0
-2.5609130859375 -1.2836213111877441 14.101822853088379 0.432391000090966 -0.2567405008590415 0.8643623882718305 0.8908670575584734 -0.026414094101978584 -0.4534955141893684 0 0 0 0 0 0
-2.2352142333984375 -0.9325919151306152 13.81517505645752 0.26619121178701033 -0.7173057788389972 0.6439057838003498 0.8510362649188026 -0.13879228157034104 -0.5064326000264527 0 0 0 0 0 0
-2.467132568359375 -2.107083797454834 12.8660306930542 0.4545657869979534 0.8360480881950495 -0.30723531619319755 -0.3141335817123056 -0.17229255104432756 -0.9336141439027347 0 0 0 0 0 0
-2.134857177734375 -1.151914119720459 11.139922142028809 0.5545024088294103 0.8020968323921399 0.22173802125228084 0.8315686476012001 -0.5442911553369093 -0.11063779891485336 0 0 0 0 0 0
-1.88397216796875 -1.2669482231140137 10.807127952575684 0.5725435111127226 0.4768191874936615 0.6669613109623379 0.7959818333412326 -0.5182307420029328 -0.3128095571331224 0 0 0 0 0 0
-1.587158203125 -1.2247834205627441 10.505681037902832 0.49641201608116575 -0.04906708335390759 0.8666992163498091 0.7862560865273384 -0.3977548030793214 -0.47285566828160663 0 0 0 0 0 0
-1.2451934814453125 -1.0869536399841309 10.30998706817627 0.3468352006566035 -0.5937149531697331 0.7260908331387714 0.8035198562607725 -0.2112298111391237 -0.5565409306428396 0 0 0 0 0 0
-0.8723297119140625 -0.925086498260498 10.241938591003418 0.17913839135033502 -0.9423028430232234 0.28279814139199105 0.8482732466289914 0.002336323423418604 -0.5295536239573588 0 0 0 0 0 0
-0.4848480224609375 -0.7956690788269043 10.296547889709473 0.05970000160695969 -0.9558294506484253 -0.28779501573387 0.9113020721377757 0.16985105795731256 -0.3750721949547556 0 0 0 0 0 0
-0.10113525390625 -0.755089282989502 10.456387519836426 0.03170011755749331 -0.6449934418493279 -0.76353032848617 0.9682221377387976 0.2094195326186311 -0.13670900244792542 0 0 0 0 0 0
0.36676025390625 -0.7970118522644043 10.551438331604004 0.06278982612056702 -0.18664571452948775 -0.9804186937138264 0.9931322350927441 0.10885587922255778 0.04288077865867877 0 0 0 0 0 0
0.7058258056640625 -0.8379979133605957 10.629385948181152 0.16555716269750576 0.11601399102621875 -0.9793526330008616 0.9186106687975027 -0.379446423579063 0.11033970638198658 0 0 0 0 0 0
0.916717529296875 -1.3253769874572754 10.813803672790527 0.3073518051937169 0.5819328011347061 -0.7529203694997753 0.9447190328306746 -0.2815479006336959 0.1680378786352457 0 0 0 0 0 0
1.152130126953125 -1.7066683769226074 10.726227760314941 0.4546021305119665 0.8360042389389998 -0.307300854880042 0.8878570713656625 -0.452846966133856 0.08148279627842396 0 0 0 0 0 0
1.377838134765625 -1.9813027381896973 10.471880912780762 0.5545370591746148 0.8020798541975817 0.22171278152681145 0.8315467612774758 -0.5443180343718628 -0.11067005587100884 0 0 0 0 0 0
1.6287078857421875 -2.096343517303467 10.139067649841309 0.5725127930897079 0.47683729554716026 0.6669747336473032 0.7959851231774064 -0.5182793872594468 -0.312720578827524 0 0 0 0 0 0
1.925537109375 -2.0541892051696777 9.837632179260254 0.4963755848625838 -0.04904579501713904 0.8667212866564802 0.7863040687412782 -0.39769642335847666 -0.47282498488213004 0 0 0 0 0 0
2.267486572265625 -1.916351318359375 9.64196491241455 0.34687342896333384 -0.5937448944126762 0.7260480870011978 0.8036274866606479 -0.21098704608806346 -0.5564776087737257 0 0 0 0 0 0
2.169097900390625 -2.275237560272217 8.399116516113281 0.4579561492150259 0.7918411819733633 -0.4040590401502879 -0.5216693380069508 -0.1286595654506704 -0.8433906674853796 0 0 0 0 0 0
2.485992431640625 -1.5427169799804688 6.586673259735107 0.5632825589922372 0.8087447311157274 0.16924750700588323 0.8150821897856889 -0.577462707174281 0.04666739458248099 0 0 0 0 0 0
2.731903076171875 -1.7319788932800293 6.30707311630249 0.571244667025596 0.5026857703436759 0.6488347606970525 0.7622904848567477 -0.6179956400201219 -0.19233981806423875 0 0 0 0 0 0
3.0995941162109375 -1.8966593742370605 6.034252643585205 0.47176267519461085 0.0627003856715729 0.879493399594255 0.7630396694056362 -0.5288559553181704 -0.371593650965464 0 0 0 0 0 0
3.37652587890625 -1.9855732917785645 5.857136249542236 0.43235553815981626 -0.2567099086956989 0.8643892129127838 0.8908575790780507 -0.0266248541445616 -0.45350180919261557 0 0 0 0 0 0
3.7021942138671875 -1.634535312652588 5.57052755355835 0.2662265980764066 -0.7173221818137654 0.6438728802757597 0.8510399793670238 -0.13873179097719646 -0.5064429323144272 0 0 0 0 0 0
4.0916900634765625 -1.397362232208252 5.540267467498779 0.12355789722698496 -0.9725332594320787 0.19726252895890478 0.9058814001849251 0.029390584147600034 -0.4225104523706635 0 0 0 0 0 0
4.4867706298828125 -1.2693114280700684 5.676565647125244 0.03704072526189786 -0.9417466115006352 -0.3342772866934636 0.9655019773023457 0.12000345785052649 -0.2310954390055716 0 0 0 0 0 0
4.8610992431640625 -1.301872730255127 5.890458583831787 0.037651064357732855 -0.6209111600569915 -0.7829761992994492 0.995062385432365 0.09530045834278897 -0.027724929888205622 0 0 0 0 0 0
5.1947174072265625 -1.49287748336792 6.072017192840576 0.13206523291295566 -0.0993922485137799 -0.9862453828490259 0.990626088435088 -0.02180722432950777 0.1348495379259414 0 0 0 0 0 0
5.4991455078125 -1.7821545600891113 6.149063587188721 0.29232091826239914 0.442790803040859 -0.847634818473533 0.9534223414230066 -0.2038888574507283 0.222295237652336 0 0 0 0 0 0
5.7648773193359375 -2.0987095832824707 6.097257137298584 0.4579212111353505 0.7918550758482731 -0.4040714085971183 0.8889483333512499 -0.4124101790294719 0.19922024210635364 0 0 0 0 0 0
6.012115478515625 -2.378002643585205 5.921940326690674 0.5632419908960096 0.8087746338414853 0.16923962699696216 0.8151031458337348 -0.5774279656418079 0.04673121169745726 0 0 0 0 0 0
6.2580108642578125 -2.5672311782836914 5.642334461212158 0.5712245072653753 0.5026515305496536 0.6488790342856825 0.7622970859008887 -0.6179842486244123 -0.19235025676908693 0 0 0 0 0 0
6.625701904296875 -2.731910228729248 5.369510173797607 0.4717312858858982 0.06269293911920636 0.8795107670182511 0.7630429180802384 -0.5288719899674368 -0.3715641578455576 0 0 0 0 0 0
6.9026336669921875 -2.8208556175231934 5.192393779754639 0.432282854865838 -0.25667152136653515 0.8644369632936975 0.8908814468271791 -0.026743789069709995 -0.4534479214257211 0 0 0 0 0 0
7.228302001953125 -2.4698023796081543 4.90579080581665 0.2661904194330326 -0.7173441749687741 0.6438633358411044 0.8510590958516322 -0.13872858165247073 -0.5064116862799436 0 0 0 0 0 0
6.9963836669921875 -3.644320487976074 3.956660747528076 0.4546362928504456 0.8360243293496903 -0.3071956411777425 -0.3140655656589176 -0.17227334669523284 -0.9336405702869646 0 0 0 0 0 0
7.32867431640625 -2.689112663269043 2.2305397987365723 0.5544979428226606 0.8020951405562021 0.22175530862092957 0.8315696101721267 -0.5443000347566289 -0.11058686903113746 0 0 0 0 0 0
7.5795440673828125 -2.8041653633117676 1.8977197408676147 0.5725778173300614 0.47681718141246243 0.6669332939743057 0.7959781887018815 -0.5181848112487455 -0.3128949096773133 0 0 0 0 0 0
7.8763580322265625 -2.762024402618408 1.5962680578231812 0.49636660387865095 -0.048992455728857964 0.8667294467338874 0.7862828598693931 -0.3977905355147957 -0.47278108478497805 0 0 0 0 0 0
8.21832275390625 -2.6241507530212402 1.4006041288375854 0.3468679405808279 -0.593714042403702 0.7260759379361571 0.8035455947024148 -0.2111489191763449 -0.5565344653882667 0 0 0 0 0 0
8.591201782226562 -2.462306022644043 1.3325170278549194 0.1791382686622455 -0.9422807399776582 0.282871857504154 0.8482706940585938 0.0022930704639715304 -0.5295579018664524 0 0 0 0 0 0
8.978683471679688 -2.3328609466552734 1.387133002281189 0.05966196313026025 -0.9558657594804686 -0.2876822900497534 0.9112719685514744 0.16979225182740182 -0.3751719479807903 0 0 0 0 0 0
9.362411499023438 -2.2922792434692383 1.5469697713851929 0.03162383108025977 -0.6450520058808912 -0.763484016215694 0.9682045789609728 0.2094205735112553 -0.1368317092973067 0 0 0 0 0 0
9.83026123046875 -2.3342370986938477 1.6420091390609741 0.06282811250219286 -0.18661513440238464 -0.9804220621198769 0.9931380843859484 0.10878008505820894 0.04293761098312061 0 0 0 0 0 0
10.169326782226562 -2.375230312347412 1.719997763633728 0.16555804762948723 0.11602891627212882 -0.9793507152464982 0.9186090695429359 -0.37945194124397996 0.1103340456959555 0 0 0 0 0 0
10.380203247070312 -2.8626179695129395 1.9043992757797241 0.30742601911876705 0.5819372077146393 -0.7528866641441302 0.9446755490722589 -0.2817286228159577 0.1679794334769886 0 0 0 0 0 0
10.615646362304688 -3.243885040283203 1.8168271780014038 0.4546353318033129 0.8360320988306563 -0.30717591832840574 0.8878406919125963 -0.4528873970526905 0.0814365481525417 0 0 0 0 0 0
10.841354370117188 -3.5185208320617676 1.5624812841415405 0.5545098189109395 0.80209682225564 0.22171952656173818 0.8315624918666671 -0.5443100540577948 -0.11059108088855975 0 0 0 0 0 0
11.09222412109375 -3.633574962615967 1.229671835899353 0.5725813750337722 0.47683087285717607 0.6669204507695788 0.795975561612688 -0.5181946978447889 -0.3128852192752386 0 0 0 0 0 0
11.389022827148438 -3.5914206504821777 0.928209662437439 0.49640024803397986 -0.04900154796089674 0.866709664218208 0.7862712053748497 -0.39776889573026564 -0.47281867263032895 0 0 0 0 0 0
11.730972290039062 -3.453563690185547 0.7325352430343628 0.34687052987379635 -0.593689864110228 0.7260944709594275 0.8035931241564012 -0.21108796324437024 -0.5564889599820453 0 0 0 0 0 0
11.632598876953125 -3.812450408935547 -0.5102816820144653 0.4579934682480058 0.7918254451273657 -0.404047580726592 -0.5216916269421499 -0.12860931416562363 -0.8433845449664708 0 0 0 0 0 0
11.949508666992188 -3.079951286315918 -2.3227157592773438 0.5632786690786088 0.8087486828419032 0.16924156984180314 0.8150855538320999 -0.5774579607138821 0.04666737128212737 0 0 0 0 0 0
12.195404052734375 -3.2691874504089355 -2.6023197174072266 0.5712430497630974 0.5026438165793178 0.6488686860620819 0.7622900443897686 -0.6179850299381305 -0.19237565073733467 0 0 0 0 0 0
12.563095092773438 -3.43385648727417 -2.8751461505889893 0.4717591396524473 0.06266057708187929 0.8794981331612642 0.7630633144965648 -0.5287966979033841 -0.3716294261169233 0 0 0 0 0 0
12.840042114257812 -3.522805690765381 -3.052260398864746 0.43228729494932694 -0.2567003840984695 0.8644261723415667 0.8908731576372186 -0.026769918196447414 -0.45346266492540155 0 0 0 0 0 0
13.165679931640625 -3.1717634201049805 -3.3388593196868896 0.26630335047094333 -0.7173055362265724 0.643859684424067 0.85108115393552 -0.13859167231870084 -0.506412102718418 0 0 0 0 0 0
13.555191040039062 -2.934584617614746 -3.369136333465576 0.12355792184332542 -0.9725394136476614 0.19723216992068457 0.9058425000020637 0.029381629519819156 -0.42259446877209744 0 0 0 0 0 0
13.950286865234375 -2.8065261840820312 -3.2328386306762695 0.03704069456127673 -0.9417649044269513 -0.3342257496604852 0.9654903898982676 0.12000490547938646 -0.23114309350481374 0 0 0 0 0 0
14.324630737304688 -2.8390913009643555 -3.018930673599243 0.03757472651380131 -0.6209402370142248 -0.7829568072276601 0.9950458079388258 0.09541676007058808 -0.027919204877668885 0 0 0 0 0 0
14.658203125 -3.0300955772399902 -2.8373751640319824 0.13214084981997193 -0.0993714735506553 -0.9862373477278311 0.9906117896084209 -0.02192261446603478 0.1349358412867955 0 0 0 0 0 0
14.951141357421875 -3.3178677558898926 -2.762449264526367 0.2923588714902889 0.44277024386199304 -0.847632468356018 0.9534148661867877 -0.20385435197145974 0.22235893531928563 0 0 0 0 0 0
15.2149658203125 -3.630065441131592 -2.8154711723327637 0.45795487496274884 0.7918604363878476 -0.4040227490890837 0.8889306639958677 -0.4124670670782903 0.19918130731496628 0 0 0 0 0 0
15.462203979492188 -3.909359931945801 -2.990774393081665 0.563247541516487 0.8087682988247923 0.16925142773898477 0.8150945042170379 -0.5774380950306343 0.046756770660231164 0 0 0 0 0 0
15.708099365234375 -4.098596572875977 -3.270376443862915 0.5712120823624238 0.5026584785733229 0.6488845898012496 0.7622977053188453 -0.6179923933635126 -0.1923216321958104 0 0 0 0 0 0
16.08221435546875 -4.255473613739014 -3.525559186935425 0.47450778900101687 0.059776003325395406 0.8782193277330036 0.7639171589289149 -0.5236613659897189 -0.37710654736262117 0 0 0 0 0 0
16.356918334960938 -4.357796669006348 -3.7155020236968994 0.42862061030420845 -0.2563388524467519 0.8663571810452836 0.8904497031438106 -0.042442810143319645 -0.4530981505570707 0 0 0 0 0 0
16.678756713867188 -3.9961414337158203 -4.001239776611328 0.2662256120079977 -0.7173385982816155 0.6438549983702341 0.8489063012998281 -0.1419231023637653 -0.5091325216767143 0 0 0 0 0 0
16.44854736328125 -5.174485206604004 -4.951701641082764 0.45459927995915067 0.8360454886370087 -0.30719283128082125 -0.31410021533084503 -0.17225769056613938 -0.9336318025699087 0 0 0 0 0 0
16.780838012695312 -4.219305515289307 -6.677806854248047 0.5544748737885227 0.8021133756954792 0.22174703350350594 0.831582709804219 -0.5442968558100204 -0.11050397961158585 0 0 0 0 0 0
17.031723022460938 -4.334343910217285 -7.010615825653076 0.5725494246988483 0.4768408017239421 0.6669407815453228 0.7959807914341107 -0.5182346220888052 -0.3128057802157759 0 0 0 0 0 0
17.328506469726562 -4.2921881675720215 -7.312062740325928 0.49644306496621676 -0.049013929852348835 0.8666844396476596 0.7862728351535606 -0.39769990646612974 -0.47287399283150827 0 0 0 0 0 0
17.670501708984375 -4.154356956481934 -7.507751941680908 0.34679452007078204 -0.5937189608462105 0.7261069868694089 0.8035318165135739 -0.2112575851651721 -0.5565131198458637 0 0 0 0 0 0
18.043350219726562 -3.992486000061035 -7.575812339782715 0.1791768016232279 -0.942276809297553 0.28286054588806364 0.8482829684224322 0.0023424270721958728 -0.5295380236770901 0 0 0 0 0 0
18.43084716796875 -3.863060474395752 -7.521213531494141 0.05966177763492416 -0.9558556350461331 -0.28771596625838164 0.9112853962312877 0.16979740902942342 -0.37513699697907693 0 0 0 0 0 0
18.814590454101562 -3.822488784790039 -7.36136531829834 0.03154753591004919 -0.6449852231990569 -0.763543590656661 0.9681881898046586 0.20944057540655045 -0.13691703508384737 0 0 0 0 0 0
19.286590576171875 -3.856069564819336 -7.2482452392578125 0.058898911610761016 -0.18795962579930195 -0.9804091478971695 0.9927526513990771 0.11408649324652027 0.03776830945136803 0 0 0 0 0 0
19.617095947265625 -3.9105615615844727 -7.186647891998291 0.16937191529991208 0.11462048865429227 -0.9788642898217764 0.9104523602258049 -0.3984761540775462 0.11087494933856377 0 0 0 0 0 0
19.8359375 -4.390167713165283 -7.003602504730225 0.30734800655791383 0.581900575109999 -0.7529468265100326 0.9441636945208667 -0.28518141465692765 0.16500448079667787 0 0 0 0 0 0
20.067825317382812 -4.774066925048828 -7.091516017913818 0.4546690154316438 0.8360262760494644 -0.30714190883252024 0.8878214475946541 -0.4529308246849188 0.08140482320583037 0 0 0 0 0 0
20.293548583984375 -5.048703193664551 -7.3458662033081055 0.5544664033480334 0.8021142352286819 0.22176510366106525 0.8315880013516991 -0.5442890806927614 -0.11050245538681633 0 0 0 0 0 0
20.544418334960938 -5.163738250732422 -7.678667068481445 0.5725436983607155 0.47685033762255824 0.6669388794909816 0.7959706036593869 -0.5182856042734972 -0.3127472310236613 0 0 0 0 0 0
20.841262817382812 -5.1215972900390625 -7.980149269104004 0.49625819589854603 -0.04903954330818685 0.8667888590629466 0.7862794266357556 -0.3979205875519149 -0.47267734158904445 0 0 0 0 0 0
21.183242797851562 -4.983770847320557 -8.175806999206543 0.34675558003877355 -0.5936854165666599 0.726153009955922 0.8035546640205313 -0.21129451939780447 -0.5564661067875581 0 0 0 0 0 0
21.084793090820312 -5.3426313400268555 -9.418631553649902 0.45799373321336434 0.7918318637061132 -0.4040347014267323 -0.5214311904226763 -0.12881144983936593 -0.8435147444145074 0 0 0 0 0 0
21.401748657226562 -4.6101250648498535 -11.23107624053955 0.5632410314391827 0.8087708719411537 0.16926079641450179 0.8150818290999635 -0.5774463322747808 0.046875848935901736 0 0 0 0 0 0
21.64764404296875 -4.79937219619751 -11.510668754577637 0.5712145561084746 0.5026558870480313 0.6488844196817758 0.7622779830744082 -0.6180293396876543 -0.19228107500545769 0 0 0 0 0 0
22.02178955078125 -4.956243991851807 -11.765848159790039 0.47446883775786663 0.05978305448413383 0.8782398922807175 0.7639439328144464 -0.523644866492979 -0.37707521969966007 0 0 0 0 0 0
22.294235229492188 -5.059628009796143 -11.960115432739258 0.42865782836875455 -0.2563192233929656 0.8663445745760808 0.889610200136735 -0.04755223468333903 -0.45423834799508006 0 0 0 0 0 0
22.616241455078125 -4.698115348815918 -12.24589729309082 0.266304250328243 -0.717324649366429 0.6438380181912547 0.8489314485866005 -0.14180365045231622 -0.5091238752200232 0 0 0 0 0 0
23.007339477539062 -4.464737892150879 -12.277469635009766 0.12359562366474834 -0.9725227982258552 0.19729046794479024 0.9058327127111154 0.02938648464171047 -0.42261510988466117 0 0 0 0 0 0
23.386703491210938 -4.331047058105469 -12.13316535949707 0.03696435503675435 -0.9417625502525562 -0.3342408344270916 0.9658072235578793 0.11955511476948583 -0.23004995426184274 0 0 0 0 0 0
23.758712768554688 -4.365172863006592 -11.922220230102539 0.03772738821715506 -0.6208997313615009 -0.78298158840009 0.9950664991810931 0.09528885638259904 -0.027616952344172635 0 0 0 0 0 0
24.09228515625 -4.5561723709106445 -11.740633964538574 0.1321789525260132 -0.09936547987782561 -0.9862328456899899 0.9906085043247598 -0.0218686263420696 0.13496871615812886 0 0 0 0 0 0
24.385391235351562 -4.843925952911377 -11.665721893310547 0.2923196881636942 0.44277105839958225 -0.8476455566777864 0.953436704359811 -0.20371868677393676 0.22238962979106164 0 0 0 0 0 0
25.279159545898438 -4.383285999298096 -11.099852561950684 -0.7845036893647493 0.14050565028506784 0.6039967910602398 0.4937413078193857 -0.44777752184502845 0.7454628172371363 0 0 0 0 0 0
22.811660766601562 -4.3804612159729 -8.602131843566895 0.24577900795333557 0.9646697317150286 0.09489461503335657 0.15415319145765158 -0.13555045712469402 0.9787046884207246 0 0 0 0 0 0
23.031707763671875 -4.360080718994141 -9.379250526428223 0.24589444291882212 0.9646414486369436 0.0948830781186042 0.154110347350164 -0.13555090947133328 0.9787113730723203 0 0 0 0 0 0
24.488616943359375 -4.11374044418335 -11.898275375366211 -0.7555301246752792 0.12936798779431632 0.6422134804270359 0.22467150888811985 0.9720232666617444 0.06850899329406862 0 0 0 0 0 0
24.635894775390625 -4.6962175369262695 -12.115364074707031 -0.29231894714878887 -0.44274371007175095 0.8476600971673284 -0.9270671605938933 0.3487517323520097 -0.13754529773805044 0 0 0 0 0 0
24.047454833984375 -4.591297149658203 -12.24123764038086 -0.1321791067469878 0.09937751672849829 0.9862316122029577 -0.8593455336505749 0.48439122769231147 -0.16398290255250447 0 0 0 0 0 0
23.656906127929688 -4.703157424926758 -12.345428466796875 -0.03768915717341794 0.6209102678084553 0.7829750741636605 -0.9304876977133045 0.2638997751331136 -0.254066040802163 0 0 0 0 0 0
23.276092529296875 -4.895148277282715 -12.313928604125977 -0.03704072526189786 0.9417466115006352 0.3342772866934636 -0.9823112792719755 0.02712963594303077 -0.18527960888520276 0 0 0 0 0 0
22.94964599609375 -5.07766580581665 -12.113421440124512 -0.12344375103622804 0.9725534617428165 -0.19723438945115498 -0.9921583153309982 -0.12487973184251787 0.0051894021328428375 0 0 0 0 0 0
22.663299560546875 -5.125784873962402 -11.791788101196289 -0.2662295932786804 0.7173338284044986 -0.6438586663928768 -0.9593250315707504 -0.1321129009978046 0.24948279538221277 0 0 0 0 0 0
22.36309814453125 -4.948142051696777 -11.574030876159668 -0.42858732533672056 0.25635725794680425 -0.8663682016664228 -0.8938795073105829 0.01925221117896694 0.44789371370327397 0 0 0 0 0 0
21.905548095703125 -5.032581329345703 -11.329580307006836 -0.4743257552818191 -0.059784252421242225 -0.878317095950412 -0.8746784720746738 0.14506421747698536 0.462486695264744 0 0 0 0 0 0
21.870773315429688 -4.565476894378662 -11.123248100280762 -0.5712800427238407 -0.502603463235486 -0.6488673759167909 -0.8205690602554967 0.36659039331007504 0.4384950408889198 0 0 0 0 0 0
21.587692260742188 -4.158753871917725 -11.111732482910156 -0.5633169871757401 -0.8087274707813593 -0.16921539517086653 -0.7834622682534795 0.4577843202053877 0.42026228762191375 0 0 0 0 0 0
21.27764892578125 -3.9094929695129395 -11.23427963256836 -0.4579536971890445 -0.7918631682361086 0.4040187297910303 -0.7751410645055569 0.5782014118177495 0.25463593126099326 0 0 0 0 0 0
20.929183959960938 -3.775585651397705 -11.408455848693848 -0.29224546840852295 -0.442776584931406 0.8476682617812019 -0.8006667518965929 0.5980076590339853 0.0363261908827848 0 0 0 0 0 0
20.552688598632812 -3.7659430503845215 -11.578228950500488 -0.1321404793975631 0.09934616115792899 0.9862399474609438 -0.8593742117215258 0.48435727981002696 -0.16393288176274262 0 0 0 0 0 0
20.162384033203125 -3.877939224243164 -11.682454109191895 -0.03765109345314007 0.6209164082506788 0.7829720359801231 -0.9304586680271785 0.26398159816923145 -0.2540873529341975 0 0 0 0 0 0
19.781463623046875 -4.069857597351074 -11.650940895080566 -0.036964423371749315 0.9417750201013496 0.3342056895354961 -0.9823085883943644 0.027196032070766114 -0.18528414127031356 0 0 0 0 0 0
19.438919067382812 -4.245804309844971 -11.449688911437988 -0.12359601168510903 0.9725318118532567 -0.19724578786112568 -0.9922556708680981 -0.12359569992107819 0.012360687323919654 0 0 0 0 0 0
19.150619506835938 -4.29639196395874 -11.123735427856445 -0.26630371263224034 0.7173088959148471 -0.6438557916798667 -0.9593020346195681 -0.13214495686828 0.2495542360871431 0 0 0 0 0 0
18.8477783203125 -4.112807273864746 -10.924798965454102 -0.4322484853508109 0.2567440988494069 -0.8644325969200465 -0.891267741827647 0.02413325582372686 0.45283484665029206 0 0 0 0 0 0
18.3916015625 -4.206967830657959 -10.662817001342773 -0.4718018693867763 -0.06267906717559253 -0.8794738942010393 -0.8781327173570123 0.12309740829257279 0.4623093756120909 0 0 0 0 0 0
18.468368530273438 -4.362581729888916 -9.686407089233398 -0.03162384891479213 0.6449879966297064 0.7635380909839484 0.49241930426088987 -0.6547236459962772 0.5734633171917475 0 0 0 0 0 0
18.34869384765625 -4.338949203491211 -7.660310745239258 -0.05962374523615296 0.9558538946579905 0.2877296318962744 -0.9959304609719493 -0.037447015405536334 -0.08197705743327582 0 0 0 0 0 0
18.025787353515625 -4.438751697540283 -7.417356967926025 -0.1791382490372405 0.9422854051219829 -0.2828563293015952 -0.9833886168807753 -0.16294723735178998 0.07996890663711552 0 0 0 0 0 0
17.738739013671875 -4.422607898712158 -7.1223368644714355 -0.3469094592490884 0.5936578243854114 -0.7261020690161164 -0.9371097580144702 -0.18765117322794886 0.29429974281374316 0 0 0 0 0 0
17.480667114257812 -4.282408237457275 -6.831875801086426 -0.49636829815216693 0.04902838573624905 -0.8667264447226813 -0.8670720162693949 -0.076856586520642 0.49221863405495087 0 0 0 0 0 0
17.240707397460938 -4.021623134613037 -6.607769012451172 -0.5726539270796773 -0.4767931874503136 -0.6668850996994863 -0.799451610749768 0.14468234039341832 0.5830472900613506 0 0 0 0 0 0
16.99603271484375 -3.6819677352905273 -6.52032470703125 -0.5545346235751288 -0.8020775234335515 -0.22172730472156724 -0.7641367026203988 0.3852870352072389 0.5173480455260658 0 0 0 0 0 0
16.717071533203125 -3.3592686653137207 -6.6033616065979 -0.4546358775660071 -0.8360342945310713 0.30716913451341504 -0.7759922208897369 0.5410793392549834 0.3241438288013586 0 0 0 0 0 0
16.385696411132812 -3.1623640060424805 -6.811463832855225 -0.3073862602554466 -0.581929387691421 0.7529089418696385 -0.8275282459376687 0.5540958651331099 0.090414459118638 0 0 0 0 0 0
15.983306884765625 -3.1741228103637695 -6.895624160766602 -0.16555783413536646 -0.11600969316472727 0.9793530286103334 -0.9077547212387598 0.4060563453755771 -0.10535468878494109 0 0 0 0 0 0
15.553863525390625 -2.8813095092773438 -6.975203037261963 -0.0627518434254545 0.18664501089057728 0.9804212594881669 -0.9514868535156389 0.2853042613207501 -0.1152139143468814 0 0 0 0 0 0
15.249191284179688 -3.2688498497009277 -7.117882251739502 -0.03162384101574308 0.6450164457538168 0.7635140584079146 -0.993700217178057 0.061882898296016106 -0.0934365307509182 0 0 0 0 0 0
14.833953857421875 -3.5107173919677734 -6.996609687805176 -0.05970005276221907 0.9558469589837862 0.2877368497457983 -0.9959371503049396 -0.037567715859773754 -0.08184045068030488 0 0 0 0 0 0
14.511016845703125 -3.610541820526123 -6.753643989562988 -0.17913790699223794 0.9422859901125992 -0.28285459712714445 -0.9833899985003354 -0.16296025527522004 0.0799253780106512 0 0 0 0 0 0
14.223953247070312 -3.5943970680236816 -6.4586334228515625 -0.34683282549332417 0.5937049268744765 -0.7261001659311819 -0.9371377915164434 -0.18760874016503393 0.29423752365286815 0 0 0 0 0 0
13.965911865234375 -3.4541735649108887 -6.168176651000977 -0.49643983159677607 0.04897784818509188 -0.8666883315190778 -0.8670366777119595 -0.07670370353785942 0.4923047240945227 0 0 0 0 0 0
14.0078125 -3.3237175941467285 -5.33887243270874 -0.03761289634652554 0.620921541624167 0.7829698009345529 0.8526219694708599 -0.3886997442621044 0.34921094768951133 0 0 0 0 0 0
13.842010498046875 -3.369095802307129 -3.4106457233428955 -0.0370788938206547 0.9417602724018235 0.3342345657748162 -0.9823338302268121 0.02704222884249534 -0.18517279457617733 0 0 0 0 0 0
13.499374389648438 -3.545044422149658 -3.209411144256592 -0.12348157977541498 0.9725521470423543 -0.19721719179492106 -0.9922673560898895 -0.12352446997713303 0.01213257413944098 0 0 0 0 0 0
13.211135864257812 -3.5956263542175293 -2.883448600769043 -0.2662650072798668 0.7173383858598341 -0.6438389442013122 -0.9593251127963469 -0.1322152717425431 0.24942824594725074 0 0 0 0 0 0
12.908279418945312 -3.412017822265625 -2.684516429901123 -0.43231889073526164 0.25669530182819356 -0.8644118802589225 -0.8912165509474891 0.02425957132217732 0.4529288382478266 0 0 0 0 0 0
12.452102661132812 -3.5062031745910645 -2.422520160675049 -0.471763767351781 -0.06265523128144017 -0.8794960317176673 -0.8781567283622022 0.12303511162025668 0.4622803497238279 0 0 0 0 0 0
12.420639038085938 -3.0343594551086426 -2.2158098220825195 -0.5711799242187467 -0.5027054726076702 -0.6488764920844071 -0.8206767266064788 0.36476913149352425 0.43981040360129603 0 0 0 0 0 0
12.135482788085938 -2.628573417663574 -2.2033839225769043 -0.5632371165423757 -0.8087735950567386 -0.16926081202696897 -0.7834906173468932 0.45765962403750804 0.42034524031470993 0 0 0 0 0 0
11.825439453125 -2.379319667816162 -2.3259406089782715 -0.45799548908080034 -0.791833707349701 0.40402909782151375 -0.7751914958661893 0.5782090847171144 0.25446492702794377 0 0 0 0 0 0
11.476974487304688 -2.2453980445861816 -2.5001139640808105 -0.2922444414058827 -0.44277383684073546 0.8476700513033932 -0.8006907948210954 0.5979770060242803 0.03630084510036491 0 0 0 0 0 0
11.100555419921875 -2.2358131408691406 -2.669894218444824 -0.1321029298672548 0.09941098331910656 0.986238445973394 -0.8593876056096361 0.4843339193926706 -0.16393168653518664 0 0 0 0 0 0
10.710128784179688 -2.3477134704589844 -2.774102210998535 -0.037651072857681815 0.6209184527907669 0.7829704155947311 -0.9305102446268683 0.26387647524700414 -0.25400765826183885 0 0 0 0 0 0
10.329315185546875 -2.539700984954834 -2.742587089538574 -0.03696444141140082 0.9417671350574746 0.33422790637045774 -0.9823168511241483 0.027185298361971904 -0.1852419054925442 0 0 0 0 0 0
9.986709594726562 -2.7156295776367188 -2.54134464263916 -0.12359610289145398 0.9725349137067106 -0.1972304362199862 -0.9922545453873896 -0.1236137016900481 0.012270693238315965 0 0 0 0 0 0
9.698455810546875 -2.7662205696105957 -2.215391159057617 -0.26622706568482263 0.7173413230893919 -0.643851361484318 -0.959335122146149 -0.1321822159447612 0.24940726774648386 0 0 0 0 0 0
9.398208618164062 -2.5885610580444336 -1.9976235628128052 -0.428656854530093 0.25630433598655145 -0.8663494609098914 -0.8938435350971846 0.019279748739246705 0.44796431337051823 0 0 0 0 0 0
8.9407958984375 -2.673008918762207 -1.7531877756118774 -0.4745059039882703 -0.05978530251833882 -0.8782197132170657 -0.8745513360019467 0.1453836862218044 0.4626267874623887 0 0 0 0 0 0
9.015411376953125 -2.8314151763916016 -0.7779837846755981 -0.03162384746225701 0.645010616774474 0.7635189824227662 0.49258010435472593 -0.6546337818224264 0.5734278093106011 0 0 0 0 0 0
8.896560668945312 -2.8087611198425293 1.248050570487976 -0.059699999993114164 0.9558556508482174 0.28770798519045776 -0.9959371143019039 -0.03756996766265316 -0.08183985511853954 0 0 0 0 0 0
8.5736083984375 -2.908578395843506 1.4909881353378296 -0.17917660072142305 0.9422805211494195 -0.282848307784038 -0.9833831379414076 -0.16299948864924232 0.07992978614131398 0 0 0 0 0 0
8.286575317382812 -2.892442226409912 1.7860006093978882 -0.34686949485917207 0.5937047818760911 -0.7260827676743236 -0.9371244844468068 -0.1876402790347621 0.2942597939475643 0 0 0 0 0 0
8.02850341796875 -2.752208709716797 2.0764594078063965 -0.4963696397765527 0.04898917909097716 -0.8667278933091327 -0.8670739018785729 -0.07677221748344769 0.49222847876137893 0 0 0 0 0 0
7.7884979248046875 -2.491441249847412 2.300576686859131 -0.5725515027945073 -0.4768532613438888 -0.6669300891348721 -0.7994815408680227 0.1444502337143009 0.5830638007895673 0 0 0 0 0 0
7.54388427734375 -2.1517744064331055 2.3880200386047363 -0.5545391240013431 -0.8020768803257284 -0.22171837541974315 -0.7641382173878117 0.3853021735128246 0.517334533753229 0 0 0 0 0 0
7.264923095703125 -1.8291077613830566 2.3049769401550293 -0.4546691255004036 -0.8360121734705631 0.3071801297703404 -0.7760184901190235 0.5411045128349617 0.32403890072494346 0 0 0 0 0 0
6.93353271484375 -1.632197380065918 2.096871852874756 -0.30738582247926904 -0.5818939884992033 0.7529364795832598 -0.8275500011749047 0.5540724805927938 0.09035862883622808 0 0 0 0 0 0
6.5329742431640625 -1.6497244834899902 2.031712055206299 -0.1694112432433674 -0.11458552488034592 0.9788615776250655 -0.9094377476634548 0.40089906380129886 -0.11046684465514942 0 0 0 0 0 0
6.103057861328125 -1.346330165863037 1.9382261037826538 -0.058899001024611326 0.18798136883846664 0.9804049737980317 -0.9445582968617718 0.30729627703584533 -0.11566599305542725 0 0 0 0 0 0
5.8008270263671875 -1.7393698692321777 1.7949737310409546 -0.031661974818877094 0.6449863751375274 0.7635378806827606 -0.9934782222647351 0.063411511326955 -0.09476287309349135 0 0 0 0 0 0
5.38385009765625 -1.979355812072754 1.9160817861557007 -0.05966199924654998 0.9558329594364808 0.2877912429188963 -0.9959307864846159 -0.03748946386848986 -0.08195369809220411 0 0 0 0 0 0
5.0609130859375 -2.079181671142578 2.159045696258545 -0.1791756336495254 0.9422718591033078 -0.28287777545838955 -0.9833833386194313 -0.1629963140213101 0.07993379098458758 0 0 0 0 0 0
4.77386474609375 -2.0630364418029785 2.454066753387451 -0.34686995203973486 0.5936566886477915 -0.7261218715860935 -0.9371243130358796 -0.18762107057005262 0.2942725875700592 0 0 0 0 0 0
4.5028839111328125 -1.9190778732299805 2.7387442588806152 -0.49636300485012463 0.049013557935505984 -0.866730314777704 -0.8674265937294378 -0.06775715092797172 0.49293008935250565 0 0 0 0 0 0
4.5443267822265625 -1.786491870880127 3.5705246925354004 -0.03761289030273236 0.6209262102204143 0.7829660988474461 0.8526000024020027 -0.3887263556153567 0.3492349586655214 0 0 0 0 0 0
4.3784942626953125 -1.831869125366211 5.498732089996338 -0.0370025166816824 0.9417533885646191 0.3342624251786 -0.9823137428527723 0.027160056041754366 -0.1852620899115265 0 0 0 0 0 0
4.0359039306640625 -2.007802963256836 5.699986934661865 -0.12359587242136573 0.9725342923072517 -0.19723364471315397 -0.9922551279884614 -0.12360464296029829 0.01231475615915334 0 0 0 0 0 0
3.74761962890625 -2.058408737182617 6.025928020477295 -0.26622766163644807 0.7173751153651062 -0.6438134636946398 -0.9593346612998765 -0.1321936291363971 0.24940299124990467 0 0 0 0 0 0
3.4447784423828125 -1.87479829788208 6.224884510040283 -0.43224618282292004 0.2567153128926379 -0.8644422974157673 -0.8912636562230195 0.02418561690603412 0.45284009432784317 0 0 0 0 0 0
2.988616943359375 -1.9689679145812988 6.486876964569092 -0.47180292918121747 -0.06267682377799784 -0.8794734855452577 -0.8781326184772976 0.12309050474761825 0.4623114015543872 0 0 0 0 0 0
2.9571380615234375 -1.497154712677002 6.693591594696045 -0.5712137903202826 -0.5026301791761609 -0.6489050074774246 -0.8206507095771671 0.3648714489386772 0.43977407679384933 0 0 0 0 0 0
2.671966552734375 -1.0913634300231934 6.706005573272705 -0.56327282203924 -0.8087486323043007 -0.16926127051949497 -0.7834762770220504 0.4577022293337767 0.42032557929128994 0 0 0 0 0 0
2.3619232177734375 -0.8420853614807129 6.583460330963135 -0.4579555321344272 -0.791875877868597 0.4039917383280412 -0.7751229000662991 0.5782021245079884 0.2546896012939256 0 0 0 0 0 0
2.01348876953125 -0.7081818580627441 6.409281253814697 -0.29231861221208705 -0.4427503552968274 0.847656741752776 -0.8007337787583664 0.5979271386678339 0.03617391877920779 0 0 0 0 0 0
1.6370391845703125 -0.6985573768615723 6.239494800567627 -0.13206480636800497 0.09930609681614931 0.9862541183965333 -0.8592975902171057 0.48452085702527525 -0.16385112314100225 0 0 0 0 0 0
1.246612548828125 -0.8105063438415527 6.135284900665283 -0.03761295438540067 0.6208974657650354 0.7829888905143919 -0.9304809547932118 0.26396766960899687 -0.25402020031546485 0 0 0 0 0 0
0.8657989501953125 -1.002469539642334 6.166800022125244 -0.0370025851194616 0.9417658592211938 0.3342272806038482 -0.9823223444912463 0.02713736560178431 -0.18521980159101867 0 0 0 0 0 0
0.523193359375 -1.178403377532959 6.368057727813721 -0.1235579864167368 0.9725351535434843 -0.197253134613351 -0.9922588152586522 -0.12358361306355703 0.012228414600959445 0 0 0 0 0 0
0.23492431640625 -1.2289929389953613 6.694002628326416 -0.26618871327775134 0.7173014302811604 -0.6439116608977792 -0.9593537545328077 -0.13219433646978893 0.24932916209123582 0 0 0 0 0 0
-0.0653228759765625 -1.051358699798584 6.911789417266846 -0.42865533456640464 0.2563081955105164 -0.8663490711381335 -0.8938509918845727 0.01922872663689401 0.4479516272756347 0 0 0 0 0 0
-0.5227203369140625 -1.1357874870300293 7.15619421005249 -0.4744703512564477 -0.05979993442582319 -0.878237925405895 -0.8745791485172693 0.14530165907412793 0.4625999793008148 0 0 0 0 0 0
-0.4481048583984375 -1.294191837310791 8.131433486938477 -0.03166198404656862 0.6450485519391024 0.763485353106071 0.4922166383750337 -0.6547569895026126 0.5735992203658031 0 0 0 0 0 0
-0.5670013427734375 -1.271552562713623 10.157443046569824 -0.05969997673207679 0.955840973309911 0.28775674886985925 -0.9959310826236217 -0.03753970407189397 -0.0819270973630549 0 0 0 0 0 0
-0.8899078369140625 -1.3713631629943848 10.40039348602295 -0.1791383086614778 0.9422785661891672 -0.2828790732281066 -0.9833912518600755 -0.1629718507744558 0.07988630433448679 0 0 0 0 0 0
-1.17694091796875 -1.3552155494689941 10.695378303527832 -0.346907111800441 0.5936549993408168 -0.7261055002821084 -0.9371071992279575 -0.18757868010166767 0.2943540995577427 0 0 0 0 0 0
-1.43499755859375 -1.2150235176086426 10.985869407653809 -0.49640082895080756 0.04910412411180566 -0.8667035260180747 -0.8670591330347435 -0.07676832951483804 0.4922550999274061 0 0 0 0 0 0
-1.6750335693359375 -0.9542098045349121 11.209965705871582 -0.5725151142800118 -0.4769107550736127 -0.6669202168296159 -0.7994872834562352 0.14437612565685012 0.5830742816589382 0 0 0 0 0 0
-1.9196319580078125 -0.6145853996276855 11.297425270080566 -0.5545361608489812 -0.8020594815966475 -0.22178871542932396 -0.764134894543072 0.3852474062375095 0.5173802266504972 0 0 0 0 0 0
-2.1986083984375 -0.2918849289417267 11.214350700378418 -0.45460268401616494 -0.8360528665779063 0.307167713101759 -0.7759977228562751 0.541051304429761 0.32417745155505495 0 0 0 0 0 0
-2.529998779296875 -0.09497979283332825 11.006270408630371 -0.30738474335752053 -0.5819134031008534 0.7529219155016109 -0.8275500715950646 0.5540698970901233 0.09037382442689851 0 0 0 0 0 0
-2.9305419921875 -0.11251118779182434 10.941060066223145 -0.16944866745715365 -0.11458622814411107 0.9788550175673109 -0.909441075968265 0.40088106658622863 -0.11050475009868371 0 0 0 0 0 0
-3.3604888916015625 0.19088026881217957 10.84763240814209 -0.058860733916761374 0.18799290624338277 0.9804050597609882 -0.9445313931240488 0.30738563647582134 -0.1156482507066064 0 0 0 0 0 0
-3.6626739501953125 -0.20214608311653137 10.70436954498291 -0.03162388480473026 0.6449446304413132 0.7635747203612592 -0.9934850519683267 0.06340205802062349 -0.0946975741729469 0 0 0 0 0 0
-4.07965087890625 -0.4421553909778595 10.825467109680176 -0.05969989428397593 0.9558396625677803 0.2877611198282252 -0.9959340744852913 -0.03755215196153852 -0.08188501182868654 0 0 0 0 0 0
-4.4026031494140625 -0.5419621467590332 11.068415641784668 -0.17921434143494064 0.9422842707600758 -0.28281190374910414 -0.9833751407042322 -0.1630272753257557 0.07997149582690043 0 0 0 0 0 0
-4.689727783203125 -0.5258316993713379 11.363450050354004 -0.3467944524560912 0.593710425924604 -0.7261139978640441 -0.9371571765532801 -0.18768917365001994 0.2941244643501402 0 0 0 0 0 0
-4.947662353515625 -0.38559868931770325 11.653929710388184 -0.4963298813119951 0.04898305958206008 -0.8667510073780135 -0.867091980468038 -0.07687423519736815 0.49218070804414443 0 0 0 0 0 0
-4.9057769775390625 -0.2551560699939728 12.483216285705566 -0.03765112965893714 0.6209575447125915 0.7829394102355022 0.8524657837608125 -0.38886533827845793 0.349407836492893 0 0 0 0 0 0
-5.071685791015625 -0.30052903294563293 14.411459922790527 -0.036926304366995566 0.9417781177690417 0.3342011743504156 -0.9823111509829802 0.02722821460780091 -0.18526582788999268 0 0 0 0 0 0
-5.414154052734375 -0.47648385167121887 14.612704277038574 -0.12351979469887789 0.9725419536519085 -0.1972435263943439 -0.9922625192910101 -0.12356285357229758 0.012137299012914821 0 0 0 0 0 0
-5.7024383544921875 -0.5270743370056152 14.938643455505371 -0.26626719287010386 0.7173167812287633 -0.6438621105242034 -0.9593240646611962 -0.13220543301418788 0.2494374920565315 0 0 0 0 0 0
-6.002716064453125 -0.34942391514778137 15.15642261505127 -0.4286165632436969 0.2563531212712043 -0.8663549612760774 -0.8938632533006303 0.019262712377739886 0.44792569954253103 0 0 0 0 0 0
-6.46319580078125 -0.43474534153938293 15.397202491760254 -0.4743987888800603 -0.05978384142392807 -0.8782776789909503 -0.8747064978940319 0.14440377911586344 0.4626403474828099 0 0 0 0 0 0
-6.49725341796875 0.03208586946129799 15.602858543395996 -0.5712100165348176 -0.5026769354692866 -0.6488721103249087 -0.8206185465561197 0.36654289701952564 0.4384421349421784 0 0 0 0 0 0
-6.780120849609375 0.4388241469860077 15.614287376403809 -0.5632142607320867 -0.808812243086765 -0.16915215618183854 -0.7834905277359077 0.4576756321872849 0.4203279774772056 0 0 0 0 0 0
-7.0902099609375 0.6880784034729004 15.49179744720459 -0.4579857213096751 -0.7918717296968666 0.4039656455484171 -0.77516364393146 0.5781949336397686 0.25458190006401554 0 0 0 0 0 0
-7.438629150390625 0.821988582611084 15.317620277404785 -0.29235598577425387 -0.4427801785134811 0.8476282741258304 -0.8007197428901812 0.5979458405933542 0.03617547598842945 0 0 0 0 0 0
-7.815216064453125 0.8316092491149902 15.14783763885498 -0.13198887040235802 0.09940411802177589 0.9862544090701052 -0.8592976014195192 0.48452674111566857 -0.16383366363019297 0 0 0 0 0 0
-8.20562744140625 0.7196774482727051 15.043660163879395 -0.03753664722619269 0.6209234745748391 0.7829719272342562 -0.9304719655589402 0.2640275764765781 -0.25399086630977 0 0 0 0 0 0
-8.5863037109375 0.5276608467102051 15.0751314163208 -0.037002579744336746 0.9417633382301541 0.33423438461334276 -0.9823141110945978 0.027153805004441468 -0.1852610537004776 0 0 0 0 0 0
-8.9290771484375 0.35175082087516785 15.27635669708252 -0.12352009599698667 0.9725563213981973 -0.19717248183583225 -0.9922641755737395 -0.12353732177691368 0.01226115823054579 0 0 0 0 0 0
-9.21728515625 0.30116793513298035 15.602335929870605 -0.2662638012179225 0.717312561552418 -0.6438682141557319 -0.9593173904043469 -0.13214556424239188 0.249494878341929 0 0 0 0 0 0
-9.520050048828125 0.48477885127067566 15.801278114318848 -0.4323528648417567 0.25667620978375744 -0.8644005573772903 -0.8911971485239184 0.02428083975211779 0.4529658743037592 0 0 0 0 0 0
-9.97637939453125 0.3905949294567108 16.063297271728516 -0.4717272586289864 -0.06269478809289497 -0.8795127952522171 -0.8781955578433699 0.12281009939407922 0.46226641849802264 0 0 0 0 0 0
-10.0078125 0.8624100685119629 16.27005386352539 -0.5711326857462176 -0.5025877989775671 -0.6490092137953027 -0.8207081977289354 0.3647166287841611 0.43979521924281895 0 0 0 0 0 0
-10.292816162109375 1.268200397491455 16.282350540161133 -0.5633409880317963 -0.8087345806650944 -0.16910147616095295 -0.7834664600832235 0.457891781180828 0.42013738544875007 0 0 0 0 0 0
-10.602935791015625 1.5174574851989746 16.159822463989258 -0.45799231185675415 -0.7918162932875766 0.40406682611225103 -0.7751747562371203 0.5782267136241194 0.2544758631858274 0 0 0 0 0 0
-10.95135498046875 1.6513733863830566 15.985682487487793 -0.29235775823778537 -0.44278286295216907 0.8476262604910595 -0.8007699481479771 0.5978816596951082 0.036124937969624474 0 0 0 0 0 0
-11.327911376953125 1.6610054969787598 15.815878868103027 -0.13198909171267412 0.09936375336375372 0.9862584469530948 -0.8593444321472107 0.48445100682510767 -0.16381199261265222 0 0 0 0 0 0
-11.718353271484375 1.5490832328796387 15.711684226989746 -0.03753646357341369 0.6209132841010989 0.7829800173243184 -0.9304347096056599 0.2641064444708328 -0.2540453446729667 0 0 0 0 0 0
-12.099029541015625 1.357088565826416 15.743191719055176 -0.036926355111256075 0.9417627226247084 0.334244549054572 -0.9822863652501304 0.027281933537397034 -0.1853893005169087 0 0 0 0 0 0
-12.4237060546875 3.174281597137451 15.778969764709473 0.8393227995136723 -0.1628042849570255 -0.5186829503812165 -0.5216951991298044 -0.5095191490366909 -0.6842692130805244 0 0 0 0 0 0
-9.78680419921875 1.8017964363098145 12.995148658752441 0.24581588733803417 0.9646552218316393 0.09494657721669258 0.1542145537956519 -0.1356247799321641 0.9786847247535644 0 0 0 0 0 0
-10.194427490234375 1.9118247032165527 12.932391166687012 0.24589213766807425 0.9646526704727691 0.09477490165006677 0.1540422888584538 -0.13542463313106717 0.97873956800804 0 0 0 0 0 0
-10.71673583984375 2.0930075645446777 12.443875312805176 0.24574723280285846 0.9646780538836829 0.0948923069849597 0.15410225442208203 -0.13552996084724378 0.9787155485097683 0 0 0 0 0 0
-10.50433349609375 2.108363628387451 11.737576484680176 0.24581699070773774 0.9646619359504887 0.09487547843171668 0.154148763126687 -0.1355373260504703 0.9787072044659738 0 0 0 0 0 0
-13.134368896484375 2.395430088043213 12.577033042907715 0.8782269628288554 -0.18029602433563785 -0.44295682111145696 0.30109777105406327 -0.5111521122647344 0.805024006097691 0 0 0 0 0 0
-12.892242431640625 1.4097790718078613 13.13754940032959 0.5545095553861782 0.8021095542117432 0.22167412124030555 0.7968227801161338 -0.4349488338634343 -0.4193959573110286 0 0 0 0 0 0
-12.424102783203125 1.220055103302002 12.806918144226074 0.5725298397897319 0.4768157294464192 0.666975518818212 0.7959672682800906 -0.5183048937629512 -0.3127237517811952 0 0 0 0 0 0
-12.127349853515625 1.2622227668762207 12.505499839782715 0.49637662920373515 -0.04900298215120835 0.8667231101803077 0.7863304845052187 -0.39765256593938836 -0.47281794164309027 0 0 0 0 0 0
-11.785491943359375 1.4000582695007324 12.309845924377441 0.3469844356612102 -0.5936829879862184 0.7260456674236319 0.8035773963388466 -0.2109783024745789 -0.5565532534971162 0 0 0 0 0 0
-11.412445068359375 1.5619263648986816 12.241717338562012 0.17914032401911023 -0.94232016188039 0.2827392028425554 0.848277812059937 0.0023742546859826575 -0.5295461419758359 0 0 0 0 0 0
-11.0250244140625 1.6913743019104004 12.296357154846191 0.059737983134760184 -0.9558172668712228 -0.28782759722065726 0.9113326532276204 0.16987807024542947 -0.37498564827309744 0 0 0 0 0 0
-10.64129638671875 1.7319273948669434 12.45617961883545 0.03173823400149826 -0.6449642116599539 -0.7635534363620664 0.9682414862893796 0.20938764820440492 -0.13662077809601944 0 0 0 0 0 0
-10.169281005859375 1.6983590126037598 12.569336891174316 0.05889881271306519 -0.18801176218130242 -0.9803991570490422 0.9927432341543508 0.11417619818671605 0.03774475868763169 0 0 0 0 0 0
-9.838714599609375 1.643873691558838 12.630873680114746 0.16937298542286802 0.11462717332714878 -0.9788633218912498 0.9104131375385223 -0.39857119248570866 0.1108554171783418 0 0 0 0 0 0
-9.619964599609375 1.164243221282959 12.813902854919434 0.30738943439141614 0.5818960576081734 -0.7529334059294955 0.9441169122957568 -0.2854220653577213 0.16485599935719353 0 0 0 0 0 0
-9.388153076171875 0.7803530693054199 12.726040840148926 0.45471433932107774 0.8359858278218615 -0.3071849040835062 0.8878010986828885 -0.4529564244203738 0.08148427304557754 0 0 0 0 0 0
-9.162261962890625 0.5056900978088379 12.471678733825684 0.5544313441722594 0.8021282392863032 0.2218021017456709 0.8316051171591072 -0.5442986376672239 -0.11032643449505501 0 0 0 0 0 0
-8.911407470703125 0.39061877131462097 12.138840675354004 0.5725235566012105 0.47688686695641014 0.6669300512506539 0.7959746798285636 -0.5183221196351891 -0.31267633324046235 0 0 0 0 0 0
-8.614654541015625 0.4328007400035858 11.837422370910645 0.4964346446395445 -0.04897972058684303 0.8666911967782089 0.786340548534928 -0.39756132985692116 -0.4728779237098993 0 0 0 0 0 0
-8.272735595703125 0.5706887245178223 11.641800880432129 0.3469079791375873 -0.5937280835547437 0.7260453269659453 0.8035292450601368 -0.2111151355059968 -0.5565708866742594 0 0 0 0 0 0
-8.371002197265625 0.21175619959831238 10.398898124694824 0.45799165071643777 0.7918486032925552 -0.4040042541083719 -0.5215322022990412 -0.12869634301187724 -0.8434698650577159 0 0 0 0 0 0
-8.054168701171875 0.9442667961120605 8.586480140686035 0.5634155288789291 0.8086438543907679 0.1692869119988881 0.8150183075274541 -0.5775733416477413 0.04641328918473468 0 0 0 0 0 0
-7.8082275390625 0.755037784576416 8.306873321533203 0.5712186943260091 0.5026297259542871 0.6489010416385593 0.7622531291671414 -0.6180685055000974 -0.19225371149545464 0 0 0 0 0 0
-7.434112548828125 0.5981860160827637 8.051735877990723 0.4743312202384957 0.059837394615195875 0.8783105257895554 0.7639057925950233 -0.5238570197838383 -0.3768577488429352 0 0 0 0 0 0
-7.159454345703125 0.49580904841423035 7.8617939949035645 0.4287014688549682 -0.2562772078314184 0.8663354104200779 0.8904260332768112 -0.042357423480185195 -0.4531526541233576 0 0 0 0 0 0
-6.83758544921875 0.8574976921081543 7.576028347015381 0.2662690711986446 -0.7173505264764704 0.6438237366600753 0.8488805972016112 -0.14190072649590768 -0.5091816134883206 0 0 0 0 0 0
-6.446319580078125 1.090806484222412 7.5443949699401855 0.12351956637815563 -0.9725425401317432 0.19724077761925643 0.9058482640056926 0.029344788587439132 -0.4225846731492184 0 0 0 0 0 0
-6.051239013671875 1.2188754081726074 7.680708408355713 0.03692624016376738 -0.9417740961292348 -0.33421251419917014 0.9654762490793228 0.11991931207101861 -0.2312465590146915 0 0 0 0 0 0
-5.6770477294921875 1.1863064765930176 7.894663333892822 0.03765102071153821 -0.620903287729423 -0.7829824442004893 0.9950582875871877 0.09533543538990132 -0.027751739820629794 0 0 0 0 0 0
-5.343292236328125 0.9953064918518066 8.076163291931152 0.13210283593316968 -0.09941806518151247 -0.9862377446913997 0.990616622618824 -0.02192667086423622 0.13489969642695987 0 0 0 0 0 0
-5.0503997802734375 0.7075362205505371 8.151139259338379 0.292282089399671 0.44278142550043476 -0.847653106788364 0.9534474632355333 -0.2037108730604474 0.22235065785078523 0 0 0 0 0 0
-4.7866668701171875 0.39535948634147644 8.098101615905762 0.4579881823958921 0.7918211492426037 -0.4040619907858561 0.888913218931179 -0.41249935764786955 0.19919229189279622 0 0 0 0 0 0
-4.539398193359375 0.1160721480846405 7.922793865203857 0.5632042635737821 0.8087978865184097 0.16925405831373097 0.8151021461379641 -0.5774137653275663 0.04692371438331989 0 0 0 0 0 0
-4.2935333251953125 -0.073182612657547 7.643187046051025 0.5712431617230852 0.5026558358614419 0.6488592766224801 0.7622690095659569 -0.6180303096769562 -0.192313528842723 0 0 0 0 0 0
-3.92578125 -0.23789170384407043 7.370375156402588 0.47180162260164393 0.06268737903796605 0.8794734341751355 0.7630564424368087 -0.5287867944901818 -0.3716576268939998 0 0 0 0 0 0
-3.64886474609375 -0.32677510380744934 7.193273067474365 0.4323144210404263 -0.2567188736122936 0.8644071154795733 0.8908779093600341 -0.0266287473274494 -0.45346164163032093 0 0 0 0 0 0
-3.32318115234375 0.02425048127770424 6.906667232513428 0.2661916545311105 -0.7173260548506757 0.6438830127362851 0.8510799511032103 -0.13870990392045338 -0.5063817526180577 0 0 0 0 0 0
-3.55511474609375 -1.1502413749694824 5.957529544830322 0.45459928831037516 0.8360371593120098 -0.3072154867795659 -0.31422585049054697 -0.17220446221295363 -0.9335993455853747 0 0 0 0 0 0
-3.222808837890625 -0.19507458806037903 4.231415271759033 0.5544724471111002 0.8021205941760726 0.22172698932076926 0.8315860792671224 -0.5442838905038448 -0.11054247738826085 0 0 0 0 0 0
-2.9719390869140625 -0.3101182281970978 3.8985953330993652 0.5725035342004897 0.4769201820315139 0.6669234163672592 0.7960112799382749 -0.5182394445169574 -0.3127201949951185 0 0 0 0 0 0
-2.6751251220703125 -0.2679429352283478 3.5971522331237793 0.49637279784629773 -0.04903359860372617 0.8667235728686553 0.7862781965006134 -0.3977712910342233 -0.47280503142068003 0 0 0 0 0 0
-2.333160400390625 -0.13011983036994934 3.4014649391174316 0.34686891330474773 -0.5936453741848287 0.7261316180223377 0.8035201776984847 -0.21124115234503058 -0.5565361619763258 0 0 0 0 0 0
-1.960296630859375 0.03177497163414955 3.3333916664123535 0.17913854785266414 -0.942272681090906 0.28289852446238445 0.8482914495106053 0.0022922816256394445 -0.5295246567744932 0 0 0 0 0 0
-1.57281494140625 0.16117998957633972 3.3880105018615723 0.059699992714330984 -0.9558531501227353 -0.287716294759877 0.9112837886897167 0.16983092134489625 -0.37512573175731284 0 0 0 0 0 0
-1.1891021728515625 0.2017636001110077 3.5478692054748535 0.03170014355786379 -0.6449701196934888 -0.7635500282240694 0.9682333069609108 0.2093906286914926 -0.13667416693625778 0 0 0 0 0 0
-0.7212066650390625 0.15983626246452332 3.642879009246826 0.06278983318040242 -0.18665765642822393 -0.9804164197655506 0.9931322252830291 0.10885649548729573 0.04287944139798081 0 0 0 0 0 0
-0.38214111328125 0.11883780360221863 3.7208590507507324 0.1655575895931516 0.11605243708289525 -0.979348005754454 0.91864368112873 -0.37936616857960337 0.11034082317749935 0 0 0 0 0 0
-0.1712493896484375 -0.36855843663215637 3.905294895172119 0.3073487695521643 0.5819532794463493 -0.7529057805571756 0.9447207737324587 -0.2815453662427944 0.1680323374400161 0 0 0 0 0 0
0.0641632080078125 -0.7498297691345215 3.817720890045166 0.45463420314464065 0.8360216042024772 -0.3072061500649922 0.8878420801071079 -0.45287986536113006 0.08146329444337909 0 0 0 0 0 0
0.2898712158203125 -1.024458408355713 3.563361644744873 0.5545370591746148 0.8020798541975817 0.22171278152681145 0.8315468585017531 -0.5443172857685613 -0.11067300723036323 0 0 0 0 0 0
0.540740966796875 -1.139493465423584 3.2305378913879395 0.5725472762140814 0.47684854911718527 0.6669370867665644 0.7959883124323343 -0.518214717992956 -0.3128196165949413 0 0 0 0 0 0
0.8375701904296875 -1.0973620414733887 2.9290833473205566 0.4963329176347213 -0.048942827862988814 0.8667515413732927 0.7862855582772622 -0.39785663297858215 -0.4727209752481478 0 0 0 0 0 0
1.1795196533203125 -0.9594922065734863 2.733410358428955 0.3468711002334082 -0.5936705746963279 0.7261099700201044 0.8035794256609782 -0.2111240378560817 -0.556495055947235 0 0 0 0 0 0
1.0811309814453125 -1.3183979988098145 1.4905627965927124 0.45795277044670235 0.7918854075474209 -0.40397618909243266 -0.5214958281267208 -0.12871697703383198 -0.8434892062555974 0 0 0 0 0 0
1.3980255126953125 -0.5858778953552246 -0.32186615467071533 0.5632797639749817 0.8087466040861984 0.16924785929319897 0.8150821629497973 -0.5774615775001192 0.04668183963977896 0 0 0 0 0 0
1.6439361572265625 -0.775123119354248 -0.6014605760574341 0.5712504058159532 0.5026431367101106 0.6488627366194871 0.762287504172732 -0.6179855420646606 -0.1923840710172094 0 0 0 0 0 0
2.011627197265625 -0.9398055076599121 -0.8742810487747192 0.471766454841589 0.06269015911096437 0.8794921011793346 0.7630410321943137 -0.5288459644781426 -0.3716050713365195 0 0 0 0 0 0
2.2885589599609375 -1.0287318229675293 -1.0513797998428345 0.4323561293875098 -0.2567209885304112 0.8643856265747477 0.8908580478644357 -0.02661364353765173 -0.4535015463400513 0 0 0 0 0 0
2.614227294921875 -0.6776909828186035 -1.3379932641983032 0.26622722892925504 -0.7173334183121043 0.6438601009142603 0.8510629509341131 -0.13868754864639077 -0.5064164466106671 0 0 0 0 0 0
3.00372314453125 -0.44049885869026184 -1.3682838678359985 0.12355772490627535 -0.9725449415654777 0.1972050335346106 0.905880527805312 0.029414901843309377 -0.4225106305085328 0 0 0 0 0 0
3.3988037109375 -0.3124566376209259 -1.2319751977920532 0.03704069975669581 -0.9417530410899186 -0.3342591751312511 0.965502034741874 0.11999892124270077 -0.23109755474666824 0 0 0 0 0 0
3.77313232421875 -0.3450370132923126 -1.018074631690979 0.037651060052335567 -0.6209157829213638 -0.7829725334876603 0.9950623808777148 0.09530033194469109 -0.027725527825554316 0 0 0 0 0 0
4.10675048828125 -0.5360236167907715 -0.8365122079849243 0.13206489107985572 -0.09939437543739359 -0.986245214272534 0.9906261684123115 -0.021805986335387547 0.13484915059681896 0 0 0 0 0 0
4.4111785888671875 -0.8253083229064941 -0.7594524621963501 0.29228394071344105 0.44276992487187694 -0.8476584758202882 0.953436295484026 -0.20383340796512964 0.2222862394549385 0 0 0 0 0 0
4.676910400390625 -1.141862392425537 -0.8112884759902954 0.4579560350410325 0.7918552897234121 -0.40403152117940944 0.8889300819729217 -0.4124650399603568 0.19918810249137917 0 0 0 0 0 0
4.9241485595703125 -1.421154499053955 -0.9866076707839966 0.5632417513435068 0.8087683293790032 0.1692705495264771 0.8150968611896046 -0.5774348284296535 0.04675602416022231 0 0 0 0 0 0
5.1700439453125 -1.6103911399841309 -1.2662030458450317 0.5712188750835662 0.5026584955427662 0.6488785969709187 0.7622963879726098 -0.6179910159115086 -0.1923312796623934 0 0 0 0 0 0
5.5377349853515625 -1.7750678062438965 -1.5390249490737915 0.4717286718872783 0.06269736012362404 0.8795118539013521 0.7630431969902793 -0.5288754387657834 -0.37155867611610716 0 0 0 0 0 0
5.8146514892578125 -1.864011287689209 -1.7161422967910767 0.4323527621177147 -0.25665700102972305 0.8644063123969027 0.890865353614818 -0.02660882670437547 -0.4534874773024742 0 0 0 0 0 0
6.1403350830078125 -1.512962818145752 -2.0027451515197754 0.2662299008293088 -0.7173215439453107 0.6438722252872319 0.8510469985357414 -0.1387177845925758 -0.5064349736353461 0 0 0 0 0 0
5.908416748046875 -2.687469482421875 -2.951885461807251 0.4546407785149256 0.836030193762612 -0.30717304183243616 -0.3139866048263939 -0.1722963529029066 -0.9336628828254614 0 0 0 0 0 0
6.24072265625 -1.7322678565979004 -4.677978515625 0.5544658606031393 0.8021206026236523 0.22174342892696755 0.8315883849216333 -0.5442913867314134 -0.11048820929594559 0 0 0 0 0 0
6.4915771484375 -1.847327709197998 -5.010794639587402 0.5725497385764632 0.4768815944207934 0.6669113447518382 0.795979977516208 -0.5182561630116636 -0.31277216131511043 0 0 0 0 0 0
6.7884063720703125 -1.8051743507385254 -5.312239170074463 0.49633281339516494 -0.04898930944603197 0.8667489751405776 0.7862685345179286 -0.39787380429237884 -0.4727348384506255 0 0 0 0 0 0
7.1303558349609375 -1.6673188209533691 -5.50792121887207 0.34686962915048974 -0.5936883224678817 0.7260961617707906 0.8035485681239081 -0.2111617824592356 -0.556525291693608 0 0 0 0 0 0
7.50323486328125 -1.5054621696472168 -5.575987339019775 0.1791383294535845 -0.9422846360262629 0.2828588404654032 0.848292211646432 0.002314897609120462 -0.5295233374546058 0 0 0 0 0 0
7.890716552734375 -1.3760228157043457 -5.5213775634765625 0.05966191950332449 -0.9558507553898888 -0.2877321476334503 0.9112900081269509 0.16980116527813266 -0.37512409327870455 0 0 0 0 0 0
8.274429321289062 -1.3354411125183105 -5.361545562744141 0.031661960697887744 -0.6450111214084944 -0.7635169765657617 0.9682362069350378 0.20935443990727579 -0.13670905628802338 0 0 0 0 0 0
8.7423095703125 -1.3773884773254395 -5.266498565673828 0.06282803572144496 -0.1866339798222037 -0.9804184797845816 0.9931380335759393 0.10878144661326723 0.04293533670115351 0 0 0 0 0 0
9.081390380859375 -1.4183707237243652 -5.188520908355713 0.16555779845182847 0.11602158908498457 -0.9793516254328569 0.9186102834706403 -0.37944808211875475 0.11033721076041654 0 0 0 0 0 0
9.292266845703125 -1.9057683944702148 -5.004101276397705 0.3073506643404359 0.5819246805951999 -0.7529271115079252 0.9447143772502103 -0.28157888718620655 0.16801212964463258 0 0 0 0 0 0
9.527694702148438 -2.2870311737060547 -5.0916829109191895 0.4546345541983459 0.8360235163468278 -0.3072004268290599 0.8878383569414973 -0.4528962004200301 0.08141304311056519 0 0 0 0 0 0
9.753402709960938 -2.561671257019043 -5.346042633056641 0.5544564766718117 0.8021225242505275 0.2217599413028476 0.831595517906578 -0.5442735166343975 -0.11052254832438828 0 0 0 0 0 0
10.004287719726562 -2.6767196655273438 -5.678850173950195 0.5725461018126998 0.4768618760812675 0.6669285662193032 0.7959810855495915 -0.5182490745329096 -0.3127810866933565 0 0 0 0 0 0
10.301071166992188 -2.6345553398132324 -5.9803032875061035 0.49637149134893677 -0.049023932740531996 0.8667248678760084 0.7862997830947922 -0.3977245841515156 -0.4728084244877484 0 0 0 0 0 0
10.643020629882812 -2.4967026710510254 -6.175980091094971 0.34683260823075085 -0.593712899624875 0.7260937506182504 0.8035880927242314 -0.2111250458558593 -0.556482158064563 0 0 0 0 0 0
10.544662475585938 -2.855588436126709 -7.418811321258545 0.4579190764607948 0.7918609212882638 -0.40406237235084763 -0.5217566263326323 -0.1286101462815447 -0.8433442079906813 0 0 0 0 0 0
10.861557006835938 -2.123106002807617 -9.231247901916504 0.5632805374021282 0.8087537495538494 0.16921113665051404 0.8150764120286497 -0.5774645183262815 0.04674583006748838 0 0 0 0 0 0
11.107437133789062 -2.312328338623047 -9.510841369628906 0.571246385484944 0.5026443675552955 0.6488653225711203 0.7622877378352956 -0.617987810825946 -0.19237585715599123 0 0 0 0 0 0
11.475112915039062 -2.477017879486084 -9.783676147460938 0.47184187792435445 0.06269719593225376 0.8794511378462428 0.7630887286816291 -0.528696468413354 -0.3717198359602327 0 0 0 0 0 0
11.7520751953125 -2.5659537315368652 -9.960797309875488 0.4323194131035223 -0.25668488316114924 0.8644147128608889 0.8908630337371299 -0.026731482665626288 -0.4534848210857498 0 0 0 0 0 0
12.077728271484375 -2.214907169342041 -10.24739933013916 0.26622741544928863 -0.7173243841470534 0.6438700887378156 0.8510848619604908 -0.13866137353627211 -0.5063867901424035 0 0 0 0 0 0
12.46722412109375 -1.9777350425720215 -10.277671813964844 0.12352014720704631 -0.9725471133408411 0.19721786320297374 0.9058134968122973 0.02933549040408833 -0.4226598372159698 0 0 0 0 0 0
12.862335205078125 -1.8496780395507812 -10.141382217407227 0.03696446081870472 -0.9417664374156642 -0.33422986999038573 0.9654505565955132 0.11998812089613745 -0.2313181221029342 0 0 0 0 0 0
13.236648559570312 -1.8822484016418457 -9.927461624145508 0.037612887856170604 -0.6209142489114122 -0.7829755846550362 0.9950562056998303 0.09534121862070481 -0.02780646561819875 0 0 0 0 0 0
13.57025146484375 -2.0732455253601074 -9.745919227600098 0.13210270112139041 -0.09936908801414725 -0.9862426986820583 0.9906213703850898 -0.021798829932385806 0.13488554981889514 0 0 0 0 0 0
13.863204956054688 -2.3610124588012695 -9.671000480651855 0.29228271971151437 0.4427752277945091 -0.8476561268636952 0.9534440514207264 -0.2037474290374763 0.22233179253325405 0 0 0 0 0 0
14.126983642578125 -2.673208236694336 -9.724011421203613 0.4580662596610367 0.7918098536511418 -0.4039956155963889 0.8888721616020815 -0.41262256470157854 0.19912031395097501 0 0 0 0 0 0
14.374252319335938 -2.9524993896484375 -9.899316787719727 0.5632357779698239 0.8087728650333579 0.16926875435372327 0.8150986603095997 -0.5774307348728138 0.04677521123135857 0 0 0 0 0 0
14.620132446289062 -3.1417417526245117 -10.178908348083496 0.5712081399534704 0.5026633538923717 0.6488842836011434 0.7622987327071139 -0.6179941185099583 -0.19231201626582733 0 0 0 0 0 0
14.9942626953125 -3.2986221313476562 -10.434096336364746 0.47447722523493974 0.05976861392909877 0.8782363437721913 0.7638995977048055 -0.5237178116832647 -0.37706373248050384 0 0 0 0 0 0
15.268936157226562 -3.400942802429199 -10.624048233032227 0.4286527465016248 -0.2563221450496292 0.8663462245971701 0.8904467914085351 -0.0423637777459197 -0.45311126890129244 0 0 0 0 0 0
15.590805053710938 -3.0392885208129883 -10.909778594970703 0.2662291379548339 -0.7173349857701663 0.6438575652222632 0.848866235065517 -0.1419816442317572 -0.5091830001747322 0 0 0 0 0 0
15.981979370117188 -2.805943012237549 -10.941384315490723 0.12355781613666099 -0.9725361974362777 0.1972480944083482 0.9058441743761885 0.029375563716701695 -0.42259130138355616 0 0 0 0 0 0
16.377105712890625 -2.677898406982422 -10.805076599121094 0.03696443136287357 -0.9417656869512304 -0.33423198783972896 0.9654619203177701 0.11997477542194807 -0.23127761171107084 0 0 0 0 0 0
16.751388549804688 -2.710470676422119 -10.59116268157959 0.03761294598496497 -0.620924745253636 -0.7829672579527445 0.9950562412900389 0.09534056205337202 -0.02780744319578947 0 0 0 0 0 0
17.08502197265625 -2.901482105255127 -10.409621238708496 0.13210256261938735 -0.09935587084965582 -0.9862440488424238 0.9906213973955464 -0.02180040764114821 0.13488509646649197 0 0 0 0 0 0
17.377960205078125 -3.1892318725585938 -10.334681510925293 0.29228210667191074 0.4427516493437351 -0.8476686540876877 0.9534441938401043 -0.20374146067356289 0.22233665112886128 0 0 0 0 0 0
17.641769409179688 -3.501436233520508 -10.38770866394043 0.45803083069184897 0.7918157440832223 -0.4040242388244395 0.888890350726285 -0.4125891788566434 0.19910829685400638 0 0 0 0 0 0
17.889007568359375 -3.780719757080078 -10.563024520874023 0.563240311479189 0.8087734144142246 0.1692510433101767 0.8150981491247788 -0.5774320354414951 0.04676806324033362 0 0 0 0 0 0
18.134918212890625 -3.969968318939209 -10.842608451843262 0.5712115936766474 0.502638975089718 0.6489001278857497 0.7622682398052514 -0.618045419746906 -0.1922680153173552 0 0 0 0 0 0
18.502578735351562 -4.134641647338867 -11.115438461303711 0.47176744298965123 0.06267360098381257 0.8794927512348968 0.7630869129222564 -0.5287502625314668 -0.37164704115556435 0 0 0 0 0 0
18.779541015625 -4.223580360412598 -11.292522430419922 0.4323170047513715 -0.25668106905737137 0.8644170499188267 0.8908570211014021 -0.026783863395231457 -0.4534935419782311 0 0 0 0 0 0
19.105224609375 -3.8725337982177734 -11.579140663146973 0.26619100346110247 -0.7173576698317616 0.6438480591023915 0.851006606350383 -0.13879644755982287 -0.5064812949090792 0 0 0 0 0 0
19.49468994140625 -3.6353516578674316 -11.609420776367188 0.12352002704197336 -0.9725437830219179 0.19723436066001945 0.905853823723482 0.029351181582102193 -0.42257231119097405 0 0 0 0 0 0
19.889801025390625 -3.507302761077881 -11.473116874694824 0.03704064876139918 -0.9417434744131058 -0.3342861330352587 0.9654895601766778 0.12002069705429814 -0.23113836001072113 0 0 0 0 0 0
20.264068603515625 -3.539872169494629 -11.259210586547852 0.03772736643136592 -0.6209303672450484 -0.782957294400584 0.9950623943444938 0.09532256766680323 -0.027648498237895596 0 0 0 0 0 0
20.597793579101562 -3.7308826446533203 -11.077651023864746 0.13206414957489826 -0.09935567058843758 -0.9862492134947336 0.990627879014433 -0.021765390268139298 0.1348431425985076 0 0 0 0 0 0
20.89056396484375 -4.0186285972595215 -11.002717018127441 0.2923953244143233 0.44272476334368016 -0.8476436504704823 0.9534008076764962 -0.20389520853678483 0.22238175252827283 0 0 0 0 0 0
21.368499755859375 -3.7487850189208984 -9.830977439880371 0.17913806743882096 -0.942280873619463 0.28287153975829044 -0.10385423635316825 0.267804421221821 0.9578596398040508 0 0 0 0 0 0
21.943527221679688 -4.692453384399414 -8.189258575439453 0.05962374896937979 -0.9558384572913319 -0.28778090993282224 0.911295925124808 0.16978441895338153 -0.37511729889673584 0 0 0 0 0 0
22.3272705078125 -4.651869773864746 -8.029434204101562 0.0317001021421457 -0.644996704472615 -0.7635275730081027 0.9682327112769116 0.2093876129566712 -0.13668300682114082 0 0 0 0 0 0
22.795196533203125 -4.693800926208496 -7.934394359588623 0.06271367513536288 -0.1866032242936225 -0.9804316557691516 0.9931294975142363 0.10891398346027296 0.04279655796832441 0 0 0 0 0 0
23.134231567382812 -4.7347941398620605 -7.85645055770874 0.165595654360975 0.11607264505207451 -0.9793391753255741 0.9185379014512424 -0.37962804280387075 0.1103207719083332 0 0 0 0 0 0
23.345062255859375 -5.2221903800964355 -7.672019958496094 0.3073501115093863 0.5819498599280698 -0.7529078758286883 0.9447144864853204 -0.2815846000650161 0.16800194055725196 0 0 0 0 0 0
23.580398559570312 -5.603435039520264 -7.759580135345459 0.4547111123847568 0.8359953923257766 -0.3071636506552945 0.887796229992709 -0.4529839098889935 0.08138446653024851 0 0 0 0 0 0
24.909393310546875 -4.28122091293335 -7.578393936157227 -0.8597733685459445 0.17175892820837466 0.48092476056018374 0.40064480270690117 -0.3570879108147638 0.8437843124957322 0 0 0 0 0 0
22.712203979492188 -4.6392130851745605 -5.714101314544678 0.24581959509564352 0.9646602354211578 0.09488602038346157 0.15412160182355725 -0.13554211080308975 0.9787108194203148 0 0 0 0 0 0
23.11993408203125 -4.749285697937012 -5.651341438293457 0.24581914094632676 0.9646608374070005 0.09488107670992416 0.1541030649760867 -0.13553263056653747 0.9787150511853236 0 0 0 0 0 0
23.642166137695312 -4.930416107177734 -5.162844657897949 0.2457826220740322 0.9646696117370799 0.09488647362740894 0.15411825736789614 -0.13553464752530436 0.9787123796428012 0 0 0 0 0 0
23.429718017578125 -4.945768356323242 -4.456521987915039 0.2458192057862201 0.9646587076693935 0.09490255941884398 0.1541477370492035 -0.13556498650530854 0.9787035350893678 0 0 0 0 0 0
25.046463012695312 -5.657488822937012 -4.239515781402588 -0.906499416798276 0.19419367792793188 0.3748968162004158 -0.39687454867383326 -0.08898189883890005 -0.9135495686025827 0 0 0 0 0 0
24.25946044921875 -6.078866004943848 -5.173873424530029 -0.12367262889799276 0.9725212417936707 -0.1972498799025136 -0.9363614923467936 -0.04856032476079803 0.3476622650061576 0 0 0 0 0 0
23.75128173828125 -6.082630634307861 -4.88325834274292 -0.2662283960013683 0.7173186814797398 -0.6438760364873864 -0.9593255961074441 -0.1321077649959503 0.24948334429550986 0 0 0 0 0 0
23.4510498046875 -5.904993057250977 -4.665500164031982 -0.4285450375073849 0.25635954961201934 -0.8663884418380228 -0.8939136216869129 0.01916093789403369 0.4478295383531638 0 0 0 0 0 0
22.9935302734375 -5.989424705505371 -4.421044826507568 -0.47432317066419516 -0.05978750296143985 -0.8783182704809804 -0.8746745625317943 0.14511809241730475 0.46247718745142113 0 0 0 0 0 0
22.958709716796875 -5.522323131561279 -4.214731216430664 -0.5712479973412865 -0.502638633320042 -0.6488683455276038 -0.8205931224550717 0.3665061444111093 0.4385204367966661 0 0 0 0 0 0
22.6756591796875 -5.115603446960449 -4.203197479248047 -0.5632819907427651 -0.8087439152396467 -0.16925329677059428 -0.7834900885097649 0.45774199683836786 0.42025652349176507 0 0 0 0 0 0
22.365615844726562 -4.866337776184082 -4.325758934020996 -0.4579886073540112 -0.7918456511049979 0.4040134903193647 -0.7751674864737255 0.5782104517569748 0.25453495122085257 0 0 0 0 0 0
22.017196655273438 -4.7324299812316895 -4.499934196472168 -0.2923567218958692 -0.44275506749408183 0.847641137139186 -0.8007421596694377 0.5979183043358127 0.03613440283319429 0 0 0 0 0 0
21.640655517578125 -4.722784996032715 -4.669710159301758 -0.13210267213950244 0.09934760858931918 0.9862448664916773 -0.8593881872715586 0.4843435042817734 -0.16390031555233953 0 0 0 0 0 0
21.250381469726562 -4.834784984588623 -4.773926734924316 -0.03772736152462804 0.6209064446267889 0.7829762660600321 -0.9305029922887688 0.26384491687195666 -0.25406700136475363 0 0 0 0 0 0
20.869430541992188 -5.026709079742432 -4.742419719696045 -0.03700254487990991 0.94176006670097 0.3342436064306914 -0.9823471879125596 0.027095220528139684 -0.18509416907298337 0 0 0 0 0 0
20.52691650390625 -5.202647686004639 -4.5411505699157715 -0.12363385822429507 0.9725246806648363 -0.19725722952108293 -0.9922508624395806 -0.12363413477014781 0.0123623099599381 0 0 0 0 0 0
20.238540649414062 -5.2532501220703125 -4.215217590332031 -0.2661143358106321 0.7173805055015507 -0.6438543085220488 -0.9593988821871308 -0.13234437078676267 0.24907579645389125 0 0 0 0 0 0
19.935791015625 -5.069642066955566 -4.016271591186523 -0.4323545148307358 0.2567104931807494 -0.8643895511841726 -0.8911938568840079 0.02427995784797097 0.45297239772320286 0 0 0 0 0 0
19.479568481445312 -5.163808822631836 -3.7542760372161865 -0.4718031775617042 -0.06269354612494842 -0.8794721603990419 -0.8781361068491988 0.12305407289590926 0.46231447413147325 0 0 0 0 0 0
19.556350708007812 -5.319432735443115 -2.7778584957122803 -0.0315857172356497 0.6450014221702914 0.7635283281352506 0.49220255022517323 -0.6548247205921736 0.5735339875310074 0 0 0 0 0 0
19.43670654296875 -5.295793533325195 -0.7517739534378052 -0.05970010169282903 0.9558537028765179 0.28771443577810846 -0.9959462152181627 -0.037608918688174904 -0.08171111079726863 0 0 0 0 0 0
19.113754272460938 -5.395594596862793 -0.5088273286819458 -0.17917549392986287 0.9422830452008746 -0.2828406001654574 -0.9833846832354468 -0.16301255178528176 0.07988412068972742 0 0 0 0 0 0
18.82672119140625 -5.379462242126465 -0.21380625665187836 -0.3468700824638612 0.5936795616072797 -0.72610310839529 -0.9371223872791364 -0.18759225710964172 0.29429708855638115 0 0 0 0 0 0
18.568572998046875 -5.239247798919678 0.07665480673313141 -0.4962889342296824 0.04901973785659774 -0.8667723801908067 -0.8671111125254979 -0.07699140275678094 0.49212868483389255 0 0 0 0 0 0
18.328628540039062 -4.978472709655762 0.3007549047470093 -0.5725854862170219 -0.4768342965436299 -0.6669144732372798 -0.7994629820572461 0.14448687258860476 0.5830801694190088 0 0 0 0 0 0
18.084014892578125 -4.6388044357299805 0.38819921016693115 -0.5544736885137163 -0.8021176215999851 -0.2217346383963886 -0.7641608803680109 0.3852172053256717 0.517364333556408 0 0 0 0 0 0
17.805068969726562 -4.3161211013793945 0.30516040325164795 -0.4546735555054677 -0.8360143585766016 0.30716762553656285 -0.7760154065761924 0.5411038232532274 0.3240474366772972 0 0 0 0 0 0
17.473648071289062 -4.119215965270996 0.09706105291843414 -0.3073129066625892 -0.5819218415906735 0.7529447175445951 -0.8274906471844481 0.5541332382615687 0.0905294597134597 0 0 0 0 0 0
17.0712890625 -4.130964756011963 0.012914074584841728 -0.16559559653948627 -0.11603564973479984 0.979343569130545 -0.9077428737510653 0.40607744476532964 -0.10537544309286895 0 0 0 0 0 0
16.641845703125 -3.838163375854492 -0.06667862832546234 -0.06278999605599207 0.1866319145377811 0.9804213098822623 -0.9515110268673433 0.2852163500450171 -0.11523193748632421 0 0 0 0 0 0
16.337158203125 -4.225704193115234 -0.20936165750026703 -0.031623882690722145 0.6450053748336225 0.7635234092542948 -0.9937050996501307 0.061849621269394056 -0.09340663401577301 0 0 0 0 0 0
15.921920776367188 -4.4675679206848145 -0.08807717263698578 -0.05969994386118045 0.9558464074800976 0.28773870440099447 -0.9959310633274305 -0.0375411275556818 -0.0819266796675037 0 0 0 0 0 0
15.598983764648438 -4.567385196685791 0.15487040579319 -0.17913857141606868 0.9422894850583519 -0.28284253318671165 -0.9833885221978337 -0.16294835548048892 0.07996779261530929 0 0 0 0 0 0
15.311920166015625 -4.551238536834717 0.44989097118377686 -0.3469085941986509 0.5936503835804725 -0.7261085658122164 -0.9371083808824623 -0.1876130210100259 0.29432845059107293 0 0 0 0 0 0
15.053878784179688 -4.411023139953613 0.7403577566146851 -0.49637452870785415 0.04898370106585682 -0.8667254030429399 -0.8670709484314605 -0.0767732591091581 0.4922335188423539 0 0 0 0 0 0
15.095794677734375 -4.280567646026611 1.569653868675232 -0.03761296051613665 0.620927369326845 0.7829651762511891 0.8525129852707373 -0.3888394200366161 0.34932150716834487 0 0 0 0 0 0
14.929962158203125 -4.325961589813232 3.4978785514831543 -0.03696442061909224 0.9417606448531536 0.33424619581091325 -0.9823250742276016 0.027173897528700617 -0.18519996716208414 0 0 0 0 0 0
14.58734130859375 -4.501905918121338 3.699118137359619 -0.12351980271717557 0.9725467851524743 -0.19721969735880102 -0.9922625154178261 -0.12356320388734462 0.01213404886190359 0 0 0 0 0 0
14.299087524414062 -4.552465915679932 4.025071620941162 -0.2662259917556038 0.717351542354007 -0.6438404196662962 -0.9593398473324896 -0.13221760635134158 0.24937033081502957 0 0 0 0 0 0
13.996261596679688 -4.368868350982666 4.224026203155518 -0.43228473402883016 0.25667978974608857 -0.8644335684490319 -0.8912379024446693 0.02424336909176504 0.4528876906045328 0 0 0 0 0 0
13.540084838867188 -4.463051795959473 4.486009120941162 -0.47176504149642057 -0.06268758710714697 -0.8794930426356792 -0.8781516324072299 0.12310742148643143 0.4622707791711255 0 0 0 0 0 0
13.508621215820312 -3.991215229034424 4.6927170753479 -0.5712133861224893 -0.5026620100519383 -0.6488807064206987 -0.8206505817783489 0.36491303091397564 0.43973981227088516 0 0 0 0 0 0
13.22344970703125 -3.5854358673095703 4.7051520347595215 -0.5632403999468978 -0.8087723493539896 -0.16925583826883772 -0.7834915042130945 0.4576692521513908 0.4203331041698827 0 0 0 0 0 0
12.913406372070312 -3.3361754417419434 4.582587718963623 -0.45802740736676306 -0.7918241310596471 0.40401168247034125 -0.7751937073054549 0.5782232018536635 0.25442610910070207 0 0 0 0 0 0
12.564956665039062 -3.20225191116333 4.408431529998779 -0.292319811686666 -0.4428022398661265 0.8476292255845203 -0.8007124298742089 0.597952268690251 0.036231050400481156 0 0 0 0 0 0
12.188522338867188 -3.1926631927490234 4.2386393547058105 -0.13217879353304013 0.09940112301550341 0.9862292752110975 -0.859418722338964 0.484258602157077 -0.16399105442107698 0 0 0 0 0 0
11.798080444335938 -3.304570198059082 4.134410381317139 -0.037612925313039544 0.6208922174788966 0.7829930536879203 -0.9304800151569167 0.26397129463287905 -0.25401987521338965 0 0 0 0 0 0
11.417282104492188 -3.4965624809265137 4.165927410125732 -0.03704072526189786 0.9417466115006352 0.3342772866934636 -0.9823195346984284 0.027114557203714744 -0.18523804290023604 0 0 0 0 0 0
11.07464599609375 -3.67250394821167 4.367175579071045 -0.12352026336538205 0.9725480279240624 -0.1972132802809278 -0.9922624739829685 -0.12356348577327689 0.012134566690080464 0 0 0 0 0 0
10.786407470703125 -3.7230677604675293 4.693141460418701 -0.2661910556929017 0.7173446974963631 -0.6438624906320837 -0.9593482806062001 -0.1321777668705162 0.24935900714241563 0 0 0 0 0 0
10.486160278320312 -3.545429229736328 4.910924434661865 -0.4286931619038982 0.2563115807809415 -0.8663293522064301 -0.8938152351112366 0.019345973987413185 0.44801792237981186 0 0 0 0 0 0
10.028732299804688 -3.629870891571045 5.1553635597229 -0.47447441374742666 -0.05976229927939076 -0.8782382924263074 -0.8745711156194776 0.14534004999908745 0.46260310590220355 0 0 0 0 0 0
10.103363037109375 -3.7882742881774902 6.130568027496338 -0.031585705350391305 0.6450095241188207 0.7635214843169319 0.492712258841577 -0.6545876750264522 0.5733669032048282 0 0 0 0 0 0
9.984481811523438 -3.7656149864196777 8.156569480895996 -0.059661857408275475 0.9558461842794569 0.28774734537263297 -0.9959337909646389 -0.03750602476159771 -0.08190959724834057 0 0 0 0 0 0
9.66156005859375 -3.86544132232666 8.399534225463867 -0.1791764808330406 0.9422906195076441 -0.28281473989908595 -0.9833818207490386 -0.16298882729033592 0.07996772348158192 0 0 0 0 0 0
9.374526977539062 -3.8492918014526367 8.694561958312988 -0.3468674444189934 0.5936762385893318 -0.7261070855849425 -0.9371235231999828 -0.1875922658776832 0.29429346586040234 0 0 0 0 0 0
9.116485595703125 -3.7090673446655273 8.984994888305664 -0.4963693508601119 0.04896411657803431 -0.8667294749888478 -0.8670736427051744 -0.07676791772099611 0.49222960591045506 0 0 0 0 0 0
8.87646484375 -3.44830322265625 9.209115028381348 -0.5725478611575989 -0.4768502283827877 -0.6669353839579528 -0.7994923316884817 0.14448388604552678 0.5830406660298217 0 0 0 0 0 0
8.631851196289062 -3.108640670776367 9.29654598236084 -0.5545345069224092 -0.8020904675392037 -0.22168076712936186 -0.7641564915624923 0.385344264354087 0.5172761876718375 0 0 0 0 0 0
8.352890014648438 -2.7859530448913574 9.21352767944336 -0.4546372743586636 -0.8360428235927072 0.30714385210005263 -0.7760090760480828 0.5410671374979236 0.3241238445576074 0 0 0 0 0 0
8.021484375 -2.589055061340332 9.00542163848877 -0.3073512045516614 -0.5818887484026548 0.752954661014217 -0.8275267820148424 0.554097266269982 0.09041927095642871 0 0 0 0 0 0
7.620941162109375 -2.6065750122070312 8.940244674682617 -0.16944839156966918 -0.11462061218071296 0.9788510396673086 -0.9094598760136907 0.4008400206681103 -0.11049892194927254 0 0 0 0 0 0
7.1910247802734375 -2.30318546295166 8.846768379211426 -0.05886076211648518 0.1879655781805135 0.9804102978357233 -0.9445467874100372 0.30734440192847234 -0.1156321105775019 0 0 0 0 0 0
6.8887939453125 -2.6962127685546875 8.703540802001953 -0.031623821665169694 0.6450339324522516 0.7634992861086864 -0.99347521816158 0.06345940587308424 -0.09476230635139982 0 0 0 0 0 0
6.471832275390625 -2.936220169067383 8.824641227722168 -0.05969995176186643 0.9558524944351804 0.28771848157821556 -0.9959371115017327 -0.03756899841051382 -0.08184033413920229 0 0 0 0 0 0
6.1488800048828125 -3.0360312461853027 9.06760311126709 -0.17913895187065398 0.9422724127250902 -0.28289916249420144 -0.9833910806390473 -0.16297021751932614 0.07989174376160886 0 0 0 0 0 0
5.8618316650390625 -3.0198917388916016 9.362601280212402 -0.3468705563573629 0.5936839489716718 -0.7260992947701678 -0.9371238785792607 -0.1876282621509042 0.2942693858334482 0 0 0 0 0 0
5.590850830078125 -2.8759255409240723 9.647276878356934 -0.49636309185158267 0.04900999028611599 -0.8667304666963611 -0.8674267646031252 -0.06774876904409788 0.4929309407444052 0 0 0 0 0 0
5.632293701171875 -2.7433366775512695 10.479044914245605 -0.03765102908604132 0.6208760077208022 0.7830040760081907 0.8526612610626594 -0.38864651111950516 0.3491742591853987 0 0 0 0 0 0
5.466461181640625 -2.7887349128723145 12.407238960266113 -0.036964413665828144 0.9417378179381637 0.3343105059482987 -0.9822998065531906 0.027232697875725558 -0.18532530915116294 0 0 0 0 0 0
5.1238555908203125 -2.9646520614624023 12.608519554138184 -0.12352013201981188 0.9725553384288842 -0.19717730771893302 -0.992263050333074 -0.1235550048829434 0.0121737304093366 0 0 0 0 0 0
4.8355865478515625 -3.0152506828308105 12.934460639953613 -0.2662274510343568 0.7173435534945294 -0.6438487171499144 -0.9593393982940495 -0.1322153596530792 0.2493732494727899 0 0 0 0 0 0
4.532745361328125 -2.8316617012023926 13.133379936218262 -0.43224554819239236 0.25674473845339096 -0.8644338756344283 -0.8912575671772173 0.02421543004244119 0.4528504851462652 0 0 0 0 0 0
4.0765838623046875 -2.9258246421813965 13.395398139953613 -0.4717663832508994 -0.06267584439890254 -0.8794931598160669 -0.8781551792642758 0.12304812257596702 0.4622798293910924 0 0 0 0 0 0
4.0451202392578125 -2.4539971351623535 13.602105140686035 -0.5712459871820734 -0.5026392487548975 -0.6488696384787093 -0.8206270297028148 0.3649701030135498 0.4397364006167953 0 0 0 0 0 0
3.7599334716796875 -2.048211097717285 13.61457347869873 -0.5632361278495963 -0.8087471415787535 -0.16939045213112985 -0.7834876676436777 0.4575863415817985 0.4204305110812672 0 0 0 0 0 0
3.44989013671875 -1.7989354133605957 13.49194049835205 -0.45795569914956785 -0.7918392116795296 0.4040634114383182 -0.7751476228528544 0.5782141158509178 0.25458711478845636 0 0 0 0 0 0
3.1014556884765625 -1.665027141571045 13.317784309387207 -0.2923182847646029 -0.44270217594472244 0.8476820180976405 -0.8007615361369955 0.59789369984733 0.036112129906585584 0 0 0 0 0 0
2.7250213623046875 -1.6554250717163086 13.14802074432373 -0.13206455395778183 0.09934882227434952 0.9862498492271783 -0.8593427632978327 0.4844343693476558 -0.16386993916635328 0 0 0 0 0 0
2.3345794677734375 -1.7673554420471191 13.043787956237793 -0.037650977061642985 0.6208954153574121 0.7829886890079897 -0.9304770199698614 0.26395131764240365 -0.25405160346442485 0 0 0 0 0 0
1.9537811279296875 -1.9593453407287598 13.075263023376465 -0.03704063952234536 0.9417587366918759 0.3342431343921628 -0.9823276411507662 0.027093115784417577 -0.18519818710846978 0 0 0 0 0 0
1.6111602783203125 -2.135251998901367 13.276556968688965 -0.12355811498640211 0.972561199491078 -0.19712459376110925 -0.9922593542017486 -0.12357657698651914 0.012255758622944589 0 0 0 0 0 0
1.3228912353515625 -2.185859203338623 13.602519035339355 -0.2661886147900776 0.7173166620371533 -0.6438947334153433 -0.9593537140147641 -0.13219966030078398 0.24932649522751463 0 0 0 0 0 0
1.02264404296875 -2.008197784423828 13.82034969329834 -0.4286142523751445 0.2562599491000813 -0.8663836685603669 -0.8938832832424014 0.019172408664954853 0.44788960100204267 0 0 0 0 0 0
0.5652313232421875 -2.0926342010498047 14.064763069152832 -0.47439703876198447 -0.059775276200753326 -0.878279207296281 -0.8746314350495342 0.14515348887682178 0.4625476380764243 0 0 0 0 0 0
0.5302276611328125 -1.6255545616149902 14.271088600158691 -0.5713283993133699 -0.5026350952428917 -0.6488002937485399 -0.820532447888842 0.36678734855745354 0.4383988399844801 0 0 0 0 0 0
0.2472381591796875 -1.2188067436218262 14.282597541809082 -0.5632365969848123 -0.8087537756349225 -0.1693572148248356 -0.7834921602035 0.45761077107688275 0.42039554837566234 0 0 0 0 0 0
-0.0627899169921875 -0.9695448875427246 14.160017967224121 -0.4579559529352393 -0.7918146164583627 0.4041113192352734 -0.7751699783133675 0.5782195794201593 0.25450662603717755 0 0 0 0 0 0
-0.4112396240234375 -0.8356461524963379 13.985852241516113 -0.29228226820990905 -0.44269586564552266 0.8476977328213355 -0.8007527377794446 0.5979032520574922 0.03614905417572062 0 0 0 0 0 0
-0.787689208984375 -0.8260226249694824 13.816067695617676 -0.1320267951544492 0.09932288824290667 0.9862575166924369 -0.8593094003925885 0.4845084011603868 -0.16382601625485427 0 0 0 0 0 0
-1.1781158447265625 -0.9379639625549316 13.711888313293457 -0.03765109833798017 0.6209403306890763 0.7829530640579192 -0.9305102663076422 0.2638693168659765 -0.2540150151324995 0 0 0 0 0 0
-1.558929443359375 -1.129936695098877 13.743367195129395 -0.037002568987784035 0.9417582960897338 0.334248592569162 -0.982322269342135 0.02714171034397045 -0.18521956352967284 0 0 0 0 0 0
-1.901519775390625 -1.3058648109436035 13.94461727142334 -0.12359609367569237 0.9725467621106043 -0.1971720090080972 -0.9922556557165899 -0.12359679642032471 0.012350935716503685 0 0 0 0 0 0
-2.189788818359375 -1.356459140777588 14.270539283752441 -0.26626487920529895 0.7173654588517693 -0.6438088323005345 -0.9593163783645112 -0.1321617320305805 0.24949020579628997 0 0 0 0 0 0
-2.49261474609375 -1.1728510856628418 14.469500541687012 -0.432325209759612 0.2567324328670421 -0.8643976925700791 -0.8911907167053936 0.024398599251053484 0.4529722009270695 0 0 0 0 0 0
-2.9488067626953125 -1.267026424407959 14.731513023376465 -0.47175642052426947 -0.06267690496463633 -0.8794984282408823 -0.8781656599244498 0.12298311576121414 0.46227721874122163 0 0 0 0 0 0
-2.980255126953125 -0.7951998710632324 14.938248634338379 -0.5712121964464217 -0.5026097032058492 -0.6489222702868062 -0.8206520079563242 0.36484669327665803 0.4397921921116171 0 0 0 0 0 0
-3.265472412109375 -0.389405757188797 14.950642585754395 -0.5632777787108326 -0.8087628271529954 -0.16917692935528944 -0.7834770763351191 0.457755933899845 0.4202656015389019 0 0 0 0 0 0
-3.5755157470703125 -0.14014104008674622 14.828120231628418 -0.4580312984657344 -0.7918201290255187 0.40401511468731516 -0.7751628279134016 0.5782407854615295 0.25448022369161016 0 0 0 0 0 0
-3.9239654541015625 -0.006231811363250017 14.653943061828613 -0.292320330681191 -0.44276250301191095 0.847649803985742 -0.8007426537749341 0.5979153721025081 0.0361719536242554 0 0 0 0 0 0
-4.3003082275390625 0.0033259126357734203 14.484116554260254 -0.1320649873130421 0.09936345457364237 0.9862483171195771 -0.8593501333131661 0.48441884540473606 -0.16387718142373078 0 0 0 0 0 0
-4.6385650634765625 -0.05602314695715904 13.711394309997559 -0.572575905505113 -0.4768430162936386 -0.6669164642194589 0.7495059804515415 0.02522304641229579 -0.661516880508016 0 0 0 0 0 0
-5.4324188232421875 0.21483466029167175 11.965523719787598 -0.5544242158437899 -0.8021036213022499 -0.22190892181211552 -0.7641684413604785 0.385035224248121 0.5174886175723062 0 0 0 0 0 0
-5.7112579345703125 0.5374884605407715 11.882401466369629 -0.45459620860961514 -0.8360387225884649 0.30721578971532565 -0.7760203993340221 0.5410600849488872 0.32410850697346427 0 0 0 0 0 0
-6.042694091796875 0.7344002723693848 11.674302101135254 -0.30724170154783104 -0.5818599535497923 0.7530216008090519 -0.8274865028496545 0.5541350841350628 0.09055603862954452 0 0 0 0 0 0
-6.445068359375 0.7226700782775879 11.590163230895996 -0.16555720302637303 -0.11605216610759984 0.9793481032134684 -0.9077496742277198 0.4060729423124534 -0.10533420366232173 0 0 0 0 0 0
-6.874542236328125 1.015491008758545 11.510588645935059 -0.0627898543042436 0.1866934819750074 0.9804095970483455 -0.9515263882247514 0.28516120521774524 -0.1152415704106927 0 0 0 0 0 0
-7.179107666015625 0.6278948783874512 11.367859840393066 -0.031661955174436776 0.6449788224103414 0.7635442614784694 -0.9937031700754063 0.061833530945951044 -0.09343780943945701 0 0 0 0 0 0
-7.594451904296875 0.3860745131969452 11.4891939163208 -0.05966188621322016 0.9558777146972116 0.2876425800863235 -0.9959246976908679 -0.03747582539631045 -0.08203388958362783 0 0 0 0 0 0
-7.9173583984375 0.28626295924186707 11.732134819030762 -0.1792131088977708 0.9422922442657342 -0.2827861170493374 -0.9833727469744524 -0.16300215370096102 0.08005209801602917 0 0 0 0 0 0
-8.20440673828125 0.302397221326828 12.027129173278809 -0.3469036065066274 0.5936776851286081 -0.7260886268032519 -0.9371105025129888 -0.1876261180602003 0.2943133464549537 0 0 0 0 0 0
-8.46258544921875 0.44259878993034363 12.317631721496582 -0.49644093640111464 0.04905901888507442 -0.8666831077915494 -0.8670323575649311 -0.07683652990929128 0.49229161947660277 0 0 0 0 0 0
-8.702423095703125 0.7033677101135254 12.541680335998535 -0.5725969932325198 -0.47680334735437113 -0.6669267210816678 -0.7994796578367217 0.144587451262287 0.5830323710076092 0 0 0 0 0 0
-8.947113037109375 1.0430197715759277 12.62922191619873 -0.5545662312777656 -0.8020382649422659 -0.22179025383180279 -0.764124853774054 0.38528116173399274 0.5173699201322837 0 0 0 0 0 0
-9.226043701171875 1.3657317161560059 12.54609203338623 -0.4546400377850896 -0.8360204869173933 0.3072005558217257 -0.7759740691406017 0.5410986011541663 0.32415512929827545 0 0 0 0 0 0
-9.5576171875 1.5626778602600098 12.338040351867676 -0.30723595946969157 -0.5819182205395262 0.7529789172432715 -0.8274989716033688 0.5541114072612093 0.09058697664879554 0 0 0 0 0 0
-9.958038330078125 1.545088291168213 12.272902488708496 -0.16937256878909704 -0.11464834903380221 0.978860914024871 -0.9094402028584345 0.40091071830758895 -0.11040431771856803 0 0 0 0 0 0
-10.387939453125 1.848496913909912 12.179394721984863 -0.05882281309231784 0.18796025020046891 0.9804135969092246 -0.9445220353608139 0.3074294144162072 -0.11560830363591247 0 0 0 0 0 0
-10.567901611328125 2.028078556060791 11.222357749938965 -0.5711571964660378 -0.5026594377444541 -0.6489321586818496 0.5103027754429086 0.4017888929490859 -0.7603662031403111 0 0 0 0 0 0
-11.38079833984375 2.225050449371338 9.373827934265137 -0.5632810057282556 -0.8087389246879237 -0.16928041906961888 -0.7834914823426824 0.45772812563458193 0.42026903300090845 0 0 0 0 0 0
-11.69091796875 2.474311351776123 9.251285552978516 -0.45792921359011274 -0.7918772588890004 0.4040188636625571 -0.7751729153486928 0.5781711764161702 0.254607623749467 0 0 0 0 0 0
-12.039337158203125 2.6082186698913574 9.07715892791748 -0.2923575289104886 -0.44277059473695735 0.8476327481436957 -0.800729197873556 0.5979342511270788 0.03615775161526401 0 0 0 0 0 0
-12.4158935546875 2.617859363555908 8.907378196716309 -0.13198958736082717 0.09937366331646091 0.9862573821611605 -0.8593470512163301 0.4844446085553268 -0.16381717494656778 0 0 0 0 0 0
-12.806304931640625 2.5059170722961426 8.803205490112305 -0.03761284551672904 0.6209814991405761 0.7829222512978268 -0.9304934272436253 0.26391521359591563 -0.2540290178090578 0 0 0 0 0 0
-13.186981201171875 2.3139243125915527 8.834691047668457 -0.03700248599763533 0.9417847940637838 0.3341739333045465 -0.9823134702345919 0.027143176181360064 -0.1852660092474093 0 0 0 0 0 0
-13.5242919921875 4.154416561126709 8.82569694519043 0.9399945464297905 -0.21330069618292466 -0.2662950725982962 -0.3230594943649409 -0.8074638323127064 -0.4935936816932997 0 0 0 0 0 0
-10.69342041015625 2.599205493927002 7.238033771514893 0.24574457351008697 0.9646795358743093 0.09488412752232353 0.1541274578696411 -0.13552709837292273 0.9787119761897564 0 0 0 0 0 0
-11.101043701171875 2.709224224090576 7.175282955169678 0.24582217128141431 0.9646655766150357 0.09482502518044314 0.15406754172267229 -0.1354679585494519 0.978729597383249 0 0 0 0 0 0
-11.6234130859375 2.8903841972351074 6.686790943145752 0.24589217617746004 0.9646432849291945 0.09487028267969952 0.1540793726990803 -0.13553017371979498 0.978719121566622 0 0 0 0 0 0
-11.41094970703125 2.9057250022888184 5.980467319488525 0.24581969695605235 0.9646630193396418 0.09485744940151206 0.15405831759847827 -0.1354982001165905 0.9787268630950572 0 0 0 0 0 0
-14.023040771484375 3.2257628440856934 5.921142101287842 0.9576281546224639 -0.22648493311951176 -0.1779125980481002 0.020878245437519313 -0.5615195313326049 0.82720004521244 0 0 0 0 0 0
-13.980194091796875 2.3666234016418457 6.229024410247803 0.5545108662970046 0.8021019136169291 0.22169848743418613 0.7968237225044006 -0.43494021473624284 -0.41940310544799403 0 0 0 0 0 0
-13.5120849609375 2.176893711090088 5.898421764373779 0.5725877386040505 0.4768695509719019 0.6668873315307137 0.7959624035567058 -0.5182496128333295 -0.3128277336208161 0 0 0 0 0 0
-13.215301513671875 2.2190804481506348 5.596951961517334 0.49637148194073016 -0.04904538961632897 0.8667236593478604 0.7863188587050535 -0.39766538337883667 -0.4728264959865775 0 0 0 0 0 0
-12.873443603515625 2.3569321632385254 5.401317119598389 0.3469109377494398 -0.5936925412354696 0.7260729768771007 0.8035733192855176 -0.21106798451126405 -0.5565251355031583 0 0 0 0 0 0
-12.50042724609375 2.518754482269287 5.333202838897705 0.17913726418685869 -0.9422992980972682 0.28281066702839086 0.8483072286451473 0.0023510967176022172 -0.5294991200867235 0 0 0 0 0 0
-12.11297607421875 2.648216724395752 5.387828350067139 0.05966184135618765 -0.9558340061838142 -0.28778779909612145 0.9113108322505105 0.16981067767518132 -0.3750691946433053 0 0 0 0 0 0
-11.729278564453125 2.688781261444092 5.547665119171143 0.03166197411613447 -0.645014971039526 -0.7635137238648358 0.9682477437480816 0.2093195691362425 -0.13668074006006534 0 0 0 0 0 0
-11.25726318359375 2.655211925506592 5.660831928253174 0.058898786311280586 -0.1880140620839247 -0.9803987175785982 0.9927432330647783 0.11417630632682109 0.03774446022471607 0 0 0 0 0 0
-10.92669677734375 2.6007304191589355 5.722361087799072 0.1694472746807846 0.11461628043398299 -0.9788517402358404 0.9103733735731405 -0.3986455270725316 0.11091467186140369 0 0 0 0 0 0
-10.70794677734375 2.121100902557373 5.905411243438721 0.3073870758124813 0.5819202028729771 -0.7529157078396793 0.94412978723395 -0.28534821678140276 0.16491009683233546 0 0 0 0 0 0
-10.47613525390625 1.737236499786377 5.817531108856201 0.4547897068604725 0.835929287721601 -0.30722719356043704 0.8877431462187834 -0.45310683260655754 0.08127917683410216 0 0 0 0 0 0
-10.250244140625 1.462531566619873 5.563173770904541 0.5544315438980374 0.8021452176454499 0.22174019243108 0.831607984870692 -0.5442844484305186 -0.11037481006096207 0 0 0 0 0 0
-9.999359130859375 1.3474841117858887 5.230362415313721 0.5725205763567774 0.4769153050376042 0.666912274192785 0.795992970145924 -0.5182744375719778 -0.31270880837885046 0 0 0 0 0 0
-9.702606201171875 1.3896880149841309 4.92887544631958 0.4963756234401888 -0.04908633057651882 0.8667189697963791 0.7863222715392041 -0.39762891991416244 -0.4728514854891788 0 0 0 0 0 0
-9.360748291015625 1.5275330543518066 4.733246326446533 0.34690727413608036 -0.5936457404348966 0.7261129925948012 0.8035671055036557 -0.21111834003120766 -0.5565150073941798 0 0 0 0 0 0
-9.458953857421875 1.1686139106750488 3.490363597869873 0.45792718404590654 0.7918975917123423 -0.403981309409209 -0.5215419725624805 -0.1286975720723494 -0.8434636363224673 0 0 0 0 0 0
-9.142120361328125 1.9011168479919434 1.6779721975326538 0.5633389994788671 0.8087126529287462 0.16921293289550293 0.8150596372965976 -0.5775029607562827 0.046563053676346715 0 0 0 0 0 0
-8.896209716796875 1.7118868827819824 1.3983319997787476 0.5712082366621056 0.502579993155366 0.648948765966405 0.7623212912716811 -0.6179245318165617 -0.19244615312642602 0 0 0 0 0 0
-8.522125244140625 1.5550293922424316 1.1431883573532104 0.4743977720690004 0.05976702391356597 0.8782793728128219 0.7639452601554111 -0.5236946833244107 -0.37700333969850536 0 0 0 0 0 0
-8.2474365234375 1.4526801109313965 0.9532464742660522 0.42863031273759356 -0.2563208125732452 0.866357718292083 0.8904486655899079 -0.04242675137677745 -0.4531016935708425 0 0 0 0 0 0
-7.925567626953125 1.814359188079834 0.6674808263778687 0.26626799613080665 -0.7173190196982708 0.6438592844834939 0.8488827068107319 -0.14192376200376744 -0.5091716762118482 0 0 0 0 0 0
-7.5343017578125 2.0476527214050293 0.635860800743103 0.12351964947940423 -0.9725408102559778 0.19724925495203077 0.9058473669135632 0.02934067272945239 -0.4225868819302698 0 0 0 0 0 0
-7.13922119140625 2.1757330894470215 0.7721766233444214 0.03700253689381168 -0.9417694001813061 -0.3342173082674881 0.9654928390295309 0.11996665427977815 -0.23115271930828007 0 0 0 0 0 0
-6.7650146484375 2.1431708335876465 0.9861167669296265 0.0376129605380517 -0.6209619404244147 -0.7829377585376175 0.9950520498669637 0.09537471509105896 -0.027840290531049704 0 0 0 0 0 0
-6.431243896484375 1.9521660804748535 1.1676195859909058 0.13206548085882863 -0.09939720351322512 -0.986244850277697 0.9906244613996529 -0.0218519156187005 0.13485425562599435 0 0 0 0 0 0
-6.13836669921875 1.6643824577331543 1.2425941228866577 0.2922808419604973 0.4427914566182583 -0.8476482969774338 0.9534448710273571 -0.2037478397800272 0.22232790130030664 0 0 0 0 0 0
-5.8746337890625 1.3521952629089355 1.1895703077316284 0.45795605273106 0.7918577045057346 -0.4040267683977082 0.8889305381322985 -0.4124426986650813 0.19923232341587407 0 0 0 0 0 0
-5.62738037109375 1.0729498863220215 1.0142658948898315 0.5632762313113306 0.8087535273463347 0.16922653233038287 0.8150863492631699 -0.577455414912386 0.046684976525667575 0 0 0 0 0 0
-5.381500244140625 0.8836770057678223 0.7346624135971069 0.5712567662079943 0.5026296595363293 0.6488675769492406 0.7622718176038096 -0.6180089625140279 -0.19237099141845546 0 0 0 0 0 0
-5.0137481689453125 0.7189602851867676 0.46184051036834717 0.47180105635450326 0.06267299870831393 0.8794747628304537 0.763081491888108 -0.5287331759415552 -0.3716824792703794 0 0 0 0 0 0
-4.7368316650390625 0.6300644874572754 0.28472697734832764 0.43232303919618514 -0.2567025334431244 0.8644076579392708 0.8908757045498044 -0.02662126923834617 -0.45346641228103024 0 0 0 0 0 0
-4.4111480712890625 0.9811043739318848 -0.001874075853265822 0.2662636878889973 -0.7173503284001558 0.6438261837296921 0.8510690794610567 -0.13862173465744637 -0.5064241667474708 0 0 0 0 0 0
-4.64306640625 -0.19339898228645325 -0.9510136842727661 0.4545972358352522 0.8360405372326579 -0.30720933136003054 -0.31413064782670963 -0.17225760090747425 -0.9336215802055849 0 0 0 0 0 0
-4.3107757568359375 0.7617793083190918 -2.6771247386932373 0.5544730289642025 0.8021166674766456 0.22173973912545134 0.831585549933789 -0.5442837688309053 -0.11054705843460486 0 0 0 0 0 0
-4.0598907470703125 0.646756649017334 -3.009934663772583 0.5725110999781752 0.47684542214541814 0.6669703769889166 0.7959969674126143 -0.5182432814103106 -0.31275026641554643 0 0 0 0 0 0
-3.7631072998046875 0.6889262199401855 -3.3113839626312256 0.49640333519997026 -0.04910675620107675 0.8667019414410897 0.7862927055679371 -0.39765375892384225 -0.4728797618680592 0 0 0 0 0 0
-3.4211273193359375 0.8267369270324707 -3.507071018218994 0.346870787701383 -0.5936795765503566 0.7261027592747541 0.8035407045378752 -0.21117968323394407 -0.556529853233397 0 0 0 0 0 0
-3.0482635498046875 0.9886231422424316 -3.575133800506592 0.17913831996568133 -0.9422905465880059 0.28283915593628534 0.8482731113539248 0.002313118733451754 -0.5295539425173387 0 0 0 0 0 0
-2.6607666015625 1.1180329322814941 -3.5205304622650146 0.05966186764091805 -0.9558463482172352 -0.28774679867788877 0.9112725193271833 0.16981716573219025 -0.37515933380601657 0 0 0 0 0 0
-2.2770538330078125 1.1586079597473145 -3.360684394836426 0.031662008397952475 -0.6450132852383483 -0.7635151466017167 0.9682134920878933 0.20942137242873043 -0.13676740294761103 0 0 0 0 0 0
-1.809173583984375 1.1166720390319824 -3.2656493186950684 0.06278994325863056 -0.1866579836618388 -0.9804163504149014 0.9931366399588402 0.10881278993050329 0.042888123283787806 0 0 0 0 0 0
-1.4701080322265625 1.0756878852844238 -3.1876707077026367 0.16555768623512232 0.11605250482691265 -0.9793479813895939 0.9185927265957459 -0.3794965077072042 0.11031683136960325 0 0 0 0 0 0
-1.25921630859375 0.588320255279541 -3.003249406814575 0.30738641206512474 0.5818879520961354 -0.7529409039779251 0.9446934844068068 -0.28165692449941365 0.16799880178399515 0 0 0 0 0 0
-1.0238037109375 0.2070278823375702 -3.0908219814300537 0.4546397692338778 0.8360224518026935 -0.3071956059464057 0.8878383702060132 -0.4528898335088325 0.0814483093395593 0 0 0 0 0 0
-0.7980804443359375 -0.06761506199836731 -3.3451881408691406 0.5545414774678079 0.8020695555280389 0.22173898588853172 0.8315426993503615 -0.5443271842676423 -0.1106555720439545 0 0 0 0 0 0
-0.547210693359375 -0.18265298008918762 -3.6779892444610596 0.5725546258374095 0.47684275619998007 0.6669349190826571 0.7959776407341044 -0.5182381089845347 -0.31280802075314945 0 0 0 0 0 0
-0.250396728515625 -0.1404910385608673 -3.9794445037841797 0.4963642196468667 -0.04903751954780566 0.866728263719925 0.7862826397378773 -0.397769740282764 -0.47279894687088536 0 0 0 0 0 0
0.0915679931640625 -0.0026746061630547047 -4.175127029418945 0.34683435138968716 -0.5937015865374224 0.7261021683200255 0.8035470755710624 -0.21119741368495823 -0.556513925965899 0 0 0 0 0 0
-0.0068359375 -0.3615460693836212 -5.417951583862305 0.4579539496629124 0.7918683824772198 -0.40400822370472894 -0.5215217558409703 -0.12872898267221633 -0.8434713434401476 0 0 0 0 0 0
0.31005859375 0.3709692656993866 -7.230393886566162 0.5633107781368374 0.80872220750722 0.1692612132755749 0.8150593333073064 -0.5774941690757729 0.04667727361503073 0 0 0 0 0 0
0.55596923828125 0.18170401453971863 -7.509984970092773 0.5712380831981592 0.5026752084209778 0.6488487398022897 0.7622904973981738 -0.6179963611366797 -0.19233745136677752 0 0 0 0 0 0
0.9236602783203125 0.01703307405114174 -7.782799243927002 0.47179688773835665 0.06267959744219657 0.879476528842518 0.7630577760996033 -0.5287847845505749 -0.37165774842148785 0 0 0 0 0 0
1.200592041015625 -0.07186368107795715 -7.959919452667236 0.4323191935383229 -0.2567670071213669 0.864390432011085 0.8908698030303396 -0.026642311783383804 -0.4534767703769631 0 0 0 0 0 0
1.5262603759765625 0.2791418731212616 -8.2465181350708 0.26622733029954815 -0.7173599093043618 0.6438305437958136 0.8510838862673064 -0.13863500604848927 -0.5063956493040539 0 0 0 0 0 0
1.9157562255859375 0.516334056854248 -8.276810646057129 0.12355758682511442 -0.9725416195380738 0.19722150238808833 0.9058805229216813 0.029407613349349666 -0.4225111483360371 0 0 0 0 0 0
2.3108367919921875 0.6443905830383301 -8.14050579071045 0.037040701340256596 -0.9417627671040573 -0.33423177129161635 0.9654906355564532 0.12000608994973237 -0.23114145242204587 0 0 0 0 0 0
2.6851654052734375 0.6118159294128418 -7.926602840423584 0.03765104202116629 -0.6209132503905395 -0.7829745427050457 0.9950623781283957 0.09530043950680822 -0.0277252567755617 0 0 0 0 0 0
3.0187835693359375 0.42081210017204285 -7.745043754577637 0.13210274569350336 -0.09938938708715482 -0.9862406472634745 0.9906197802693538 -0.021841173335116513 0.1348903780350659 0 0 0 0 0 0
3.323211669921875 0.13154646754264832 -7.667995452880859 0.2923217242115665 0.44272645840641883 -0.8476681500333053 0.9534218055776035 -0.20387579096730185 0.22230951960408676 0 0 0 0 0 0
3.5889434814453125 -0.18502572178840637 -7.719812393188477 0.4579534235802098 0.7918555425878357 -0.40403398558053133 0.8889314514003602 -0.41246102566103615 0.19919030353381934 0 0 0 0 0 0
3.836181640625 -0.4642987549304962 -7.895134925842285 0.5632824833704293 0.8087410462342398 0.16926536581353252 0.8150833353018967 -0.5774627614555105 0.04664671098065121 0 0 0 0 0 0
4.0820770263671875 -0.6535477638244629 -8.17473030090332 0.5712196681558585 0.5026471978471347 0.6488866505086498 0.7622817010980523 -0.6180163720664786 -0.19230801342858198 0 0 0 0 0 0
4.44976806640625 -0.8182158470153809 -8.447566032409668 0.47172860226909374 0.06271642448391007 0.8795105320012951 0.7630419141326651 -0.5288860062130969 -0.371546268597491 0 0 0 0 0 0
4.7266998291015625 -0.9071574211120605 -8.624664306640625 0.4323211869811263 -0.2567181230046809 0.8644039545306254 0.8908691352464096 -0.026665338637965375 -0.45347672881928275 0 0 0 0 0 0
5.0523681640625 -0.5561060905456543 -8.911273956298828 0.2662279063578713 -0.7173423961655013 0.64384981831157 0.8510682155694654 -0.13867174053653566 -0.5064119280032547 0 0 0 0 0 0
5.441864013671875 -0.318940669298172 -8.941548347473145 0.12352043857089315 -0.9725445645219857 0.19723024938886977 0.9058350342996699 0.029342653281481335 -0.42261317931853287 0 0 0 0 0 0
5.8369598388671875 -0.19089654088020325 -8.805256843566895 0.036964447295405004 -0.9417588658049916 -0.3342512054037219 0.9654736993745822 0.11996515931380641 -0.23123342398271987 0 0 0 0 0 0
6.211273193359375 -0.22344353795051575 -8.591347694396973 0.03761290361240121 -0.6209228536632921 -0.7829687600923029 0.9950520916770662 0.09537573395515411 -0.02783530530838581 0 0 0 0 0 0
6.5449066162109375 -0.41445210576057434 -8.40978717803955 0.13202710337296789 -0.09934696204941128 -0.9862550507381426 0.9906356331945961 -0.021689735602164924 0.13479835909479812 0 0 0 0 0 0
6.83782958984375 -0.7022223472595215 -8.334866523742676 0.2922803041278836 0.44278110514322433 -0.8476538897138718 0.953448522916551 -0.2037038315907876 0.2223525649581742 0 0 0 0 0 0
7.1016387939453125 -1.014420986175537 -8.387886047363281 0.45795588516105207 0.7918645673387411 -0.4040135074966997 0.8889305879741873 -0.4124477465535615 0.19922165074799203 0 0 0 0 0 0
7.3488616943359375 -1.2937006950378418 -8.563193321228027 0.5633122262964227 0.808726596233708 0.16923542256043447 0.8150679930386451 -0.5774861499917994 0.046625243072869735 0 0 0 0 0 0
7.594757080078125 -1.4829258918762207 -8.842784881591797 0.5712794393247271 0.5026327341945319 0.6488452332574808 0.7622742906998377 -0.6179916051595453 -0.19241694751343558 0 0 0 0 0 0
7.968902587890625 -1.6398229598999023 -9.097976684570312 0.4744682290028414 0.059804435280527785 0.8782387654776374 0.7639178514836168 -0.5237052307649415 -0.37704422479875505 0 0 0 0 0 0
8.241439819335938 -1.7432317733764648 -9.292279243469238 0.4286584251082599 -0.25636249565159047 0.8663314754797926 0.8896169782355098 -0.04748611063697335 -0.4542319906520165 0 0 0 0 0 0
8.5633544921875 -1.3816399574279785 -9.578023910522461 0.2662287292708692 -0.7173338846010446 0.6438589610419297 0.8489077659357008 -0.14192095916931646 -0.509130677019681 0 0 0 0 0 0
8.954559326171875 -1.14833402633667 -9.609603881835938 0.12355799846898186 -0.9725424009624163 0.19721739108049766 0.9058815208417459 0.029410358673930947 -0.42250881765960374 0 0 0 0 0 0
9.349639892578125 -1.0202698707580566 -9.473306655883789 0.03700256360635616 -0.9417557749403537 -0.33425569651548415 0.965493519475534 0.11997527042403874 -0.23114540518345927 0 0 0 0 0 0
9.723968505859375 -1.0528435707092285 -9.259410858154297 0.03761290605265881 -0.6209348148737581 -0.7829592741490236 0.995056218123293 0.09534038851283963 -0.027808867154031153 0 0 0 0 0 0
10.057586669921875 -1.243847370147705 -9.077850341796875 0.13206479959705453 -0.09937761728777487 -0.9862469152750716 0.9906277450045797 -0.02176367754192798 0.1348444035434638 0 0 0 0 0 0
10.35052490234375 -1.5316100120544434 -9.00293254852295 0.29228274611432187 0.4427704994097236 -0.8476585876261356 0.9534508210760819 -0.20366646455428544 0.22237693901415093 0 0 0 0 0 0
10.828323364257812 -1.261756420135498 -7.831136226654053 0.17913840986876386 -0.9422838669233469 0.28286135162951287 -0.10372037926196515 0.2678215409001521 0.9578693570396866 0 0 0 0 0 0
11.403396606445312 -2.2054214477539062 -6.189441680908203 0.05962370363584382 -0.9558496514677397 -0.28774373625458 0.9112728676111985 0.1697833650616373 -0.3751737860032465 0 0 0 0 0 0
11.787109375 -2.1648550033569336 -6.02960729598999 0.03166198005086629 -0.6449936342741609 -0.7635317483674589 0.9682476498447097 0.20932367007844618 -0.1366751247121666 0 0 0 0 0 0
12.259140014648438 -2.198434352874756 -5.916475772857666 0.058860839442169924 -0.18798370652370908 -0.9804068174292603 0.9927415082750092 0.11420476726308419 0.03770369852209637 0 0 0 0 0 0
12.589614868164062 -2.2529358863830566 -5.854887962341309 0.16944940517192264 0.11464037136402722 -0.9788485502570863 0.9103803848642888 -0.398630774766711 0.11091014499693608 0 0 0 0 0 0
12.8084716796875 -2.732534408569336 -5.671842098236084 0.307385208447297 0.5818654082511234 -0.752958817139799 0.9441415955846999 -0.28526315765631477 0.16498963110064094 0 0 0 0 0 0
13.040374755859375 -3.116434097290039 -5.75974702835083 0.4546322149819798 0.8360275593700236 -0.3071928857808732 0.8878470299957482 -0.4528621477778456 0.08150783053036138 0 0 0 0 0 0
13.266067504882812 -3.391073703765869 -6.014095306396484 0.5545378953430209 0.8020739111302756 0.22173218916683132 0.8315462639032254 -0.5443156836208227 -0.11068535383231211 0 0 0 0 0 0
13.5169677734375 -3.5061283111572266 -6.346919059753418 0.5725174660751294 0.47687575876539967 0.6669432222767072 0.7959936448981428 -0.5182587254030634 -0.31273313036095424 0 0 0 0 0 0
13.813751220703125 -3.4639673233032227 -6.64836311340332 0.4963728173612078 -0.04905386629072284 0.8667224148404316 0.7863063103897978 -0.39769019745678735 -0.4728264936400715 0 0 0 0 0 0
14.15570068359375 -3.3261189460754395 -6.844046115875244 0.34690948758840556 -0.5936650254581096 0.726096167851733 0.8036031913309565 -0.21104289526450407 -0.5564915158752 0 0 0 0 0 0
14.528594970703125 -3.16426420211792 -6.912111282348633 0.1791380878343504 -0.9422833650861312 0.2828632273184503 0.8483166089019729 0.0023286074690489194 -0.5294841911221828 0 0 0 0 0 0
14.916061401367188 -3.0348143577575684 -6.85750150680542 0.05970008052919242 -0.9558497877443927 -0.2877274468204367 0.9113252496374238 0.1698109655376523 -0.37503403226435006 0 0 0 0 0 0
15.299789428710938 -2.9942550659179688 -6.697668552398682 0.0316619870224071 -0.6450033130361357 -0.7635235718366536 0.9682364780628332 0.20935504855570125 -0.13670620392915941 0 0 0 0 0 0
15.7677001953125 -3.036191940307617 -6.6026225090026855 0.06275173862869193 -0.18664112291298976 -0.9804220063507624 0.9931263628059379 0.10893019094794934 0.04282803987917381 0 0 0 0 0 0
16.108657836914062 -3.0754261016845703 -6.520537853240967 0.16555825099626034 0.11603859556434318 -0.9793495340615188 0.9208259468087443 -0.3737289082989498 0.11138347626759953 0 0 0 0 0 0
16.319686889648438 -3.5633864402770996 -6.335866928100586 0.3073491849354474 0.5819147270179806 -0.7529354082516676 0.9447149845083823 -0.2815748152171657 0.16801553940259872 0 0 0 0 0 0
16.996871948242188 -2.493917465209961 -5.474841594696045 0.12352045263374374 -0.9725411734579478 0.19724696121916024 0.16023839310888927 0.2157081204102653 0.9632204649834595 0 0 0 0 0 0
17.465057373046875 -3.6347575187683105 -3.896538734436035 0.037002524756002894 -0.9417571703396042 -0.33425176929318323 0.9654938580820784 0.11997386006076502 -0.2311447228640609 0 0 0 0 0 0
17.83935546875 -3.66733980178833 -3.682636022567749 0.037689222043933525 -0.6209017997717224 -0.7829817862389641 0.9950686146322542 0.09525942312167107 -0.027642258959305794 0 0 0 0 0 0
18.172988891601562 -3.858328342437744 -3.501082420349121 0.13206511246792532 -0.09935401080956427 -0.9862492517639176 0.9906229382062064 -0.02190257575396052 0.13485722626186894 0 0 0 0 0 0
18.465988159179688 -4.146074295043945 -3.4261481761932373 0.29220604797321925 0.4427663109177755 -0.8476872179313172 0.9534907663249322 -0.20343168103297155 0.22242056938420277 0 0 0 0 0 0
18.729782104492188 -4.458286285400391 -3.4791717529296875 0.45796007140621503 0.7918563084951763 -0.4040249493459613 0.8889287623229772 -0.4124315363060392 0.19926335181156646 0 0 0 0 0 0
18.976943969726562 -4.737574100494385 -3.6544876098632812 0.563316545735229 0.8087220686528833 0.16924268071243356 0.815072989854822 -0.5774842557947003 0.046561309242356984 0 0 0 0 0 0
19.222869873046875 -4.926826000213623 -3.934074878692627 0.5711767537640557 0.5026991059428345 0.6488842152833046 0.7623079072738741 -0.6180049622353782 -0.19224078953275156 0 0 0 0 0 0
19.590560913085938 -5.091490745544434 -4.206907272338867 0.4717984779508049 0.0626845770450081 0.8794753208612465 0.7630404134182561 -0.5288188678666771 -0.37164490105301146 0 0 0 0 0 0
19.867477416992188 -5.180420875549316 -4.384008884429932 0.4323935226279124 -0.25668716269678504 0.8643769675876951 0.8908664520243418 -0.026437097545860478 -0.4534953632959348 0 0 0 0 0 0
20.193161010742188 -4.829379081726074 -4.6706085205078125 0.26630444911408613 -0.7173359136750943 0.6438253857483103 0.8511024234782462 -0.1385343771062391 -0.5063920330230747 0 0 0 0 0 0
20.582672119140625 -4.592196941375732 -4.700896263122559 0.12351985880089343 -0.9725460346412879 0.1972233631832556 0.9058724842369456 0.029366432732229625 -0.4225312472835219 0 0 0 0 0 0
20.977783203125 -4.464148998260498 -4.564598560333252 0.036926289595745176 -0.9417646280102354 -0.3342391876567353 0.9654414630869919 0.11996827383193234 -0.2313663645092673 0 0 0 0 0 0
21.352081298828125 -4.4967193603515625 -4.350687503814697 0.037612924187437266 -0.6209208091345619 -0.7829703804855908 0.9950396492826407 0.09548100707408919 -0.02791905520603081 0 0 0 0 0 0
21.68572998046875 -4.687731742858887 -4.16913366317749 0.13214097676409559 -0.0993441509058591 -0.9862400833167473 0.9906133446535984 -0.021881669180798393 0.13493107109955543 0 0 0 0 0 0
21.978561401367188 -4.975472450256348 -4.094201564788818 0.2922835966168116 0.44275152212814417 -0.8476682067896332 0.953450364675796 -0.20366423202052095 0.22238094049419585 0 0 0 0 0 0
22.456451416015625 -4.705634593963623 -2.9224393367767334 0.17921520302059132 -0.9422674176056297 0.282867503833696 -0.10379279491952884 0.2678089465124448 0.957865034277109 0 0 0 0 0 0
23.031478881835938 -5.649295806884766 -1.2807351350784302 0.05970001909783823 -0.9558488041754202 -0.2877307270281314 0.9113425643247296 0.1698020054037879 -0.3749960125266375 0 0 0 0 0 0
23.415252685546875 -5.60870885848999 -1.1208902597427368 0.03170014193145599 -0.6449927456863586 -0.7635309155584324 0.9682450442309118 0.20935179539190493 -0.13665050343290247 0 0 0 0 0 0
23.883132934570312 -5.650643348693848 -1.0258508920669556 0.06282808454820386 -0.1866174355586506 -0.9804216259026096 0.9931246953751659 0.10891264135206462 0.042911257144258405 0 0 0 0 0 0
24.222213745117188 -5.6916375160217285 -0.9478970766067505 0.1655579045989493 0.11607649975956864 -0.9793451007833613 0.9185913270483096 -0.3795027272879589 0.11030708885936077 0 0 0 0 0 0
24.433029174804688 -6.1790361404418945 -0.7634764909744263 0.30738814088300326 0.5819424847461949 -0.7528980510613077 0.9446918908376871 -0.2816771521066469 0.16797384726975956 0 0 0 0 0 0
24.66839599609375 -6.560279369354248 -0.8510333299636841 0.4546398249005203 0.836018903348035 -0.3072051803911732 0.8878417018912724 -0.45287429375136895 0.08149838306376461 0 0 0 0 0 0
26.015045166015625 -5.205745220184326 -0.623700737953186 -0.9645078226049928 0.23372167638122787 0.12287732957435389 0.03037253929424588 -0.36406283863576083 0.9308790245683334 0 0 0 0 0 0
23.61883544921875 -5.436592102050781 0.04299868643283844 0.24581923359624538 0.9646588168031897 0.09490137806177985 0.15414659941109274 -0.13556352470401303 0.9787039167489935 0 0 0 0 0 0
24.026580810546875 -5.546655178070068 0.10575808584690094 0.24578053696280353 0.9646685804515934 0.09490235792531036 0.15413799360267236 -0.13555501994825808 0.9787064501141137 0 0 0 0 0 0
24.548797607421875 -5.727787017822266 0.5942624807357788 0.24578134785284017 0.9646705710340626 0.09488002122921874 0.15408463794576585 -0.13551991844970532 0.9787197127127397 0 0 0 0 0 0
24.336380004882812 -5.743137359619141 1.3005794286727905 0.24578081500283588 0.9646696717360647 0.09489054436125319 0.15412596010198687 -0.1355402473073621 0.9787103911691651 0 0 0 0 0 0
25.896469116210938 -6.576160907745361 2.295375347137451 -0.9691884187324645 0.2462013153904156 0.007662982114968267 -0.08495670270711686 -0.3049133825149166 -0.9485832529770104 0 0 0 0 0 0
25.347442626953125 -7.0357208251953125 1.7346452474594116 -0.12355822686811978 0.9725418145348745 -0.19722013982963235 -0.9363982045395938 -0.048482292378461335 0.34757426524522017 0 0 0 0 0 0
24.839218139648438 -7.03948974609375 2.0252633094787598 -0.2662293720629778 0.7173105824515288 -0.6438846556286313 -0.9593338727343683 -0.13216771194399737 0.24941975973039437 0 0 0 0 0 0
24.53900146484375 -6.861847400665283 2.2430100440979004 -0.42858351097798236 0.2563645132019027 -0.8663679417479258 -0.8938761879403347 0.019287340836840486 0.4478988268757791 0 0 0 0 0 0
24.081512451171875 -6.9462785720825195 2.48746919631958 -0.4743938557996334 -0.05978202766789918 -0.8782804670192041 -0.8746299793863964 0.14518802210776577 0.46253955224930426 0 0 0 0 0 0
24.046661376953125 -6.479173183441162 2.6937947273254395 -0.571251519774177 -0.5026310038460448 -0.6488711544894027 -0.8205895477646331 0.36655465411903776 0.43848657863509066 0 0 0 0 0 0
23.763626098632812 -6.072450160980225 2.705324649810791 -0.563237811198191 -0.8087698241868234 -0.16927651792698767 -0.783475029554905 0.4576307533431331 0.4204057226757711 0 0 0 0 0 0
23.453598022460938 -5.823184490203857 2.58274507522583 -0.45791559172342106 -0.7918608557287756 0.4040664500067787 -0.7751906366527944 0.5781696273644906 0.25455718186498155 0 0 0 0 0 0
23.105148315429688 -5.689283847808838 2.408590793609619 -0.29228213303301637 -0.442746920903735 0.8476711147254764 -0.8007284799248946 0.5979320663346948 0.036209742969124756 0 0 0 0 0 0
22.728622436523438 -5.679638862609863 2.2388100624084473 -0.132179062120138 0.09935721762740927 0.9862336634096306 -0.8593940627532307 0.484309222732707 -0.1639707952061505 0 0 0 0 0 0
22.338348388671875 -5.79163122177124 2.134594440460205 -0.03765101106990467 0.6209245863722532 0.7829655544172172 -0.9304908817923948 0.2639137519606549 -0.25403985991820544 0 0 0 0 0 0
21.957427978515625 -5.983552932739258 2.16609525680542 -0.037002527446392555 0.9417584309048761 0.3342482173208478 -0.9823470187744879 0.027096453203190998 -0.18509488628453075 0 0 0 0 0 0
21.6148681640625 -6.159497261047363 2.367353916168213 -0.12363409884558067 0.9725313417946008 -0.19722423489478796 -0.9922513966416713 -0.12362577448444408 0.01240297326347186 0 0 0 0 0 0
21.3265380859375 -6.210093021392822 2.6933083534240723 -0.26618710380259625 0.7173376239942494 -0.6438720051155126 -0.9593459542260373 -0.13214689581179295 0.24938431794609978 0 0 0 0 0 0
21.023712158203125 -6.026496887207031 2.892256259918213 -0.43227762570744993 0.25673159686854496 -0.8644217382054068 -0.8912506644457434 0.024152568250263903 0.4528674271483185 0 0 0 0 0 0
20.567550659179688 -6.120655536651611 3.1542553901672363 -0.4717661717483653 -0.06268296889623733 -0.8794927655212662 -0.8781507155420395 0.12310902583305165 0.46227209363257193 0 0 0 0 0 0
20.644332885742188 -6.276273250579834 4.130682468414307 -0.03162381421102527 0.6450087464792701 0.7635205637964095 0.49198924756518103 -0.6549028288926947 0.5736278105083408 0 0 0 0 0 0
20.524642944335938 -6.252645969390869 6.156771183013916 -0.05962365614886768 0.9558500822781105 0.28774231499098457 -0.9959213573220975 -0.03740659816031797 -0.08210600735502666 0 0 0 0 0 0
20.201751708984375 -6.352438926696777 6.39972448348999 -0.17917631786070753 0.9422706889497985 -0.28288123985862107 -0.9833778756616713 -0.16294337758715904 0.08010873460258143 0 0 0 0 0 0
19.9146728515625 -6.336297512054443 6.694746494293213 -0.3469479495080878 0.5936154961142727 -0.7261182845137142 -0.9370957257792342 -0.18766594710619736 0.2943350013556392 0 0 0 0 0 0
19.656600952148438 -6.196089744567871 6.98521089553833 -0.49629217206226545 0.04901409720049987 -0.8667708452788077 -0.8671116520632567 -0.07693259489698757 0.4921369308419619 0 0 0 0 0 0
19.416610717773438 -5.935318470001221 7.209272861480713 -0.5725574181408996 -0.47686653276760266 -0.6669155215303002 -0.7994766316441628 0.1444630882564765 0.5830673473847643 0 0 0 0 0 0
19.171981811523438 -5.595653057098389 7.296752452850342 -0.5545423426030048 -0.8020565017199605 -0.22178403528908697 -0.76413773781513 0.385264365017575 0.5173633990672132 0 0 0 0 0 0
18.89300537109375 -5.272969722747803 7.213711261749268 -0.45459684811728907 -0.836046976735971 0.3071923800690202 -0.7759705692216425 0.5410618892399092 0.3242247796112759 0 0 0 0 0 0
18.5616455078125 -5.076066493988037 7.005615711212158 -0.3073869746869974 -0.5819390848341793 0.7529011550895197 -0.8275255840015849 0.5540981820480056 0.09042462316167678 0 0 0 0 0 0
18.15924072265625 -5.087813854217529 6.921435832977295 -0.16555866318714746 -0.11601742668994502 0.9793519723510684 -0.9076805363781036 0.4062313792669882 -0.10531908838951576 0 0 0 0 0 0
17.729812622070312 -4.795004367828369 6.841860294342041 -0.06278993768957816 0.1866114754682612 0.9804252041581232 -0.9515111007099526 0.2852185431313627 -0.11522589934453732 0 0 0 0 0 0
17.425125122070312 -5.182554721832275 6.6992011070251465 -0.031623863845380754 0.6450383690871527 0.7634955360975433 -0.9937098811921535 0.06181170755310611 -0.09338085901535524 0 0 0 0 0 0
17.0098876953125 -5.424412250518799 6.820456027984619 -0.059738097354593823 0.9558429362400308 0.28774231695127794 -0.9959374307630647 -0.03761457116401416 -0.08181551222851012 0 0 0 0 0 0
16.686935424804688 -5.524226188659668 7.063421726226807 -0.1791760780116052 0.9422873089751126 -0.28282602499207843 -0.9833832463797889 -0.1630010136264121 0.07992534201559519 0 0 0 0 0 0
16.39990234375 -5.508084774017334 7.358431339263916 -0.3468711002334082 0.5936705746963279 -0.7261099700201044 -0.9371219421664427 -0.1875879521478585 0.2943012499449625 0 0 0 0 0 0
16.141845703125 -5.367869853973389 7.64888334274292 -0.4964104186814744 0.049006128250539675 -0.8667035800193599 -0.8670524777534115 -0.07674107289559098 0.4922710722279988 0 0 0 0 0 0
16.183761596679688 -5.2374162673950195 8.478188514709473 -0.03765103771518162 0.6209178732421593 0.7829708768833001 0.8525484480994213 -0.3887751757435035 0.3493064648254827 0 0 0 0 0 0
16.017959594726562 -5.282803058624268 10.406416893005371 -0.037078869660378655 0.9417620429458192 0.3342295796174024 -0.982350217502456 0.02701131927805208 -0.18509035308123667 0 0 0 0 0 0
15.675308227539062 -5.458744049072266 10.607665061950684 -0.12359600763976908 0.97252939583971 -0.1972577023164339 -0.9922539868055925 -0.12362228773525069 0.012229294481284306 0 0 0 0 0 0
15.387069702148438 -5.509312629699707 10.933598518371582 -0.26619076442343226 0.7173796755157666 -0.6438236389668852 -0.9593483125476346 -0.13219072370044424 0.2493520157920496 0 0 0 0 0 0
15.084213256835938 -5.325725555419922 11.132550239562988 -0.4322837730653653 0.2566959085387017 -0.8644292626258452 -0.891238838333036 0.02423187905707116 0.45288646378992653 0 0 0 0 0 0
14.628036499023438 -5.419900417327881 11.39458179473877 -0.47176221481804487 -0.0626824431439578 -0.8794949255063825 -0.8781618355910629 0.12299576610922465 0.46228111796886096 0 0 0 0 0 0
14.596588134765625 -4.948057651519775 11.601275444030762 -0.5712121288540842 -0.5026775929502881 -0.6488697414702658 -0.8206529789551057 0.364846489162798 0.4397905495547755 0 0 0 0 0 0
14.3114013671875 -4.5422797203063965 11.613694190979004 -0.5632390610147648 -0.8087608900181934 -0.16931504045472628 -0.783475755641202 0.45761395601011173 0.4204226535133698 0 0 0 0 0 0
14.001373291015625 -4.293025970458984 11.491120338439941 -0.4579900253334388 -0.7918016113736102 0.40409818722834 -0.7751675039947329 0.5782385867988383 0.25447097572701355 0 0 0 0 0 0
13.652908325195312 -4.159106254577637 11.316988945007324 -0.2922441328956976 -0.4427757536102103 0.8476691564537148 -0.8006900300950389 0.5979778840383273 0.03630324926849559 0 0 0 0 0 0
13.2764892578125 -4.149511337280273 11.147191047668457 -0.1321409840207915 0.09942641069080287 0.9862317928353156 -0.8594014902850686 0.48429578874697415 -0.16397154478063977 0 0 0 0 0 0
12.886062622070312 -4.261418342590332 11.042937278747559 -0.03765108482021606 0.6208745426057077 0.7830052350757395 -0.9304933744490996 0.26392489004434744 -0.2540191577842245 0 0 0 0 0 0
12.505233764648438 -4.453408718109131 11.07445240020752 -0.03700255822282728 0.9417532537381944 0.33426280044074647 -0.9823140654413748 0.027159499593790114 -0.18526046102137825 0 0 0 0 0 0
12.162628173828125 -4.629336833953857 11.275721549987793 -0.12359638343399745 0.972531160725053 -0.19724876532140195 -0.9922556296668537 -0.12359594490569016 0.012361545101858797 0 0 0 0 0 0
11.874359130859375 -4.679920673370361 11.601668357849121 -0.2662289924113928 0.717352475092734 -0.6438381396577425 -0.9593338778607845 -0.13218290505303698 0.2494116885800054 0 0 0 0 0 0
11.574127197265625 -4.5022783279418945 11.819426536560059 -0.42869483834054595 0.25633761700826513 -0.8663208191465199 -0.8938130094014392 0.019342487406285486 0.44802251327994713 0 0 0 0 0 0
11.11669921875 -4.586718559265137 12.06386661529541 -0.4745093248073112 -0.05978334934250808 -0.878217997886801 -0.8745485051577087 0.14539281514840235 0.46262926996639525 0 0 0 0 0 0
11.081695556640625 -4.1196208000183105 12.270209312438965 -0.5712545381205898 -0.5026539253270016 -0.64885074094894 -0.8205881083905104 0.3665431818133617 0.4384988622952411 0 0 0 0 0 0
10.7987060546875 -3.7128915786743164 12.28173542022705 -0.5632723674198751 -0.8087479795605943 -0.16926590223038335 -0.7834619545803905 0.4576788643276287 0.4203777145292627 0 0 0 0 0 0
10.488677978515625 -3.4636263847351074 12.159186363220215 -0.4580301425943619 -0.7918407805540308 0.4039759482030726 -0.7751510334474432 0.5782327751368739 0.254534345625243 0 0 0 0 0 0
10.140243530273438 -3.3297042846679688 11.985018730163574 -0.2923201202945521 -0.44280032315660806 0.8476301204436886 -0.8007397605359337 0.5979174434359601 0.03620175039775465 0 0 0 0 0 0
9.763778686523438 -3.320119857788086 11.815232276916504 -0.13206467442830924 0.09938705983207863 0.9862459805272108 -0.8593210318082141 0.48446620975342153 -0.1638897675244565 0 0 0 0 0 0
9.373321533203125 -3.4320263862609863 11.711026191711426 -0.037536672565329596 0.6209107806897827 0.7829819925361807 -0.9304204607837363 0.26413596681091395 -0.2540668360724081 0 0 0 0 0 0
8.992568969726562 -3.6240015029907227 11.74254322052002 -0.03700259049248543 0.9417683801594523 0.3342201765732985 -0.9823225195838199 0.027135643307529735 -0.18521912531048904 0 0 0 0 0 0
8.64996337890625 -3.799948215484619 11.943768501281738 -0.1235577509332751 0.972548797204466 -0.19718600163413574 -0.9922588347499361 -0.1235843813707642 0.012219064690252048 0 0 0 0 0 0
8.3616943359375 -3.8505191802978516 12.2697172164917 -0.26622617836988854 0.7173425085022652 -0.6438504076617811 -0.9593354145971487 -0.13218230127973526 0.2494060976161373 0 0 0 0 0 0
8.058853149414062 -3.6669182777404785 12.468663215637207 -0.4323211950646966 0.2566859411809419 -0.8644135074707513 -0.8912217304765935 0.02421950277257414 0.4529207908804314 0 0 0 0 0 0
7.6026611328125 -3.7611007690429688 12.730668067932129 -0.47169307674233213 -0.06268100984409579 -0.8795321099074648 -0.8782120337442079 0.12282151641432047 0.46223208336565014 0 0 0 0 0 0
7.57122802734375 -3.2892746925354004 12.937338829040527 -0.571283651797148 -0.5026710108497813 -0.6488118710693989 -0.8206003278362667 0.3650499517020162 0.439719950329033 0 0 0 0 0 0
7.2860565185546875 -2.8834877014160156 12.94974422454834 -0.563274297913653 -0.8087614801305204 -0.1691949572740599 -0.783479718187786 0.45774413898785343 0.4202735233281494 0 0 0 0 0 0
6.97601318359375 -2.6342129707336426 12.827229499816895 -0.4579951363442252 -0.791845018495527 0.40400732885537255 -0.7751697897491812 0.5782116680928666 0.2545251734926727 0 0 0 0 0 0
6.6275482177734375 -2.500300407409668 12.653048515319824 -0.2922809212272256 -0.442777271646716 0.8476556793885444 -0.8006731076803785 0.5980014502321032 0.03628829229582002 0 0 0 0 0 0
6.2409820556640625 -2.483503818511963 12.482272148132324 -0.13206494039796116 0.09936699439334246 0.9862479667623737 -0.8587815505991753 0.485417269652089 -0.1639033943333312 0 0 0 0 0 0
5.8994903564453125 -2.544203758239746 11.707228660583496 -0.572547134662484 -0.4768889623286835 -0.6669083116882343 0.7495332363140571 0.025180862117861993 -0.6614876052078204 0 0 0 0 0 0
5.105743408203125 -2.273353099822998 9.961310386657715 -0.5545037187943893 -0.8020891905464331 -0.22176238691843236 -0.764141278631661 0.3852207446920196 0.5173906494614066 0 0 0 0 0 0
4.8267822265625 -1.9506678581237793 9.878251075744629 -0.45460236701219686 -0.8360320922899606 0.307224719982261 -0.7760446405598463 0.5410633816954898 0.3240449549778237 0 0 0 0 0 0
4.4953765869140625 -1.753758430480957 9.670195579528809 -0.3073512402517155 -0.5819472287487596 0.7529094487834317 -0.8275219155002042 0.5540964127560868 0.09046902639969823 0 0 0 0 0 0
4.0948486328125 -1.7713208198547363 9.604998588562012 -0.16944873689479362 -0.1145826988236624 0.9788554186880946 -0.9094422281731855 0.40087789150246705 -0.1105067858546622 0 0 0 0 0 0
3.6649169921875 -1.467912197113037 9.511530876159668 -0.05889897111748756 0.18799796270062052 0.9804017937670847 -0.9445855935089338 0.3072154872678307 -0.1156576885389161 0 0 0 0 0 0
3.3627166748046875 -1.8609309196472168 9.368268013000488 -0.03162384497074956 0.6450022213053587 0.7635260748267992 -0.9934801579458529 0.06342898350514083 -0.09473088102296924 0 0 0 0 0 0
2.945709228515625 -2.100950241088867 9.489340782165527 -0.05969994748447627 0.9558309683012763 0.2877899864599106 -0.9959340875847598 -0.037549800048949 -0.08188593104432589 0 0 0 0 0 0
2.622772216796875 -2.200749397277832 9.732346534729004 -0.17913810188370294 0.9422429078471007 -0.2829979559384552 -0.9833925944827528 -0.16297467207656804 0.07986401804326947 0 0 0 0 0 0
2.3357391357421875 -2.1846084594726562 10.02733325958252 -0.3469062429748471 0.5936868909147008 -0.7260798400596952 -0.9371074920627298 -0.18759040305717314 0.2943456964196158 0 0 0 0 0 0
2.0776824951171875 -2.0444064140319824 10.317811012268066 -0.49641069021181955 0.04903714972974909 -0.8667016698898228 -0.8670540647368022 -0.07671776759271877 0.4922719095773988 0 0 0 0 0 0
1.8376617431640625 -1.7836174964904785 10.54188060760498 -0.5725913696648872 -0.47690595394719515 -0.666858181681086 -0.7994627327574387 0.14457288432588977 0.5830591908629013 0 0 0 0 0 0
1.593048095703125 -1.4439492225646973 10.629368782043457 -0.5544973871162681 -0.8021074495691466 -0.2217121715804306 -0.764123425063382 0.3852181753319634 0.5174189295564271 0 0 0 0 0 0
1.3140869140625 -1.121274471282959 10.546298027038574 -0.45463707893188826 -0.8360245827671559 0.3071937881358978 -0.7759900449889067 0.5410903038892486 0.3241307346043499 0 0 0 0 0 0
0.9826812744140625 -0.9243645668029785 10.338208198547363 -0.30731219649124436 -0.5818966549515544 0.7529644724978187 -0.8275396655004253 0.5540740561039397 0.09044358670448993 0 0 0 0 0 0
0.5803070068359375 -0.9361186027526855 10.254084587097168 -0.16552059959020093 -0.11606755342893181 0.9793524667617489 -0.9077084528269197 0.40618076853213153 -0.10527368114209201 0 0 0 0 0 0
0.1512603759765625 -0.6423592567443848 10.178229331970215 -0.06275198284416593 0.18660847056345073 0.9804282061237809 -0.9513018536140003 0.2858852628667216 -0.11530134338416402 0 0 0 0 0 0
-0.0288238525390625 -0.45946744084358215 9.222858428955078 -0.5712480622719356 -0.5026338475990392 -0.648871995541759 0.5104076284508041 0.40156722977710446 -0.7604129225548235 0 0 0 0 0 0
-0.840728759765625 -0.26197007298469543 7.374074459075928 -0.5632113949194814 -0.8087889792790105 -0.16927289100641094 -0.7834893346880759 0.4576061459412322 0.42040584870675635 0 0 0 0 0 0
-1.1507568359375 -0.012712028808891773 7.251500606536865 -0.4579925751226238 -0.7918525182175933 0.4039955328032773 -0.7751747282330994 0.5782039829103187 0.25452759154045435 0 0 0 0 0 0
-1.49920654296875 0.12121912837028503 7.077353000640869 -0.2922819799729315 -0.44274787182856007 0.8476706708235128 -0.8006977589707469 0.5979712716924029 0.03624164744867798 0 0 0 0 0 0
-1.8756561279296875 0.13080832362174988 6.907567501068115 -0.1320268218931776 0.09936820793961024 0.9862529480572707 -0.859334199336469 0.484457242533955 -0.16384722764559276 0 0 0 0 0 0
-2.2660675048828125 0.018887970596551895 6.803344249725342 -0.03768913317013211 0.6209289365009185 0.7829602704203596 -0.9305210579112335 0.2638261473684635 -0.25402032349493725 0 0 0 0 0 0
-2.646881103515625 -0.17310383915901184 6.834852695465088 -0.03704067442256705 0.9417620082139337 0.33423391258694835 -0.9823359142738165 0.027076151265621295 -0.18515678102750224 0 0 0 0 0 0
-2.989471435546875 -0.34901192784309387 7.036095142364502 -0.1235963712586765 0.9725418030871688 -0.19719629372695086 -0.9922556315724292 -0.12359659353321334 0.012354905090096496 0 0 0 0 0 0
-3.2777557373046875 -0.3996262848377228 7.3620524406433105 -0.26619032615788407 0.7173486919909509 -0.6438583418414576 -0.9593443705814618 -0.13214873599837146 0.24938943483574352 0 0 0 0 0 0
-3.5805816650390625 -0.21600773930549622 7.560984134674072 -0.43228571420286993 0.2567197111983433 -0.864421223234572 -0.8912242021484679 0.024315284770267235 0.4529107952250285 0 0 0 0 0 0
-4.036773681640625 -0.31017544865608215 7.823004245758057 -0.4717673019950252 -0.0626783506617774 -0.8794924883855769 -0.8781581930148388 0.1230057277570756 0.4622853869417306 0 0 0 0 0 0
-4.068206787109375 0.16161677241325378 8.029687881469727 -0.5712800830060646 -0.5026356753643653 -0.6488423881125467 -0.8206028148619737 0.3650226167659843 0.43973800096184396 0 0 0 0 0 0
-4.3534393310546875 0.5674538612365723 8.042128562927246 -0.5632428910903068 -0.8087771930602716 -0.16922440019625062 -0.7834783312935893 0.4576714536416721 0.4203552603631021 0 0 0 0 0 0
-4.663482666015625 0.8166899681091309 7.919583797454834 -0.4580315274153718 -0.7918253677075947 0.40400458778122067 -0.7751706068374922 0.5782340358050353 0.25447186510853326 0 0 0 0 0 0
-5.011932373046875 0.9506392478942871 7.745410442352295 -0.2922845491022837 -0.4428209148175758 0.8476316297520993 -0.8006826371812262 0.5979876058820918 0.03630616652747859 0 0 0 0 0 0
-5.3882598876953125 0.9601788520812988 7.5755934715271 -0.13210284195035552 0.09935846512126616 0.9862437500726612 -0.8593599106721199 0.48439140484946064 -0.16390701887830192 0 0 0 0 0 0
-5.7265472412109375 0.9008383750915527 6.802880764007568 -0.5725122609256194 -0.47688215204316253 -0.6669431191282488 0.7496716867775134 0.02491284887860275 -0.6613408440470842 0 0 0 0 0 0
-6.5203857421875 1.1717019081115723 5.056954860687256 -0.5544367075788648 -0.8021503041770196 -0.22170887848217383 -0.7641700179534853 0.3851866541368027 0.5173735837244353 0 0 0 0 0 0
-6.799224853515625 1.4943346977233887 4.973886966705322 -0.45463284285303684 -0.8360191772832521 0.3072147675714828 -0.7760256353083766 0.5410876633174081 0.3240499250886161 0 0 0 0 0 0
-7.130645751953125 1.6912541389465332 4.765812397003174 -0.3073855962725251 -0.5819102494339787 0.7529240046697069 -0.8275180465525317 0.5541109853374804 0.09041514562399869 0 0 0 0 0 0
-7.533050537109375 1.6795239448547363 4.6816630363464355 -0.1655585459599471 -0.11604357069358505 0.9793488947052073 -0.9077518712517139 0.40606651162705465 -0.10534006063244371 0 0 0 0 0 0
-7.962554931640625 1.9723496437072754 4.602077007293701 -0.06271384630651788 0.1866204229697529 0.9804283712806524 -0.9515079486509387 0.28525524079023484 -0.11516106657976055 0 0 0 0 0 0
-8.267120361328125 1.5847630500793457 4.4593682289123535 -0.03166194622400375 0.6449762559003137 0.7635464298168916 -0.9937031888013845 0.06183372006995721 -0.09343748513455659 0 0 0 0 0 0
-8.68243408203125 1.3429207801818848 4.580646991729736 -0.05966177263269724 0.9558305209923068 0.28779938850855774 -0.9959307780663832 -0.03748845464531693 -0.08195426205143144 0 0 0 0 0 0
-9.00537109375 1.2430939674377441 4.82360315322876 -0.17921432933850903 0.9422914342159106 -0.2827880428219529 -0.9833751409736659 -0.16302926948541566 0.07996742715677962 0 0 0 0 0 0
-9.2923583984375 1.25923490524292 5.118619441986084 -0.34697886735544764 0.5936829973118821 -0.7260483209205226 -0.9370760264173402 -0.1875479243528133 0.2944729134994251 0 0 0 0 0 0
-9.550567626953125 1.3994784355163574 5.40911340713501 -0.49637476921583756 0.04895272998741343 -0.866727015104931 -0.8670673506930336 -0.07683683663167953 0.49222993600409987 0 0 0 0 0 0
-9.790374755859375 1.6602368354797363 5.633182048797607 -0.5726456624636601 -0.4768065712975235 -0.6668826274758216 -0.7994561630815732 0.1446812721371322 0.5830413131191221 0 0 0 0 0 0
-10.03509521484375 1.9998812675476074 5.720646381378174 -0.5545179781690297 -0.802076437301823 -0.221772858151187 -0.764148840540524 0.3852475309537715 0.5173595359076664 0 0 0 0 0 0
-10.31396484375 2.3225913047790527 5.637603282928467 -0.4547784086512011 -0.8359776608700011 0.30711227515519873 -0.7759990740513993 0.5411689688644143 0.3239777526460693 0 0 0 0 0 0
-10.645538330078125 2.519533634185791 5.429532527923584 -0.3073098890386266 -0.5819113591370152 0.7529540505279049 -0.827514281201264 0.554104099643231 0.09049177402681385 0 0 0 0 0 0
-11.0460205078125 2.5019469261169434 5.364366054534912 -0.1693726184739154 -0.11468652965161533 0.978856432796842 -0.9094110013285729 0.40098489020582817 -0.11037548862488704 0 0 0 0 0 0
-11.47589111328125 2.805327892303467 5.270898342132568 -0.058899084238673495 0.1880626969584815 0.9803893715705754 -0.9445743214589719 0.3072403711742582 -0.1156836443107965 0 0 0 0 0 0
-11.655853271484375 2.984921932220459 4.31383752822876 -0.5712097700987794 -0.5026314099949274 -0.648907592982399 0.5102633396526128 0.4017953425837386 -0.7603892601060186 0 0 0 0 0 0
-12.46875 3.181917667388916 2.465336322784424 -0.5632801469513412 -0.8087400758804749 -0.16927777679104541 -0.783485706631065 0.45771985296602136 0.42028880987433476 0 0 0 0 0 0
-12.77886962890625 3.4311795234680176 2.34279203414917 -0.45792743144582226 -0.7918717928597062 0.4040315967874125 -0.7751707095471353 0.5781751100725372 0.2546054067627008 0 0 0 0 0 0
-13.127288818359375 3.565072536468506 2.1686348915100098 -0.29242982149715324 -0.44273592691773217 0.8476259189733638 -0.8007356830723199 0.5979313757279817 0.036061555356760804 0 0 0 0 0 0
-13.50384521484375 3.574709415435791 1.998853087425232 -0.1320648546488207 0.09937050615446631 0.9862476244195425 -0.859369726541895 0.48438324017178386 -0.16387968069285636 0 0 0 0 0 0
-13.894287109375 3.4627747535705566 1.894666075706482 -0.03753666747131572 0.6209285778429612 0.782967879170701 -0.9304746207049281 0.26402053036994544 -0.2539884638466733 0 0 0 0 0 0
-14.274932861328125 3.2707571983337402 1.9261583089828491 -0.0370787436799216 0.9417504985576796 0.33426212054835186 -0.9823416410216386 0.02703351920181591 -0.1851326258509813 0 0 0 0 0 0
-14.6129150390625 5.127978801727295 1.863012671470642 0.9683734022228021 -0.24871644328243708 0.019826363972477012 -0.24946563627501395 -0.9637383958689861 0.09473753556946646 0 0 0 0 0 0
-11.600067138671875 3.396566867828369 1.4809240102767944 0.24574499900981986 0.9646716693608759 0.09496297064732541 0.15420789714657793 -0.13562615548900445 0.9786855830167843 0 0 0 0 0 0
-12.0076904296875 3.5066065788269043 1.4181808233261108 0.24582348781719668 0.9646612061057339 0.09486606491269435 0.15407893797062938 -0.13551254153149825 0.9787216314976988 0 0 0 0 0 0
-12.530029296875 3.6877570152282715 0.9296711683273315 0.2458186306420668 0.9646540664723393 0.09495121309198121 0.15419053334505609 -0.13562434170759374 0.9786885701606762 0 0 0 0 0 0
-12.317626953125 3.703113079071045 0.22333993017673492 0.2458954403739583 0.9646394011776989 0.09490130715025759 0.1541848902818292 -0.13558720351907746 0.9786946049972159 0 0 0 0 0 0
-15.008087158203125 4.069342136383057 -0.599429726600647 0.9617298737695894 -0.25488969603872746 0.10053304308740889 -0.2599818079390855 -0.7330323477634129 0.628548356670498 0 0 0 0 0 0
-15.068206787109375 3.3234610557556152 -0.6795130968093872 0.554572328705329 0.8020613882113881 0.22169136603568823 0.7967469153594146 -0.4349308640414888 -0.41955869240117316 0 0 0 0 0 0
-14.600067138671875 3.1337475776672363 -1.0101157426834106 0.5725853303913141 0.47687469788286596 0.6668857188003017 0.7959823881709024 -0.5181838692307746 -0.31288578649528104 0 0 0 0 0 0
-14.30328369140625 3.1759161949157715 -1.3115860223770142 0.4963715005278904 -0.049002475841289445 0.8667260760038977 0.7863226519783406 -0.3976793205418781 -0.4728084654477962 0 0 0 0 0 0
-13.961395263671875 3.3137927055358887 -1.507224678993225 0.34698372551925927 -0.5936793887704741 0.7260489498469725 0.8035455579943569 -0.2110330577868091 -0.5565784623471223 0 0 0 0 0 0
-13.588409423828125 3.4756178855895996 -1.575344204902649 0.17921249578858453 -0.9422722569518406 0.2828530981483342 0.8483350693507968 0.0024138196052767933 -0.5294542318128094 0 0 0 0 0 0
-13.200958251953125 3.6050686836242676 -1.5207082033157349 0.05966179877469777 -0.9558595500062143 -0.2877029551966489 0.9113066350798525 0.16977981927895122 -0.37509336147823685 0 0 0 0 0 0
-12.81719970703125 3.6456246376037598 -1.3608776330947876 0.03166198202362166 -0.644986521905444 -0.7635377564041311 0.96822455513455 0.20939337934212987 -0.1367319403877007 0 0 0 0 0 0
-12.34521484375 3.6120553016662598 -1.2477198839187622 0.05889867404901797 -0.1879803252669536 -0.9804051935336726 0.9927431234725447 0.11417606735418175 0.037748065400881256 0 0 0 0 0 0
-12.0146484375 3.557587146759033 -1.1861802339553833 0.16937341061346536 0.11457500873368091 -0.9788693555070765 0.9104088185539967 -0.3985755805458659 0.11087510853046297 0 0 0 0 0 0
-11.795867919921875 3.0779404640197754 -1.003118634223938 0.3073872516369748 0.5819133831967559 -0.752920906860457 0.9441400738602499 -0.2852805553323824 0.16496825658413655 0 0 0 0 0 0
-11.5640869140625 2.694082736968994 -1.0910192728042603 0.454786212708108 0.835944322849261 -0.30719145467721903 0.8877523097638252 -0.45307498442143207 0.08135659162300596 0 0 0 0 0 0
-11.338226318359375 2.419381618499756 -1.3453723192214966 0.5545006402734542 0.8020847374683362 0.2217861895084529 0.8315650209203521 -0.5443197343572928 -0.1105243989847521 0 0 0 0 0 0
-11.08734130859375 2.30436372756958 -1.6781870126724243 0.5725322437495581 0.4768272686358386 0.6669652058034081 0.7959861545960564 -0.5182380115490431 -0.31278651677634256 0 0 0 0 0 0
-10.79058837890625 2.3465466499328613 -1.9796391725540161 0.4964310654395137 -0.04908426874552745 0.8666873322186646 0.7863091952720012 -0.397587266016711 -0.4729082525522845 0 0 0 0 0 0
-10.448699951171875 2.484370708465576 -2.17529296875 0.34691242562464686 -0.5936474032927372 0.7261091718956687 0.8035246522401034 -0.21117888087524028 -0.5565533339354839 0 0 0 0 0 0
-10.54693603515625 2.1254677772521973 -3.4181501865386963 0.45799009836243804 0.7918410764853322 -0.4040207660411959 -0.5216341785843712 -0.12863017000702248 -0.8434168975640534 0 0 0 0 0 0
-10.230072021484375 2.8579726219177246 -5.230576038360596 0.5633455295811403 0.8087029541657755 0.16923754377942363 0.8150435420237866 -0.5775203883983674 0.04662859197444074 0 0 0 0 0 0
-9.98419189453125 2.6687207221984863 -5.510186672210693 0.5712072312210102 0.5026410967433947 0.6489023245954855 0.7623141557166897 -0.6179574189660089 -0.19236880292505704 0 0 0 0 0 0
-9.610076904296875 2.511854648590088 -5.765339374542236 0.4743994227250445 0.05983160538600128 0.87827408405069 0.7639134238762962 -0.5237828716499724 -0.3769453331554892 0 0 0 0 0 0
-9.335418701171875 2.409532070159912 -5.955286502838135 0.42869097969029746 -0.25630193149729913 0.8663332868145647 0.8904401465172275 -0.04228997216415626 -0.4531312213087214 0 0 0 0 0 0
-9.013519287109375 2.7711853981018066 -6.241029739379883 0.26626697426700274 -0.7173162668239009 0.643862774016729 0.8488729117129119 -0.14194177873715802 -0.5091829840135809 0 0 0 0 0 0
-8.62225341796875 3.0045018196105957 -6.272662162780762 0.1234436889665114 -0.9725505885381727 0.19724859540283957 0.9057945429071818 0.02923881579664491 -0.42270715358316296 0 0 0 0 0 0
-8.227203369140625 3.1325764656066895 -6.1363444328308105 0.03692624415532491 -0.9417694295623984 -0.33422566333885234 0.96549960184788 0.11989408855552433 -0.23116212138026695 0 0 0 0 0 0
-7.85302734375 3.1000094413757324 -5.922401428222656 0.03761290965523868 -0.6209181850490061 -0.7829724621611638 0.995060335664734 0.09530611694542604 -0.02777899313459656 0 0 0 0 0 0
-7.519256591796875 2.9090161323547363 -5.7408976554870605 0.13214084432753975 -0.09942511349139475 -0.9862319423277812 0.9906117798770804 -0.02191557315862028 0.13493705651855606 0 0 0 0 0 0
-7.226348876953125 2.6212306022644043 -5.665940761566162 0.2922841039657897 0.4427940141977165 -0.8476458361601193 0.9534499975462277 -0.20367813423417552 0.22236978170152413 0 0 0 0 0 0
-6.962646484375 2.3090462684631348 -5.718962669372559 0.4579916777366649 0.7918485755037459 -0.4040042779434936 0.8889118706966501 -0.41249395872809597 0.19920948809583888 0 0 0 0 0 0
-6.715362548828125 2.0297837257385254 -5.894269943237305 0.5632875098510489 0.8087387261763308 0.1692597235862401 0.8150573091617433 -0.577485982030086 0.0468137088977764 0 0 0 0 0 0
-6.469482421875 1.8405003547668457 -6.173864364624023 0.571282226715987 0.502668564845914 0.6488150209067084 0.7622535675175822 -0.6180417544627423 -0.1923379539959131 0 0 0 0 0 0
-6.101715087890625 1.6758265495300293 -6.446687698364258 0.47176214532029487 0.0627015073369574 0.8794936038542102 0.763075748392526 -0.5287877362500015 -0.37161664683755097 0 0 0 0 0 0
-5.824798583984375 1.5869078636169434 -6.623795032501221 0.43235413954962404 -0.2566935811978881 0.8643947613134334 0.8908709855844306 -0.026545585408593864 -0.4534801196735534 0 0 0 0 0 0
-5.499114990234375 1.9379582405090332 -6.910402297973633 0.26622823941101775 -0.7173575987088626 0.6438327423444419 0.8510677182478946 -0.13866013805002952 -0.5064159407762253 0 0 0 0 0 0
-5.1096038818359375 2.1751275062561035 -6.94069766998291 0.12348185607813332 -0.9725459785702764 0.19724743543651696 0.9058218321381695 0.02929106559661305 -0.4226450542690228 0 0 0 0 0 0
-4.7145233154296875 2.303184986114502 -6.804388046264648 0.03692629625753422 -0.9417612216306036 -0.3342487847061436 0.9654413419518975 0.11997078486958226 -0.23136556793934557 0 0 0 0 0 0
-4.3401947021484375 2.270595073699951 -6.59049129486084 0.037612853973701926 -0.6209196500337927 -0.7829713030615267 0.995052028053891 0.09537637121443926 -0.027835396167544022 0 0 0 0 0 0
-4.0066070556640625 2.0796217918395996 -6.408928394317627 0.1321031177157513 -0.09939681954897617 -0.9862398483905052 0.990618104813051 -0.021886371286385393 0.13489535636379027 0 0 0 0 0 0
-3.713653564453125 1.791862964630127 -6.333991050720215 0.29228170977003815 0.4427427034740936 -0.8476734634600483 0.9534441835069177 -0.2037404597536407 0.22233761264392946 0 0 0 0 0 0
-3.4498443603515625 1.4796671867370605 -6.387017726898193 0.4579934682480058 0.7918254451273657 -0.404047580726592 0.8889099326404024 -0.4125356281444559 0.19913183362961936 0 0 0 0 0 0
-3.2026214599609375 1.2003674507141113 -6.562333583831787 0.563237394174038 0.8087763778931442 0.16924659041199425 0.8151058464102828 -0.5774242140844638 0.046730462620393355 0 0 0 0 0 0
-2.9567108154296875 1.0111126899719238 -6.841926574707031 0.5712118738256108 0.5026690238831585 0.6488766043162498 0.7622981390351687 -0.6179947800899209 -0.19231224351332635 0 0 0 0 0 0
-2.58258056640625 0.8542666435241699 -7.097111225128174 0.4744301987000989 0.05973530910001898 0.87826401463803 0.7638997987575789 -0.5237423434052182 -0.3770292497705465 0 0 0 0 0 0
-2.310028076171875 0.750816822052002 -7.2914042472839355 0.42865436797683837 -0.2563123858887936 0.8663483096620964 0.8896192165704688 -0.04751170261576926 -0.45422493064900804 0 0 0 0 0 0
-1.988128662109375 1.1124043464660645 -7.577146053314209 0.26622947667426883 -0.7173394747272228 0.6438524238890596 0.8489107616246693 -0.1419111804508045 -0.5091284078313478 0 0 0 0 0 0
-1.596923828125 1.3457236289978027 -7.6087493896484375 0.12355767892440568 -0.9725398857820705 0.19722999402172736 0.9058596017372884 0.02939208931701505 -0.422557081381844 0 0 0 0 0 0
-1.2018280029296875 1.473787784576416 -7.472446441650391 0.03696445682557503 -0.941771104057012 -0.3342167208486533 0.9654615298166549 0.11997152393751205 -0.23128092850080714 0 0 0 0 0 0
-0.8275146484375 1.4412245750427246 -7.258550643920898 0.037612920582180666 -0.6209374389213446 -0.7829571924128931 0.9950520535845422 0.09537554280456471 -0.027837321924356846 0 0 0 0 0 0
-0.4939117431640625 1.2502217292785645 -7.076982021331787 0.13210277699651854 -0.09938702645605098 -0.9862408809626744 0.9906197669739686 -0.0218417527951696 0.1348903818486513 0 0 0 0 0 0
-0.2009735107421875 0.9624524116516113 -7.002049922943115 0.29228191284535743 0.44275970037826934 -0.8476645156808228 0.9534477678291867 -0.2037021356608736 0.22235735640796883 0 0 0 0 0 0
0.276824951171875 1.2323269844055176 -5.8302836418151855 0.17917619782559271 -0.942277210248972 0.28285959269252076 -0.10370261687285072 0.26782144806069963 0.9578713061849139 0 0 0 0 0 0
0.851898193359375 0.2886452376842499 -4.188584804534912 0.059700039575020056 -0.9558491320327652 -0.2877296336266916 0.9113044553038935 0.16982403088314638 -0.37507864279091413 0 0 0 0 0 0
1.235626220703125 0.3292069137096405 -4.028745651245117 0.03166199992131642 -0.6449916548730278 -0.7635334196386794 0.9682256154097995 0.20938932839089092 -0.13673063599766802 0 0 0 0 0 0
1.7076873779296875 0.29561182856559753 -3.9156270027160645 0.058860663012135696 -0.18793069107536392 -0.9804169917446902 0.9927367408568405 0.11424712511960326 0.03770089859465142 0 0 0 0 0 0
2.0381317138671875 0.24115416407585144 -3.8540289402008057 0.16941145778888314 0.1145797095026197 -0.9788622212242848 0.9103864105247932 -0.3986197407703128 0.11090034174875832 0 0 0 0 0 0
2.25701904296875 -0.23847344517707825 -3.670987844467163 0.30735228183188146 0.5818693382784755 -0.7529692211665127 0.944155540543939 -0.28522086323833623 0.16498295194886206 0 0 0 0 0 0
2.4888763427734375 -0.6223711967468262 -3.7588725090026855 0.4546735268631996 0.835999926298725 -0.30720694523123265 0.8878152981766251 -0.45294542818307826 0.08139063466762209 0 0 0 0 0 0
2.7146148681640625 -0.8970189094543457 -4.013246059417725 0.5545056633230819 0.8020943874968951 0.22173872663251618 0.8315636949359402 -0.5443155141044761 -0.11055515532830863 0 0 0 0 0 0
2.965484619140625 -1.0120387077331543 -4.346053123474121 0.5725522878835274 0.4768360336803323 0.6669417325549117 0.7959768893619297 -0.5182416334478416 -0.3128040935841786 0 0 0 0 0 0
3.2622833251953125 -0.9698882102966309 -4.647499084472656 0.49640069370791495 -0.04902543353144862 0.8667080582026191 0.7862955411077465 -0.3976946543906764 -0.47284065381813 0 0 0 0 0 0
3.6163330078125 -0.839836597442627 -4.838874816894531 0.34687066208958717 -0.5936602880625558 0.7261185895974671 0.8056384061977758 -0.20781312919839154 -0.554761626098886 0 0 0 0 0 0
3.99053955078125 -0.6760592460632324 -4.907933235168457 0.17913859108292948 -0.9422848201258726 0.2828580614816822 0.84827347701795 0.0023029842331891244 -0.5295534009441347 0 0 0 0 0 0
4.3780059814453125 -0.5466189384460449 -4.8533244132995605 0.0597380841619227 -0.9558451093327184 -0.2877351008573452 0.9113363622832771 0.1698396837445685 -0.37499402209345745 0 0 0 0 0 0
4.7617340087890625 -0.5060553550720215 -4.693490982055664 0.031662002934212306 -0.6450155581188902 -0.7635132267058445 0.9682251416251842 0.20938645296450553 -0.13673839416870104 0 0 0 0 0 0
5.2337799072265625 -0.5396380424499512 -4.580358028411865 0.05886084511975761 -0.1879956455985907 -0.9804045278086782 0.9927367701739431 0.11424928498180638 0.0376935806969023 0 0 0 0 0 0
5.56427001953125 -0.594144344329834 -4.518770694732666 0.16941059702576097 0.11463873194085883 -0.9788554595824487 0.9104254489975899 -0.39853254726571447 0.11089323959303442 0 0 0 0 0 0
5.7830963134765625 -1.0737299919128418 -4.335724830627441 0.3073500008389716 0.5818793169352561 -0.7529624409671734 0.9441515072988125 -0.28525211429027375 0.16495200077085792 0 0 0 0 0 0
6.4567413330078125 -0.006895568687468767 -3.4750211238861084 0.1235575367003821 -0.9725411586417907 0.19722380655543778 0.16023751350502485 0.2156919531300932 0.963224231744952 0 0 0 0 0 0
6.9249114990234375 -1.147712230682373 -1.8967291116714478 0.037002531207239994 -0.9417716396333412 -0.3342109984225316 0.9654930973445222 0.11996478584254557 -0.23115261006061205 0 0 0 0 0 0
7.2992401123046875 -1.180290699005127 -1.682801365852356 0.03757478150227966 -0.6209184959518843 -0.7829740463003265 0.9950541046484016 0.09534738483894535 -0.027860456326883148 0 0 0 0 0 0
7.632843017578125 -1.3713040351867676 -1.5012575387954712 0.13214094546552393 -0.09934651155822237 -0.9862398497184595 0.99061176555379 -0.021926341222237033 0.13493541235350004 0 0 0 0 0 0
7.9257965087890625 -1.6590657234191895 -1.4263297319412231 0.2922832047067188 0.44279503606545717 -0.8476456124360939 0.9534504811405774 -0.20367548684561432 0.2223701330462421 0 0 0 0 0 0
8.189605712890625 -1.9712557792663574 -1.4793487787246704 0.45795569987195345 0.7918690153351287 -0.40400499935887296 0.8889302402430624 -0.41247215839937496 0.1991726550678385 0 0 0 0 0 0
8.436843872070312 -2.250553607940674 -1.654661774635315 0.563244719077146 0.8087678223866847 0.16926309669744058 0.8150952546558338 -0.5774369665967245 0.04675762445970515 0 0 0 0 0 0
8.682723999023438 -2.439786911010742 -1.9342514276504517 0.5712848289381065 0.5026279395027989 0.6488442021443429 0.7622716716630946 -0.6179922112033407 -0.19242537637213333 0 0 0 0 0 0
9.056869506835938 -2.5966639518737793 -2.1894454956054688 0.4744387362387202 0.05979002878520999 0.8782556791812223 0.7639013825791465 -0.5237556374202876 -0.3770075728206755 0 0 0 0 0 0
9.329421997070312 -2.7000980377197266 -2.3837428092956543 0.428621875240333 -0.2563562983460881 0.8663513931216085 0.8896213499442014 -0.04757995378047548 -0.4542136080322833 0 0 0 0 0 0
9.651321411132812 -2.3384995460510254 -2.6694841384887695 0.2662290968288936 -0.7173265302659653 0.6438670025543031 0.8489113743209225 -0.14192094955305443 -0.5091246631489407 0 0 0 0 0 0
10.042526245117188 -2.1051807403564453 -2.701075792312622 0.1235201161698572 -0.9725456768717036 0.19722496621762908 0.9058323817880102 0.029343132102011983 -0.42261883145773876 0 0 0 0 0 0
10.437606811523438 -1.9771270751953125 -2.5647788047790527 0.03696440389960415 -0.9417626030675462 -0.33424068021081205 0.9654608146341133 0.11997823296325758 -0.2312804337185678 0 0 0 0 0 0
10.811935424804688 -2.0096936225891113 -2.3508739471435547 0.03757480327850876 -0.6209224320833446 -0.7829709237859895 0.9950458732038964 0.09541686638861537 -0.027916515335423418 0 0 0 0 0 0
11.145523071289062 -2.2007088661193848 -2.1693224906921387 0.13206474163394796 -0.09933465835205099 -0.9862512507810777 0.9906277443108691 -0.021769796978002246 0.13484342082985015 0 0 0 0 0 0
11.438446044921875 -2.488461971282959 -2.0943922996520996 0.2923569645012422 0.4427649716003857 -0.8476358800990723 0.9534155940420929 -0.20385029563922097 0.22235953320054755 0 0 0 0 0 0
11.916259765625 -2.2185988426208496 -0.9226208925247192 0.17917615779357143 -0.942279383906391 0.2828523769448043 -0.10376928990894149 0.2678004189477895 0.9578699651221886 0 0 0 0 0 0
12.491348266601562 -3.162282943725586 0.719075083732605 0.0596618178756407 -0.9558527034764472 -0.28772569705283707 0.9113072183457585 0.1697884163437448 -0.37508805295076986 0 0 0 0 0 0
12.875106811523438 -3.1217007637023926 0.8789252042770386 0.0315475324933799 -0.6450149556549657 -0.7635184740233872 0.968188175934815 0.20943528284801943 -0.13692522878704877 0 0 0 0 0 0
13.34710693359375 -3.155292510986328 0.9920405149459839 0.05886081590030721 -0.1879919759936517 -0.9804052332140788 0.9927320614633536 0.11429292279469395 0.037685301402093696 0 0 0 0 0 0
13.677581787109375 -3.209784984588623 1.0536373853683472 0.16944851983495302 0.1146242752153455 -0.9788505885256954 0.9103877866112516 -0.39861135044312174 0.1109192016153062 0 0 0 0 0 0
13.896453857421875 -3.6893882751464844 1.2366794347763062 0.30734727962375935 0.5818801255012296 -0.7529629268792373 0.944169922845797 -0.2851379867112721 0.16504388909500545 0 0 0 0 0 0
14.128326416015625 -4.073291301727295 1.148776888847351 0.45467273148824483 0.8360044988138311 -0.3071956790126669 0.8878160460784056 -0.45294429954924026 0.08138875740269358 0 0 0 0 0 0
14.354049682617188 -4.3479156494140625 0.8944238424301147 0.5545093358273488 0.802088970855536 0.2217491359897932 0.8315614531390939 -0.5443159648239156 -0.11056979737255898 0 0 0 0 0 0
14.60491943359375 -4.462976455688477 0.5616077184677124 0.5725807878579917 0.47683753636398263 0.6669161906043737 0.7959650538161676 -0.5182368006748209 -0.3128422150697563 0 0 0 0 0 0
14.901718139648438 -4.4208197593688965 0.2601569890975952 0.49636753350878776 -0.049017581392051195 0.8667274937331089 0.786298912417119 -0.3977355938044998 -0.4728006109901273 0 0 0 0 0 0
15.243682861328125 -4.282969951629639 0.06448163092136383 0.34687021074169494 -0.5936821653433503 0.7261009182291696 0.8035688749844383 -0.21113318725888588 -0.5565068197193532 0 0 0 0 0 0
15.616561889648438 -4.121114253997803 -0.0035797222517430782 0.179138128736017 -0.9422919248804974 0.28283468517486554 0.8482714334050141 0.0023143315286910217 -0.5295566250539957 0 0 0 0 0 0
16.004043579101562 -3.9916725158691406 0.05101765692234039 0.059699984736521966 -0.955847061928759 -0.28773652188177 0.9113039126912018 0.16982700674290407 -0.37507861375243995 0 0 0 0 0 0
16.387771606445312 -3.9510927200317383 0.21086682379245758 0.03166197660447891 -0.6450233663793099 -0.7635066313151444 0.968213687818833 0.2094189699576595 -0.13676969599340486 0 0 0 0 0 0
16.855667114257812 -3.993044853210449 0.3059042692184448 0.06279000294488067 -0.18661882197395643 -0.9804238016364325 0.9931278202784238 0.1088982806507898 0.04287536659118519 0 0 0 0 0 0
17.19659423828125 -4.0322771072387695 0.38798701763153076 0.1656334248475214 0.11603781073423632 -0.9793369160065835 0.9207699345815905 -0.3738524931376657 0.11143177708968606 0 0 0 0 0 0
17.407669067382812 -4.520228862762451 0.5726660490036011 0.3073496617731009 0.5819037089213424 -0.7529437289409788 0.9447146885576096 -0.281573622451989 0.168019202363193 0 0 0 0 0 0
18.084854125976562 -3.450773239135742 1.4336827993392944 0.12348223352277793 -0.9725489513331008 0.1972325410907438 0.16030224740409163 0.21569247951440765 0.9632133428052813 0 0 0 0 0 0
18.553054809570312 -4.591593265533447 3.011989116668701 0.036964451365422125 -0.941755467722357 -0.334260778959031 0.9654853125742474 0.1199533630788853 -0.2311910506258254 0 0 0 0 0 0
18.927352905273438 -4.624176979064941 3.2259039878845215 0.037612869633785094 -0.6208936825411753 -0.7829918946057934 0.9950561861311283 0.09534210914478759 -0.02780411239361406 0 0 0 0 0 0
19.261016845703125 -4.815161228179932 3.407458782196045 0.13202681951675965 -0.09939204803551496 -0.9862505461167537 0.99063884592518 -0.021592679853884213 0.13479033021977188 0 0 0 0 0 0
19.553909301757812 -5.102929592132568 3.4823861122131348 0.2922832880797779 0.4427534389513429 -0.8476673119839133 0.9534541541382034 -0.20362106613262 0.2224042206965023 0 0 0 0 0 0
19.817733764648438 -5.415126800537109 3.429373264312744 0.4579940856069523 0.7918205519955592 -0.4040564700465758 0.8889100423935724 -0.41251246249893997 0.1991793282821245 0 0 0 0 0 0
20.06494140625 -5.694413185119629 3.2540383338928223 0.5632480910051161 0.8087655115069059 0.16926291790012785 0.815099797531846 -0.5774346293678635 0.04670726785353324 0 0 0 0 0 0
20.310836791992188 -5.883668422698975 2.974442958831787 0.5712546564125683 0.5026289952988323 0.6488699489203094 0.7622813130632552 -0.6179911450220728 -0.1923906037956824 0 0 0 0 0 0
20.67852783203125 -6.048337936401367 2.7016310691833496 0.47172672772209656 0.06267922028369147 0.8795141895940234 0.7630641730116967 -0.5288291665407862 -0.37158145874323867 0 0 0 0 0 0
20.955459594726562 -6.137271881103516 2.5245213508605957 0.43239368999620637 -0.25667772536006606 0.8643796863389647 0.8908514249133797 -0.026545658002517677 -0.4535185407136237 0 0 0 0 0 0
21.281143188476562 -5.786226749420166 2.2379136085510254 0.26622880573670993 -0.7173615088808637 0.6438281514287609 0.8510216492150857 -0.13872588680393452 -0.506475350730613 0 0 0 0 0 0
21.670639038085938 -5.5490498542785645 2.2076172828674316 0.12355816476258048 -0.9725389415065169 0.1972343458272081 0.9058638843095265 0.029393099838707557 -0.42254783017491504 0 0 0 0 0 0
22.06573486328125 -5.42100191116333 2.3439202308654785 0.03700253282559614 -0.9417609519958353 -0.33424111336038326 0.9654822239123315 0.11998542865019637 -0.23118730981809435 0 0 0 0 0 0
22.440093994140625 -5.453561305999756 2.5578255653381348 0.03753662309177316 -0.6209421488355935 -0.7829571187021047 0.9950313379751873 0.09552738656024007 -0.028056280300127565 0 0 0 0 0 0
22.77374267578125 -5.644571304321289 2.7393898963928223 0.13202632375968032 -0.09938213810312256 -0.9862516111320457 0.9906389428454195 -0.02159319790258623 0.13478953491443404 0 0 0 0 0 0
23.066497802734375 -5.932323932647705 2.814333438873291 0.292397816028475 0.4427321122676096 -0.8476389525905702 0.9533995109796706 -0.20390468507698847 0.2223786227751656 0 0 0 0 0 0
23.544418334960938 -5.662481784820557 3.986076831817627 0.17910045948026437 -0.9422813251600084 0.28289384876426105 -0.10392714158500348 0.26781407426551657 0.9578490334427837 0 0 0 0 0 0
24.119430541992188 -6.606149196624756 5.627790927886963 0.05973809664535722 -0.955839348616906 -0.2877542344515525 0.9113583571141467 0.16983424817444143 -0.3749430264256501 0 0 0 0 0 0
24.503204345703125 -6.565564155578613 5.787632465362549 0.031547581008295945 -0.645013563393468 -0.7635196481892169 0.96818844887556 0.2094347502037461 -0.13692411354846054 0 0 0 0 0 0
24.971099853515625 -6.6074981689453125 5.882680416107178 0.0627898749298477 -0.18662917032801557 -0.9804218400203919 0.9931322147671857 0.10885533552270751 0.042882629581955364 0 0 0 0 0 0
25.310211181640625 -6.648482322692871 5.960632801055908 0.16551955743877225 0.11604059662512221 -0.9793558372931458 0.9186641610456008 -0.3793233900587976 0.11031738287633543 0 0 0 0 0 0
25.521026611328125 -7.135880947113037 6.145055294036865 0.30723755074701786 0.5819462685878949 -0.7529565909716172 0.9447646729519155 -0.28141627934717817 0.1680017573135809 0 0 0 0 0 0
25.756317138671875 -7.517136573791504 6.057504177093506 0.4546718334192373 0.8359968870996677 -0.307217721908836 0.8878091413211793 -0.45297337801273646 0.08130219799169781 0 0 0 0 0 0
27.092819213867188 -6.13001012802124 6.343074321746826 -0.9354613646548094 0.2617610046661888 -0.23747254930688103 -0.3524062432980564 -0.6397495574937261 0.6830302653405138 0 0 0 0 0 0
24.52545166015625 -6.233968257904053 5.800109386444092 0.2458942714042222 0.964641967874371 0.0948782435864395 0.15412545303855313 -0.13554953931853636 0.9787091841380633 0 0 0 0 0 0
24.933212280273438 -6.34403657913208 5.862868785858154 0.2457440685227126 0.9646787456264997 0.09489346933476099 0.15412618763512376 -0.13553617882202695 0.9787109187678383 0 0 0 0 0 0
25.455398559570312 -6.525167942047119 6.351367473602295 0.24578178787549732 0.9646663376000805 0.09492191448749782 0.15418095384599734 -0.1355852439681336 0.9786954966123224 0 0 0 0 0 0
25.242996215820312 -6.540523529052734 7.057712078094482 0.24589675601548042 0.9646421781953086 0.09486966547676835 0.15403620733478163 -0.13552023482425282 0.9787272923460832 0 0 0 0 0 0
26.944320678710938 -7.523955345153809 8.717510223388672 -0.9100337816041615 0.26334035797997474 -0.3201411754182962 0.02331859652580784 -0.7385482018759583 -0.6737972963450178 0 0 0 0 0 0
26.435409545898438 -7.992563247680664 8.643194198608398 -0.12359632934415743 0.9725331193019017 -0.19723914224505124 -0.9363977362280911 -0.04851318000248272 0.34757121709507693 0 0 0 0 0 0
25.92718505859375 -7.996328830718994 8.933801651000977 -0.26622877590692595 0.717331626063269 -0.6438614580237945 -0.9593297271575963 -0.1321439567701348 0.24944828979342562 0 0 0 0 0 0
25.626998901367188 -7.8186821937561035 9.151562690734863 -0.4286205290577889 0.2563435722412077 -0.8663558247284068 -0.8938465732044782 0.019375108710565365 0.4479541368634353 0 0 0 0 0 0
25.16949462890625 -7.903120517730713 9.396026611328125 -0.47447031743263063 -0.05980112225138667 -0.8782378627984867 -0.8745686527326902 0.14540612233738515 0.4625869985679802 0 0 0 0 0 0
25.134658813476562 -7.4360151290893555 9.602356910705566 -0.5713273789012844 -0.5026008189084269 -0.6488277452069746 -0.8205351829430702 0.36667304340427787 0.4384893303071661 0 0 0 0 0 0
24.851593017578125 -7.029300212860107 9.613869667053223 -0.5632736427754215 -0.8087510028027712 -0.16924721214843905 -0.7834603713620047 0.45768860236357267 0.42037006288720075 0 0 0 0 0 0
24.541519165039062 -6.78004264831543 9.491291999816895 -0.4579172495768993 -0.7918494174635937 0.40408698643051455 -0.7751497038139604 0.5781958005355944 0.25462237317276837 0 0 0 0 0 0
24.193084716796875 -6.6461310386657715 9.31712818145752 -0.29224372682021765 -0.44274175979515573 0.8476870520821458 -0.8006353111613341 0.5980492168200099 0.03633500767258174 0 0 0 0 0 0
23.816574096679688 -6.6364874839782715 9.147330284118652 -0.13202683753249128 0.09936702761594202 0.986253064884435 -0.8593574717730735 0.48441649237488194 -0.1638456518281984 0 0 0 0 0 0
23.42626953125 -6.74848747253418 9.043147087097168 -0.0375747331725217 0.6209558442459981 0.7829444290138053 -0.9304314400473064 0.2640741111795136 -0.25409092698529345 0 0 0 0 0 0
23.045394897460938 -6.940402507781982 9.074646949768066 -0.03704069317292462 0.9417577165738653 0.33424600270287214 -0.9823195456548224 0.02710841555201272 -0.18523888369012323 0 0 0 0 0 0
22.70281982421875 -7.116351127624512 9.275891304016113 -0.12355777006970581 0.9725429873800564 -0.19721464233995686 -0.9922593976188003 -0.12357509627793192 0.012267168258228014 0 0 0 0 0 0
22.414459228515625 -7.166950702667236 9.601851463317871 -0.2660385935405653 0.7173688808266079 -0.6438985599988074 -0.9594226513339397 -0.13229942403064177 0.24900810932279785 0 0 0 0 0 0
22.111679077148438 -6.9833502769470215 9.800786018371582 -0.43228355327490753 0.25677803282577844 -0.8644049811437599 -0.8912394190520435 0.02418557375279977 0.4528877962034572 0 0 0 0 0 0
21.655487060546875 -7.077517509460449 10.062817573547363 -0.47172153273426665 -0.06265349627367274 -0.8795188087582433 -0.8781867911502279 0.12293585589066212 0.46224964595518775 0 0 0 0 0 0
21.6240234375 -6.605698108673096 10.269524574279785 -0.5712096270441112 -0.5026348603741488 -0.6489050462962879 -0.8206555668471135 0.3647728257477427 0.4398468212899237 0 0 0 0 0 0
21.338912963867188 -6.199906826019287 10.281893730163574 -0.5632807577862282 -0.8087755237492237 -0.16910629820305767 -0.7835201569416289 0.4578585041317482 0.4200735100674682 0 0 0 0 0 0
21.028839111328125 -5.950629234313965 10.159358024597168 -0.45799431245415695 -0.7917923338496468 0.4041115066619283 -0.7751669481767266 0.5782459003951129 0.2544560495068363 0 0 0 0 0 0
20.680389404296875 -5.816730976104736 9.985198020935059 -0.2922071407686134 -0.4427572378951971 0.8476915802196265 -0.8007138149892113 0.5979462651904869 0.03629945495694409 0 0 0 0 0 0
20.303970336914062 -5.807120323181152 9.815403938293457 -0.13210308998659387 0.0993634200527232 0.9862432176554726 -0.8594192397851198 0.48428610796941557 -0.16390709537723558 0 0 0 0 0 0
19.913497924804688 -5.9190521240234375 9.711199760437012 -0.037498527355513206 0.6209310763534964 0.7829677253020433 -0.9304061449580819 0.2641834161308339 -0.25406992751146984 0 0 0 0 0 0
19.532669067382812 -6.111032009124756 9.742716789245605 -0.03692624405950506 0.9417563141057971 0.3342626173258399 -0.9822774064127631 0.027301943812918537 -0.1854338176144038 0 0 0 0 0 0
19.190155029296875 -6.2869439125061035 9.943989753723145 -0.12363424483309722 0.9725158008746309 -0.19730076166534494 -0.9922508229191872 -0.12363382209990516 0.012368607406043942 0 0 0 0 0 0
18.901809692382812 -6.337543487548828 10.269911766052246 -0.2662679326895862 0.7173534197511727 -0.6438209838087848 -0.9593279401279178 -0.13224998518875308 0.24939896693350816 0 0 0 0 0 0
18.601547241210938 -6.159908294677734 10.487679481506348 -0.42854622088872857 0.2563817153503766 -0.8663812974643368 -0.8939117024087243 0.019159096467160013 0.44783344819173404 0 0 0 0 0 0
18.141204833984375 -6.245211601257324 10.728484153747559 -0.4745448432587575 -0.05978301821097942 -0.878198828552001 -0.8745874258704598 0.1448221581613174 0.46273467237152377 0 0 0 0 0 0
18.107101440429688 -5.778414249420166 10.934155464172363 -0.5711696177346527 -0.5026153400834547 -0.6489553818943516 -0.8206474717719463 0.36642811822254073 0.43848393499671184 0 0 0 0 0 0
17.82415771484375 -5.371677875518799 10.945660591125488 -0.5633436222005245 -0.8086906794925223 -0.1693025346175161 -0.7834795180664563 0.4578103528131647 0.4202017677585843 0 0 0 0 0 0
17.514083862304688 -5.122424125671387 10.823086738586426 -0.4580651908639559 -0.7917829723856762 0.40404950879672064 -0.775166204737151 0.5782723051039118 0.25439830224120974 0 0 0 0 0 0
17.165634155273438 -4.988500118255615 10.648909568786621 -0.29231734730748554 -0.44279016228930557 0.84763638468563 -0.8007287937399318 0.5979317403994434 0.03620818552049254 0 0 0 0 0 0
16.789169311523438 -4.978909015655518 10.479125022888184 -0.1320646274870249 0.09939060077927048 0.9862456299743229 -0.8593699577651535 0.48437956063320325 -0.16388934355687504 0 0 0 0 0 0
16.45098876953125 -5.038287162780762 9.706393241882324 -0.5725098023212157 -0.47683242039511636 -0.6669807861597346 0.7497042887999223 0.024882322352296014 -0.6613050350551998 0 0 0 0 0 0
15.657196044921875 -4.767440319061279 7.960439205169678 -0.554500999187057 -0.8020959854069433 -0.22174461006892632 -0.7641289045412604 0.3852106789574464 0.5174164184307612 0 0 0 0 0 0
15.378250122070312 -4.4447550773620605 7.877416133880615 -0.45463549828235533 -0.8360324049701345 0.30717483871796464 -0.7760127911501044 0.5410769675892007 0.3240985392066734 0 0 0 0 0 0
15.046859741210938 -4.247856140136719 7.669296741485596 -0.3073504020806415 -0.5818824607592721 0.7529598476689192 -0.827544616253657 0.554075300652177 0.09039064839233918 0 0 0 0 0 0
14.646316528320312 -4.265373229980469 7.604136943817139 -0.1694483665366572 -0.11460152181591585 0.9788532792382804 -0.9094613915852179 0.4008342441877064 -0.11050740202515581 0 0 0 0 0 0
14.21636962890625 -3.9619812965393066 7.510656833648682 -0.05882269446715194 0.18797059999746646 0.9804116197558129 -0.9445056599560105 0.30747550231004755 -0.11561952166587224 0 0 0 0 0 0
13.914169311523438 -4.355027675628662 7.36741304397583 -0.031623794867781364 0.6450262333164235 0.7635057916818885 -0.9934801491219705 0.0634261088274658 -0.09473289829617886 0 0 0 0 0 0
13.497207641601562 -4.595020771026611 7.48852014541626 -0.059776274774244256 0.955857728836587 0.28768524327374795 -0.995937698884123 -0.03766689850501183 -0.08178816967270612 0 0 0 0 0 0
13.174240112304688 -4.694833755493164 7.731485843658447 -0.17909993716576983 0.9422881139027263 -0.28287156609468533 -0.9834020143683544 -0.16297389537189977 0.079749530177752 0 0 0 0 0 0
12.88720703125 -4.67869234085083 8.026508331298828 -0.34686929249418197 0.593628141809652 -0.7261455247925207 -0.9371246180700837 -0.18761026956107968 0.29427850237864583 0 0 0 0 0 0
12.629150390625 -4.538468837738037 8.31696605682373 -0.49637458667688505 0.04898132257094377 -0.8667255042633466 -0.8670688143805615 -0.07682119751706648 0.49222979871268596 0 0 0 0 0 0
12.389129638671875 -4.277704238891602 8.541069030761719 -0.572483049747591 -0.47685264025597457 -0.6669892931918796 -0.799515759705173 0.14432744349712456 0.5830472871359959 0 0 0 0 0 0
12.144500732421875 -3.9380364418029785 8.628521919250488 -0.5544965331355708 -0.8020942934845695 -0.2217618973135883 -0.7641308408449494 0.38519498384330053 0.5174252433845397 0 0 0 0 0 0
11.865554809570312 -3.615359306335449 8.545469284057617 -0.4546325479534276 -0.8360281716744263 0.307190726598461 -0.7760388730304966 0.5410753528811921 0.3240387786207856 0 0 0 0 0 0
11.534149169921875 -3.418458938598633 8.337355613708496 -0.307388832158563 -0.5819044543254852 0.7529271624137053 -0.8275073216333524 0.5541257619366344 0.09042274382775693 0 0 0 0 0 0
11.131790161132812 -3.430184841156006 8.253203392028809 -0.16551905366131542 -0.11606646938148417 0.9793528565131058 -0.9077406498756044 0.4061053466700131 -0.10528703609392655 0 0 0 0 0 0
10.702728271484375 -3.136455535888672 8.177370071411133 -0.06275187824320438 0.18662961721586446 0.9804241876630798 -0.951302573070492 0.28588057358411934 -0.11530703411620827 0 0 0 0 0 0
10.522613525390625 -2.9535536766052246 7.221984386444092 -0.5712084262238364 -0.5026564533073896 -0.648889377135521 0.5106947963123637 0.4012539599328645 -0.7603854842497119 0 0 0 0 0 0
9.71075439453125 -2.7560291290283203 5.373214244842529 -0.5632412205844844 -0.8087747198253944 -0.16924177972904517 -0.7835027343738836 0.45769380928965525 0.42028542940074975 0 0 0 0 0 0
9.400726318359375 -2.5067625045776367 5.250661373138428 -0.4579562467644127 -0.7918544637182462 0.40403290006995873 -0.775164987661768 0.5781968169750233 0.25457353111288417 0 0 0 0 0 0
9.052276611328125 -2.3728489875793457 5.076490879058838 -0.2922824639636061 -0.4427676877992144 0.847660153540498 -0.800731871204815 0.5979268635841951 0.036220660419200995 0 0 0 0 0 0
8.675827026367188 -2.3632469177246094 4.9066948890686035 -0.13206473936195368 0.0993584984866056 0.9862488496296189 -0.8593020892762585 0.48450425673179265 -0.16387661387223712 0 0 0 0 0 0
8.285400390625 -2.4751663208007812 4.802480220794678 -0.03761289993557949 0.620904911579183 0.7829829886627696 -0.9304627432380858 0.26400217481499805 -0.2540510482930697 0 0 0 0 0 0
7.9045867919921875 -2.6671462059020996 4.834004878997803 -0.03696443266054005 0.9417597595455994 0.334248688881047 -0.9823082891654326 0.027205028893557696 -0.1852844068986432 0 0 0 0 0 0
7.5619964599609375 -2.843088150024414 5.035250186920166 -0.12355767288990144 0.9725362620157054 -0.1972478657287613 -0.9922588483945864 -0.12358346534939382 0.012227218607871765 0 0 0 0 0 0
7.2737274169921875 -2.8936610221862793 5.36121129989624 -0.26619023843580875 0.7173424951119118 -0.6438652822354253 -0.959353018084833 -0.13220917286878525 0.24932412899852668 0 0 0 0 0 0
6.97088623046875 -2.7100534439086914 5.560143947601318 -0.43232112493563135 0.2567025889004016 -0.8644085988618009 -0.8912162288822373 0.024249778499128734 0.45292999637876363 0 0 0 0 0 0
6.5146942138671875 -2.8042383193969727 5.822137355804443 -0.47172598738361393 -0.06270415589210863 -0.8795128092647728 -0.8781848957515525 0.12295690292195054 0.4622476488828007 0 0 0 0 0 0
6.483245849609375 -2.332408905029297 6.028854846954346 -0.5711811879032798 -0.5026529400015983 -0.6489160750768528 -0.8206740885680953 0.3648227969658871 0.4397708120906994 0 0 0 0 0 0
6.1980743408203125 -1.926623821258545 6.041259288787842 -0.563211184106541 -0.8087911352772177 -0.16926329074639182 -0.7834896698471342 0.4576112355889699 0.420399683997937 0 0 0 0 0 0
5.888031005859375 -1.6773734092712402 5.9187235832214355 -0.4579614786085533 -0.7918551653472956 0.40402559476285 -0.7751735518993049 0.5781939949560412 0.25455386194789736 0 0 0 0 0 0
5.539581298828125 -1.5434341430664062 5.744557857513428 -0.2923188593784195 -0.44281271819419493 0.8476240800361728 -0.8006824567327551 0.5979900638355309 0.03626964342776805 0 0 0 0 0 0
5.15301513671875 -1.52665376663208 5.573727130889893 -0.13206486449484986 0.0993490558835282 0.9862497841120212 -0.8587849843472103 0.48541424769522423 -0.1638943525391941 0 0 0 0 0 0
4.8115386962890625 -1.5873498916625977 4.798713207244873 -0.5725416772821846 -0.4768677276200786 -0.6669281806381894 0.7495263934010669 0.02523433250644044 -0.66149332124984 0 0 0 0 0 0
4.0177764892578125 -1.3165106773376465 3.0527710914611816 -0.5545041366415611 -0.8020862186850134 -0.22177209076656548 -0.7641497052179982 0.38522682998123603 0.5173736729655408 0 0 0 0 0 0
3.7388153076171875 -0.9938225746154785 2.9697203636169434 -0.4546370240730506 -0.8360316344676101 0.30717467752309374 -0.7760201038393445 0.5410765930007563 0.3240816547474835 0 0 0 0 0 0
3.40740966796875 -0.7969212532043457 2.761641025543213 -0.3073501500067949 -0.5819296672420604 0.7529234673420304 -0.8275225780774926 0.5540975173555974 0.09045619952409963 0 0 0 0 0 0
3.0068817138671875 -0.8144431114196777 2.6964430809020996 -0.1694485109293312 -0.11465526354389263 0.9788469608092538 -0.909441317202929 0.40088832403747504 -0.1104764328471289 0 0 0 0 0 0
2.5769500732421875 -0.5110535621643066 2.602973461151123 -0.058898828589095495 0.18798551235330388 0.9804041896769404 -0.9445705653922147 0.307260413771353 -0.11566107868980287 0 0 0 0 0 0
2.274749755859375 -0.9041008949279785 2.4597392082214355 -0.031661939339351165 0.6450357202095466 0.7634961959636883 -0.9934830752020161 0.06337167250220566 -0.09473864265134092 0 0 0 0 0 0
1.8577423095703125 -1.1440892219543457 2.5808444023132324 -0.059700004511160844 0.9558438022591651 0.28774734602444096 -0.995934086186512 -0.037553516045646725 -0.0818842439328033 0 0 0 0 0 0
1.5348052978515625 -1.2439141273498535 2.8237948417663574 -0.17913871189140587 0.9422854555891346 -0.2828558680442479 -0.9833911422878123 -0.16297383957085165 0.07988359584674334 0 0 0 0 0 0
1.247772216796875 -1.2277607917785645 3.118823528289795 -0.34686912810241766 0.5936242842061232 -0.7261487569157137 -0.9371247117830117 -0.18760925748267165 0.2942788491760968 0 0 0 0 0 0
0.989715576171875 -1.0875601768493652 3.409287929534912 -0.49637451972836283 0.049005158116050426 -0.8667241952561714 -0.8670711724093035 -0.07678030764464358 0.492232024897558 0 0 0 0 0 0
0.74969482421875 -0.8267836570739746 3.633375644683838 -0.5725595118097255 -0.47682059184204145 -0.6669465710471973 -0.7994888341011629 0.14448989748476046 0.5830439723317673 0 0 0 0 0 0
0.50506591796875 -0.4871220886707306 3.720834255218506 -0.5544705214814311 -0.8021010445525614 -0.22180251381758484 -0.7641376563980223 0.3851361433407166 0.51745897727953 0 0 0 0 0 0
0.2261199951171875 -0.16442444920539856 3.6377739906311035 -0.45463293565114765 -0.8360217321003586 0.3072076777639774 -0.7759923817414452 0.5410919149397486 0.3241224507282318 0 0 0 0 0 0
-0.10528564453125 0.03246733918786049 3.4297099113464355 -0.3073482180918273 -0.5818997928339881 0.752947344729723 -0.827521286835167 0.5541024479941042 0.09043780714728952 0 0 0 0 0 0
-0.5076446533203125 0.02073809877038002 3.3455395698547363 -0.16555717728323793 -0.11607360564565725 0.9793455667548728 -0.9077301390412567 0.4061211895550977 -0.10531654224523984 0 0 0 0 0 0
-0.93670654296875 0.3144793212413788 3.269710063934326 -0.06275192700546069 0.18661307289682422 0.9804273337076573 -0.9513034514923355 0.2858797657335091 -0.1153017897646169 0 0 0 0 0 0
-1.116790771484375 0.49735113978385925 2.314301013946533 -0.571283123209271 -0.5025954446750367 -0.6488708747726029 0.5103192604135457 0.40166854414242076 -0.7604187222165694 0 0 0 0 0 0
-1.928680419921875 0.6948752403259277 0.46552932262420654 -0.5632747329863569 -0.8087466822104094 -0.16926422892272117 -0.7834789465914362 0.45770782201835747 0.42031451308655166 0 0 0 0 0 0
-2.2387237548828125 0.9441380500793457 0.3429626226425171 -0.45795789614475113 -0.7918418183444125 0.4040558130749858 -0.7751703329169785 0.578202838332804 0.25454357723044285 0 0 0 0 0 0
-2.587188720703125 1.078087329864502 0.1688183695077896 -0.29224660608435665 -0.44278784543604344 0.8476619875671442 -0.8006987240446838 0.5979663943607623 0.03630075107218415 0 0 0 0 0 0
-2.963623046875 1.0876660346984863 -0.0009842977160587907 -0.13202722818074752 0.09938520309727067 0.9862511812029545 -0.8593122525531799 0.484492905770632 -0.163856879226689 0 0 0 0 0 0
-3.354034423828125 0.9757437705993652 -0.10517798364162445 -0.03765107890564205 0.6209137841563045 0.7829741176449827 -0.9304944583271676 0.26390996710684744 -0.2540306916183437 0 0 0 0 0 0
-3.73486328125 0.7837605476379395 -0.07368622720241547 -0.03700255822282728 0.9417532537381944 0.33426280044074647 -0.9823140054006301 0.02715960924360354 -0.18526076330271882 0 0 0 0 0 0
-4.07745361328125 0.6078400611877441 0.12756861746311188 -0.12355828496614189 0.9725422718314649 -0.1972178483736163 -0.9922593404528994 -0.12357545024862267 0.012268226433644539 0 0 0 0 0 0
-4.36572265625 0.5572352409362793 0.4535125494003296 -0.2661916050607241 0.7173497542656423 -0.6438566295769721 -0.9593437236921059 -0.1321480426276641 0.24939229066320695 0 0 0 0 0 0
-4.668548583984375 0.7408499717712402 0.6524442434310913 -0.43232079819864216 0.2566892818343577 -0.8644127139487542 -0.8912021188965955 0.024357265992300217 0.45295199179118184 0 0 0 0 0 0
-5.1247406005859375 0.6466937065124512 0.9144467115402222 -0.47179964585784095 -0.06272049484345803 -0.8794721335522847 -0.8781385567132793 0.1230608222404026 0.46230802420359834 0 0 0 0 0 0
-5.15618896484375 1.1184897422790527 1.1211613416671753 -0.5712208416395287 -0.5026626102829079 -0.6488736782303638 -0.8206458610530507 0.36489690149366094 0.4397620061087843 0 0 0 0 0 0
-5.44140625 1.5243077278137207 1.133597731590271 -0.5633133493492148 -0.8087329769054218 -0.169201189448135 -0.7834601503636593 0.45778229969586137 0.42026843668936315 0 0 0 0 0 0
-5.751434326171875 1.7735705375671387 1.0110338926315308 -0.45802539542924303 -0.7918170766447618 0.40402778898935787 -0.7751657463014512 0.5782397091012216 0.2544737797484232 0 0 0 0 0 0
-6.09991455078125 1.9074759483337402 0.8368805646896362 -0.29228367175560377 -0.4427647490406361 0.8476612721081723 -0.8007156684028056 0.5979477592950366 0.03623390026333958 0 0 0 0 0 0
-6.476226806640625 1.9170145988464355 0.6670507192611694 -0.1321407227764549 0.09939879606800629 0.9862346114005264 -0.8594008524408544 0.48430157870581714 -0.16395778629569874 0 0 0 0 0 0
-6.81451416015625 1.857679843902588 -0.10566006600856781 -0.5725879201761754 -0.47686731799749 -0.6668887723557825 0.7494563684306002 0.025298602565037957 -0.661570202266602 0 0 0 0 0 0
-7.608367919921875 2.1285300254821777 -1.851565957069397 -0.5545018225345035 -0.8020959843069377 -0.2217425551503338 -0.7641555635003647 0.3852502494563302 0.5173475814820009 0 0 0 0 0 0
-7.88720703125 2.4511752128601074 -1.9346562623977661 -0.45463271443845665 -0.8360284778253501 0.3071896470054758 -0.7760244190517732 0.5410780775830513 0.32406884298615857 0 0 0 0 0 0
-8.2186279296875 2.648083209991455 -2.142730712890625 -0.30738676990735464 -0.5818600194112978 0.7529623440097168 -0.8275285922263832 0.5541038313958928 0.09036245392978424 0 0 0 0 0 0
-8.62103271484375 2.636364459991455 -2.2268919944763184 -0.16555847693953515 -0.11606974845690365 0.9793458042012598 -0.9077534532221849 0.4060656244705703 -0.10532984755768174 0 0 0 0 0 0
-9.05047607421875 2.9291911125183105 -2.3064522743225098 -0.06278995649456785 0.18668663325628995 0.9804108946389986 -0.9515791320441606 0.28499723534933763 -0.11521168040314508 0 0 0 0 0 0
-9.355072021484375 2.541604518890381 -2.4491539001464844 -0.0316619691279738 0.6449981801301965 0.7635279086842038 -0.9937030980769628 0.06183166016061354 -0.0934398131099844 0 0 0 0 0 0
-9.7703857421875 2.2997632026672363 -2.327885627746582 -0.059662012407251955 0.9558391307606362 0.28777074274892533 -0.9959308102193216 -0.03749133991872097 -0.08195255143669719 0 0 0 0 0 0
-10.09332275390625 2.199951648712158 -2.0849108695983887 -0.1791386711103651 0.9422804726926972 -0.2828724929978874 -0.983391152567127 -0.1629724199187282 0.07988636553587504 0 0 0 0 0 0
-10.380340576171875 2.21608304977417 -1.7898975610733032 -0.34690865988495956 0.593650495986746 -0.7261084425287395 -0.9371119227219193 -0.18768567849113355 0.2942708452799063 0 0 0 0 0 0
-10.638519287109375 2.356292247772217 -1.4994088411331177 -0.4963681145432371 0.049056977812988234 -0.8667249320243695 -0.8670745842627642 -0.07681503550411554 0.49222059652767086 0 0 0 0 0 0
-10.87835693359375 2.6170735359191895 -1.2753444910049438 -0.5725831276523785 -0.47684425326026947 -0.666909379196661 -0.7994645240692297 0.14449309566113125 0.5830765130418335 0 0 0 0 0 0
-11.123046875 2.956742763519287 -1.187886357307434 -0.5545091765868605 -0.8020947010325725 -0.22172880655528274 -0.7641484109130567 0.38526111030968313 0.5173500584536554 0 0 0 0 0 0
-11.401947021484375 3.279432773590088 -1.2709404230117798 -0.4547106780547682 -0.8360005542497599 0.30715024427316856 -0.7760127099235176 0.5411271027529588 0.324015019255817 0 0 0 0 0 0
-11.7335205078125 3.476383686065674 -1.4789983034133911 -0.30730708029622145 -0.581915577189834 0.75295193699441 -0.8275045307702994 0.5541155171616716 0.09051102250709533 0 0 0 0 0 0
-12.13397216796875 3.458792209625244 -1.5442076921463013 -0.16937281272552593 -0.11464612996508501 0.9788611317206709 -0.9094092065554035 0.40098457643392404 -0.11039141494870877 0 0 0 0 0 0
-12.563873291015625 3.7622036933898926 -1.637649655342102 -0.05882257682645321 0.18801194728357845 0.9804036985518428 -0.9445181353758102 0.307434656398465 -0.11562622536155273 0 0 0 0 0 0
-12.743804931640625 3.941784381866455 -2.5946950912475586 -0.5712125365915455 -0.5026696071201687 -0.6488755690564311 0.5100390805142653 0.402013661078416 -0.7604243240812931 0 0 0 0 0 0
-13.55670166015625 4.138739109039307 -4.443220138549805 -0.5633460978289493 -0.8087037699061298 -0.1692317541140239 -0.7834922393875525 0.45786941115671886 0.42011369073915883 0 0 0 0 0 0
-13.8668212890625 4.388025760650635 -4.565737247467041 -0.4579835517555314 -0.7918392942979611 0.4040316798557948 -0.7751584787829283 0.5782170872703876 0.2545473094721015 0 0 0 0 0 0
-14.21527099609375 4.521905422210693 -4.739912033081055 -0.2923601824719533 -0.44272216110400087 0.8476571310219535 -0.8007768767741041 0.5978755204868001 0.03607292095948368 0 0 0 0 0 0
-14.591827392578125 4.531538486480713 -4.909682750701904 -0.131988657436815 0.09936104224492892 0.9862587782078438 -0.8593453795505358 0.4844499173628223 -0.16381024452793083 0 0 0 0 0 0
-14.98223876953125 4.4196248054504395 -5.013871669769287 -0.037536662857873666 0.6208975070780001 0.7829925188951803 -0.9304707632777169 0.26403842458887294 -0.2539839936413496 0 0 0 0 0 0
-15.3629150390625 4.227611064910889 -4.98237419128418 -0.03692636842677493 0.9417559096446344 0.3342637431194373 -0.9822865116826309 0.027285431607798723 -0.1853880098289664 0 0 0 0 0 0
-15.726898193359375 4.067918300628662 -4.756529331207275 -0.12374825160117583 0.9725171580105122 -0.19722258390156186 -0.9911836550131198 -0.11165912948720319 0.07132461592600901 0 0 0 0 0 0
-16.025146484375 4.0069499015808105 -4.411936283111572 -0.2661884982893142 0.7173223085349435 -0.643888491166428 -0.9593629294816809 -0.13226881390183085 0.249254348819294 0 0 0 0 0 0
-16.325408935546875 4.184586048126221 -4.194148540496826 -0.42862106192131266 0.256403495807025 -0.8663378282260236 -0.8938526726541537 0.0192973092460768 0.44794532416901917 0 0 0 0 0 0
-16.785888671875 4.099255084991455 -3.9533474445343018 -0.47448188712140843 -0.0597537036452642 -0.8782348397179316 -0.8746427789775424 0.14458635820696025 0.46270378667446693 0 0 0 0 0 0
-16.81982421875 4.566134929656982 -3.7477474212646484 -0.5712921662348113 -0.5026534685946954 -0.6488179646930704 -0.8205627344674642 0.3665402827301207 0.4385487657483498 0 0 0 0 0 0
-17.10284423828125 4.972814083099365 -3.7362070083618164 -0.5633503857141101 -0.808700388647258 -0.1692336382565149 -0.7834367508314833 0.4577978894526439 0.4202950747502441 0 0 0 0 0 0
-16.599395751953125 3.6333107948303223 -6.38226842880249 -0.7253089490441841 -0.48069980294465137 0.4928028286093682 -0.1530510826140451 -0.5853317475300357 -0.7962173770046115 0 0 0 0 0 0
-16.505584716796875 3.1206774711608887 -6.512940406799316 -0.9811027887052827 -0.006479970304483278 0.19337871645962015 -0.1530556324544064 -0.5854332215216731 -0.7961418947101938 0 0 0 0 0 0
-16.635467529296875 2.6065239906311035 -6.599551200866699 -0.8641054839369481 0.4702140311920934 -0.1795006337041016 -0.15309674617017835 -0.5852993400702361 -0.7962324213604028 0 0 0 0 0 0
-16.9622802734375 2.19962739944458 -6.7270708084106445 -0.418929669314297 0.7681601151678505 -0.48417762198755987 -0.15311633573940844 -0.5853504600947173 -0.7961910741754392 0 0 0 0 0 0
-17.384613037109375 1.9677681922912598 -6.964959144592285 0.18562229152409773 0.7743703477941437 -0.6048924940404866 -0.15296165970871084 -0.5853150676499925 -0.7962468224370137 0 0 0 0 0 0
-17.764678955078125 1.9124951362609863 -7.3407464027404785 0.7195838246064077 0.4861763553104209 -0.49581414955796715 -0.15310501631593815 -0.5853603732895679 -0.7961859628008986 0 0 0 0 0 0
-17.98065185546875 1.9680237770080566 -7.829559803009033 0.9800254160409356 0.01348774761226054 -0.19841437593616826 -0.15314941794821849 -0.5852821273348561 -0.7962349447270619 0 0 0 0 0 0
-17.973297119140625 2.026642322540283 -8.36359691619873 0.8682741419617106 -0.4644033597302071 0.1744406313676699 -0.15313117969759174 -0.5853651382398118 -0.7961774279254027 0 0 0 0 0 0
-17.7679443359375 1.9793963432312012 -8.857868194580078 0.4265635871984931 -0.7659581118882438 0.4809903085395278 -0.15301895384447375 -0.5852500385457153 -0.796283612883363 0 0 0 0 0 0
-17.465423583984375 1.757554531097412 -9.242487907409668 -0.17707916134145657 -0.7764093431242278 0.6048400635936839 -0.1531520955736192 -0.5853279299465033 -0.7962007598878252 0 0 0 0 0 0
-17.203216552734375 1.3587374687194824 -9.489234924316406 -0.7135629384344836 -0.4919620884344556 0.49879979594618346 -0.1530289337630075 -0.5853298655959834 -0.7962230176732806 0 0 0 0 0 0
-17.103729248046875 0.8477797508239746 -9.622276306152344 -0.9788791474827894 -0.020609487896631994 0.20339828817373654 -0.15311223445832783 -0.5853617162646136 -0.7961835873659566 0 0 0 0 0 0
-17.227294921875 0.3321194350719452 -9.708956718444824 -0.8723433101462043 0.4586044909843484 -0.16940799890250172 -0.15311557316217134 -0.5853610192311807 -0.7961834577657672 0 0 0 0 0 0
-17.549713134765625 -0.07898667454719543 -9.834251403808594 -0.4344175747862607 0.7635352362426456 -0.4778025886626305 -0.15315880843655671 -0.5853660943160325 -0.7961714105790837 0 0 0 0 0 0
-17.971221923828125 -0.31605198979377747 -10.068467140197754 0.1686102679123308 0.7784134380194231 -0.604684295368512 -0.15308366341107255 -0.5853438335972435 -0.7962022283731238 0 0 0 0 0 0
-18.354217529296875 -0.37568333745002747 -10.44050407409668 0.7074660629134283 0.49763138451533484 -0.501851347483619 -0.15308413014738767 -0.5853297862274 -0.7962124656472064 0 0 0 0 0 0
-18.57598876953125 -0.32186368107795715 -10.926932334899902 0.9776665409567661 0.02761011561358834 -0.208340625441694 -0.15314435514508645 -0.5853068570300433 -0.7962177400691398 0 0 0 0 0 0
-18.574920654296875 -0.26174595952033997 -11.46085262298584 0.8763881157007553 -0.45271374212558435 0.1642989298477911 -0.15310740439543769 -0.5853486048771863 -0.7961941556477438 0 0 0 0 0 0
-18.374053955078125 -0.3048606216907501 -11.957321166992188 0.44212911504985397 -0.7611395977194542 0.4745401546852493 -0.15307541114348916 -0.5853270836241459 -0.7962161287485352 0 0 0 0 0 0
-18.0723876953125 -0.5214600563049316 -12.345614433288574 -0.16006519680072576 -0.7803893602004879 0.6044597416362965 -0.1531282730891478 -0.5853115014883332 -0.7962174189291569 0 0 0 0 0 0
-17.80718994140625 -0.9159626960754395 -12.596115112304688 -0.7015380682391432 -0.5030812840289013 0.5047311764406112 -0.15311075981683359 -0.5853174115273567 -0.7962164423014806 0 0 0 0 0 0
-17.70196533203125 -1.4251313209533691 -12.731561660766602 -0.976375604822251 -0.0347223908265278 0.21327220607306774 -0.15310299063945368 -0.5853253004779644 -0.7962121368565266 0 0 0 0 0 0
-17.81927490234375 -1.9422078132629395 -12.818382263183594 -0.8803023268909171 0.4468807020289696 -0.15926534910184384 -0.15312293202147126 -0.5853825468581577 -0.7961662147585798 0 0 0 0 0 0
-18.13726806640625 -2.3574347496032715 -12.94151496887207 -0.44975294506102964 0.7587065631126676 -0.4712606916545175 -0.15309887165297764 -0.5853165929689393 -0.7962193300176895 0 0 0 0 0 0
-18.557769775390625 -2.5997238159179688 -13.172061920166016 0.15174787056538017 0.7822318057337632 -0.6042234569075989 -0.1530989252475195 -0.5853236855878379 -0.7962141057391062 0 0 0 0 0 0
-18.9437255859375 -2.6636834144592285 -13.540334701538086 0.695427784592598 0.5086078623582241 -0.5076398711330986 -0.15315532342329358 -0.585296268541468 -0.7962234139602655 0 0 0 0 0 0
-19.171142578125 -2.6117191314697266 -14.024330139160156 0.974995913203646 0.04182372156336019 -0.21825156483008096 -0.15312464262945658 -0.5853117188728137 -0.7962179573268575 0 0 0 0 0 0
-19.176361083984375 -2.550212860107422 -14.558074951171875 0.8842140538135972 -0.44092570663160274 0.15411044179401623 -0.15311380013501966 -0.5853337556541656 -0.7962038424298158 0 0 0 0 0 0
-18.97998046875 -2.5892152786254883 -15.05667781829834 0.45746519982396094 -0.7561722939280769 0.46789854973655715 -0.15309232954556376 -0.5853026679451878 -0.7962308242780844 0 0 0 0 0 0
-18.679351806640625 -2.8005800247192383 -15.448628425598145 -0.14305069595165168 -0.7841049718089214 0.603917123099088 -0.15306415577394908 -0.5853238673264524 -0.7962206569508318 0 0 0 0 0 0
-18.411285400390625 -3.190723419189453 -15.702901840209961 -0.6892944351203909 -0.5140884350423527 0.5104765055002685 -0.1531090861246954 -0.5853261799579126 -0.7962103181961021 0 0 0 0 0 0
-18.3004150390625 -3.6980113983154297 -15.840819358825684 -0.9735550282264142 -0.048855381332957824 0.22316755752097409 -0.15314665984401699 -0.5852964248729998 -0.7962249654522934 0 0 0 0 0 0
-18.411407470703125 -4.216463088989258 -15.927865028381348 -0.8880227205330713 0.4349888033886968 -0.1489979487896138 -0.15309240724472817 -0.585277298783481 -0.7962494573767235 0 0 0 0 0 0
-18.724822998046875 -4.635757923126221 -16.048873901367188 -0.46509040158831483 0.7536034738970151 -0.46451342551186936 -0.15305808872538756 -0.5852685959050538 -0.7962624517852506 0 0 0 0 0 0
-19.144287109375 -4.883259296417236 -16.275785446166992 0.13450592926497174 0.7858938546639026 -0.6035553033435124 -0.1530727537444194 -0.58529993963646 -0.7962365934335452 0 0 0 0 0 0
-19.533050537109375 -4.951629161834717 -16.6402645111084 0.682999257438694 0.5195845609839236 -0.5133652679382744 -0.15316879079854592 -0.5853264158028618 -0.7961986614461787 0 0 0 0 0 0
-19.76617431640625 -4.901564121246338 -17.12177848815918 0.9720530153726901 0.055868157692754314 -0.22801685082659656 -0.1531367932152648 -0.5852813329813501 -0.7962379567863611 0 0 0 0 0 0
-19.777679443359375 -4.838770866394043 -17.655292510986328 0.8917980338385458 -0.4289331868418628 0.14391868560887902 -0.15312920334336394 -0.5854822968699963 -0.7960916574963339 0 0 0 0 0 0
-19.58587646484375 -4.873719215393066 -18.155929565429688 0.4726528239811769 -0.7509908334544143 0.4610987703844619 -0.1529932958119448 -0.5852160594341597 -0.7963135156563356 0 0 0 0 0 0
-19.286346435546875 -5.079885959625244 -18.551523208618164 -0.12603786112169849 -0.7875208627454916 0.6032622549973305 -0.15316982549111083 -0.5853707026518118 -0.7961659029598963 0 0 0 0 0 0
-19.015533447265625 -5.465551853179932 -18.809585571289062 -0.6767463352479715 -0.5249957926904474 0.5161335247644443 -0.15313683523141775 -0.5853477510316141 -0.7961891232976855 0 0 0 0 0 0
-18.8990478515625 -5.970901966094971 -18.950021743774414 -0.9704452265045844 -0.06299048768392387 0.23295549106172106 -0.15314795497366324 -0.5852755508323386 -0.7962400602112957 0 0 0 0 0 0
-19.003692626953125 -6.490622043609619 -19.03736114501953 -0.8954732335596888 0.4229431587097796 -0.13873273758831892 -0.1530889512491921 -0.5853039464764366 -0.7962305339815418 0 0 0 0 0 0
-19.3125 -6.913918495178223 -19.15631103515625 -0.4802540348596238 0.7482655399369643 -0.45766225947077455 -0.1530640094406901 -0.585261255450584 -0.7962667090129705 0 0 0 0 0 0
-19.730804443359375 -7.166647911071777 -19.37962532043457 0.11756893471026854 0.789322617999468 -0.6026170843127157 -0.15278016599696803 -0.5852244297330051 -0.7963482829275252 0 0 0 0 0 0
-20.122283935546875 -7.239471912384033 -19.740312576293945 0.6705505820105793 0.5303550416924754 -0.518734466482271 -0.15300394275382462 -0.5853312755743042 -0.7962267838601904 0 0 0 0 0 0
-20.360931396484375 -7.191397666931152 -20.219284057617188 0.9688101409223208 0.06998678659962312 -0.23771571371605196 -0.15307413839613515 -0.5853606046622761 -0.7961917298387967 0 0 0 0 0 0
-20.3787841796875 -7.127370834350586 -20.752443313598633 0.899055367131182 -0.4169212861175522 0.13370148845357693 -0.1530818199296232 -0.5854218545685604 -0.7961452182865522 0 0 0 0 0 0
-20.191680908203125 -7.158366680145264 -21.255151748657227 0.48782109904749643 -0.7454549548257283 0.45423285399656427 -0.15313614659766114 -0.5853551439937494 -0.7961838204870009 0 0 0 0 0 0
-19.893402099609375 -7.359315395355225 -21.654325485229492 -0.10887172615139948 -0.7908113264561716 0.6022992555146032 -0.15314930104719113 -0.5853229552100172 -0.7962049545770042 0 0 0 0 0 0
-19.61993408203125 -7.740511894226074 -21.916179656982422 -0.6640734723621452 -0.535744935998045 0.5215206485435968 -0.15305492300119006 -0.5853482672834239 -0.7962044941680455 0 0 0 0 0 0
-19.497802734375 -8.243843078613281 -22.059173583984375 -0.9670634945670196 -0.0770728854044124 0.24258600085590726 -0.15307288866606641 -0.5853543111316009 -0.7961965970757946 0 0 0 0 0 0
-19.596160888671875 -8.764735221862793 -22.14687728881836 -0.9026018420810364 0.4108594033982526 -0.1284697058109488 -0.15308535809712548 -0.5852823494768777 -0.7962471001687235 0 0 0 0 0 0
-19.9002685546875 -9.19196891784668 -22.263832092285156 -0.4952223146846433 0.7426880371883626 -0.4507430958491561 -0.1530964335987859 -0.5853163283061983 -0.7962199933670866 0 0 0 0 0 0
-20.317230224609375 -9.449911117553711 -22.483543395996094 0.1002501216616027 0.7923688744649849 -0.6017486849889466 -0.15308595429196847 -0.5853100277838195 -0.7962266398295288 0 0 0 0 0 0
-20.711395263671875 -9.527228355407715 -22.840431213378906 0.6577204562183293 0.5409757428018067 -0.5241650953392318 -0.15311280682422684 -0.5853181827929713 -0.7962154816871756 0 0 0 0 0 0
-20.95556640625 -9.481230735778809 -23.31680679321289 0.9652609423292977 0.08409412533057764 -0.24738530938283618 -0.15305658408494127 -0.5853682807916275 -0.7961894610652064 0 0 0 0 0 0
-20.979705810546875 -9.416064262390137 -23.849599838256836 0.9060377935427373 -0.40480099598501396 0.12341665334041886 -0.15308992115473774 -0.585388135810824 -0.7961684535905479 0 0 0 0 0 0
-20.79742431640625 -9.443155288696289 -24.3542537689209 0.5027109414286146 -0.7398039251777814 0.44718213477229146 -0.1530899609515497 -0.5853131409059305 -0.7962235809988847 0 0 0 0 0 0
-20.500457763671875 -9.63889217376709 -24.75697135925293 -0.09162925227422557 -0.7938475938015969 0.6011739165525077 -0.15312820926046655 -0.5853001734757208 -0.7962257584742999 0 0 0 0 0 0
-20.224365234375 -10.015575408935547 -25.022661209106445 -0.6512551907039019 -0.546227797876108 0.5267844620038086 -0.15308042295385013 -0.5853457590842311 -0.7962014358379265 0 0 0 0 0 0
-20.096771240234375 -10.516768455505371 -25.16829490661621 -0.963359044445106 -0.09115413980525297 0.2522504197859277 -0.15311050644478508 -0.5852864903213711 -0.7962392210030305 0 0 0 0 0 0
-20.188812255859375 -11.038751602172852 -25.256380081176758 -0.9094866767134617 0.39860374547292315 -0.11810604969966726 -0.15311126242533285 -0.5852780807766444 -0.7962452571167559 0 0 0 0 0 0
-20.48809814453125 -11.469867706298828 -25.371435165405273 -0.5101023484117319 0.7368794062278714 -0.4436263459512925 -0.15304062067548604 -0.5853048114589279 -0.7962391890043411 0 0 0 0 0 0
-20.903656005859375 -11.733012199401855 -25.587587356567383 0.08300729953212846 0.7952497928578693 -0.6005726893423472 -0.15305324938636297 -0.5853290577256629 -0.7962189378771792 0 0 0 0 0 0
-21.30035400390625 -11.81488037109375 -25.940645217895508 0.6447683806276399 0.5514382338267103 -0.5293293961390103 -0.15303537985718707 -0.5853489517678707 -0.7962077474982402 0 0 0 0 0 0
-21.54998779296875 -11.77104663848877 -26.41438102722168 0.9614163746383934 0.09817733230121896 -0.25698203439031453 -0.15303346846294952 -0.5853987580861799 -0.7961714963256081 0 0 0 0 0 0
-21.58050537109375 -11.704834938049316 -26.94672203063965 0.9128232388184321 -0.3924194791691001 0.1129632110099561 -0.15311278936566142 -0.5853554382691621 -0.7961880962570239 0 0 0 0 0 0
-21.4029541015625 -11.728070259094238 -27.453323364257812 0.5173604441074655 -0.7339326492601975 0.44009207811869755 -0.15313720796304828 -0.5853645857720011 -0.796176674652841 0 0 0 0 0 0
-21.10748291015625 -11.918612480163574 -27.859546661376953 -0.07461532960992041 -0.796578724947933 0.5999123998947915 -0.15307127919600738 -0.5853107932679864 -0.7962288984766244 0 0 0 0 0 0
-20.8289794921875 -12.290729522705078 -28.129066467285156 -0.6381902196481141 -0.5566021013479866 0.5318903499035279 -0.15303851506773747 -0.5853708553163192 -0.7961910415547909 0 0 0 0 0 0
-20.695953369140625 -12.789727210998535 -28.27734375 -0.9593690199525121 -0.10518727922540963 0.2618142850275971 -0.15310257768411525 -0.58535582614835 -0.7961897748028809 0 0 0 0 0 0
-20.7816162109375 -13.31269645690918 -28.365964889526367 -0.9160719026579415 0.3862544468593836 -0.10779504368017315 -0.15308701623050272 -0.5852872059853523 -0.7962432115701217 0 0 0 0 0 0
-21.076019287109375 -13.747635841369629 -28.479097366333008 -0.5247525278685012 0.7308664783002762 -0.4364275144769971 -0.15309602189996208 -0.5853560618783237 -0.7961908621057557 0 0 0 0 0 0
-21.490142822265625 -14.015959739685059 -28.69175910949707 0.06591773063829086 0.7978982713517423 -0.5991771035022941 -0.15295766554044488 -0.5853060407572581 -0.796254225235559 0 0 0 0 0 0
-21.88916015625 -14.102421760559082 -29.041017532348633 0.6314993157289647 0.5618246732575547 -0.5343796878184006 -0.15298676322054627 -0.5853570385331145 -0.7962111451864025 0 0 0 0 0 0
-22.144317626953125 -14.060839653015137 -29.51203155517578 0.9572837907264388 0.11219838260870174 -0.2664944032290574 -0.15301511827731595 -0.5854523068870485 -0.796135647951536 0 0 0 0 0 0
-22.181182861328125 -13.993674278259277 -30.0438289642334 0.9192888729176605 -0.37998201680282956 0.10257502150246801 -0.15313797935074555 -0.5854037795200401 -0.7961477087852624 0 0 0 0 0 0
-22.008514404296875 -14.013128280639648 -30.55221939086914 0.532073932472422 -0.7277964969284643 0.4326772347165821 -0.1530758853176007 -0.5852823743689536 -0.7962489030367784 0 0 0 0 0 0
-21.714599609375 -14.198473930358887 -30.962017059326172 -0.057220332423299235 -0.7991439309848324 0.5984102364828634 -0.1530476074361707 -0.5852859698680845 -0.7962516959690821 0 0 0 0 0 0
-21.433685302734375 -14.565979957580566 -31.235408782958984 -0.6248576531850255 -0.5668041618945715 0.536922671634468 -0.1532654556083991 -0.5852771007000673 -0.7962163120115496 0 0 0 0 0 0
-21.29522705078125 -15.06269645690918 -31.386375427246094 -0.9551032049167228 -0.11916854275278052 0.2712503020753766 -0.15310104735723853 -0.5853040174820185 -0.796228156006509 0 0 0 0 0 0
-21.374542236328125 -15.586579322814941 -31.475488662719727 -0.9223947516456078 0.3737453506719538 -0.09747992094650103 -0.15310894627952754 -0.585502352996736 -0.7960808031880046 0 0 0 0 0 0
-21.6640625 -16.025264739990234 -31.58686637878418 -0.5392377117917825 0.7246578948415778 -0.4290613308436631 -0.1531268904207984 -0.5853570871414905 -0.7961841721381344 0 0 0 0 0 0
-22.0765380859375 -16.29876708984375 -31.796052932739258 0.04859932371905434 0.800286665857175 -0.5976448428500466 -0.15295957855319026 -0.5853307740472171 -0.7962356763434529 0 0 0 0 0 0
-22.477935791015625 -16.38987159729004 -32.141380310058594 0.6182300711470143 0.5718275287064707 -0.5392632534699614 -0.15307635284372018 -0.5853554414998654 -0.7961951000267226 0 0 0 0 0 0
-22.738433837890625 -16.350622177124023 -32.60966110229492 0.9528335731590032 0.12617568049563807 -0.2760215200170253 -0.15316362160437216 -0.5852499571915195 -0.7962558587692509 0 0 0 0 0 0
-22.78167724609375 -16.282608032226562 -33.14082717895508 0.9255115148120784 -0.36737985414543006 0.09198086060879664 -0.15313349305177143 -0.5851547783176497 -0.796331600979005 0 0 0 0 0 0
-22.613983154296875 -16.298316955566406 -33.651039123535156 0.5465682978415295 -0.7214716790254639 0.4251372862485613 -0.15307043654581323 -0.5851995197254505 -0.7963108460700359 0 0 0 0 0 0
-22.321685791015625 -16.478496551513672 -34.06434631347656 -0.040130515629221514 -0.8013657706905108 0.5968269793507465 -0.1531435954833639 -0.5853179076175995 -0.7962097626785188 0 0 0 0 0 0
