t = 0
b = 136 136 136
E = 0 0 0
-45.2812385559082 11.65099811553955 0.07076753675937653 -0.05180330062424174 -0.8788465236655981 -0.47428388744013605 0.9985480071266573 -0.03855705428029504 -0.03761955646479492 0 0 0 0 0 0
-44.787357330322266 11.358010292053223 0.07056586444377899 -0.2624490007471281 0.02852416283556178 -0.9645241801745378 0.9649134158991122 0.015955116183407374 -0.2620830671475762 0 0 0 0 0 0
-44.35557556152344 11.043368339538574 -0.04785614833235741 -0.3469148756517787 0.5675562080039264 -0.7466793286329243 0.9362916060252636 0.25612727940338814 -0.2403265387593546 0 0 0 0 0 0
-44.037757873535156 10.895757675170898 -0.35960662364959717 -0.11809339088355404 0.9927169046784038 -0.02381382361892632 0.9725680574293801 0.11078985174839787 -0.2045409064652108 0 0 0 0 0 0
-43.58420181274414 11.15855884552002 -0.5695762634277344 -0.27550086058665774 0.728945255071687 0.6266881927437954 0.8804553057983369 0.4530241978054667 -0.1398839901285016 0 0 0 0 0 0
-43.23142623901367 11.519221305847168 -0.6942206621170044 -0.23420919400567658 0.28135572696164235 0.9305831549889011 0.809384071641273 0.586689412105578 0.026324101059796254 0 0 0 0 0 0
-42.94004440307617 11.94134521484375 -0.7088801860809326 0.03743164494371393 -0.45996815928445933 0.8871460783891649 0.9697037172530102 0.23117600151146606 0.07894527896502007 0 0 0 0 0 0
-42.69314956665039 12.240208625793457 -0.3806581199169159 0.281505491948277 -0.9316489010492972 0.22974982737011007 0.9502700372032177 0.3039071678919766 0.06802418465276365 0 0 0 0 0 0
-42.315589904785156 12.230509757995605 0.0029265901539474726 0.24906428292388305 -0.5296359224379705 -0.8108346148474992 0.9318747108173034 0.3590782148557278 0.05169486391500803 0 0 0 0 0 0
-41.90190505981445 12.07102108001709 0.15481309592723846 0.14414921947974974 0.4431289105608052 -0.8847925017474848 0.8526118118636099 0.39821632161936565 0.3383442913166915 0 0 0 0 0 0
-41.512577056884766 11.847660064697266 0.4532710015773773 0.9187929784219654 0.03228201855845169 0.3934175060673909 0.3937773759887066 -0.14450781138967494 -0.9077757821217832 0 0 0 0 0 0
-41.16659927368164 11.917068481445312 0.07155905663967133 0.6989596492466784 -0.36733266417239413 0.6136139849750586 0.6177530117830388 -0.12218871660735307 -0.7768211724501546 0 0 0 0 0 0
-40.771060943603516 12.112460136413574 -0.15908145904541016 0.23819937225618787 -0.9618693212247234 0.13441900142259686 0.2460110120548383 -0.07413335573933567 -0.9664278697940056 0 0 0 0 0 0
-40.367279052734375 11.997005462646484 -0.4839317500591278 -0.3991679017506787 -0.9139396190838719 -0.07334411278887937 0.36971271598098565 -0.08723891077219499 -0.9250415558715426 0 0 0 0 0 0
-40.175724029541016 11.695941925048828 -0.9781959056854248 -0.9229637853538476 0.10354600997612498 -0.3706967422885196 0.38024373589132 0.09615942527918336 -0.9198739404099833 0 0 0 0 0 0
-40.19970703125 11.520669937133789 -1.3541061878204346 -0.41254702475608235 0.9004743130510413 -0.13766249997787966 0.3723402698484742 0.028768404627116138 -0.9276503125339722 0 0 0 0 0 0
-40.343971252441406 11.564362525939941 -1.8527843952178955 0.4429464941268882 0.8632263844576242 0.2421541090233997 0.3909901312928234 0.057066010653782424 -0.9186240730895763 0 0 0 0 0 0
-40.29313278198242 11.798295974731445 -2.3066816329956055 0.8358811764955602 0.07442277896902641 0.543841804894517 0.5386736422436617 0.07923331292462457 -0.8387805370148596 0 0 0 0 0 0
-40.00391387939453 12.125330924987793 -2.55338716506958 0.6258624668230965 -0.72193864023596 0.2951283997794205 0.5256358945888643 0.11088053061481484 -0.8434526745765537 0 0 0 0 0 0
-39.59169006347656 12.32302474975586 -2.7602930068969727 -0.09425155712341703 -0.9941093103860155 -0.05351002694497346 0.655045226040802 -0.021450059848705492 -0.7552851426935668 0 0 0 0 0 0
-39.14918899536133 12.206762313842773 -3.0838425159454346 -0.6744752514876661 -0.7185182260109243 -0.16974891463795477 0.4324284885602719 -0.19810934239107644 -0.87963531690062 0 0 0 0 0 0
-38.87051010131836 11.86744499206543 -3.3732407093048096 -0.949572829484131 -0.051891766178874435 -0.30922271279506397 0.3132184982425583 -0.20209106956319228 -0.9279296158445864 0 0 0 0 0 0
-38.81060028076172 11.58338451385498 -3.8120155334472656 -0.8788795598462492 0.4416308514518709 -0.1803688175111181 0.04773797520197848 -0.29477812764441935 -0.9543725379463021 0 0 0 0 0 0
-39.07528305053711 11.403358459472656 -4.216129779815674 -0.2233596361059382 0.9616809643061262 -0.15899747120587143 -0.012473957557435926 -0.16592523079665344 -0.9860594394700213 0 0 0 0 0 0
-39.359458923339844 11.385544776916504 -4.634731292724609 0.6873972608415237 0.6971914725659406 -0.20349215308926627 -0.024981210302807363 -0.2573210169917434 -0.9660030193255825 0 0 0 0 0 0
-39.37979507446289 11.579364776611328 -5.0720295906066895 0.948811847821259 -0.30389111200911023 -0.0860596855436631 -0.15043353150656874 -0.19522848355361228 -0.9691519962357914 0 0 0 0 0 0
-39.17196273803711 11.551517486572266 -5.615065097808838 0.287921676971815 -0.8956175167915624 0.3390728115698061 -0.05204378141814818 -0.3681763871720559 -0.9282982240339752 0 0 0 0 0 0
-39.033138275146484 11.251182556152344 -6.067627429962158 -0.4961742215311469 -0.626502446937556 0.6010872032153198 -0.29430802968328745 -0.5299639772748099 -0.7953118674174339 0 0 0 0 0 0
-38.921592712402344 10.75943374633789 -6.267998218536377 -0.9255083322581643 -0.034764379907919765 0.37712831345621495 -0.2961445392794865 -0.5542833751867479 -0.7778613962953349 0 0 0 0 0 0
-39.02471923828125 10.275249481201172 -6.2676897048950195 -0.7608171161572425 0.582967758636436 -0.285141908797334 -0.17179691222745744 -0.6046272620871976 -0.7777606925591257 0 0 0 0 0 0
-39.345855712890625 9.909518241882324 -6.518913269042969 -0.07414681741285202 0.8484398591343031 -0.524072566444485 -0.4637219292469196 -0.49458078499434693 -0.735086266672076 0 0 0 0 0 0
-39.77678680419922 9.86966323852539 -6.826975345611572 0.7150360061503019 0.23036128323517796 -0.6600433236499461 -0.5681113254551992 -0.35873632801450867 -0.740646858396229 0 0 0 0 0 0
-40.036705017089844 9.962475776672363 -7.236104965209961 0.7624807701504094 -0.6354848829217231 -0.12158140782538314 -0.5381465496302253 -0.5185684849193034 -0.6644433892887954 0 0 0 0 0 0
-40.024391174316406 9.759153366088867 -7.714779376983643 -0.011186979281232362 -0.8118404216283756 0.5837721998389633 -0.5911725147604827 -0.4654825366418034 -0.658666126253111 0 0 0 0 0 0
-40.07740020751953 9.335094451904297 -8.019153594970703 -0.6312569224526694 -0.09984116954039866 0.7691205618889603 -0.6395092482286161 -0.49405656515578356 -0.5890127603511994 0 0 0 0 0 0
-40.364044189453125 8.888858795166016 -8.08558464050293 -0.6993597757450111 0.5755020007749113 0.423902525557423 -0.6759401134308414 -0.33969255463215897 -0.6539984184862982 0 0 0 0 0 0
-40.74128723144531 8.598201751708984 -8.215786933898926 -0.19807823871709737 0.9795836748552919 0.034363284239642806 -0.8024931972765259 -0.14193968965798845 -0.5795323915232805 0 0 0 0 0 0
-41.26948165893555 8.567551612854004 -8.178059577941895 0.24746468080801667 0.8129146578005609 -0.5271916073740017 -0.6923069862155956 -0.23231019165147695 -0.6831859276155601 0 0 0 0 0 0
-41.748409271240234 8.64655590057373 -8.383794784545898 0.6332316179827312 0.24249130785775247 -0.7349936622858793 -0.7371742012244384 -0.10033245460957811 -0.6682122384400994 0 0 0 0 0 0
-42.040828704833984 8.8705472946167 -8.768433570861816 0.6437060259487593 -0.6270933961734627 -0.438630168402594 -0.5905052067876635 -0.042437255784009156 -0.8059172910902094 0 0 0 0 0 0
-43.21091842651367 8.331096649169922 -7.905787944793701 -0.26488731199197757 -0.11308922052336066 0.9576249475379613 0.3853342321161485 0.8979458471238679 0.21262827938084256 0 0 0 0 0 0
-43.34062576293945 8.836613655090332 -7.765958786010742 0.32019714365477986 -0.33043963754264977 0.8878532734275424 0.26018384229861835 0.9318307670174939 0.2529738916297824 0 0 0 0 0 0
-43.49958038330078 9.04778003692627 -7.510869979858398 0.9987354366536491 0.04352569618417049 0.025160312874208543 -0.04197424239544884 0.9973626915823087 -0.05921000266020148 0 0 0 0 0 0
-43.24053192138672 9.431695938110352 -7.289042949676514 0.45268932139231755 0.014736936690363384 -0.891546522058354 -0.0031186386095617257 0.9998834657767491 0.014944194842802204 0 0 0 0 0 0
-42.84169006347656 9.86500072479248 -7.217022895812988 -0.32091666584147666 0.055905304462488446 -0.9454560225193694 0.12899894273353493 0.9915336287429852 0.0148437140028514 0 0 0 0 0 0
-42.53138732910156 10.111196517944336 -7.313008785247803 -0.9358489963678441 0.19685645485561715 -0.2922912796834302 0.17330999137866415 0.9792917270408811 0.1046487469471845 0 0 0 0 0 0
-42.54463195800781 10.637714385986328 -7.522165775299072 -0.8724319506316974 -0.20761074803506308 0.44244804081077477 -0.08507836579746633 0.95598280209883 0.28081765215972765 0 0 0 0 0 0
-42.827205657958984 11.018509864807129 -7.6210479736328125 -0.04817989152870853 -0.1517709498734659 0.9872407390433133 -0.1988872094493424 0.9700542312925192 0.13942261749419632 0 0 0 0 0 0
-43.13357925415039 11.340435981750488 -7.412253379821777 0.7844700443966205 0.04886904781744061 0.6182382757560236 -0.13988731872680088 0.985142430155427 0.09962896349398723 0 0 0 0 0 0
-43.16379928588867 11.805221557617188 -7.025065898895264 0.9951589513053073 -0.04787444116485522 -0.08582947931843653 0.07142573919005372 0.9521915882239532 0.29703458232451696 0 0 0 0 0 0
-42.91709899902344 12.052842140197754 -6.655529975891113 0.6744779829979094 0.20718323337758335 -0.7086286462303664 0.2310721651671784 0.8523566822224319 0.4691414933212799 0 0 0 0 0 0
-42.60369110107422 12.402673721313477 -6.399827480316162 0.09192026797217516 0.2749120743958777 -0.957065314222221 0.31643590036121816 0.9032486144036128 0.2898452372224509 0 0 0 0 0 0
-42.1909065246582 12.627086639404297 -6.462197303771973 -0.6213935218022815 0.6701595332473222 -0.40590182441064343 0.46417079824895485 0.7322426387037908 0.4983635100175753 0 0 0 0 0 0
-41.96200180053711 13.06937313079834 -6.4902472496032715 -0.9007174881933616 0.3311434707130923 0.2811618897836771 0.4315656063776474 0.7560059559880388 0.492144411633928 0 0 0 0 0 0
-41.978515625 13.551104545593262 -6.4148030281066895 -0.5932321730645751 -0.2222308029599041 0.7737499977750426 0.42996477143064654 0.7251069587458769 0.53791281236544 0 0 0 0 0 0
-42.029296875 13.988685607910156 -6.1533050537109375 -0.08085001884795306 -0.7458528676117652 0.6611858848520531 0.4160267619146848 0.5775578255694792 0.7023878497626774 0 0 0 0 0 0
-42.03660202026367 14.176531791687012 -5.7088470458984375 0.6949878760170847 -0.7185912378440801 0.024869360324988717 0.5218766546736047 0.527923484676289 0.6700310079645057 0 0 0 0 0 0
-41.86529541015625 14.137730598449707 -5.278087615966797 0.8133775560006578 0.053841462753578706 -0.5792391978129171 0.4769203464351214 0.5084433050490088 0.7169605210240273 0 0 0 0 0 0
-41.588417053222656 13.989498138427734 -4.896613121032715 0.4242244454408664 0.7675984807849249 -0.48044374508059184 0.3721411522885088 0.3359032216330107 0.865262959145915 0 0 0 0 0 0
-41.37787628173828 14.17523193359375 -4.471837997436523 0.0758351633571669 0.7511538733171643 -0.6557567282149787 0.4240333448039723 0.5709269054963281 0.7030207614820082 0 0 0 0 0 0
-40.91013717651367 14.401639938354492 -4.388247966766357 -0.7232593799293646 0.6798599070563895 -0.12118735957792047 0.42816798044112125 0.5791584671504477 0.6937201528375224 0 0 0 0 0 0
-40.799415588378906 14.896536827087402 -4.327230453491211 -0.8508247253457611 0.08946262201675226 0.5177776800927187 0.40171910701159036 0.7459326986027882 0.5312308050339067 0 0 0 0 0 0
-40.7511100769043 15.405858039855957 -4.239767551422119 -0.5348084493904807 -0.3665185032430294 0.7613436210023954 0.34941589003056944 0.7244500184227988 0.5942059462857567 0 0 0 0 0 0
-40.916561126708984 15.789175987243652 -3.9576292037963867 0.2980604725979928 -0.6523947128315716 0.6968077879473452 0.2835112425884624 0.7575513662297331 0.5879943051164791 0 0 0 0 0 0
-40.94478225708008 16.129602432250977 -3.5506653785705566 0.6000867372638232 -0.7645875025163184 0.2351634724099768 0.5038117963848292 0.5895896063462844 0.6313143194256923 0 0 0 0 0 0
-40.970184326171875 16.571632385253906 -2.89169979095459 0.9953818234904527 -0.017390142709245986 0.09440661206384571 -0.029107786920559504 0.8824759786834514 0.4694559444583401 0 0 0 0 0 0
-41.85105895996094 16.73842430114746 -4.128785133361816 -0.0961688067088296 -0.9883338074635905 -0.11810099762797188 -0.8161906665884514 0.010387586817909533 0.5776892709874399 0 0 0 0 0 0
-41.25117874145508 17.039398193359375 -4.425871849060059 0.45611838911765185 -0.6722279246645302 -0.5831514660960198 0.4301280331374955 -0.4071316012230489 0.8057504169374199 0 0 0 0 0 0
-40.66301345825195 17.561708450317383 -3.3263394832611084 -0.15553286127709634 -0.5534677256163814 0.8182194117496783 0.9802049610787147 0.016251652849137696 0.19731730298264955 0 0 0 0 0 0
-40.45904541015625 17.703290939331055 -3.0032856464385986 0.26607405987329474 -0.960675175064746 -0.07942167636648025 0.963675429439793 0.26706879742679895 -0.0019809429658579005 0 0 0 0 0 0
-40.02792739868164 17.450929641723633 -2.727731943130493 0.22602040007870483 -0.6222618179213254 -0.7494698184086597 0.9737865565598175 0.16453663782343364 0.15705870583044365 0 0 0 0 0 0
-39.64095687866211 17.247228622436523 -2.5495710372924805 0.22582020197755098 0.16634916099051572 -0.959861027970492 0.9339236418622158 0.24331537415833068 0.2618859673006695 0 0 0 0 0 0
-39.1823844909668 17.265323638916016 -2.6055846214294434 -0.11023487137023423 0.8074639955053519 -0.5795258140035879 0.9513814612353735 0.2544546951146095 0.17356878564931208 0 0 0 0 0 0
-38.70465850830078 17.367107391357422 -2.7720272541046143 -0.42337442732816405 0.8757882548278436 -0.23183836393088408 0.9025260494340523 0.42997108085284935 -0.023908151814710427 0 0 0 0 0 0
-38.41316223144531 17.51832389831543 -3.0897715091705322 -0.12029530705254546 0.7528899322877205 0.6470593395979425 0.9802073157814507 0.19331394639413244 -0.042700541191534984 0 0 0 0 0 0
-38.09202575683594 17.734411239624023 -3.244044065475464 0.09474111214487116 -0.008464137007104203 0.9954659612735525 0.9698147445593657 0.22647709261454088 -0.09037415424842062 0 0 0 0 0 0
-37.72983169555664 18.109861373901367 -3.157947540283203 0.26077355869855123 -0.6998418828538302 0.6649951053107828 0.9618557953136462 0.24731727616408142 -0.11690848528799351 0 0 0 0 0 0
-37.25400161743164 18.356739044189453 -2.947157144546509 0.1218413192558077 -0.9919205178816677 -0.035332409023000985 0.9384063590962961 0.12671841213511306 -0.32145909418398655 0 0 0 0 0 0
-36.73346710205078 18.363779067993164 -2.8346400260925293 -0.12812793056010155 -0.8036105602345452 -0.5811998803250963 0.9754713673619801 0.0036518630962470914 -0.22009605937607157 0 0 0 0 0 0
-36.324302673339844 18.205123901367188 -2.782235622406006 -0.23233688269235903 -0.31029747933522056 -0.9218107437315999 0.9724996928395216 -0.08994142345139007 -0.2148368864384654 0 0 0 0 0 0
-35.89695739746094 17.996671676635742 -2.7422149181365967 -0.08872842615169214 0.3886160109287892 -0.917117692797625 0.9959725779809819 0.022708867190686984 -0.08673483303052199 0 0 0 0 0 0
-35.56253433227539 17.77043342590332 -2.955375909805298 0.007238385701946902 0.9775253924048213 -0.2106934099022316 0.9999734790763717 -0.0069064169799672335 0.0023113953352632117 0 0 0 0 0 0
-35.18766784667969 17.800199508666992 -3.2217509746551514 0.026359511910143834 0.7689367170054223 0.6387812625404585 0.9989591969029228 -0.04405693155826169 0.011811422638205733 0 0 0 0 0 0
-34.836185455322266 18.066377639770508 -3.3673524856567383 0.12913622741313752 -0.045990654803918146 0.9905597884227935 0.978940544000266 -0.1533624033767132 -0.13474191828448073 0 0 0 0 0 0
-34.45545196533203 18.263916015625 -3.318258047103882 0.1607887770874707 -0.7891619990503084 0.5927649689528193 0.986739181263182 0.1420360906846879 -0.07855913125204672 0 0 0 0 0 0
-33.95951843261719 18.320842742919922 -3.112643241882324 -0.009841913879150952 -0.9996361355190535 -0.025114404148378473 0.9994215477564691 -0.0090159624725319 -0.03279149738511687 0 0 0 0 0 0
-33.561241149902344 18.249053955078125 -2.9746057987213135 -0.03462752617140556 -0.5049219738111136 -0.8624701355953942 0.9903341595499907 0.09864147667060319 -0.09750954573095044 0 0 0 0 0 0
-33.11899948120117 18.023136138916016 -2.997788190841675 -0.1509461482485691 0.264503847280022 -0.9524982808924054 0.9818146176011203 0.1523334299791854 -0.11328981761633637 0 0 0 0 0 0
-32.69755172729492 17.85202407836914 -3.1928648948669434 -0.2727126295287407 0.7787416138420891 -0.5649684243974511 0.9620880269353338 0.21841777981364066 -0.1633410600215281 0 0 0 0 0 0
-32.26817321777344 18.070470809936523 -3.5585546493530273 -0.3979476016293679 0.826798893900031 0.39754407982401074 0.9066178313783239 0.42069170242609283 0.032597535745834655 0 0 0 0 0 0
-31.184656143188477 16.74416732788086 -3.2943923473358154 0.8385576993096556 -0.46983111342158895 -0.2758255060532419 0.5311502243407256 0.5923445134497755 0.6058113704518476 0 0 0 0 0 0
-30.882686614990234 16.756189346313477 -2.8863906860351562 0.5760201347382281 0.20673953395070008 -0.7908600188895637 0.5216578043129491 0.6519011008187001 0.5503617809684465 0 0 0 0 0 0
-30.405790328979492 17.00067710876465 -2.7719461917877197 -0.337309496431591 0.676216373147386 -0.6549455857584366 0.3962260455811089 0.7330738004120612 0.5528179844691874 0 0 0 0 0 0
-30.0543212890625 17.35041618347168 -2.7932028770446777 -0.8202345318340309 0.5719936139701134 -0.006214367579833857 0.49790841986600465 0.7192608447430734 0.48451113779356947 0 0 0 0 0 0
-29.917724609375 17.874191284179688 -2.71164608001709 -0.8705086833088991 0.17435541389463075 0.46023344286290085 0.3470615554397961 0.8805109195043905 0.32287582345112514 0 0 0 0 0 0
-30.066129684448242 18.309894561767578 -2.754363536834717 -0.13020408025705416 -0.16091213990897787 0.9783425681806595 0.32895080894292605 0.923841077363142 0.1957269247505404 0 0 0 0 0 0
-30.24130630493164 18.76856231689453 -2.5821356773376465 0.49236136788688434 -0.36825416414864465 0.7886502101690833 0.31489887466099875 0.9200743905231213 0.2330274976064924 0 0 0 0 0 0
-30.024391174316406 19.160215377807617 -2.1682381629943848 0.6947825672577104 -0.7165739453820814 0.06163574477803512 0.6744123691258463 0.678876249987045 0.2903360011669079 0 0 0 0 0 0
-29.676733016967773 19.276592254638672 -1.7866543531417847 0.6047437453856406 -0.5307148025427081 -0.5938238802700694 0.734678890418665 0.6595929985435062 0.15869468877560444 0 0 0 0 0 0
-29.157995223999023 19.325428009033203 -1.608635425567627 0.24234391727747667 -0.16348582456665287 -0.9563167942289674 0.8978939826658339 0.4111683962242607 0.15724803922102482 0 0 0 0 0 0
-28.617483139038086 19.216270446777344 -1.582585096359253 -0.14678544054027926 0.5047248582109436 -0.8507096167020441 0.8645231189454772 0.48338384096580067 0.13762208798711892 0 0 0 0 0 0
-29.13355827331543 20.1688289642334 -0.5537853240966797 -0.2674502294618322 0.6881828329413873 0.6744440400845573 0.059847585257137785 0.7104542106286559 -0.7011940395774219 0 0 0 0 0 0
-29.095914840698242 20.748170852661133 -0.9217720627784729 -0.22635407702752802 0.45444387387300084 0.8615361845635481 0.05974347080227479 0.8893052147938988 -0.4533949190682172 0 0 0 0 0 0
-29.308940887451172 21.143287658691406 -1.0473110675811768 0.63084442145574 0.24256461288032033 0.7370194871890382 0.19010648749440687 0.8726065367020863 -0.4499081634259702 0 0 0 0 0 0
-29.25533103942871 21.717010498046875 -1.0576459169387817 0.987060411109165 -0.11262393527592665 0.11413848616470332 0.15876498724304505 0.7862316425883665 -0.5971879796333103 0 0 0 0 0 0
-30.073339462280273 21.486726760864258 -2.4280202388763428 -0.7001079833757192 -0.5751065818147147 -0.4232035339726957 -0.5875083704738152 0.8008122400336645 -0.11633430635658237 0 0 0 0 0 0
-30.777740478515625 22.170372009277344 -2.2990777492523193 -0.6947192568908797 0.6767710831080811 -0.2436104578496148 -0.2833097353845534 0.05384408687427407 0.9575157482490877 0 0 0 0 0 0
-30.873563766479492 22.503684997558594 -1.9194395542144775 -0.9751366960724063 0.0026798246619463588 -0.22158800173468957 -0.22122164838470065 -0.07050113686288233 0.972671872723272 0 0 0 0 0 0
-31.08363151550293 22.633922576904297 -1.4805874824523926 -0.658057843906262 -0.6440387570603415 -0.3900948006287857 -0.3029769754600236 -0.24780381046599284 0.9202164005600154 0 0 0 0 0 0
-31.398574829101562 22.79344940185547 -1.2374011278152466 0.08958811987269748 -0.9930271837262543 0.0766223280668188 -0.23285652927466238 0.05391622865284232 0.9710153845650505 0 0 0 0 0 0
-31.690155029296875 22.689308166503906 -1.0061901807785034 0.7908344636358774 -0.41568507396350485 0.4492068236455339 -0.39372788174235857 0.21638090892859083 0.8933966965407428 0 0 0 0 0 0
-31.83856773376465 22.575281143188477 -0.6037101149559021 0.8038374762484668 0.49573697052498195 0.32877069187080643 -0.381371907018831 0.005332116271357422 0.9244063160065973 0 0 0 0 0 0
-31.850624084472656 22.315635681152344 -0.31659480929374695 -0.27523421210471594 0.9137741509721424 0.29876902366583474 -0.5369769190876998 -0.4038961709018898 0.7406238394069375 0 0 0 0 0 0
-31.972135543823242 22.314977645874023 0.16480763256549835 -0.7902259645210294 0.5852964056956383 -0.1815793007932772 -0.47150443335319986 -0.3914355631918609 0.7902289346745972 0 0 0 0 0 0
-32.18056106567383 22.397504806518555 0.5975563526153564 -0.7906654723959202 -0.08639737838532878 -0.6061217730531373 -0.5871520452616381 -0.17353703459623174 0.790656292815419 0 0 0 0 0 0
-31.65180015563965 23.0764217376709 0.7661964893341064 0.03827065918085102 0.18457749143179195 -0.9820725565367409 -0.5887105249222261 0.7982899881160296 0.1270945031049992 0 0 0 0 0 0
-31.60065269470215 23.64605712890625 0.6850792169570923 -0.5828568671399886 -0.34211816994772287 -0.7370434384887901 -0.5786105628990551 0.8115869744149328 0.08084800221189233 0 0 0 0 0 0
-31.82705307006836 24.010766983032227 0.4054724872112274 -0.7525334136434164 -0.5982387438422931 0.2753250201419806 -0.5639848165217148 0.8013018132305004 0.19959090872702515 0 0 0 0 0 0
-32.2444953918457 24.212095260620117 0.3012068569660187 -0.25367922705532553 -0.21187460706295635 0.9437987076927635 -0.5577814720874572 0.8291969895266595 0.03622405217357948 0 0 0 0 0 0
-32.810699462890625 24.629749298095703 -0.7329858541488647 -0.13419068206511298 0.8822672567614098 -0.45121762874869625 0.5672081005251276 -0.3049842724645439 -0.7650225906781772 0 0 0 0 0 0
-32.78931427001953 24.46759796142578 -1.2073665857315063 0.4675412025956767 0.8799216032369752 0.08451743034581409 0.653506586982768 -0.27967884845239627 -0.7033554453464305 0 0 0 0 0 0
-32.58856964111328 24.62053680419922 -1.6467498540878296 0.6314450850969194 0.5005039874185775 0.5922608066426889 0.7626118614415894 -0.2625879958333035 -0.5911604631847797 0 0 0 0 0 0
-32.172176361083984 24.751476287841797 -1.9398837089538574 0.42927176970980874 -0.12861082545723415 0.8939714779037516 0.8612898748392053 -0.2396396776960073 -0.44805421142225615 0 0 0 0 0 0
-31.677173614501953 24.817720413208008 -2.0249130725860596 -0.0941022732886513 -0.8412414219750198 0.5324073929946453 0.8841993742307983 -0.3163911809543713 -0.3436394727387457 0 0 0 0 0 0
-31.236572265625 24.7313289642334 -1.9827539920806885 -0.43563938641661015 -0.8870335072106337 -0.1529375104026548 0.8828019464575728 -0.38787499256098945 -0.264978703816992 0 0 0 0 0 0
-30.869604110717773 24.35727882385254 -1.8926833868026733 -0.34736552085305994 -0.1428715765343718 -0.9267820172732449 0.8923988354816511 -0.3539369859954664 -0.2799159309068317 0 0 0 0 0 0
-30.523361206054688 23.97972869873047 -2.042243003845215 -0.23027700491838998 0.5210688974896341 -0.82186355623957 0.8158767692234671 -0.35694187707691183 -0.4549039391237322 0 0 0 0 0 0
-30.497726440429688 23.65138053894043 -2.3397576808929443 0.46444671016454464 0.7908816839784111 -0.3984914244557897 0.8028733461371689 -0.5659221268755503 -0.1874207469176226 0 0 0 0 0 0
-29.971996307373047 23.54134178161621 -2.6009724140167236 -0.019355009903663185 0.8779134942999333 -0.47842792572937287 0.8441923518869653 -0.24203558220535523 -0.4782865772338474 0 0 0 0 0 0
-29.74941062927246 23.428089141845703 -3.03610897064209 0.23666434595491714 0.9645435854975557 0.11681463533843228 0.808816879970585 -0.12896920519191782 -0.5737440185194206 0 0 0 0 0 0
-29.41309356689453 23.569908142089844 -3.40566349029541 0.3016422543838252 0.662716520443907 0.6854332672849811 0.8880757351338184 0.06627132790972594 -0.4548951524951765 0 0 0 0 0 0
-29.036304473876953 23.81763458251953 -3.5903995037078857 0.30124434294740504 -0.1110783678764056 0.9470551420229448 0.9482734849238962 0.13920759316620404 -0.28530447559609395 0 0 0 0 0 0
-28.645544052124023 24.172672271728516 -3.5396828651428223 0.36034070925005024 -0.882295673798066 0.30283480192076245 0.8881206950044767 0.22519994485754583 -0.40065772916658415 0 0 0 0 0 0
-28.254653930664062 24.26216697692871 -3.445218324661255 0.2530826073416773 -0.8732553973228588 -0.4163822821730464 0.8910792550578897 0.3780099914708227 -0.2511696788103717 0 0 0 0 0 0
-27.596878051757812 24.62575912475586 -4.096309661865234 -0.1558734272123368 0.8168513359857006 -0.5553893855552665 0.8198554718083164 0.4205965229906425 0.388504273070638 0 0 0 0 0 0
-27.156776428222656 24.857219696044922 -4.1387104988098145 -0.5782458842170282 0.757849814973028 0.3021512126922788 0.8139538054430794 0.5105542581417716 0.2771525790932405 0 0 0 0 0 0
-26.87238311767578 25.217586517333984 -4.109128952026367 -0.36223946517706945 -0.10061015302605228 0.9266391784164454 0.8924944349548923 0.24922697806771993 0.3759515886091982 0 0 0 0 0 0
-26.644567489624023 25.651660919189453 -3.801069974899292 -0.25220359965568756 -0.6964340311302893 0.6718429761516665 0.7541108337684279 0.29362148051219084 0.5874549145040118 0 0 0 0 0 0
-26.520357131958008 25.811372756958008 -3.3170526027679443 0.38555566445945266 -0.9193454823138001 0.07842648629408379 0.7774033982653865 0.3694546530606807 0.5090650407337367 0 0 0 0 0 0
-26.298810958862305 25.755569458007812 -2.8278372287750244 0.6061967506430022 -0.5952962812617445 -0.5273972288757347 0.7414447015383488 0.183103606438368 0.6455484674832496 0 0 0 0 0 0
-26.109901428222656 25.465919494628906 -2.5555405616760254 0.6491059308193642 0.5920426687617611 -0.4776473269480092 0.5806106850445424 0.02009190376824782 0.8139333804526478 0 0 0 0 0 0
-25.669055938720703 25.42217445373535 -2.255556344985962 0.18575587129266014 0.865193399391537 -0.4657629632437739 0.7049577546330852 0.21285865778880123 0.6765543259687495 0 0 0 0 0 0
-26.354385375976562 24.5011043548584 -2.4657857418060303 0.4767058516039094 -0.3403073151477679 -0.8105198716277776 -0.09130197251177401 -0.9362078775586177 0.3393799637760717 0 0 0 0 0 0
-25.268146514892578 23.984506607055664 -1.5602174997329712 0.4779316693518455 0.12893268822002166 0.8688830078548647 -0.8418337812472543 -0.21518827700180737 0.49498473733231757 0 0 0 0 0 0
-25.518295288085938 23.78179931640625 -1.1759506464004517 0.4164671254357003 0.6124485696890603 0.6719091329317892 -0.7160148003098257 -0.23447404021556742 0.6575292618600856 0 0 0 0 0 0
-25.656583786010742 23.53628158569336 -0.7637638449668884 -0.023670193667844276 0.9940098512903202 0.10669647355710617 -0.6785352723126878 -0.09435281215049689 0.728482965529627 0 0 0 0 0 0
-25.325204849243164 23.01580047607422 0.017346205189824104 0.787827169912328 0.27683790607375686 0.5501719041432682 -0.4675783409795463 0.8502604103731197 0.2417182856114718 0 0 0 0 0 0
-24.512271881103516 22.998836517333984 -0.8682282567024231 0.1528561127786647 -0.8896372630709601 -0.4303260960502018 0.2848829453733759 0.4566252775272072 -0.8428137773901133 0 0 0 0 0 0
-24.08614730834961 22.99100112915039 -1.1941745281219482 -0.6453276429883683 -0.5326986931425394 -0.5475256482753184 0.2860030862775873 0.49613357600906466 -0.8197888199994878 0 0 0 0 0 0
-23.90711784362793 23.023719787597656 -1.686545968055725 -0.9842860942977437 -0.0016117154906895071 -0.1765737436463036 0.15492214412101682 0.47196232249682296 -0.8679001644223555 0 0 0 0 0 0
-23.924312591552734 22.950641632080078 -2.2212026119232178 -0.6921143231078298 0.7210392439396217 0.032865977057884195 0.3040803433858959 0.3325729293824839 -0.8927095784230553 0 0 0 0 0 0
-24.02911949157715 23.12848472595215 -2.7620303630828857 0.14687668849524557 0.917719424531458 0.36907762898111335 0.3954229214041708 0.2875384829507163 -0.8723315505302969 0 0 0 0 0 0
-24.038270950317383 23.370948791503906 -3.1696979999542236 0.5115659651188085 0.5653294342305463 0.6470725570789048 0.43079637496132195 0.4828347010654203 -0.7624205760387441 0 0 0 0 0 0
-23.835731506347656 23.794635772705078 -3.4623935222625732 0.6291004041426803 -0.2047457622020481 0.7498745590882641 0.7645290470263789 0.3372879163974727 -0.5493015544354378 0 0 0 0 0 0
-23.587873458862305 24.141536712646484 -3.6126956939697266 0.5084137435263176 -0.8601577382456282 0.04054788193877475 0.7808532483501355 0.4406650248461631 -0.4428120825117268 0 0 0 0 0 0
-23.108671188354492 24.300416946411133 -3.6293156147003174 -0.023966310352673246 -0.8970295273803885 -0.4413203405416476 0.8803496659786456 0.19024509932701525 -0.43450117122205945 0 0 0 0 0 0
-22.687103271484375 24.117578506469727 -3.6493618488311768 -0.2820650725362491 -0.06961744022431682 -0.9568660861749329 0.959099383083339 -0.04523012767430642 -0.2794326554283246 0 0 0 0 0 0
-22.237329483032227 23.881752014160156 -3.8343770503997803 -0.2508312461801642 0.7325237509161646 -0.6328448785313971 0.9641271496467335 0.1303911750594401 -0.2312076572708698 0 0 0 0 0 0
-21.819889068603516 23.920856475830078 -4.188895225524902 -0.3426227612359871 0.9347226527950729 0.094356800681081 0.8699090237054736 0.35357699023814854 -0.34386276688516615 0 0 0 0 0 0
-21.595788955688477 24.2174129486084 -4.589470863342285 -0.06833973158959637 0.7150781124827121 0.6956960357328649 0.9035182103703041 0.3400666495706916 -0.2607863443108308 0 0 0 0 0 0
-21.257389068603516 24.653827667236328 -4.720843315124512 -0.13030506915046638 0.13758636020300644 0.9818811447623285 0.8557448023507787 0.5157474652850337 0.041296310993721316 0 0 0 0 0 0
-21.060970306396484 25.048236846923828 -4.682498931884766 0.13765098809363177 -0.4213168342055924 0.8964063423982587 0.6431967737917039 0.7262600006890985 0.24257848540836086 0 0 0 0 0 0
-20.91422462463379 25.47232437133789 -4.411390781402588 0.21574595377367836 -0.6715566670287544 0.7088478866438953 0.5081020269936345 0.6971299038691352 0.5058084887547563 0 0 0 0 0 0
-20.729230880737305 25.84001350402832 -4.199173927307129 0.09431325281663651 -0.8396163541739307 0.5349293300491399 0.3044235217040119 0.5359093471738178 0.7874817401343727 0 0 0 0 0 0
-20.838794708251953 25.96211051940918 -3.792950391769409 0.8234845720029126 -0.525208224223286 0.21454482254625182 0.17718700571859594 0.5973303906673149 0.7821771982036495 0 0 0 0 0 0
-20.019241333007812 26.18845558166504 -3.9525787830352783 0.6104854281208374 0.38785003087209574 -0.6905649104933093 0.7212472103491567 0.08804480079013685 0.6870593676076213 0 0 0 0 0 0
-19.56540870666504 25.923974990844727 -3.832329034805298 0.2467062298141231 0.9258326237376774 -0.2863040149804212 0.7995543557204043 -0.027524754694243786 0.5999626822791153 0 0 0 0 0 0
-19.04061508178711 26.050966262817383 -3.772313356399536 -0.445641620685493 0.8559636025593673 0.26216379804694023 0.7761050261764472 0.22345657956605475 0.5896847847725902 0 0 0 0 0 0
-18.669357299804688 26.47123908996582 -3.641651153564453 -0.7390444627676758 0.2120908359213075 0.63939874833365 0.6728078396203301 0.18475220692280836 0.7163771583339157 0 0 0 0 0 0
-18.376930236816406 26.828332901000977 -3.3703532218933105 -0.7183960125620448 -0.08410008412136616 0.6905319290125067 0.53346567880958 0.5704824342013511 0.6244711056565669 0 0 0 0 0 0
-18.302846908569336 27.217844009399414 -3.2181262969970703 -0.11385433170426681 -0.555600746388481 0.8236170237220316 0.5417134712242047 0.6602127808839013 0.5202553210220618 0 0 0 0 0 0
-18.122007369995117 27.57622528076172 -2.7815439701080322 -0.07141964418316722 -0.7970027938736592 0.5997380936561651 0.3471417482379844 0.5438226522418936 0.7640350316175747 0 0 0 0 0 0
-16.97901725769043 28.372594833374023 -2.7639620304107666 0.2538418060548961 0.8736213188435494 -0.41515073017019477 0.16267711752905148 0.38453500429030707 0.9086632962257764 0 0 0 0 0 0
-16.708114624023438 27.81268882751465 -2.473964214324951 -0.33247705929420845 0.30982745897800656 0.8907670574882678 -0.258860946894739 -0.9382033349997838 0.2297074495266597 0 0 0 0 0 0
-16.514612197875977 27.464670181274414 -2.2383153438568115 -0.8747684241845761 0.1709701821137844 0.4533755627265466 -0.13367490137471588 -0.9845218191272715 0.11334817336326204 0 0 0 0 0 0
-16.840408325195312 26.732236862182617 -3.382599353790283 -0.8421055224223993 0.5392227652693184 0.009853858178762914 0.11270350996526811 0.19381831571233218 -0.9745421383069813 0 0 0 0 0 0
-16.95285415649414 26.601255416870117 -3.8284268379211426 -0.2877421986884969 0.9461055426948948 0.14862277475511093 0.1774230567833237 0.2051603836428963 -0.9625124809087732 0 0 0 0 0 0
-17.07516098022461 26.73060417175293 -4.294162273406982 0.2867842318220535 0.8242036629695608 0.48830638571064533 0.15343078323337783 0.46362094820473804 -0.8726480454009691 0 0 0 0 0 0
-17.20763397216797 27.162635803222656 -4.581267833709717 0.9344090817044715 0.2702900815846921 0.23199771512915138 0.0852600386893771 0.46266193390630445 -0.8824254420157912 0 0 0 0 0 0
-17.132787704467773 27.604280471801758 -4.791782855987549 0.8832092746764487 -0.4335174612476344 -0.1788965844249333 0.0347380433611909 0.44088571826502865 -0.8968907691426898 0 0 0 0 0 0
-18.033344268798828 28.242233276367188 -4.685715675354004 -0.9912604902055436 0.13175448980854315 0.006587486072545415 0.09698609953482538 0.6940101825365298 0.713402805596273 0 0 0 0 0 0
-16.677867889404297 28.280410766601562 -4.532167434692383 0.6297393034575874 -0.5943437069409543 -0.5001839338687698 0.40914481486695015 0.8011211513955244 -0.4368127988672017 0 0 0 0 0 0
-16.263967514038086 28.43564224243164 -4.612790584564209 -0.11151847412922646 -0.18004032273045723 -0.9773173037038696 0.2601711738855896 0.943860460436879 -0.20356421960373455 0 0 0 0 0 0
-15.962955474853516 28.716169357299805 -4.7353692054748535 -0.746684204116653 0.17929804935849233 -0.6405582790183263 0.46907370943660126 0.8247114779151322 -0.31594435160392664 0 0 0 0 0 0
-15.789495468139648 28.939346313476562 -5.179466247558594 -0.8869065125762877 0.4493112252376429 -0.1073138426542229 0.4260928886688712 0.7059496398266071 -0.5657560925473987 0 0 0 0 0 0
-15.73532485961914 29.14031410217285 -5.60164737701416 -0.46829213477606546 0.6815631491582796 0.5622936512324536 0.35376065753395175 0.727779141574259 -0.5875295041702848 0 0 0 0 0 0
-14.587271690368652 28.553720474243164 -6.086727142333984 0.9887928636203765 -0.03444661550158344 0.14526563094518116 0.10095161278330958 -0.5625755704191104 -0.8205592601659318 0 0 0 0 0 0
-14.61314582824707 28.443111419677734 -6.5754923820495605 0.6067906425480868 -0.6462483657580621 0.4627830656702056 0.10015855104203236 -0.5154130427397291 -0.8510685401464062 0 0 0 0 0 0
-14.16778564453125 28.400386810302734 -6.842775821685791 -0.18959492807370726 -0.9390555273330153 0.2867550868494546 0.18026034422883236 -0.32037840304321735 -0.9299805842930168 0 0 0 0 0 0
-13.799851417541504 28.197221755981445 -7.0257039070129395 -0.8038777825885352 -0.5782154140585124 -0.1394540985617943 0.18122974102597503 -0.014799404438382293 -0.9833294252669994 0 0 0 0 0 0
-13.608304977416992 27.952186584472656 -7.350924015045166 -0.9674659560735464 0.13081506527539968 -0.21655725001876922 0.21172014217663138 -0.049986113732602054 -0.9760512127089533 0 0 0 0 0 0
-13.746530532836914 27.64444923400879 -7.6726884841918945 -0.474243324210855 0.823266918112421 -0.3119693109636168 0.3475042143281667 -0.15053566122152037 -0.9255159835058296 0 0 0 0 0 0
-13.893450736999512 27.541706085205078 -8.15211296081543 0.3107690641877703 0.9367250547000684 -0.16114825671105265 0.08317353954242274 -0.19569331095577805 -0.9771316648063098 0 0 0 0 0 0
-13.997265815734863 27.647830963134766 -8.68104076385498 0.842008639094304 0.5097084593399485 0.17668825135773578 0.2160488804167441 -0.01850209737755942 -0.9762072288522058 0 0 0 0 0 0
-13.896355628967285 27.961423873901367 -9.104816436767578 0.9240594659162269 -0.12275143947242732 0.36200302147643004 0.3784704684777779 0.16098507153588015 -0.9115063967042684 0 0 0 0 0 0
-14.48525619506836 27.124263763427734 -10.00441837310791 -0.7745863423578531 -0.34215029440533756 -0.5319296704180203 0.6323934136503111 -0.4319148597121457 -0.6430615245305414 0 0 0 0 0 0
-14.281216621398926 26.70355224609375 -10.22755241394043 -0.5792912453915611 0.375907393131397 -0.7232670909158329 0.6234025886935457 -0.36735316374698124 -0.6902324720666725 0 0 0 0 0 0
-14.246829986572266 26.465530395507812 -10.63197135925293 0.028920474193016115 0.9500840693466606 -0.31065071599167643 0.6558537870151077 -0.2525663835144648 -0.711383182241727 0 0 0 0 0 0
-14.177847862243652 26.37222671508789 -11.14511489868164 0.6412299443805154 0.7527932878423261 0.14874953515659117 0.6017578459664601 -0.3730327985800611 -0.7062110350322585 0 0 0 0 0 0
-14.639381408691406 25.58966064453125 -10.927132606506348 -0.08472098935464376 0.02066167877940403 0.996190468230241 -0.6106340804588202 -0.7911157508656426 -0.035523070172804136 0 0 0 0 0 0
-14.5612211227417 25.0891056060791 -10.80459976196289 -0.7853361635725182 0.27096030042620944 0.5566216181376153 -0.430045326921525 -0.8855515998297679 -0.17566838313110716 0 0 0 0 0 0
-14.702019691467285 24.436235427856445 -10.786887168884277 -0.8681539758100364 0.47124537165333424 0.15568067953518655 -0.4873525199822833 -0.8687615318840012 -0.0879825095429876 0 0 0 0 0 0
-15.35775375366211 24.10892677307129 -10.85273551940918 -0.7170064587835406 0.6960591204307255 0.037462500288843945 -0.6897100729719605 -0.7006270101997926 -0.1828163226287866 0 0 0 0 0 0
-15.65881061553955 23.813398361206055 -10.639389038085938 -0.5822613895010484 0.6458582766285527 -0.49380032483454733 -0.7523451847389507 -0.6582488119686885 0.026176793958096824 0 0 0 0 0 0
-16.10539436340332 23.763498306274414 -10.463353157043457 -0.23963368591897266 0.008115417423126957 -0.9708294580269675 -0.7448635184432204 -0.6429012378015476 0.17848343711847459 0 0 0 0 0 0
-16.52341079711914 23.4728946685791 -9.450878143310547 -0.7586210759115404 0.16199899703964069 0.6310708265646319 -0.21104109152032827 -0.9774732544262453 -0.002773909023970289 0 0 0 0 0 0
-16.64944076538086 23.187271118164062 -9.010512351989746 -0.8917994007051979 -0.37540890483638206 -0.25251135236143013 0.30274049337785924 -0.9099101149238145 0.2835697029456099 0 0 0 0 0 0
-16.687448501586914 22.87777328491211 -8.648772239685059 -0.4721897382802338 -0.4472979926699369 -0.7595797238054013 0.3782811774769499 -0.8811380184516717 0.28372370927667273 0 0 0 0 0 0
-16.857757568359375 22.35399055480957 -8.503661155700684 0.08535507710159451 -0.18202089402916566 -0.9795830260625201 0.391156729878105 -0.8981142066767311 0.20096587878665662 0 0 0 0 0 0
-17.211009979248047 22.00619125366211 -8.328075408935547 -0.8577503638797961 -0.43417052596783046 -0.27524583129430863 0.0858302587449974 -0.6488675644368921 0.7560450056084642 0 0 0 0 0 0
-16.443870544433594 20.97209358215332 -8.885623931884766 0.43797584335115153 -0.8984393739885745 0.03136641369149564 -0.6948447054852598 -0.3604524854959123 -0.6223060669469017 0 0 0 0 0 0
-15.997482299804688 21.371440887451172 -9.061206817626953 -0.520874455220566 -0.21782776972174067 -0.8253731668989069 0.07285137832886063 0.9520233852673888 -0.29722743914316885 0 0 0 0 0 0
-16.09056282043457 21.809879302978516 -9.285408020019531 -0.8915962002958667 -0.41997242349373287 0.16934987193019418 -0.4147877519737932 0.907472565835245 0.06666830633010035 0 0 0 0 0 0
-16.35618019104004 22.091297149658203 -9.490582466125488 -0.6135390614396793 -0.3037106330217651 0.7289236389891851 -0.6090121023753698 0.7695820438966136 -0.19195764343271898 0 0 0 0 0 0
-16.876361846923828 22.244070053100586 -9.672332763671875 0.10234845973518861 0.01633646212508182 0.9946144543465423 -0.5666359448866435 0.8227497415388789 0.04479474031768611 0 0 0 0 0 0
-17.378387451171875 22.360918045043945 -9.555912971496582 0.5549511626982754 0.3771789140597258 0.7414615794554416 -0.5647273587096115 0.8252725791421575 0.0028601470097405005 0 0 0 0 0 0
-17.68556022644043 22.72646713256836 -9.263367652893066 0.8692284219420064 0.4524981271507699 0.19921695563695077 -0.4795625640253875 0.869657481494622 0.11711367155813902 0 0 0 0 0 0
-17.78757095336914 22.63199806213379 -10.254619598388672 0.521182552913504 0.7749170425677308 0.3575923987959536 -0.23010553634608713 -0.27589060557049844 0.9332394204601643 0 0 0 0 0 0
-17.277462005615234 22.154870986938477 -10.704874038696289 0.49965882287994995 -0.45360197886920983 0.737960910539413 0.04691617693645139 -0.8365083000627248 -0.5459420631054525 0 0 0 0 0 0
-17.06009864807129 21.66149139404297 -10.964465141296387 0.5363620508531468 -0.2975058001785145 0.7898139333189484 0.2484636143170774 -0.8386809014039511 -0.4846443830075313 0 0 0 0 0 0
-16.694358825683594 21.444974899291992 -11.189152717590332 -0.2513456634803097 -0.6613636780442791 0.7066989760947627 0.25253184245228594 -0.7496584895104113 -0.6117514345325415 0 0 0 0 0 0
-16.5816593170166 20.904685974121094 -11.309599876403809 -0.9030699223520755 -0.2561623516855742 0.34473985107894417 0.011327807582759286 -0.8165926315924793 -0.5771032444929048 0 0 0 0 0 0
-16.58290672302246 20.390953063964844 -11.310870170593262 -0.9370418671911906 0.219230565492093 -0.2718280675075039 -0.1141349546943677 -0.9279053047039277 -0.35491542319153424 0 0 0 0 0 0
-16.89012336730957 19.948713302612305 -11.274563789367676 -0.43792876068299513 0.44011747464061113 -0.7839100771661421 -0.21353638883878745 -0.8979394769117355 -0.3848466011869787 0 0 0 0 0 0
-17.232284545898438 19.581350326538086 -11.439207077026367 0.29261453481510896 0.3435817614256992 -0.8923722918325911 -0.21917181747259848 -0.8842768161525798 -0.4123326652604842 0 0 0 0 0 0
-16.48612403869629 19.638900756835938 -9.973966598510742 -0.11679582911856336 0.4504273540539615 0.8851406289513857 -0.7267581616413785 -0.6461918432701892 0.23293491833282437 0 0 0 0 0 0
-16.81047248840332 19.303117752075195 -9.705499649047852 -0.08499248617919479 0.833836180891555 0.5454296478275319 -0.7729830125957299 -0.4005908082663152 0.4919596188418013 0 0 0 0 0 0
-16.820714950561523 19.11265754699707 -9.52406120300293 0.31555463348603774 0.7702897650709402 -0.554147048275499 -0.4814684191114058 0.6331998211975176 0.6060083727423209 0 0 0 0 0 0
-18.110496520996094 19.10252571105957 -8.662474632263184 -0.44836927585433295 -0.7437631485697482 0.49576342271236157 0.37506229679862685 0.3469025981081399 0.8596434498941763 0 0 0 0 0 0
-18.187870025634766 20.104633331298828 -8.83502197265625 -0.9114405709304573 0.20357709082637 -0.3575366467267851 -0.17958368889052814 0.5850079112074682 0.7908953423235877 0 0 0 0 0 0
-18.305566787719727 20.59172248840332 -8.634718894958496 -0.9725748198275465 -0.23177115418670807 0.019502613270452947 -0.1316387007435363 0.6176359920644374 0.7753689662174597 0 0 0 0 0 0
-18.587738037109375 20.95136260986328 -8.415477752685547 -0.5367309225789951 -0.7588162821521446 0.3689414136259271 -0.22531079436617255 0.5502812456239685 0.8040059680478857 0 0 0 0 0 0
-18.778379440307617 21.259145736694336 -7.93930196762085 -0.07297017693687041 -0.9862298735868152 0.1484115552197209 -0.17158441652504788 0.15900368088096895 0.9722533710263297 0 0 0 0 0 0
-19.0865478515625 21.371858596801758 -7.588356971740723 0.7371973463141878 -0.6259666295915429 0.2543734483493193 -0.07645060717517865 0.2967794672475635 0.95188090246774 0 0 0 0 0 0
-19.143959045410156 21.26253890991211 -7.053004264831543 0.9676774239855271 0.2519091271717754 -0.011924544280126775 -0.06656350192762771 0.30073071264994533 0.9513833815450987 0 0 0 0 0 0
-18.81505584716797 21.143531799316406 -6.60861873626709 0.4020789898214034 0.9111746392163672 -0.08996256328675206 -0.09285945184269477 0.13832916605028028 0.9860234094702358 0 0 0 0 0 0
-20.027591705322266 20.125499725341797 -6.712092399597168 -0.3327155790623313 -0.05500357154401994 -0.941421770816152 0.9229673648036567 -0.22380512853386053 -0.31311740282094863 0 0 0 0 0 0
-19.677003860473633 19.78803825378418 -6.862560749053955 -0.41532976652397124 0.3670214134091465 -0.8323439596334535 0.8503643237007588 -0.1683257756549747 -0.498544832715276 0 0 0 0 0 0
-19.525253295898438 19.620677947998047 -7.2474541664123535 0.09080315893748883 0.9439656651903016 -0.3173068062125432 0.8226358009349326 -0.2506742489166394 -0.5103261309694231 0 0 0 0 0 0
-18.364477157592773 19.17527961730957 -6.483384132385254 0.899416237348206 -0.3754096359906209 -0.22387058136294963 0.39402784984841194 0.9180673891851773 0.043523814843713225 0 0 0 0 0 0
-18.025617599487305 19.580141067504883 -6.277039527893066 0.2502786072383315 -0.37058266893127567 -0.8944434606204092 0.5141422206401457 0.8336887059124032 -0.20154631871935202 0 0 0 0 0 0
-17.643892288208008 19.75954246520996 -6.275505542755127 -0.3002760447484734 0.2215401295657447 -0.927768434439438 0.6179506289167523 0.7861209051982503 -0.012285871221605137 0 0 0 0 0 0
-17.292160034179688 19.854286193847656 -6.397463321685791 -0.5704829577719093 0.7416912644177388 -0.35276516718382206 0.794371936611345 0.6073840030610252 -0.007609149092096866 0 0 0 0 0 0
-16.994279861450195 20.107011795043945 -6.749923229217529 -0.46498365095311334 0.8277915374328296 0.31392893288275553 0.8511138507500465 0.5155844012233098 -0.09888345805355327 0 0 0 0 0 0
-16.740209579467773 20.408077239990234 -7.063385486602783 -0.09008484555376614 0.49008311303617524 0.8670082254040763 0.8889895186901856 0.4320227306237288 -0.15183542367777492 0 0 0 0 0 0
-16.273841857910156 19.7738094329834 -8.037766456604004 0.9294385145966914 0.36721113498543595 0.03605592776512627 0.12607859607892336 -0.407903975953194 0.904277907510929 0 0 0 0 0 0
-16.069055557250977 19.4833984375 -7.743291854858398 0.3192545608299606 0.8368067231934673 0.4447820066138927 0.06483927394682482 -0.48753135445667906 0.8706945773207071 0 0 0 0 0 0
-15.890399932861328 19.176111221313477 -7.38133430480957 -0.1568249740692788 0.9227250834538538 0.3521141120052538 0.2333910459230522 -0.3118028241037443 0.9210361657198232 0 0 0 0 0 0
-15.547660827636719 19.241519927978516 -7.011050224304199 -0.7577441565439901 0.5787019405242448 0.30154246343908214 0.33911819853222913 -0.04557826182023283 0.9396390101915214 0 0 0 0 0 0
-15.354912757873535 19.441898345947266 -6.6433186531066895 -0.8834507993304892 -0.3935518477922779 0.25422751279435374 0.24757409938357544 0.06854597769235708 0.9664411592314405 0 0 0 0 0 0
-15.387469291687012 19.676115036010742 -6.183837890625 -0.5011026635252842 -0.8538607997019853 0.14077590468596549 0.25893403294616807 0.007282621477510323 0.9658675530354295 0 0 0 0 0 0
-15.512714385986328 19.693117141723633 -5.660879611968994 0.3293829303588246 -0.9248537866961005 -0.1901377353975727 0.5448813921512157 0.021727950415274637 0.8382315698290685 0 0 0 0 0 0
-15.399054527282715 19.466318130493164 -5.186471939086914 0.6493702905740195 -0.3393695418608541 -0.6805487049263758 0.7511068598315109 0.1462054373047449 0.6437875854787629 0 0 0 0 0 0
-15.085628509521484 19.163291931152344 -4.91737174987793 0.6998498315648151 0.39645226566392455 -0.5941681700567957 0.6323071214105591 0.04308288611319514 0.7735189520222824 0 0 0 0 0 0
-14.6591796875 19.016386032104492 -4.756521224975586 0.22822640230970695 0.9385880830511042 -0.2587761960521507 0.8351015259851676 -0.052078075654235646 0.5476251595146047 0 0 0 0 0 0
-14.166805267333984 19.132518768310547 -4.815165042877197 -0.38787062177127707 0.7956253200435989 0.46533507376113825 0.7302779518841633 -0.04275525255920614 0.6818108985418688 0 0 0 0 0 0
-13.796588897705078 18.99810028076172 -4.724969387054443 -0.012176192354266185 0.9106037097836076 -0.4131012273863189 0.12940212733101794 -0.4082228234276179 -0.9036643269903881 0 0 0 0 0 0
-13.7377290725708 18.871498107910156 -5.417801380157471 -0.273921777906013 0.9544048813783886 -0.11865151490778776 0.2257600472866369 -0.05611431099018689 -0.9725654657406011 0 0 0 0 0 0
-13.915980339050293 18.88165283203125 -5.910280227661133 0.3922888461766734 0.908126100677717 0.1463435903388299 0.25640749968575827 0.04483199544768276 -0.965528501023702 0 0 0 0 0 0
-13.472408294677734 17.78571891784668 -6.076718330383301 0.9101356991156437 -0.3679557569855727 -0.19042470978434603 -0.38000930445012115 -0.5582717965044358 -0.7375130709072519 0 0 0 0 0 0
-13.50455379486084 17.60527992248535 -6.594350814819336 0.4746876473925307 -0.7234398247275733 0.5013047550254061 -0.4744329254054533 -0.6900489094379032 -0.5465765288363418 0 0 0 0 0 0
-13.361905097961426 17.298852920532227 -7.030503749847412 -0.14970859888690624 -0.7277023825176888 0.669355345012945 -0.4112701931213002 -0.569806726089527 -0.7114612590669314 0 0 0 0 0 0
-13.351578712463379 16.861248016357422 -7.365461349487305 -0.5150173014011107 -0.27242117451879583 0.8127385083354409 -0.5805313661544832 -0.5867484546955826 -0.5645436952293025 0 0 0 0 0 0
-13.513039588928223 16.360280990600586 -7.52147912979126 -0.7457507181328918 0.31793545774800874 0.585468112804481 -0.6549273153406965 -0.5110029560257395 -0.5567281118765101 0 0 0 0 0 0
-13.293785095214844 15.72419548034668 -8.04127025604248 0.6319403312710283 0.13420053636432921 0.7633096578405053 -0.7745167887129606 0.0739736517744797 0.6282130552964584 0 0 0 0 0 0
-13.52285385131836 15.499991416931152 -7.634349346160889 0.3814612229304824 0.8146055503059346 0.43692691930246913 -0.7929574486034978 0.04543833725249145 0.6075803174988145 0 0 0 0 0 0
-13.666177749633789 15.485698699951172 -7.140429973602295 -0.1111821808064164 0.9445407141391007 -0.30900058576761175 -0.7856722192544026 0.10686128158026766 0.6093437702897149 0 0 0 0 0 0
-13.79757308959961 15.743392944335938 -6.766666889190674 -0.6875156124269832 0.23837387202998597 -0.6859301566505017 -0.6435009270721447 0.23771304229996842 0.7275981489653365 0 0 0 0 0 0
-13.997312545776367 16.125978469848633 -6.6436333656311035 -0.7770001648069734 -0.6255473836631856 -0.07043589058199932 -0.388029853955506 0.38783600495324033 0.836071806546052 0 0 0 0 0 0
-14.453474998474121 16.285499572753906 -6.444596767425537 0.0842367502896715 -0.8405984643844615 0.5350685858608414 0.15844646559231831 0.541444672035229 0.8256708694546308 0 0 0 0 0 0
-14.67081069946289 16.370676040649414 -5.998519420623779 0.7391891616960428 -0.5514086645187779 0.38671419410815455 0.07214224459239672 0.6357097168130348 0.7685497072373797 0 0 0 0 0 0
-14.705771446228027 16.533411026000977 -5.5718488693237305 0.9654697463535139 -0.21681858502958062 -0.14442254000623317 0.24833363074474343 0.598418756087046 0.7617252786959129 0 0 0 0 0 0
-14.505752563476562 16.558671951293945 -5.152260780334473 0.4977789504698994 0.5629392550763422 -0.6597844432564156 0.07962068403136237 0.7278572868066565 0.6810905348900619 0 0 0 0 0 0
-15.408042907714844 16.025959014892578 -4.249064922332764 -0.5786269802764359 -0.4519510754739159 0.6789190254177181 0.8114217583264263 -0.40307435153509197 0.4232325569341469 0 0 0 0 0 0
-14.985515594482422 15.150456428527832 -4.500046253204346 -0.4302684465683201 -0.8988888349296339 -0.08287295292512535 0.8536198229161266 -0.4350155025534853 0.2865217451831179 0 0 0 0 0 0
-14.684239387512207 14.835121154785156 -4.117337703704834 -0.3724310769037507 -0.738744297210304 -0.5617401145508185 0.6781549155461082 -0.629840978202523 0.3786901803553137 0 0 0 0 0 0
-14.658029556274414 14.354187965393066 -3.8422818183898926 0.05357707511416844 -0.38104763497004523 -0.9230017318000794 0.6598434721188547 -0.6802627948022691 0.3191380928531408 0 0 0 0 0 0
-14.584494590759277 13.85969066619873 -3.732099771499634 0.4582173408747917 0.07933742879444332 -0.8852922912315013 0.6241917691608505 -0.7378069183900485 0.25695444438193277 0 0 0 0 0 0
-14.277870178222656 13.367395401000977 -3.6302480697631836 0.5452574681233094 0.3958547141347078 -0.7389136206303731 0.6273475561525942 -0.7773507850132328 0.0464844149008956 0 0 0 0 0 0
-14.18797492980957 12.960844993591309 -3.896040439605713 0.8155684439867423 0.5743840692792263 -0.07022146488988208 0.5505543428923652 -0.8075810535111989 -0.2114302663577241 0 0 0 0 0 0
-14.008023262023926 12.598726272583008 -4.257083415985107 0.7620779521636801 0.5325295063048416 0.3683062852311013 0.6317310980269999 -0.7362420246999849 -0.24261801427607957 0 0 0 0 0 0
-13.612144470214844 12.408870697021484 -4.545751094818115 0.46087559451992843 0.2011203177174103 0.8643750946071679 0.7007209133175006 -0.6801544205957128 -0.21536054834532223 0 0 0 0 0 0
-13.052552223205566 12.282673835754395 -4.639158248901367 -0.028780255808463478 -0.08171532659460433 0.9962400826483225 0.7391996030217062 -0.6726368419174495 -0.03381753669136514 0 0 0 0 0 0
-12.586241722106934 12.207908630371094 -4.5424675941467285 -0.44003644780161366 -0.550107548805369 0.7097532031301347 0.7598420781695822 -0.6493112525036079 -0.03217007328444323 0 0 0 0 0 0
-12.20145034790039 11.921058654785156 -4.233489513397217 -0.7312637229350775 -0.6726105144257909 0.11335106264611247 0.6820675574776012 -0.7225531333480207 0.11269789938369248 0 0 0 0 0 0
-11.913596153259277 11.63593864440918 -3.8635740280151367 -0.6940543930807856 -0.6749404733142079 -0.2504872390515238 0.6041770977237355 -0.7352764900677391 0.3071457597620221 0 0 0 0 0 0
-11.721819877624512 11.369680404663086 -3.529850482940674 -0.5046258692062758 -0.5312738420495619 -0.6805151261226363 0.375025905000765 -0.8448769180406608 0.38149516896085595 0 0 0 0 0 0
-11.90092658996582 10.910690307617188 -3.3925321102142334 0.27722872479171845 -0.19928005068018884 -0.9399104720936239 0.2784652709227108 -0.9196021514878384 0.2771082385438586 0 0 0 0 0 0
-11.940376281738281 10.388955116271973 -3.3889033794403076 0.670333973052533 0.2258153284216319 -0.7068661839566501 0.25496516386728413 -0.9646687624831994 -0.06638481681274484 0 0 0 0 0 0
-11.919132232666016 10.029950141906738 -3.7565436363220215 0.9672224886843743 0.14799888578731205 0.20634191815750724 0.16797413348254028 -0.9823067155396823 -0.08281429276659616 0 0 0 0 0 0
-11.718790054321289 9.673428535461426 -4.073603630065918 0.75231505967425 0.07738280321099414 0.6542430379870604 0.31423080885326343 -0.9149827373043689 -0.2531118116612273 0 0 0 0 0 0
-11.364346504211426 9.371912956237793 -4.285700798034668 0.3344027847675663 0.0014090607722741782 0.9424291973869637 0.40629610103289554 -0.9025113849168112 -0.14281694010518078 0 0 0 0 0 0
-10.94778823852539 9.156865119934082 -4.386690139770508 -0.09208320371646152 -0.2638230755538639 0.9601656463332839 0.5346685717523028 -0.8265656095218719 -0.17583745771618012 0 0 0 0 0 0
-10.517916679382324 8.832158088684082 -4.312854290008545 -0.610869723706986 -0.3139213821918586 0.7268366711035592 0.4711203716174469 -0.8819406618919841 0.015042085911472028 0 0 0 0 0 0
-10.154070854187012 8.50297737121582 -4.011916160583496 -0.8414118563083587 -0.40564256927673625 0.357043686478686 0.5079638600830081 -0.8191351864542645 0.2664399804123013 0 0 0 0 0 0
-9.982772827148438 8.278858184814453 -3.639726161956787 -0.729112864300492 -0.6476428249102388 -0.2212537060792834 0.5607616713884378 -0.7506575863292824 0.3493701990553028 0 0 0 0 0 0
-8.771397590637207 8.274906158447266 -3.405329465866089 0.3868528660329175 0.44105899670051524 0.8098220924818319 0.4428163233436526 -0.8591693486224371 0.25640150968375136 0 0 0 0 0 0
-8.28085708618164 8.07455825805664 -3.3936452865600586 -0.398063592942932 0.08844983430115735 0.9130837873850688 0.43960127214114647 -0.8552223449680826 0.274491278912791 0 0 0 0 0 0
-7.739531517028809 7.961669445037842 -3.1256396770477295 -0.5890722530655976 -0.16042783297051388 0.7919954488989224 0.6514925901944235 -0.6741226241848329 0.34801737382480724 0 0 0 0 0 0
-7.381280899047852 7.866048336029053 -2.730173349380493 -0.8334286436311448 -0.499683343376899 0.2360365487098012 0.5502889837936191 -0.7111467058041829 0.43755273640927556 0 0 0 0 0 0
-7.208357810974121 7.54585599899292 -2.271651268005371 -0.8002984154903894 -0.4912270779518803 -0.34382903316972724 0.38876835842916124 -0.8616701823539971 0.3261650814025388 0 0 0 0 0 0
-7.244212627410889 7.174339294433594 -1.9117724895477295 -0.34343391666950707 -0.3582113695000144 -0.8681807183080987 0.3144813562678558 -0.914903510785019 0.2530870255725821 0 0 0 0 0 0
-7.220851421356201 6.567808151245117 -1.85735285282135 -0.09150476290041115 -0.0012111310167376792 -0.9958039021454975 0.412723690630832 -0.9101118391151394 -0.036818412438945645 0 0 0 0 0 0
-7.409372329711914 6.129515647888184 -2.085476875305176 0.48195104691583607 0.21205512282545502 -0.8501504650708668 0.09349493878424407 -0.9771785072449238 -0.19073767692910892 0 0 0 0 0 0
-7.482837200164795 5.734449863433838 -2.3927762508392334 0.9773036836479534 0.18077650509926269 -0.11044168204186851 0.16176605393837945 -0.9734539946013071 -0.16192301932697473 0 0 0 0 0 0
-7.348461627960205 5.268616676330566 -2.673924446105957 0.8725684463741152 0.35086391050397725 0.33988060064987485 0.34427571667085893 -0.9353087034813592 0.08168145507265023 0 0 0 0 0 0
-7.150943756103516 4.852173805236816 -2.8852853775024414 0.7114451762291808 0.3726191279310687 0.5958193910239239 0.542120224363244 -0.8305046526162011 -0.1279362509970852 0 0 0 0 0 0
-6.663034915924072 4.659226417541504 -3.1138341426849365 0.22382339375717594 0.06196196392808039 0.9726581123052414 0.4384804686075546 -0.8976769030642003 -0.043715630554367904 0 0 0 0 0 0
-6.214576721191406 4.327970027923584 -3.0849668979644775 -0.33884820052504244 0.035991348677575224 0.9401523918074718 0.5826684293738109 -0.7765473605386998 0.23973255567701937 0 0 0 0 0 0
-5.828392028808594 4.2060041427612305 -2.7149674892425537 -0.813809444399115 -0.26544095610224866 0.5169673945524299 0.43558245435201676 -0.8674883255331933 0.24027469805264565 0 0 0 0 0 0
-5.672766208648682 3.83445143699646 -2.268076181411743 -0.9032978824455073 -0.3434167271041043 -0.2571339866967564 0.29154975517830756 -0.9310766099427349 0.21930592028719495 0 0 0 0 0 0
-5.676896572113037 3.423177719116211 -1.863984227180481 -0.571378543303458 -0.2740755474188436 -0.7735691013474357 0.15543078816221323 -0.9616674831379348 0.22591352763042535 0 0 0 0 0 0
-4.343845367431641 3.940725088119507 -1.5088720321655273 0.387066441374381 0.8631047469335177 0.32439137747881236 0.7603530433926212 -0.49779254914233073 0.41721196941358135 0 0 0 0 0 0
-3.8282501697540283 3.8987438678741455 -1.4390087127685547 -0.22541379444347473 0.685902791963751 0.6919002682836064 0.7711894489821571 -0.30836416570607894 0.5569365988036618 0 0 0 0 0 0
-3.364691972732544 3.9678146839141846 -1.2105064392089844 -0.6111708355566274 0.2305299985752468 0.7571830224733715 0.7488611754101451 -0.14132839263475802 0.6474822201409179 0 0 0 0 0 0
-2.9986166954040527 4.146857261657715 -0.9046303629875183 -0.7105724948951871 -0.26432210806346607 0.6520893747695283 0.7010979916435743 -0.18751591090543368 0.6879675786478984 0 0 0 0 0 0
-2.757195472717285 4.156430244445801 -0.3342651128768921 -0.6794700644552388 -0.7278623777765861 0.09239475378292643 0.667755751971837 -0.561295300917327 0.48892723474629013 0 0 0 0 0 0
-2.6863009929656982 3.9899561405181885 0.23921507596969604 -0.30274846283138673 -0.7927238663176818 -0.5290862311793595 0.7397639108525994 -0.5454693765530201 0.3939701961353513 0 0 0 0 0 0
-2.475998640060425 3.575420618057251 0.4731858968734741 -0.058306170953863416 -0.5461389779511856 -0.8356629746441642 0.5957172169658839 -0.6907466933434034 0.4098658354212711 0 0 0 0 0 0
-2.49173641204834 3.0400757789611816 0.6535608768463135 0.2778921368928651 -0.19673776965691356 -0.940250078566091 0.44132479814632547 -0.8432440606774523 0.306874366269499 0 0 0 0 0 0
-2.5371170043945312 2.556842565536499 0.6620967388153076 0.799575753349818 0.09811473124963738 -0.592496509835191 0.34592126957298036 -0.8817123867493504 0.3208141865781209 0 0 0 0 0 0
-2.465118646621704 2.0489091873168945 0.5210481882095337 0.9257723158604707 0.3314518495677847 -0.1818936244194274 0.3478692987982214 -0.9351887506071275 0.06639993743606654 0 0 0 0 0 0
-2.2817983627319336 1.7674109935760498 0.14706307649612427 0.8091352761194937 0.1710439357694158 0.5621779762455468 0.25598560158574407 -0.9637501248443445 -0.07521348711032529 0 0 0 0 0 0
-2.025662899017334 1.4183695316314697 -0.0917317345738411 0.4551082951578674 -0.002661892945048861 0.8904321164493387 0.5038278544055105 -0.8237542955324263 -0.25997375582357507 0 0 0 0 0 0
-1.5942038297653198 1.084434151649475 -0.19897738099098206 -0.22253039759332247 -0.08930999710884698 0.9708264245288009 0.441076119958906 -0.8972777958271256 0.018558381330593517 0 0 0 0 0 0
-1.211586356163025 0.8579659461975098 0.038827236741781235 -0.675398184038089 -0.4555520425418678 0.5799220891930087 0.5684424421327843 -0.8225700169469069 0.01586685860785399 0 0 0 0 0 0
-0.8626216650009155 0.35747864842414856 0.28313928842544556 -0.8053440097343868 -0.21507885253776315 0.5524148017350541 0.29886898857623456 -0.9520761773721047 0.06502522701182326 0 0 0 0 0 0
-0.767849326133728 0.03793372958898544 0.686036229133606 -0.8480175509946292 -0.36725876519500283 -0.3820827562093236 0.3857794203349164 -0.922099830439879 0.03010218511674189 0 0 0 0 0 0
0.7235527634620667 0.09610684961080551 0.6699663400650024 0.23536173400853772 0.803346688416189 0.5470273780856284 0.2617842170259246 -0.5944375064004102 0.7603374742182487 0 0 0 0 0 0
1.151227593421936 0.022586604580283165 0.9180901050567627 -0.41351043324861725 0.4697055086387055 0.7799909337607684 0.4807640043585594 -0.6148661967126945 0.6251444091193563 0 0 0 0 0 0
1.5230467319488525 -0.10779104381799698 1.2431944608688354 -0.7912444751581414 0.08968813272428056 0.6048869476027311 0.5229002320030284 -0.4136020020051821 0.7453245811782169 0 0 0 0 0 0
1.796356439590454 0.0123226847499609 1.6843020915985107 -0.8683479035007722 -0.3768871941966078 0.3223785993772264 0.45992872347194946 -0.3687234484072757 0.8077800368417816 0 0 0 0 0 0
1.8737908601760864 -0.01615760661661625 2.241753339767456 -0.5667928347694423 -0.783871137674989 -0.25355851784970296 0.45102596012104557 -0.5527838230024666 0.7007179377778672 0 0 0 0 0 0
1.9764423370361328 -0.31802985072135925 2.6666688919067383 -0.3473472185415392 -0.7224439330279743 -0.5978500425713192 0.25818164488266787 -0.6865825225466679 0.6796665932493183 0 0 0 0 0 0
1.8702341318130493 -0.7065252065658569 3.1005160808563232 0.12331511384214017 -0.5385831369413264 -0.8334996024597374 0.47888405051029037 -0.7033464110019104 0.5253321732938022 0 0 0 0 0 0
1.7738356590270996 -1.2049554586410522 3.2961771488189697 0.7252899587403349 0.038065301035715565 -0.687390361154056 0.40619029459429623 -0.8298200146939921 0.3826332288114321 0 0 0 0 0 0
1.9335952997207642 -1.6384389400482178 3.3566410541534424 0.789719020998669 0.43977240176133703 -0.4277196541216791 0.5720202746756029 -0.7797986665696587 0.25437540167286277 0 0 0 0 0 0
2.240478277206421 -2.0992538928985596 3.0869860649108887 0.8126247751010424 0.5713859684875652 0.11471290209696267 0.5791478215988369 -0.8137150492703147 -0.049554205960049585 0 0 0 0 0 0
2.530998468399048 -2.476193428039551 2.79795241355896 0.5142690285314508 0.5596516329516801 0.6498595356135322 0.6520268876096457 -0.7473737606898608 0.1276456018293341 0 0 0 0 0 0
2.943669557571411 -2.659623861312866 2.750340461730957 0.1512594940848043 0.23565420599898004 0.959993573230675 0.6705053651352745 -0.73805040053001 0.07552590020849871 0 0 0 0 0 0
3.4101150035858154 -2.820176124572754 2.779731512069702 -0.35776032872057917 -0.09671213392606956 0.928791855231951 0.7228522021817032 -0.6583572221694695 0.20988201880666738 0 0 0 0 0 0
3.8917934894561768 -2.9703588485717773 2.9731619358062744 -0.6438012733146063 -0.22875927170679644 0.73019799786542 0.6569288417567867 -0.6545751849146066 0.37413343096025947 0 0 0 0 0 0
4.2721638679504395 -3.1780893802642822 3.261169195175171 -0.8667773382689663 -0.4555831014081216 0.20283264918331914 0.49835432022087583 -0.8063418571354121 0.31852124096926937 0 0 0 0 0 0
4.4541778564453125 -3.5958621501922607 3.6433603763580322 -0.7624761400922739 -0.5046648407057177 -0.40489941262671586 0.4295583761770004 -0.8628189137484228 0.2665016388958431 0 0 0 0 0 0
4.525437355041504 -3.995680332183838 3.86834454536438 -0.44149288746930343 -0.36977459731698475 -0.8175272334871047 0.3111414431404971 -0.9176906745766845 0.24705227818305733 0 0 0 0 0 0
5.8858418464660645 -3.394904136657715 4.813516616821289 -0.11848581438071072 0.26822294029424215 0.9560426591373686 0.4774968435963907 -0.8287984261488023 0.291701788079457 0 0 0 0 0 0
6.291197776794434 -3.5788967609405518 5.018815040588379 -0.6732722067269402 -0.13710673759318007 0.7265715918996498 0.582816189471975 -0.7031106472381595 0.40738275249414196 0 0 0 0 0 0
6.58516788482666 -3.700272560119629 5.4892048835754395 -0.9196377603893037 -0.31341994355114133 0.23671571272424047 0.39096855412802617 -0.788107955445357 0.47542553596412984 0 0 0 0 0 0
6.6664276123046875 -3.8774735927581787 5.992805004119873 -0.8479949866465251 -0.4560458427518891 -0.27004942497824164 0.22220402282884652 -0.7684922384410855 0.6000375419042439 0 0 0 0 0 0
6.59000825881958 -4.072685241699219 6.456714153289795 -0.35902309932327403 -0.6567880387869169 -0.6631228289380073 0.203936721288533 -0.7485282979473008 0.6309637080547502 0 0 0 0 0 0
6.401692867279053 -4.43214750289917 6.832355499267578 0.2705243629920003 -0.5212799634569707 -0.8093724536491662 0.31784212513428495 -0.7452181116635812 0.5861965110256865 0 0 0 0 0 0
6.47648286819458 -4.942808151245117 7.042415142059326 0.6182517762561854 -0.11248386651537715 -0.7778895300296965 0.4142004584669148 -0.794498125425281 0.44408412367648564 0 0 0 0 0 0
6.730132102966309 -5.4297051429748535 7.0746588706970215 0.602808614673497 0.2537955194177354 -0.7564453770094051 0.497560090698513 -0.86071440604831 0.10772496166159856 0 0 0 0 0 0
6.8929948806762695 -5.840954780578613 6.840818881988525 0.8976880940969713 0.4159922047667176 0.1452810080150616 0.42170810652192325 -0.9066811599894656 -0.00956802037263432 0 0 0 0 0 0
7.226748943328857 -6.196503639221191 6.551708698272705 0.6995468732375408 0.34159622733111455 0.6276513280609939 0.5385074263859798 -0.8293769436047295 -0.1488073826932856 0 0 0 0 0 0
7.584280967712402 -6.4579901695251465 6.3350043296813965 0.34592854352546026 0.09273804689650987 0.9336664808335868 0.611299442890948 -0.7771899894377153 -0.1492940435483648 0 0 0 0 0 0
8.010091781616211 -6.677419662475586 6.2497663497924805 -0.06257255238304417 -0.0943738093829007 0.993568447461387 0.692764947114786 -0.7207358659496448 -0.02483021511915883 0 0 0 0 0 0
8.521376609802246 -6.80487585067749 6.287246227264404 -0.5333147804389166 -0.4174941827771744 0.735713226952329 0.6337001250806418 -0.7733060835438025 0.02053905126642278 0 0 0 0 0 0
8.88182544708252 -7.175380706787109 6.454222679138184 -0.8598076502960789 -0.41325980260210743 0.2999118871362102 0.4529722529420018 -0.8884117695242731 0.0744356489553038 0 0 0 0 0 0
9.089330673217773 -7.549135684967041 6.68260383605957 -0.9282267060454921 -0.35094544533316113 -0.12341991972062216 0.3146226860152052 -0.9175975847003858 0.24295521808884057 0 0 0 0 0 0
9.078816413879395 -7.975343227386475 7.021435737609863 -0.5824189679325603 -0.21816600703383032 -0.7830656033611014 0.3974418776787683 -0.9167466257635684 -0.040194253548074724 0 0 0 0 0 0
9.87607192993164 -7.953036785125732 7.829991340637207 0.0822992051860473 0.5977677444730128 0.7974337367414247 0.6396613290851175 -0.6452685914323235 0.4176862805791042 0 0 0 0 0 0
10.343323707580566 -8.144763946533203 8.027824401855469 -0.33268340479732056 0.45966057506874375 0.8234281437380763 0.5535378741322028 -0.6117377212123852 0.5651307657056727 0 0 0 0 0 0
10.761650085449219 -8.16691780090332 8.445501327514648 -0.8992275528723317 -0.11291991886568771 0.4226569531885222 0.41075290234056683 -0.5504386549456152 0.7268420326043774 0 0 0 0 0 0
10.904125213623047 -8.257238388061523 8.986546516418457 -0.822320687323683 -0.5607013726677621 -0.09696730319026492 0.3051337538410229 -0.5783486275454457 0.7565753480541019 0 0 0 0 0 0
10.829304695129395 -8.377711296081543 9.488154411315918 -0.40417052551026744 -0.7781548025705759 -0.48075075615655777 0.17332998840285246 -0.5812265218411419 0.7950675728695742 0 0 0 0 0 0
10.610254287719727 -8.71914005279541 9.910184860229492 0.09957331938712928 -0.6343272238184697 -0.7666251542892274 0.20318807713332607 -0.7412572762395465 0.6397282671047061 0 0 0 0 0 0
10.500597953796387 -9.163253784179688 10.171138763427734 0.5436191837221827 -0.3580521437126715 -0.7591290044992274 0.23675744274538352 -0.802301038731528 0.5479589004250025 0 0 0 0 0 0
10.40658950805664 -9.672411918640137 10.212494850158691 0.8923103216626644 -0.06363716589268384 -0.44691453430316996 0.24883703806793464 -0.7566835595095526 0.6045743289733123 0 0 0 0 0 0
10.490222930908203 -10.123170852661133 10.224663734436035 0.9201128147618809 0.38947849520937106 -0.04121783449445459 0.37033404294254274 -0.8309470831748932 0.41518627337734554 0 0 0 0 0 0
10.68552303314209 -10.571324348449707 10.131242752075195 0.5929951449180352 0.44753941202627484 0.6693767495116743 0.3287040131048263 -0.8934358029651975 0.3061472484748397 0 0 0 0 0 0
11.012943267822266 -10.914762496948242 10.2796630859375 0.29297650550869425 0.5573074260095603 0.7768997362173016 0.5387022858544079 -0.7675229511395838 0.34743109631870894 0 0 0 0 0 0
11.515036582946777 -11.043620109558105 10.308122634887695 -0.1984888906554297 0.33788006317322583 0.9200213167076259 0.6086057680664008 -0.693300379340025 0.3859191665145489 0 0 0 0 0 0
11.956924438476562 -11.028748512268066 10.446850776672363 -0.536814727986159 -0.3036831200696995 0.7871508815988701 0.7250395362439539 -0.6431479601492562 0.24632980379767952 0 0 0 0 0 0
12.395028114318848 -11.263858795166016 10.810697555541992 -0.7800595380439994 -0.39513788214672046 0.485152729765779 0.5480005364124981 -0.8056705050640267 0.22492320769874005 0 0 0 0 0 0
12.6718111038208 -11.541942596435547 11.221134185791016 -0.8145150010459509 -0.48893597468481786 -0.3122609897667681 0.4217935092446772 -0.8686455444635279 0.25989450483363785 0 0 0 0 0 0
12.714334487915039 -11.894288063049316 11.55069637298584 -0.5169150206232177 -0.4211336799293578 -0.7452820171473719 0.4597522114126923 -0.87097693212471 0.17328325887911863 0 0 0 0 0 0
12.794336318969727 -12.395014762878418 11.79092788696289 -0.13499783885941294 -0.21782327943967195 -0.9666067465300636 0.25933892915517803 -0.9492971093907635 0.1777028922864975 0 0 0 0 0 0
13.872286796569824 -12.091254234313965 12.81383228302002 0.48576115337961073 0.08040585816448492 0.8703855466631687 -0.19620218798688624 -0.9603206841428045 0.1982142402468975 0 0 0 0 0 0
13.977460861206055 -12.5982027053833 13.077977180480957 -0.2781897993017663 0.5166569314726407 0.8097382606285305 -0.33416322965848166 -0.8424123583503943 0.42270125909765166 0 0 0 0 0 0
14.17663288116455 -12.928983688354492 13.37950325012207 -0.8051081900559327 0.3627701608485734 0.46925325007160096 -0.1559140577930002 -0.8927685859648102 0.42267606804373786 0 0 0 0 0 0
14.282456398010254 -13.14254379272461 13.817811965942383 -0.9928056511580092 0.015256400164644478 -0.11876102594175196 -0.0662147081549215 -0.8963436507116028 0.4383875822294182 0 0 0 0 0 0
14.125471115112305 -13.457473754882812 14.256940841674805 -0.7726589971833171 -0.10765269996673121 -0.6256268618446172 -0.2074113308520661 -0.8886214574481232 0.40906288660418505 0 0 0 0 0 0
13.742629051208496 -13.718339920043945 14.515872955322266 -0.26972776963782547 -0.3661148032258856 -0.8906216262504942 -0.31301114460079105 -0.8413381533140822 0.4406519432996439 0 0 0 0 0 0
13.336797714233398 -13.96405029296875 14.641563415527344 0.4041592282915393 -0.4580161306770366 -0.7917553550348891 -0.3134949820354652 -0.8825349328044452 0.35050390670923615 0 0 0 0 0 0
13.02449893951416 -14.308378219604492 14.564637184143066 0.7279873006358217 -0.394806666127781 -0.5605017274674864 -0.406177318028136 -0.9069887282558107 0.11131681425722534 0 0 0 0 0 0
12.754565238952637 -14.70081901550293 14.309089660644531 0.911034413110581 -0.3822198896230174 0.1546746718271221 -0.3960799600149563 -0.9154972563318617 0.07060764068699725 0 0 0 0 0 0
12.665061950683594 -15.257306098937988 14.102561950683594 0.8633232896951116 -0.12025290960559075 0.49011441031803976 -0.13533945383645854 -0.9907881427592297 -0.0046998300996515955 0 0 0 0 0 0
12.90029525756836 -15.70538330078125 13.95621109008789 0.3707376334259462 0.0031446729848415007 0.9287323178362791 -0.11425222688060446 -0.9922442205378188 0.04896769815010033 0 0 0 0 0 0
13.107561111450195 -16.216045379638672 13.978464126586914 -0.175622369149805 0.27353897466172233 0.9456919227714823 -0.18114861119989853 -0.9531985716313167 0.24206954310769 0 0 0 0 0 0
13.348791122436523 -16.6962890625 14.270109176635742 -0.7091504526756492 0.3521326094516733 0.61082588421798 -0.1740202766366185 -0.9269633193658454 0.3323491355029656 0 0 0 0 0 0
13.364309310913086 -17.03954315185547 14.675878524780273 -0.9662951778153668 0.2432677566734596 -0.08422842687496306 -0.25664068542018137 -0.8845799685916543 0.38942757703255615 0 0 0 0 0 0
13.194777488708496 -17.411354064941406 14.998398780822754 -0.8335303693544592 0.2801004596902832 -0.4762046365220634 -0.4694899097870935 -0.8134628784934895 0.3433036118673868 0 0 0 0 0 0
12.89943790435791 -17.583660125732422 15.3792085647583 -0.31178520195120757 -0.13640736699089606 -0.9403100648588504 -0.2471591430359051 -0.9439289559477582 0.21888463659455967 0 0 0 0 0 0
12.559173583984375 -18.015769958496094 15.469975471496582 0.26508071279784 -0.006942805810898438 -0.9642012306308582 -0.23853928315201367 -0.9693632271448394 -0.058599865636928206 0 0 0 0 0 0
12.240007400512695 -18.358074188232422 15.285015106201172 0.720391747667588 -0.025200943802796614 -0.693109401410691 -0.2636468821189321 -0.9342718175095944 -0.24005518648070334 0 0 0 0 0 0
11.948033332824707 -18.536035537719727 14.905277252197266 0.9224222076054232 -0.33886425247086727 -0.18522496946604664 -0.3837595307508932 -0.857967698003502 -0.3414967814495854 0 0 0 0 0 0
11.90279483795166 -18.820011138916016 14.46420955657959 0.7771248944467433 -0.42449709449563994 0.4646279320014003 -0.3202743123915859 -0.9022745721724783 -0.28866063332756087 0 0 0 0 0 0
11.947663307189941 -19.245115280151367 14.265555381774902 0.38937230440214626 -0.3055162670370705 0.868935566736853 -0.23980340456396035 -0.944478656930999 -0.22462055507310547 0 0 0 0 0 0
12.273842811584473 -19.72411346435547 14.189595222473145 -0.34372149698181564 -0.05297633082886593 0.9375761520455232 -0.11794035751808572 -0.9880667066185392 -0.09906692354413561 0 0 0 0 0 0
12.47960090637207 -20.190303802490234 14.303943634033203 -0.7390790164135542 0.007328921100196022 0.6735788702243267 0.04994956672783438 -0.9965917348259086 0.06565024646098308 0 0 0 0 0 0
12.638656616210938 -20.6071720123291 14.581814765930176 -0.9714694828555267 -0.1433991800891085 0.18890134734878722 0.19344270877432193 -0.9399163649841136 0.2813132511224878 0 0 0 0 0 0
12.694604873657227 -20.88665008544922 15.04668140411377 -0.8814949024841618 -0.3014816038972419 -0.363422040341508 0.16655708410719874 -0.9186970191501496 0.35812640888146946 0 0 0 0 0 0
13.674701690673828 -20.795448303222656 15.154544830322266 -0.6248437242717284 0.5031298382296422 0.5970181623043391 0.6360049413874986 -0.11550868098401494 0.7629911265198422 0 0 0 0 0 0
14.57088565826416 -21.286788940429688 14.602503776550293 0.8959321887836884 -0.1294177519247975 -0.4249194730628391 -0.07298912970527877 0.9007184209171661 -0.4282276417576905 0 0 0 0 0 0
14.720915794372559 -20.82782745361328 14.60567569732666 0.2878320430880977 -0.40175274519729937 -0.8693373606938595 -0.17329677252522668 0.8709171830551008 -0.4598602927973975 0 0 0 0 0 0
14.900524139404297 -20.441268920898438 14.329428672790527 -0.47475704123761164 -0.5144345686585485 -0.714116815629209 0.12238641673515467 0.7649172952061987 -0.6323947315507636 0 0 0 0 0 0
15.010496139526367 -20.27889633178711 13.906328201293945 -0.8684625900529984 -0.2951452434622829 -0.398324007486402 0.22825350396978758 0.47519145646784516 -0.8497608002405632 0 0 0 0 0 0
15.144376754760742 -20.288955688476562 13.407835960388184 -0.9717991191639026 0.22638381643531513 0.0660063606665652 0.0881051386822281 0.608217664238819 -0.7888654875488347 0 0 0 0 0 0
15.027303695678711 -20.234113693237305 12.922744750976562 -0.5927766755743596 0.690777256659236 0.41405626982011834 -0.11945827426294052 0.43301920541749805 -0.8934338746934318 0 0 0 0 0 0
14.646539688110352 -20.110652923583984 12.456501007080078 -0.24772714198742893 0.7138367841430953 0.6550330592626484 -0.19042564168638296 0.6270429407678779 -0.7553510610447973 0 0 0 0 0 0
14.24509048461914 -19.914958953857422 12.216967582702637 0.35023891294694576 0.7785921444836666 0.5206985465757198 -0.25350412746119244 0.6139567410753403 -0.747524432676476 0 0 0 0 0 0
13.933236122131348 -19.528139114379883 11.974536895751953 0.8190966112865505 0.46768872514645327 0.3321866911087423 -0.23233985750401695 0.7999154747413275 -0.5533113263655188 0 0 0 0 0 0
13.749149322509766 -19.108976364135742 12.011281967163086 0.9426838470535867 0.21631567944594848 -0.25407615261981525 -0.3065872749942096 0.8620476697954371 -0.4035815379968241 0 0 0 0 0 0
13.810806274414062 -18.678831100463867 12.068008422851562 0.44338971141271655 0.04035995802953431 -0.8954198108156878 -0.3552312847640307 0.9250945687789358 -0.1342042217689548 0 0 0 0 0 0
13.954218864440918 -18.172897338867188 12.09244441986084 0.08795769837313958 -0.12846992895853446 -0.9878051025633999 -0.13329158464937013 0.9812126778814355 -0.13948130421817231 0 0 0 0 0 0
14.28616714477539 -17.797780990600586 11.936090469360352 -0.6270411860130968 -0.1753624913348263 -0.7589910063209788 -0.15826663085812231 0.9826896276537356 -0.09629521929245254 0 0 0 0 0 0
14.361590385437012 -17.370037078857422 11.741084098815918 -0.914023314767438 -0.20238144239658595 -0.35157237069346364 -0.15571458876654876 0.9753092227321554 -0.15660423652910496 0 0 0 0 0 0
14.340003967285156 -17.06509780883789 11.413396835327148 -0.9558813705707943 -0.09176770149272648 0.27905106048614425 -0.18011454009859226 0.9335257479865752 -0.3099813386176306 0 0 0 0 0 0
14.141557693481445 -16.700233459472656 11.128774642944336 -0.7112425375848067 -0.11851459392740368 0.6928840767084687 -0.38296100038543374 0.8918939838528346 -0.2405535153576171 0 0 0 0 0 0
13.77684497833252 -16.459699630737305 10.875615119934082 -0.27665003298683616 0.10744704471607253 0.9549449679589734 -0.5668798043711962 0.7841634503843276 -0.25245785881493304 0 0 0 0 0 0
13.312948226928711 -16.255626678466797 10.82835865020752 0.3516969794514262 0.41029645312071744 0.8414071875146432 -0.5501631397130188 0.8178122968536999 -0.16882999382807917 0 0 0 0 0 0
12.883896827697754 -16.43280029296875 9.77652645111084 -0.43301992292171415 -0.3866820679743055 -0.8142301423184892 -0.20512825768852255 0.9218827671492941 -0.3287165367468328 0 0 0 0 0 0
12.986815452575684 -16.125871658325195 9.351583480834961 -0.8276748618015668 -0.39961239132808557 -0.39403586110759786 -0.2345183182139179 0.8841573586257924 -0.40406301935462663 0 0 0 0 0 0
12.964314460754395 -15.939693450927734 8.895872116088867 -0.9549493812989793 -0.1114529212721506 0.2750453153511265 -0.2374114916999405 0.8429990948480349 -0.4826886260253113 0 0 0 0 0 0
12.685827255249023 -15.656844139099121 8.49854850769043 -0.6687793421532702 0.02075920832829548 0.7431710750416904 -0.5648079024276965 0.6358326159301658 -0.526031289824691 0 0 0 0 0 0
12.2666654586792 -15.482526779174805 8.188244819641113 -0.23728814554820934 0.29220540480264995 0.9264503966140937 -0.6088387597002751 0.6984082635371076 -0.3762196992579107 0 0 0 0 0 0
11.751233100891113 -15.334095001220703 8.172616958618164 0.38703508061852243 0.6523380596132553 0.6516585780534366 -0.6210284195553293 0.7068210038556862 -0.3387148810032566 0 0 0 0 0 0
11.34744930267334 -14.97050952911377 8.352261543273926 0.7158775448209219 0.629791804378943 0.3014657923517761 -0.5521897356022724 0.774903466863924 -0.30758919509268207 0 0 0 0 0 0
11.114309310913086 -14.612991333007812 8.60119342803955 0.7758191153899474 0.4500670696964661 -0.44220394951921893 -0.5897755376932221 0.7663266637261575 -0.25477099442638235 0 0 0 0 0 0
11.15509033203125 -14.167022705078125 8.689931869506836 -0.029880668759566246 0.08002430758117299 -0.9963449482135365 -0.595183153739744 0.7993897615014408 0.08205499808714979 0 0 0 0 0 0
11.107584953308105 -13.700681686401367 8.574213981628418 -0.5261138138593452 -0.4474683031600786 -0.7231710534399273 -0.5320536905830866 0.836582750382717 -0.13056864898973988 0 0 0 0 0 0
10.923513412475586 -13.3023681640625 8.33792781829834 -0.7190666965057738 -0.5758699085335947 -0.3889947742859569 -0.3349786218746085 0.7776512135869592 -0.5320224740494691 0 0 0 0 0 0
10.806817054748535 -12.924310684204102 7.963850021362305 -0.6665932254316577 -0.7380497761522232 -0.10457533040957752 -0.4863140000637016 0.5369076269159465 -0.689368474403587 0 0 0 0 0 0
10.667587280273438 -12.913636207580566 7.525180816650391 -0.8795421391573902 -0.0457213711890804 0.4736192370069359 -0.39344147025427423 0.6296752787995463 -0.66986032331589 0 0 0 0 0 0
10.279684066772461 -12.823458671569824 7.158720970153809 -0.36712505789255273 0.33711581611931646 0.86693259160652 -0.590618348907927 0.6355413793879331 -0.4972495560771852 0 0 0 0 0 0
9.846633911132812 -12.481467247009277 6.914747714996338 -0.07090405366585951 0.20367361674769546 0.9764679580071542 -0.7012208150352458 0.6860381940118025 -0.19401279575927452 0 0 0 0 0 0
9.368575096130371 -12.340095520019531 6.938862323760986 0.4805319893898302 0.5784389308496904 0.6591641756425476 -0.5635818067959848 0.7795613218541501 -0.273239258741462 0 0 0 0 0 0
9.050708770751953 -12.632270812988281 5.431046962738037 -0.7930986300223949 -0.5972528521213526 0.11951398951382262 -0.609075706151041 0.7791473396856582 -0.1481762708309686 0 0 0 0 0 0
8.83284854888916 -12.293904304504395 5.088542938232422 -0.7877093424180637 -0.3991952351698553 0.46920907502411496 -0.5904898020455684 0.7063589158027367 -0.39035736927355125 0 0 0 0 0 0
8.412422180175781 -12.238408088684082 4.766180038452148 -0.5467877307977745 -0.0037598019188206768 0.8372628269178989 -0.5632058586936614 0.7415883309439059 -0.3644803261370464 0 0 0 0 0 0
7.901045799255371 -11.958175659179688 4.675755977630615 -0.04814228049919024 0.2557010279663558 0.965556474332437 -0.5207440802678466 0.8184828580888315 -0.24271673588925113 0 0 0 0 0 0
7.447638988494873 -11.800713539123535 4.714361667633057 0.4168771995127335 0.5594721279416739 0.7163828156669002 -0.6935153246339708 0.7052432064708793 -0.1472022901469641 0 0 0 0 0 0
7.039053440093994 -11.514307975769043 4.947425842285156 0.6684661089583492 0.6338046913802697 0.38915893200393786 -0.6732186500492975 0.7380359232338882 -0.04560290826366252 0 0 0 0 0 0
6.759234428405762 -11.166047096252441 5.2525529861450195 0.7295106741771067 0.5978067476188643 -0.3323270509047056 -0.6179407471555725 0.7843383601726891 0.05442949353457469 0 0 0 0 0 0
6.6205220222473145 -10.633538246154785 5.556149005889893 0.5733934463729792 0.29534404433140643 -0.7641935953241727 -0.5433095214123642 0.8352326748411729 -0.08485954760854766 0 0 0 0 0 0
6.478920936584473 -10.133593559265137 5.642455577850342 0.20642963155165703 -0.23772238193990747 -0.949144286366548 -0.5680618989803605 0.7606997520774433 -0.31407254912861016 0 0 0 0 0 0
6.488826751708984 -9.671470642089844 5.506107330322266 -0.2512396777790811 -0.5600360167169941 -0.7894544219201169 -0.3278001799985997 0.8166488806947291 -0.47500699747786046 0 0 0 0 0 0
6.572675704956055 -9.31387996673584 5.117288589477539 -0.6432128829615132 -0.6060839525753894 -0.46790963830950527 -0.2884587259917829 0.7578819508199602 -0.5851551179136428 0 0 0 0 0 0
6.556941986083984 -9.095345497131348 4.704918384552002 -0.9247658714450996 -0.3799580737833574 -0.02097487013609607 -0.3007223330658955 0.7634688593366021 -0.5715604773063586 0 0 0 0 0 0
6.400061130523682 -9.038586616516113 4.181354522705078 -0.9010875520395552 -0.00815155305482511 0.4335605790914994 -0.2522810600310465 0.8230577205313511 -0.5088518993020935 0 0 0 0 0 0
6.108503341674805 -8.826366424560547 3.79545521736145 -0.6351899680131028 0.2659664424257223 0.7251176153141767 -0.4054240973385589 0.684278035817984 -0.6061310675046255 0 0 0 0 0 0
5.748184680938721 -8.665070533752441 3.476390838623047 -0.0734007714541916 0.4931372192024228 0.8668494735461463 -0.36168781840291864 0.7968558229071311 -0.48394495504957635 0 0 0 0 0 0
5.367816925048828 -8.253106117248535 3.4211924076080322 0.49176696001325415 0.3933935409458166 0.7767926228932884 -0.20104076131490822 0.9193136321925529 -0.33829729226651784 0 0 0 0 0 0
5.0148115158081055 -7.756226539611816 3.4956486225128174 0.9191129804463447 0.27414841500393927 0.2829734541010253 -0.24356898762298007 0.9598954195873436 -0.1388341878773181 0 0 0 0 0 0
3.8584842681884766 -7.975635528564453 2.838387966156006 -0.857916866184938 -0.40138024542858175 0.3207375084007272 -0.5133614841784659 0.6951088649858563 -0.5032729402423275 0 0 0 0 0 0
3.473768472671509 -7.806168556213379 2.428272008895874 -0.7270659594344573 -0.10439619472365202 0.6785842063877361 -0.5720896776460541 0.6385721117444273 -0.5147223123521039 0 0 0 0 0 0
2.9702324867248535 -7.816262245178223 2.1746935844421387 -0.24218174401381892 0.23801065672600813 0.940584355680701 -0.780526869240626 0.5280418319810906 -0.33458874767612923 0 0 0 0 0 0
2.481842041015625 -7.719016075134277 2.168287515640259 0.20682711714582033 0.5723883426298911 0.7934696773251988 -0.7551423067849453 0.6090526208640388 -0.24251804370429292 0 0 0 0 0 0
2.0080392360687256 -7.502711772918701 2.2646846771240234 0.5798971769123008 0.7289079060630921 0.3638853235400707 -0.7872750370008238 0.6162726361013656 0.020150784302981322 0 0 0 0 0 0
1.5720010995864868 -7.131048679351807 2.5836288928985596 0.8047735434640858 0.5786087087118774 -0.13248209668869607 -0.5914984688703958 0.8004032232906024 -0.09738707034299625 0 0 0 0 0 0
1.4708797931671143 -6.6745924949646 2.806865692138672 0.6943827359576683 0.3891098961734311 -0.6053314007251276 -0.5244407501310621 0.8496401423466342 -0.05543940940486478 0 0 0 0 0 0
1.3486226797103882 -6.296562194824219 3.0030405521392822 0.1874271428671911 0.0432011121376295 -0.9813280440437405 -0.6217659291712742 0.7786340975544821 -0.08447527121767255 0 0 0 0 0 0
1.286501407623291 -5.804333209991455 2.9584298133850098 -0.21874248874600127 -0.32371847465819936 -0.9205205444650186 -0.5384166497700824 0.8268000524038026 -0.16281641377769585 0 0 0 0 0 0
1.2626105546951294 -5.334930896759033 2.689833641052246 -0.5474984722093006 -0.5618026697260592 -0.6201799603479253 -0.36740579486190644 0.8272570515031283 -0.42503970713362943 0 0 0 0 0 0
1.2694381475448608 -5.024812698364258 2.2976391315460205 -0.8669624125843182 -0.49677399847583803 0.03989698740890697 -0.4622366000563899 0.7715903282954031 -0.43701909666432354 0 0 0 0 0 0
1.0506514310836792 -4.8465352058410645 1.8414902687072754 -0.7919567307777493 -0.3155584788110374 0.5227115677180711 -0.5521872345973858 0.7354963784247517 -0.39259945908236565 0 0 0 0 0 0
0.6819158792495728 -4.757515907287598 1.4069832563400269 -0.49088449301786957 0.10899999317867076 0.8643792084505727 -0.5388764848824941 0.7416021544090271 -0.39954771757147706 0 0 0 0 0 0
0.2533211410045624 -4.587347507476807 1.1969135999679565 -0.05337105776044751 0.25078394907635837 0.966570711887753 -0.7095915958527225 0.6715171393558871 -0.21341157102292502 0 0 0 0 0 0
-0.23141837120056152 -4.388639450073242 1.1600315570831299 0.48669952251337534 0.5084750871519184 0.7103355971166737 -0.5233904459212253 0.820768218368763 -0.2289147719876275 0 0 0 0 0 0
-0.6538945436477661 -4.074432849884033 1.3676453828811646 0.8068851809154746 0.5812526480749817 0.10526948240028251 -0.5431079738364301 0.8000758803787595 -0.2547789520180986 0 0 0 0 0 0
-1.7173937559127808 -4.677409648895264 0.3262176513671875 -0.7084148572901067 -0.7010867617235917 -0.08139866403427823 -0.6253185806828196 0.6769321381604352 -0.38825191947801835 0 0 0 0 0 0
-1.9244250059127808 -4.308621406555176 0.0425492487847805 -0.6819271496548346 -0.7061358193199394 0.19065037958784936 -0.6922511213104363 0.5389426553164391 -0.479926243630112 0 0 0 0 0 0
-2.2353675365448 -4.3470234870910645 -0.2947354018688202 -0.6522045428346517 -0.11865958823456436 0.7486982946593685 -0.7189821831353858 0.40978803974600164 -0.5613718756893724 0 0 0 0 0 0
-2.689634084701538 -4.340091705322266 -0.6308210492134094 -0.3737877449521726 0.21431386671146388 0.9024146986052203 -0.8308474532777267 0.35510484590649777 -0.4284776047772371 0 0 0 0 0 0
-3.2952682971954346 -4.301504611968994 -0.6216723322868347 0.16730388257374848 0.6821020699928247 0.7118610657897038 -0.9176645698732326 0.3716938272722253 -0.1404828671657155 0 0 0 0 0 0
-3.862804651260376 -4.079370975494385 -0.5159554481506348 0.6145963391903875 0.7205567034753573 0.32104419778357707 -0.7022382504949828 0.6851587654833331 -0.1934396692074838 0 0 0 0 0 0
-4.1728901863098145 -3.7143216133117676 -0.3145175576210022 0.7781745146796248 0.5284435111505196 -0.33939929320203516 -0.6010409686249836 0.7833724734817535 -0.15835820731942182 0 0 0 0 0 0
-4.321341037750244 -3.254617929458618 -0.23605039715766907 0.5208739004858598 0.14051895036577075 -0.8419886010990579 -0.5404452563364959 0.8177856447938678 -0.19785237949657558 0 0 0 0 0 0
-4.4439616203308105 -2.717306137084961 -0.21700260043144226 0.3795586331403528 -0.052481600039848184 -0.9236779339498615 -0.24545935429019256 0.956897215413087 -0.1552334516981504 0 0 0 0 0 0
-4.28607702255249 -2.2292206287384033 -0.2533527910709381 -0.29949134705200203 -0.3544437510878321 -0.885818582078613 -0.2628502494850983 0.9231579398527174 -0.28051588980396147 0 0 0 0 0 0
-4.09512996673584 -1.80849289894104 -0.5562989115715027 -0.8443491673469125 -0.3856161165072306 -0.3719874921156052 -0.31752139515594274 0.9193529132760918 -0.23231526955623605 0 0 0 0 0 0
-4.050884246826172 -1.4348336458206177 -0.9510999917984009 -0.9463545664047456 -0.31315216855677697 -0.07967906860069432 -0.2253853657568922 0.816403376227095 -0.5316831426588887 0 0 0 0 0 0
-4.1463398933410645 -1.2155163288116455 -1.427367091178894 -0.8892062859041419 -0.03426021331235977 0.4562218965507388 -0.3047303958219028 0.788148841024603 -0.5347530179941034 0 0 0 0 0 0
-4.518199920654297 -1.0415674448013306 -1.7781974077224731 -0.43135802971712234 0.2713004921951223 0.8604221598339076 -0.47089229088454787 0.74579023374731 -0.47122964426342623 0 0 0 0 0 0
-4.93414831161499 -0.7668132781982422 -1.9920132160186768 0.02427935327929011 0.3745470520921509 0.9268899712335973 -0.669634123560072 0.6945239385556413 -0.263109557669603 0 0 0 0 0 0
-5.4979634284973145 -0.573903501033783 -1.9709912538528442 0.5652658483956089 0.3958541769766105 0.7237223163671013 -0.6166243203828348 0.7855416857711415 0.05194908496056908 0 0 0 0 0 0
-5.808825969696045 -0.2774905562400818 -1.7123098373413086 0.8582118030622068 0.5080880984982175 0.07293137355885865 -0.5131509253537466 0.8458905325117443 0.145414355603535 0 0 0 0 0 0
-6.9548563957214355 -0.051754869520664215 -2.634471893310547 0.05361520997513327 0.9532968935374314 -0.297238022519336 0.8520445766523692 -0.19889745935283187 -0.4842105327853509 0 0 0 0 0 0
-7.772455215454102 -0.44301578402519226 -2.0704708099365234 -0.5736385801320021 -0.29766766981079423 0.7631072911023405 -0.6509119853442838 0.7312093624234773 -0.2040746325230424 0 0 0 0 0 0
-8.267631530761719 -0.3031543791294098 -2.2493157386779785 -0.07087079790502435 0.03431086893487074 0.9968952273319595 -0.6146654644878307 0.7856097807105225 -0.07073640659465673 0 0 0 0 0 0
-8.825990676879883 -0.09045881778001785 -2.2384488582611084 0.5692454229385328 0.2761636886671034 0.7743986476778677 -0.49844821145210055 0.8649816219152372 0.057932497348965425 0 0 0 0 0 0
-9.217342376708984 0.22265030443668365 -1.9974251985549927 0.8444918656202622 0.3403021197005618 0.413555263814298 -0.3675302475484468 0.9298957694810807 -0.014675661421776379 0 0 0 0 0 0
-9.419456481933594 0.5466709136962891 -1.6726635694503784 0.850554414720098 0.4757044371130157 -0.22419294393700426 -0.4722465328893486 0.8784888591069531 0.07239155060470362 0 0 0 0 0 0
-9.419143676757812 1.1276971101760864 -1.469272494316101 0.6983712213531058 0.10738826628862724 -0.707633660483512 -0.14173429698324175 0.9898507584430372 0.01033755621075434 0 0 0 0 0 0
-9.266934394836426 1.64454984664917 -1.4463473558425903 0.26894624755476315 -0.12618090852796252 -0.9548540696092099 0.09273862108561742 0.9901676140484886 -0.10472652122868312 0 0 0 0 0 0
-8.923611640930176 2.043363094329834 -1.5404666662216187 -0.34356888214734715 -0.11758606963404032 -0.9317370548862167 0.15849614556065242 0.970638913116279 -0.1809394157912121 0 0 0 0 0 0
-8.76016616821289 2.5445659160614014 -1.8219316005706787 -0.7196424775926027 -0.35003372440601155 -0.5996591500367826 -0.0995327215116918 0.9067184792110855 -0.40982293347934107 0 0 0 0 0 0
-8.706608772277832 2.8409793376922607 -2.3514599800109863 -0.9714416497767887 -0.23724565270507617 0.003952385544597822 -0.21556535681836103 0.8754620670662681 -0.4325479696725321 0 0 0 0 0 0
-8.937296867370605 3.1003966331481934 -2.789675235748291 -0.8901614110428763 -0.05990891034093158 0.4516896996300865 -0.3280100470421437 0.7723271868380424 -0.5439854092806594 0 0 0 0 0 0
-9.176301002502441 3.259671211242676 -3.175027847290039 -0.4753548041695642 0.23802429982229045 0.8469842046030278 -0.4937278977400097 0.7246517449211796 -0.4807417306370652 0 0 0 0 0 0
-9.659317970275879 3.4972288608551025 -3.339529514312744 0.07607658488891297 0.4683744152528843 0.8802486923410672 -0.5948911170081581 0.7297944297943475 -0.33690451042681147 0 0 0 0 0 0
-10.122353553771973 3.8115012645721436 -3.304456949234009 0.6137441634102846 0.5038149871043653 0.6078557070957202 -0.3681231066190985 0.86372089707591 -0.344197022543033 0 0 0 0 0 0
-10.381686210632324 4.258083343505859 -3.269683599472046 0.9006319861341822 0.34509130288054307 0.2641477204675589 -0.32541055714039274 0.9383789598602861 -0.11641691025408246 0 0 0 0 0 0
-10.612525939941406 4.591552257537842 -2.966459035873413 0.8982457450160085 0.37280299040034365 -0.23274989131940965 -0.36083097563365685 0.9279104972335366 0.09371828075180651 0 0 0 0 0 0
-10.659015655517578 5.038618564605713 -2.7293167114257812 0.6751774956313811 0.23604151841517573 -0.6988703391740091 -0.1949168503084269 0.9708359926397666 0.13958831205011946 0 0 0 0 0 0
-10.326215744018555 5.515380382537842 -2.559706211090088 0.0826350396640633 0.10287657130710708 -0.991255699250104 -0.1714555276131721 0.9812940883304102 0.08754949605039519 0 0 0 0 0 0
-10.151637077331543 6.004047870635986 -2.630894422531128 -0.47888489715332055 -0.07499571282544608 -0.8746684505206854 0.021417776634519756 0.9950496416370003 -0.09704375055670182 0 0 0 0 0 0
-9.905020713806152 6.4026312828063965 -3.032520055770874 -0.8841577217813731 -0.10092806784178915 -0.4561563856136348 0.029930203559651366 0.9621435880347681 -0.2708946269649152 0 0 0 0 0 0
-9.940242767333984 6.817738056182861 -3.3833792209625244 -0.9822528502032412 -0.097392727936506 0.16029346465996333 -0.11670263224447171 0.9863912578590366 -0.11581356590002455 0 0 0 0 0 0
-10.08495044708252 7.222595691680908 -3.6453447341918945 -0.7104267896466672 -0.10832927311705315 0.6953837394836474 -0.2831558258772364 0.9485768650511203 -0.1415086900567207 0 0 0 0 0 0
-10.43336296081543 7.4721550941467285 -3.761307954788208 -0.08331432773497512 0.20301564273253972 0.975624605880747 -0.4709619684559266 0.8547709968694115 -0.21808568769864617 0 0 0 0 0 0
-10.863020896911621 7.655543804168701 -3.768359661102295 0.6148992611726173 0.6112562190253636 0.4982617116658536 -0.5025107464400983 0.790645677523852 -0.34980331948834414 0 0 0 0 0 0
-11.202777862548828 8.100893020629883 -3.6846306324005127 0.9071053085231788 0.37770901259733863 -0.18573061420189196 -0.40413397878712537 0.904898217228668 -0.13354753328334326 0 0 0 0 0 0
-11.332141876220703 8.431564331054688 -3.4622886180877686 0.7019157197178335 0.32605940245058346 -0.6332452830353844 -0.15389802674869665 0.9374916450833612 0.3121294807635936 0 0 0 0 0 0
-11.20281982421875 8.780606269836426 -3.1753218173980713 0.1869868121540417 0.33800150912390176 -0.9223832782040414 -0.056991707889220825 0.9410950067284319 0.3333048657650868 0 0 0 0 0 0
-10.97208309173584 9.287821769714355 -3.168999195098877 -0.49040461839887906 0.09972031856428999 -0.8657708520841335 -0.09113144232055664 0.9821177643645889 0.16474148578933315 0 0 0 0 0 0
-10.890313148498535 9.800227165222168 -3.1705427169799805 -0.5718582266994191 -0.10096903107955615 -0.8141151167488855 -0.023935307900322098 0.9940278405116512 -0.10646949480231585 0 0 0 0 0 0
-10.754783630371094 10.262320518493652 -3.3753974437713623 -0.9045923475826706 -0.17235076039289451 -0.3898819053083433 -0.1594769381067792 0.9850310994878603 -0.06542812280528804 0 0 0 0 0 0
-10.869939804077148 10.7387056350708 -3.585294246673584 -0.9152203358694656 -0.3231312793639648 0.24074449756451313 -0.35807146277495866 0.9261951637850337 -0.11809888283728988 0 0 0 0 0 0
-9.82788372039795 11.195727348327637 -4.216251373291016 0.6712233181423553 -0.1821354058446457 -0.7185304107132644 -0.26329245588825856 0.8475509826715152 -0.46079758511181296 0 0 0 0 0 0
-9.66574764251709 11.689797401428223 -4.45449686050415 0.34874097226066064 -0.5478072879573813 -0.760451779883161 -0.05281862756432045 0.7986143222382369 -0.5995209394993499 0 0 0 0 0 0
-9.307363510131836 12.053834915161133 -4.76027774810791 -0.08906774482459247 -0.7669382055698125 -0.6355098155569411 0.3049172256426149 0.586416836107663 -0.7504270649676016 0 0 0 0 0 0
-8.930289268493652 12.042377471923828 -5.063872337341309 -0.7432902283950996 -0.1689185433209446 -0.6472914043108334 0.4816555604185543 0.53635674703748 -0.6930579781124097 0 0 0 0 0 0
-8.682863235473633 12.115789413452148 -5.553168296813965 -0.952785671049286 0.18645060977628466 -0.23965732861152703 0.3023113315131493 0.5086293347449634 -0.8061662723505881 0 0 0 0 0 0
-8.55213451385498 12.090619087219238 -6.0355329513549805 -0.8005687562830325 0.5897894946290009 0.10600952074557486 0.24404042832584377 0.4824603692421618 -0.841234962096355 0 0 0 0 0 0
-8.754124641418457 12.136177062988281 -6.491790294647217 -0.31840204300893293 0.8966379488752823 0.3076695104238708 0.02577772426860832 0.3326305941126285 -0.9427048301519472 0 0 0 0 0 0
-8.989299774169922 12.255620002746582 -6.939635276794434 0.36816023421260424 0.8444801735403182 0.3889875042232521 0.03585160531452081 0.40516779137596215 -0.9135391197030901 0 0 0 0 0 0
-9.19351577758789 12.552058219909668 -7.206369400024414 0.8180854484743268 0.5204914587952971 0.24459116974188416 -0.06083670530359366 0.5012422990619639 -0.8631657157920954 0 0 0 0 0 0
-8.935412406921387 11.610986709594727 -8.101638793945312 0.5871938562415682 -0.47627259990667503 -0.6544981174688685 -0.7102846770449294 0.08460687900920394 -0.6988113862692155 0 0 0 0 0 0
-9.059706687927246 11.687891006469727 -8.671306610107422 0.2972869664781114 -0.9547057490978749 -0.012545604876116338 -0.6227133032296226 -0.18391347901527527 -0.7605287464766537 0 0 0 0 0 0
-9.151750564575195 11.656076431274414 -9.090306282043457 -0.40581205511077506 -0.7925273528180469 0.4552109082194627 -0.5266499957097092 -0.20429001491378043 -0.8251699048229346 0 0 0 0 0 0
-8.687148094177246 12.131115913391113 -10.181124687194824 0.5491708572087484 0.8053442549852722 -0.22323082348731596 0.7764492853552775 -0.39289537590113316 0.49270653625336275 0 0 0 0 0 0
-8.216235160827637 11.839198112487793 -10.2246732711792 0.3137638848859598 0.9466012409228376 0.07415062524762721 0.846517340430895 -0.3142507947464506 0.42971482444875975 0 0 0 0 0 0
-7.725688934326172 11.737386703491211 -10.352826118469238 0.01325129650957514 0.7845897637041196 0.6198736208547102 0.821306415572255 -0.3621371977287594 0.4408088267730305 0 0 0 0 0 0
-7.227923393249512 11.749628067016602 -10.23124885559082 -0.4522098623729642 0.44982575748743264 0.7701707786416478 0.7455843216409431 -0.2832599890226659 0.6032145538215188 0 0 0 0 0 0
-6.799188613891602 11.853535652160645 -9.941054344177246 -0.7369122754297585 -0.15611279347128357 0.6577150553511211 0.6759671352873907 -0.17789209787020183 0.7151383317419763 0 0 0 0 0 0
-6.570803642272949 11.984071731567383 -9.404699325561523 -0.7269788714050155 -0.6431800482023174 0.24046027972443712 0.5352815701036234 -0.3114878560041343 0.7851426343470004 0 0 0 0 0 0
-6.4133453369140625 11.954745292663574 -8.854775428771973 -0.5944212426078292 -0.7965774419874055 -0.11012613338061837 0.37854916507621067 -0.39800682915874763 0.835638135536611 0 0 0 0 0 0
-6.587641716003418 11.81843090057373 -8.294278144836426 0.11867699511570519 -0.8657902418878755 -0.4861306695550499 0.2928362751256274 -0.4372959570268795 0.8503053345348913 0 0 0 0 0 0
-6.610556125640869 11.472380638122559 -7.885258674621582 0.3731298244101716 -0.5956983242909293 -0.7112788767934934 0.36747159435619964 -0.6090583587728856 0.7028602584797291 0 0 0 0 0 0
-6.749636173248291 10.993927001953125 -7.666767120361328 0.7777326942172226 -0.27794227926359205 -0.5638084300038266 0.273011923378545 -0.6585641863113659 0.7012543776698981 0 0 0 0 0 0
-6.620744228363037 10.440675735473633 -7.657681465148926 0.9503054559274952 0.3033940313886558 -0.06979686348379134 0.25577125656433186 -0.6330546828131072 0.7306318039093969 0 0 0 0 0 0
-6.410278797149658 10.045174598693848 -7.528695106506348 0.5955623270554733 0.7474665310606831 0.29427758925269615 0.3338012954883211 -0.563479576595653 0.755690056762627 0 0 0 0 0 0
-5.9526495933532715 9.657078742980957 -7.488123893737793 0.17197069456193556 0.7843060528930821 0.5960621575030237 0.5498841273224196 -0.5784631773769596 0.6025012854241998 0 0 0 0 0 0
-5.463412761688232 9.451777458190918 -7.329652786254883 -0.152800196676921 0.6839252072538219 0.7133711591999715 0.5386932637307054 -0.547537582716541 0.6403219214770708 0 0 0 0 0 0
-5.079813003540039 9.302950859069824 -6.96703577041626 -0.704505534542903 0.3491760375844238 0.6178576264603843 0.2669879786765374 -0.6762384639791527 0.6865995623923256 0 0 0 0 0 0
-4.94550085067749 9.164978981018066 -6.499044895172119 -0.9865409183934274 -0.1037211804957325 0.1264078045534546 0.1561223166024062 -0.8273102362247411 0.5396143023460936 0 0 0 0 0 0
-4.821869850158691 8.939631462097168 -6.060327053070068 -0.9152653859055991 -0.28376313288580596 -0.2859506212231532 0.09700290720534056 -0.8441696409264746 0.5272267570332325 0 0 0 0 0 0
-3.427161693572998 8.560494422912598 -5.55951452255249 0.008778634371585325 -0.5981750016625241 0.8013174171104791 0.7423642658320055 -0.5329765706342469 -0.40599417726202086 0 0 0 0 0 0
-3.6725075244903564 9.639778137207031 -5.700052261352539 0.20097324356443022 0.7489655885727352 0.6313955198646001 0.7610430297792408 -0.5252018254506259 0.3807578618594289 0 0 0 0 0 0
-3.16369366645813 9.590879440307617 -5.708797454833984 -0.24264347214909904 0.29843380957502535 0.9230717235003826 0.8390850178610839 -0.4129873783686198 0.354087218223532 0 0 0 0 0 0
-2.6949515342712402 9.627145767211914 -5.510245323181152 -0.5371769765832726 -0.045676252500218416 0.8422319014299983 0.820324164947265 -0.26060514013314107 0.5090709433269185 0 0 0 0 0 0
-2.332681894302368 9.82544994354248 -5.159812927246094 -0.6841645892927484 -0.5077423453775842 0.5235613865329974 0.6972537257690935 -0.2448085427933718 0.6737254776810091 0 0 0 0 0 0
-2.074470281600952 9.925375938415527 -4.680249214172363 -0.39659339714022607 -0.9144940413114134 0.08008948589355444 0.5832419427119078 -0.18363995905599245 0.7912680972335188 0 0 0 0 0 0
-1.9157456159591675 9.769399642944336 -4.196232795715332 -0.418583573595908 -0.885559782942753 -0.20142408681700297 0.3297406711087435 -0.35484778323399657 0.8748452094803253 0 0 0 0 0 0
-1.9889968633651733 9.521976470947266 -3.7680838108062744 0.4480101134626603 -0.7189013772399825 -0.5314769496766821 0.3975407846675414 -0.37227934023076587 0.8386712212561376 0 0 0 0 0 0
-1.7617393732070923 9.285662651062012 -3.314457416534424 0.2152346588250337 -0.5697311242736582 -0.7931459434898124 0.4775149895343909 -0.6470638814084632 0.5943801545699392 0 0 0 0 0 0
-1.8035651445388794 8.795736312866211 -3.10204815864563 0.7081435337961156 -0.24747872429780063 -0.6612768078215681 0.19467941685454349 -0.8318218266956094 0.5197810820777866 0 0 0 0 0 0
-1.9023362398147583 8.308600425720215 -3.176600217819214 0.990152020349342 0.05638854555148669 -0.12813784971156672 0.07643105429246921 -0.9845850582585849 0.15732309745768694 0 0 0 0 0 0
-1.804655909538269 7.825846195220947 -3.3379437923431396 0.8631487146764091 0.3029261019507059 0.4039926646727805 0.22430873298757945 -0.9468159324387293 0.23070583517910057 0 0 0 0 0 0
-1.4495121240615845 7.453880786895752 -3.4562149047851562 0.4356208273693417 0.25755431397669926 0.862496533392478 0.3485340249147247 -0.9317089682737861 0.1021882180828053 0 0 0 0 0 0
-1.0709565877914429 7.107112884521484 -3.4529380798339844 0.03292905216069059 0.14336788954849466 0.9891214919160382 0.4797753140013956 -0.8704441079061072 0.11019393398188254 0 0 0 0 0 0
-0.6859309673309326 6.749614238739014 -3.2121846675872803 -0.5183863556788371 0.1285542323361717 0.8454285277860406 0.4851012987469662 -0.7699642659023939 0.4145259451317789 0 0 0 0 0 0
-0.329734206199646 6.563767910003662 -2.808414936065674 -0.9289862142732807 -0.15692226365145934 0.3352014571279492 0.32942817872503216 -0.763400018878922 0.5556055131454061 0 0 0 0 0 0
-0.18610209226608276 6.252081871032715 -2.321692943572998 -0.9394630853267846 -0.2733699861549821 -0.2065864515836016 0.11256981354222427 -0.8156787133027323 0.5674471550231512 0 0 0 0 0 0
1.3914875984191895 5.887397289276123 -2.522332191467285 0.7380525502644426 0.6707409865675976 0.07338230022613185 0.36134472079883045 -0.48475045034105785 0.7965218098991119 0 0 0 0 0 0
1.747206449508667 5.634369373321533 -2.3945887088775635 0.08838041642305863 0.7879387817866237 0.6093778615518438 0.5300117623422521 -0.5551779613362515 0.6409874905373613 0 0 0 0 0 0
2.1779723167419434 5.560568809509277 -2.0780601501464844 -0.23809770278811151 0.7681542035742541 0.5943472078324481 0.6649306505257356 -0.3171262439429725 0.6762382534240757 0 0 0 0 0 0
2.657228708267212 5.622292995452881 -1.936334252357483 -0.6678467776320265 0.20565628542009812 0.7153224265138942 0.6264322736046806 -0.3637037813200348 0.6894216170384991 0 0 0 0 0 0
3.092029094696045 5.7805352210998535 -1.4666515588760376 -0.8662096622059168 -0.3472706481751211 0.35928250446847965 0.49612280619421645 -0.5120647339771015 0.7011789139662831 0 0 0 0 0 0
3.1628639698028564 5.753759384155273 -0.9226527810096741 -0.7329664533042387 -0.6677068690668938 -0.13010655376072103 0.27799892366585816 -0.46856562133340685 0.8385480647792726 0 0 0 0 0 0
3.0101711750030518 5.547959804534912 -0.4352808892726898 -0.4243386632184563 -0.7661545634862548 -0.48264260457108427 0.028299366236260167 -0.5439706414147343 0.8386269058106046 0 0 0 0 0 0
2.766035318374634 5.28739070892334 -0.01808941923081875 0.2969083089936444 -0.6660706622551218 -0.6842480025060782 0.10096624819488165 -0.6906462002222239 0.7161100773233494 0 0 0 0 0 0
2.5726993083953857 4.857275485992432 0.024735981598496437 0.9311143161272738 -0.3219715078760083 -0.17134899596696923 -0.12331946514399009 -0.7200482829788648 0.6828783051875269 0 0 0 0 0 0
2.5337016582489014 4.350160121917725 0.23167473077774048 0.996765413395255 -0.023446067144402515 -0.07686997199457461 0.017629722731499566 -0.8694078537474907 0.493780494469549 0 0 0 0 0 0
2.676835298538208 3.8164422512054443 0.24911218881607056 0.8950714444744923 0.4126274680076205 0.1690730076977573 0.34556573449169314 -0.8814761835441782 0.3218447777883109 0 0 0 0 0 0
3.0103554725646973 3.407594919204712 0.11710160225629807 0.7357376177137256 0.4528661481840084 0.5035895250200423 0.42756278610788645 -0.8872368402596356 0.1732075437784383 0 0 0 0 0 0
3.467941999435425 3.108016014099121 0.0010649507166817784 0.16722861616486207 0.3110086763601856 0.9355790683658279 0.489347529136263 -0.849987926897203 0.19508849237520207 0 0 0 0 0 0
3.9704058170318604 2.9182984828948975 0.08026795834302902 -0.4512562566033523 -0.03866516014149514 0.891556389841698 0.5862528517319423 -0.7660760818336776 0.2635052763770125 0 0 0 0 0 0
4.362098693847656 2.589123487472534 0.4043537378311157 -0.8321722424459782 -0.08146626898675996 0.5485003244482258 0.30842646857609407 -0.8900268240302421 0.3357459843219579 0 0 0 0 0 0
4.535360813140869 2.308938503265381 0.8332250118255615 -0.9517536151653312 -0.26854679461912123 -0.14848459556303506 0.16593918135890193 -0.8574332987728487 0.4871060728891072 0 0 0 0 0 0
5.865952491760254 2.0581910610198975 0.8321536779403687 0.6633388745537354 0.6263642602095453 0.4094500592721082 0.3628044541907648 -0.7477432037182459 0.5561052322290405 0 0 0 0 0 0
6.305324077606201 1.8035902976989746 0.8794282674789429 0.04293192266865812 0.6132282871560069 0.7887381807974574 0.5062118948034918 -0.6939778211425889 0.5120002942593328 0 0 0 0 0 0
6.794122219085693 1.6691198348999023 1.0137501955032349 -0.3930537360542046 0.3198988630921089 0.862075099957195 0.6049254017508389 -0.6161216979884038 0.5044396015227914 0 0 0 0 0 0
7.245861530303955 1.574976921081543 1.2457400560379028 -0.6703850091153537 -0.0263802789485439 0.7415443482597681 0.7024150583446339 -0.34466892117930137 0.6227490831657653 0 0 0 0 0 0
7.568294525146484 1.6494085788726807 1.7368507385253906 -0.8690434791385433 -0.30495403477363436 0.38957216025026403 0.49234108800349 -0.45570242234936253 0.7415763988480643 0 0 0 0 0 0
7.610622882843018 1.4938771724700928 2.3220958709716797 -0.8962998202365404 -0.44289128484791973 0.022224807079122645 0.28704930619729596 -0.5412546421489534 0.7903455625002647 0 0 0 0 0 0
7.472385883331299 1.329126238822937 2.841005325317383 -0.19787766205424745 -0.7512191456158313 -0.6296937558211655 0.372482559113272 -0.6518343237623359 0.6605821353334693 0 0 0 0 0 0
7.435330867767334 0.9866588115692139 3.2129969596862793 0.3935156239545825 -0.4946550842031024 -0.7748947034117972 0.3284181878462514 -0.7116390084023883 0.6210566927518372 0 0 0 0 0 0
7.415122032165527 0.4826662838459015 3.467211961746216 0.7201882752000767 -0.1622920477247004 -0.6745295690402772 0.29322339206598425 -0.8099457393131292 0.5079448215247664 0 0 0 0 0 0
7.357425212860107 -0.05408821254968643 3.415478467941284 0.9495104033582923 0.17981141724035374 -0.2570950177354439 0.27745752065582846 -0.8637856703314027 0.4205848784272326 0 0 0 0 0 0
7.433861255645752 -0.5327547788619995 3.4167819023132324 0.9111957717764635 0.41178150202034597 0.01258014668288534 0.40401415178859196 -0.8991479675901954 0.16824237733985314 0 0 0 0 0 0
7.6936726570129395 -0.8720805644989014 3.2356791496276855 0.6672830662296994 0.4154460193798621 0.6181730457602611 0.4018395603722822 -0.8996326975226829 0.17083903906271591 0 0 0 0 0 0
8.112046241760254 -1.1377637386322021 3.0358476638793945 0.09545151850414725 0.18297198976702947 0.9784734327389509 0.3754030422546089 -0.9169986998418799 0.1348552570509828 0 0 0 0 0 0
8.569502830505371 -1.5167200565338135 3.154327869415283 -0.3558479444364517 0.24236694897034888 0.9025688353179254 0.3658373908413697 -0.8525840999865896 0.3731800582995239 0 0 0 0 0 0
8.949981689453125 -1.7115992307662964 3.4854302406311035 -0.8052613218788931 -0.07806799829638784 0.5877581059652455 0.45884412236766303 -0.7098791802742725 0.5343534605313005 0 0 0 0 0 0
9.162737846374512 -1.9455400705337524 3.955263376235962 -0.974603649260204 -0.21186521438981804 0.07253177083354272 0.22007552348128984 -0.8462782120419697 0.48515971781206585 0 0 0 0 0 0
9.181660652160645 -2.2071526050567627 4.369402885437012 -0.7110588574271941 -0.45497114236751035 -0.536093798590448 0.11343399633589818 -0.8266756705142748 0.5511261781616275 0 0 0 0 0 0
10.6681489944458 -1.7744449377059937 4.923821449279785 0.233359287644513 0.7114763547735589 0.6628309282676651 0.417568876198316 -0.6889222880775798 0.5924713618567801 0 0 0 0 0 0
11.076689720153809 -2.059105634689331 5.192253112792969 -0.1128805555049125 0.6914804243971275 0.7135214102355096 0.5267863407354278 -0.5672292169112159 0.6330459435908793 0 0 0 0 0 0
11.476916313171387 -2.1330201625823975 5.458401679992676 -0.698006643881656 0.2750596065385375 0.6611572717197717 0.4723316380976763 -0.5171134003455319 0.7137902737044317 0 0 0 0 0 0
11.761001586914062 -2.139084815979004 5.902551174163818 -0.9423073659536305 -0.16964169492349748 0.28858018541302083 0.33196404430266946 -0.5845315321476712 0.7403531327787516 0 0 0 0 0 0
11.826260566711426 -2.240238904953003 6.43121337890625 -0.7933583993730634 -0.5509865131038214 -0.2588364590275162 0.11450524778410477 -0.5526680210935815 0.8254977932680411 0 0 0 0 0 0
11.763487815856934 -2.4487435817718506 6.916382789611816 -0.5079636801095653 -0.5882287985627602 -0.6292533513863546 -0.09508457961421911 -0.6877632257354473 0.7196809487860293 0 0 0 0 0 0
11.460555076599121 -2.8096654415130615 7.306916236877441 0.013969292002224366 -0.4646446641079514 -0.8853870311886015 -0.07750551787647149 -0.8833125063669478 0.4623331166966532 0 0 0 0 0 0
11.136321067810059 -3.2412736415863037 7.433435916900635 0.6092172638123798 -0.3668887706858981 -0.7030269948000203 -0.13004383819885645 -0.9207571749115803 0.36782444861014246 0 0 0 0 0 0
10.93205738067627 -3.74922251701355 7.2933831214904785 0.9979893785502644 -0.05418420928414543 -0.0328826970473647 -0.03810914644573667 -0.9275362760595978 0.371785085164361 0 0 0 0 0 0
11.080361366271973 -4.345523357391357 7.252730369567871 0.9009604794934962 0.337142543278122 0.2731393781621552 0.1264894338714547 -0.8062310445527193 0.5779203456518125 0 0 0 0 0 0
11.360128402709961 -4.830069065093994 7.395358562469482 0.5004263573710168 0.6852195419647578 0.529195276016314 0.278926411426497 -0.706244758430421 0.6507060766569597 0 0 0 0 0 0
11.78801155090332 -5.104729175567627 7.617208480834961 -0.20736873225948438 0.7337274946222326 0.6470256351308467 0.27691106719094205 -0.5903261362355473 0.7581789457274475 0 0 0 0 0 0
12.177663803100586 -5.140896797180176 7.9207048416137695 -0.7637445072676468 0.19108215941113382 0.6165889521985272 0.310370967697464 -0.7288289884083301 0.610309895107584 0 0 0 0 0 0
12.396448135375977 -5.229723930358887 8.383374214172363 -0.9688407667695608 -0.1890779799455657 0.1599908939442303 0.2419403790523985 -0.5841392076524244 0.7747555995713612 0 0 0 0 0 0
12.453047752380371 -5.3393940925598145 8.958537101745605 -0.8880192439530367 -0.40426792066913864 -0.21906453543859655 0.09183543594027846 -0.6227667398253468 0.7769992538432505 0 0 0 0 0 0
12.226574897766113 -5.3462934494018555 9.433728218078613 -0.41843963905564874 -0.7593056402312706 -0.49836052530267533 -0.04467983101049538 -0.5308340581628412 0.8462971791251835 0 0 0 0 0 0
11.965221405029297 -5.599189281463623 9.887544631958008 0.20868509226921364 -0.692649064634733 -0.6904258146428327 0.17725106443244096 -0.6674899670338615 0.7232144938168075 0 0 0 0 0 0
11.811515808105469 -6.000173568725586 10.15886116027832 0.6035051340450152 -0.4573167076900007 -0.6531791347317264 -0.03240314854563638 -0.8325676360873416 0.5529748342413654 0 0 0 0 0 0
11.709541320800781 -6.549338340759277 10.2294340133667 0.9542194330014607 -0.011105471887287102 -0.29890122478258835 0.11865262493353093 -0.903265890133807 0.41234971361353523 0 0 0 0 0 0
11.768901824951172 -7.003266334533691 9.978255271911621 0.8445770826344576 0.1970346868852879 0.49786231395104136 0.014094743069509348 -0.9376886747112608 0.3471905637197585 0 0 0 0 0 0
11.935596466064453 -7.469675540924072 9.989768028259277 0.4672634022269442 0.37061879867020336 0.8026871239851531 0.0636741142620336 -0.9196450275189387 0.3875546807002029 0 0 0 0 0 0
12.226018905639648 -7.918905735015869 10.29896354675293 0.0852127456480644 0.5721718417563821 0.8156949009772145 0.14501415306079882 -0.8170773180528192 0.5579924298193224 0 0 0 0 0 0
12.510019302368164 -8.227804183959961 10.636714935302734 -0.48033262979722186 0.6078258406223315 0.6323197863611746 0.07310778469084554 -0.6906773807300635 0.7194581346857203 0 0 0 0 0 0
12.877493858337402 -8.280481338500977 11.061258316040039 -0.8995977458205664 0.17442494523581387 0.40037461731987845 0.13752499279761712 -0.7569904613296776 0.6387897289499085 0 0 0 0 0 0
13.012271881103516 -8.425863265991211 11.546374320983887 -0.9588549521643923 -0.2799717987182474 -0.04704224306184791 0.1800597579687342 -0.7278510838014037 0.6616730940346321 0 0 0 0 0 0
12.963041305541992 -8.637716293334961 11.968972206115723 -0.6138339012770635 -0.5081510046845952 -0.6041444347844453 -0.0007880659671522137 -0.7648921041744993 0.644157937095817 0 0 0 0 0 0
12.71131420135498 -8.901474952697754 12.393818855285645 -0.33331678004713433 -0.4465347648836419 -0.8303653580739752 -0.12962612888427552 -0.8506614158546345 0.5094823081193949 0 0 0 0 0 0
12.468791961669922 -9.342007637023926 12.628630638122559 0.2628230500729271 -0.39007894014189265 -0.8824751921771746 -0.07984541653924863 -0.9202859370425195 0.38301240650851726 0 0 0 0 0 0
12.265685081481934 -9.795982360839844 12.65783405303955 0.7774367085040911 -0.16083508009990638 -0.6080495385078274 0.06047953708839923 -0.9431558431104545 0.32680159301964984 0 0 0 0 0 0
12.152531623840332 -10.32352066040039 12.552421569824219 0.9804829816401267 0.13160685378918893 -0.14605738170252722 0.16423084683721875 -0.9566624733021877 0.24046858656063824 0 0 0 0 0 0
12.236971855163574 -10.857693672180176 12.35509204864502 0.8767190591938739 0.36672931940010256 0.3112447550378095 0.3510131970182937 -0.9302036863455875 0.10728857081757032 0 0 0 0 0 0
12.563253402709961 -11.239998817443848 12.22742748260498 0.3500716776903059 0.399692960561107 0.8471690254943177 0.5633314194233153 -0.8124066997728787 0.15050935537252372 0 0 0 0 0 0
11.975908279418945 -12.454895973205566 11.584990501403809 0.15452937786254542 -0.21840244257365773 -0.9635460780135399 0.3422896666761274 -0.9030261378723645 0.25957961862609163 0 0 0 0 0 0
12.074848175048828 -13.004884719848633 11.558552742004395 0.39431280974386157 0.12345774404370742 -0.9106457014160554 0.2795577951254444 -0.960085637316043 -0.009110883823631354 0 0 0 0 0 0
11.946263313293457 -13.406469345092773 11.35158634185791 0.9470804391156864 0.158468610795828 -0.27915289938827265 0.20308868103936425 -0.969275147749565 0.13878283607402764 0 0 0 0 0 0
12.0484619140625 -13.840658187866211 11.120112419128418 0.9357439728772408 0.19297952174272864 0.2951984441216883 0.15887265596072994 -0.9779299206600027 0.13569284972283654 0 0 0 0 0 0
12.287249565124512 -14.328731536865234 10.974084854125977 0.5637165177980956 0.29494765172717696 0.7715112250007857 0.2811273902772581 -0.946814486765388 0.15655579863771693 0 0 0 0 0 0
12.722596168518066 -14.660615921020508 10.904887199401855 0.08958432696607471 0.19184311718204705 0.977328433410136 0.4012571247211624 -0.9050668417236756 0.14087842940932155 0 0 0 0 0 0
13.20401668548584 -14.826523780822754 10.964390754699707 -0.40957212870115567 -0.0963044176487498 0.9071803186426274 0.5806164189975948 -0.7945283128817057 0.17779014038961752 0 0 0 0 0 0
13.585108757019043 -15.094803810119629 11.187047004699707 -0.7819011206699442 -0.2780232216374435 0.5579728718543783 0.3991836239441057 -0.9107727772807181 0.10557169383513038 0 0 0 0 0 0
13.755655288696289 -15.34418773651123 11.620318412780762 -0.8105794501075949 -0.5213200973606893 -0.26680762948444847 0.4607403623451295 -0.8489174522583578 0.25895458628349843 0 0 0 0 0 0
13.683135986328125 -15.806377410888672 11.858497619628906 -0.3502075133410956 -0.36842039259121734 -0.861174263388299 0.17887354903102434 -0.9287826695362722 0.3246028438355428 0 0 0 0 0 0
13.459794044494629 -16.253503799438477 12.03839111328125 0.3533126697623534 -0.1789249041088446 -0.9182352836147383 0.16066878384713404 -0.9553493974274174 0.24797796420680884 0 0 0 0 0 0
13.277344703674316 -16.73358726501465 11.985018730163574 0.7195902659047699 0.06123939133008833 -0.6916932746272895 0.08027684860824395 -0.9967613630379388 -0.004734208727927621 0 0 0 0 0 0
13.247084617614746 -17.131898880004883 11.69118595123291 0.9926692952624656 0.0775243117165744 -0.09272352094259118 0.03663774125013329 -0.9241002731620956 -0.3803897488863608 0 0 0 0 0 0
13.26407527923584 -17.565956115722656 11.326689720153809 0.858470194230731 0.05439735593514694 0.5099704435403252 0.16640223621656017 -0.9701079247386326 -0.17663779363837054 0 0 0 0 0 0
13.433952331542969 -18.067358016967773 11.146669387817383 0.6715937147157368 0.26600915181536955 0.6915207975938144 0.4060790804310953 -0.9128142477231311 -0.04324268250109748 0 0 0 0 0 0
13.82242488861084 -18.422922134399414 10.953788757324219 0.1666233364033877 0.24818615696607627 0.9542747483069084 0.4072416273029458 -0.8987242681600068 0.1626313217431033 0 0 0 0 0 0
14.263130187988281 -18.621814727783203 10.935880661010742 -0.5219579883860309 -0.1938564180556449 0.8306500752655375 0.36440393124696646 -0.9311679068749056 0.01166636609933342 0 0 0 0 0 0
13.994797706604004 -19.299793243408203 10.041815757751465 0.482960744060007 0.5293037280017088 -0.6975575124823024 0.29007194716147344 -0.8483536842458519 -0.44289309307827407 0 0 0 0 0 0
14.09013843536377 -19.585376739501953 9.634264945983887 0.8037670429108825 0.5730396197352624 -0.15995041401622337 0.4216452703290628 -0.7383402462056022 -0.5263733910848668 0 0 0 0 0 0
14.197819709777832 -19.75526237487793 9.17158317565918 0.8813462021390411 0.32463760465847386 0.34327728968968635 0.4665004269296645 -0.7130664350813404 -0.5233675676184278 0 0 0 0 0 0
14.547615051269531 -19.82080078125 8.74940013885498 0.5895858292475972 -0.17768803831180643 0.78791846722318 0.5871038355680952 -0.5756629782159591 -0.5691407750045354 0 0 0 0 0 0
15.052522659301758 -19.882614135742188 8.568826675415039 0.03958309738521442 -0.5891878002433091 0.8070259688794673 0.764522220392628 -0.5021818109413215 -0.4041277066542464 0 0 0 0 0 0
15.570157051086426 -20.13170051574707 8.466590881347656 -0.39530156836653146 -0.6494900801814824 0.6495377631768704 0.6017162345449992 -0.7173854442736468 -0.3511348707110844 0 0 0 0 0 0
15.95654296875 -20.486557006835938 8.550025939941406 -0.7392640722398459 -0.5714747074256059 0.3562376878829331 0.5997032850626809 -0.7993302198364702 -0.03777789752235311 0 0 0 0 0 0
16.15867805480957 -20.859539031982422 8.805654525756836 -0.7323771550184126 -0.40058514116023614 -0.5505953573076781 0.5389910895625484 -0.8351898581145166 -0.10930007445025226 0 0 0 0 0 0
17.528833389282227 -20.716121673583984 8.235175132751465 0.6423018953552457 -0.3633389493936868 -0.6748578243426915 -0.433942900225568 0.5533913321099154 -0.7109511888234212 0 0 0 0 0 0
17.598308563232422 -20.321632385253906 7.872549057006836 0.012059049377338286 -0.8630493318110312 -0.5049756728681565 -0.4248079243266723 0.4527502152145045 -0.7839358838913323 0 0 0 0 0 0
17.647510528564453 -20.214244842529297 7.326737403869629 -0.6702174921443025 -0.7421053574750804 0.009388909978528913 -0.4838427618412648 0.4273101820625931 -0.7637422275345593 0 0 0 0 0 0
17.580949783325195 -20.321176528930664 6.847967147827148 -0.9139132240464323 0.034861108925011826 0.40440984409083613 -0.3471114920229221 0.4493531722941984 -0.8231617937287672 0 0 0 0 0 0
17.742414474487305 -20.79714012145996 6.145974159240723 -0.7167485186551346 -0.333333146145624 -0.6125035303460137 -0.31651168468370416 0.9381727298520925 -0.1401865985768834 0 0 0 0 0 0
17.704666137695312 -20.371313095092773 5.806154251098633 -0.9350107531992778 -0.3516053563673855 0.046136371503216 -0.3512756580626236 0.9004986794872903 -0.256334820682476 0 0 0 0 0 0
17.433507919311523 -20.116018295288086 5.4095330238342285 -0.6269813649924889 -0.11363551460704102 0.7707018475209128 -0.4757771217839433 0.8392265977829031 -0.2633151115312609 0 0 0 0 0 0
17.056365966796875 -19.84121322631836 5.152978897094727 -0.26597817803443025 -0.0541560143414433 0.9624566145651109 -0.681155846852853 0.7170456591724083 -0.14789264674140926 0 0 0 0 0 0
16.52703285217285 -19.7513427734375 5.091449737548828 0.3354402790527564 0.47224753791303153 0.8151454361793904 -0.6114174037516926 0.7674135265005677 -0.1929902529494747 0 0 0 0 0 0
16.096755981445312 -19.611730575561523 5.231272220611572 0.671364610526043 0.7065979488820825 0.223581972369975 -0.6907324672947645 0.7059052065685505 -0.15680082258808337 0 0 0 0 0 0
15.649861335754395 -19.3463134765625 5.504432678222656 0.7750062216577275 0.6186011680002029 0.12922055308888844 -0.6290789738045215 0.7746615739619295 0.06449101134170912 0 0 0 0 0 0
15.418801307678223 -18.944686889648438 5.7700114250183105 0.6189840649681253 0.47086190611242906 -0.62860782105197 -0.5122266057492619 0.8487435106840459 0.13137106772159268 0 0 0 0 0 0
15.357621192932129 -18.435766220092773 5.8745245933532715 0.26210729896659757 0.02206280762463292 -0.9647865029881757 -0.5017235796986816 0.8571193047605614 -0.11670452853729696 0 0 0 0 0 0
15.38216781616211 -17.907012939453125 5.81823205947876 -0.14903250333953671 -0.3291742423540954 -0.9324342502927261 -0.600004175870105 0.7796374674281129 -0.17933323261658599 0 0 0 0 0 0
15.288823127746582 -17.439950942993164 5.637958526611328 -0.571671201692764 -0.6581655165684807 -0.4899083485258201 -0.6896561088679394 0.7089251029231415 -0.14764704516700003 0 0 0 0 0 0
15.022102355957031 -17.124778747558594 5.303235054016113 -0.5885246904647454 -0.7998581881223742 0.11775214480835547 -0.791946686689597 0.5410392296041043 -0.28301412945428484 0 0 0 0 0 0
14.65890884399414 -17.044776916503906 4.902487754821777 -0.4716157790010227 -0.5468217732420609 0.691783568253588 -0.8657197940074177 0.4362780098677006 -0.24533800433205005 0 0 0 0 0 0
14.209049224853516 -17.06024932861328 4.746832370758057 -0.2671127360699593 -0.2343012192643933 0.934747947245908 -0.928408017850607 0.3225457654503518 -0.18445265403553793 0 0 0 0 0 0
13.687862396240234 -17.226783752441406 4.644629001617432 0.06277589144677627 0.4288930920000221 0.9011714060531011 -0.973534248041756 0.22513159170610095 -0.039329814462443664 0 0 0 0 0 0
13.448184967041016 -16.445344924926758 3.473292827606201 0.06264057963597253 -0.5283238047689425 -0.8467290682959558 -0.9620433054065658 0.19382214589936125 -0.19210844406578262 0 0 0 0 0 0
13.213622093200684 -16.177125930786133 3.216994047164917 -0.37926255901108175 -0.9248604820160727 -0.028160258119615016 -0.9230542286501391 0.38028523158808963 -0.05791401908942331 0 0 0 0 0 0
12.7791166305542 -16.05192756652832 2.9009132385253906 -0.2438283081035964 -0.8673000742694411 0.43397965083579637 -0.9697588541492723 0.2130808357570463 -0.11901395814008126 0 0 0 0 0 0
12.44367504119873 -16.142505645751953 2.594979763031006 -0.3052840195300766 -0.3862059212589245 0.8704290056082146 -0.9522319453674112 0.13099183556516578 -0.27585405785861505 0 0 0 0 0 0
12.012982368469238 -16.46742057800293 2.48819637298584 -0.1857075968229366 0.33537134512780775 0.9236009686815051 -0.9786422581284461 0.021204241565831776 -0.2044742300263629 0 0 0 0 0 0
11.480873107910156 -16.670312881469727 2.575744867324829 0.007362277800006132 0.8032655154865499 0.5955756110652305 -0.9976143183498044 0.04678268380313324 -0.05076467590393266 0 0 0 0 0 0
10.972908020019531 -16.75229835510254 2.7726006507873535 0.18164310700047087 0.9831668305616204 -0.01971712358924612 -0.9809100919844053 0.1797375453395825 -0.07422806907395069 0 0 0 0 0 0
10.513213157653809 -16.57552146911621 2.932464122772217 0.2667270364053556 0.8455308804697765 -0.46253023492785905 -0.9604559318055212 0.27297585525225254 -0.05485057437155564 0 0 0 0 0 0
10.141676902770996 -16.27982521057129 3.0591628551483154 0.16841808193662244 0.5667167485950736 -0.8065156393639351 -0.9124382527257403 0.39920128783052045 0.08997092173170214 0 0 0 0 0 0
9.875556945800781 -15.81644058227539 3.1706387996673584 0.12884006267959922 0.14755880378951325 -0.9806256358432228 -0.7247594102934617 0.6889502578041521 0.008446269156625068 0 0 0 0 0 0
9.725769996643066 -15.346467971801758 3.0946743488311768 -0.16561270725660446 -0.26630973454685475 -0.9495533457793311 -0.5770743706993553 0.8069646054691085 -0.12567138179406284 0 0 0 0 0 0
9.752585411071777 -14.908515930175781 2.919224739074707 -0.6525913372923594 -0.4242645964018305 -0.6277930381351501 -0.40535634984691626 0.8954894759801438 -0.18380649620617856 0 0 0 0 0 0
9.726255416870117 -14.460939407348633 2.6312129497528076 -0.8564047445267408 -0.5146267674069103 -0.04159571877491156 -0.49205906714285985 0.8379329665223856 -0.23610637021794484 0 0 0 0 0 0
9.399895668029785 -14.125391006469727 2.3368325233459473 -0.6812808965653266 -0.4889790047852345 0.5447530384076682 -0.6441991763387868 0.7539134958157626 -0.12892580048727706 0 0 0 0 0 0
8.922718048095703 -13.874750137329102 2.1313323974609375 -0.2881690421867758 -0.4190951486405727 0.8609981762530584 -0.7537597433136454 0.6538296439568443 0.06597761774278947 0 0 0 0 0 0
8.440271377563477 -13.643766403198242 2.0669429302215576 0.18500805249264515 -0.1363390398306561 0.9732336239212729 -0.7478313168629355 0.6229838330788071 0.22943292100630386 0 0 0 0 0 0
7.97402286529541 -13.657181739807129 2.2320122718811035 0.44385187518532354 0.43460610352886087 0.7836536528785745 -0.8214655711778716 0.5467497384992517 0.16204640946473636 0 0 0 0 0 0
7.2706756591796875 -13.597443580627441 0.8810665607452393 -0.455072491587795 -0.6962648818347978 -0.5550893997579589 -0.7412370728704115 0.6416390749716907 -0.19714689769808014 0 0 0 0 0 0
7.041141033172607 -13.316903114318848 0.43047869205474854 -0.6145902662693247 -0.7758180929760403 0.1427763678555405 -0.7759135347980887 0.5618906130871011 -0.2867701613517998 0 0 0 0 0 0
6.641533851623535 -13.21241283416748 -0.019865160807967186 -0.4874988943581027 -0.60975747159014 0.6249325194287995 -0.8616754014592409 0.4515121229667902 -0.2316296728272915 0 0 0 0 0 0
6.104581832885742 -13.225571632385254 -0.22816717624664307 -0.17660681701267647 -0.19208065655274925 0.9653574744947676 -0.9348652595034866 0.33959284667749423 -0.1034584218850959 0 0 0 0 0 0
5.513129711151123 -13.386677742004395 -0.22455039620399475 0.161781195238747 0.2982352029477073 0.940681991211622 -0.8924620452995272 0.45100021832826226 0.010502417228653157 0 0 0 0 0 0
5.020572662353516 -13.394684791564941 0.015230292454361916 0.49426302655824556 0.7496986965582974 0.4400635464978586 -0.8476635341618537 0.52790923209612 0.052710298044322534 0 0 0 0 0 0
4.565170764923096 -13.170198440551758 0.23233872652053833 0.66178979102373 0.7320861287532456 -0.16150595216230826 -0.7496580384709672 0.6481954349087791 -0.13362448697480825 0 0 0 0 0 0
4.273950576782227 -12.768569946289062 0.44815653562545776 0.6378745248131357 0.4514862022510975 -0.6239201068817203 -0.6879320901031696 0.6982271551575805 -0.19806130163875202 0 0 0 0 0 0
4.2035813331604 -12.220531463623047 0.45995187759399414 0.4525603337402889 0.0848534234437215 -0.8876874680059187 -0.49874386203090587 0.8492913176213166 -0.17308615744635608 0 0 0 0 0 0
4.289688587188721 -11.789758682250977 0.4923388957977295 -0.24758513582276473 -0.14626199754614708 -0.9577625115828213 -0.2707028746562082 0.9596131820940605 -0.07656692761353746 0 0 0 0 0 0
4.419980049133301 -11.383342742919922 0.2694159746170044 -0.774150970299972 -0.2657393332922636 -0.5745196967250081 -0.21027219239519335 0.9640317086105679 -0.1625683545426602 0 0 0 0 0 0
4.434780597686768 -10.999215126037598 -0.11901677399873734 -0.9413504822033669 -0.336313681490176 0.027429496860372198 -0.33274368871282806 0.9117022635901991 -0.24099921200345822 0 0 0 0 0 0
4.197664260864258 -10.576193809509277 -0.40671148896217346 -0.8280762023047936 -0.3988730296734724 0.3939417588623673 -0.4969072175198698 0.8475612283078946 -0.1863415719743562 0 0 0 0 0 0
3.76468563079834 -10.296036720275879 -0.6965072154998779 -0.3871977411308936 -0.02582089165708185 0.9216350637954085 -0.6023214778581001 0.763903847378095 -0.23164574088849219 0 0 0 0 0 0
3.364739418029785 -9.936294555664062 -0.8150949478149414 -0.05407883421439511 -0.11776823960561053 0.9915675072480984 -0.698433592627071 0.7141477851958181 0.04672748217002681 0 0 0 0 0 0
2.87827467918396 -9.796412467956543 -0.6662300825119019 0.4452893329454351 0.24509727380420823 0.861187979676188 -0.6867189787821 0.7106787955188603 0.1528158819636617 0 0 0 0 0 0
2.4120984077453613 -9.348325729370117 -0.56098473072052 0.7316615769432389 0.1020593781796265 0.6739845845051063 -0.4624928110309109 0.8006685409393961 0.3808284223829743 0 0 0 0 0 0
2.1581742763519287 -9.380209922790527 -0.15618792176246643 0.7684958329072288 0.6321731304262715 0.09884982534771067 -0.6393210288744405 0.7523275335388311 0.15897139465421462 0 0 0 0 0 0
1.0750048160552979 -9.655585289001465 -0.930902361869812 -0.6006675804282695 -0.7838717050613668 -0.15730101025306215 -0.7510728457877933 0.6206895732264525 -0.22502007467821603 0 0 0 0 0 0
0.7509915828704834 -9.548065185546875 -1.3513964414596558 -0.6173554871847072 -0.6474422293395216 0.4468677232815129 -0.7865814462270473 0.49883232429939306 -0.3639449693091413 0 0 0 0 0 0
0.2902085781097412 -9.455272674560547 -1.6844289302825928 -0.40202955801451373 -0.2568406341694265 0.878865816334952 -0.8186206124761894 0.5307973227561394 -0.2193501652245177 0 0 0 0 0 0
-0.24179816246032715 -9.455108642578125 -1.82051682472229 -0.08752778527749738 0.23606100371186822 0.9677882461215167 -0.7506751403814232 0.6230166914830926 -0.2198568528538322 0 0 0 0 0 0
-0.8109816312789917 -9.38177490234375 -1.624802827835083 0.48442207010115207 0.6774914934786884 0.5534803829070467 -0.7469846141876981 0.6496302797195878 -0.1414018593877253 0 0 0 0 0 0
-1.2822415828704834 -9.108383178710938 -1.426830530166626 0.7361024240463139 0.676807226446236 0.009230359868063306 -0.6749698634003559 0.7329464410945082 0.08488343765540926 0 0 0 0 0 0
-1.479884147644043 -8.737433433532715 -1.1697642803192139 0.5868250038855747 0.5064965597080427 -0.6317417588054569 -0.6742529885076877 0.7376760566341857 -0.03488470950273263 0 0 0 0 0 0
-1.5530245304107666 -8.229988098144531 -1.0061200857162476 0.2886530874187266 0.09889211490741119 -0.9523128397395345 -0.5405292214094385 0.8378092035685085 -0.07683683503637796 0 0 0 0 0 0
-1.6402214765548706 -7.6684417724609375 -1.0119041204452515 0.023189001295772168 -0.21478242485358975 -0.9763865936159288 -0.5403764663284812 0.8189914432791565 -0.1929929803745927 0 0 0 0 0 0
-1.7515345811843872 -7.1690192222595215 -1.2148821353912354 -0.2604134290390351 -0.664292310032799 -0.7006429709969402 -0.6310825158275356 0.6663161852909256 -0.3971871088493902 0 0 0 0 0 0
-1.8556941747665405 -6.870384216308594 -1.7052125930786133 -0.6543165947735338 -0.7454763680781252 -0.12702274773053263 -0.6023522141300709 0.6153324635383275 -0.5084660946891685 0 0 0 0 0 0
-2.081439256668091 -6.818064212799072 -2.158371686935425 -0.7409784851485447 -0.47895619998149414 0.4706929392356072 -0.66379420082659 0.41632633978129313 -0.6213289287915864 0 0 0 0 0 0
-2.5767338275909424 -6.92050313949585 -2.546454429626465 -0.49760695300407815 -0.024920640290328904 0.8670445674874603 -0.7701893632352935 0.47249049936497517 -0.4284402791160625 0 0 0 0 0 0
-3.0567209720611572 -6.8695969581604 -2.6960866451263428 -0.13143588487852512 0.3429962086115372 0.9300958063792729 -0.8106868315337026 0.5027917899559003 -0.2999787944685221 0 0 0 0 0 0
-3.5714352130889893 -6.810547828674316 -2.635767936706543 0.42820740144638897 0.7057328332465791 0.5644285512128947 -0.8012629112673664 0.5853263545687597 -0.12397905337028312 0 0 0 0 0 0
-4.017838001251221 -6.601015567779541 -2.5144147872924805 0.661050338803117 0.738049506490263 0.13526039900045944 -0.7482161627693371 0.6619376753290371 0.044845153034851995 0 0 0 0 0 0
-4.318637371063232 -6.267435073852539 -2.2588706016540527 0.6171525148423022 0.5742234727907853 -0.5379499760385832 -0.6726093352627216 0.7397782454106151 0.0180230334470059 0 0 0 0 0 0
-4.544450759887695 -5.81577205657959 -2.0336358547210693 0.4553191776905587 0.18178864570645523 -0.8715717610841958 -0.4655650782418462 0.8830424539670648 -0.05903543354196619 0 0 0 0 0 0
-4.388102054595947 -5.298640727996826 -2.0239055156707764 -0.11858591157351757 -0.10447180514874 -0.9874325412428139 -0.4310368693655426 0.9012807612097303 -0.04359136062067285 0 0 0 0 0 0
-4.396387577056885 -4.747308731079102 -2.151618242263794 -0.4824817082488694 -0.4679393673123851 -0.7404351083819147 -0.4778803679479814 0.8490680864143555 -0.22519711046673468 0 0 0 0 0 0
-4.353522777557373 -4.3640360832214355 -2.586703300476074 -0.8619682516094018 -0.43092154124126075 -0.26705310054685283 -0.3666130328554635 0.8936742216530277 -0.2587301097541105 0 0 0 0 0 0
-4.595523357391357 -4.008543014526367 -3.005228042602539 -0.806561639091698 -0.5080490634104131 0.30223247924985763 -0.5510394946177978 0.8312618194206863 -0.07320698699422337 0 0 0 0 0 0
-4.947399616241455 -3.666463613510132 -3.2321996688842773 -0.48158686487363433 -0.37879771019787783 0.7903077794948171 -0.5509305659689578 0.8321592410293117 0.06313880780188758 0 0 0 0 0 0
-5.370314121246338 -3.3820290565490723 -3.256594181060791 0.11227117965594353 -0.09847644302139326 0.9887859082675668 -0.5901991131192867 0.7939297779585841 0.1460839297932558 0 0 0 0 0 0
-5.761412143707275 -3.1394803524017334 -3.0223848819732666 0.6494466926982022 0.18346285830453243 0.7379433399429105 -0.6017910551831422 0.7172384395789165 0.3513069123885287 0 0 0 0 0 0
-6.051476955413818 -3.068652629852295 -2.619394302368164 0.7531990454765553 0.6011015379123481 0.2671481592910874 -0.6568609058341984 0.6657015445907404 0.35408361147641226 0 0 0 0 0 0
-6.240191459655762 -2.912442684173584 -2.104644536972046 0.4858248448245547 0.7761097940029692 -0.4020296106058185 -0.7068327498013208 0.6194210467372366 0.3416211800624333 0 0 0 0 0 0
-6.494858741760254 -2.5905373096466064 -1.747940182685852 0.41952473552334346 0.7021350920753857 -0.575330608224835 -0.5351805957505484 0.7032487093254901 0.46799891320826864 0 0 0 0 0 0
-6.50701379776001 -2.15244197845459 -1.4296762943267822 -0.06665625889837076 0.3514602200050561 -0.9338268880813354 -0.6010606097884993 0.7328926186197778 0.3187390044116387 0 0 0 0 0 0
-6.507646560668945 -1.616468906402588 -1.3279320001602173 -0.46026823494915925 -0.09549449205371019 -0.8826290012707431 -0.7412032340986678 0.588550191301476 0.32284119638093206 0 0 0 0 0 0
-6.807032585144043 -1.1403789520263672 -1.387850046157837 -0.6058390624825984 -0.6206353963817075 -0.49776574322499056 -0.7839453591870013 0.572338792784376 0.24053685805565592 0 0 0 0 0 0
-7.047871112823486 -0.730556309223175 -1.564074158668518 -0.6227351923600145 -0.733655700119948 0.27193784929252657 -0.6999782077112497 0.6776781165000787 0.22535056943849166 0 0 0 0 0 0
-5.911716938018799 0.2898741662502289 -1.132458209991455 0.7959219230716208 0.2847409824473983 -0.5342573025133707 -0.3183736124605878 0.9474692216840149 0.030664586256503708 0 0 0 0 0 0
-5.883946895599365 0.7451223134994507 -0.9038304686546326 0.3573322352526002 0.07825955747766314 -0.9306928146884882 -0.056435979789469085 0.9964716581974972 0.06212257717072811 0 0 0 0 0 0
-5.627064228057861 1.195246696472168 -0.9017842411994934 -0.4408628689433268 -0.12535939975963217 -0.8887772227498654 -0.2952653388681517 0.9553434908724219 0.011712988976798202 0 0 0 0 0 0
-5.598825454711914 1.7546844482421875 -1.0495349168777466 -0.6273192199875126 -0.32328510010902595 -0.7084894778906431 -0.3433122861740054 0.931392342938274 -0.1210164355694318 0 0 0 0 0 0
-5.51549768447876 2.119936943054199 -1.398032784461975 -0.8918813645803563 -0.3421695893349875 -0.295749224256984 -0.1782446544789139 0.8669278104022791 -0.4654728936262595 0 0 0 0 0 0
-5.51641845703125 2.3639938831329346 -1.8652527332305908 -0.9596874520103367 -0.004689127598144512 0.2810302591114987 -0.1463443594064743 0.8619755186251512 -0.48536742140445566 0 0 0 0 0 0
-5.756619930267334 2.484494924545288 -2.301630973815918 -0.489834063505187 0.40395699912091926 0.7725809556876342 -0.260617608882671 0.7778042869026175 -0.5719256535741248 0 0 0 0 0 0
-6.069904327392578 2.6920273303985596 -2.584535837173462 0.2083133590577086 0.49145111050522566 0.8456248284087186 -0.17733166078604817 0.8692405208729288 -0.461491493914483 0 0 0 0 0 0
-6.377595901489258 3.045133352279663 -2.72212553024292 0.5645921259412237 0.32292124256748134 0.7595772524396995 -0.33005669496960505 0.9318342269085567 -0.15082291492831515 0 0 0 0 0 0
-6.717822551727295 3.367182731628418 -2.5743980407714844 0.8838178649148768 0.3865489450974185 0.2635258900020673 -0.396484295077022 0.9178903721672875 -0.016657383944529463 0 0 0 0 0 0
-6.829401969909668 3.7305305004119873 -2.225198745727539 0.7903970883280166 0.4223372223168118 -0.4437383388984026 -0.416880843639671 0.9015871409890759 0.11554648159689034 0 0 0 0 0 0
-6.770017147064209 4.16961669921875 -1.9603428840637207 0.44410522416932585 0.2872869630957517 -0.8486676326458629 -0.29147774219603806 0.9420018773746233 0.16635260390804063 0 0 0 0 0 0
-6.388399600982666 4.662668228149414 -1.951324224472046 -0.349144467776563 0.009335426326770663 -0.9370224065817839 -0.38644647114371183 0.9095235770796224 0.15305550521578956 0 0 0 0 0 0
-6.344130039215088 5.165336608886719 -2.062713623046875 -0.6588129637451458 -0.22688362953214966 -0.7172790931371524 -0.46552111592794476 0.8719255428549444 0.15177594783862006 0 0 0 0 0 0
-6.2596917152404785 5.655307292938232 -2.3709704875946045 -0.9315618549303979 -0.27294506884043745 -0.24019471233631523 -0.33076344077061837 0.9104959315650338 0.2481787759924347 0 0 0 0 0 0
-6.378238201141357 6.03117561340332 -2.6801164150238037 -0.8943811338643971 -0.3164889316055609 0.31609673133173327 -0.3362546698565862 0.9417325916268451 -0.008516035898488405 0 0 0 0 0 0
-6.70241117477417 6.449148654937744 -2.8452465534210205 -0.3705853137614452 -0.2817077808608813 0.8850464685126815 -0.46056492200151006 0.8832250124839869 0.08828097158733925 0 0 0 0 0 0
-5.291535377502441 7.07822847366333 -3.3573083877563477 0.5378180195348934 -0.5878421967033863 -0.6043122782456949 0.015161721388377855 0.7234355489691366 -0.6902254187526459 0 0 0 0 0 0
-4.953838348388672 7.36483097076416 -3.6774208545684814 -0.04384108980805492 -0.7455059484849447 -0.6650555161924492 -0.07149339169731 0.666329995358088 -0.7422216867147615 0 0 0 0 0 0
-4.920155048370361 7.688563823699951 -4.123514652252197 -0.3414414601115947 -0.843700239786397 -0.4142313782190316 -0.15349379375635117 0.484853448420485 -0.8610207830436191 0 0 0 0 0 0
-4.7406535148620605 7.766824245452881 -4.581689357757568 -0.9319501105061122 -0.36186475901610227 -0.022866738067845834 -0.20601285290640473 0.5803544893853881 -0.7878752255830804 0 0 0 0 0 0
-4.7228217124938965 7.745849132537842 -5.123332500457764 -0.9732516738666774 0.0024891011784801955 0.22972806465696358 -0.1862193357760705 0.5770740801978277 -0.7951778825815958 0 0 0 0 0 0
-4.923717975616455 7.8102641105651855 -5.619612216949463 -0.6460794497619952 0.425781959583392 0.6334753882263813 -0.21605622267652902 0.6939848712080595 -0.6868076202089514 0 0 0 0 0 0
-5.356466770172119 8.057113647460938 -5.9578118324279785 -0.17648865449313103 0.5304708870242372 0.8291274889031984 -0.35862167961844904 0.7497974236118299 -0.5560524385817446 0 0 0 0 0 0
-5.77345609664917 8.2738037109375 -6.116236686706543 0.39990188370698654 0.6630397121404465 0.6328165796913965 -0.3958970092954882 0.7476538117492422 -0.5331785215176217 0 0 0 0 0 0
-6.0446953773498535 8.704357147216797 -6.118635654449463 0.9526454457290658 0.2965783778651756 0.06714104939998078 -0.20611542341533362 0.792126408694105 -0.574501683965937 0 0 0 0 0 0
-6.15764045715332 9.233370780944824 -6.3189849853515625 0.9952797030616253 -0.09573937929441365 -0.015883448173607522 0.05859852771909965 0.7233189378504353 -0.6880232021495146 0 0 0 0 0 0
-5.984958648681641 9.77929973602295 -6.340482234954834 0.8007310166845731 -0.40373264922282404 -0.4425265945350742 0.04899908868793433 0.7804151696295862 -0.6233387941719786 0 0 0 0 0 0
-5.703566551208496 10.195232391357422 -6.4651336669921875 0.2936794976000567 -0.6564119491570981 -0.6948925857232595 0.03777220307704806 0.7343491956760534 -0.6777200893323436 0 0 0 0 0 0
-5.5795578956604 10.636784553527832 -6.827640056610107 -0.30777511825968834 -0.7830939999866477 -0.5404056474215893 -0.10546021643233963 0.5925532608596452 -0.798598006380335 0 0 0 0 0 0
-5.535666465759277 10.746232986450195 -7.272350788116455 -0.8699749101380658 -0.4753879049129391 -0.13095799171012984 -0.20388619950483178 0.5886172846959927 -0.782278792892018 0 0 0 0 0 0
-5.513524055480957 10.866296768188477 -7.7994489669799805 -0.9081657573910421 -0.38625816102441934 0.16136787209475362 -0.33148557744631213 0.42815895580394453 -0.840712329224427 0 0 0 0 0 0
-5.733499050140381 10.773051261901855 -8.3197603225708 -0.8328570430471661 0.14233245395499955 0.5348743949731364 -0.45141241727219217 0.38451296213362185 -0.8052183626096118 0 0 0 0 0 0
-4.5043182373046875 11.404899597167969 -7.859458923339844 0.9097562897295279 0.34131939299720104 0.23631454729149812 -0.05800353445559042 0.6681603346971299 -0.7417528949239622 0 0 0 0 0 0
-4.5501227378845215 11.936636924743652 -7.9523515701293945 0.9796411339661264 -0.19532669705094624 -0.046375964256603286 0.11464854864018392 0.73395460573203 -0.6694522738922021 0 0 0 0 0 0
-4.4101176261901855 12.398890495300293 -8.174676895141602 0.784251899505846 -0.5648143391381457 -0.256775622724222 0.22028004273209184 0.6403707841438138 -0.7358002185301286 0 0 0 0 0 0
-4.035541534423828 12.718266487121582 -8.31174373626709 0.2593074617778503 -0.7987989471806455 -0.5428442522947268 0.36208650280995464 0.6014803951168896 -0.7121198626445461 0 0 0 0 0 0
-3.597933530807495 12.854528427124023 -8.476758003234863 -0.31371739134538223 -0.5505671075351548 -0.7736001929083405 0.37756197396432356 0.6752183740792276 -0.633661662973205 0 0 0 0 0 0
-3.1955912113189697 12.950265884399414 -8.86795711517334 -0.7412589220033162 -0.26978517327689866 -0.6146146523069844 0.33523688603989543 0.6444832159485446 -0.6872100221903751 0 0 0 0 0 0
-3.028553009033203 13.103584289550781 -9.397327423095703 -0.9762759573649811 -0.00881671507847929 -0.2163504578370808 0.17349625007704209 0.5659721015359935 -0.8059619293069218 0 0 0 0 0 0
-3.0762057304382324 13.21984577178955 -10.00145435333252 -0.8843627653938718 0.3700516000252957 0.28454228596752085 -0.02026650401440722 0.5785466613880689 -0.8153974671359687 0 0 0 0 0 0
-2.486248254776001 13.02886962890625 -10.683656692504883 0.7677988429971732 -0.5669093663599274 -0.2984940653104979 -0.48034209740314354 -0.2010428211297843 -0.8537290281667402 0 0 0 0 0 0
-2.4079794883728027 13.045389175415039 -11.098958969116211 -0.17118409312585484 -0.9807094548699126 0.0943661559534864 -0.5127576588647699 0.006895081707447526 -0.8585057024410309 0 0 0 0 0 0
-2.4745614528656006 12.834511756896973 -11.570809364318848 -0.7312558408421165 -0.47575135429620774 0.4888001065053213 -0.5400233899138763 -0.03398383766297488 -0.8409636360293008 0 0 0 0 0 0
-2.699453115463257 12.617667198181152 -11.892738342285156 -0.7398042421158284 0.6166560232230497 0.2691189929569417 -0.40168483428627816 -0.08392355442316334 -0.9119244107476167 0 0 0 0 0 0
-2.9801762104034424 12.32916259765625 -12.137043952941895 -0.2041558645708609 0.974720603958221 -0.09077514627168158 -0.39137676475216066 -0.16626422336760063 -0.9050858721911975 0 0 0 0 0 0
-3.387331008911133 12.134209632873535 -12.263216972351074 0.3632360694511286 0.8054195010708827 -0.4683577533728096 -0.3577589462800956 -0.3435825059168637 -0.8683084693727477 0 0 0 0 0 0
-3.246843099594116 11.562978744506836 -11.831103324890137 0.10203193434993803 0.9024854205202809 0.418460930220662 0.6070453288814465 -0.389740317511527 0.6925304712351875 0 0 0 0 0 0
-2.7555832862854004 11.606520652770996 -11.69790267944336 -0.369729451694308 0.4557633891961026 0.8096788657352423 0.7689564200003265 -0.3390540665656577 0.5419855755327553 0 0 0 0 0 0
-2.2840774059295654 11.673205375671387 -11.443487167358398 -0.615222637999376 0.17736347869575575 0.7681427615476365 0.7867694110584801 0.0763989277018131 0.6125006919740625 0 0 0 0 0 0
-1.950626015663147 11.905457496643066 -11.093446731567383 -0.6404610582023879 -0.5134586536792471 0.571112811875353 0.721051536997908 -0.14602992716813185 0.6773181980164307 0 0 0 0 0 0
-1.7169462442398071 12.025142669677734 -10.595946311950684 -0.4629296783720511 -0.8575477427998377 0.22429440853764585 0.6738444127751289 -0.17607384811500568 0.7175874214210529 0 0 0 0 0 0
-1.4734277725219727 12.014460563659668 -10.106032371520996 -0.19510201757423595 -0.9166469766972797 -0.3488459872926724 0.5998595700812344 -0.3929234771921431 0.6969789360182933 0 0 0 0 0 0
-1.4185025691986084 11.679814338684082 -9.703279495239258 0.02272503718525693 -0.6969607438760489 -0.7167491152283854 0.39401895396113984 -0.6526607742597907 0.6471344355402361 0 0 0 0 0 0
-1.3149486780166626 11.287412643432617 -9.387372016906738 0.3393259782542576 -0.35158254983464354 -0.8724950378847787 0.42362281170320054 -0.7710324275026246 0.4754500069871541 0 0 0 0 0 0
-1.4174268245697021 10.864099502563477 -9.384329795837402 0.9269207811535413 -0.05271051212164586 -0.3715366299270941 0.1652258998511942 -0.8316216866314579 0.5301940893131615 0 0 0 0 0 0
-1.3066251277923584 10.369107246398926 -9.278302192687988 0.9411827329434735 0.31842253944813625 -0.11305816901247882 0.3342239036187371 -0.8280842581069735 0.4500787083669661 0 0 0 0 0 0
-1.0837299823760986 9.897346496582031 -9.2377290725708 0.6654121696411017 0.6637429297968389 0.3415727852716462 0.4732391279013876 -0.7289688109668682 0.49462025884579863 0 0 0 0 0 0
-0.6070840358734131 9.538050651550293 -9.102583885192871 0.014158335039407314 0.8132604388452721 0.5817275996186766 0.41297871562055116 -0.5346013365707261 0.7373262448748136 0 0 0 0 0 0
-0.31432849168777466 9.332390785217285 -8.687224388122559 -0.42233424163676303 0.8374767779851201 0.34679451361975433 0.3061561443062943 -0.22831264346526853 0.9241978966311301 0 0 0 0 0 0
-0.05479346960783005 9.543127059936523 -8.264147758483887 -0.9251075123148484 0.14697328904145288 0.35010704501190815 0.3204577277339829 -0.19237709038176828 0.927522452467765 0 0 0 0 0 0
0.9216411709785461 8.565784454345703 -8.68008804321289 0.59092447343366 0.2337264109702428 -0.772127082488447 0.7567365314485056 -0.49227737387600456 0.4301311534183841 0 0 0 0 0 0
1.2501614093780518 8.095343589782715 -8.64146900177002 0.5214896583531836 0.8328642389548808 -0.18543380409404053 0.7479720023276765 -0.34163789108359943 0.5690531039453848 0 0 0 0 0 0
1.8424204587936401 7.850459575653076 -8.648009300231934 0.02734831315958854 0.965793671912939 0.2578655716846429 0.8103122517739285 -0.1724757836546197 0.5600412115887461 0 0 0 0 0 0
2.4060251712799072 7.889353275299072 -8.657387733459473 -0.3063589031424666 0.5945716288050862 0.7433900730339433 0.8653662649340337 -0.15140449748972157 0.4777215775470109 0 0 0 0 0 0
2.891749382019043 8.018415451049805 -8.38149642944336 -0.4821763281868067 0.2962013955359963 0.8244820930856032 0.8338292416337117 -0.133554132435745 0.5356230852996205 0 0 0 0 0 0
3.288496732711792 8.231667518615723 -8.063385963439941 -0.4998633976650768 -0.03998835658593757 0.865180625657025 0.8601689176935412 0.09382580488733613 0.5013044497819321 0 0 0 0 0 0
3.609088182449341 8.316058158874512 -7.609783172607422 -0.7446178887312178 -0.4836176565466621 0.4600632152843547 0.6037912159839334 -0.19416940850160183 0.7731328529449394 0 0 0 0 0 0
3.8012537956237793 8.396553993225098 -7.148963928222656 -0.48558775545008265 -0.8682927384517527 0.10135211941003937 0.543517082144132 -0.20906717338815395 0.8129453231484985 0 0 0 0 0 0
3.8833420276641846 8.23715591430664 -6.640994071960449 -0.12752357675746645 -0.8392537434894197 -0.5285743953408812 0.28299963255571703 -0.5415601338020684 0.7915957487566588 0 0 0 0 0 0
3.6973798274993896 7.9280314445495605 -6.318580627441406 0.6140440431515936 -0.6487277487462161 -0.4495578061570174 -0.05456629230409961 -0.6031153294805007 0.7957854102016515 0 0 0 0 0 0
3.5230770111083984 7.367090225219727 -6.08359432220459 0.9402366284893614 -0.11732424117162331 -0.31967187064310426 0.14354992072805556 -0.7147137336712615 0.6845273545744204 0 0 0 0 0 0
3.5894980430603027 6.778270244598389 -6.056060791015625 0.9346149877143398 0.32274931505658183 0.14942457753071126 0.17378272450403406 -0.7809755766059819 0.5998972523765292 0 0 0 0 0 0
3.8872759342193604 6.340950965881348 -6.001258850097656 0.5374557987483727 0.5832935690193894 0.6090237078573965 0.14976080262761352 -0.7767377185035701 0.6117599354732228 0 0 0 0 0 0
4.246456623077393 6.005232334136963 -5.690215587615967 -0.11191049382363023 0.7291985688532193 0.6750892448814216 -0.046065219810437645 -0.6824332607201815 0.7294949212891318 0 0 0 0 0 0
4.522503852844238 5.745221138000488 -5.37603235244751 -0.6205925195849165 0.5981155330239757 0.5070727105560803 0.085371169970153 -0.5912850270047035 0.8019312814561945 0 0 0 0 0 0
4.755664348602295 5.715992450714111 -4.9345011711120605 -0.9678647108439642 0.1873499576379847 0.1677435389991966 0.03555846646205539 -0.5583847588216545 0.8288196767563798 0 0 0 0 0 0
4.843677997589111 5.616179943084717 -4.48101282119751 -0.9862395144723168 -0.14621984845729682 -0.07714516193860577 -0.00888971850166381 -0.41905433601912456 0.907917637436641 0 0 0 0 0 0
6.214667320251465 5.702585220336914 -4.553438663482666 0.7171819430814808 0.6926057633612476 -0.07711885033281554 0.5933658574808343 -0.5488618264617695 0.5887848967399596 0 0 0 0 0 0
6.738542556762695 5.434581279754639 -4.563564300537109 0.23079741482325286 0.8524898758104611 0.4690347161475022 0.600354536540594 -0.5041173730857217 0.6208382274057228 0 0 0 0 0 0
7.235968112945557 5.31612491607666 -4.504228115081787 -0.2510338977408254 0.525384106098054 0.8129904816445256 0.7050364385563519 -0.4762442911694745 0.5254664551008563 0 0 0 0 0 0
7.721228122711182 5.33040189743042 -4.306729316711426 -0.6525132979136445 0.10334337424865114 0.7506973711454987 0.6818859091445382 -0.3520483167535492 0.641165805062247 0 0 0 0 0 0
8.06334400177002 5.434795379638672 -3.855616569519043 -0.8123635259260062 -0.28245160634953864 0.5101829003559727 0.5792619005223264 -0.28997105394973327 0.7618217891833652 0 0 0 0 0 0
8.292326927185059 5.392311096191406 -3.3846473693847656 -0.6929798961816145 -0.7128557181309912 0.10777564017934517 0.4299340210906139 -0.2886062993733797 0.8554900008012127 0 0 0 0 0 0
8.357928276062012 5.367268085479736 -2.8749020099639893 -0.5000963368239829 -0.8268778230871615 -0.25724836166994436 0.27300684478190174 -0.43245896414938634 0.8593291028640135 0 0 0 0 0 0
8.13274097442627 5.2599287033081055 -2.4605774879455566 0.2703047353080454 -0.8829876007888267 -0.38375545197852123 0.19753392660143465 -0.33925067220099 0.9197224196748689 0 0 0 0 0 0
7.967090129852295 4.9718828201293945 -2.0948591232299805 0.7144229112669677 -0.6027082398688532 -0.35544715704450247 0.05133356492989207 -0.46147384255125096 0.8856674080898381 0 0 0 0 0 0
7.928368091583252 4.488582134246826 -1.7163770198822021 0.9351950845071093 -0.07236237652278785 -0.3466609876777531 0.2601685621958929 -0.5237268930663278 0.8111858361214236 0 0 0 0 0 0
8.05983829498291 4.016348361968994 -1.5446490049362183 0.9204413644513927 0.39082655447458386 -0.006503762325261663 0.29713404328400034 -0.6887803413607069 0.6612813332287025 0 0 0 0 0 0
8.343134880065918 3.540470838546753 -1.478219985961914 0.6336928409419162 0.6992629755659397 0.3308544609667992 0.42731400223153093 -0.6729290053092439 0.6037957413814569 0 0 0 0 0 0
8.794483184814453 3.285996198654175 -1.4348572492599487 0.09327694065682175 0.7429718251864912 0.6627912788508595 0.6087155380903785 -0.5693430697887877 0.5525521356133017 0 0 0 0 0 0
9.36227035522461 3.1156394481658936 -1.218352198600769 -0.3999284754830338 0.6704813694563005 0.624909551623129 0.3891344208628527 -0.4930968833737335 0.7780937386374749 0 0 0 0 0 0
9.72427749633789 3.107175350189209 -0.822535514831543 -0.8377475003065473 0.19292933257160674 0.5108398950391461 0.35837605230456515 -0.5115857721903049 0.7809267589390475 0 0 0 0 0 0
9.972197532653809 3.224701404571533 -0.3698223829269409 -0.870512874506372 -0.3994281281448257 0.2875143574943243 0.4516810066859253 -0.41643993773359855 0.7890260112693535 0 0 0 0 0 0
10.016453742980957 3.181257724761963 0.17469459772109985 -0.7391654346682692 -0.6662976926835957 -0.09839636637694152 0.2923657389158254 -0.44902731238440396 0.8443321310012087 0 0 0 0 0 0
9.896890640258789 3.0389063358306885 0.7238996028900146 -0.372722112780086 -0.8159773751207702 -0.44188137541173517 0.14749979535935398 -0.5222371404313424 0.8399477242799359 0 0 0 0 0 0
9.793286323547363 2.792877435684204 1.1429744958877563 0.041793891106954105 -0.7686094457795436 -0.6383516198182649 -0.1490985953136861 -0.6365536788280598 0.7566829077268424 0 0 0 0 0 0
9.416966438293457 2.5103015899658203 1.3741352558135986 0.687643798755314 -0.5914659103465676 -0.4210867878849531 -0.15152209383337398 -0.6841068201727949 0.7134696305193498 0 0 0 0 0 0
9.176361083984375 1.999659538269043 1.6072137355804443 0.9250899632444719 -0.22206894109058306 -0.30804860867604783 0.0201231898907909 -0.7813857151334326 0.6237238342520135 0 0 0 0 0 0
9.189080238342285 1.477998971939087 1.5488240718841553 0.9237244376744878 0.26763754300995934 0.2740498290722754 0.06483026240847081 -0.8143357294885053 0.5767619584841506 0 0 0 0 0 0
9.310873031616211 0.9791042804718018 1.6434969902038574 0.5921994560703803 0.5510342614442658 0.58792945745601 -0.002642342767989589 -0.7282979357992211 0.6852555251402869 0 0 0 0 0 0
9.670249938964844 0.6566665172576904 1.8672258853912354 -0.11151672488686493 0.6747409751280846 0.7295811377452877 0.20408173229408055 -0.7029630004619407 0.6813175959311436 0 0 0 0 0 0
9.957406997680664 0.5013440847396851 2.207547187805176 -0.7308981580025867 0.37977922334018366 0.5670587484093271 0.3141626250478821 -0.5503876911076675 0.7735471766480665 0 0 0 0 0 0
10.137578010559082 0.5488276481628418 2.6770708560943604 -0.9093168130444834 -0.3778222152547637 0.1743367636920197 0.36118002413660144 -0.508629123802901 0.7815659950280444 0 0 0 0 0 0
10.166975975036621 0.5193737745285034 3.215374708175659 -0.7415485318520783 -0.6662186178086787 -0.07911086014651328 0.3061787412619066 -0.4409818923569335 0.843676211003115 0 0 0 0 0 0
9.989189147949219 0.5233597755432129 3.6495492458343506 -0.14412305060066224 -0.9531879772441497 -0.26582179429603864 0.23941423258154476 -0.294233259169355 0.9252608358922199 0 0 0 0 0 0
9.820018768310547 0.23454786837100983 4.175406455993652 0.38251225747728174 -0.7671519386808435 -0.5149390991737344 0.3158663849385529 -0.4151682962827594 0.8531492909377121 0 0 0 0 0 0
9.825716972351074 -0.07410243898630142 4.633268356323242 0.6039463488468033 -0.4040746577456865 -0.6870025317874174 0.39356332163533336 -0.5983500923117263 0.697914807762317 0 0 0 0 0 0
9.94437313079834 -0.47319886088371277 5.03908634185791 0.6321888274606386 -0.11958614948554852 -0.7655301687622527 0.49564070801219823 -0.69700670433999 0.5181910291256235 0 0 0 0 0 0
10.024368286132812 -0.9732358455657959 5.169877529144287 0.823603160691729 0.30684861702899485 -0.47699241076351234 0.4855798292587183 -0.8160607533168935 0.31345984800758464 0 0 0 0 0 0
10.21776008605957 -1.4429755210876465 5.011558532714844 0.6765582930195682 0.667180392418002 0.31167162225555484 0.5321477835381282 -0.7355155065342458 0.4193276476970359 0 0 0 0 0 0
8.801920890808105 -2.3146283626556396 4.85135555267334 -0.19869814134927868 -0.6310360528389436 -0.749875022014861 0.13387186735314005 -0.7754350988001641 0.617072711015617 0 0 0 0 0 0
8.524813652038574 -2.6428916454315186 5.119169235229492 0.40597472374083043 -0.5772569705557445 -0.7084905882426109 0.01324256474034299 -0.7714547060931375 0.636146422552111 0 0 0 0 0 0
8.286154747009277 -3.079821825027466 5.157513618469238 0.8718098977740775 -0.26720400444463516 -0.4105478317466845 -0.0023395128950339746 -0.8403806610540485 0.541991578537688 0 0 0 0 0 0
8.195049285888672 -3.7057101726531982 5.095115661621094 0.9985159331793292 0.053563237851341566 -0.009844325161942016 0.051562302758020526 -0.8716269506099024 0.48745029275278234 0 0 0 0 0 0
8.42426872253418 -4.219020366668701 5.083538055419922 0.7529532232209473 0.45869444963385086 0.47186952170730945 0.27173365788142845 -0.8697746383818705 0.41188942399880224 0 0 0 0 0 0
8.877259254455566 -4.567002296447754 5.1738200187683105 0.2124115797776643 0.5944672751605449 0.7755578505434355 0.3893899342344304 -0.7794262039425093 0.49078536217441965 0 0 0 0 0 0
9.366486549377441 -4.768040657043457 5.293961524963379 -0.39736529226970785 0.29350891509897453 0.8694557730309418 0.3216449533684957 -0.8428155882705205 0.4315164054132762 0 0 0 0 0 0
9.660592079162598 -5.011441230773926 5.666379451751709 -0.8398455619443923 0.13452282322732678 0.5258926146213285 0.3200306492942513 -0.6598190782951016 0.6798670218727356 0 0 0 0 0 0
9.801628112792969 -5.053613662719727 6.197514057159424 -0.9691531501031874 -0.23900705753455587 0.06014813458239923 0.1965908898033887 -0.6024929940136677 0.7735335895814471 0 0 0 0 0 0
9.7992582321167 -5.186276435852051 6.691340446472168 -0.7146881569303241 -0.5366079976244774 -0.4486342555233443 0.053766834875323286 -0.68166694198414 0.7296843890844049 0 0 0 0 0 0
9.65568733215332 -5.326610088348389 7.112559795379639 -0.19459965686859826 -0.7350958467209605 -0.6494344229252234 0.2562171522358909 -0.6771994552521944 0.6897489896377242 0 0 0 0 0 0
9.479828834533691 -5.655517101287842 7.512009620666504 0.26550586907176404 -0.6557835223856087 -0.7067210236408502 0.17178779555758078 -0.6891204862116593 0.7039899919607332 0 0 0 0 0 0
9.203910827636719 -6.069598197937012 7.718874931335449 0.7025218832451916 -0.3557181018482321 -0.6163827022062837 0.08863766336425909 -0.8156371139092513 0.5717337343966257 0 0 0 0 0 0
9.144635200500488 -6.70844030380249 7.725913047790527 0.9528868950377192 0.039762331309137214 -0.3007083674829105 0.2062324727655366 -0.8119013384366882 0.546154175871362 0 0 0 0 0 0
9.258713722229004 -7.201073169708252 7.8214111328125 0.9052217979865369 0.4166454998323297 0.0835465374476378 0.33941207699494313 -0.827213257381532 0.44779199278483567 0 0 0 0 0 0
9.404213905334473 -7.692101955413818 7.799895286560059 0.5193955971369468 0.6204511084427048 0.5875956396255622 0.08321235617921535 -0.7210760343970443 0.6878408656057997 0 0 0 0 0 0
8.36332893371582 -8.439889907836914 7.062058448791504 -0.17876705920788125 -0.4551944968179021 -0.8722616056028505 -0.03906423754964884 -0.8825597509061742 0.46857472341676354 0 0 0 0 0 0
8.122818946838379 -8.820943832397461 7.270002365112305 0.6685019876676893 -0.262943384009266 -0.6956765550815296 0.11110973629446864 -0.889604165364417 0.44301134914001095 0 0 0 0 0 0
8.056109428405762 -9.366422653198242 7.1508331298828125 0.9840890926486803 0.008184907475979619 -0.17748708409207362 0.03947605071371801 -0.9840427272519426 0.17349798950594994 0 0 0 0 0 0
8.175687789916992 -9.833544731140137 6.930070877075195 0.8413931351819577 0.22009716035753682 0.49357353258782477 0.1458307708466006 -0.9718968990225543 0.18479665566408246 0 0 0 0 0 0
8.38918685913086 -10.292030334472656 6.893128871917725 0.5949299938526811 0.3471573373312586 0.7249414359460492 0.4171673142024519 -0.9042932689540061 0.09069242352914858 0 0 0 0 0 0
8.819480895996094 -10.596020698547363 6.943449020385742 0.02582125861684697 0.15278650920450484 0.9879218315274462 0.5330108614100613 -0.8381612602011226 0.11569409456394351 0 0 0 0 0 0
9.233896255493164 -10.92355728149414 7.011632442474365 -0.38197972669578084 0.06801150714615957 0.9216647564538444 0.477460964256274 -0.839359770162534 0.2598195601646787 0 0 0 0 0 0
9.510492324829102 -11.281977653503418 7.1235761642456055 -0.7018988564358668 -0.047200642887241684 0.710710978278128 0.4176792345355979 -0.8355161039471293 0.3570110601686832 0 0 0 0 0 0
9.767538070678711 -11.350360870361328 7.489963054656982 -0.8452590895054438 -0.5288495977686939 0.07651911230744107 0.5258505664606566 -0.7977824194086387 0.29499897124482616 0 0 0 0 0 0
9.883593559265137 -11.650469779968262 7.813139915466309 -0.4824700605683817 -0.5636991141185108 -0.6704222172609947 0.5178662230955092 -0.8008711406636533 0.3006991703162671 0 0 0 0 0 0
9.842413902282715 -12.1025390625 8.044389724731445 0.008437702520069295 -0.36667169990576354 -0.9303121356106242 0.2670530413870156 -0.895728082316454 0.35546290331852215 0 0 0 0 0 0
9.649434089660645 -12.602926254272461 8.130206108093262 0.6216057481228057 -0.11514308137598486 -0.7748215050654766 0.2808154384314731 -0.8906380803450749 0.3576401814362862 0 0 0 0 0 0
9.606253623962402 -13.191387176513672 8.032035827636719 0.8621983635616864 0.26930272944600386 -0.4290571311427914 0.4284701970807691 -0.8395256387321772 0.3340808167568095 0 0 0 0 0 0
9.797015190124512 -13.619953155517578 8.091432571411133 0.8303795512008098 0.5018397869964358 -0.2421293644622922 0.5379446611140875 -0.8352827084371854 0.11365886927419913 0 0 0 0 0 0
10.08336353302002 -13.990358352661133 7.937914848327637 0.659439838518954 0.6378867120629569 0.3977934664466044 0.6361255061531201 -0.7554643753131891 0.1569009816861892 0 0 0 0 0 0
10.507553100585938 -14.195773124694824 7.687371253967285 0.5224250534940597 0.4782890163717299 0.7059119493958803 0.7697445115676609 -0.620690915243698 -0.1491179890067056 0 0 0 0 0 0
11.017606735229492 -14.337389945983887 7.506488800048828 0.19028666333320074 0.3390045206720604 0.9213397422891426 0.9037858315209761 -0.42696287592789006 -0.02956134843546415 0 0 0 0 0 0
10.189806938171387 -15.381392478942871 6.774442195892334 -0.4507590509957694 0.6287137833671178 -0.6336680965218292 0.8857681626444869 0.4029852602381792 -0.23025560161736935 0 0 0 0 0 0
10.786602020263672 -15.85261058807373 6.371892929077148 0.44748690967388083 0.49692660149260687 -0.7435182703871693 0.8151387634385641 -0.5686171002914789 0.11055943919882558 0 0 0 0 0 0
11.045507431030273 -16.26091194152832 6.111172676086426 0.5870240227466839 0.7376996254270334 -0.3334697278061613 0.7043089074053981 -0.6684691471496951 -0.23895179902728103 0 0 0 0 0 0
11.357994079589844 -16.51002311706543 5.757279396057129 0.5795690121077866 0.7848973605387509 0.21917092330805793 0.7914716199220265 -0.4780944900265333 -0.38078646701829144 0 0 0 0 0 0
11.752670288085938 -16.447179794311523 5.3354573249816895 0.5304158392368019 0.31469755109259295 0.7871623014493541 0.8144050146166948 -0.44697526777096586 -0.37007780556020187 0 0 0 0 0 0
12.257708549499512 -16.331628799438477 5.224355220794678 0.16395610413106512 -0.16336480735904838 0.9728465118582194 0.9558087601232033 -0.2176482129995167 -0.19763316890102792 0 0 0 0 0 0
12.708355903625488 -16.08143424987793 5.269552230834961 0.021295335061390197 -0.7955805573192499 0.6054734391533743 0.9099866345741294 -0.2354103421193929 -0.34133018577277935 0 0 0 0 0 0
13.260099411010742 -16.134309768676758 5.381843090057373 -0.38278085611090534 -0.894159867419008 0.23228634848441787 0.860303533113637 -0.4366377032559541 -0.26310710178092617 0 0 0 0 0 0
13.530654907226562 -16.481159210205078 5.570878982543945 -0.4804509498926052 -0.7504834762668705 -0.4538077088345757 0.8412104812602795 -0.5406959730324008 0.0035764457767926425 0 0 0 0 0 0
13.776985168457031 -16.83180046081543 5.815542697906494 -0.08007320663279813 -0.2697145027107911 -0.9596053191844093 0.8423847907667585 -0.5329782453993983 0.07951134645963022 0 0 0 0 0 0
13.914307594299316 -17.32143211364746 5.870814323425293 0.2593917000496673 0.27116261620523696 -0.9269232878281108 0.757804285331827 -0.652134515715879 0.021289399820918264 0 0 0 0 0 0
14.1898775100708 -17.76243782043457 5.788651943206787 0.2821505864763815 0.647699663061547 -0.7077260720229208 0.7758900483980687 -0.5879372915572295 -0.2287452163285429 0 0 0 0 0 0
14.33541488647461 -18.082551956176758 5.39771842956543 0.5963199410053459 0.7890485317723888 -0.14766496695973078 0.7653046706911196 -0.6143289012208799 -0.1921165327167432 0 0 0 0 0 0
14.642508506774902 -18.276737213134766 5.071775436401367 0.5420856619133905 0.7307615894539113 0.4148862910807185 0.8124294301302775 -0.581912346798824 -0.036557375470318856 0 0 0 0 0 0
15.049302101135254 -18.32847023010254 4.794214248657227 0.39389124699163286 0.3814364139632554 0.8362750430607316 0.7906959993819392 -0.6045251649625992 -0.09669106209127414 0 0 0 0 0 0
15.572096824645996 -18.40283966064453 4.715877532958984 -0.08455954035012758 -0.08023226243726544 0.9931829983441988 0.7013073931785728 -0.7128558301413163 0.002122664978164371 0 0 0 0 0 0
15.190712928771973 -18.387466430664062 3.159250259399414 0.3937372129338769 0.6479818716322227 -0.6519896480674098 0.5563003707898586 -0.7326215513288824 -0.3921677702049565 0 0 0 0 0 0
15.19368839263916 -18.621444702148438 2.811964273452759 0.9384549833774817 0.32837353280112536 0.10711240418214302 0.34332934529474746 -0.8529188824542266 -0.3932611608238389 0 0 0 0 0 0
15.56552791595459 -18.959957122802734 2.4904165267944336 0.8485967387101515 0.4355361744451648 0.3003195228421984 0.5272510541831537 -0.6496034739814126 -0.5477423230443614 0 0 0 0 0 0
15.852054595947266 -19.054481506347656 2.100989818572998 0.7411380736456308 0.13167936010940245 0.6583121614507985 0.6403986942812421 -0.432980904145365 -0.6343634991141455 0 0 0 0 0 0
16.273096084594727 -19.02130699157715 1.8009958267211914 0.3646555467276235 -0.5092255568124201 0.7795611999900064 0.6782304712547841 -0.42837156261382914 -0.5970772414062522 0 0 0 0 0 0
16.821388244628906 -19.098854064941406 1.6133604049682617 -0.11751120328909317 -0.7052198069162361 0.6991824804974566 0.7206911307601617 -0.5449481279090953 -0.4285275159566911 0 0 0 0 0 0
17.297365188598633 -19.23615837097168 1.6294898986816406 -0.4798942298551942 -0.8477363685411113 0.22593047073030828 0.6656621091779638 -0.5195820960049203 -0.5356569815804499 0 0 0 0 0 0
17.585891723632812 -19.55463218688965 1.7019035816192627 -0.5151056757732336 -0.4091329052258201 -0.7531775412528445 0.8441324242110498 -0.08971900524057966 -0.5285744512310606 0 0 0 0 0 0
17.941776275634766 -19.903610229492188 1.4158333539962769 -0.6027144093631953 0.16504813249646577 -0.7807012582962854 0.7589852795209135 -0.1834448554863225 -0.6247314066590243 0 0 0 0 0 0
18.127635955810547 -20.167810440063477 1.0065840482711792 -0.5165232309482656 0.6876915262600145 -0.510180474539095 0.6892492477482912 -0.019615500824632114 -0.7242587290504781 0 0 0 0 0 0
18.117782592773438 -20.214651107788086 0.5208507776260376 0.17198078626162935 0.9824891769125489 0.07167723771556793 0.7164861597304969 -0.07481825984167802 -0.693577544986073 0 0 0 0 0 0
18.221872329711914 -20.115947723388672 0.04011869058012962 0.6042333890683725 0.6410738064073425 0.47320860756472916 0.6666154268345181 -0.08137766678426117 -0.7409463867615408 0 0 0 0 0 0
18.50270652770996 -19.88980484008789 -0.28579437732696533 0.6847579409741706 -0.2889874586553272 0.6690237746244521 0.6998099053336508 0.00452199313603604 -0.7143148101327484 0 0 0 0 0 0
18.009174346923828 -19.366539001464844 -1.3221347332000732 -0.541536274879436 -0.5330007102559203 -0.6501143790567846 -0.7570701602217145 0.6454024096352462 0.10149138948150119 0 0 0 0 0 0
17.77068328857422 -19.02043342590332 -1.5159666538238525 -0.671541303939003 -0.6814738514857605 -0.29090491031446514 -0.6527951023962474 0.729871023866421 -0.20284684569313766 0 0 0 0 0 0
17.540651321411133 -18.71540069580078 -1.8488097190856934 -0.6366803060344377 -0.5649780137969631 0.5248219048724371 -0.640189973256355 0.7666717490302482 0.04869525008589446 0 0 0 0 0 0
17.119672775268555 -18.36360740661621 -1.9302841424942017 -0.31099163756667997 -0.585777766109521 0.7484307650647012 -0.7993849248363011 0.5871588662791483 0.12738998270761567 0 0 0 0 0 0
16.55516815185547 -18.282306671142578 -1.9764615297317505 0.10827958697378207 -0.26639791989832906 0.9577618071935374 -0.8064587128238728 0.5398051115841026 0.24131884720870164 0 0 0 0 0 0
16.09206771850586 -18.3528995513916 -1.835639476776123 0.4145816191696299 0.39243277080522787 0.821047258959446 -0.9067375779456265 0.25461157530714223 0.33615459309804846 0 0 0 0 0 0
15.652200698852539 -18.389678955078125 -1.457159161567688 0.5366949411652506 0.8287865363783377 0.15833956310924435 -0.839550615859288 0.5432776867310739 0.0020294113489905427 0 0 0 0 0 0
15.429094314575195 -18.031986236572266 -1.1819080114364624 0.22428284398068776 0.6725028248444753 -0.7052922489806162 -0.8143054355381655 0.5269083386800516 0.24346305732580237 0 0 0 0 0 0
15.315223693847656 -17.635744094848633 -0.940950870513916 -0.29107093847691434 0.1441240312483984 -0.9457832586755165 -0.7575027367901817 0.5691091309297526 0.31985059144507855 0 0 0 0 0 0
15.286026954650879 -17.162578582763672 -0.8816830515861511 -0.6760336523893051 -0.2549991650713309 -0.6913421198293219 -0.629747645999871 0.6871004438990663 0.3623684345404929 0 0 0 0 0 0
14.960822105407715 -16.69059944152832 -0.7297127842903137 -0.6229669621473141 -0.5255037259638249 -0.5794462857513922 -0.746192856856896 0.6215079502387857 0.23858769491683215 0 0 0 0 0 0
14.633648872375488 -16.337671279907227 -1.0455026626586914 -0.6349509189017623 -0.7498609682722849 0.18586516308216355 -0.6916256560779842 0.6589396072118902 0.2957237662112022 0 0 0 0 0 0
14.130523681640625 -16.13092803955078 -1.1421910524368286 -0.25932898401210097 -0.6612866442239639 0.7038809929400427 -0.7751689257127294 0.5772425328903308 0.256718123302054 0 0 0 0 0 0
13.58967399597168 -15.968607902526855 -1.0550228357315063 -0.08211919376290075 -0.6546098759903548 0.7514934119948249 -0.9336281557678204 0.31435725253031394 0.1718079874137729 0 0 0 0 0 0
13.101961135864258 -16.03598976135254 -1.094429612159729 0.11233508893764017 -0.1651373729264747 0.9798522724657605 -0.9825276641856009 0.12880110787581175 0.13434903691486044 0 0 0 0 0 0
12.800821304321289 -15.10678482055664 -2.1564323902130127 0.4741303946821637 -0.33581206391764645 -0.8138984129275018 -0.7507984361447737 0.328644676579149 -0.5729697940020478 0 0 0 0 0 0
12.74205207824707 -14.736906051635742 -2.446993827819824 -0.18068553375759178 -0.8785796826057115 -0.4420978163293518 -0.8208323154385624 0.3823312781516619 -0.42433136070609373 0 0 0 0 0 0
12.486309051513672 -14.59656047821045 -2.915846347808838 -0.3726035496227442 -0.9250346069418526 0.07401061253944262 -0.8321048194297223 0.29773327507432523 -0.4679278431503575 0 0 0 0 0 0
12.148154258728027 -14.566595077514648 -3.376451015472412 -0.3567960828743641 -0.6466833632675505 0.6741640623160504 -0.9131991630603823 0.08934737517788426 -0.3975982081632663 0 0 0 0 0 0
11.730110168457031 -14.75377368927002 -3.6461069583892822 -0.23443416753403434 -0.11911604558415377 0.964806710578351 -0.967650787707621 0.12377699516161864 -0.2198436001287771 0 0 0 0 0 0
11.19786548614502 -14.979496002197266 -3.7065625190734863 0.02297875585366399 0.3823609661003848 0.9237272694806612 -0.999103751684751 0.04163707491850131 0.007618881918434804 0 0 0 0 0 0
10.643726348876953 -15.102655410766602 -3.515195369720459 0.23306395819532835 0.7424076745148731 0.6281019313867333 -0.9715260440125247 0.1494353136473814 0.1838647134185424 0 0 0 0 0 0
10.26393985748291 -15.191757202148438 -3.1324546337127686 0.18946941400924477 0.981846339204182 -0.008894231070750703 -0.9238500140685191 0.18133117632372636 0.33707589056271986 0 0 0 0 0 0
9.902194023132324 -15.051337242126465 -2.8074874877929688 0.17983730515000101 0.8809166958499063 -0.4377719939069528 -0.8617424212916663 0.3557031464201894 0.3617668737918852 0 0 0 0 0 0
9.62555980682373 -14.773926734924316 -2.4617691040039062 -0.006835506761111712 0.41808648730668524 -0.9083815084967746 -0.8792598112730109 0.4301634930776069 0.20460096163855437 0 0 0 0 0 0
9.351083755493164 -14.248821258544922 -2.3313004970550537 -0.16667127037820795 -0.1646852720915305 -0.9721622543519435 -0.9152464984144687 0.392620857005696 0.09040304079048958 0 0 0 0 0 0
9.083590507507324 -13.835054397583008 -2.4269726276397705 -0.2870342757808289 -0.6141204557641493 -0.7351648728951952 -0.885192700474659 0.4633727073727328 -0.04146826604096544 0 0 0 0 0 0
8.71740436553955 -13.520611763000488 -2.747936725616455 -0.44113448806437566 -0.8972416802770787 0.018913767835777286 -0.8948714264171628 0.4381800272946998 -0.08487280991064697 0 0 0 0 0 0
8.333449363708496 -13.461923599243164 -3.091684103012085 -0.369147347400558 -0.7478172324586618 0.5518148446218164 -0.9290363016217515 0.3128577966871029 -0.19751341554706928 0 0 0 0 0 0
7.8052167892456055 -13.452657699584961 -3.268372058868408 -0.10482032279211975 -0.5575134643781756 0.8235237925930255 -0.9903157870564919 0.13431795529252052 -0.03511878119635583 0 0 0 0 0 0
7.3846917152404785 -13.756139755249023 -3.4354724884033203 -0.06584978495201195 0.19903588940291683 0.9777773368980095 -0.9862278036728375 0.13601078481453188 -0.09410518411217618 0 0 0 0 0 0
6.830385684967041 -13.931558609008789 -3.259706497192383 0.11102138691724185 0.714483593414707 0.6907875551775523 -0.986036729203678 0.1660021311004698 -0.013223506774498755 0 0 0 0 0 0
6.286044597625732 -13.890750885009766 -3.074441432952881 0.4267580383546467 0.7913052406512704 0.4378511080464785 -0.874472348306068 0.23761242477254235 0.42289295056998016 0 0 0 0 0 0
5.984116077423096 -13.842154502868652 -2.606419563293457 0.27074574750122166 0.9102733360438485 -0.3132079084212394 -0.8770919816615117 0.36735342653381 0.30945292973076055 0 0 0 0 0 0
5.6935272216796875 -13.588768005371094 -2.2866482734680176 0.261643014327525 0.7139758740244516 -0.6494469834902824 -0.7831468440742502 0.5503331067975241 0.2895073266415324 0 0 0 0 0 0
5.433049201965332 -13.137669563293457 -2.0254361629486084 -0.026490111157289765 0.38867818842943735 -0.9209926926149226 -0.7536461641274436 0.5975182211370726 0.2738419885722033 0 0 0 0 0 0
5.326741695404053 -12.605438232421875 -2.0102198123931885 -0.4008428491686729 -0.3562027624162844 -0.8440643354136866 -0.7822478911255395 0.612643075271637 0.11294555835161343 0 0 0 0 0 0
5.078649520874023 -12.198709487915039 -2.0962624549865723 -0.6393727157901726 -0.6893598074565226 -0.34056656642513383 -0.7514154973901753 0.6541130343543353 0.08666538276405274 0 0 0 0 0 0
4.712571144104004 -11.904212951660156 -2.21030330657959 -0.47057275471619614 -0.8741047526426353 0.12042493066789818 -0.8799291960734714 0.4750107746913142 0.009453773037877162 0 0 0 0 0 0
4.310483932495117 -11.829978942871094 -2.4557299613952637 -0.2717238997488624 -0.5066594047454703 0.8182068014189541 -0.8764610713584501 0.4814212412488921 0.0070412262833967525 0 0 0 0 0 0
3.8099682331085205 -11.842784881591797 -2.488506555557251 0.07900098525720416 -0.18772933894167082 0.9790385792341966 -0.9573784813863373 0.25941923531406497 0.12699647131891784 0 0 0 0 0 0
3.2725110054016113 -11.884288787841797 -2.304226875305176 0.39000940621966707 0.2835016727037403 0.8760818823799315 -0.9152714852161299 0.2235578960846918 0.3351118849704473 0 0 0 0 0 0
2.9250149726867676 -12.029046058654785 -1.9376498460769653 0.4166785912026684 0.7886894186267053 0.45204861749553976 -0.8873857868665928 0.24496575166556078 0.39056144942644405 0 0 0 0 0 0
2.5864837169647217 -11.946348190307617 -1.5591334104537964 0.327522044026838 0.9426440744182644 -0.06443182164595379 -0.8265131774523418 0.318880053289711 0.46388735605918935 0 0 0 0 0 0
2.3870432376861572 -11.775214195251465 -1.1632267236709595 0.15791007919350256 0.8717923355703507 -0.46372678435679654 -0.6570659143774913 0.4433263585785852 0.6096934672052203 0 0 0 0 0 0
2.2437925338745117 -11.393399238586426 -0.8550764322280884 -0.2965065146709922 0.44143411491203555 -0.8468883096072872 -0.6448874846095456 0.5615216586708479 0.5184723319884226 0 0 0 0 0 0
2.037461757659912 -11.036128044128418 -0.6207346320152283 -0.4558955295136581 0.06822837901673241 -0.8874143082383845 -0.6169008146810031 0.6944768390179739 0.3703178430936292 0 0 0 0 0 0
1.8283605575561523 -10.535784721374512 -0.6064780950546265 -0.6270587703898707 -0.4332225284639803 -0.6473913339769225 -0.7588530658628628 0.5273925537746601 0.38209831019460977 0 0 0 0 0 0
1.4282646179199219 -10.05732536315918 -0.6803673505783081 -0.5670761082588701 -0.5386939606337003 -0.6230838661197636 -0.741849120081851 0.6627343037527162 0.10219161248941058 0 0 0 0 0 0
1.9451082944869995 -9.081751823425293 0.21227312088012695 0.6678851201457452 0.5851737029211294 -0.45989260017690803 -0.5623674328054327 0.8015363891936422 0.20318043045097978 0 0 0 0 0 0
1.8315520286560059 -8.682877540588379 0.4807473421096802 0.2986981179348838 0.3650685898791967 -0.8817620762007022 -0.4677784774456712 0.8613464483175097 0.19815547433624256 0 0 0 0 0 0
1.9346967935562134 -8.19909954071045 0.6290097236633301 -0.289190023607391 0.07911918086906848 -0.953996480844958 -0.4684879958164268 0.857378695128042 0.2131214933235126 0 0 0 0 0 0
1.9728758335113525 -7.640621185302734 0.47718918323516846 -0.7502447010782008 -0.15872607029606134 -0.6418246825360108 -0.18499042673250995 0.9823773772523725 -0.026706379014643133 0 0 0 0 0 0
1.8987120389938354 -7.09048318862915 0.17575347423553467 -0.8212680257821209 -0.5542197135756664 -0.13549663801011366 -0.5704476362510432 0.7933070535447008 0.2127284961913257 0 0 0 0 0 0
1.65089750289917 -6.668883323669434 -0.026986336335539818 -0.6636184730156275 -0.5869195334162535 0.4638275364473891 -0.6544612794970327 0.7558296953592782 0.0200475747213352 0 0 0 0 0 0
1.1947788000106812 -6.49542236328125 -0.2276531457901001 -0.3122187772164417 -0.29461877864127417 0.9031717502365725 -0.7025826886555193 0.7115205214480436 -0.010775581649549922 0 0 0 0 0 0
0.6859432458877563 -6.436524868011475 -0.2692418098449707 0.17525522475689612 0.32841380119323654 0.9281325236092199 -0.8813860646307009 0.4723961027577363 -0.000726067564649857 0 0 0 0 0 0
0.2080921232700348 -6.4594340324401855 -0.061769578605890274 0.3650745205527931 0.7478682429199894 0.5544489928522875 -0.9306286169798011 0.2768378224771701 0.23935579647119778 0 0 0 0 0 0
-0.19966977834701538 -6.427567005157471 0.31162184476852417 0.43301415439694335 0.8977514923466896 0.08087644948433101 -0.8437408761284236 0.3721151257531114 0.3868225266653773 0 0 0 0 0 0
-0.32665544748306274 -6.229547500610352 0.7496598958969116 0.0908488050120574 0.8429830675723134 -0.5302132046773763 -0.7788893116290901 0.3919070072542562 0.4896328603096148 0 0 0 0 0 0
-0.6773476600646973 -5.874464511871338 1.0819602012634277 0.15568984345104805 0.674821689335636 -0.721371166770884 -0.6450258829964803 0.6225394528658957 0.4431548712245441 0 0 0 0 0 0
-0.7363513708114624 -5.428330898284912 1.3086131811141968 -0.3583121131211126 0.11081879380687507 -0.9270014156029495 -0.7710751366380183 0.524682123995877 0.36076557820534494 0 0 0 0 0 0
-1.0146269798278809 -4.953390598297119 1.340644359588623 -0.41427093420120853 -0.5453338398379247 -0.7286910155914389 -0.8632660985674248 0.4890881102892568 0.12475761875677616 0 0 0 0 0 0
-1.0915826559066772 -4.051682949066162 1.4187854528427124 0.8534431363490326 0.4750374919521675 -0.21441593751053317 0.32277546546504365 -0.8047548628559056 -0.49818230559063126 0 0 0 0 0 0
-0.8962712287902832 -3.638256788253784 1.4684953689575195 0.8192538538224208 0.39193797870192737 -0.41857824101135405 -0.38361737015667413 0.9171599134911113 0.10796020747967543 0 0 0 0 0 0
-0.8684816360473633 -3.0599913597106934 1.5486094951629639 0.6036487477431983 -0.0131108712437632 -0.7971425809748832 -0.16605639555421722 0.9758679461354223 -0.14179924259661542 0 0 0 0 0 0
-0.5970373153686523 -2.55367112159729 1.5253450870513916 0.05548396390866214 -0.2814532937904576 -0.9579695053411066 -0.08970808324543393 0.9541618743473865 -0.28553034399571753 0 0 0 0 0 0
-0.3688373565673828 -2.215894937515259 1.24636971950531 -0.5871813911307588 -0.3091626118161225 -0.7480885598408655 -0.13067791340466292 0.9482702094678944 -0.28932143505782526 0 0 0 0 0 0
-0.27248072624206543 -1.9435492753982544 0.8296170234680176 -0.9969198785982631 -0.06615372544192143 -0.042124105519037655 -0.04766941589901072 0.9376319269907261 -0.3443457510635278 0 0 0 0 0 0
-0.39334750175476074 -1.524427056312561 0.4516974091529846 -0.8958184023129647 -0.23573832812566806 0.3767450473861097 -0.39240676188276485 0.8175213496317133 -0.42151604492003075 0 0 0 0 0 0
-0.5805138945579529 -1.2816247940063477 0.08126538246870041 -0.6131979946741333 -0.01924205219999568 0.789694854203036 -0.39306591147674297 0.8745839312976518 -0.2839051537941887 0 0 0 0 0 0
-1.0199003219604492 -0.9807522296905518 -0.012233024463057518 -0.02846883594184363 0.15159294540134136 0.9880329469631377 -0.392169631009133 0.9074921743711848 -0.15053549072965985 0 0 0 0 0 0
-1.4678982496261597 -0.6532294154167175 -0.01784307323396206 0.4936809915772862 0.11394579955654595 0.8621458306566743 -0.4483379501063795 0.8828248173475614 0.14004793597070453 0 0 0 0 0 0
-1.7877861261367798 -0.2252722531557083 0.15027904510498047 0.8766426519383202 0.11529853572535402 0.46712301213078605 -0.23542721055661478 0.9494910489189847 0.207462711233266 0 0 0 0 0 0
-2.0000545978546143 0.10864546149969101 0.5553489923477173 0.9780302089963128 0.19032895926480284 -0.0850399762218097 -0.16881106071183533 0.9624474304991688 0.21259767004107244 0 0 0 0 0 0
-1.9346824884414673 0.43763652443885803 0.8525537252426147 0.6374756419982603 0.3080549493061105 -0.7062060280590328 -0.1841954646315241 0.9509457427547195 0.24854421165227686 0 0 0 0 0 0
-1.7349003553390503 0.8936185836791992 1.0437811613082886 0.04123074331493933 0.12259373684862092 -0.9916001217684419 -0.1519756684125398 0.9816657913193526 0.11504638353251845 0 0 0 0 0 0
-1.5119189023971558 1.4516396522521973 0.9740794897079468 -0.3079796799670231 -0.07893523459362468 -0.9481127282486295 -0.17125597267132295 0.984873712378565 -0.026365934272517693 0 0 0 0 0 0
-1.308982491493225 1.9870014190673828 0.8378362655639648 -0.730849838955827 -0.18991165517004396 -0.655585292794779 -0.2122413485757942 0.9761265005458417 -0.046159125715911575 0 0 0 0 0 0
-1.3391443490982056 2.412473201751709 0.3434249758720398 -0.948644667236951 -0.31342757607062954 0.04285381991589908 -0.3157751861878296 0.9463285011774537 -0.06890863260343984 0 0 0 0 0 0
-1.5661691427230835 2.7646284103393555 0.034851428121328354 -0.8279934651977455 -0.1328571549707716 0.5447713263038925 -0.30912285786101246 0.9187138620716186 -0.24578018306057836 0 0 0 0 0 0
-0.5870087146759033 3.4189157485961914 -0.5236428380012512 0.6402929001978805 -0.24510098498610997 -0.7279769976551634 0.09745298346779814 0.9659877809237911 -0.23952144605265535 0 0 0 0 0 0
-0.272358238697052 3.90124773979187 -0.6366334557533264 -0.020293651397394565 -0.39355766191006275 -0.9190759133308007 0.04270081846779323 0.9180852406447451 -0.3940763010033224 0 0 0 0 0 0
0.07693315297365189 4.206979751586914 -0.9383358955383301 -0.6198662944168704 -0.37257060981284146 -0.6906206757327682 0.007919892304679106 0.877084361096386 -0.48027106807096637 0 0 0 0 0 0
0.20574161410331726 4.5677490234375 -1.3687535524368286 -0.9213045706649574 -0.342156851339867 -0.18473380078655544 -0.18677553871789276 0.8060973297101179 -0.5615353890636446 0 0 0 0 0 0
0.03765995055437088 4.820809841156006 -1.8482425212860107 -0.8643791453653983 -0.23008589228023366 0.44711203879004713 -0.451144079008758 0.7475498530750462 -0.48748152492460306 0 0 0 0 0 0
-0.2215602993965149 4.854348659515381 -2.2752482891082764 -0.5922186193652598 0.2606053333113094 0.7624709614974242 -0.3800887804070846 0.7440184638071864 -0.5495171012103713 0 0 0 0 0 0
-0.6378417015075684 5.1804351806640625 -2.5493223667144775 -0.07110001953684349 0.4411254822220321 0.8946245559765504 -0.4164627161525765 0.8018509642686339 -0.4284785142294543 0 0 0 0 0 0
-1.0706591606140137 5.530869007110596 -2.6208529472351074 0.4490247237565841 0.47885456449462754 0.7543706671908604 -0.35078570978682155 0.8709591259923539 -0.3440633468708788 0 0 0 0 0 0
-1.3270885944366455 5.957822322845459 -2.528885841369629 0.943577141724733 0.26733088282007333 0.1954389334427085 -0.19191767803737864 0.922412930210583 -0.33514473147741325 0 0 0 0 0 0
-1.4113495349884033 6.412792205810547 -2.3026814460754395 0.8779881172161625 0.10495580023694621 -0.46703441631622866 -0.24789266591767187 0.9343390343117698 -0.2560464706758898 0 0 0 0 0 0
-1.3430975675582886 6.963509559631348 -2.2519943714141846 0.6720932887486507 -0.11330850022124168 -0.7317457174433177 -0.1277570008206585 0.9556578825045653 -0.26532274751366675 0 0 0 0 0 0
-1.0761669874191284 7.403731346130371 -2.3175594806671143 0.055459454528947176 -0.34921485451478995 -0.9354000397100514 -0.14068412344615766 0.9247626008815651 -0.3535846566537488 0 0 0 0 0 0
-0.8752402067184448 7.864766597747803 -2.494192600250244 -0.39317638921730985 -0.3757110753700326 -0.8391981379902675 0.15393522009985205 0.8729251313498584 -0.4629315965352147 0 0 0 0 0 0
-0.6723051071166992 8.119614601135254 -2.8758418560028076 -0.9242627603571373 -0.17166870632389933 -0.34098123861304186 0.03458198695163364 0.8518673395414847 -0.5226146974597919 0 0 0 0 0 0
-0.7222005128860474 8.418549537658691 -3.3143999576568604 -0.9792971279205368 -0.030488855520708718 0.2001188770097034 -0.1595082836846455 0.7249078522824391 -0.6701236551079512 0 0 0 0 0 0
-0.8155311346054077 8.713616371154785 -3.7542786598205566 -0.8624665561234452 -0.037298183710260384 0.5047378379520199 -0.3984619530440393 0.6649379966666983 -0.6317321683792965 0 0 0 0 0 0
0.3051411509513855 8.674538612365723 -4.743476867675781 -0.08569324470241807 -0.8136348421034606 -0.575026096388371 -0.08227877665802305 0.5809568519888682 -0.8097649900056457 0 0 0 0 0 0
0.5722399353981018 8.793797492980957 -5.295433521270752 -0.5112691446909658 -0.8003263069547233 -0.31317992286093704 -0.16064962051260412 0.44698393635503997 -0.8799983295834772 0 0 0 0 0 0
0.7210330963134766 8.75446891784668 -5.748411178588867 -0.9766205004248798 -0.21364434919549344 0.023843032665575244 -0.11951114081539128 0.4474008133555745 -0.8863123599667186 0 0 0 0 0 0
0.6993052363395691 8.70081615447998 -6.24678373336792 -0.9527383417206904 0.13579892750361758 0.2717504434295855 -0.2093380011928049 0.3547775031562712 -0.9112137644432305 0 0 0 0 0 0
0.5038097500801086 8.864656448364258 -6.706239223480225 -0.863749650725111 0.1870862612994386 0.4679051952107897 -0.4065044429833743 0.2900621808891294 -0.8663821726308886 0 0 0 0 0 0
0.16348135471343994 8.695863723754883 -7.060567855834961 -0.463161708761248 0.7504506246101893 0.4714924088037235 -0.36314242109848865 0.32459346489482854 -0.873365138156028 0 0 0 0 0 0
-0.25134575366973877 8.725244522094727 -7.2996368408203125 0.11438302974984735 0.9396239124036829 0.32252662796184967 -0.36230861086375626 0.3417524780112467 -0.8671434219707532 0 0 0 0 0 0
-0.6811197996139526 8.98581600189209 -7.566845893859863 0.618691900950783 0.7617493892014273 0.19224515533338954 -0.4837295733045106 0.5621750621912952 -0.6707942302680083 0 0 0 0 0 0
-0.9400098323822021 9.491068840026855 -7.660364151000977 0.9490041480675614 0.20392776367610774 -0.24042585999144078 -0.3152035037392907 0.5988571719305051 -0.7362179289163451 0 0 0 0 0 0
-1.0511118173599243 9.921607971191406 -7.862245082855225 0.9103151952963378 -0.22310840240347624 -0.34863861804102986 -0.09487785030532364 0.7073941722413405 -0.7004225000672305 0 0 0 0 0 0
-0.9552226066589355 10.287629127502441 -8.249096870422363 0.5378762400789414 -0.7657744846888339 -0.35253168504134763 -0.03936752524273459 0.39490291830445523 -0.9178790133077929 0 0 0 0 0 0
-0.5766764283180237 10.536890983581543 -8.448007583618164 -0.13800676934758424 -0.805860411241405 -0.575797819731958 0.16362334411149512 0.5548218970098997 -0.8157205795246969 0 0 0 0 0 0
-0.25205230712890625 10.628128051757812 -8.849627494812012 -0.6818395391391817 -0.6443210779150469 -0.34633104310884427 0.013501821148796155 0.4622861685122186 -0.8866279937087249 0 0 0 0 0 0
-0.160139799118042 10.674779891967773 -9.35744857788086 -0.9743283131599884 -0.22408487557691895 0.021686556031064123 -0.16587796879727396 0.6494221067595465 -0.7421155076668882 0 0 0 0 0 0
-0.3392260670661926 10.784485816955566 -9.866890907287598 -0.9261373875852184 -0.042007035680118605 0.3748398968495696 -0.3328601677322344 0.5584423513901559 -0.7598330401549426 0 0 0 0 0 0
-0.7446608543395996 10.898658752441406 -10.320289611816406 -0.5793791510910968 0.2746065578141756 0.767405393313345 -0.5692440418866422 0.5375239514530871 -0.6221167273035005 0 0 0 0 0 0
-1.2169030904769897 10.83866024017334 -10.477387428283691 -0.11867085032944959 0.7725177957796425 0.623805646404269 -0.6620391515666288 0.40665941896348073 -0.6295492663495229 0 0 0 0 0 0
-0.8922368288040161 9.961251258850098 -11.588128089904785 -0.5129281358786004 -0.8490065337534859 0.12685674230404625 -0.11289475037584265 -0.07977783460920725 -0.9903990470727657 0 0 0 0 0 0
-0.866341233253479 9.736801147460938 -12.036657333374023 -0.8586628751885711 -0.273651659575983 0.4333737832220666 -0.41151163923646755 -0.1359712018294912 -0.9012047509006815 0 0 0 0 0 0
-1.1687898635864258 9.378515243530273 -12.484548568725586 -0.790421668386057 0.2770807162761908 0.5463148019353632 -0.6060605606835413 -0.22413212991080816 -0.763187647387978 0 0 0 0 0 0
-1.6040691137313843 9.158424377441406 -12.699263572692871 -0.38379468056476984 0.7849639970439417 0.48634675542763234 -0.771058070859659 0.017383098378736847 -0.6365275164931492 0 0 0 0 0 0
-2.144076108932495 9.174423217773438 -12.801248550415039 0.11127490057189074 0.9922663646171777 0.05500325583205175 -0.7666992825448682 0.12092994846738991 -0.6305142010366295 0 0 0 0 0 0
-2.6093029975891113 9.234111785888672 -12.794809341430664 0.3642440010554572 0.8705912391592066 -0.3307524784402216 -0.88939738874557 0.21984066578441086 -0.4008021538864637 0 0 0 0 0 0
-3.0936033725738525 9.483549118041992 -12.768707275390625 0.5264465739895589 0.6617954574384383 -0.5337422385838545 -0.8411154638225375 0.31383178624795516 -0.4404933443980911 0 0 0 0 0 0
-3.7097623348236084 8.461833000183105 -13.32625675201416 0.8968052816780696 0.07780684793418574 -0.43553000030866396 0.35911067703333865 -0.7030061439474881 0.6138581947100984 0 0 0 0 0 0
-3.369253158569336 8.106792449951172 -13.252079010009766 0.6609860789440261 0.6499878435572147 0.37498427523036676 0.4891808067128296 -0.7521734713792663 0.4415169388563135 0 0 0 0 0 0
-2.8297832012176514 7.855067729949951 -13.179128646850586 -0.030646835883169573 0.4406003472614902 0.8971800852913556 0.5298480897232952 -0.7539483912370031 0.38835914456558135 0 0 0 0 0 0
-2.384490728378296 7.679892063140869 -13.086977005004883 -0.4955599163340586 -0.06953817326198053 0.8657856615712504 0.6592426196456368 -0.6791199587824781 0.32279289029661673 0 0 0 0 0 0
-2.1176164150238037 7.686492443084717 -12.700508117675781 -0.49164381343540964 -0.862424672831798 0.12045764567537601 0.8693956695543734 -0.47829109040965423 0.12405161262493522 0 0 0 0 0 0
-1.2940889596939087 7.6721510887146 -13.577455520629883 0.43527084695840973 0.6772770663919903 -0.5931568638459545 0.8067468167695777 -0.5858660946631791 -0.07694473832737764 0 0 0 0 0 0
-1.0258479118347168 7.310046195983887 -13.860008239746094 0.5681454480952437 0.8009481190815387 0.18892554181052418 0.821320424441781 -0.5662337909638265 -0.06936897264272031 0 0 0 0 0 0
-0.5757665634155273 7.208474636077881 -14.180924415588379 0.36183978548494145 0.5620371016378533 0.7437649265881884 0.905621761400922 -0.4012105791696309 -0.13740195209479728 0 0 0 0 0 0
0.0014499189564958215 7.225900650024414 -14.275217056274414 -0.005593390170704879 0.1564366992663714 0.987672148594381 0.9341187852291263 -0.35171209166608625 0.06099753813006134 0 0 0 0 0 0
0.5172727108001709 7.368670463562012 -14.148077011108398 -0.22205820383953218 -0.26032397516947375 0.9396390701006019 0.9747563630606916 -0.08224217742134161 0.2075722932515068 0 0 0 0 0 0
0.9706057906150818 7.564337253570557 -14.010421752929688 -0.3064474814153757 -0.7596237091162583 0.5736390517412766 0.9489417621356627 -0.19641978940196891 0.24683759520411286 0 0 0 0 0 0
1.4104362726211548 7.470642566680908 -13.726842880249023 -0.557883449237083 -0.733839313998407 0.3876156837612259 0.7023229331861586 -0.16861931699586316 0.691599612099833 0 0 0 0 0 0
1.5805549621582031 7.525147914886475 -13.282103538513184 -0.05416213552647135 -0.9903960601394851 -0.12720891138358745 0.6931794452196549 -0.12899040475066648 0.7091288544455309 0 0 0 0 0 0
1.6288057565689087 7.456860065460205 -12.806403160095215 0.299157983140458 -0.8634300983517675 -0.4061932623562218 0.5603529963166491 -0.18558830419808905 0.8071935956533792 0 0 0 0 0 0
1.6458334922790527 7.180410385131836 -12.353265762329102 0.7314472260559524 -0.41957422276042217 -0.5375336520535621 0.5064592281138547 -0.19357102267713722 0.8402555024741258 0 0 0 0 0 0
1.865813136100769 6.8413567543029785 -11.953813552856445 0.7894820202434364 -0.08159295458808474 -0.6083261703016969 0.5595899301507608 -0.3114794029565733 0.7680102158224742 0 0 0 0 0 0
2.1046295166015625 6.3944549560546875 -11.81082534790039 0.6958708002046011 0.6498865517543182 -0.3056326214125223 0.5494692213501237 -0.2077592584727433 0.8092710703514273 0 0 0 0 0 0
2.4916625022888184 6.157784461975098 -11.60139274597168 0.3974437565838823 0.9144999050523164 -0.07568608862793942 0.6290198843491334 -0.21146098677946962 0.7480763571746242 0 0 0 0 0 0
2.932293653488159 6.060031414031982 -11.366496086120605 -0.06625705309736739 0.9967019154099619 0.04685397243527726 0.7058706848484702 0.013631438566156404 0.7082095453706968 0 0 0 0 0 0
3.4569530487060547 6.195694923400879 -11.421198844909668 -0.40014691802195446 0.6996412597762063 0.5919328945212408 0.8020790548320804 -0.04510023664706327 0.5955125174621063 0 0 0 0 0 0
3.881812810897827 6.498228073120117 -11.234224319458008 -0.6254491353158126 0.11872416703151771 0.771179584335176 0.7782221398556878 0.023446405416526966 0.6275512466018041 0 0 0 0 0 0
4.234667778015137 6.8043999671936035 -10.92347526550293 -0.6894621914228392 -0.1947838988814914 0.6976396772940465 0.689401575431036 0.11898203305591577 0.7145409320697357 0 0 0 0 0 0
4.365458011627197 7.141867637634277 -10.570510864257812 -0.2779860311270506 -0.787629671067724 0.5498756839068076 0.6539101508005644 0.26416045774473607 0.7089575214666073 0 0 0 0 0 0
4.47796630859375 7.339041709899902 -10.110955238342285 -0.034772027165189574 -0.9752737635311195 0.2182475481985295 0.41080829845426653 0.18512867278784007 0.8927283553427232 0 0 0 0 0 0
4.451677322387695 7.420567989349365 -9.522540092468262 0.036548336687658174 -0.9983218876162331 -0.044918011885285235 0.08934131893637826 -0.04150389994401577 0.9951359480091881 0 0 0 0 0 0
4.235684394836426 7.201056003570557 -9.159000396728516 0.7659618323925856 -0.6422749734950546 -0.02802373529206176 -0.019208166661501207 -0.06643473143684482 0.9976058704681016 0 0 0 0 0 0
4.226428985595703 6.825525760650635 -8.792985916137695 0.9819144109395762 0.1742652269412581 -0.07399810989678525 0.07986837678761115 -0.02690767537656837 0.9964421806583368 0 0 0 0 0 0
4.429494857788086 6.622131824493408 -8.344084739685059 0.7675982753267558 0.5973710885482468 -0.23225130846148653 0.2867182081196123 0.004040783777634114 0.958006441105247 0 0 0 0 0 0
4.755801677703857 6.243834495544434 -8.135854721069336 0.33178685594149443 0.9374024142012977 0.10580262791649803 0.18278145171026905 -0.1739107606437118 0.9676497239409582 0 0 0 0 0 0
5.129775047302246 6.140727519989014 -7.7786102294921875 -0.041799489143067164 0.9845422394995852 0.17008639377833903 0.47430984034585905 -0.13027621194918307 0.8706654259537687 0 0 0 0 0 0
5.500397205352783 6.289445877075195 -7.457209587097168 -0.6685692753194324 0.6601567423984633 0.34235683075513107 0.4717630446556541 0.02063793772144058 0.8814838088268176 0 0 0 0 0 0
5.742055416107178 6.461367607116699 -7.0674729347229 -0.9092668663374733 0.25650341218417944 0.32778005631628093 0.3803658922559532 0.1923597841082982 0.9046101378307352 0 0 0 0 0 0
5.93962287902832 6.827498435974121 -6.778608322143555 -0.769195646816863 -0.4984143839564164 0.3999014363356721 0.3221173717084116 0.23805604392364968 0.9162803712811305 0 0 0 0 0 0
5.9419660568237305 7.057845115661621 -6.34356689453125 -0.3202790966150055 -0.8998091545852411 0.29625122041279367 0.3994007766265425 0.1553114403968738 0.9035249726000734 0 0 0 0 0 0
5.953137397766113 7.043307304382324 -5.746264934539795 -0.12252791674281832 -0.9924375018572699 0.007396926792002527 0.2506873930439597 -0.023737140263128356 0.9677770296617665 0 0 0 0 0 0
5.838678359985352 6.990859508514404 -5.250669479370117 0.533837764225781 -0.7884567534100806 -0.30553754186426024 0.1831925250016379 -0.24491077871936037 0.9520815139737778 0 0 0 0 0 0
5.773702144622803 6.624899387359619 -4.909900665283203 0.9312164064075367 -0.19496101131300939 -0.3079386440595629 0.23385094477757565 -0.32844444004679346 0.9151163780793041 0 0 0 0 0 0
5.921254634857178 6.136181354522705 -4.627524375915527 0.8803006431937963 0.3796752868560637 -0.2844599341618331 0.45021779131647266 -0.4795182250518037 0.7532371553669436 0 0 0 0 0 0
4.7083001136779785 5.746596813201904 -3.9760332107543945 -0.6689948208017287 -0.687292206745092 -0.28297588640717175 -0.06025459225807003 -0.32931664340200106 0.9422950347371322 0 0 0 0 0 0
4.494439601898193 5.6979451179504395 -3.5486583709716797 -0.04448606342411495 -0.8429905173089046 -0.5360857934027825 -0.015930762180743067 -0.5359501989902098 0.8440992803093103 0 0 0 0 0 0
4.136646270751953 5.527811527252197 -3.2547035217285156 0.5496168415756586 -0.7887406331686956 -0.2753353247315764 -0.15796062751130754 -0.4217486047446135 0.8928474419251062 0 0 0 0 0 0
3.9090206623077393 5.130197048187256 -2.9060137271881104 0.8691666282050899 -0.3956911286896655 -0.2966106928128069 0.048741052179253716 -0.5283285776138188 0.8476397960861787 0 0 0 0 0 0
3.8984339237213135 4.667133331298828 -2.65598201751709 0.9610787620312456 0.24511064755274908 -0.12746914775254548 0.24378849666804375 -0.5353368079242904 0.8086913323226402 0 0 0 0 0 0
4.112872123718262 4.279689788818359 -2.3892815113067627 0.7580428468429591 0.6474199538338017 0.07885712224054396 0.4839180784147414 -0.6393814692939981 0.5975070126005487 0 0 0 0 0 0
4.536813259124756 3.9376327991485596 -2.173058032989502 0.28302445295936374 0.9353719870817688 0.21207641266712382 0.6563396050960397 -0.3501198839435798 0.6683071072865446 0 0 0 0 0 0
4.952271938323975 3.820040464401245 -2.084930658340454 -0.16419125083291067 0.7894988012291543 0.591382174239005 0.7368742663013466 -0.3003994495002399 0.6056207446932486 0 0 0 0 0 0
5.4069132804870605 3.907193422317505 -1.8171311616897583 -0.6743378336945715 0.297744785686042 0.6757340665120307 0.6798114287857168 -0.10697592041924538 0.7255429509979251 0 0 0 0 0 0
5.752876281738281 4.106006622314453 -1.3890787363052368 -0.814757120659509 -0.3653257069892248 0.4502310097577124 0.5502601320534776 -0.24250200399644184 0.7990034825519843 0 0 0 0 0 0
5.952937602996826 4.052487850189209 -0.8503382802009583 -0.860354916095224 -0.4857301031143949 0.15445285778922843 0.2764525181859605 -0.19012089119165543 0.942033997221508 0 0 0 0 0 0
5.870171070098877 4.21422815322876 -0.40527448058128357 -0.4514027267770201 -0.8923156306654784 -0.002897158666839934 0.1957078473299317 -0.10217094164023074 0.9753253493977446 0 0 0 0 0 0
5.732169151306152 4.057515621185303 0.19803088903427124 -0.06211505331537715 -0.9339722937615333 -0.35190549105896024 0.11130376898686176 -0.3568691629625398 0.9274997959761154 0 0 0 0 0 0
5.475956916809082 3.7239573001861572 0.4883508086204529 0.6892294878918567 -0.6351582016965923 -0.34862124410006895 0.12931266801854618 -0.36560018193429195 0.9217454859447579 0 0 0 0 0 0
5.32189416885376 3.2268402576446533 0.7650232315063477 0.9745600648021437 -0.14404623414460657 -0.17170719997017792 0.0832649344700287 -0.4785913820180569 0.8740807970352332 0 0 0 0 0 0
5.340819835662842 2.7593801021575928 1.1474456787109375 0.9484829127155057 0.3166372120976977 -0.011001827198626777 0.22053615730317466 -0.6348853874487133 0.7404622530055444 0 0 0 0 0 0
4.327739715576172 2.1812872886657715 1.572852373123169 -0.6903190333733357 -0.37610498009577914 -0.6180652684867973 -0.058001655111860624 -0.8227472867662867 0.5654402798908107 0 0 0 0 0 0
4.005478858947754 1.9717135429382324 1.9191620349884033 -0.011756631207858881 -0.6198332726682805 -0.7846454586091551 -0.09886186835250385 -0.7801345234006539 0.6177511281934555 0 0 0 0 0 0
3.7218682765960693 1.5329384803771973 2.14996600151062 0.46001267699190435 -0.48667025254060126 -0.7426576615768596 -0.046160599729195735 -0.848385679569303 0.5273622452682531 0 0 0 0 0 0
3.5152437686920166 1.0513720512390137 2.1523149013519287 0.9292715636785717 -0.17598565045501624 -0.32478209890987997 -0.02895541830341244 -0.9112190145057213 0.4109032627688623 0 0 0 0 0 0
3.50654673576355 0.5325295925140381 2.009375810623169 0.9498616821311413 0.07391855578508368 0.3038072282379835 -0.03945262074237622 -0.9355527202789727 0.3509766349704386 0 0 0 0 0 0
3.616955518722534 -0.017743626609444618 2.1047136783599854 0.7370686547829638 0.41943885275556436 0.5299064511171084 0.1448972831490145 -0.8639419472238454 0.48229564497629956 0 0 0 0 0 0
3.993860960006714 -0.5065563917160034 2.184751033782959 0.34918685583268494 0.5506811876280888 0.7581680350068852 0.2965399210673688 -0.8324553993216477 0.468062050751388 0 0 0 0 0 0
4.413148403167725 -0.8614795804023743 2.4271721839904785 -0.34042713360399235 0.575680617375851 0.7434387624303218 0.142217223524183 -0.7500433370392361 0.6459173738924503 0 0 0 0 0 0
4.6039958000183105 -0.9479939341545105 2.8337366580963135 -0.9384339945770431 -0.06624392478614319 0.3390477551188067 0.30359790543194537 -0.6264336881690383 0.7179200137510249 0 0 0 0 0 0
4.804201126098633 -1.0433670282363892 3.2719624042510986 -0.9332836218091978 -0.3562213767740192 -0.045694769853108164 0.1920098164038346 -0.6024361073603227 0.7747276727683783 0 0 0 0 0 0
4.650733470916748 -1.012120246887207 3.6972453594207764 -0.33266440047938095 -0.9098667650056637 -0.24794528951327666 0.25565928969902413 -0.34008609604609286 0.9049750133935844 0 0 0 0 0 0
4.513863563537598 -1.2481472492218018 4.160215854644775 0.1275781219932786 -0.8502518987949231 -0.510681438260973 0.0740347048914316 -0.5052887204493045 0.8597686732245735 0 0 0 0 0 0
4.401034832000732 -1.6985156536102295 4.4782867431640625 0.7229159313969112 -0.43765321260048556 -0.5346514954931022 0.2040282125353984 -0.6040837012503841 0.7703605457013275 0 0 0 0 0 0
4.344770908355713 -2.217963457107544 4.768276691436768 0.8156553610449236 -0.0653196140911891 -0.5748388295980477 0.38696065770540083 -0.677039463248749 0.6260024078164953 0 0 0 0 0 0
4.5110087394714355 -2.7165770530700684 4.827437400817871 0.8883579708372707 0.4500273906377453 -0.09107943415321071 0.4258766545863824 -0.7334658152798671 0.5297706795342219 0 0 0 0 0 0
4.806455135345459 -3.1526098251342773 4.825760841369629 0.5208621771206303 0.6964228214030836 0.49365762049635775 0.4826191174208628 -0.7172450817669976 0.5026313561457944 0 0 0 0 0 0
5.214694023132324 -3.429814577102661 4.993155479431152 -0.002305496651747964 0.8625329080285737 0.5059957186112949 0.32664036266687124 -0.47759276747963564 0.815604819706209 0 0 0 0 0 0
4.465134620666504 -4.440559387207031 4.119503498077393 -0.1515493553693105 -0.12626987051564534 -0.9803513210513406 0.09261019612780468 -0.9892580909809634 0.11310075597390853 0 0 0 0 0 0
4.2033257484436035 -4.9518656730651855 4.144585609436035 0.4962391972060625 0.004826825992349587 -0.8681724257928963 0.10056793075537979 -0.9935724858300452 0.051959664212599316 0 0 0 0 0 0
4.095864772796631 -5.475380897521973 4.021417617797852 0.8649254325423203 0.32252788328567583 -0.38455137581959264 0.337951941760246 -0.9407202118280668 -0.028878506170449965 0 0 0 0 0 0
4.196827411651611 -5.88096809387207 3.665938138961792 0.8809754706081708 0.36194686530578407 0.30475676675346974 0.42849931436844985 -0.8834606730990854 -0.1894348876872455 0 0 0 0 0 0
4.541118621826172 -6.328703880310059 3.4227683544158936 0.6717202744682662 0.3416053963862279 0.6573413314466734 0.5032254299432475 -0.8615940299395678 -0.06648228509106184 0 0 0 0 0 0
5.027227401733398 -6.472868919372559 3.245856285095215 0.17648357897811143 0.08882471959267416 0.980287567778129 0.3768371754721659 -0.9261400128629493 0.01607543953912855 0 0 0 0 0 0
5.506903648376465 -6.7658371925354 3.2600460052490234 -0.2897704817260635 -0.03439266154467113 0.9564780252322154 0.6063152826327308 -0.7798437659053394 0.15564536236126644 0 0 0 0 0 0
5.951543807983398 -7.076689720153809 3.5384151935577393 -0.8657348000920402 -0.14255304636906538 0.4797727429528423 0.2005830378230811 -0.9770540015400456 0.07163744141333697 0 0 0 0 0 0
6.105583667755127 -7.395977020263672 3.899441957473755 -0.9046870146539919 -0.30383329156094435 -0.29870844724528595 0.2370759005712176 -0.9414789702148323 0.23960877699192298 0 0 0 0 0 0
5.993844985961914 -7.738543510437012 4.23490571975708 -0.49101600017664765 -0.5308807859271254 -0.6907017291884565 0.13771887115799827 -0.8301954168177049 0.5401935601447354 0 0 0 0 0 0
5.606226921081543 -8.000496864318848 4.567468643188477 0.17491832594736587 -0.5640497021249994 -0.8070015568637218 -0.017869851562173633 -0.8213216823632242 0.5701853755448214 0 0 0 0 0 0
5.452145099639893 -8.510063171386719 4.717698574066162 0.620735295864931 -0.3265569745316733 -0.712775024009818 0.11252778529467834 -0.8626074105595917 0.49319970882427633 0 0 0 0 0 0
5.335519313812256 -9.061430931091309 4.709935188293457 0.8877492207437752 0.037119688724358085 -0.45882834456670896 0.22504616904303806 -0.9045057800497935 0.3622478649427307 0 0 0 0 0 0
5.420032024383545 -9.515629768371582 4.659830570220947 0.9553802154314635 0.27703897177539416 0.10246000234122121 0.23535937898537032 -0.923581815956926 0.3026592010121744 0 0 0 0 0 0
5.7425761222839355 -10.052847862243652 4.558040618896484 0.6987758931371328 0.5917106040325519 0.40198359698603964 0.4788506426069079 -0.8043908831855423 0.35164949754398134 0 0 0 0 0 0
6.132900714874268 -10.400651931762695 4.551734447479248 0.17218200366334946 0.6199143400677907 0.7655452753382976 0.4812592458475761 -0.7310285795824724 0.48372177346058687 0 0 0 0 0 0
5.331790924072266 -11.194586753845215 3.4549291133880615 0.5897893655489884 0.32865059346404907 -0.7376566218106161 0.3767056914599889 -0.9199368254359073 -0.10866949539110175 0 0 0 0 0 0
5.4111480712890625 -11.58650016784668 3.1913819313049316 0.7817536583231995 0.4471792477668184 -0.43461700158299893 0.36193474040112034 -0.8929320957762305 -0.26772283433327515 0 0 0 0 0 0
5.641290664672852 -11.939082145690918 2.79081654548645 0.8253549958525603 0.5398733438410468 0.1653054851815472 0.5536982254066222 -0.8312232873080065 -0.049861025043904515 0 0 0 0 0 0
6.096744537353516 -12.253387451171875 2.570854902267456 0.5870744044131256 0.493519494593254 0.6417025417897243 0.7387761498369185 -0.6507178373003417 -0.175431173544798 0 0 0 0 0 0
6.551931381225586 -12.34758472442627 2.3747775554656982 0.24634936866319776 0.30952611350975334 0.918425595034672 0.8704792652233985 -0.48730823724801164 -0.06925699045127481 0 0 0 0 0 0
7.050071716308594 -12.352598190307617 2.2707321643829346 -0.02953616323248169 -0.225560153894551 0.9737814087548451 0.9045186331228879 -0.420649372348995 -0.07000105624845407 0 0 0 0 0 0
7.512138843536377 -12.363215446472168 2.441516876220703 -0.32511090622775274 -0.6721541623116883 0.6652155145055185 0.8959842525262407 -0.44395706213053504 -0.01069327870290851 0 0 0 0 0 0
8.010220527648926 -12.582551956176758 2.528679847717285 -0.6761407884348696 -0.7054067723556223 0.21268502469496106 0.7179537954534713 -0.695648394218444 -0.024812481037890917 0 0 0 0 0 0
8.19340991973877 -12.791816711425781 2.986027717590332 -0.46323485568381584 -0.7706402839943423 -0.4376380024229086 0.8368134394983636 -0.5429519547642275 0.07033094832733927 0 0 0 0 0 0
8.55267333984375 -13.156092643737793 3.2159953117370605 -0.4287324347355353 -0.39016141663932236 -0.8148389830952721 0.7455100579319262 -0.6622430413225154 -0.07515921595015075 0 0 0 0 0 0
8.64405345916748 -13.794670104980469 3.2068872451782227 -0.31008230225709843 0.05776968524089235 -0.9489529120531249 0.544293193454195 -0.8075935871119252 -0.22701876049156777 0 0 0 0 0 0
8.540352821350098 -14.292561531066895 3.163992404937744 0.2806971737715819 0.23854348476010415 -0.9296806454450648 0.4969837088352925 -0.8647812185704619 -0.07183757484843577 0 0 0 0 0 0
8.522713661193848 -14.69573974609375 2.9033260345458984 0.792041574778558 0.463166271153934 -0.397677192063692 0.4149956947522201 -0.8862688616321402 -0.20568441418443148 0 0 0 0 0 0
8.731097221374512 -15.110031127929688 2.4940073490142822 0.8374778918233808 0.5380864119454849 0.09536138624568892 0.5464633348926554 -0.8236794563195586 -0.15142647342890284 0 0 0 0 0 0
9.003288269042969 -15.356209754943848 2.0979647636413574 0.6566264357644523 0.24272475651583506 0.714091322191777 0.5347320142960598 -0.8175225734179915 -0.21381888326081847 0 0 0 0 0 0
9.4223051071167 -15.71330451965332 2.0046701431274414 0.2581940887407708 0.2956606861955592 0.91973940394967 0.7723996633101403 -0.6350097992612751 -0.012700982660286492 0 0 0 0 0 0
9.937339782714844 -15.776667594909668 1.9367969036102295 -0.02641151009236041 0.11178997081789918 0.9933808104444009 0.971585265365427 -0.2309471607107627 0.05182162757411319 0 0 0 0 0 0
10.037162780761719 -15.554267883300781 0.44500988721847534 0.40413918489001677 0.8926829466666671 -0.19947099028918738 0.8351864703077905 -0.4490567457155964 -0.31750842341917895 0 0 0 0 0 0
10.375673294067383 -15.495548248291016 0.005175823345780373 0.564195957914634 0.6753743401590917 0.47492359567351494 0.8232125006088636 -0.4160696214892303 -0.3862735415675147 0 0 0 0 0 0
10.747302055358887 -15.35251235961914 -0.3801144063472748 0.4666578696951069 0.14619387551200413 0.8722716224974908 0.8732673331197353 -0.23241522263987138 -0.42823746822435393 0 0 0 0 0 0
11.27560806274414 -15.21450424194336 -0.5646293759346008 0.1623175150854316 -0.3256029939663552 0.9314696530841122 0.8905288081015124 -0.35823272076406515 -0.2804064188196757 0 0 0 0 0 0
11.742841720581055 -15.167418479919434 -0.5101580023765564 -0.08319668335258988 -0.7748533058081373 0.6266423751689078 0.9841534816431462 -0.1626953482658248 -0.07051346128460677 0 0 0 0 0 0
12.2252197265625 -15.184870719909668 -0.2925078272819519 -0.3198722400804619 -0.9321963748967325 0.16938615248979993 0.9414606560870474 -0.3328139327711284 -0.05372819737867053 0 0 0 0 0 0
12.603711128234863 -15.35007095336914 -0.04409137740731239 -0.2928297032345467 -0.8040222512909012 -0.5174929799839589 0.9398936960907708 -0.341464631985372 -0.0013210419843858073 0 0 0 0 0 0
12.948412895202637 -15.747264862060547 0.11222176998853683 -0.23061698559825033 -0.34519471960111525 -0.9097562374136733 0.922281463458212 -0.37558575981350933 -0.09128109983281048 0 0 0 0 0 0
13.324655532836914 -16.25128173828125 0.08672898262739182 -0.2768499918653953 0.02708848975710564 -0.9605312570274896 0.8671737736048206 -0.4235852577247587 -0.26188771603537475 0 0 0 0 0 0
13.608863830566406 -16.714387893676758 -0.1433943510055542 -0.2029208005563051 0.4102951634995449 -0.8890899996684642 0.7946018566353757 -0.4616022605471538 -0.39437449523184387 0 0 0 0 0 0
13.765466690063477 -17.0814208984375 -0.47007882595062256 0.17508280234048812 0.8319097440602143 -0.5265664156232054 0.8031024488663603 -0.43005638700787097 -0.412405092862093 0 0 0 0 0 0
13.898838996887207 -17.244857788085938 -0.8979557752609253 0.6474793487114187 0.7620826116908881 -0.0007654741225003309 0.6862435743299556 -0.5834813491426549 -0.4343032027207651 0 0 0 0 0 0
14.216158866882324 -17.361616134643555 -1.3370980024337769 0.6658592049362343 0.5666704232955252 0.4853000623982612 0.7450492200004857 -0.5391831265146002 -0.39266170663639804 0 0 0 0 0 0
14.51018238067627 -17.368223190307617 -1.7518199682235718 0.6420204351369709 0.07306913897417591 0.763197655785254 0.7010766499787359 -0.4588691247462018 -0.5458302457809096 0 0 0 0 0 0
14.952978134155273 -17.412160873413086 -2.0659263134002686 0.2431512466245611 -0.21754746923081533 0.9452780384078482 0.7487905151670953 -0.5773819100887267 -0.325488700722605 0 0 0 0 0 0
15.48050594329834 -17.38010025024414 -2.1422605514526367 -0.2235295924412599 -0.6477151168659803 0.7283540682156818 0.7300873051737508 -0.6063433553132282 -0.31515117371132684 0 0 0 0 0 0
16.146455764770508 -16.85213279724121 -2.695115804672241 0.38676746523435906 0.8178193522370758 0.42612490533025466 0.8738285514256217 -0.17735883643736472 -0.45273337170014766 0 0 0 0 0 0
16.528783798217773 -16.612272262573242 -3.0813539028167725 0.35682953046533655 0.3260069510561463 0.8754382639860808 0.9215026294804881 0.030963168421620214 -0.38713587545181205 0 0 0 0 0 0
17.054134368896484 -16.404359817504883 -3.2599406242370605 0.12666736964323363 -0.12387309624273166 0.984180285057013 0.9908123388150137 0.06320586468848106 -0.11956558000070089 0 0 0 0 0 0
17.46086883544922 -16.040023803710938 -3.2110507488250732 0.060810409837387114 -0.7211562435032219 0.6900983745175252 0.9810852627004091 -0.08411057232152838 -0.1743476955276852 0 0 0 0 0 0
17.98961067199707 -15.976115226745605 -3.0377614498138428 -0.15954980095978666 -0.9801893861385004 0.11735684179084845 0.9835766830592093 -0.16800035159368346 -0.06597568041818769 0 0 0 0 0 0
18.41162872314453 -16.128042221069336 -2.7156283855438232 -0.2031558364767412 -0.8354637744182568 -0.5106153030807398 0.9767009884825412 -0.20974480606791637 -0.04541250295633481 0 0 0 0 0 0
18.81134796142578 -16.476511001586914 -2.536133050918579 -0.31112770360562625 -0.40440831632242946 -0.8600310841698383 0.8822776526619751 -0.45927462760051374 -0.10321317772302585 0 0 0 0 0 0
19.029714584350586 -16.90514373779297 -2.6012208461761475 0.011997239259285256 0.12294309213917001 -0.9923412025837761 0.8493267477299545 -0.5250176464421564 -0.05477724449803073 0 0 0 0 0 0
19.29975700378418 -17.368988037109375 -2.852147340774536 0.10811949210892358 0.6212984521848852 -0.7760788676022395 0.8268696329744061 -0.4895878881450659 -0.27674954353426795 0 0 0 0 0 0
19.462255477905273 -17.697467803955078 -3.245443820953369 0.41334435443079276 0.8870042542816757 -0.2058394946223864 0.8433375389976957 -0.458165678127916 -0.28083092191369746 0 0 0 0 0 0
19.81125831604004 -17.823883056640625 -3.552645444869995 0.4961210240098916 0.7657749240414489 0.4092098425559794 0.8570827371824449 -0.3565772183769425 -0.3718358091394782 0 0 0 0 0 0
20.174758911132812 -17.734159469604492 -3.8772850036621094 0.4079553717225332 0.25165211144606553 0.8776352485443293 0.8663936807927959 -0.40991130774643336 -0.28519240814565866 0 0 0 0 0 0
20.853200912475586 -18.110647201538086 -3.437761068344116 0.6811151711742089 0.6048974107706206 -0.41253029711686307 -0.6167653517990923 0.7776436728510822 0.12194596711175457 0 0 0 0 0 0
20.906240463256836 -17.655189514160156 -3.225966215133667 -0.07764348206230567 0.43764163751633084 -0.8957908722493577 -0.7031457468627859 0.6129416990007064 0.3604005165019919 0 0 0 0 0 0
20.619853973388672 -17.18940544128418 -3.12158203125 -0.14347571369824128 -0.1838638719960944 -0.9724241852984654 -0.7997181404042397 0.6003589188554183 0.004479336908352859 0 0 0 0 0 0
20.430368423461914 -16.776081085205078 -3.214715003967285 -0.476230926295519 -0.8335388273308552 -0.2800305843503787 -0.8662308788799062 0.49946025153128526 -0.013547014994103608 0 0 0 0 0 0
19.973682403564453 -16.646530151367188 -3.5022594928741455 -0.4494950424136193 -0.8478445623172299 0.28127176359294087 -0.8926437030012978 0.4144165992791359 -0.17733048732253373 0 0 0 0 0 0
19.399858474731445 -16.634624481201172 -3.767364263534546 -0.031661881406076564 -0.6011752048422454 0.7984897609542104 -0.9413218089340826 0.2865147792516917 0.1783887140360093 0 0 0 0 0 0
18.910005569458008 -16.695783615112305 -3.7737667560577393 0.20217773990157575 -0.2560886249800478 0.9452739167268497 -0.9764829698026264 0.021074081044291006 0.21456209542596733 0 0 0 0 0 0
18.48265838623047 -16.968393325805664 -3.5907745361328125 0.2328998373582661 0.4711974311174404 0.850723601804263 -0.9701962938879647 0.17276325825971042 0.16991765041203627 0 0 0 0 0 0
18.11836814880371 -17.164339065551758 -3.3484644889831543 0.15664723001955114 0.915659827455308 0.37017391279197015 -0.9262561781536327 0.006112849192390835 0.37684496216212976 0 0 0 0 0 0
17.76711654663086 -17.118789672851562 -2.915081262588501 0.13855426652516956 0.9902884508958492 0.011467312238349353 -0.9061288352782584 0.12208943644916342 0.40499963380822046 0 0 0 0 0 0
17.526519775390625 -16.985828399658203 -2.441371202468872 -0.07838794159301113 0.778009499505694 -0.6233430430282433 -0.8469447300185143 0.2778528855407357 0.4533016636750332 0 0 0 0 0 0
17.24913787841797 -16.661771774291992 -2.099252700805664 -0.20909755270893451 0.241785436946557 -0.9475325935986039 -0.9285039719160457 0.2549580309646575 0.2699569902461357 0 0 0 0 0 0
16.981884002685547 -16.208406448364258 -2.024447441101074 -0.3864126308407574 -0.3508641565463963 -0.852982779648986 -0.8680158039073824 0.45100597983469537 0.2077069337320423 0 0 0 0 0 0
16.677274703979492 -15.857552528381348 -2.1593246459960938 -0.4376161919410555 -0.7791178985936863 -0.4488511653565884 -0.8694699405080493 0.4938926689932496 -0.009594481103948678 0 0 0 0 0 0
16.128740310668945 -15.694808959960938 -2.4325571060180664 -0.05682503893370919 -0.9799446254249146 -0.19099593202737725 -0.9969622907074678 0.06590234056848483 -0.041509907430807694 0 0 0 0 0 0
15.789985656738281 -15.748687744140625 -2.8076155185699463 -0.15526317726516636 -0.7683075173558259 0.6209644954102069 -0.9869547219552949 0.09354318449748926 -0.1310345353111738 0 0 0 0 0 0
15.393896102905273 -15.97104549407959 -2.9908463954925537 -0.1891599791929855 -0.16481584181883843 0.9680156199965253 -0.9814987106257476 0.0019742713387804712 -0.19145856808374004 0 0 0 0 0 0
14.935307502746582 -16.30864143371582 -2.959512948989868 -0.06656115141526571 0.45256242430137317 0.8892451097603731 -0.9964047036814624 0.016668408889328284 -0.08306521911459307 0 0 0 0 0 0
14.37520694732666 -16.391939163208008 -2.7894487380981445 0.22199838640868974 0.6963365917528862 0.6825189135972075 -0.9744227844904608 0.1834840018027355 0.1297453588700224 0 0 0 0 0 0
14.002023696899414 -16.485490798950195 -2.3908309936523438 0.24192818770475674 0.9637550009807475 0.11245910402671422 -0.9680230209433903 0.23180987894076094 0.09589374822741323 0 0 0 0 0 0
13.697633743286133 -16.29329490661621 -2.040493965148926 0.006318129617657049 0.8317424248669312 -0.5551257694564465 -0.9884592799003019 0.08921902651312674 0.12242637496481976 0 0 0 0 0 0
13.193541526794434 -16.001508712768555 -1.9190373420715332 0.04729921862178897 0.35575144446041845 -0.9333829298214609 -0.9379757670207871 0.33711628482513273 0.08095721701903039 0 0 0 0 0 0
12.607068061828613 -16.251768112182617 -0.9359759092330933 0.33179774695166825 0.4022152115168787 0.8533072006857959 -0.9433504816974884 0.14180556572258177 0.29996841535604246 0 0 0 0 0 0
12.277070999145508 -16.383441925048828 -0.48273587226867676 0.2516113067266555 0.9104822661949283 0.32819779595824927 -0.943757014475537 0.1556557123133625 0.2917087534724332 0 0 0 0 0 0
11.922784805297852 -16.335174560546875 -0.11278561502695084 0.17613062755835357 0.9550249658263571 -0.23854835292717105 -0.8108321938706868 0.27816386903751794 0.5149524398863722 0 0 0 0 0 0
11.738759994506836 -16.043720245361328 0.2902875542640686 -0.08422353316156321 0.6685573749636695 -0.7388757898615101 -0.7349125691551119 0.4590728596985627 0.49915491101061665 0 0 0 0 0 0
11.533879280090332 -15.593500137329102 0.5721497535705566 -0.24865015730687054 0.28365559037823446 -0.9261277478395967 -0.7809567403089536 0.5068890449325901 0.36492474004010783 0 0 0 0 0 0
11.3261137008667 -15.096991539001465 0.6610805988311768 -0.46902743346053877 -0.24986424732036053 -0.8471016022723896 -0.7650530838866079 0.5941538095371877 0.24834457805242746 0 0 0 0 0 0
10.89523983001709 -14.686477661132812 0.6641498804092407 -0.34044943812474426 -0.7090515084705692 -0.6175274394034295 -0.9072077664413661 0.4203170071629804 0.017540866512887922 0 0 0 0 0 0
10.521008491516113 -14.379477500915527 0.3442448377609253 -0.25578639127359626 -0.9606461759884041 0.1083154956508386 -0.9359162172804444 0.2741374884005406 0.22115485905787327 0 0 0 0 0 0
10.082962036132812 -14.412548065185547 0.15409189462661743 -0.02656930265987503 -0.622614319257933 0.7820776698072568 -0.9988580428828524 0.04761146505058509 0.003969705779354505 0 0 0 0 0 0
9.690093994140625 -14.653085708618164 0.05528592690825462 0.05029754578356579 -0.09410047103648912 0.9942913346896175 -0.9981094479925694 -0.03994609626279309 0.046710161863691674 0 0 0 0 0 0
9.325719833374023 -15.025409698486328 0.13447344303131104 -0.05852617406778087 0.7220024196530207 0.6894107577955039 -0.9849596945052339 0.07069935315871383 -0.15765786267451432 0 0 0 0 0 0
8.869830131530762 -15.114084243774414 0.3326079249382019 0.11743052219378117 0.9085022577664573 0.4010407960426788 -0.9918451079105352 0.12743732503886393 0.0017349642296279988 0 0 0 0 0 0
8.4309663772583 -15.106592178344727 0.6150411367416382 0.11150800479746932 0.9808007591528358 -0.15998698606858205 -0.9901166720471533 0.12342919310908818 0.06658986426408743 0 0 0 0 0 0
8.10828685760498 -14.870685577392578 0.8943061828613281 0.005807879390207774 0.678422778474143 -0.7346487610990798 -0.9472335365459315 0.239189146967859 0.21339442170655648 0 0 0 0 0 0
7.7858147621154785 -14.540502548217773 1.0922516584396362 -0.07548262764046222 0.30010185688527796 -0.9509160049228845 -0.8524752407864085 0.47529616673447955 0.21766836640556012 0 0 0 0 0 0
7.562508583068848 -14.048212051391602 1.114336371421814 -0.39663493647436676 -0.33620978018328035 -0.8541918466463405 -0.7888844307644884 0.6006576265890377 0.12989137969015987 0 0 0 0 0 0
7.540205001831055 -13.637828826904297 2.4252960681915283 0.6483991448711462 0.6648000380916502 0.3709709669013287 -0.7437342055589412 0.4490710290294287 0.4951713262781485 0 0 0 0 0 0
7.248174667358398 -13.509305953979492 2.8247292041778564 0.48175384692771145 0.8326879317964436 -0.2730275429529269 -0.7433442799822223 0.5533104560559297 0.37588139171404966 0 0 0 0 0 0
7.087808132171631 -13.186074256896973 3.1069369316101074 0.26770472881366963 0.6624674884861751 -0.6996220442993624 -0.5604302211829709 0.6977157059955152 0.4462182882760258 0 0 0 0 0 0
7.018251419067383 -12.697540283203125 3.4275734424591064 -0.08567002951321942 0.3159004850936079 -0.944916678634062 -0.580293742531104 0.7551148531442332 0.3050585696881963 0 0 0 0 0 0
6.953684329986572 -12.158097267150879 3.481170177459717 -0.4373617394682043 -0.22175292342605094 -0.8715161213662928 -0.6970364156715299 0.6959206241678472 0.17272729976937706 0 0 0 0 0 0
6.716220855712891 -11.663142204284668 3.342189073562622 -0.4989850366456732 -0.47578901672314694 -0.7243195046174976 -0.6331776323937048 0.7708220984887741 -0.07013827997367163 0 0 0 0 0 0
6.576625347137451 -11.269457817077637 3.049382448196411 -0.7901257040283732 -0.573835788650855 -0.21543876043349053 -0.5189662161925682 0.8133226003204208 -0.26302169921661944 0 0 0 0 0 0
6.346245765686035 -11.025129318237305 2.6764976978302 -0.7365009343548726 -0.40654355672355996 0.540637318524126 -0.5567646341491513 0.8182375020822268 -0.14318006965705726 0 0 0 0 0 0
5.947868347167969 -10.815741539001465 2.510899782180786 -0.3473984434325947 -0.22848597900922288 0.9094550450114659 -0.698395067964036 0.7102396172333626 -0.08834033708174532 0 0 0 0 0 0
5.3824687004089355 -10.80633544921875 2.531585931777954 0.32025637083704644 0.4006757105554406 0.8584257870714141 -0.7433194282756832 0.6680463012749652 -0.034501694172169785 0 0 0 0 0 0
4.823540687561035 -10.585402488708496 2.6944289207458496 0.5528696591980987 0.4695217974748351 0.6883926362434291 -0.7603214679310094 0.6222852644291526 0.1862050350489351 0 0 0 0 0 0
4.4753828048706055 -10.360384941101074 2.973249912261963 0.7793581352205432 0.6201538882373387 0.08949889367845781 -0.6207246056446794 0.7446801136522451 0.2452600503101492 0 0 0 0 0 0
4.365807056427002 -10.072050094604492 3.424323797225952 0.5818029404662162 0.6799170767557723 -0.4463385567041568 -0.6991465659836197 0.6984860876764308 0.15268026917642472 0 0 0 0 0 0
4.217808246612549 -9.633308410644531 3.6359026432037354 0.29870968317374175 0.3676403027892472 -0.8806890103454643 -0.5109596110195692 0.8410209700664345 0.17777514959983612 0 0 0 0 0 0
4.286911964416504 -9.09603500366211 3.709388017654419 -0.20065660553719677 -0.04958481158170498 -0.9784059858334355 -0.5667331188073428 0.8205130086926304 0.07464566037667478 0 0 0 0 0 0
4.124598026275635 -8.633434295654297 3.60146164894104 -0.428104693651662 -0.416062095911451 -0.8022585017431647 -0.46956527779321733 0.8608904921812464 -0.19589795905754157 0 0 0 0 0 0
4.026303768157959 -8.28866958618164 3.2768502235412598 -0.7821985765959523 -0.5711071699822532 -0.24900198225341078 -0.4841372548813935 0.8087220757939387 -0.3340355109257872 0 0 0 0 0 0
4.942399978637695 -7.300488471984863 4.053172588348389 0.8396073512278498 0.2021361949034414 -0.504182957341987 -0.20219853335460106 0.9777824022162956 0.05529310106494955 0 0 0 0 0 0
5.132606506347656 -6.923319339752197 4.352458953857422 0.18347659688571114 0.2450745424324148 -0.9519846674431163 -0.2644798193451895 0.9450225988340546 0.1923088995654267 0 0 0 0 0 0
5.300352573394775 -6.465399265289307 4.424868106842041 -0.2906833044052572 0.053823618741376984 -0.955304262842799 -0.08114696563605465 0.993432718028314 0.08066352781113303 0 0 0 0 0 0
5.350391864776611 -5.936178207397461 4.279048919677734 -0.6648912038602687 -0.2390135985993247 -0.707666720083574 -0.13276794351906948 0.9701516180608618 -0.20292489040925743 0 0 0 0 0 0
5.317407131195068 -5.467811107635498 3.869645357131958 -0.8988815704861086 -0.38165067835433625 -0.21530137471020003 -0.2880178922344867 0.8848820997765493 -0.3661002092977397 0 0 0 0 0 0
5.149606704711914 -5.121627330780029 3.438040018081665 -0.8516749561469712 -0.29389654266195125 0.4339062010197672 -0.44666778552923697 0.8401317414716832 -0.3076792913768562 0 0 0 0 0 0
4.844483852386475 -4.870017051696777 3.0981624126434326 -0.5157473619671035 -0.08969597085228746 0.8520324474084536 -0.4611278622782043 0.8672256277506869 -0.1878318535370411 0 0 0 0 0 0
4.357373237609863 -4.72770881652832 2.931953191757202 0.05111097765596135 0.34690257331353286 0.9365074866713565 -0.540726973389628 0.7980049000675326 -0.2660874287092493 0 0 0 0 0 0
3.9196524620056152 -4.3681535720825195 2.93977689743042 0.41886320979834457 0.2248421374386281 0.87977248462853 -0.5601356667807271 0.8265433776071325 0.055444384151177986 0 0 0 0 0 0
3.528865098953247 -4.210900783538818 3.2486534118652344 0.7558617839542403 0.5330537242977593 0.3801666615706876 -0.5527643431792315 0.8307360839874828 -0.06579619799634913 0 0 0 0 0 0
3.2582743167877197 -3.747384786605835 3.4959652423858643 0.8792668084322021 0.4761773078867972 0.012043713842981005 -0.47521773864522177 0.8786605388286061 -0.0460842530843796 0 0 0 0 0 0
3.121654987335205 -3.4625356197357178 3.8088276386260986 0.5832316667533473 0.49622668156944827 -0.6431173325254776 -0.6635204533820124 0.7477477975971472 -0.024775777128974667 0 0 0 0 0 0
3.0739593505859375 -2.926502227783203 3.9109370708465576 0.17424805350073527 0.047489034810658685 -0.9835560011631045 -0.44419028207768413 0.8952301091706268 -0.03546892924934752 0 0 0 0 0 0
3.1514854431152344 -2.377378225326538 3.901843309402466 -0.21422084028697416 -0.21803734619641096 -0.9521392478258466 -0.4578396400742964 0.8834713564165948 -0.09930370772564806 0 0 0 0 0 0
3.1744890213012695 -1.8981001377105713 3.712193250656128 -0.6124260755728091 -0.4358162427348225 -0.6595441641975085 -0.45268989394831494 0.8773112714060474 -0.15936371287394227 0 0 0 0 0 0
3.002643346786499 -1.3625831604003906 3.512054204940796 -0.5583282902089449 -0.6703593264521058 -0.48876159197612423 -0.5257306201065831 0.7416373335782429 -0.41663098843617224 0 0 0 0 0 0
2.919489860534668 -1.027439832687378 3.0786988735198975 -0.7568151854883277 -0.6495371556785793 0.07302231444736061 -0.6324868226662888 0.699566667423164 -0.3325160101167324 0 0 0 0 0 0
4.010716438293457 -0.19477184116840363 3.3454537391662598 0.40031545780495287 -0.4942228230781598 -0.7716808507349816 -0.13741988334040023 0.8002007890249729 -0.5837760468763012 0 0 0 0 0 0
4.354811668395996 0.20074988901615143 3.1267459392547607 -0.2132689566741233 -0.5642425345899944 -0.7975880605165739 -0.12046442444902487 0.825327269476744 -0.5516549833910935 0 0 0 0 0 0
4.509557723999023 0.5035862922668457 2.667985439300537 -0.6620754211676584 -0.48863801263680673 -0.5682332525398521 0.01742365140083447 0.7479722829371088 -0.6635012285819162 0 0 0 0 0 0
4.6861042976379395 0.5922492742538452 2.2505481243133545 -0.9926607349907626 -0.00702887924002921 -0.12072804174767322 0.07659669758034668 0.735985887719159 -0.6726497743982572 0 0 0 0 0 0
4.603528022766113 0.7383092641830444 1.7644593715667725 -0.8826394875712977 0.27800122504493113 0.3790288298446365 -0.05712625674642619 0.7369384638663541 -0.6735416032172327 0 0 0 0 0 0
4.340954303741455 0.9654099941253662 1.272365927696228 -0.6262439201199193 0.4055598928730295 0.665837612189078 -0.18328747967648684 0.7535216213782828 -0.6313563699760107 0 0 0 0 0 0
3.8781683444976807 1.1868040561676025 1.0639289617538452 0.1366466271505728 0.7152292256958969 0.6854012357727552 -0.08930803050458211 0.6979682823349038 -0.7105380725491467 0 0 0 0 0 0
3.6354238986968994 1.641772747039795 0.7308601140975952 0.5021781203959258 0.45842410988227505 0.7332560745566714 -0.022364126522421857 0.8545270682157802 -0.5189251733452834 0 0 0 0 0 0
3.341864824295044 2.0496714115142822 0.7145839929580688 0.9600091202217065 0.19870698910854115 0.19722581365166908 -0.11827420238768488 0.9263536110404319 -0.3576034121228563 0 0 0 0 0 0
3.339107036590576 2.477167844772339 1.0335750579833984 0.8847224289530694 0.16754963272771536 -0.4349636125932705 -0.20865169079293816 0.976804900449009 -0.048131677594386656 0 0 0 0 0 0
3.414828300476074 3.0016067028045654 1.1358722448349 0.5372252980119117 -0.14522805167281613 -0.8308416167858532 -0.13792664111983222 0.9566772775188287 -0.25640754347047373 0 0 0 0 0 0
3.6688153743743896 3.511070966720581 1.0822358131408691 -0.042285848511171016 -0.3780716298860478 -0.9248101154783059 -0.028910990292929217 0.9257134601988746 -0.3771190054172673 0 0 0 0 0 0
3.8625903129577637 3.879713773727417 0.8154922723770142 -0.717701367767927 -0.3720631696363546 -0.5886202039551446 -0.2068483554680838 0.9210470121360406 -0.3299790285388172 0 0 0 0 0 0
3.7822563648223877 4.298165798187256 0.5311652421951294 -0.8616058878822492 -0.4192148763941383 -0.286171594286519 -0.1311359143292879 0.7285064428333766 -0.672370236345484 0 0 0 0 0 0
3.757432699203491 4.398595333099365 0.017824703827500343 -0.9427085557467905 0.04238479607686766 0.3309140492383524 -0.19134288599699387 0.7438482890422421 -0.6403730341506194 0 0 0 0 0 0
3.5615575313568115 4.604885101318359 -0.39423131942749023 -0.6313245945046686 0.24721604523809257 0.7350601902908043 -0.38506472164298283 0.7228118088910364 -0.5738190037578749 0 0 0 0 0 0
4.685765743255615 4.772367000579834 -1.347046136856079 0.3550754164702964 -0.6988067684828302 -0.6209593778509425 -0.18281494428211742 0.5995119668083891 -0.7792073522501335 0 0 0 0 0 0
4.788416385650635 5.020028114318848 -1.7578771114349365 -0.3207397849295319 -0.8718798242779946 -0.3700696723325637 -0.20030086953596768 0.44431211320534375 -0.8731931674733472 0 0 0 0 0 0
4.9697113037109375 5.141054153442383 -2.2521891593933105 -0.6383344207620961 -0.7557018660463344 -0.1464372115427197 -0.014252055169562211 0.20180798808233444 -0.9793214052953221 0 0 0 0 0 0
5.095015048980713 5.0047078132629395 -2.758514165878296 -0.9575063690471873 -0.26718515862636255 0.1085985462327969 -0.16571176121141656 0.20147785116657874 -0.9653736518496392 0 0 0 0 0 0
4.984106540679932 4.786438465118408 -3.228023052215576 -0.8979147272344244 0.2967979461514128 0.3250540290103049 -0.2644122243213019 0.22669335478304342 -0.9373880191930506 0 0 0 0 0 0
4.690283298492432 4.590394496917725 -3.621274471282959 -0.38688491073512193 0.8644930229251734 0.3208923170771971 -0.3434704312716073 0.18785188855294593 -0.9201846177855766 0 0 0 0 0 0
4.278072357177734 4.62381649017334 -3.9761784076690674 0.2397514784394931 0.9490912713779703 0.20431590045864031 -0.4054593849989578 0.28910839560961465 -0.8671903036267771 0 0 0 0 0 0
3.8377726078033447 5.026762962341309 -4.212401866912842 0.7379894266760519 0.6483911429528162 0.1869773565293216 -0.2640327554170778 0.5324371305046045 -0.8042371578874534 0 0 0 0 0 0
3.6799445152282715 5.517348289489746 -4.50319242477417 0.9875044185595222 0.13955588839399133 0.07320640231553463 -0.03890350827480696 0.6660355695901853 -0.7449047839050235 0 0 0 0 0 0
3.6186304092407227 6.029384613037109 -4.631975173950195 0.9542541041369161 -0.24201911119118624 -0.17557293229903015 0.09190071722940503 0.7961914998840235 -0.5980245427113756 0 0 0 0 0 0
3.7881317138671875 6.464332580566406 -4.710216045379639 0.584597899146898 -0.5781593100812942 -0.5691898703239153 0.26542014403381287 0.7992396582920042 -0.5392291866677384 0 0 0 0 0 0
4.036789417266846 6.898336887359619 -4.906371593475342 0.11239210207232583 -0.7611060112895911 -0.6388158224172384 0.2566002694557413 0.6433145256234064 -0.7213201250742782 0 0 0 0 0 0
4.439248085021973 7.105649948120117 -5.32274055480957 -0.5303404649763406 -0.6384141297697583 -0.5578229021105187 0.14723101771413719 0.5786226593089133 -0.8021962637392054 0 0 0 0 0 0
4.696589946746826 7.211697578430176 -5.845970153808594 -0.9317910851450487 -0.3240700453105013 -0.1635358657196094 -0.11189554309192419 0.6850095353527184 -0.7198897998388479 0 0 0 0 0 0
4.677964687347412 7.253023147583008 -6.356346607208252 -0.9727507772123455 0.06550681673012115 0.22240679484823286 -0.15780973388009553 0.5156981408675773 -0.8421113438248043 0 0 0 0 0 0
4.5308732986450195 7.273159980773926 -6.816467761993408 -0.6046713937815767 0.6472804649951288 0.4641125996759136 -0.18436022929340837 0.4531374249994614 -0.8721684355213388 0 0 0 0 0 0
5.035526275634766 7.319518566131592 -7.557892799377441 0.17113359776282364 -0.9673343362363237 -0.18702292280622546 -0.18987075488004376 0.15388483614685095 -0.9696744575605462 0 0 0 0 0 0
5.180624961853027 7.395344257354736 -8.022659301757812 -0.2894621685202926 -0.9537917808670715 -0.08057848190398018 -0.010564583174891335 0.08736072632412223 -0.9961207221408773 0 0 0 0 0 0
5.380001068115234 7.226131916046143 -8.539386749267578 -0.8034629773982538 -0.5753731662817436 0.1529475840713221 -0.08239069705893119 -0.14697086196356757 -0.9857034740589228 0 0 0 0 0 0
5.447983741760254 6.8792595863342285 -8.909430503845215 -0.9976538969252999 -0.03320212157951121 0.05986919969719273 -0.049303897904175054 -0.25825566329115734 -0.964817670873362 0 0 0 0 0 0
5.200317859649658 6.4852294921875 -9.257623672485352 -0.8070798235499128 0.57281566340845 0.14319348509125213 -0.29224759556885554 -0.1768215850852918 -0.9398539620239665 0 0 0 0 0 0
4.887430667877197 6.355238437652588 -9.622233390808105 -0.5245631344153152 0.83338465196588 0.17407911959821298 -0.5318256531544572 -0.16108791560323113 -0.8313916995577002 0 0 0 0 0 0
4.454072952270508 6.154157638549805 -9.869612693786621 -0.06980175494354127 0.9923903636282636 -0.10143510824445685 -0.6591074726203148 -0.12220704424333632 -0.7420530829215445 0 0 0 0 0 0
3.9104766845703125 6.199459552764893 -9.98448371887207 0.4303204402654031 0.8068342851194109 -0.4047749436979007 -0.8033717364598628 0.13784731292006736 -0.5793030048067953 0 0 0 0 0 0
3.420555353164673 6.44553279876709 -10.087492942810059 0.6691456026568382 0.356024819314512 -0.6522963210666499 -0.6946131041759636 -0.012316918824028123 -0.7192780609873448 0 0 0 0 0 0
3.1201577186584473 6.732761859893799 -10.33936882019043 0.6504369486466268 -0.30488162791743323 -0.6956859699560436 -0.6898734601590816 0.14610603024403526 -0.7090328884434525 0 0 0 0 0 0
2.978440523147583 7.065206050872803 -10.731465339660645 0.3546768252409517 -0.7766480827567738 -0.5205978344050489 -0.6625734151564676 0.184081948240508 -0.7260236262408232 0 0 0 0 0 0
2.8620800971984863 7.230007171630859 -11.199992179870605 0.06545058036816037 -0.9923373236592818 -0.10479912977789806 -0.46153392022427586 0.06301002742634787 -0.8848820129972939 0 0 0 0 0 0
2.978877305984497 7.27783203125 -11.65007209777832 -0.4712651193815865 -0.8814187367730973 0.031783607718075 -0.3916788334667849 0.1768577492076111 -0.9029446427989462 0 0 0 0 0 0
2.8824329376220703 7.169685363769531 -12.177616119384766 -0.7109169676092819 -0.6074962004655925 0.35432390772440386 -0.47216060858565745 0.038897775136766184 -0.8806539177165066 0 0 0 0 0 0
2.826450824737549 6.801571369171143 -12.613991737365723 -0.8708229406849524 0.13962168077648304 0.4713525137664608 -0.4723850477651065 0.02776472164973024 -0.8809548722151841 0 0 0 0 0 0
2.4252381324768066 6.580500602722168 -12.996302604675293 -0.6213357606196068 0.5718009242909874 0.535710346694207 -0.5996739989410257 0.09302838652374634 -0.794818730463033 0 0 0 0 0 0
2.0057780742645264 6.421449184417725 -13.23861026763916 -0.39466616560845336 0.8706974767418553 0.29346979694559194 -0.738481052218769 -0.11054569728781985 -0.6651506478422836 0 0 0 0 0 0
1.5373743772506714 6.361475944519043 -13.326292991638184 0.06936704819814267 0.9942325132616651 -0.0817919445768929 -0.9274785267689218 0.03408023502592914 -0.3723199161515916 0 0 0 0 0 0
0.911803662776947 6.44632625579834 -13.430144309997559 0.34154770472691903 0.9395471705317172 -0.024418839890898415 -0.9112562849914742 0.3246782239612777 -0.2533693626879299 0 0 0 0 0 0
0.44779637455940247 6.680774211883545 -13.305997848510742 0.5649760927699429 0.7054065465800008 -0.4280229183589196 -0.8110650080956464 0.5700901080528148 -0.13103748068067927 0 0 0 0 0 0
0.22481301426887512 7.037675857543945 -13.06187915802002 0.29031833781169664 0.3110081249840889 -0.9049802257089019 -0.8406714693371553 0.5346833415620511 -0.08593721486380315 0 0 0 0 0 0
-0.050780944526195526 7.477115154266357 -13.121007919311523 0.057845313095780414 -0.21566502211991526 -0.9747525419237785 -0.7284068285816763 0.6585788485460945 -0.18893753550653927 0 0 0 0 0 0
-0.07424845546483994 7.925387859344482 -13.400300979614258 -0.5586214652168007 -0.654907407400638 -0.5089580987967569 -0.7649364144551007 0.6440138026482928 0.010885946860995166 0 0 0 0 0 0
-0.3173171281814575 8.261557579040527 -13.749368667602539 -0.6201825421346816 -0.782175802794919 -0.059788192425326375 -0.7820074894192132 0.6224662876446918 -0.031622891045809676 0 0 0 0 0 0
-0.6422262191772461 8.38394546508789 -14.07837963104248 -0.5815559126478255 -0.3624639586749951 0.7282943080417464 -0.7563851813969844 0.5704704464914115 -0.3200701908065489 0 0 0 0 0 0
-1.0605403184890747 8.368570327758789 -14.282764434814453 -0.07017569686881883 0.3895576737590067 0.9183246650201915 -0.6669392636191446 0.6662619825943779 -0.3335970461388447 0 0 0 0 0 0
-1.5447909832000732 8.558979034423828 -14.212472915649414 0.5964552212266937 0.6944532022585302 0.4024623199062106 -0.6202892104619953 0.7170329074058182 -0.3179702896208925 0 0 0 0 0 0
-1.885738730430603 8.954975128173828 -14.128508567810059 0.8444089524288053 0.3713078135703714 -0.3861399081157991 -0.5283265621424589 0.6964037800032451 -0.48568798516323447 0 0 0 0 0 0
-1.860904574394226 9.414349555969238 -14.187084197998047 0.30219166860151775 -0.2608400405000349 -0.9168656764759876 -0.7298526371585253 0.5553969561004661 -0.3985590912111814 0 0 0 0 0 0
-2.8415136337280273 10.07463550567627 -13.825610160827637 -0.437891655525348 0.26975861621049746 0.857601998016252 0.8762746613799886 -0.08518674405310855 0.4742214002562693 0 0 0 0 0 0
-2.4677391052246094 10.246394157409668 -13.536680221557617 -0.4851610026448498 -0.5311678704005424 0.6946074394698034 0.8585167711121228 -0.1385160916372724 0.493722843381537 0 0 0 0 0 0
-2.2049105167388916 10.292564392089844 -13.121082305908203 -0.3518269327654019 -0.9023439639323508 0.24898429696617783 0.748531210832924 -0.1114901279658524 0.6536596803958118 0 0 0 0 0 0
-2.07812762260437 10.37242317199707 -12.63164234161377 -0.029936545775093863 -0.9950508463014633 -0.09475028496947777 0.4431170946204844 -0.09818055256159057 0.8910711641355037 0 0 0 0 0 0
-2.1205360889434814 10.102456092834473 -12.123517036437988 0.5854547822124251 -0.6844411651307506 -0.43449164486680575 0.4316566831965839 -0.19048285957078348 0.8816965396673966 0 0 0 0 0 0
-2.083188772201538 9.758161544799805 -11.743194580078125 0.6257033421826268 -0.42456594429580824 -0.6543997910495536 0.507971975629667 -0.4148896535283076 0.7548715436218629 0 0 0 0 0 0
-1.8677502870559692 9.364468574523926 -11.49875545501709 0.791858347793169 0.3468117280676948 -0.5026748276022702 0.6079573259614366 -0.3696745410150405 0.702658255153342 0 0 0 0 0 0
-1.5255991220474243 8.987996101379395 -11.382302284240723 0.5717375786274134 0.7939562404933533 -0.20675983499442685 0.6950052780819981 -0.3347751533359131 0.6363122347928574 0 0 0 0 0 0
-1.0701375007629395 8.735575675964355 -11.353903770446777 -0.08787869901274392 0.8745365110798694 0.47693104852596574 0.6932445005802205 -0.29012306242054636 0.6597277249494706 0 0 0 0 0 0
-0.5276883244514465 8.743724822998047 -11.202146530151367 -0.41634717191774656 0.6706646881946724 0.6138924241630918 0.7847454911114512 -0.07591071194374852 0.6151520771260067 0 0 0 0 0 0
-0.09933101385831833 8.924327850341797 -10.916406631469727 -0.7235611418132816 0.30386451042696305 0.6197786970853727 0.675364749240573 0.12612448682825758 0.7266189299113579 0 0 0 0 0 0
0.10470140725374222 9.32719612121582 -10.705157279968262 -0.5495889473910166 -0.40599423134692714 0.7301511302591076 0.7522158296352633 0.13977910877702143 0.6439201397655104 0 0 0 0 0 0
0.3018434941768646 9.542647361755371 -10.279946327209473 -0.38478803404564 -0.8295516074211459 0.4047002588092631 0.6342140165607436 0.0809352584898857 0.7689096599283066 0 0 0 0 0 0
0.5176418423652649 9.620097160339355 -9.836374282836914 -0.10019660731124798 -0.991242741722007 -0.08601434105283819 0.6360500533143656 -0.1302908565893837 0.7605686177906614 0 0 0 0 0 0
0.6733996868133545 9.559183120727539 -9.333939552307129 0.20276747634523287 -0.803532873127613 -0.5596608547503289 0.7828510958574647 -0.2103131940656802 0.5855873309051847 0 0 0 0 0 0
0.7491798996925354 9.221273422241211 -8.97160530090332 0.70034058635426 -0.24987793088635407 -0.6686434646064565 0.6305690305305961 -0.2224185426083425 0.7435809906390058 0 0 0 0 0 0
0.18875782191753387 9.836140632629395 -7.873992443084717 -0.9425020376475138 -0.33328301901385776 0.024745469631693696 0.0957573707122959 -0.19837147998563884 0.9754379948938711 0 0 0 0 0 0
0.06151891499757767 9.944746017456055 -7.386801242828369 -0.5781931999214922 -0.8083293002164987 -0.11088898040856378 0.1181587906720672 -0.2174343737836924 0.9688966886537534 0 0 0 0 0 0
-0.11542605608701706 9.832181930541992 -6.876166820526123 -0.12346869273136861 -0.9048630574981342 -0.407404380303324 -0.10929149552832672 -0.3956489079110668 0.9118757101019644 0 0 0 0 0 0
-0.45339590311050415 9.57136344909668 -6.596158504486084 0.5960773493460232 -0.7401302657913471 -0.3112860151954288 -0.07499774505472674 -0.4373165246760744 0.8961749803927505 0 0 0 0 0 0
-0.5661600828170776 9.208805084228516 -6.291515350341797 0.9554408607553807 -0.26138872507267213 -0.13714479940522814 -0.008430318215311606 -0.48858366304793516 0.8724763228520591 0 0 0 0 0 0
-0.4850797653198242 8.906315803527832 -5.900167942047119 0.9640411824825875 -0.11072144669563212 -0.2415892375897589 0.08746630282201155 -0.7262323036351491 0.6818623666308569 0 0 0 0 0 0
-0.49506086111068726 8.397557258605957 -5.742474555969238 0.9617942995748071 0.2726481722790746 -0.024793133288999333 0.22802071711749913 -0.747648595884522 0.6237211954368106 0 0 0 0 0 0
-0.19319844245910645 7.968923091888428 -5.566208839416504 0.68836508815117 0.6789900186054368 0.2551980800257339 0.34341788021349273 -0.6149575276498266 0.70985308250122 0 0 0 0 0 0
0.23506002128124237 7.641961574554443 -5.362881183624268 0.09581795754335459 0.8798755098733543 0.4654438807604253 0.22564528213623064 -0.4746225535092158 0.850774728321224 0 0 0 0 0 0
0.5329659581184387 7.471802234649658 -5.014461517333984 -0.39214219217761354 0.7676736305837011 0.5068547109582537 0.3810025888940879 -0.365967345755474 0.8490612045646039 0 0 0 0 0 0
0.8603322505950928 7.5509772300720215 -4.718940734863281 -0.8214431918025572 0.17373331619463792 0.5431830423395424 0.4693353193381243 -0.3351286868491327 0.8169535612705028 0 0 0 0 0 0
1.114801287651062 7.6374735832214355 -4.25233268737793 -0.9624917760390549 -0.20379731145576915 0.17909840005032407 0.2321346565476128 -0.27688764203570576 0.9324412769270937 0 0 0 0 0 0
1.1252646446228027 7.69827127456665 -3.758293867111206 -0.788127049513788 -0.6068196767396113 -0.10308071471582192 0.2254005255106556 -0.4403739579275197 0.8690600556226085 0 0 0 0 0 0
1.0264536142349243 7.624204158782959 -3.2102630138397217 -0.3953533190228605 -0.8426923665568773 -0.36546590604922086 0.27399579570043703 -0.4879634963178658 0.8287447919593394 0 0 0 0 0 0
0.7824004292488098 7.455735683441162 -2.794328212738037 0.22965929538175153 -0.8459241381621909 -0.48132001882252073 0.27957687006412424 -0.4163569076534535 0.8651495241716322 0 0 0 0 0 0
0.6002490520477295 7.081981658935547 -2.4405505657196045 0.7244105156826406 -0.5092463444884038 -0.464647786386214 0.10632481777778681 -0.5834178279415099 0.8051823837892451 0 0 0 0 0 0
0.6204866170883179 6.565029621124268 -2.1107521057128906 0.8919108928733133 0.07701493867253914 -0.4456048231282895 0.4024004373230305 -0.5847539563923274 0.7043697172123132 0 0 0 0 0 0
-0.31315213441848755 6.058135986328125 -1.8054966926574707 -0.6347085490722506 -0.4579679935774384 -0.6224229868772955 0.15435692014716856 -0.8643679858225584 0.47858324906721755 0 0 0 0 0 0
-0.6430569887161255 5.720284461975098 -1.4872663021087646 0.0693228332320186 -0.5322108672522085 -0.843768888719736 -0.023378096534379174 -0.8464380628437005 0.5319737497018375 0 0 0 0 0 0
-0.8765823841094971 5.224969863891602 -1.3890750408172607 0.6278867699929831 -0.3621384941366936 -0.6889222852631397 0.06133129237352026 -0.8593832546951998 0.5076405166308924 0 0 0 0 0 0
-0.9952338933944702 4.699455738067627 -1.289889931678772 0.8544881682334116 0.025247683380050515 -0.5188569406233761 0.22195862312739503 -0.9207967086402079 0.3207300905383705 0 0 0 0 0 0
-0.9439353942871094 4.140974998474121 -1.5327285528182983 0.9431381386958079 0.32630666052293805 0.06335940842349293 0.3024438551530176 -0.9214863675162318 0.24370184439581252 0 0 0 0 0 0
-0.6142274141311646 3.737943410873413 -1.7570325136184692 0.5441866197063031 0.4441558086872982 0.7117489308330287 0.34995404962414095 -0.8912095641294155 0.2885787170875938 0 0 0 0 0 0
-0.18332475423812866 3.3607325553894043 -1.7112783193588257 -0.08250403057536382 0.4337933938326886 0.8972270484141333 0.20934212142408892 -0.8726661288288168 0.44116856618824163 0 0 0 0 0 0
0.18200922012329102 3.130855083465576 -1.4552903175354004 -0.629357765176343 0.1718852042398908 0.757868247108724 0.319979417795565 -0.8314074340770221 0.4542849884694337 0 0 0 0 0 0
0.43894997239112854 3.043851137161255 -1.0062389373779297 -0.9412354417844667 -0.24207865881189322 0.23552869480518643 0.33034047924489873 -0.8050931348472214 0.4926461326288113 0 0 0 0 0 0
0.6161079406738281 2.820484161376953 -0.5496092438697815 -0.9576584148664697 -0.2830800457323573 -0.05249807752296184 0.15402818150507497 -0.6578056137313193 0.7372700277685253 0 0 0 0 0 0
0.6037918329238892 2.718621253967285 -0.07538468390703201 -0.652833132383572 -0.6561102144456874 -0.37858722609497497 0.1968901758780593 -0.6295787959218182 0.7515748787501751 0 0 0 0 0 0
0.581906259059906 2.329291582107544 0.3182036876678467 -0.5132218278068704 -0.575519028924588 -0.6366955338372293 -0.1521006188563438 -0.6691149644380344 0.7274273613967276 0 0 0 0 0 0
0.18026579916477203 1.992414951324463 0.6057491302490234 0.18681069151826019 -0.641942736676238 -0.74364728760555 0.0804009901747599 -0.7444432264291165 0.6628272500453836 0 0 0 0 0 0
-0.13836175203323364 1.604781150817871 0.8017916679382324 0.739646408857551 -0.39450637722752596 -0.5452411468249085 0.025339911403421084 -0.7932706453576277 0.6083416573800942 0 0 0 0 0 0
-0.2157299518585205 1.0536688566207886 0.8835225105285645 0.974093188746181 0.060407673964716115 -0.21792974226678982 0.18352515377339124 -0.7742363391450965 0.605703400254326 0 0 0 0 0 0
-0.16829907894134521 0.5762732028961182 0.8945860862731934 0.8416664758423398 0.4334877186505371 0.32200301430621525 0.2062322629049797 -0.8091449498376313 0.5502296828501245 0 0 0 0 0 0
-0.8866527080535889 -0.32518941164016724 1.0447697639465332 -0.4754413423805894 -0.3077742096580639 -0.8241544550778678 0.26770556374086113 -0.942995608016989 0.19771953470220682 0 0 0 0 0 0
-1.0224839448928833 -0.8210104703903198 1.137233018875122 -0.05285637918007865 -0.10459678788410218 -0.993109115427051 0.17345423546389704 -0.9803436995850681 0.09402052373549445 0 0 0 0 0 0
-1.2339105606079102 -1.2865136861801147 1.09076988697052 0.584378109732439 0.021943895551912628 -0.8111847448723061 -0.03506276189419706 -0.9980179251859351 -0.05225728404645864 0 0 0 0 0 0
-1.4380357265472412 -1.73920476436615 0.8924604654312134 0.858363533953817 0.17570007266909032 -0.4820181822736469 0.06355214414696173 -0.968707494877856 -0.2399310616443653 0 0 0 0 0 0
-1.4072706699371338 -2.1434314250946045 0.5245616436004639 0.9081651778164319 0.23925696940560207 0.34349979969789707 0.253926700095953 -0.9672206124318603 0.0023490136902729894 0 0 0 0 0 0
-1.0328046083450317 -2.628765106201172 0.34126389026641846 0.5439583810886575 0.35400030383442466 0.7607845059729739 0.32454314287775543 -0.9248517712255004 0.1982951075344106 0 0 0 0 0 0
-0.5938080549240112 -2.9932169914245605 0.3744577169418335 0.05567887123148626 0.411591610268777 0.9096659879619237 0.4946098346524931 -0.8028041702505843 0.3329663281674357 0 0 0 0 0 0
-0.14474475383758545 -3.254932165145874 0.5672310590744019 -0.5406445508251387 0.24164902514330444 0.8057972563308804 0.39407548646797136 -0.7735125483209373 0.49636966925375464 0 0 0 0 0 0
0.1504855751991272 -3.3413589000701904 1.0190075635910034 -0.8734550065068325 -0.08470427740625402 0.47948048656565107 0.36055596667774203 -0.7743224354694788 0.520023231040397 0 0 0 0 0 0
0.3192616403102875 -3.4141523838043213 1.495065450668335 -0.8354012983850206 -0.5484107007481642 -0.0367474347612067 0.37499727389298576 -0.6175649603163651 0.6913686168479704 0 0 0 0 0 0
0.2643789052963257 -3.6613059043884277 1.9801650047302246 -0.5156238820910801 -0.6683104448335534 -0.5361838878068808 0.42390496611336714 -0.7428112321473126 0.5182046440357484 0 0 0 0 0 0
0.2985503375530243 -4.125148296356201 2.3199269771575928 -0.11593995233543689 -0.35405049277631495 -0.928011948208268 0.26776820041896454 -0.9108622562853728 0.31405435981547764 0 0 0 0 0 0
0.1384391188621521 -4.663559913635254 2.47019100189209 0.35192404470254196 -0.11585833535878191 -0.928830615821903 0.38216815665392817 -0.888049004073079 0.25557086376297117 0 0 0 0 0 0
0.0859803631901741 -5.169656276702881 2.4848530292510986 0.7380728856964451 0.18042651509842297 -0.650149742789429 0.4276951846767124 -0.8703700015949402 0.24399362558881954 0 0 0 0 0 0
0.2200411707162857 -5.646256446838379 2.3322935104370117 0.8544995040304714 0.5174918747197411 -0.04508610884436755 0.5184033353457818 -0.8440429448805485 0.13729344157584714 0 0 0 0 0 0
0.4928562641143799 -6.025028705596924 2.1054437160491943 0.6931525004520854 0.6001691863300376 0.3991698371582735 0.6217769957189588 -0.7780001742134722 0.09005052203353872 0 0 0 0 0 0
0.905265212059021 -6.231440544128418 1.8643815517425537 0.26182236260831016 0.34595172786409073 0.9009808280013804 0.6478133484227275 -0.7549879461476423 0.10164185543908016 0 0 0 0 0 0
0.8046859502792358 -6.9513373374938965 0.8358705043792725 0.25764159119697316 0.4442537988267338 -0.8580555767043927 0.5427390196007407 -0.8012444964686665 -0.2518761868091151 0 0 0 0 0 0
0.8729027509689331 -7.371914863586426 0.498818039894104 0.606673267357391 0.6491545881034865 -0.4588527731398168 0.5136460560410956 -0.76063906281132 -0.39698355789496437 0 0 0 0 0 0
0.9116464853286743 -7.722204685211182 0.13585740327835083 0.8415462831753608 0.5341829294590121 -0.08030224871274545 0.43789483913045113 -0.7616555796972684 -0.4776283992592303 0 0 0 0 0 0
1.1256712675094604 -7.908609390258789 -0.33351898193359375 0.7310435942855973 0.3134637149311139 0.606065807215339 0.5258571624923001 -0.8248279291428545 -0.20768517511237342 0 0 0 0 0 0
1.6749916076660156 -8.144575119018555 -0.521793782711029 0.342236878215292 0.09319788611877708 0.9349802528462527 0.5548244905528424 -0.8231156824417184 -0.12103866324973726 0 0 0 0 0 0
2.214484453201294 -8.24299144744873 -0.5232191681861877 -0.32370673272099987 -0.3559525331637913 0.8766480167806091 0.7078014488987079 -0.7059586975810128 -0.025286878941664863 0 0 0 0 0 0
2.702941417694092 -8.279528617858887 -0.2730180621147156 -0.5649089471267525 -0.6598289473082779 0.4954832406350329 0.7564471003299388 -0.6539998358634174 -0.008485227931596827 0 0 0 0 0 0
3.027215003967285 -8.597526550292969 0.03840130195021629 -0.6846128912252416 -0.6968062010420474 -0.21393061341838218 0.7026067693248104 -0.7089766170796831 0.0607937836723557 0 0 0 0 0 0
3.3831794261932373 -9.08981990814209 0.14365321397781372 -0.8307434540062733 -0.36941110770089985 -0.4164141533772851 0.4407662157972317 -0.8934200594557109 -0.08675102520398434 0 0 0 0 0 0
3.524160385131836 -9.550564765930176 0.3218878507614136 -0.65081719148662 -0.16828515262429103 -0.7403493031479718 0.25569096500924504 -0.9667455170150077 -0.005023519087931688 0 0 0 0 0 0
3.448633909225464 -10.034591674804688 0.4325332045555115 -0.27766378169029676 0.00151398568050712 -0.9606771217140557 0.169829419447147 -0.9841716795646444 -0.05063668070827989 0 0 0 0 0 0
3.323467969894409 -10.478288650512695 0.3607338070869446 0.38095518885784013 0.22149281062983084 -0.8976714760543442 0.1421207717888656 -0.9733718980457378 -0.17985781695821657 0 0 0 0 0 0
3.173755407333374 -10.865927696228027 0.07108037918806076 0.9309972463507754 0.06043227410743548 -0.3599889825167947 0.0979015418890398 -0.9914069681074618 0.08676123376093141 0 0 0 0 0 0
3.3339548110961914 -11.416946411132812 -0.11628598719835281 0.9366579312604159 0.34375563514343205 0.06711172113791791 0.34701027394990086 -0.9367942564205268 -0.0447257298512507 0 0 0 0 0 0
3.5289509296417236 -11.761911392211914 -0.4840095639228821 0.6738116474926615 0.3337026691292823 0.6592574552625233 0.4339641441420233 -0.9008441931155778 0.012444329191448411 0 0 0 0 0 0
3.8949997425079346 -11.997182846069336 -0.6523258090019226 0.39011805950627576 0.1871110423847649 0.9015527480212927 0.690736404777679 -0.7069120673778824 -0.15217932878789747 0 0 0 0 0 0
3.7526209354400635 -12.656119346618652 -1.8742449283599854 0.20827507130525544 0.638312288283285 -0.7410660681068504 0.7978521595609388 -0.5491360546881778 -0.24875997452453774 0 0 0 0 0 0
4.069616794586182 -12.978116035461426 -2.196549892425537 0.4518400880396873 0.8920811141118148 -0.005640982654726923 0.8728974458353852 -0.44341073368647604 -0.203560728790408 0 0 0 0 0 0
4.410993576049805 -13.026721000671387 -2.6113412380218506 0.4883169165932194 0.7086600965458864 0.5092616778557619 0.87244476609227 -0.3832929174190338 -0.3031941120381631 0 0 0 0 0 0
4.791301250457764 -12.933722496032715 -3.016309976577759 0.4405703842822219 0.21638410798753277 0.8712494787968915 0.857667648023005 -0.3881067933829508 -0.3373119067935352 0 0 0 0 0 0
5.26210355758667 -12.788013458251953 -3.1942923069000244 0.2343892645611326 -0.33787205989681235 0.911539436228393 0.9484952036228977 -0.1260754766114071 -0.2906231630506494 0 0 0 0 0 0
5.85359001159668 -12.722023963928223 -3.18567156791687 -0.07364723102354616 -0.682315727111478 0.7273385277151895 0.947240723082156 -0.2759876753787688 -0.16299023152881856 0 0 0 0 0 0
6.300114154815674 -12.746481895446777 -2.844398021697998 -0.2630549110026466 -0.9622498242685702 0.06983830963372041 0.9642105288519373 -0.26469836956035014 -0.015258741860330733 0 0 0 0 0 0
6.734690189361572 -12.838297843933105 -2.5263726711273193 -0.30531519900720977 -0.8688305183257131 -0.38976423602103444 0.9380524765784745 -0.34483400796433966 0.033868246725220354 0 0 0 0 0 0
7.073882102966309 -13.214344024658203 -2.357661247253418 -0.2934292362212591 -0.5028158263966805 -0.8130655127698087 0.8252356828022931 -0.562563891080005 0.050079299942766865 0 0 0 0 0 0
7.35066032409668 -13.605311393737793 -2.236733913421631 0.006024964202874234 0.015778873405073873 -0.9998573533061709 0.8582604081779452 -0.513206101873393 -0.002927243437753792 0 0 0 0 0 0
7.610846042633057 -14.051793098449707 -2.3243377208709717 0.16414226314575825 0.5693140481986461 -0.8055673975360834 0.8522369748856704 -0.4930818095968399 -0.17482124494015924 0 0 0 0 0 0
7.846750736236572 -14.417068481445312 -2.6068203449249268 0.46652744044018074 0.8337920493431739 -0.2951998742690181 0.8262546093304595 -0.5299297039355912 -0.19099169994244977 0 0 0 0 0 0
8.22587776184082 -14.596948623657227 -2.9219610691070557 0.47336200911483145 0.8503025740383985 0.23003030433063337 0.8688017870625792 -0.4076024339699661 -0.2811471333992731 0 0 0 0 0 0
8.636441230773926 -14.570470809936523 -3.2505815029144287 0.3911113237421729 0.6739932071400748 0.6267097327867832 0.9184270639437737 -0.3297455243310727 -0.21853973871871826 0 0 0 0 0 0
9.113551139831543 -14.456599235534668 -3.498154878616333 0.2818043170730316 0.18478834812299327 0.9415092104047509 0.9374254146541908 -0.262173681914932 -0.22912562596005365 0 0 0 0 0 0
9.594499588012695 -14.2527437210083 -3.5510690212249756 0.03704757924943997 -0.3852767045209473 0.9220571228645409 0.9945115970719691 -0.07613037164857882 -0.07176942107897161 0 0 0 0 0 0
9.986576080322266 -13.96582317352295 -3.3570690155029297 0.08653357575552288 -0.917260671355464 0.38877345723632795 0.9770715344659965 0.0019391098560980677 -0.2129024574523023 0 0 0 0 0 0
10.49029541015625 -13.992469787597656 -3.1922335624694824 -0.17099613960332416 -0.9768483194360643 0.1285600289969527 0.9817008615996948 -0.15782096096755457 0.10656435902164692 0 0 0 0 0 0
10.913803100585938 -14.110846519470215 -2.8325107097625732 -0.18010249034335465 -0.822192508801281 -0.5399653428167193 0.9426979164207476 -0.30101364341021153 0.14391464434480283 0 0 0 0 0 0
11.174633026123047 -14.495826721191406 -2.61771297454834 0.05089935712974133 -0.3872442354415245 -0.9205711040224369 0.8376685477436423 -0.4853550245801584 0.25048334123420535 0 0 0 0 0 0
11.367100715637207 -14.951369285583496 -2.5237205028533936 0.31609431829234724 0.10902212939118686 -0.94244286683401 0.8376863036764506 -0.4984152621139639 0.2233022237344589 0 0 0 0 0 0
11.638930320739746 -15.428278923034668 -2.6451194286346436 0.48838545490240776 0.6945490956949469 -0.5282813654759174 0.8623688340820929 -0.47670734804967396 0.17049955518809728 0 0 0 0 0 0
11.997210502624512 -15.715120315551758 -2.8177475929260254 0.4249158079598926 0.9052328190729362 0.0003153078761029485 0.890354279679581 -0.4179946711392155 0.18041538613841604 0 0 0 0 0 0
12.463431358337402 -15.82309341430664 -3.0075161457061768 0.258780079252459 0.8190454715360417 0.5120521322467022 0.9471894090603046 -0.3191014678069364 0.03172501548383976 0 0 0 0 0 0
12.935476303100586 -15.709717750549316 -3.037640333175659 -0.06858652903408277 0.2857040911195893 0.9558603770177873 0.9783249027106684 -0.16838454471866068 0.12052812881668218 0 0 0 0 0 0
13.424349784851074 -15.587675094604492 -2.9444057941436768 -0.23753698521494868 -0.2335697704305654 0.9428792833634675 0.9709996178662637 -0.029986072912789236 0.23719312286581773 0 0 0 0 0 0
13.774324417114258 -15.321431159973145 -2.740257740020752 -0.0925151995055405 -0.8087522148714162 0.5808276790934026 0.9760636245786034 0.04164793803259122 0.21346018371610417 0 0 0 0 0 0
14.240669250488281 -15.33431625366211 -2.432878017425537 -0.2789106624799568 -0.9476868565714801 0.1552368005231321 0.8969381359245896 -0.1993241021635375 0.39467946820277083 0 0 0 0 0 0
14.508218765258789 -15.424656867980957 -2.048445463180542 0.03230343132816132 -0.8447720418522973 -0.534150433519554 0.8687300990981874 -0.24053802040701042 0.4329543574783952 0 0 0 0 0 0
14.940560340881348 -15.75483512878418 -1.83774995803833 -0.08660983648423824 -0.522613090022645 -0.8481593567020034 0.8366728079504482 -0.5003182495704288 0.2228458246929806 0 0 0 0 0 0
15.245086669921875 -16.18512535095215 -1.842578411102295 0.04315525633944985 0.22260206474237634 -0.9739537692430309 0.9746429871889235 -0.22362523056635025 -0.007924883443875675 0 0 0 0 0 0
15.620072364807129 -16.568769454956055 -1.9264050722122192 0.07025204346255474 0.682297878708579 -0.7276910437123081 0.9435393248697392 -0.28219135344941204 -0.1734980762508494 0 0 0 0 0 0
16.048484802246094 -17.205595016479492 -1.2682631015777588 -0.6700812486644747 -0.6941518553326472 0.26295307932500395 0.7119498740063868 -0.7012577036246863 -0.0369460418627195 0 0 0 0 0 0
16.272294998168945 -17.47789764404297 -1.0014925003051758 -0.45632124408979746 -0.7693187932507357 -0.44712360320561395 0.806127567260593 -0.570169264562253 0.15832041893280077 0 0 0 0 0 0
16.595754623413086 -17.920215606689453 -0.7970936894416809 -0.36648476341609093 -0.33374494289727186 -0.8685063219541631 0.7465674470530662 -0.6625600827191669 -0.060425026171597146 0 0 0 0 0 0
16.721315383911133 -18.460695266723633 -0.84990394115448 -0.12455977732882877 0.06481666998050568 -0.9900927538187677 0.7008611540239961 -0.700590978885357 -0.1340370213210129 0 0 0 0 0 0
16.655839920043945 -18.982160568237305 -1.009820818901062 0.3586452175462573 0.3897025934869943 -0.8482366984283974 0.6286332076433481 -0.7725755417635932 -0.08914775665559706 0 0 0 0 0 0
16.68780517578125 -19.341800689697266 -1.3642213344573975 0.7849013343451293 0.4634830339115593 -0.4112339633582957 0.4420966484405172 -0.883922169314831 -0.15242096978901923 0 0 0 0 0 0
16.870140075683594 -19.753162384033203 -1.695303201675415 0.8099839472707658 0.5833242452140354 0.060488264226585584 0.5815995937834589 -0.785756769953194 -0.21054265834656646 0 0 0 0 0 0
17.25479507446289 -20.035987854003906 -1.9849032163619995 0.6610589815292587 0.5937581284535056 0.45875081235338405 0.7154263092635006 -0.6830903709629722 -0.14680851852421586 0 0 0 0 0 0
17.794219970703125 -20.661781311035156 -1.4836201667785645 0.5391481956124633 0.8402390047394214 -0.0575989416771832 -0.7907894143998325 0.5285759273164292 0.30864152529228295 0 0 0 0 0 0
17.62179183959961 -20.297372817993164 -1.1825649738311768 0.3482407135045796 0.6648049737247879 -0.6608802859585124 -0.6262094888794721 0.6896087795387984 0.36373260401058294 0 0 0 0 0 0
17.618927001953125 -19.845264434814453 -1.0113554000854492 -0.31210013617673776 0.14662297694949747 -0.938666718078855 -0.5413310531475007 0.784497472785851 0.302530008579035 0 0 0 0 0 0
17.16939926147461 -20.17433738708496 -0.031153207644820213 -0.5484996778630338 0.3939012552282839 -0.7375567127439969 -0.8230734024211942 -0.09895515688885374 0.5592477547133303 0 0 0 0 0 0
16.69178009033203 -19.898719787597656 0.11314152926206589 -0.4254068334819929 -0.3585914528676241 -0.8309279126116238 -0.8816098600954319 -0.043200407788886855 0.4699976375997939 0 0 0 0 0 0
16.709941864013672 -20.218172073364258 1.5155768394470215 0.899803266673505 0.10874772551300968 0.4225257548119837 -0.38028636828050105 0.6701890895413116 0.6373608572542051 0 0 0 0 0 0
16.68160629272461 -20.24833869934082 1.9739115238189697 0.5188348912165637 0.8380236345364075 -0.16889861933919473 -0.4584764248964005 0.4395252177684154 0.7724098334173656 0 0 0 0 0 0
16.748945236206055 -20 2.433056592941284 0.04086006290540059 0.7452801087554436 -0.6654983206236067 -0.47076815918178194 0.6018512459871596 0.6450987660849307 0 0 0 0 0 0
16.812379837036133 -19.51849365234375 2.7210683822631836 -0.5498809202009043 0.31443701451540984 -0.7737960567886366 -0.4898283132209745 0.6289960664049854 0.6036821779828772 0 0 0 0 0 0
16.771312713623047 -19.050195693969727 2.8988895416259766 -0.7865093264495817 0.020823347491302036 -0.6172272414654767 -0.3527684626430957 0.8051873856526767 0.47668405233470407 0 0 0 0 0 0
16.549976348876953 -18.545698165893555 2.992997169494629 -0.8173458924307115 -0.4319664220016228 -0.3812488719849017 -0.549809458308262 0.7825760272588367 0.2920347943560016 0 0 0 0 0 0
16.255720138549805 -18.075538635253906 2.818054437637329 -0.8473624133440375 -0.5164649960282943 0.1234538307597709 -0.5008595968496192 0.8545728303897236 0.13727688007575645 0 0 0 0 0 0
15.992615699768066 -17.684328079223633 2.6467444896698 -0.5515469289416414 -0.5993827258374609 0.5801175166659761 -0.6532845491260425 0.7428262931372389 0.14638441207031724 0 0 0 0 0 0
15.512320518493652 -17.58444595336914 2.5484955310821533 -0.21298840870260674 -0.4927665110459459 0.8436925407694069 -0.9021186103564901 0.4308262679007513 0.023890159798239094 0 0 0 0 0 0
15.040567398071289 -17.695247650146484 2.5264735221862793 0.023176961343479737 0.181839367117016 0.9830550712088137 -0.9177255692215934 0.3938982984358147 -0.0512241162566262 0 0 0 0 0 0
14.609428405761719 -17.87453842163086 2.6637983322143555 0.16315068900794888 0.8763597655801808 0.4531836426311984 -0.9801171509686681 0.1965436010014117 -0.027221008108791883 0 0 0 0 0 0
14.261088371276855 -18.213346481323242 2.990297794342041 0.670262634985283 0.5072108283626703 0.5417427209794693 -0.734492770251392 0.3489691368396049 0.5820145290126846 0 0 0 0 0 0
14.03931999206543 -18.248613357543945 3.498659372329712 0.367187516217794 0.9160066106480677 -0.16157109018276386 -0.7841436018444963 0.39827446838956565 0.4759162316157637 0 0 0 0 0 0
13.729907035827637 -17.97515296936035 3.865330934524536 0.31476893408083406 0.7189064581535332 -0.6197531948790245 -0.7278097982559698 0.6019337402863052 0.3285858637670577 0 0 0 0 0 0
13.44487190246582 -17.561105728149414 4.0460429191589355 0.12131830731428003 0.32392874980243974 -0.9382707676155249 -0.6268578052773023 0.7579114368088875 0.1806088201534234 0 0 0 0 0 0
12.82111930847168 -17.388280868530273 5.054136276245117 0.5110425629091966 0.8123971725467796 -0.2807958919450176 -0.8479299742360222 0.4229264757133606 -0.3196059369485725 0 0 0 0 0 0
12.798357009887695 -17.254940032958984 5.771987438201904 0.32140384996741295 0.8853662068283227 -0.33589618192613085 -0.8290016618507777 0.4345136475284433 0.3520712069456642 0 0 0 0 0 0
12.652021408081055 -16.943382263183594 6.168023586273193 0.10660724526747357 0.5946917114788641 -0.7968542298029294 -0.7810442409735261 0.5460340601938847 0.3030127039420457 0 0 0 0 0 0
12.400959968566895 -16.520809173583984 6.342402935028076 -0.08586244549057138 0.08751470091847147 -0.9924559524621378 -0.6334285171175543 0.7640946378909659 0.12217895910724667 0 0 0 0 0 0
12.245532035827637 -16.012298583984375 6.277539253234863 -0.34427583194842465 -0.3515285125632938 -0.8705755891312703 -0.6178843050284021 0.7829827358614349 -0.07181240103569506 0 0 0 0 0 0
12.112030029296875 -15.600882530212402 6.057462692260742 -0.6490666594695934 -0.7353552030951106 -0.19484659824059386 -0.7304190631517801 0.6739965375407866 -0.11052899876280053 0 0 0 0 0 0
11.729408264160156 -15.352463722229004 5.752633094787598 -0.5203922809371294 -0.8063305157909371 0.28111025104996235 -0.8510962823987434 0.5165410434038601 -0.09391734965537665 0 0 0 0 0 0
11.314909934997559 -15.284134864807129 5.50100040435791 -0.37352733285931417 -0.455003007671504 0.8083622916841756 -0.8789496001270138 0.45216707435586856 -0.15163290310818803 0 0 0 0 0 0
10.822875022888184 -15.297000885009766 5.3664984703063965 0.18183235019614832 0.2967405917461649 0.9374870759814673 -0.6660123750599102 0.7385704673873186 -0.10460010024056152 0 0 0 0 0 0
10.41771125793457 -15.24888801574707 5.5605082511901855 0.5407452407510556 0.7751536117312469 0.3266978157641802 -0.7584240355952545 0.6172614061322518 -0.20923990711870263 0 0 0 0 0 0
10.122946739196777 -14.825668334960938 5.256511211395264 0.13518495714509732 0.9179130116584461 -0.37304253160973433 0.9719256531358633 -0.049673040383705416 0.2299850295898941 0 0 0 0 0 0
9.376542091369629 -14.458112716674805 6.265391826629639 0.4644371258049056 0.6477786754908457 0.6038881881221091 -0.654932445641213 0.7102263053805175 -0.2581512866362661 0 0 0 0 0 0
9.054007530212402 -14.10248851776123 6.511613845825195 0.818126070843559 0.5168094564599444 -0.2521462232904877 -0.574909641384367 0.7258194011205479 -0.3777103403407269 0 0 0 0 0 0
8.840167045593262 -13.667264938354492 6.537472248077393 0.5854423042692225 0.007104969137411608 -0.8106829391232429 -0.5928863652456269 0.6857671548941254 -0.42214827628955887 0 0 0 0 0 0
8.836713790893555 -13.155679702758789 6.4449567794799805 0.10609848930179333 -0.44260631529841415 -0.890417183249424 -0.6652302135499708 0.6339704594039662 -0.3943985542359206 0 0 0 0 0 0
8.740281105041504 -12.860085487365723 6.123883247375488 -0.4771723997159872 -0.7795008747330275 -0.4058138578704908 -0.5972931857056866 0.6263919815384862 -0.5008731733421556 0 0 0 0 0 0
9.024796485900879 -12.212591171264648 7.6197919845581055 0.5769108359983157 0.4727249877053273 0.666111832432605 -0.685344598114561 0.7238238652279355 0.07988613122239756 0 0 0 0 0 0
8.735366821289062 -11.960691452026367 7.922565460205078 0.7375988961845562 0.6548654254874657 -0.16461817289851335 -0.6634557226003751 0.7482063625500577 0.003707180657295331 0 0 0 0 0 0
8.616154670715332 -11.443053245544434 8.008840560913086 0.7403942440851757 0.20510729924731677 -0.6401151139607727 -0.3231541276773665 0.9436480460731583 -0.07141270830455101 0 0 0 0 0 0
8.717019081115723 -10.925802230834961 8.088963508605957 0.5259787965292573 0.031934145935627614 -0.8498979444174437 -0.09889160771532855 0.9948130255261849 -0.023822136069540943 0 0 0 0 0 0
8.826354026794434 -10.40127182006836 8.160171508789062 0.0013470572849111175 -0.21297094883054052 -0.9770576034149115 -0.1650581275143885 0.9636096229271223 -0.21026723269138548 0 0 0 0 0 0
8.957276344299316 -9.898660659790039 7.845335960388184 -0.4322941546077078 -0.3314256774794439 -0.8386171857285653 -0.08917585100104636 0.9411604845088123 -0.3259825302027349 0 0 0 0 0 0
9.21055793762207 -9.603995323181152 7.422331809997559 -0.8673536065166254 -0.23447221621412934 -0.438999431760723 -0.022658084686010507 0.899758464319983 -0.43579962951212775 0 0 0 0 0 0
9.247688293457031 -9.347979545593262 7.003198146820068 -0.9923987353579159 0.0022673617686955615 0.12304311898931708 -0.07449871047696327 0.7847438533054942 -0.6153267642777412 0 0 0 0 0 0
9.04664134979248 -9.072614669799805 6.540346622467041 -0.7463053475950088 0.17667258255757612 0.6417282343200504 -0.30728395250599216 0.7637846425599486 -0.5676350872892435 0 0 0 0 0 0
8.691946029663086 -8.679153442382812 6.237034320831299 -0.13054941237412077 0.1433621185998956 0.9810219945950862 -0.3626989588747693 0.9139946186226198 -0.18183317178130717 0 0 0 0 0 0
8.260204315185547 -8.32735538482666 6.20761775970459 0.5316120496450861 0.2639201486238972 0.8048197213180668 -0.41404592858624484 0.9099155879278676 -0.02489160233968695 0 0 0 0 0 0
7.993021011352539 -8.011163711547852 6.482680320739746 0.8994949828911695 0.4070181657440412 0.15888671595816675 -0.42803300808260175 0.893864659011524 0.13339308588518234 0 0 0 0 0 0
7.885159969329834 -7.725345134735107 6.88674783706665 0.8027409156793998 0.5175161277181238 -0.2962837826237496 -0.3776978479590515 0.8257221175369999 0.41895980744853606 0 0 0 0 0 0
7.933435916900635 -7.332905292510986 7.237448692321777 0.47517024889397563 0.42300894119378224 -0.7715417488614289 -0.44786255986181067 0.871045886145505 0.20173792827085915 0 0 0 0 0 0
7.9124836921691895 -6.874686241149902 7.431873798370361 0.018621707393748344 0.2688482927906337 -0.9630025064750888 -0.13652727398481712 0.9548313065334298 0.2639270344658508 0 0 0 0 0 0
8.046841621398926 -6.339111804962158 7.461691379547119 -0.5074163761472648 -0.11702822893545632 -0.8537171749764718 -0.33085551683721004 0.9412556586630808 0.0676196126365171 0 0 0 0 0 0
8.065043449401855 -5.763858318328857 7.295176982879639 -0.6338823792612377 -0.424776521899745 -0.6463420423466727 -0.33259809597564305 0.9041757856028374 -0.2680385332053381 0 0 0 0 0 0
7.966769218444824 -5.342265605926514 6.890275955200195 -0.9197964599419259 -0.360388379438353 0.1552246380060163 -0.3774487319425494 0.9207318405651299 -0.0989208396876502 0 0 0 0 0 0
7.644717693328857 -4.911924362182617 6.791319370269775 -0.6608309379872742 -0.5837414854603354 0.4717503042409411 -0.7179793851197044 0.6747923637064919 -0.17076553641334322 0 0 0 0 0 0
8.885601043701172 -4.286906719207764 6.289135456085205 0.3140101438736768 -0.42113751877901034 -0.850905881881828 -0.10152445927112612 0.8762047280712904 -0.4711242497210496 0 0 0 0 0 0
9.1702880859375 -3.8762614727020264 6.0625386238098145 -0.322722967584906 -0.5496093160871957 -0.7705708830882184 -0.13873103748824855 0.8328071523579715 -0.5358973280571948 0 0 0 0 0 0
9.297337532043457 -3.64974045753479 5.6417012214660645 -0.765291114220443 -0.48349851674042477 -0.4249219867282014 -0.052287682764694296 0.704654258461529 -0.7076216321333961 0 0 0 0 0 0
9.402740478515625 -3.476149797439575 5.150945663452148 -0.9802896532363649 -0.19579721975261224 0.02637507336245549 -0.14198988583206315 0.605399104423591 -0.7831543887922174 0 0 0 0 0 0
9.298579216003418 -3.5011773109436035 4.632261276245117 -0.7733788409592267 0.37297130167252174 0.5126183536367657 -0.017982216638169016 0.7953856590985123 -0.6058368536043374 0 0 0 0 0 0
8.992300987243652 -3.303194761276245 4.200143337249756 -0.5058146743019989 0.4491041500909468 0.7365167870672407 -0.252667439541809 0.7392166858136917 -0.6242738633084108 0 0 0 0 0 0
8.561476707458496 -3.117375373840332 3.9603078365325928 0.1473677363464135 0.662585575307915 0.7343453585868255 -0.08363079060069978 0.7481401256828063 -0.6582493776729429 0 0 0 0 0 0
8.252114295959473 -2.749508857727051 3.835491418838501 0.7731831715614083 0.4802297872011968 0.414206632852415 -0.2875235571691738 0.8475971598278454 -0.4459924424522849 0 0 0 0 0 0
8.006545066833496 -2.2237069606781006 3.991619348526001 0.9738421299018262 0.2264952626788578 0.018204450343523814 -0.2092146767953456 0.9250288514000509 -0.3170975293043481 0 0 0 0 0 0
8.066116333007812 -1.7027177810668945 4.216654300689697 0.7672383839235603 -0.046465383921827405 -0.6396766607680482 -0.19998836811070547 0.9303126127218612 -0.30744608508003707 0 0 0 0 0 0
8.158713340759277 -1.2194101810455322 4.228695869445801 0.4322708117520418 -0.22858818130847403 -0.8722897389476246 0.01873608572405601 0.9694044736413242 -0.24475278461322622 0 0 0 0 0 0
8.45667552947998 -0.8464463949203491 4.167344570159912 -0.30027587127983213 -0.23195266163475156 -0.9252201704933222 0.03866608538444052 0.9662252848962717 -0.2547815391039197 0 0 0 0 0 0
8.543612480163574 -0.39834359288215637 3.9592649936676025 -0.6464833915299276 -0.40885400109859016 -0.6441254771095739 -0.19886228980126439 0.9054000956858994 -0.37510592694192685 0 0 0 0 0 0
8.508284568786621 -0.0789296105504036 3.4944214820861816 -0.938942380888347 -0.3426061568937501 -0.03175258462263568 -0.2981092543718738 0.8561175089643612 -0.42212993651540837 0 0 0 0 0 0
8.552492141723633 0.1286841779947281 3.08089017868042 -0.9389542331315097 -0.15689686933913083 0.306183475184403 -0.3286779764095019 0.6720620734068364 -0.6635535828487846 0 0 0 0 0 0
9.50779914855957 1.2549738883972168 2.9433791637420654 0.7814540223642785 -0.4018569040939002 -0.47732655442867983 -0.19756205916139297 0.5662805452204369 -0.8001847142283807 0 0 0 0 0 0
9.62882137298584 1.5595932006835938 2.601639747619629 0.17106360196562334 -0.8508267826304868 -0.49682092351389645 0.042715142105108427 0.5101839183514677 -0.8590039499853791 0 0 0 0 0 0
10.023185729980469 1.6572511196136475 2.3149654865264893 -0.6315322269158503 -0.5345159689374708 -0.5616580145582751 0.16241631199700982 0.6171227183210977 -0.7699223935756574 0 0 0 0 0 0
10.30698013305664 1.7942893505096436 1.845217227935791 -0.9278980606601219 -0.2894466077973501 -0.23500180905216891 0.0656933080577086 0.4935221591545161 -0.8672486769663588 0 0 0 0 0 0
10.341330528259277 1.7136316299438477 1.3770142793655396 -0.9195034396393265 0.37570425074876646 0.11558434349320716 0.06851599775343893 0.44273326900326304 -0.8940317726845814 0 0 0 0 0 0
10.252864837646484 1.7317938804626465 0.8915994167327881 -0.6341830344989791 0.687612171352542 0.353555342996693 -0.1099031404683224 0.37246092179986284 -0.9215173147842621 0 0 0 0 0 0
9.931231498718262 1.8300468921661377 0.45955610275268555 -0.09145629373173103 0.8420142071267548 0.5316463310637608 -0.19161746240787436 0.5090260703837264 -0.83915148082457 0 0 0 0 0 0
9.511951446533203 2.078001022338867 0.10673951357603073 0.2934660932381373 0.8089146916225272 0.5094454571362635 -0.3483299986100188 0.5867560018534324 -0.7310154624611707 0 0 0 0 0 0
9.137239456176758 2.3759586811065674 0.05706196650862694 0.7758592347759009 0.6297670811508491 0.03789289262768453 -0.4397284212670228 0.5828508230662669 -0.6833182520473069 0 0 0 0 0 0
8.87451457977295 2.7731363773345947 -0.0664374902844429 0.9389255813077823 0.3257479033305528 -0.11093717249683292 -0.3344068828637834 0.7876545881559486 -0.517467183935572 0 0 0 0 0 0
8.70394229888916 3.2502613067626953 -0.1610581874847412 0.8249435341503868 -0.10810319352280821 -0.5547809162305783 -0.32308427776357473 0.7151875673881306 -0.6197768089525758 0 0 0 0 0 0
8.816934585571289 3.7469351291656494 -0.35419556498527527 0.5112343131591724 -0.46541596364401855 -0.7225146765526487 -0.4556289451821557 0.5660467857181021 -0.6870176858643462 0 0 0 0 0 0
8.951447486877441 4.154214859008789 -0.6349455714225769 -0.18646516020435522 -0.7084866655067351 -0.6806448331024864 -0.2840422237890429 0.7020855325813005 -0.652989984643721 0 0 0 0 0 0
9.09291934967041 4.42230224609375 -1.082089900970459 -0.569041814414579 -0.7613323236329398 -0.31074830078285587 -0.24251495348389604 0.5164665394952564 -0.8212483247584123 0 0 0 0 0 0
9.113139152526855 4.526339054107666 -1.5971322059631348 -0.8595901318265765 -0.5075133968628299 0.05945550665094553 -0.31305514466569817 0.43109058461080135 -0.8462608251941338 0 0 0 0 0 0
9.049968719482422 4.361401081085205 -2.106388568878174 -0.9249513077614004 0.20826257928795308 0.31794932982914764 -0.2345537344089553 0.3454812037418546 -0.9086403488376976 0 0 0 0 0 0
8.754891395568848 4.1850128173828125 -2.5457327365875244 -0.6367856462615261 0.6592874450230486 0.3998050844477485 -0.397891621625316 0.16316812957076599 -0.9028058589379858 0 0 0 0 0 0
8.353353500366211 4.161352157592773 -2.950747013092041 -0.10862153920303246 0.894102920836217 0.4344897331046034 -0.504892648260431 0.32688466754728457 -0.7988928763326595 0 0 0 0 0 0
7.861751556396484 4.320215702056885 -3.1486828327178955 0.41315173098854724 0.8974735438734591 0.15442436734007178 -0.582020268737999 0.39064908185590586 -0.7131940140125165 0 0 0 0 0 0
7.394688129425049 4.614937782287598 -3.1920738220214844 0.7279475637974779 0.6771811227081426 -0.10732227825133218 -0.6000226488332835 0.553459894333782 -0.5776287443082528 0 0 0 0 0 0
7.106664180755615 5.052431106567383 -3.2948319911956787 0.8035110191593632 0.28614260197654257 -0.5220080970862193 -0.5772353734491525 0.5888415870832567 -0.565742793997669 0 0 0 0 0 0
6.968347549438477 5.522166728973389 -3.3485841751098633 0.5914630277205316 -0.14653746166911946 -0.7929049496422839 -0.5196211161819627 0.6826652055126418 -0.5137724328924177 0 0 0 0 0 0
7.028139591217041 6.026327610015869 -3.5595569610595703 0.1728343890307195 -0.5591052892997254 -0.810881957775266 -0.4072462862518602 0.7090387581887774 -0.5756861138851489 0 0 0 0 0 0
6.9680399894714355 6.429909706115723 -4.030035018920898 -0.10706921254415322 -0.8825175313990489 -0.4579290234288537 -0.4708870602969324 0.45065622596419574 -0.7584024936962043 0 0 0 0 0 0
7.018141746520996 6.575128555297852 -4.486610412597656 -0.707414999640106 -0.7047685546940876 -0.05352852135633381 -0.3608574487885404 0.42525443406032065 -0.8300244381738785 0 0 0 0 0 0
6.976707935333252 6.545296669006348 -4.99326753616333 -0.8884607244034523 -0.24826364682973953 0.38600868235739405 -0.43877025338559034 0.2127938962889186 -0.8730403326571607 0 0 0 0 0 0
6.845155715942383 6.193166255950928 -5.312595844268799 -0.7841846404832082 0.56645166943328 0.25335144725553044 -0.31622878131369175 -0.01351561986922837 -0.9485866781103391 0 0 0 0 0 0
6.448680400848389 6.016958713531494 -5.657648086547852 -0.43832603858806085 0.8303892692284113 0.3439824783997039 -0.5436864082228782 0.05979716709373894 -0.8371555341280791 0 0 0 0 0 0
5.925119400024414 5.896296501159668 -5.8544392585754395 -0.06630895696647258 0.9934851772621599 0.09268400501916936 -0.7113679981479859 0.018066250940535104 -0.7025874904863313 0 0 0 0 0 0
5.403491973876953 6.025327205657959 -6.013303279876709 0.5529943194702515 0.7952576800918282 -0.24852063272210836 -0.562519681802712 0.1363199687705699 -0.8154682542557782 0 0 0 0 0 0
4.983608245849609 6.288879871368408 -6.236523628234863 0.8025392023059751 0.43060788028652125 -0.41292575869911297 -0.5535812268598895 0.27942526494710057 -0.7845185444446438 0 0 0 0 0 0
4.745573043823242 6.7615966796875 -6.6033501625061035 0.8678615692690578 -0.14105514704183625 -0.4763609367683864 -0.45739374304918157 0.14742244482176703 -0.8769592844495305 0 0 0 0 0 0
4.6893439292907715 7.04599142074585 -7.039226055145264 0.6630002513506509 -0.6481074369158631 -0.37468308865403077 -0.26861552902942254 0.26121625909060925 -0.9271525028553562 0 0 0 0 0 0
3.5331544876098633 7.098667144775391 -7.055545806884766 0.1448806563423296 0.8145214174083283 0.5617512403198976 -0.4577330133345054 0.5585111831686057 -0.6917700100317431 0 0 0 0 0 0
3.13281512260437 7.335339069366455 -7.0758819580078125 0.5734855108328137 0.8192118821352908 0.002502205663241156 -0.6003771795418762 0.42236548086565373 -0.6790836788338142 0 0 0 0 0 0
2.741715431213379 7.735585689544678 -7.069519996643066 0.7929564725585344 0.5219229450591008 -0.314350874101475 -0.5841760350767471 0.5047113589911517 -0.6356137224347157 0 0 0 0 0 0
2.5805106163024902 8.207560539245605 -7.104304313659668 0.6121404116582645 -0.056863782952994824 -0.7887018616708884 -0.6899419436871839 0.4489109753786161 -0.5678547794337656 0 0 0 0 0 0
2.225759267807007 8.417581558227539 -7.521250247955322 0.6631558749251097 -0.24049236801537646 -0.708793133769416 -0.6021830119041224 0.3909786013209272 -0.696068497694883 0 0 0 0 0 0
2.113471269607544 8.768720626831055 -7.947060585021973 0.18880665561981286 -0.7772161071700964 -0.6002392602529617 -0.7632623062007614 0.26844490922059655 -0.5876801703704497 0 0 0 0 0 0
2.016082763671875 9.005739212036133 -8.407541275024414 -0.164806852360857 -0.9586267580184568 -0.23210652775380913 -0.6833137213543544 0.2806719888050032 -0.6740219528391548 0 0 0 0 0 0
1.8846919536590576 9.058683395385742 -8.917946815490723 -0.5143976218959442 -0.8301177980451071 0.21517325102470294 -0.5520329077503245 0.1285268238004083 -0.8238571018838768 0 0 0 0 0 0
1.6925410032272339 8.967192649841309 -9.442055702209473 -0.6174506032114594 -0.47272189984508595 0.628719936061087 -0.7284954795990571 0.04214034558788861 -0.683753265057998 0 0 0 0 0 0
1.366444706916809 8.747428894042969 -9.775634765625 -0.5715347299431782 0.214802774979862 0.7919645322422774 -0.7926219598305171 0.10526022070242673 -0.600558668851018 0 0 0 0 0 0
0.9237743020057678 8.544989585876465 -9.888256072998047 -0.25724467080536334 0.866074954286635 0.4286482857770963 -0.8470400115055876 0.011419261804764743 -0.5314064540146727 0 0 0 0 0 0
0.401185005903244 8.452659606933594 -9.939732551574707 0.02047469762737589 0.9842171883254407 0.17577631513327271 -0.8851936452339829 0.09957567359055847 -0.4544413005728686 0 0 0 0 0 0
-0.12095975130796432 8.532642364501953 -9.870293617248535 0.36724442353599995 0.874899245536558 -0.3157258993831084 -0.8343707714817903 0.15986902717159743 -0.5275104831641634 0 0 0 0 0 0
-0.5573889017105103 8.837650299072266 -9.873980522155762 0.5999995251375181 0.38730622108493007 -0.6999960435200074 -0.7998311511805841 0.2724225763716993 -0.5348420977112287 0 0 0 0 0 0
-0.9190013408660889 9.169583320617676 -10.032234191894531 0.6400359485391923 -0.14967554960222693 -0.7536253806957456 -0.6889599621921428 0.3223989565198795 -0.649147967208628 0 0 0 0 0 0
-1.0593050718307495 9.624028205871582 -10.427103042602539 0.4033842296674762 -0.6744078087415692 -0.6184296813413567 -0.7343803124156273 0.16457221254156296 -0.6584842774094918 0 0 0 0 0 0
-1.1360294818878174 9.860101699829102 -10.897027015686035 -0.024769947250629445 -0.9622094102097608 -0.2711816745596674 -0.6876445553916003 0.21329626374998228 -0.6940098481365998 0 0 0 0 0 0
-1.8260480165481567 11.040255546569824 -10.273134231567383 -0.1727056997665519 0.85154080924406 0.4950262533039207 -0.823913189093254 0.15051475005704767 -0.5463628527393205 0 0 0 0 0 0
-2.3448486328125 11.012293815612793 -10.272984504699707 0.4023946245336593 0.9019286254643091 -0.15685445710746498 -0.7839374728881948 0.2510000896142062 -0.5678388799785826 0 0 0 0 0 0
-2.702805995941162 11.345377922058105 -10.387073516845703 0.6404732919096464 0.41080260892955295 -0.6488722361506104 -0.7572351695350709 0.4786462542161792 -0.4444014641560193 0 0 0 0 0 0
-2.9980955123901367 11.840865135192871 -10.48190975189209 0.5103741761426887 -0.2379039278815957 -0.8263896910206348 -0.6175781200379552 0.5673260827567825 -0.5447369837584278 0 0 0 0 0 0
-3.1101832389831543 12.268899917602539 -10.771681785583496 0.14901325729201134 -0.640682980714862 -0.7532067228679951 -0.5506295084680588 0.5789263834231448 -0.601374581255994 0 0 0 0 0 0
-3.1688590049743652 12.654829978942871 -11.301112174987793 0.029682935271493054 -0.8811897892645649 -0.47182992555532105 -0.5047152190944494 0.39422913832759504 -0.7680142798854226 0 0 0 0 0 0
-4.123854160308838 12.533112525939941 -11.28625202178955 -0.09451509660282943 -0.3311628547484941 0.9388280247995293 -0.9443514124701383 0.32828456058341965 0.020728170401796486 0 0 0 0 0 0
-3.8737142086029053 13.776874542236328 -11.116769790649414 0.6509795079134358 -0.4972024369010772 0.5735986549987814 0.7479398568548801 0.5491898638908473 -0.3727954719782068 0 0 0 0 0 0
-3.597198247909546 14.338438987731934 -11.2615327835083 -0.896030068596096 0.23288132089785238 0.378016410422282 0.17109650512593663 -0.6045335661598658 0.7779878876433267 0 0 0 0 0 0
-3.551875352859497 14.226998329162598 -10.7415771484375 -0.9216117281409949 -0.23293197658231923 -0.3104424533442918 -0.09440394081214033 -0.6413134168078076 0.7614492743324621 0 0 0 0 0 0
-3.7964236736297607 14.243502616882324 -10.363027572631836 -0.3685501696270334 -0.8357035224839388 -0.4071491065639488 -0.1718460821933846 -0.3691833129289104 0.9133305017843316 0 0 0 0 0 0
-3.817687749862671 13.923797607421875 -9.858613014221191 0.008590380993568339 -0.6534769341826786 -0.7568976825473785 -0.07684416251611151 -0.7551187102035305 0.6510688966520781 0 0 0 0 0 0
-4.101042747497559 13.578513145446777 -9.631741523742676 0.8094832295887864 -0.4481453711292436 -0.3793449977921689 -0.10078856317886846 -0.7425556178521722 0.6621577001957453 0 0 0 0 0 0
-4.2417216300964355 13.13935661315918 -9.589784622192383 0.9888798634743161 -0.054528716735079294 0.13835907872721445 -0.1269845273753623 -0.7938374978034782 0.5947242696312036 0 0 0 0 0 0
-4.115713596343994 12.63027572631836 -9.56922721862793 0.7491708375488364 0.3075269817075442 0.5866602182594478 -0.08865902621881615 -0.8311636443923238 0.5489139944566928 0 0 0 0 0 0
-4.013881206512451 12.129344940185547 -9.404775619506836 0.3760471090063188 0.6075423728288385 0.6996290710265649 -0.04658600231594511 -0.7416981853052251 0.6691140009767803 0 0 0 0 0 0
-3.7706711292266846 11.779635429382324 -9.064067840576172 -0.2652698163177392 0.7870297853745051 0.556970413472846 -0.015650651555561716 -0.5811044302139171 0.813678498113134 0 0 0 0 0 0
-3.5823757648468018 11.63550853729248 -8.60753345489502 -0.6758207959627139 0.6336617165237443 0.37648251055859905 0.06722351263025439 -0.45566607987417324 0.8876088231883197 0 0 0 0 0 0
-3.437450647354126 11.704288482666016 -8.126652717590332 -0.9682573321354278 0.21672940621325082 0.12452350480305245 0.03342006839620352 -0.3814585991087899 0.9237815955053191 0 0 0 0 0 0
-3.431419849395752 11.814838409423828 -7.608067035675049 -0.8946118753564448 -0.3934194405558703 -0.21187434073981434 -0.06656491088931997 -0.35153269691671357 0.9338061231523164 0 0 0 0 0 0
-3.6251847743988037 11.85914421081543 -7.1646528244018555 -0.46257447107050625 -0.8078962862443417 -0.36514168398916363 -0.12816266033947854 -0.3465935870412667 0.9292186060968513 0 0 0 0 0 0
-3.9227168560028076 11.836633682250977 -6.699239730834961 0.038439492375307006 -0.8724673991228389 -0.48715812924938234 -0.2553796761285135 -0.4799058022109715 0.8393280896197503 0 0 0 0 0 0
-4.35205078125 11.70010757446289 -6.4367289543151855 0.6250861540098015 -0.7033536485892682 -0.33846852893791896 -0.2089573715825293 -0.5685851789454855 0.7956429545624412 0 0 0 0 0 0
-4.548647403717041 11.230029106140137 -6.248937129974365 0.948587382177979 -0.3139661836240838 -0.040090072502517095 -0.2010141728011272 -0.6954198135971409 0.6899163610102291 0 0 0 0 0 0
-4.661952972412109 10.767389297485352 -6.151278018951416 0.9152439914117103 0.2468570878164039 0.3184179868970429 -0.04941079717148667 -0.7155777177358538 0.6967833974793208 0 0 0 0 0 0
-4.417130947113037 10.317530632019043 -5.832622051239014 0.8748295398673982 0.46276456344430494 -0.14325583756202798 0.4291615630950813 -0.6031837198125096 0.6723018317057678 0 0 0 0 0 0
-4.154221534729004 9.896381378173828 -5.727441787719727 0.5807508075805166 0.7652196568448587 0.2777901659037172 0.592354474860761 -0.6312841361429034 0.5005961601598043 0 0 0 0 0 0
-5.37352180480957 9.343389511108398 -5.691817283630371 -0.8611531464490351 -0.5018286225274978 -0.08113748808707892 0.3673337606490956 -0.7246297455674161 0.583076015735766 0 0 0 0 0 0
-5.451427459716797 9.068964004516602 -5.276642799377441 -0.2707597501952961 -0.7011252729710199 -0.6596305854609029 0.24836059178762696 -0.7129057223461411 0.6558067150411215 0 0 0 0 0 0
-5.541926383972168 8.638906478881836 -4.945678234100342 0.10008529676454764 -0.4908611723427276 -0.8654699549134419 0.13202794048039393 -0.8555936796477766 0.5005277997067532 0 0 0 0 0 0
-5.78209924697876 8.197783470153809 -4.861225128173828 0.6029626311407946 -0.3132949962240258 -0.7336772524678394 0.14582016278776927 -0.8608852585539826 0.48745569206748524 0 0 0 0 0 0
-5.873568534851074 7.7079691886901855 -4.813389778137207 0.9383451647129721 0.12152987052025147 -0.3236338091595443 0.29322803506851597 -0.7756465449637341 0.558918381103788 0 0 0 0 0 0
-5.7837233543396 7.216358184814453 -4.787782192230225 0.8159647370861899 0.4944454766445643 0.29954168066830844 0.25390688765174335 -0.7720136351121455 0.5826888016805679 0 0 0 0 0 0
-5.4381422996521 6.809952735900879 -4.682028770446777 0.4646594911017342 0.6801304585645498 0.5670221482992113 0.31606239278847154 -0.7255578528508655 0.6112858300592839 0 0 0 0 0 0
-5.123281002044678 6.420512676239014 -4.497967720031738 0.0941458029187918 0.7291731017251806 0.6778223628010922 0.31166461320952904 -0.6682103022840153 0.6755443440622234 0 0 0 0 0 0
-4.788351058959961 6.250105857849121 -4.089544773101807 -0.4733370040380376 0.6690599264215821 0.5729842017586889 0.3734157117418003 -0.43672735977219235 0.8184313773620701 0 0 0 0 0 0
-4.496194362640381 6.337038040161133 -3.6855921745300293 -0.9221571344042632 -0.017933647801721544 0.38639953900573115 0.35904717398636965 -0.41133325681814575 0.8377888031525481 0 0 0 0 0 0
-4.508797645568848 6.3782548904418945 -3.1284337043762207 -0.7785476165705654 -0.6226280467852862 -0.07872689558614335 0.26898204871847853 -0.4443863835881172 0.8544995023688925 0 0 0 0 0 0
-4.5290093421936035 6.241621971130371 -2.628875494003296 -0.4045560086506855 -0.8179013487049674 -0.40911101140304434 0.09549307007931777 -0.4826891432761057 0.8705700801946998 0 0 0 0 0 0
-4.87545108795166 6.030219554901123 -2.2718725204467773 0.3351975047053954 -0.8616513611362535 -0.38105060647021455 -0.06607842500819554 -0.42495361287491235 0.9028001266354561 0 0 0 0 0 0
-5.16743803024292 5.663933753967285 -1.8716169595718384 0.79721816881414 -0.4434591331024004 -0.4096183450246058 0.16506505566625165 -0.49254248259245903 0.8544913283583131 0 0 0 0 0 0
-5.1872406005859375 5.140373229980469 -1.4893724918365479 0.8914176373138296 -0.09368059474577607 -0.4433943414770955 0.2684335661097526 -0.6791440183273514 0.6831594418258298 0 0 0 0 0 0
-5.005094528198242 4.693099021911621 -1.2895066738128662 0.8658710610594849 0.31945498305599335 -0.3849880769847516 0.4664336424889304 -0.7937276423770909 0.3904306428560822 0 0 0 0 0 0
-4.767699241638184 4.251911163330078 -1.4080966711044312 0.7272531078385822 0.6067398417377018 0.32088889290100453 0.39917226582536935 -0.7542030000377236 0.5213821409771707 0 0 0 0 0 0
-6.019917964935303 3.492525815963745 -0.9165388941764832 0.4826711748033429 -0.8456842584083777 0.227698643154133 -0.0701506200137243 0.22182160601868553 0.9725605716946277 0 0 0 0 0 0
-6.62253999710083 4.066042900085449 -0.43874096870422363 0.34864142133579584 0.7331861272846589 0.5838555147348357 0.4741451730089883 0.39937812575018805 -0.7846549990821085 0 0 0 0 0 0
-6.531912326812744 2.8371939659118652 -1.4252687692642212 0.46231981479946505 -0.30489444917681935 -0.8326462416326349 -0.08586283416976644 -0.950005854856706 0.30019401967113657 0 0 0 0 0 0
-6.67798376083374 2.3738629817962646 -1.4744820594787598 0.9281326737558611 -0.09529174808776736 -0.3598461096818665 -0.03293887964338762 -0.983911385121027 0.17559446584975394 0 0 0 0 0 0
-6.636871337890625 1.8219738006591797 -1.6794706583023071 0.962521139191996 0.1561000385086264 0.22177879652064963 0.10226480319192886 -0.9662850699902895 0.2362944636295513 0 0 0 0 0 0
-6.427727699279785 1.3767486810684204 -1.8856464624404907 0.7440138666272671 0.3132728707335148 0.5901724110196322 0.3700283409908588 -0.9286437369553211 0.02645442641996247 0 0 0 0 0 0
-5.977718353271484 1.0608773231506348 -2.0098843574523926 0.19223823077163013 0.10921017411841247 0.9752525829234289 0.5328144530128833 -0.8461697597023633 -0.010271145302577134 0 0 0 0 0 0
-5.49925422668457 0.8156511783599854 -2.076199769973755 -0.2796533508094666 -0.06490977815675888 0.9579043397337115 0.5683190084360639 -0.815331902488024 0.11066794222135226 0 0 0 0 0 0
-5.0592241287231445 0.6118457317352295 -1.873695969581604 -0.7421730662100174 -0.37428302947293524 0.5559598489468309 0.5580227348547371 -0.804537917136862 0.20329625494415665 0 0 0 0 0 0
-4.7994561195373535 0.39120325446128845 -1.5117267370224 -0.744141407208888 -0.6179728970450671 -0.2536987674288213 0.5040846739820364 -0.7686600088446425 0.3937771352673723 0 0 0 0 0 0
-4.6312031745910645 0.045807622373104095 -1.240882396697998 -0.7311100984717388 -0.47456495170179 -0.4901694916341922 0.18674621223808524 -0.8302101337381347 0.5252399318913563 0 0 0 0 0 0
-4.900541305541992 -0.23683853447437286 -0.9222371578216553 -0.061192398298742005 -0.5362964470009431 -0.8418085360250351 0.13897353834262524 -0.8397518501325437 0.5248839736927587 0 0 0 0 0 0
-5.0844244956970215 -0.7511258721351624 -0.7436582446098328 0.47236764874887927 -0.2352346211161102 -0.8494312670509696 0.0794561088314982 -0.9484391683141028 0.30683850927973566 0 0 0 0 0 0
-5.188400745391846 -1.3274580240249634 -0.8045333027839661 0.854783275351217 0.119930122624558 -0.5049379346683152 0.2514077641201753 -0.9468427252946917 0.20070622734886767 0 0 0 0 0 0
-5.198122978210449 -1.8142752647399902 -0.9547981023788452 0.9555737504852955 0.28848899474539136 -0.06043928601712252 0.2947131890873621 -0.9384777255203495 0.18001026326326178 0 0 0 0 0 0
-5.029739856719971 -2.2610912322998047 -1.1334275007247925 0.8247332956161278 0.36391827997853515 0.43287235601228335 0.2943485074047052 -0.92981954210591 0.22089494178585956 0 0 0 0 0 0
-4.72092342376709 -2.6406219005584717 -1.28857421875 0.42643892727443083 0.3774773899039173 0.8219858036586511 0.5089045424003185 -0.8514070485149373 0.12697324310029287 0 0 0 0 0 0
-5.421623706817627 -3.7339975833892822 -1.8953580856323242 -0.245432081476153 0.2667816983166084 -0.9319820914725717 0.33551738604659037 -0.8785933310140223 -0.33985561987136237 0 0 0 0 0 0
-5.589221000671387 -4.061014652252197 -2.3236026763916016 0.57141007173381 0.3159956157107715 -0.7573884741483281 0.35504199933811487 -0.9272452052389828 -0.119002134717453 0 0 0 0 0 0
-5.584199905395508 -4.494383811950684 -2.57961368560791 0.8792644401199183 0.4233136942271683 -0.21840229078549936 0.41027371646960925 -0.9059807775732301 -0.10427995129467543 0 0 0 0 0 0
-5.384227752685547 -4.988830089569092 -2.7551629543304443 0.7982055907995812 0.5997971128126701 0.05577865432113391 0.6015184752013691 -0.7886676503075544 -0.12719615304631382 0 0 0 0 0 0
-4.971116065979004 -5.259240627288818 -3.0463435649871826 0.5163543789748433 0.439624886209764 0.7349204819152587 0.646803694968333 -0.7626544707187899 0.0017715721702506817 0 0 0 0 0 0
-4.495304107666016 -5.429344177246094 -3.1502914428710938 0.05290811628765007 0.28225529929761856 0.9578792602668168 0.7102476223626343 -0.6849175669414397 0.1625922551145759 0 0 0 0 0 0
-4.014125823974609 -5.443030834197998 -3.0243847370147705 -0.42223040572793474 -0.3877862159813469 0.8193554388503755 0.8280999975378537 -0.5326880023429224 0.1746249874379771 0 0 0 0 0 0
-3.564497232437134 -5.640031814575195 -2.9076216220855713 -0.6506022453102607 -0.45283605223752643 0.6096361440984118 0.7381667092056031 -0.5656764044272704 0.3675868807435951 0 0 0 0 0 0
-3.2418150901794434 -5.702206134796143 -2.4293932914733887 -0.6670837295520873 -0.7421141088262136 0.06531421933968456 0.665632364940884 -0.5543629230697693 0.499615156163969 0 0 0 0 0 0
-3.1973764896392822 -5.903615951538086 -1.97891366481781 -0.22045488257104515 -0.7687495441171041 -0.600353048772413 0.5941337060660188 -0.5939706222695343 0.5424057883144316 0 0 0 0 0 0
-3.239548683166504 -6.325468063354492 -1.63900625705719 0.19778252112510789 -0.4823969454280334 -0.8533318588797086 0.4611387181068723 -0.7223976807824056 0.515259811612503 0 0 0 0 0 0
-3.163618803024292 -6.9015116691589355 -1.5375254154205322 0.5479686783922256 -0.016095986476189074 -0.8363439763162259 0.45777265460195027 -0.831045062768587 0.31592451684957773 0 0 0 0 0 0
-2.9714887142181396 -7.432401180267334 -1.6193822622299194 0.6833955523122826 0.5454404406615856 -0.48524761181348003 0.6711057070049211 -0.7310094578475612 0.12345972040645502 0 0 0 0 0 0
-2.653111696243286 -7.711121082305908 -1.883131742477417 0.7183659457767261 0.6357900776161952 0.28234968594475607 0.6404950400582737 -0.7628745028355248 0.08825302592093606 0 0 0 0 0 0
-2.1819539070129395 -7.953771591186523 -1.9568744897842407 0.33833637438348313 0.7652223829964444 0.5476889649520815 0.919771205771405 -0.391913120430396 -0.020616378642373395 0 0 0 0 0 0
-1.710121750831604 -7.931830406188965 -2.2063844203948975 0.13629370119109802 0.22430079763170135 0.9649420600209188 0.9113466468020002 -0.41028636191626716 -0.033352519968728116 0 0 0 0 0 0
-1.1344106197357178 -7.992526531219482 -2.1056370735168457 -0.3782270995817853 -0.2368006383700989 0.8949132465269826 0.8362193883454728 -0.5020835883835886 0.22056564744080764 0 0 0 0 0 0
-0.6371601819992065 -8.129798889160156 -1.7409549951553345 -0.7249912735408938 -0.45628058218345185 0.5159415505770812 0.6330036487356491 -0.7366508633797217 0.23801656700588278 0 0 0 0 0 0
-0.37912410497665405 -8.239519119262695 -1.3464103937149048 -0.7398718581416593 -0.6688704584843015 0.07212449859103967 0.5957008232147846 -0.6015428407838559 0.532246878734781 0 0 0 0 0 0
-0.1918100118637085 -8.633074760437012 -0.9378433227539062 -0.5647975015972804 -0.6051374555307617 -0.5610814932817028 0.4072468370781802 -0.7957381828637036 0.4482753149824214 0 0 0 0 0 0
-0.248793363571167 -9.149913787841797 -0.6910456418991089 -0.06463863754679952 -0.3725266466695942 -0.9257676512263759 0.478828434967965 -0.82551245327631 0.29875160142141116 0 0 0 0 0 0
-0.2206628918647766 -9.662230491638184 -0.6301791071891785 0.4504856126808753 0.10675437816573047 -0.8863781447610184 0.6504305187041282 -0.7193304249351655 0.24393417165471765 0 0 0 0 0 0
0.009451187215745449 -10.212797164916992 -0.7182586789131165 0.5816992382730302 0.5922085331023949 -0.5575975695008778 0.7776974722380132 -0.6057991810452176 0.16791067244088034 0 0 0 0 0 0
0.36146533489227295 -10.546732902526855 -0.9060720801353455 0.6531663712668837 0.7543876055036532 -0.06536843357857108 0.7426325507094406 -0.6550568529161249 -0.13927459953061266 0 0 0 0 0 0
0.7356435656547546 -10.845636367797852 -1.1579797267913818 0.5722105055187575 0.7708383763915284 0.2799702392327445 0.8168779726162557 -0.5054539359135429 -0.27789691708233116 0 0 0 0 0 0
1.0800431966781616 -10.937640190124512 -1.4621236324310303 0.6162893914983735 0.2679803905390974 0.740522718228872 0.7653380091313788 -0.42541138128771744 -0.48299367330193244 0 0 0 0 0 0
1.5591334104537964 -10.949942588806152 -1.709971308708191 0.39449896527790657 0.16679045921722752 0.9036323971111082 0.8707680297012695 -0.38193914529454287 -0.3096538837829151 0 0 0 0 0 0
2.0064339637756348 -10.8049898147583 -1.873287558555603 0.05878723987903624 -0.4903800426280689 0.8695237053809964 0.9155775671944043 -0.3206287641295183 -0.24272394620876164 0 0 0 0 0 0
2.5536139011383057 -10.775888442993164 -1.7988187074661255 -0.1875883637499285 -0.8150886721442169 0.548125042602326 0.8895214012789754 -0.37765148767011125 -0.25715954294414195 0 0 0 0 0 0
3.0905253887176514 -10.881180763244629 -1.5962321758270264 -0.44503094242939917 -0.8885145565186477 0.11175572976304926 0.8844648524577464 -0.4556476072095414 -0.10053448568086885 0 0 0 0 0 0
3.4127585887908936 -11.160505294799805 -1.3363720178604126 -0.37791476266541824 -0.7126022781649598 -0.591082418376363 0.9050798370231703 -0.41879207855635253 -0.07378132251838124 0 0 0 0 0 0
3.6702957153320312 -11.571209907531738 -1.2126498222351074 -0.2412200513788357 -0.3141656186358912 -0.9182117679925037 0.7970385965663939 -0.603922083368927 -0.002755504093262764 0 0 0 0 0 0
4.119203090667725 -11.965442657470703 -1.2618728876113892 -0.4887693499681826 0.03160187765271726 -0.8718404922120231 0.6038381261982227 -0.7090283912204882 -0.36422281338859847 0 0 0 0 0 0
4.250412940979004 -12.440120697021484 -1.4104270935058594 -0.010371089069054193 0.6700772568307948 -0.7422189100188967 0.7565577968824139 -0.4800898067927142 -0.44399783489355316 0 0 0 0 0 0
4.993542194366455 -12.17039966583252 -0.2376626431941986 -0.5292463401876724 -0.3309726777164485 0.7812524547181652 0.81855160679476 -0.441522561301613 0.367465773746862 0 0 0 0 0 0
5.376810073852539 -12.31480884552002 0.07133465260267258 -0.7114904710066937 -0.6878595951004378 0.14363316850551822 0.6344841102148688 -0.5410109766149142 0.5520299240684541 0 0 0 0 0 0
5.581029891967773 -12.398147583007812 0.5582338571548462 -0.3293241714108011 -0.8491765667150297 -0.4128495472525847 0.7699223446837525 -0.49461665571292623 0.40320459700756606 0 0 0 0 0 0
5.756716251373291 -12.888006210327148 0.86766517162323 -0.23326764293322957 -0.42257780947401896 -0.8757934697749893 0.6813996750001616 -0.7135727415988429 0.1628140821820557 0 0 0 0 0 0
5.926579475402832 -13.369878768920898 0.9583992958068848 0.14495921813867646 0.09789116194726923 -0.9845832344140525 0.6714352681915915 -0.7406340079452112 0.025217987697243618 0 0 0 0 0 0
6.029239654541016 -13.910945892333984 0.7526854276657104 0.5660879462945926 0.5706775134863895 -0.5948710891117185 0.6768274587491545 -0.7337095349992945 -0.059790545525865664 0 0 0 0 0 0
6.331033706665039 -14.304924011230469 0.5344541072845459 0.5839270951490129 0.8090560159121314 -0.06676459141809145 0.8070653702924997 -0.5696755050026058 0.15529103990461404 0 0 0 0 0 0
6.701598644256592 -14.495637893676758 0.28363245725631714 0.4814908831431192 0.7919613849633016 0.3754513206489869 0.8742607048752152 -0.4642547489894989 -0.1419004860872198 0 0 0 0 0 0
7.144393444061279 -14.40949821472168 0.0394400916993618 0.2627060838073139 0.2734181253594454 0.9253259113715291 0.959136106048417 -0.17844946144830603 -0.21957622772761495 0 0 0 0 0 0
7.582226753234863 -14.162467002868652 -0.050232741981744766 0.09910578185464756 -0.28801425759250227 0.9524840321109949 0.9950741773103531 0.030925650523559188 -0.09418591078191484 0 0 0 0 0 0
8.143494606018066 -14.035856246948242 0.05841678008437157 -0.0614513074381955 -0.6450575261391802 0.7616590607255566 0.9968327984312222 -0.07825723346832462 0.0141484056226346 0 0 0 0 0 0
8.6137113571167 -13.92064094543457 0.3313267230987549 -0.13374868034387388 -0.9672591646901539 0.21568727090205853 0.9885408090822916 -0.11484603173063769 0.09796661561294157 0 0 0 0 0 0
9.065974235534668 -13.985492706298828 0.6207830905914307 -0.24196621874260893 -0.948970204826821 -0.20225701307580266 0.9372376478129633 -0.2825301909674423 0.2043582215471753 0 0 0 0 0 0
9.33940601348877 -14.216573715209961 1.0014386177062988 -0.05011758332522504 -0.653650492231277 -0.7551352606304704 0.9356662111352064 -0.2951689950080732 0.19340115233837496 0 0 0 0 0 0
9.649590492248535 -14.603296279907227 1.244061827659607 0.06887759587159459 0.005769801031854993 -0.9976084332958508 0.9399295931177272 -0.33551311779574333 0.06295480735038168 0 0 0 0 0 0
9.981815338134766 -15.094486236572266 1.1120370626449585 0.15116381199582946 0.6492934419773547 -0.7453640239158908 0.9446643302253679 -0.3169617812086196 -0.084525336159736 0 0 0 0 0 0
10.384830474853516 -15.582964897155762 2.1593432426452637 -0.2235797423734979 -0.532060468217396 0.8166540007619418 0.9745236771808806 -0.13730102016355283 0.17734720881903573 0 0 0 0 0 0
10.8822660446167 -15.511361122131348 2.4705142974853516 -0.2746505273255492 -0.8006722341797912 0.5324387863908293 0.9333409486524766 -0.08886320003155428 0.347818925949476 0 0 0 0 0 0
11.272049903869629 -15.592470169067383 2.8666841983795166 -0.29867196746609675 -0.9486158524768156 -0.10451325408585971 0.8652306360082667 -0.31536118391106605 0.3897733574719305 0 0 0 0 0 0
11.628129959106445 -15.726963996887207 3.25858211517334 -0.2883253372056806 -0.8547383676492151 -0.43161420596823014 0.7671391139175238 -0.4759513070409848 0.43007898486651813 0 0 0 0 0 0
11.763895034790039 -16.110570907592773 3.609525442123413 0.2046710028923259 -0.29800498565458206 -0.9323640968527593 0.8919138020933006 -0.33562188531806886 0.3030638872103003 0 0 0 0 0 0
12.112518310546875 -16.496681213378906 3.7081797122955322 0.20231272013746582 0.20792755080064101 -0.9569930495508451 0.874316404378263 -0.47857443394444754 0.08085379527157346 0 0 0 0 0 0
12.411199569702148 -16.9561710357666 3.6029460430145264 0.32106000271604956 0.7406839480452099 -0.590176044722362 0.9364558346829883 -0.3412741602017302 0.08113209763584202 0 0 0 0 0 0
12.679409980773926 -17.20090675354004 3.3468940258026123 0.4678778819746603 0.8833656100652836 -0.02748611491090017 0.8699275053765823 -0.4658020241891569 -0.16203274252619748 0 0 0 0 0 0
13.100737571716309 -17.284500122070312 3.0342371463775635 0.25566326372099524 0.6162945949651931 0.7448605693686686 0.9085082201076948 -0.41657461669569457 0.03283904264109509 0 0 0 0 0 0
13.603806495666504 -17.272544860839844 2.9250869750976562 -0.083021631508491 -0.026750407946851674 0.9961886489899118 0.951659622764214 -0.29876746761375805 0.0712878860391868 0 0 0 0 0 0
14.056788444519043 -17.169466018676758 3.051326036453247 -0.3236402342212947 -0.6078038317711624 0.7251424004135175 0.9343172062162899 -0.326271080217385 0.14352191603364248 0 0 0 0 0 0
14.3731050491333 -17.139083862304688 3.358574628829956 -0.29537864544965003 -0.9553588243301039 -0.00640098327848049 0.9540650991035254 -0.2953168387879566 0.05047525533237395 0 0 0 0 0 0
14.638346672058105 -17.311750411987305 3.6044762134552 -0.015683526306819344 -0.5632717730212005 -0.8261228339176546 0.9733846954994885 -0.19753229972045933 0.11620337832660071 0 0 0 0 0 0
15.074541091918945 -17.593942642211914 3.6692917346954346 -0.07225278681741466 -0.07481101946071068 -0.9945767170833862 0.8833141506719082 -0.467885132682286 -0.028976090793019407 0 0 0 0 0 0
15.271020889282227 -18.08603286743164 3.627929925918579 0.1947094540636923 0.3322120087959096 -0.9228886225921334 0.8580560724758287 -0.5135417417562986 -0.003828310497188839 0 0 0 0 0 0
15.815126419067383 -18.02193832397461 5.238354682922363 -0.10427458543901828 -0.5848198459813659 0.804433066561695 0.7611645374121014 -0.5675227920700449 -0.31392105292133965 0 0 0 0 0 0
16.233074188232422 -18.300762176513672 5.281079292297363 -0.49969876210055286 -0.4759664803003119 0.7237106167424295 0.6602331311633438 -0.7501254998879772 -0.03746927984441682 0 0 0 0 0 0
16.567995071411133 -18.605060577392578 5.555893898010254 -0.8126726024847257 -0.567481788598799 0.13239207219245064 0.5784194037466031 -0.8131321930417226 0.06516924127671798 0 0 0 0 0 0
16.744525909423828 -18.983686447143555 5.914008140563965 -0.7534637785624395 -0.49602447963888546 -0.4315692875928315 0.5223266590191635 -0.8502407859118725 0.06531054470635103 0 0 0 0 0 0
16.84912872314453 -19.392436981201172 6.2016167640686035 -0.3585948764780962 -0.2609900451354437 -0.8962666516745215 0.3949650656288213 -0.912366880744796 0.1076534804492278 0 0 0 0 0 0
16.658063888549805 -19.880908966064453 6.3006062507629395 0.2772729827455118 0.01877764030424987 -0.9606076687514061 0.32707806112747595 -0.9419365767568947 0.07599623212103346 0 0 0 0 0 0
16.47170639038086 -20.33274269104004 6.203005313873291 0.7329426915866781 0.15491132030588137 -0.6624179146813318 0.35446234726394027 -0.9180680680567873 0.17750342753483986 0 0 0 0 0 0
16.543991088867188 -20.792091369628906 5.95134162902832 0.9455460113417132 0.3252416971764068 -0.012671971180012622 0.3252788821352296 -0.9428238822178331 0.07264142039187325 0 0 0 0 0 0
16.71190643310547 -21.080036163330078 5.61790657043457 0.6652910872057739 0.0431968804624186 0.7453333474378259 0.21975845262976407 -0.9654266455709617 -0.1402056151492254 0 0 0 0 0 0
15.796550750732422 -21.999853134155273 6.473297119140625 0.21514233282656184 -0.9727980167768627 -0.08589409281753749 0.9601068340254205 0.1946050726056811 0.2008077014803508 0 0 0 0 0 0
16.200931549072266 -22.16661262512207 6.786600112915039 0.2889350099855226 -0.3675321610168354 -0.8839890670268276 0.9475395666599483 0.24163037791372766 0.20924514351149703 0 0 0 0 0 0
16.010807037353516 -20.78645896911621 7.66419792175293 0.9624336259183114 0.24275298117726343 0.1216244458621829 -0.11607625132697207 0.7728077805473345 -0.6239346425735477 0 0 0 0 0 0
15.742191314697266 -21.775035858154297 8.3764009475708 0.4350221930402554 0.3481360090962995 0.830395695276022 -0.5189508022272149 0.8505935122632267 -0.08473925751054288 0 0 0 0 0 0
15.368879318237305 -21.499191284179688 8.576882362365723 0.6837549004721162 0.5185680554925493 0.5133871910196464 -0.6923468073971489 0.6832735582754678 0.23193348798428437 0 0 0 0 0 0
15.062932014465332 -21.152183532714844 8.851937294006348 0.8614279948603539 0.497360351255653 -0.10283234252764788 -0.44373503966412964 0.8355378772522596 0.3239994911277821 0 0 0 0 0 0
14.965572357177734 -20.842016220092773 9.290929794311523 0.5827518609531528 0.5218173774602319 -0.6229822574810324 -0.30499581125835673 0.8510056745635676 0.42751245242152247 0 0 0 0 0 0
15.154263496398926 -20.498125076293945 9.571150779724121 -0.15676139600057135 0.5215541052579312 -0.8386937343348589 -0.2578695584156414 0.7981218091243839 0.5445226061813621 0 0 0 0 0 0
15.249194145202637 -19.91781234741211 9.686169624328613 -0.610354859131492 0.003018371933267978 -0.7921223613593098 -0.4352192486408197 0.8342556078197462 0.3385288561316843 0 0 0 0 0 0
15.266583442687988 -19.33534812927246 9.552912712097168 -0.8931532405510657 -0.28888441817177324 -0.34470724075755416 -0.3928167369920843 0.8743126303337043 0.2850832081653551 0 0 0 0 0 0
15.030699729919434 -18.89592170715332 9.407357215881348 -0.7926200092171053 -0.5709772763644688 0.2138655438916913 -0.5662684942283738 0.8194055722788778 0.0889634788138108 0 0 0 0 0 0
14.577892303466797 -18.57390594482422 9.26724910736084 -0.49799264543672395 -0.6503241551668908 0.5736565333868371 -0.7072992903331834 0.687341577385937 0.1651946424397206 0 0 0 0 0 0
14.139856338500977 -18.4941349029541 9.101405143737793 0.04816965155864581 0.08659284025985033 0.9950785721160168 -0.5767754476257596 0.8157666289456746 -0.04306843524804384 0 0 0 0 0 0
13.652406692504883 -18.396568298339844 9.29837417602539 0.5438865531752347 0.6516396195944679 0.5287279295156819 -0.6254479479245034 0.7348546008458495 -0.26230436529481393 0 0 0 0 0 0
13.31089973449707 -18.127140045166016 9.536824226379395 0.7082032227643731 0.6560372445051219 -0.2608894959332065 -0.6860118271935782 0.7267625341888551 -0.03469858570492257 0 0 0 0 0 0
12.441428184509277 -19.004087448120117 9.785958290100098 -0.21210113240455322 -0.4506049349707281 -0.867161058980817 0.843744628283516 -0.532141680367441 0.07014438151717992 0 0 0 0 0 0
13.268961906433105 -17.600618362426758 9.974605560302734 0.3736841262479546 0.4573931470894165 -0.8069397020756519 -0.8266948055146595 0.5587522746547203 -0.06611803160451488 0 0 0 0 0 0
13.17416000366211 -17.216842651367188 9.999760627746582 -0.24530203608530077 -0.0914881945061457 -0.9651201072189987 -0.7362246476419476 0.6652685819269293 0.1240603970065512 0 0 0 0 0 0
13.135149002075195 -16.81001853942871 11.139632225036621 0.9750764822939507 -0.16687858559694746 -0.14621009317559797 0.07062332481144151 0.8581664444836511 -0.5084906091117772 0 0 0 0 0 0
13.281749725341797 -16.42612075805664 11.171630859375 0.2703009334541386 -0.33535788326726057 -0.9024812992546293 0.09752094238595888 0.9420899383311071 -0.32086790723200326 0 0 0 0 0 0
12.654393196105957 -15.846088409423828 11.512060165405273 0.8789691591068489 0.4059810462800844 0.2501851462423917 -0.4531789074090283 0.8744367920176044 0.17317382783065222 0 0 0 0 0 0
12.67117977142334 -15.483596801757812 11.889195442199707 0.7090553350071525 0.450490070559304 -0.5424935282797099 -0.3926716258545551 0.8912565886800099 0.22687152175452158 0 0 0 0 0 0
12.730363845825195 -14.95954704284668 12.121406555175781 0.3638309502182805 0.08885904754644672 -0.9272168620837314 -0.2978702361947574 0.9542675928470356 -0.02542997505315532 0 0 0 0 0 0
12.855154037475586 -14.422266006469727 12.11206340789795 -0.040264419300851284 -0.14840471218507154 -0.9881066834809039 -0.3001369343842655 0.9450366429827338 -0.12970568236719707 0 0 0 0 0 0
12.979898452758789 -13.979053497314453 11.834768295288086 -0.5267021619047886 -0.4028784087597713 -0.7485144089461582 -0.17866319666551478 0.9133512699984706 -0.3658810185694805 0 0 0 0 0 0
13.146203994750977 -13.560309410095215 11.435229301452637 -0.9543700059814174 -0.232272028226199 -0.18769016113455958 -0.18702593006734586 0.954881350688027 -0.23070090504948945 0 0 0 0 0 0
13.057706832885742 -13.216888427734375 11.039464950561523 -0.9550853425072076 -0.1432124953287442 0.2594266171957001 -0.2613274108966445 0.8198186663143865 -0.5095148071219886 0 0 0 0 0 0
12.82807445526123 -12.975865364074707 10.667464256286621 -0.4864137477550235 0.1090056022012912 0.8669022117192032 -0.3626047640803504 0.8775246012720462 -0.31379668454043563 0 0 0 0 0 0
12.422237396240234 -12.695432662963867 10.6800537109375 0.05530629994153893 0.26304169304867725 0.9631979448196833 -0.47956623592101644 0.853117423647483 -0.20544314744870207 0 0 0 0 0 0
12.029945373535156 -12.451349258422852 10.727075576782227 0.5670933172645657 0.4447460215357096 0.6932576330932309 -0.6573739347108695 0.7515087968415151 0.05562407961097692 0 0 0 0 0 0
11.701111793518066 -12.191418647766113 11.013818740844727 0.8262595573274082 0.5521788201621803 0.11132697107807328 -0.5593883005908779 0.8275723838047898 0.04699658206409569 0 0 0 0 0 0
11.446292877197266 -11.747248649597168 11.339472770690918 0.7960437003185967 0.42488565773777537 -0.43102970318971545 -0.42420580385918005 0.8996454303439892 0.10338053798160263 0 0 0 0 0 0
11.400129318237305 -11.284109115600586 11.489286422729492 0.42054918953390374 0.12255060824648212 -0.8989547973067356 -0.5039177173002672 0.8554988075460594 -0.11911643244388319 0 0 0 0 0 0
11.214485168457031 -10.750333786010742 11.450611114501953 0.2957684045605496 -0.2231584592871504 -0.9288279458071297 -0.2950755001775506 0.9034364358781998 -0.31101938126532236 0 0 0 0 0 0
11.191553115844727 -10.255949974060059 11.225385665893555 -0.07703878699181398 -0.5836785416078644 -0.8083219565033145 -0.2027775978782632 0.8029591604990443 -0.5604800017568795 0 0 0 0 0 0
11.448160171508789 -9.996844291687012 10.852008819580078 -0.6500585214936003 -0.5383577271208498 -0.5362787300302212 -0.16209597605528936 0.7877364338437134 -0.5943031258052343 0 0 0 0 0 0
11.818256378173828 -8.689367294311523 11.468462944030762 0.978690300633041 0.19218704979324516 -0.07231482101600217 -0.19969517648471746 0.8087837047484281 -0.5531643114140186 0 0 0 0 0 0
11.762151718139648 -8.062525749206543 11.450982093811035 0.9637149212568052 -0.1669761771303681 -0.20826067035788942 0.001286396955854939 0.7830926270808364 -0.6219037566975345 0 0 0 0 0 0
11.89846134185791 -7.609782695770264 11.42268180847168 0.5309597837690226 -0.46766241194800723 -0.7066636940376412 0.049586074635633456 0.8496405366550503 -0.5250258847664062 0 0 0 0 0 0
12.112716674804688 -7.19056510925293 11.161194801330566 0.2332330665260489 -0.5838396301249296 -0.7776462068154395 0.3217302135083071 0.8009939117292786 -0.5048746607708967 0 0 0 0 0 0
12.502972602844238 -6.863468170166016 10.917257308959961 -0.32585205491468267 -0.542888473032263 -0.7740106873658638 0.28140536123740484 0.7258922784289803 -0.6276076981554873 0 0 0 0 0 0
12.865721702575684 -6.786938190460205 10.42911434173584 -0.9157007486589996 -0.1576808512609382 -0.36963345093615824 0.10433600120275419 0.7949765172363753 -0.5976004818402859 0 0 0 0 0 0
12.840185165405273 -6.6120805740356445 9.890460014343262 -0.9571000581417893 0.1272475276397405 0.26032200332387784 -0.0848740174147803 0.7358923181749658 -0.671758064498634 0 0 0 0 0 0
12.6298189163208 -6.473711013793945 9.420280456542969 -0.6834163626058621 0.4492566426428736 0.5754220575923606 -0.3703762977122774 0.4658669516293865 -0.8036102173768631 0 0 0 0 0 0
12.129792213439941 -6.40545654296875 9.037551879882812 -0.18914560064459782 0.6594787758019782 0.72753809936217 -0.38522990825617026 0.6316795875918727 -0.6727397835751239 0 0 0 0 0 0
11.690845489501953 -6.250030517578125 8.877498626708984 0.43118703707695893 0.7682733422135912 0.47311078057971945 -0.39855473690682874 0.6326117517924599 -0.6640455505333983 0 0 0 0 0 0
11.344006538391113 -5.8988142013549805 8.689168930053711 0.8644043715299653 0.4384797377986942 0.24604999902433253 -0.24048920073239186 0.7903144832289657 -0.5635316867130262 0 0 0 0 0 0
11.26674747467041 -5.343779563903809 8.737046241760254 0.9559093085719957 0.09830436203771778 -0.2767194358728103 -0.2043196559828461 0.8994702590617916 -0.3862728714812437 0 0 0 0 0 0
11.412735939025879 -4.813058376312256 8.7223539352417 0.6123945000405461 -0.32016483227709597 -0.7228191035750705 -0.08760001475643243 0.8812090693109199 -0.4645393563293159 0 0 0 0 0 0
11.500076293945312 -4.295149803161621 8.4120512008667 0.3612758848161444 -0.6636261688933465 -0.6550420162174726 0.23079693274213303 0.744270780926019 -0.6267326228118315 0 0 0 0 0 0
11.8609037399292 -4.017568111419678 8.145330429077148 -0.4211058245929701 -0.6440970753196884 -0.6385991246928688 0.03073388672806733 0.693532249269672 -0.7197697183332568 0 0 0 0 0 0
12.122169494628906 -3.8854191303253174 7.572666168212891 -0.8517327465116452 -0.4226542914777163 -0.3097009499746474 -0.1424112852027798 0.7555375308784029 -0.6394388675088957 0 0 0 0 0 0
12.127100944519043 -3.8642539978027344 7.056758403778076 -0.9882885617016559 0.04241777508129844 0.14658257456745924 -0.06688908253476486 0.7429667987371805 -0.6659776172003707 0 0 0 0 0 0
11.95791244506836 -3.634552478790283 6.632898807525635 -0.7458412264183417 0.26445097006388907 0.6113808546291355 -0.2032763907645655 0.7836804334702807 -0.5869614017578709 0 0 0 0 0 0
11.574666976928711 -3.448028802871704 6.341459274291992 -0.1206136602081174 0.5779897293457368 0.8070812956214773 -0.3744128884408096 0.7264848371058455 -0.5762245833220784 0 0 0 0 0 0
11.1082124710083 -3.179715871810913 6.15329122543335 0.5614090047090683 0.5982950263679571 0.5717193287400202 -0.2683257093865362 0.7851493376316829 -0.5581593242961566 0 0 0 0 0 0
10.831831932067871 -2.7792916297912598 6.113703727722168 0.8601451093171244 0.3868912531440319 0.3323635797714197 -0.3256771134300998 0.918101556743488 -0.2258848142151697 0 0 0 0 0 0
10.690744400024414 -2.3448410034179688 6.333212375640869 0.838159834482804 0.19376514075581155 -0.5098462141544637 -0.3940975798424458 0.8613693586782529 -0.3205150940167131 0 0 0 0 0 0
10.687224388122559 -1.803489327430725 6.287337303161621 0.6819266528106769 -0.22928480428028394 -0.6945534671373965 -0.1352915784634579 0.8936678275788766 -0.4278481070979714 0 0 0 0 0 0
10.91576862335205 -1.3090953826904297 6.147795677185059 0.10831802174216049 -0.5722467767601697 -0.8128965694683804 -0.2179380633266204 0.7841467041553551 -0.581048145092759 0 0 0 0 0 0
11.057044982910156 -0.9120140671730042 5.728021621704102 -0.3106355325359981 -0.7146007526514387 -0.6267785336433229 -0.25910502303430616 0.6980872651965365 -0.6674868966570146 0 0 0 0 0 0
11.130309104919434 -0.7236971259117126 5.2753190994262695 -0.7884448734631844 -0.5646891385999316 -0.24388697844880988 -0.23424541802020932 0.642266333177646 -0.7298102776770677 0 0 0 0 0 0
11.063383102416992 -0.6505767107009888 4.719820499420166 -0.9060006446900593 -0.22053148200697859 0.3612875548161088 -0.4224041290754699 0.5258293341670465 -0.7382941575479481 0 0 0 0 0 0
10.832542419433594 -0.4515076279640198 4.264590263366699 -0.802995857002676 -0.3096185699589473 0.5092484607469272 -0.5930111000208961 0.32983314220766563 -0.734539266175352 0 0 0 0 0 0
10.571745872497559 -0.6089966893196106 3.86374831199646 -0.6668048262005096 0.4131864697032998 0.6202001814009991 -0.5216602369359401 0.33553842028039776 -0.7844007685588242 0 0 0 0 0 0
10.164314270019531 -0.7449370622634888 3.5623767375946045 -0.23893924746578785 0.848431263004741 0.472305439283376 -0.5864838372873987 0.2615634602208455 -0.76656458624042 0 0 0 0 0 0
9.738698959350586 -0.6187410354614258 3.2925376892089844 0.296169312685203 0.9115297126469724 0.28530215769478945 -0.6036543631372646 0.41011954654950616 -0.6836690481536889 0 0 0 0 0 0
9.275229454040527 -0.26206111907958984 3.1514530181884766 0.7435558240976954 0.6666904910009482 -0.05146382864995287 -0.4981250687119032 0.5009203138229208 -0.7077783940756515 0 0 0 0 0 0
9.029748916625977 0.1818317323923111 2.865802526473999 0.9571924341142797 0.26296787202237015 -0.1209567788857111 -0.25366016339458375 0.5607926374210617 -0.7881422075494771 0 0 0 0 0 0
8.182497024536133 0.30584290623664856 2.625171661376953 -0.7581295226370626 0.04684644154186318 0.6504191247349393 -0.4672890984419502 0.6566681884353651 -0.591969415404483 0 0 0 0 0 0
7.810098648071289 0.3135102689266205 2.3277952671051025 -0.30891369304518906 0.5603957181325845 0.7684588273602222 -0.5064408765469867 0.5869828056696055 -0.631639790078616 0 0 0 0 0 0
7.3170552253723145 0.44787314534187317 2.1059200763702393 0.042140656386076315 0.7760528955323279 0.6292583479106498 -0.5637062234158052 0.5384663261818795 -0.6263300322118365 0 0 0 0 0 0
6.847325801849365 0.6658265590667725 2.032461166381836 0.6691815077427661 0.7327549430715109 0.12355688203975145 -0.6060960904620984 0.6344090143797412 -0.47976320367477693 0 0 0 0 0 0
6.5842108726501465 1.0803745985031128 2.0999598503112793 0.8016011225341562 0.5176128081504507 -0.2991865992830983 -0.5876397297882978 0.7742766450064199 -0.23489407181097374 0 0 0 0 0 0
6.403792381286621 1.6188583374023438 2.1896157264709473 0.6453346060757142 0.023689905622550557 -0.7635326021675155 -0.5917065601351361 0.6476657003910898 -0.48001300735497127 0 0 0 0 0 0
6.381956100463867 2.0763771533966064 2.0941457748413086 0.35109677793846117 -0.30345434967376284 -0.8858027490278547 -0.38230591491937 0.8171214161540965 -0.43145657797742243 0 0 0 0 0 0
6.366507053375244 2.575852394104004 1.8138132095336914 0.03142471681540658 -0.6503203345697028 -0.7590098481694564 -0.26542844132123083 0.7266890642277116 -0.6336171923722045 0 0 0 0 0 0
6.548567771911621 2.894357681274414 1.4523160457611084 -0.7318858435081899 -0.6014997604753038 -0.3202204712701194 -0.2601412303198475 0.6809664967165804 -0.6845518027419281 0 0 0 0 0 0
6.491469383239746 2.9817469120025635 0.9839134216308594 -0.9635322340104376 -0.24214101207256244 0.11390067732603952 -0.232185777817339 0.5449276482981967 -0.8056944971262708 0 0 0 0 0 0
6.445167541503906 2.9605979919433594 0.4809038043022156 -0.884340261345205 0.33335464346939686 0.32682867658956377 -0.1733418763275599 0.4155637453152927 -0.8928938164702271 0 0 0 0 0 0
6.2354021072387695 2.908622980117798 0.07741528004407883 -0.5530186374779544 0.7360117037650897 0.39045762705168974 -0.4490363431500291 0.13146119828984312 -0.8837897464185971 0 0 0 0 0 0
5.725473403930664 2.925015926361084 -0.2335430085659027 -0.006099957247385084 0.9397874039554739 0.3417051739266045 -0.5184188278344952 0.28923267418143 -0.804727518563002 0 0 0 0 0 0
5.31412410736084 3.1466004848480225 -0.5010234713554382 0.4345912405244427 0.8914089650299208 0.1285321388747238 -0.42526443090114924 0.3289098001357814 -0.8431894847452511 0 0 0 0 0 0
4.947090148925781 3.391871690750122 -0.7221572399139404 0.823351873415729 0.5587547001735982 -0.0994227216320368 -0.4456399416853326 0.5280427754582284 -0.7228940929770172 0 0 0 0 0 0
4.684672832489014 3.7645318508148193 -0.9196323752403259 0.943149899501322 0.24802605759320334 -0.22124950129982002 -0.33236021594743387 0.708258213209473 -0.6228217965651972 0 0 0 0 0 0
4.615368366241455 4.281266212463379 -0.9761009216308594 0.6595401577739116 -0.2721120067786796 -0.7006866889348217 -0.50822173434527 0.5253829009035512 -0.6824100498800229 0 0 0 0 0 0
3.0969061851501465 4.37773323059082 -0.814300000667572 -0.29280590737465795 0.7725077313544984 0.5634682826956897 -0.3133948322309619 0.4792080620891511 -0.8198434682057835 0 0 0 0 0 0
2.6856563091278076 4.598627090454102 -1.0654629468917847 0.33533599921881185 0.7689417307199 0.5443145987252276 -0.21095205607906656 0.6243840766174483 -0.7520929164023492 0 0 0 0 0 0
2.256572723388672 4.959658145904541 -1.1221659183502197 0.7581953584371098 0.6357854216879858 0.1446260557902777 -0.5414083415995147 0.7374850626492595 -0.40372365550668615 0 0 0 0 0 0
1.9702264070510864 5.416192531585693 -1.0197714567184448 0.9193154689699549 0.24639740374577554 -0.3068344634161769 -0.39006466517373267 0.673678914859992 -0.6276991928113081 0 0 0 0 0 0
1.8910441398620605 5.9249372482299805 -0.989630937576294 0.6301293376494919 -0.1881656705274143 -0.7533463335467833 -0.5838225970357229 0.5248461494254328 -0.6194252938198119 0 0 0 0 0 0
1.7789783477783203 6.339013576507568 -1.293914556503296 0.4694685445927983 -0.5326814382232641 -0.7041660109734882 -0.44568776734031373 0.5454916927554208 -0.709789565419239 0 0 0 0 0 0
1.859031319618225 6.644655227661133 -1.7800267934799194 -0.18431562368351284 -0.9098376661294583 -0.3717837707031577 -0.5963839732611257 0.4042001988638425 -0.6935044020593546 0 0 0 0 0 0
1.731027603149414 6.729630470275879 -2.181068181991577 -0.5767502048467895 -0.8165576406908127 0.024347908301127198 -0.31487191522368524 0.1947008457683538 -0.9289495452716774 0 0 0 0 0 0
1.6948649883270264 6.624722480773926 -2.666043996810913 -0.903722345929444 -0.06449035188058305 0.42323387858499806 -0.41369303807761304 0.38601371023718745 -0.8245310702181183 0 0 0 0 0 0
1.415150761604309 6.498912811279297 -3.0436668395996094 -0.6512312158029334 0.5131530500761339 0.5590812559560498 -0.47415631891552024 0.30007003460131554 -0.8277280710274654 0 0 0 0 0 0
1.0380573272705078 6.440964698791504 -3.3921046257019043 -0.2242715346921255 0.8360608926127256 0.5007039670009128 -0.4042090839278491 0.3877065794924452 -0.8284314242521691 0 0 0 0 0 0
0.6532825827598572 6.611067295074463 -3.691953420639038 0.25507814284118996 0.8628926790805028 0.43629275198421696 -0.534911919227085 0.5018140895674948 -0.6797439651665492 0 0 0 0 0 0
0.255852073431015 6.905782222747803 -3.958927631378174 0.5719152678099827 0.7327463946819129 0.3687758770940612 -0.5735495644548845 0.6785942929519806 -0.45885802018338306 0 0 0 0 0 0
0.0030070904176682234 7.403242111206055 -3.9194295406341553 0.8977614953525928 0.31810254289609335 -0.30468847970560947 -0.4403814629323694 0.6334179191462969 -0.6362750245058514 0 0 0 0 0 0
-0.11654257029294968 7.87582540512085 -4.057940483093262 0.7915487209750227 -0.2434886162975482 -0.5605032703350721 -0.3447808819690873 0.5793392506298226 -0.7385744215096365 0 0 0 0 0 0
0.018996214494109154 8.311287879943848 -4.304023265838623 0.3935954326347577 -0.6730115981365004 -0.6262092495187304 -0.13787051677963807 0.6302719873872544 -0.7640346474590247 0 0 0 0 0 0
-1.1352803707122803 8.7553071975708 -4.145297527313232 -0.7117622898309007 0.10107504272768977 0.6951102635641836 -0.6478246581175673 0.28805338688714754 -0.7052293659779779 0 0 0 0 0 0
-1.5705310106277466 8.660226821899414 -4.4708781242370605 -0.30932332208045027 0.710082668474921 0.6325359170423839 -0.5734082827840946 0.39136125130558747 -0.7197494787848899 0 0 0 0 0 0
-2.1253678798675537 8.59328842163086 -4.547394752502441 0.16902106507796186 0.9242958211252138 0.3422120900996602 -0.6099456467353952 0.3708262232505657 -0.7003243678312658 0 0 0 0 0 0
-2.6158413887023926 8.846977233886719 -4.533110618591309 0.4729371043670521 0.8782111187057123 -0.07124413165004953 -0.7929240557274942 0.38895896333996394 -0.4690227784299632 0 0 0 0 0 0
-3.068364381790161 9.161852836608887 -4.4983744621276855 0.6242717233054522 0.5800051775070113 -0.5233343190985101 -0.7794810692299796 0.5069740513919679 -0.3679491458439631 0 0 0 0 0 0
-3.3803677558898926 9.624704360961914 -4.523504734039307 0.5037277535655491 -0.0020217822127730598 -0.863860094392888 -0.7022352368904704 0.5814410127456118 -0.41084306099378454 0 0 0 0 0 0
-3.4473164081573486 10.058236122131348 -4.624842166900635 0.23731309955441401 -0.33386508287800537 -0.9122590636517345 -0.47808453056292166 0.7773478990118405 -0.4088586865144338 0 0 0 0 0 0
-3.4480457305908203 10.49837589263916 -4.90917444229126 -0.23634813756998627 -0.7074953138719191 -0.666025479029499 -0.5521793665594833 0.6618043549095337 -0.5070630562057776 0 0 0 0 0 0
-3.5068399906158447 10.864224433898926 -5.309493064880371 -0.49203756565662127 -0.7896581018406309 -0.36652300907331586 -0.5099052585784137 0.6026452797419618 -0.6138528277028734 0 0 0 0 0 0
-3.473658561706543 10.99522590637207 -5.878650665283203 -0.779313614666927 -0.626154082171599 -0.024522548289504478 -0.17320269399200333 0.2528477559369397 -0.9518764831171985 0 0 0 0 0 0
-3.4146716594696045 10.877470016479492 -6.394254684448242 -0.9801571081340613 0.08818196497358073 0.17752741880529987 -0.12223443184541118 0.4361621335341929 -0.891527530109043 0 0 0 0 0 0
-3.597895860671997 10.704977989196777 -6.777548789978027 -0.5777886893472527 0.7870735035177886 0.21604520481282977 0.11521936911691809 0.34070587865329643 -0.9330830623429968 0 0 0 0 0 0
-3.93841814994812 10.729757308959961 -7.2682929039001465 -0.020251975990040215 0.9220663038554398 0.3865017319015097 -0.10927093511941433 0.38222389214356506 -0.9175863768674605 0 0 0 0 0 0
-4.2789130210876465 10.95980167388916 -7.616547584533691 0.5749200712518833 0.7173536882804799 0.3935360181509714 -0.025100910589291585 0.49620903034610425 -0.8678401595285663 0 0 0 0 0 0
-5.108025074005127 10.379019737243652 -8.270652770996094 -0.7970065839583702 0.2540497303229219 -0.5479409089033782 -0.37155300500499716 -0.9214846604718449 0.11320064039944906 0 0 0 0 0 0
-4.5167927742004395 10.184173583984375 -8.76233196258545 0.8460810645379608 0.4946588200032093 -0.1986441139911863 -0.5330071876159588 0.7801175567847459 -0.32759721541234915 0 0 0 0 0 0
-4.881298542022705 10.489201545715332 -8.976305961608887 0.9838351242567506 0.15718015992204168 -0.08580702538595213 -0.16819142846673116 0.9755583152602924 -0.1414129305149305 0 0 0 0 0 0
-6.134692668914795 10.786528587341309 -8.776446342468262 -0.46560581539183926 0.5033695593877803 0.7278944369584454 -0.6410850097666572 0.37516787353701003 -0.6695215283455814 0 0 0 0 0 0
-6.578732967376709 10.743596076965332 -8.90696907043457 0.02338140745171462 0.887604193374242 0.46001315817054445 -0.6552710612444704 0.3611211485190549 -0.6634842518009183 0 0 0 0 0 0
-7.047916412353516 10.932737350463867 -8.98032283782959 0.5202311328073441 0.8527670223395437 0.04634624114354441 -0.5644365688431591 0.38404694869177963 -0.7306978178105472 0 0 0 0 0 0
-7.435148239135742 11.281655311584473 -9.060319900512695 0.7637633675182376 0.5694339743480763 -0.30399090002063517 -0.621786114769286 0.5225492896496093 -0.5833731801915522 0 0 0 0 0 0
-7.670018196105957 11.696881294250488 -9.128619194030762 0.7550112310183934 0.10983299326465827 -0.6464477972942716 -0.5494200957142048 0.6440797959270242 -0.5322581844405937 0 0 0 0 0 0
-7.701910972595215 12.240126609802246 -9.296329498291016 0.3826337116153317 -0.43335971510673166 -0.8159600480771639 -0.5532860923758759 0.5998088582550398 -0.5780171567888097 0 0 0 0 0 0
-7.725241661071777 12.639124870300293 -9.516921043395996 -0.03148075360118937 -0.7455745852698529 -0.6656782255357225 -0.6955727794789056 0.49461708419586264 -0.52108775505626 0 0 0 0 0 0
-7.859537124633789 12.954830169677734 -9.9232759475708 -0.41986463675024754 -0.8876559020911284 -0.1891578343325169 -0.7611507148872457 0.4579065825804004 -0.4593159597229055 0 0 0 0 0 0
-8.630290985107422 13.917299270629883 -8.979791641235352 -0.9934463580408049 -0.1142190799570436 0.004281993604334446 0.030917783307810857 -0.2324706381292966 0.9721118727199505 0 0 0 0 0 0
-8.095185279846191 13.009040832519531 -8.646065711975098 -0.423730926835354 -0.7882006543109095 0.44630911954284086 -0.6899388044590422 0.6001109650035069 0.4047854688402085 0 0 0 0 0 0
-8.088850021362305 13.322397232055664 -7.614715576171875 -0.9820798160907214 0.15761303878005567 0.10333133519766144 0.03561633987772981 -0.3831859938282181 0.9229842742255118 0 0 0 0 0 0
-8.207664489746094 13.459365844726562 -7.16015625 -0.8281212722161497 -0.5179876646966599 -0.21425204252283359 -0.057025115206377514 -0.3023863884061659 0.9514781176371714 0 0 0 0 0 0
-8.456830024719238 13.41685676574707 -6.665448188781738 -0.6599482037204227 -0.5808927032183931 -0.4764787883566439 -0.3014358334313789 -0.3761938647067467 0.8761361848939537 0 0 0 0 0 0
-8.88039493560791 13.337308883666992 -6.366386890411377 0.0019502845585531983 -0.8575649161897397 -0.5143720549472195 -0.4520753462442189 -0.45956620431241146 0.7644781129450682 0 0 0 0 0 0
-9.279626846313477 13.10965633392334 -6.133020401000977 0.5557548665359432 -0.7686368754511205 -0.3167552399224905 -0.4548209484292784 -0.6000507189206953 0.6580858907412076 0 0 0 0 0 0
-9.581518173217773 12.618332862854004 -5.999340057373047 0.8939562907868993 -0.4454141176598832 -0.049481450582984775 -0.30367367145565244 -0.683249099399857 0.6640428972844516 0 0 0 0 0 0
-9.804443359375 12.16706657409668 -5.954302787780762 0.9298640213571142 0.015060756384754742 0.36759498827200504 -0.24055930225468505 -0.731086871188497 0.6384694267343998 0 0 0 0 0 0
-9.76623821258545 11.65390682220459 -5.902852535247803 0.5731511379884173 0.36726133869729916 0.7325413859440637 -0.3020454354669859 -0.7363174651495685 0.6054792691986016 0 0 0 0 0 0
-9.721933364868164 11.229604721069336 -5.538528919219971 0.5292083489575281 0.651502081890848 0.5435839959799571 0.11276472760849832 -0.688967633503475 0.7159662814630326 0 0 0 0 0 0
-9.313533782958984 11.00121021270752 -5.31864070892334 -0.2485321378500421 0.6558548563060901 0.7128016441587417 0.3022596574480131 -0.6466326198261471 0.7003608744470122 0 0 0 0 0 0
-8.926225662231445 10.98161792755127 -4.9740424156188965 -0.7452081441417179 0.27023266553187114 0.6096221193365579 0.4080081579087308 -0.5383274460420585 0.7373824678670893 0 0 0 0 0 0
-8.734582901000977 11.011945724487305 -4.510791301727295 -0.9003479062543823 -0.39796249117729093 0.17606675813257483 0.4160666614346305 -0.6686570898051838 0.6162679851297674 0 0 0 0 0 0
-8.713794708251953 10.878427505493164 -4.000926971435547 -0.6899089140660152 -0.6580489543653428 -0.3016575275887054 0.13692449457008346 -0.5278170440114871 0.8382486807849466 0 0 0 0 0 0
-8.821313858032227 10.526923179626465 -3.484189033508301 -0.22984159678241592 -0.6626402783056868 -0.712797798786915 0.09751505073274953 -0.7444000441868422 0.6605750442570599 0 0 0 0 0 0
-9.027515411376953 10.148229598999023 -3.116668701171875 0.1747960184747316 -0.5243832870029254 -0.833347778683899 -0.057503848707715695 -0.8503702850532525 0.5230331592568969 0 0 0 0 0 0
-9.251019477844238 9.69509506225586 -2.9857850074768066 0.6808262674065881 -0.26178014715226894 -0.6840663331623252 -0.010028002572049548 -0.9371930973590532 0.3486668000067679 0 0 0 0 0 0
-9.467453956604004 9.152939796447754 -3.1416869163513184 0.9917045356984433 0.07701855820191394 -0.10290896738201964 0.10444111313703489 -0.9495100663723148 0.29584233595673826 0 0 0 0 0 0
-9.230486869812012 8.673532485961914 -3.2614171504974365 0.8317687276530205 0.36676577784911013 0.41670570898082604 0.38163970720512996 -0.9229281206660265 0.05054520717396616 0 0 0 0 0 0
-10.590381622314453 7.922085285186768 -2.837066650390625 -0.5880786394823821 -0.14720860893783105 -0.7952943726942492 0.28362678241842576 -0.9583896060125705 -0.03232972907466029 0 0 0 0 0 0
-10.734764099121094 7.516341686248779 -2.667299270629883 0.05481087371435867 -0.08711567314148178 -0.9946892115710189 0.11585527090085414 -0.9889033635616751 0.09299297683639961 0 0 0 0 0 0
-10.942069053649902 7.064329624176025 -2.827220916748047 0.6824785617192152 0.1757665240917346 -0.7094569344240573 0.12193715458926001 -0.9844318747794121 -0.12659073524143397 0 0 0 0 0 0
-11.070454597473145 6.693657875061035 -3.178656816482544 0.9835479159751571 0.07338778219623666 -0.16506886564474502 0.04479551760156148 -0.9843041472933554 -0.170700636272713 0 0 0 0 0 0
-10.955443382263184 6.356680870056152 -3.6376657485961914 0.852641475794758 -0.04604932494529968 0.5204632296585605 0.06094069791733466 -0.9805456798042257 -0.18659153559209754 0 0 0 0 0 0
-10.654269218444824 5.841989517211914 -3.7721285820007324 0.4756394201573796 0.15894066792294162 0.8651618380815007 0.32444303519636725 -0.9458940678272744 -0.004596668548053252 0 0 0 0 0 0
-10.1974458694458 5.574710845947266 -3.76405930519104 -0.22967575520823466 -0.09652218326366972 0.9684691608964849 0.41537454615772074 -0.9096165955696689 0.007850825976495899 0 0 0 0 0 0
-9.784808158874512 5.290256500244141 -3.5998806953430176 -0.703384978469487 -0.11926889080354589 0.7007314062820156 0.41006421070452415 -0.8733230043113929 0.2629720008666296 0 0 0 0 0 0
-9.567215919494629 5.081020832061768 -3.1963019371032715 -0.8602150114527589 -0.4837171638195641 0.16139343077612103 0.5099258483214979 -0.8144943738171438 0.2767210585297396 0 0 0 0 0 0
-9.325827598571777 4.6465935707092285 -2.975022077560425 -0.9244014931626287 -0.3314758099769769 -0.18869463913638218 0.24520041015960276 -0.8953892660109272 0.37169183629718805 0 0 0 0 0 0
-9.315216064453125 4.3518452644348145 -2.6141011714935303 -0.7279806365433269 -0.3870867557631107 -0.5658692749485191 0.12972928579990323 -0.8882285312322167 0.4407044232940102 0 0 0 0 0 0
-9.551884651184082 4.037928104400635 -2.265395402908325 -0.07613592582030687 -0.43982009839634717 -0.894852838094685 0.23950569796757518 -0.8792494944349534 0.4117734172781724 0 0 0 0 0 0
-9.72417163848877 3.630747079849243 -2.108039140701294 0.37499005269931734 -0.31967482974021266 -0.8701669170952946 0.024668473191942215 -0.9348888016680016 0.35408246913134 0 0 0 0 0 0
-9.873457908630371 3.1172101497650146 -2.1148693561553955 0.8338003200757361 -0.03311545172307956 -0.5510720398448613 0.1418857564146886 -0.9518145763750774 0.27187762748443256 0 0 0 0 0 0
-9.85731315612793 2.6616406440734863 -2.2869794368743896 0.9797350835568607 0.19043119378335813 0.06208966485717435 0.18096194044980496 -0.9744338317622043 0.13315961709868848 0 0 0 0 0 0
-9.714969635009766 2.198946475982666 -2.4487502574920654 0.8378382945781099 0.2820613936334626 0.46740599307239644 0.303899476967727 -0.9522351464276257 0.0298886902807782 0 0 0 0 0 0
-9.382596969604492 1.8499367237091064 -2.6122381687164307 0.2930090847581259 0.26141131637213266 0.9196791831512736 0.37255583886210997 -0.9170847470065456 0.14197786354812503 0 0 0 0 0 0
-8.99721622467041 1.4649677276611328 -2.6112277507781982 -0.2115210923774595 0.11767139288550711 0.9702640211694087 0.329317517863267 -0.9260963713305729 0.18410726068442426 0 0 0 0 0 0
-8.626105308532715 1.1955691576004028 -2.3175437450408936 -0.7804117491858772 -0.08488226483646945 0.6194776048001016 0.37089324923243344 -0.8604628137617326 0.3493450211568073 0 0 0 0 0 0
-8.3365478515625 1.095950961112976 -1.8440097570419312 -0.8962077406481502 -0.4183564814577684 0.1476128044060337 0.43599709754020266 -0.8920675453394127 0.11883612871780261 0 0 0 0 0 0
-8.216588020324707 0.7095769643783569 -1.5195568799972534 -0.83406487791822 -0.39393387396322216 -0.38620186737973317 0.28399556157514627 -0.9067807259597448 0.31160108477592946 0 0 0 0 0 0
-8.263473510742188 0.19629080593585968 -1.2732696533203125 -0.4928026415109367 -0.27130012012622456 -0.8267658685137768 0.2175401800534007 -0.9583922677583079 0.1848256777707639 0 0 0 0 0 0
-8.355795860290527 -0.21733112633228302 -1.0618457794189453 0.20479286574151767 -0.08733314864173465 -0.974901432602136 0.2468105799250658 -0.9592198262060164 0.13777468073035914 0 0 0 0 0 0
-8.381912231445312 -0.8528158068656921 -1.1169453859329224 0.5448015219841189 0.3898175900374953 -0.742451040905154 0.4950110276899782 -0.8641620394978398 -0.09048785529697191 0 0 0 0 0 0
-8.02584457397461 -1.2775620222091675 -1.2233129739761353 0.424298487607811 0.6920304828097112 -0.5840073666280949 0.5585619394751999 -0.7076432335933421 -0.43272348413191314 0 0 0 0 0 0
-7.865964889526367 -1.5399032831192017 -1.6366236209869385 0.7015043621237568 0.6759059331288404 0.22592653558750575 0.7126580682560638 -0.6638999529005118 -0.22661714473585967 0 0 0 0 0 0
-7.561974048614502 -1.7482091188430786 -1.9912084341049194 0.699033986687133 0.5041861038651705 0.5070974838485719 0.7024085957284605 -0.6170777031572249 -0.35473549711436553 0 0 0 0 0 0
-7.161754608154297 -1.7667747735977173 -2.4173033237457275 0.4535561228019286 0.04126997966058766 0.8902716620491165 0.8045806651970272 -0.44860653229421144 -0.38910426928276187 0 0 0 0 0 0
-6.6334757804870605 -1.7458659410476685 -2.616209030151367 -0.027664602215543437 -0.3191311598578888 0.9473066940500391 0.8149640124456338 -0.555969824389888 -0.16349682806216803 0 0 0 0 0 0
-6.109043598175049 -1.8825148344039917 -2.675893545150757 -0.2399990635130186 -0.488500038506752 0.8389089115582072 0.8990360656983419 -0.43786891870122274 0.0022276914213515153 0 0 0 0 0 0
-5.6275224685668945 -1.9818309545516968 -2.549556016921997 -0.5343966050206302 -0.7680993056004347 0.3527658221519687 0.8215373939640661 -0.5701461421967791 0.0031123715814713715 0 0 0 0 0 0
-5.215999126434326 -2.330810785293579 -2.3251383304595947 -0.6999360738915565 -0.635024724236093 -0.32685331889725 0.6938519137424323 -0.7130786547244601 -0.10044079834568499 0 0 0 0 0 0
-5.064284801483154 -2.781991720199585 -2.179394006729126 -0.4575376149891487 -0.251276686108349 -0.8529474531812893 0.5369514757030069 -0.8426746669826809 -0.03978087940193558 0 0 0 0 0 0
-3.9736506938934326 -2.7085213661193848 -1.3216347694396973 -0.4189743037204519 -0.15164406042879625 0.8952455594743991 0.5968297604190426 -0.7890352559343041 0.14566263066015164 0 0 0 0 0 0
-3.592241048812866 -3.031440258026123 -1.113730549812317 -0.6942485069598399 -0.12106654075158646 0.7094800231821031 0.5338806279827526 -0.7477183986954592 0.3948273943345881 0 0 0 0 0 0
-3.240797996520996 -3.0803680419921875 -0.6535454392433167 -0.7920452781437674 -0.5821278997116239 0.18382433393731024 0.6019244588672376 -0.6945335447151921 0.3940940256876953 0 0 0 0 0 0
-3.1029441356658936 -3.2612826824188232 -0.1624053418636322 -0.6624651259185239 -0.6968206486970815 -0.2749198801307989 0.40212765343817153 -0.6404486112405458 0.6543079754216405 0 0 0 0 0 0
-3.1345250606536865 -3.552790880203247 0.29498469829559326 -0.12258440831737344 -0.5957763770855784 -0.7937402417316777 0.44819213258669727 -0.746805964691801 0.49132948556761497 0 0 0 0 0 0
-3.095123052597046 -4.080664157867432 0.49138200283050537 0.31770736917051806 -0.17754647319726147 -0.9314178855003603 0.5417815378347395 -0.7721742049303446 0.33199361816398687 0 0 0 0 0 0
-3.004183769226074 -4.630558013916016 0.5875368118286133 0.5836417533220706 0.33121324685912135 -0.7413906452634658 0.6122722284258132 -0.7792298936460694 0.1338786433559302 0 0 0 0 0 0
-2.764111280441284 -5.053937911987305 0.4374538064002991 0.7233039145991388 0.6691374815187009 -0.17054758266352493 0.6904093204854999 -0.7053879423375709 0.1605080091195405 0 0 0 0 0 0
-2.472780466079712 -5.262850761413574 0.26081883907318115 0.5897057745182601 0.4594394683442597 0.6642006281443604 0.668256902072949 -0.739415220553616 -0.08184035951480634 0 0 0 0 0 0
-2.0575339794158936 -5.302340984344482 0.0512465201318264 0.13203503604465675 -0.053538333435371364 0.9897981592777635 0.8023328640379671 -0.5806017091841372 -0.13843276554736544 0 0 0 0 0 0
-1.5829559564590454 -5.410353660583496 0.3583880662918091 0.48642972776875804 0.34907436607073505 0.8009576810887866 0.8536415136365997 -0.38527325178581784 -0.35051488934793756 0 0 0 0 0 0
-1.1020410060882568 -5.261765480041504 0.1425687074661255 0.3232677659080127 -0.1754927627306298 0.9298925968917126 0.8945119786886686 -0.2639730452748023 -0.3607860187851383 0 0 0 0 0 0
-0.5946332216262817 -5.212165832519531 0.08262663334608078 -0.06631671011009713 -0.5324576924770956 0.8438547858975145 0.9021826248660713 -0.3932591977427825 -0.17723914573386151 0 0 0 0 0 0
-0.16190588474273682 -5.123100280761719 0.23839521408081055 -0.20782218230106944 -0.9509592777757409 0.22909908894594566 0.9354461509655151 -0.26167863170024186 -0.23762321510174855 0 0 0 0 0 0
0.33951011300086975 -5.343687534332275 0.4034532904624939 -0.43343351037763816 -0.8953669149882414 -0.10224225949262469 0.9007813185844403 -0.43383955667191004 -0.019397297646774444 0 0 0 0 0 0
0.7337377667427063 -5.5867486000061035 0.5861802101135254 -0.5248487734667392 -0.6385764235659487 -0.5628089518266225 0.8067138581328376 -0.5841179461968197 -0.08954873548655688 0 0 0 0 0 0
0.896203339099884 -6.021237850189209 0.8274781703948975 -0.12750199394589518 -0.20542085600881568 -0.9703326818449569 0.9216802719759569 -0.385944024898075 -0.039404135516470824 0 0 0 0 0 0
1.3262754678726196 -6.358809947967529 0.7371041774749756 -0.11986552481625432 0.41610578689971267 -0.9013812900593704 0.8779667701089041 -0.37942667880553904 -0.2919070845237183 0 0 0 0 0 0
2.1752140522003174 -6.255734443664551 1.9142839908599854 -0.5254227091547048 -0.37247322469849264 0.7649801785583967 0.8000351698207869 -0.5223129137737718 0.29518290457778446 0 0 0 0 0 0
2.5942440032958984 -6.475631237030029 2.305988311767578 -0.8092641113685564 -0.4358507187359043 0.3938600627485052 0.5757675129020119 -0.721510620735654 0.3845961456544812 0 0 0 0 0 0
2.7363734245300293 -6.678218364715576 2.711977958679199 -0.6182139825847616 -0.6681930709626156 -0.4139196681171809 0.6019440833444788 -0.7411136901363327 0.29734461289736397 0 0 0 0 0 0
2.7096400260925293 -7.0418596267700195 3.146759510040283 -0.22865947940538783 -0.567512808244114 -0.7909766462778383 0.6136229262334545 -0.7147942427863826 0.33546399938016364 0 0 0 0 0 0
2.760209560394287 -7.501908302307129 3.333221435546875 0.17107613467434904 -0.23157322582492498 -0.957656930860902 0.41481233680228635 -0.8647128179391649 0.28320040206245367 0 0 0 0 0 0
2.69468355178833 -8.027758598327637 3.3132288455963135 0.6472931916409133 0.15075472160074044 -0.747184406937406 0.430540281767551 -0.8812140378776785 0.19518423405294616 0 0 0 0 0 0
2.8613033294677734 -8.522965431213379 3.183034658432007 0.8124341174245676 0.5072785418930078 -0.28743570721026945 0.5454709417167961 -0.8354160039794168 0.0673910382592129 0 0 0 0 0 0
3.0852980613708496 -8.88488483428955 2.8498666286468506 0.7438894420769433 0.3654278660783875 0.5595453267250564 0.5496667178908744 -0.8107799188278588 -0.2012521365565214 0 0 0 0 0 0
3.5811374187469482 -9.184564590454102 2.710380792617798 0.5112218151744851 0.4774530839370283 0.7146263417540146 0.7336791425387338 -0.6755052810408754 -0.07353591700330159 0 0 0 0 0 0
4.057803630828857 -9.100105285644531 2.552238702774048 0.09796702348422859 -0.19471571771558688 0.9759550458828238 0.7469124471407256 -0.6336861565725331 -0.20140419875112817 0 0 0 0 0 0
4.561892509460449 -9.200090408325195 2.5257227420806885 -0.28691900700151207 -0.3837309109481963 0.877740321168017 0.8029815829686525 -0.5960007419516213 0.001921719613754302 0 0 0 0 0 0
5.038360118865967 -9.287153244018555 2.836761474609375 -0.5667743312557356 -0.6562454397687276 0.4981051899070748 0.7582944471223303 -0.6519001494183102 0.003965684281962394 0 0 0 0 0 0
5.366074085235596 -9.596145629882812 3.0495412349700928 -0.7510429721945242 -0.6551962418520205 -0.08156186964632417 0.6411003666488942 -0.7532087770099638 0.14719666476455256 0 0 0 0 0 0
5.589824199676514 -10.000432014465332 3.3245739936828613 -0.7203630647064871 -0.503246346063548 -0.4773051122503981 0.4254585292909272 -0.8640925337263199 0.2689407611576015 0 0 0 0 0 0
5.654477119445801 -10.44472885131836 3.657442331314087 -0.18619441711293663 -0.29440590031871877 -0.9373669531690876 0.6729808893222079 -0.7333193065691841 0.0966411776624305 0 0 0 0 0 0
6.75140380859375 -10.074804306030273 4.5177836418151855 0.22973795561687005 0.2744691593536901 0.9337489771414261 0.49311288722378294 -0.8599756485259628 0.131459364049027 0 0 0 0 0 0
7.233070373535156 -10.248971939086914 4.6645188331604 -0.38713776307955705 -0.2821371278012381 0.8777943913661242 0.6262408583732559 -0.7792044485861634 0.02574518610266488 0 0 0 0 0 0
7.636756420135498 -10.439986228942871 4.926539421081543 -0.770681905892269 -0.5921782359727207 0.23531752329670722 0.6074691852791151 -0.7942884823103121 -0.009327154202070894 0 0 0 0 0 0
7.9193115234375 -10.753965377807617 5.282824516296387 -0.8023083713506294 -0.5603227890154041 -0.20576600635357506 0.5333699291283709 -0.8277271683083628 0.17431079583839895 0 0 0 0 0 0
8.001799583435059 -11.214204788208008 5.562903881072998 -0.4832113683230054 -0.4693175230551124 -0.7390858110374078 0.5866398894488305 -0.8002073439918521 0.12458670366042213 0 0 0 0 0 0
8.062829971313477 -11.694890022277832 5.791013717651367 -0.15432298740347966 -0.19270405637348004 -0.9690456966604165 0.3624163104823078 -0.9234702254810935 0.12592521807124263 0 0 0 0 0 0
7.938417911529541 -12.220498085021973 5.878627777099609 0.26938785350202316 -0.032100664748062786 -0.9624966138684878 0.26664637370415645 -0.9578836337377264 0.10657699380181727 0 0 0 0 0 0
7.936153888702393 -12.731888771057129 5.733137607574463 0.7313380861201697 0.4159446249524802 -0.5404948406444116 0.4885830218671579 -0.8724564572397087 -0.010313145198866377 0 0 0 0 0 0
8.061362266540527 -13.260797500610352 5.588509559631348 0.8415874564092721 0.5364518921147574 -0.06284839426006232 0.536826486365718 -0.8436044549296492 -0.012200293401685573 0 0 0 0 0 0
8.473576545715332 -13.67686653137207 5.394393444061279 0.47756854809132937 0.7250884251094496 0.4961603144612007 0.7374293461448638 -0.6377995271889371 0.2222829785699466 0 0 0 0 0 0
9.009065628051758 -13.74051570892334 5.404329299926758 -0.06552679219612076 0.5462989932272642 0.8350231430944678 0.83978842178924 -0.4217804287807153 0.3418430583269082 0 0 0 0 0 0
9.511381149291992 -13.708257675170898 5.568931579589844 -0.535260437101041 0.04681618483011827 0.8433887059430868 0.7713296373274003 -0.37989749391219324 0.5106157897084816 0 0 0 0 0 0
9.890681266784668 -13.620162963867188 5.922143936157227 -0.6905931938235056 -0.5025387349957737 0.5201306186656365 0.7201688747399225 -0.5440534742624193 0.43053758140123505 0 0 0 0 0 0
10.10929012298584 -13.774654388427734 6.323084354400635 -0.5052280472758544 -0.8061824022472388 -0.3079197209545017 0.66742724735822 -0.5912103280274266 0.45278164441321206 0 0 0 0 0 0
10.522486686706543 -14.337276458740234 6.882331371307373 -0.6218750616965049 -0.33011080792507136 0.710139607493502 -0.7765451664435339 0.14271407888178195 -0.6136858285491923 0 0 0 0 0 0
11.59062671661377 -13.876768112182617 7.456486701965332 0.478900419985214 0.6387786726397521 0.6021762160020786 -0.07786602669810273 -0.6523394484606437 0.7539165244695952 0 0 0 0 0 0
11.872050285339355 -14.12685489654541 7.811589241027832 -0.353686495963299 0.7265632863444735 0.5890769504143935 0.08588899160231958 -0.6018957983504667 0.7939423965563188 0 0 0 0 0 0
12.154864311218262 -14.128268241882324 8.166121482849121 -0.8860378358557169 -0.11196350908861541 0.44989012665836653 0.35941224646912195 -0.7788535021423664 0.5140136761688257 0 0 0 0 0 0
12.195072174072266 -14.26830768585205 8.70077133178711 -0.8045241382242789 -0.5480510745772242 -0.2288688066758577 0.44660883811148255 -0.8122781652631269 0.3751596033123506 0 0 0 0 0 0
12.083494186401367 -14.57541275024414 9.030978202819824 -0.18401339556556698 -0.6409224166067091 -0.7452231384917178 0.34972355596462645 -0.7512484043833216 0.5597492914823297 0 0 0 0 0 0
12.03783130645752 -15.080830574035645 9.301240921020508 0.1701557250801184 -0.30677049706603343 -0.9364501542272915 0.20552816974782018 -0.9183604800035283 0.33818959210448896 0 0 0 0 0 0
11.815592765808105 -15.56059455871582 9.342984199523926 0.7472352749744612 -0.11292572529239775 -0.654894819342028 0.14737813334158711 -0.9327595614435163 0.32899739565602715 0 0 0 0 0 0
11.815014839172363 -16.118587493896484 9.244096755981445 0.9403961620356204 0.1434655369096103 -0.3083386095640837 0.22811461164632227 -0.9385449840283038 0.2590309574331969 0 0 0 0 0 0
11.984310150146484 -16.546476364135742 8.98692798614502 0.8963073051998195 0.3325553564766934 0.2933260123550198 0.33910488798602695 -0.940275353554385 0.029835120950994592 0 0 0 0 0 0
12.353151321411133 -16.85048484802246 8.775274276733398 0.4903720563574674 0.32039799476686787 0.8104815675221237 0.4866813531396525 -0.872129787686699 0.05030799077393379 0 0 0 0 0 0
12.745135307312012 -17.089487075805664 8.723963737487793 0.04439066930942281 0.1356110032934083 0.9897672071068109 0.778508146017325 -0.6255755832918874 0.05079622204143148 0 0 0 0 0 0
13.166520118713379 -17.284473419189453 8.8445463180542 -0.13652904107181496 0.05961358845646837 0.98884075614598 0.9381241290436075 -0.31289542704892986 0.14838992633612602 0 0 0 0 0 0
13.722328186035156 -17.142271041870117 9.02669906616211 -0.4687374799090943 -0.4148853964572975 0.7798431141806295 0.8750258506791943 -0.33890853755872363 0.3456454307711297 0 0 0 0 0 0
14.117984771728516 -17.21273422241211 9.347429275512695 -0.6549234972117416 -0.7481304576334289 0.10665847908693418 0.7121599417451424 -0.5638020973356777 0.4182767175129961 0 0 0 0 0 0
14.3214111328125 -17.468862533569336 9.667595863342285 -0.40027906194844104 -0.7145933029590367 -0.5737012148599397 0.6564808905092302 -0.6604041012620264 0.3645535124402222 0 0 0 0 0 0
14.587947845458984 -17.825647354125977 9.972075462341309 -0.39308859328043594 -0.4961821117765047 -0.7741347878669554 0.5016998822065519 -0.8212819642580257 0.2716489708767751 0 0 0 0 0 0
14.545553207397461 -18.304943084716797 10.158555030822754 0.16306814372524364 -0.07282335524444537 -0.9839235434895054 0.46285107006920406 -0.8750733070196869 0.1414764795908543 0 0 0 0 0 0
14.654830932617188 -18.33024024963379 10.881340026855469 -0.8321702976529398 0.38142777753819157 0.40249900152235585 0.5291388247908259 0.7632966987060799 0.3706619131275613 0 0 0 0 0 0
14.901331901550293 -18.843204498291016 11.834983825683594 -0.9764955186998293 0.0019931837303741166 0.21552848808862413 0.16841807127884387 -0.6169657328482058 0.768757853786087 0 0 0 0 0 0
14.906061172485352 -18.96782112121582 12.377096176147461 -0.8448825016122787 -0.44248029876745437 -0.30064055560094005 0.1036100906638204 -0.6867052385851503 0.719514325369792 0 0 0 0 0 0
14.709463119506836 -18.945960998535156 12.843352317810059 -0.42331690275361245 -0.7385157617449986 -0.52478306898879 -0.04042708256108195 -0.5632676957023215 0.8252848926121189 0 0 0 0 0 0
14.421943664550781 -19.20094871520996 13.17747688293457 0.15383868945881718 -0.8146984567016085 -0.5591065035157532 -0.1674694668777598 -0.579154020754704 0.7978311838398765 0 0 0 0 0 0
14.13999080657959 -19.54133415222168 13.275978088378906 0.8169636625657021 -0.5507094068274178 -0.17114182212138374 -0.3292693936710044 -0.6890813160775184 0.6455606913562847 0 0 0 0 0 0
13.946971893310547 -20.08588409423828 13.353086471557617 0.985077672917378 -0.14597875886406925 0.09117115925658209 -0.1688137354948128 -0.716326421773339 0.6770364688683262 0 0 0 0 0 0
13.996198654174805 -20.658464431762695 13.434011459350586 0.8568498663148216 0.3063296267375839 0.41469321959622724 -0.10414718501534757 -0.684920939560473 0.7211356809955934 0 0 0 0 0 0
14.127260208129883 -21.08437728881836 13.693403244018555 0.3567758239042497 0.7214336936895736 0.5935018425303012 -0.020956049358484073 -0.6289712160968068 0.7771460952208334 0 0 0 0 0 0
12.690736770629883 -21.689638137817383 13.556436538696289 -0.37419903918914443 -0.8019514728661645 -0.46567039227087514 0.8143904633319016 -0.5243658882423767 0.2486133312632977 0 0 0 0 0 0
12.800369262695312 -22.030977249145508 13.846475601196289 0.18070522843756942 -0.39776464952110957 -0.899515927600326 0.8289607756287087 -0.4306000755375081 0.35694202248564433 0 0 0 0 0 0
11.924625396728516 -21.46097755432129 14.501726150512695 0.09222550412128751 0.17078037668267887 0.9809834449824812 -0.24722344382658848 0.9582612773113772 -0.14358235695268992 0 0 0 0 0 0
11.612386703491211 -21.029146194458008 14.59946346282959 0.7551417093906372 0.03478065487292129 0.6546383007319365 -0.005632690292537729 0.9988989788233705 -0.04657362886544406 0 0 0 0 0 0
11.462057113647461 -20.650848388671875 14.86512279510498 0.9932497782755354 0.06019117641267542 -0.0991559389933755 -0.07036047630991638 0.9922438556838212 -0.10247699366758292 0 0 0 0 0 0
11.607889175415039 -20.167085647583008 15.122926712036133 0.7220086186177042 -0.0632898360492992 -0.688983273595671 0.2097128822232332 0.9689807465334934 0.13075480823670835 0 0 0 0 0 0
11.945944786071777 -19.850603103637695 15.28633975982666 0.2724738387187267 0.07213391255587946 -0.9594554215143412 0.4878282787856517 0.8491562891303697 0.2023787712369277 0 0 0 0 0 0
12.421285629272461 -19.647493362426758 15.260443687438965 -0.322400696448545 0.351785710933502 -0.8788086279233402 0.46494506629319043 0.8675271592167153 0.1766995001435965 0 0 0 0 0 0
12.846397399902344 -19.324420928955078 15.097784996032715 -0.7615057420568403 0.3721484345405987 -0.5306736732526336 0.4536242401623835 0.8908066472223525 -0.026240541182903296 0 0 0 0 0 0
13.108377456665039 -18.894357681274414 14.793689727783203 -0.962323160787799 0.2639672447644414 0.0652336408829788 0.25659249753196023 0.9609782250941757 -0.1033496062167577 0 0 0 0 0 0
13.108033180236816 -18.42269515991211 14.51636028289795 -0.7942121604409291 0.05918551207930506 0.60475128719802 0.05746667602534945 0.9981003140337567 -0.022211354580801486 0 0 0 0 0 0
12.908446311950684 -18.028793334960938 14.30444622039795 -0.4199848201609731 0.05191337962342626 0.9060451157919396 -0.1795640300649427 0.9738718013465539 -0.13903407369725904 0 0 0 0 0 0
12.48060417175293 -17.715906143188477 14.24954891204834 0.31018691361887846 0.12650180728348404 0.9422215086557971 -0.18071376107317574 0.980882107300882 -0.0721999178376828 0 0 0 0 0 0
12.273232460021973 -17.20477867126465 14.342446327209473 0.8399172499220857 -0.07936973155307402 0.5368793709917653 0.08222447276639219 0.9964388803568757 0.018673344409210094 0 0 0 0 0 0
12.218053817749023 -16.70032501220703 14.654104232788086 0.9711519348311799 -0.1986215765235544 0.1319597999883047 0.19522464312864096 0.9800092110223725 0.03833125391377025 0 0 0 0 0 0
12.459110260009766 -16.265552520751953 14.949807167053223 0.7781980057352348 -0.35495421026725166 -0.5180881898704652 0.34244785845391335 0.931355746677931 -0.12371716683759935 0 0 0 0 0 0
12.84414291381836 -15.96562671661377 15.106979370117188 0.24112426116579813 -0.18095346211794805 -0.9534751885732404 0.3236758608659932 0.941206338959354 -0.09677068045326513 0 0 0 0 0 0
13.301669120788574 -15.718057632446289 15.07068157196045 -0.3331852245496621 0.06814859719876595 -0.9403953290194671 0.46797019879690827 0.8778161174401041 -0.10218980869129587 0 0 0 0 0 0
13.690747261047363 -15.466092109680176 14.724174499511719 -0.7917108742335789 0.3473417896223008 -0.502541115534122 0.560898626686109 0.7392466815980696 -0.37270239377803743 0 0 0 0 0 0
13.872426986694336 -15.064679145812988 14.447084426879883 -0.9716601838022371 0.20618617417806934 -0.11560168161066647 0.23606961375281607 0.8212810353389846 -0.5193925283012087 0 0 0 0 0 0
13.917306900024414 -14.840875625610352 13.994596481323242 -0.8482378595392364 0.36895279654379926 0.3799557442213563 0.14521846509883618 0.8519498520034116 -0.5030835388538403 0 0 0 0 0 0
13.694642066955566 -14.48693561553955 13.652313232421875 -0.2586574619644026 0.4295858161880329 0.8651891954365791 -0.009683532372235145 0.894471485475489 -0.4470201235650001 0 0 0 0 0 0
13.434639930725098 -14.104854583740234 13.427581787109375 0.34167011224834737 0.3692712209602246 0.8642339381016847 -0.0688649405123689 0.9269389189791486 -0.36883852896626096 0 0 0 0 0 0
13.200597763061523 -13.61798095703125 13.6039400100708 0.8121185513829381 0.1294084310861064 0.5689612609514911 -0.1736528529884446 0.9845158550819879 0.023941966108822228 0 0 0 0 0 0
13.075216293334961 -13.063617706298828 13.808487892150879 0.9978021754399914 -0.06523125552864613 0.01164911968249141 0.06609248267047782 0.9671175712203182 -0.24559191186064264 0 0 0 0 0 0
13.196990013122559 -12.56771183013916 13.905835151672363 0.835122981934589 -0.284275169731352 -0.4709110668893771 0.25947999841121 0.9584597874301518 -0.11842705055799961 0 0 0 0 0 0
13.523859024047852 -12.173628807067871 14.005785942077637 0.29537365828252443 -0.31054657889137577 -0.9035016460038471 0.2848431226857099 0.9313122606038401 -0.22698429176403143 0 0 0 0 0 0
13.043593406677246 -11.573615074157715 13.523300170898438 0.699495817044645 0.1429456117416249 -0.7001943687440345 -0.4649841313716896 0.8350626287746254 -0.29404109168027415 0 0 0 0 0 0
12.96497917175293 -11.075761795043945 13.47142505645752 0.32841562393479107 -0.23659686293488055 -0.9144206375650623 -0.13318921430055036 0.9468453806367566 -0.29282154695451923 0 0 0 0 0 0
13.101540565490723 -10.634227752685547 13.269775390625 -0.3091258507636001 -0.4890761306345082 -0.8156259846481461 -0.1298699016444439 0.8713065476307477 -0.4732427587429629 0 0 0 0 0 0
13.286978721618652 -10.435056686401367 12.826476097106934 -0.8258714613516449 -0.3317214090129951 -0.45595749377253564 -0.10024218124249713 0.8821336391135892 -0.4602083743740029 0 0 0 0 0 0
13.35696792602539 -10.224593162536621 12.405048370361328 -0.9943484356790139 -0.06925582256654676 0.08046626313759823 -0.10559748748028555 0.7234987941156157 -0.6822013379868886 0 0 0 0 0 0
13.188980102539062 -10.06061840057373 11.900993347167969 -0.7269205961401226 0.1771263376660833 0.6634852729430317 -0.23730879555859963 0.8418496695394825 -0.4847408270888592 0 0 0 0 0 0
12.87185001373291 -9.793091773986816 11.609216690063477 -0.32050040896047255 0.3873713629251925 0.8644205660681892 -0.5097844749159913 0.6985993194611801 -0.5020744765301294 0 0 0 0 0 0
12.484549522399902 -9.548224449157715 11.364044189453125 0.16779640139347696 0.5089442711774016 0.8442867383271531 -0.4924478901247991 0.7851946813066275 -0.37545224457901133 0 0 0 0 0 0
12.109970092773438 -9.216609001159668 11.315234184265137 0.7246245258676064 0.4610839500342591 0.5121727125999116 -0.34378696195533154 0.8859785293182001 -0.31121145604987455 0 0 0 0 0 0
11.510202407836914 -9.915390014648438 10.070594787597656 -0.8723280615208481 -0.45389402392623424 -0.18172497937083523 -0.20296370546309941 0.6743289893432706 -0.7099902452822655 0 0 0 0 0 0
11.452030181884766 -9.76038932800293 9.575460433959961 -0.9341318985655407 -0.0039029252478338296 0.35690665902564495 -0.24437636952311795 0.7358071652355952 -0.6315599778379392 0 0 0 0 0 0
11.07084846496582 -9.588394165039062 9.245672225952148 -0.5398404340955858 0.2852063222525779 0.7919783200711041 -0.2469966445440549 0.8457671055027098 -0.4729383266701338 0 0 0 0 0 0
10.629633903503418 -9.476997375488281 9.04108715057373 -0.02196053843172675 0.6541789531635376 0.7560209203386151 -0.44033504776198945 0.6725763078574254 -0.5947656310020951 0 0 0 0 0 0
10.186768531799316 -9.196725845336914 8.908604621887207 0.5692034673797086 0.650159943514587 0.5032886453835671 -0.40375024148477767 0.7542673630624863 -0.5177513761640302 0 0 0 0 0 0
9.845070838928223 -8.850617408752441 8.914836883544922 0.8925100614056541 0.4509065753428191 0.0104427296377062 -0.412876105262981 0.8261152373894565 -0.3834930719789263 0 0 0 0 0 0
9.709160804748535 -8.411002159118652 9.010083198547363 0.7923508057940964 0.18459415772574347 -0.5814681397041195 -0.4484535617303613 0.8224263335872923 -0.3500061839361084 0 0 0 0 0 0
9.768269538879395 -7.738193988800049 8.975811004638672 0.6432732244268068 -0.1865697389558694 -0.7425572646210379 -0.19084304759669682 0.9001716279346528 -0.3914970899578721 0 0 0 0 0 0
10.001582145690918 -7.315410137176514 8.812826156616211 -0.13041059407303315 -0.5718928221216013 -0.8098960902234985 -0.1794740988979439 0.8169938320595332 -0.5480055895713567 0 0 0 0 0 0
10.10303020477295 -6.971333026885986 8.462993621826172 -0.6085587516286097 -0.5802262752723656 -0.5412889388300717 -0.037888805284911 0.702615503734179 -0.7105602665125936 0 0 0 0 0 0
10.328451156616211 -6.787201404571533 8.000099182128906 -0.8849711738653221 -0.3723537939861913 -0.2796044948342623 0.013614871793788303 0.579518046664527 -0.8148456718030538 0 0 0 0 0 0
10.277334213256836 -6.646783351898193 7.476632118225098 -0.9727527294473114 -0.10459782395661718 0.2069092133674724 -0.2313976689217065 0.49342945388806025 -0.8384405124117816 0 0 0 0 0 0
10.024521827697754 -6.536342144012451 6.915356159210205 -0.7487887447226816 0.23564215000504135 0.6195064107155247 -0.3159412044128071 0.6947560762714147 -0.6461386459871699 0 0 0 0 0 0
9.706768035888672 -6.414940357208252 6.60368537902832 -0.09946680526134867 0.6219250212575478 0.7767339458172918 -0.12725927604623802 0.766243619023741 -0.6298220327724232 0 0 0 0 0 0
9.264545440673828 -6.211092472076416 6.421353816986084 0.4075783860942123 0.7147940218951466 0.5682863410744605 -0.4621386026763058 0.6982026454961797 -0.5467549521847311 0 0 0 0 0 0
8.859633445739746 -5.820993900299072 6.280213356018066 0.8008090072820623 0.471930980330867 0.3687629098212896 -0.3033379064478951 0.850494325247948 -0.4297039879182479 0 0 0 0 0 0
8.678323745727539 -5.359800815582275 6.250534534454346 0.9680037479712054 0.21584587440538103 -0.12798164874651258 -0.2469135923479171 0.9102453865746324 -0.3323958696094833 0 0 0 0 0 0
8.74204158782959 -4.850852966308594 6.332346439361572 0.6962972482770123 -0.1487329545895874 -0.7021742307012645 -0.24183938675830363 0.872474033705861 -0.42462073844949205 0 0 0 0 0 0
7.2595906257629395 -5.014650821685791 6.081995487213135 -0.6987480317334851 -0.06852605009713642 0.7120782039963486 -0.590535371722707 0.6170622675240139 -0.5200981952885886 0 0 0 0 0 0
6.771007061004639 -4.992745876312256 5.795923709869385 -0.2569324771279535 0.42074479775475354 0.8700342047064618 -0.6584339131232012 0.5827771025487939 -0.4762726433400324 0 0 0 0 0 0
6.232380390167236 -4.862987041473389 5.695981025695801 0.30961539932983184 0.6933026946913867 0.6507454786869371 -0.54429851680415 0.6903822416892669 -0.47656215225813464 0 0 0 0 0 0
5.748281478881836 -4.555085182189941 5.599825859069824 0.7526895599485732 0.5802492639155656 0.3110775113534688 -0.4390965981307137 0.7944883266184297 -0.4195026535995714 0 0 0 0 0 0
5.551982879638672 -4.15933084487915 5.851439952850342 0.8023468332917753 0.4155644327775774 -0.42842240991445657 -0.5281859277183159 0.8286380524888247 -0.18541468045402998 0 0 0 0 0 0
5.417110919952393 -3.619563341140747 5.90546178817749 0.7888107921363667 0.010280429719461923 -0.6145501175445182 -0.30242171907797394 0.8769460641951013 -0.3735059629010552 0 0 0 0 0 0
5.4317827224731445 -3.0514299869537354 5.805195331573486 0.4102882671354707 -0.42370716779854156 -0.8075492392461967 -0.1422946888962843 0.8449238971146592 -0.515612092174424 0 0 0 0 0 0
5.470549583435059 -2.5216915607452393 5.634646892547607 -0.198564435162195 -0.7214611124321157 -0.6633747269356381 -0.5551487422979154 0.6405948393670399 -0.5305168477073646 0 0 0 0 0 0
5.486784934997559 -2.248478651046753 5.262743949890137 -0.6673311109378927 -0.6981868628930064 -0.2592379078337513 -0.3304093965219668 0.5894956910888719 -0.7371054611638983 0 0 0 0 0 0
5.521761894226074 -2.1412763595581055 4.719719886779785 -0.8913648223404569 -0.4423171373910307 0.09911762438723985 -0.32926184762004884 0.4815228977225222 -0.8122329312892561 0 0 0 0 0 0
5.405633926391602 -2.237673759460449 4.239574909210205 -0.9040329060475694 0.18942573372473517 0.3832002037917421 -0.26847641026923225 0.44596836232391796 -0.8538340804483444 0 0 0 0 0 0
5.118512153625488 -2.2985570430755615 3.7996699810028076 -0.5308337709762014 0.5956549621178284 0.6028355278976134 -0.48287891217138706 0.3719800947810189 -0.7927539121738107 0 0 0 0 0 0
4.62693977355957 -2.2480216026306152 3.5218265056610107 -0.19414932250523734 0.8340355849603504 0.5164210332573641 -0.41736929577766585 0.40618242683290273 -0.812907563671411 0 0 0 0 0 0
4.23667573928833 -2.045708417892456 3.2818260192871094 0.3034440220961532 0.8507052986611985 0.4292111604838233 -0.45418561705470023 0.5251197586587808 -0.7196976200646944 0 0 0 0 0 0
3.8070003986358643 -1.6910618543624878 3.16520619392395 0.7887985384449852 0.6082108340295896 0.08874934994740236 -0.42363216205061766 0.6425784432790397 -0.6384580922107614 0 0 0 0 0 0
3.561399459838867 -1.2951247692108154 2.8954334259033203 0.8089732954346626 0.49016234471971637 0.3245043652902871 -0.37087701096300185 0.8538676832631643 -0.36518518893562224 0 0 0 0 0 0
2.4967002868652344 -1.3070259094238281 2.3780460357666016 -0.5967535144696284 0.10715574514334543 0.7952376306808685 -0.5896809863293695 0.6135668381411238 -0.5251781312041904 0 0 0 0 0 0
2.0273830890655518 -1.34818696975708 2.0835630893707275 -0.14815078134606346 0.5304070838702456 0.8346973531567075 -0.6318202041259218 0.598547290407584 -0.49248793975489197 0 0 0 0 0 0
1.5508711338043213 -1.220435380935669 1.9827344417572021 0.37500028802914187 0.7496192558989782 0.5453858773047968 -0.5795336573179425 0.6487527460390067 -0.49321457251640266 0 0 0 0 0 0
1.0959872007369995 -0.8624593019485474 2.0138885974884033 0.6799839212705301 0.7236300799441019 0.11824286115299484 -0.6172261656483504 0.6519643368060273 -0.44042520814789005 0 0 0 0 0 0
0.7484118938446045 -0.4584428668022156 2.0361835956573486 0.8859414571817599 0.40388820529857217 -0.2279957281778729 -0.4532988070982322 0.6500397366112058 -0.609892230078195 0 0 0 0 0 0
0.6523109674453735 0.06740745157003403 2.0367143154144287 0.7514832426573248 -0.03789880080513475 -0.6586627489867368 -0.49073305673823747 0.635173603597499 -0.596435713482445 0 0 0 0 0 0
0.6268030405044556 0.5061289072036743 1.8344597816467285 0.41903249346222166 -0.45033807754951727 -0.7884208174140495 -0.3698320918781752 0.7083826802251242 -0.6011806734868335 0 0 0 0 0 0
0.7366295456886292 0.897960901260376 1.5959293842315674 -0.15363184790457307 -0.6382230552362258 -0.7543663480526974 -0.2970234666092147 0.7579507629988449 -0.5807647554327947 0 0 0 0 0 0
0.8288945555686951 1.0863375663757324 1.2442049980163574 -0.8884944693861729 -0.4143652192359039 -0.19717769386460607 -0.13700028698116795 0.6496134627838479 -0.7478190090771002 0 0 0 0 0 0
0.9545930027961731 1.103105902671814 0.6690611839294434 -0.9916050904622363 -0.009714084668434961 0.12893789640146364 -0.11600726385539956 0.5072691914423264 -0.8539439572631403 0 0 0 0 0 0
0.7720693945884705 1.1299796104431152 0.17482280731201172 -0.7862432819047648 0.3629421158877667 0.5000945132417826 -0.22236818949243972 0.588910543808879 -0.777004993351127 0 0 0 0 0 0
0.45395687222480774 1.3044109344482422 -0.2832610309123993 -0.3640426979011337 0.5616787855156492 0.7429601981307808 -0.3045955323763462 0.6820352220682726 -0.6648680451899102 0 0 0 0 0 0
0.09942374378442764 1.5898053646087646 -0.47866421937942505 0.3820089679230387 0.660134045112907 0.6467551243780333 -0.3294949883899425 0.7511282254710006 -0.5720484608201454 0 0 0 0 0 0
-0.278806209564209 1.9364197254180908 -0.4412167966365814 0.7583890207847781 0.6337316145814388 0.15241500527542584 -0.46988406815943906 0.6936228905350444 -0.5459819119858694 0 0 0 0 0 0
-0.45576566457748413 2.3914949893951416 -0.7092981934547424 0.8378553670912245 0.4696107456420127 0.27832378880358455 -0.31535273052321733 0.8325515704054146 -0.4554234710322131 0 0 0 0 0 0
-0.6967535018920898 2.8789584636688232 -0.6168555617332458 0.9389191825787463 0.002322221643324893 -0.3441298822716479 -0.12346588496319824 0.9356782715107559 -0.3305485553937559 0 0 0 0 0 0
-2.1491851806640625 2.8139357566833496 -0.43707817792892456 -0.3779432375501636 0.13017005750268146 0.9166322410431836 -0.7459218431975904 0.5436544460124256 -0.3847602463504154 0 0 0 0 0 0
-2.649618148803711 3.0032620429992676 -0.5517207980155945 0.2059149043961274 0.41461986088743524 0.886391235914039 -0.8053474174251217 0.5863564805852435 -0.08718724059387292 0 0 0 0 0 0
-3.0532102584838867 3.005680799484253 -0.3817518353462219 0.3208551499702899 0.8134389914800692 0.485148410156553 -0.9040827348224507 0.41571004734654216 -0.09909371892856957 0 0 0 0 0 0
-3.533188581466675 3.253258466720581 -0.27702680230140686 0.6484078761640706 0.7517517818134721 -0.12015192328327173 -0.7577923591501154 0.6222188413969524 -0.1964547118914094 0 0 0 0 0 0
-3.866764783859253 3.746281385421753 -0.2348686158657074 0.7437050607910821 0.3025916385895158 -0.5961049260066927 -0.592141254081836 0.7120389698921727 -0.37731848691693365 0 0 0 0 0 0
-4.119957447052002 4.278027534484863 -0.3598383367061615 0.6769794900206322 -0.20493137613312395 -0.7068959620535322 -0.502386144878145 0.5732369633940513 -0.6473079214973679 0 0 0 0 0 0
-4.083267688751221 4.716369152069092 -0.6321682333946228 0.13046090164575272 -0.6957390240581189 -0.7063477638843586 -0.4718831484257127 0.5829950663713802 -0.6613947738064362 0 0 0 0 0 0
-3.962519884109497 5.008089542388916 -0.9802160263061523 -0.5519658418688086 -0.7151372446909253 -0.4288501261115927 -0.2109639746329286 0.6173211975028773 -0.7578975791759007 0 0 0 0 0 0
-3.976775884628296 5.202061176300049 -1.4902464151382446 -0.7040411918397891 -0.7101166938724283 -0.0077641017832982065 -0.3917031599753748 0.39742491125111873 -0.8298325580394798 0 0 0 0 0 0
-4.065893650054932 5.168649196624756 -1.9588241577148438 -0.9271810487570354 -0.1644188201040218 0.33660325967139026 -0.37461259744214775 0.4089545194309501 -0.8321187432540192 0 0 0 0 0 0
-4.340169906616211 4.990085601806641 -2.3446173667907715 -0.6055897907626164 0.7004073943930148 0.3777439439669128 -0.3284955027270967 0.2123273706114361 -0.920330262665151 0 0 0 0 0 0
-4.6896138191223145 4.980766773223877 -2.7107582092285156 0.05077353536348722 0.931160078781234 0.3610581058373 -0.32123862952059207 0.35753894013660503 -0.8769102857132678 0 0 0 0 0 0
-5.034246444702148 5.2576422691345215 -3.075438976287842 0.4450041159056221 0.8050569645623755 0.3922430632103893 -0.3454897316446386 0.5584296764964891 -0.7541837586000791 0 0 0 0 0 0
-5.4575653076171875 5.638583183288574 -3.1841418743133545 0.7943792611842295 0.6072446244476517 -0.014681807784734956 -0.3955067138721688 0.49874291601078957 -0.7712521915762008 0 0 0 0 0 0
-5.665820121765137 6.04487419128418 -3.3197546005249023 0.9292430087616846 0.14031676244035032 -0.3417874146977767 -0.35650722681650804 0.5834084350026528 -0.7297514612492108 0 0 0 0 0 0
-5.8936848640441895 6.448841094970703 -3.7761282920837402 0.9902702210181752 -0.1391577502565137 -0.00009953974117582617 0.07767655235721535 0.5533527708730998 -0.8293172277126284 0 0 0 0 0 0
-5.822847366333008 6.917825222015381 -3.9184536933898926 0.5487327382964837 -0.7138713522838573 -0.43506329919916165 -0.1351593401934222 0.43780962319076006 -0.8888502048152116 0 0 0 0 0 0
-7.203118801116943 6.549069881439209 -3.019007921218872 -0.1672498633808221 -0.05164150675567252 0.9845611397872153 -0.8009575312854307 0.589416287189361 -0.10514501164133827 0 0 0 0 0 0
-7.734164237976074 6.665109634399414 -2.9284780025482178 0.40242612414817885 0.4392713859836956 0.8031773552952285 -0.6653062112175206 0.7429922154215635 -0.07300830869390751 0 0 0 0 0 0
-8.131357192993164 6.93718147277832 -2.6803526878356934 0.7808021620915461 0.5630584688007482 0.27076400127218475 -0.5957159649464997 0.8015759773830541 0.05097491138062548 0 0 0 0 0 0
-8.376442909240723 7.208416938781738 -2.3690247535705566 0.7844750793192422 0.522536749153549 -0.3339972989578051 -0.569047975380636 0.8206135639313851 -0.05270465261274051 0 0 0 0 0 0
-8.500809669494629 7.748661518096924 -2.1850433349609375 0.632226467483596 0.1601999918153425 -0.758040669380989 -0.4427635054855856 0.8775956365616177 -0.18381070942174513 0 0 0 0 0 0
-8.49722671508789 8.256417274475098 -2.2186121940612793 0.07176787704214026 -0.174043419841746 -0.9821192696585551 -0.296284494287906 0.9364926504468076 -0.18760867278373267 0 0 0 0 0 0
-8.323332786560059 8.756147384643555 -2.4264285564422607 -0.43943418783790944 -0.40081730908183616 -0.8038924550582826 -0.17907982003061376 0.9160551121783294 -0.3588501769677029 0 0 0 0 0 0
-8.202672958374023 9.082764625549316 -2.7956924438476562 -0.8220348664310386 -0.39105223749558427 -0.41392852755204196 -0.04375818184109769 0.7681390806647946 -0.638786016031508 0 0 0 0 0 0
-8.264213562011719 9.133781433105469 -3.311208724975586 -0.9838180887310578 0.07409302122525435 0.16313243850100007 -0.057030632023951 0.7336331502359102 -0.6771483647516864 0 0 0 0 0 0
-8.40589714050293 9.406896591186523 -3.8040454387664795 -0.7355878153656864 0.19325312197078726 0.6492794442565397 -0.2581716816458419 0.8061410755314473 -0.532432107537815 0 0 0 0 0 0
-8.785591125488281 9.496885299682617 -4.14968729019165 -0.3054702349543514 0.4904727977179074 0.8161644259925215 -0.4033838870316898 0.7097643322574905 -0.5775084694948497 0 0 0 0 0 0
-9.182432174682617 9.762614250183105 -4.333464622497559 0.24547863272344256 0.628736201226045 0.7378556973718313 -0.5469073469090059 0.7182693432977073 -0.4300947620881154 0 0 0 0 0 0
-9.549160957336426 10.015345573425293 -4.249295234680176 0.6386622313972603 0.7524118863095074 0.16120455181799784 -0.6624483500711665 0.6442085155751197 -0.38230560020550336 0 0 0 0 0 0
-9.771145820617676 10.526167869567871 -4.292731285095215 0.8932341341097799 0.3718167042980344 -0.2527550594273042 -0.44957766988805814 0.73423367188403 -0.5087050558130112 0 0 0 0 0 0
-10.878067970275879 10.449132919311523 -5.111598968505859 0.11410188139856076 -0.8485090637865474 -0.5167331316389395 -0.6993560248821602 -0.4380226721166017 0.5648338597967152 0 0 0 0 0 0
-11.792967796325684 10.616113662719727 -4.4925856590271 -0.4068499033150113 -0.3537567133373852 0.8422169221413786 -0.7387262733027777 0.6697593600394374 -0.07553736010580005 0 0 0 0 0 0
-12.316682815551758 10.729148864746094 -4.406039237976074 0.3250572345800471 0.196945502479003 0.9249596009018259 -0.6666549195072918 0.7414394466930291 0.07641181311983945 0 0 0 0 0 0
-12.74537181854248 10.812885284423828 -4.199801921844482 0.6997481763556084 0.6520669003622871 0.29182400027913996 -0.6939208037131233 0.7174862238471513 0.06072426832567421 0 0 0 0 0 0
-13.020891189575195 11.14405345916748 -3.947831630706787 0.7252062321094029 0.6159939987356253 -0.30761553021812366 -0.5785888763041099 0.7873935559615474 0.21271177740637 0 0 0 0 0 0
-13.049072265625 11.568198204040527 -3.6422057151794434 0.40967577775061326 0.532018937866164 -0.7410273995448406 -0.34491935475893404 0.8423582783740657 0.4140811147195204 0 0 0 0 0 0
-13.092583656311035 12.172281265258789 -3.464630365371704 0.19195965206295562 0.12465027038830712 -0.9734545711392961 -0.31262049983431484 0.9479974332801488 0.05974353167994655 0 0 0 0 0 0
-12.968607902526855 12.726125717163086 -3.549990653991699 -0.5403061791726538 -0.30819734698877693 -0.7829965696329249 -0.5060169438749197 0.862469015868006 0.009697895604702515 0 0 0 0 0 0
-13.061795234680176 13.237677574157715 -3.8210225105285645 -0.8000496915591675 -0.49280869435813723 -0.34214044163341595 -0.5287665498995271 0.8486505192625244 0.014079483754695227 0 0 0 0 0 0
-13.208221435546875 13.673872947692871 -4.016016483306885 -0.777638963391897 -0.6227291505744202 0.08652194888949781 -0.6284040382136118 0.7655633175011509 -0.1379172637977491 0 0 0 0 0 0
-13.571033477783203 13.871691703796387 -4.433398723602295 -0.7034396098824038 -0.43836825650082084 0.559469379806368 -0.6793322654934344 0.6461373908169828 -0.34787087438844244 0 0 0 0 0 0
-14.087814331054688 13.95148754119873 -4.821480751037598 -0.47192695116438865 -0.24229234504129973 0.8476906111896442 -0.8079686180896979 0.503620245710186 -0.30586493799230413 0 0 0 0 0 0
-14.609931945800781 13.938929557800293 -4.967654705047607 -0.010376036515681758 0.3920649293998748 0.9198790295473076 -0.893277425000768 0.4097909554135495 -0.18473444412249568 0 0 0 0 0 0
-15.153539657592773 13.99117660522461 -4.921874523162842 0.4083507502088175 0.5367541339322379 0.7383391256804349 -0.878981870433697 0.44941745087475565 0.15942028195344665 0 0 0 0 0 0
-15.496620178222656 14.051780700683594 -4.551642417907715 0.4087396660993367 0.9125987206580531 -0.00977038434696556 -0.8689527111781188 0.3924196052741175 0.3015427650146874 0 0 0 0 0 0
-15.648859024047852 12.574811935424805 -5.041494846343994 0.7555021347477239 0.3105082207535693 -0.5768892174725447 -0.294134911793179 0.9475774434843268 0.12482644857611883 0 0 0 0 0 0
-16.010955810546875 11.389442443847656 -5.811064720153809 -0.26066223387398535 -0.6099769981348468 -0.7483202934427374 0.8879753983307336 0.1527185158805099 -0.433793438017024 0 0 0 0 0 0
-15.584534645080566 11.281620979309082 -6.12712287902832 -0.6196092396330831 0.30777919201829895 -0.7220501084563837 0.7829817489069495 0.30681322310605885 -0.5411148002096106 0 0 0 0 0 0
-15.324522018432617 11.275734901428223 -6.571829319000244 -0.4807665470910871 0.8741021378655552 0.06934680797974362 0.7603281699359193 0.454967521518184 -0.4635791500547633 0 0 0 0 0 0
-15.121886253356934 11.492542266845703 -6.958004474639893 -0.08621973885428645 0.5639366493638035 0.8213048229106079 0.8233030424186474 0.5045463843990126 -0.26000970430751785 0 0 0 0 0 0
-14.93039608001709 12.002967834472656 -7.1244611740112305 0.032217946796307545 0.0686798028131751 0.9971183924638907 0.8140142882240415 0.577077264265771 -0.06604975120801516 0 0 0 0 0 0
-14.742866516113281 12.488844871520996 -7.014800071716309 0.4247105953601404 -0.6736681879373233 0.604807475772314 0.8229302800543858 0.5657333965715169 0.052263545356829096 0 0 0 0 0 0
-15.751371383666992 11.874510765075684 -7.3400444984436035 -0.9769606148054265 0.05573470066697527 -0.20601359241701955 0.19626741428800168 -0.1445231909833942 -0.9698413011192498 0 0 0 0 0 0
-15.958834648132324 11.62317180633545 -7.712060451507568 -0.688422225474882 0.7053475726796689 -0.16899597979570413 -0.2650526766007268 -0.4615320583343281 -0.8466021720716698 0 0 0 0 0 0
-16.36806869506836 11.405449867248535 -7.912734508514404 -0.3255521454770113 0.8914477292759146 -0.3151773255552031 -0.5266516485036624 -0.4478011273462905 -0.7225733121806853 0 0 0 0 0 0
-16.791107177734375 11.272409439086914 -8.106729507446289 0.3806816386155894 0.6707968875452561 -0.6364848982344725 -0.4930710310434229 -0.4350450177408279 -0.7534034715108889 0 0 0 0 0 0
-17.30889129638672 11.155317306518555 -8.21152400970459 0.5700892424039168 0.7293605113503053 -0.3781950557293808 -0.592749171279435 0.04638598716799155 -0.8040502224003137 0 0 0 0 0 0
-17.657995223999023 11.423234939575195 -8.61823558807373 0.8764565955963274 0.3384605980807305 -0.34244453504550204 -0.42927039047236026 0.22718727049757687 -0.8741355020748033 0 0 0 0 0 0
-17.686279296875 11.802122116088867 -9.121294021606445 0.8693893562343219 -0.37111385214594206 -0.32624631187474185 -0.35283433714866186 -0.0040127324465935145 -0.9356772031567171 0 0 0 0 0 0
-17.874879837036133 11.861547470092773 -9.623538970947266 0.6838733773703133 -0.7293444553070114 -0.019335698514399213 -0.21767304722465372 -0.1786640322945458 -0.9595298890999632 0 0 0 0 0 0
-17.758935928344727 11.856840133666992 -10.122390747070312 0.11945226419643007 -0.9309084559503515 0.3451675002349999 -0.29129172005520987 -0.3652173581844623 -0.8841749912251757 0 0 0 0 0 0
-18.078577041625977 11.212564468383789 -10.632590293884277 0.9318897534101057 -0.01021143879675663 -0.3625978681776166 0.3417641543229386 -0.31028718895438445 0.8870846200846416 0 0 0 0 0 0
-17.892404556274414 10.826166152954102 -10.23715877532959 0.6955522209833823 0.6843321754900638 -0.2188528763213325 0.2448214925965262 0.06063043986939079 0.9676705981500385 0 0 0 0 0 0
-17.510005950927734 10.688899993896484 -9.816422462463379 0.09817558495349937 0.9689957414512809 -0.2267351044022971 0.37135054320029137 0.1757080872035988 0.911715658610787 0 0 0 0 0 0
-17.11673355102539 10.979646682739258 -9.581586837768555 -0.7502895627654096 0.657344389629453 0.07045513060077604 0.32869712088606495 0.27844675399713853 0.902455321835751 0 0 0 0 0 0
-16.76437759399414 11.33801555633545 -9.462868690490723 -0.8219792130985731 0.22417961692413546 0.5235395616279617 0.561226080045804 0.4751359484126757 0.6776954460540577 0 0 0 0 0 0
-16.596595764160156 11.725298881530762 -9.069124221801758 -0.8362848794207006 -0.2901089975885003 0.4652573158699384 0.33474337121641085 0.40191052237769587 0.8522997169005513 0 0 0 0 0 0
-16.685897827148438 12.16891860961914 -8.796289443969727 -0.24162442765426906 -0.7866586771550743 0.5681423779453314 0.3484766735169023 0.4760900083697819 0.8074046766925835 0 0 0 0 0 0
-16.738224029541016 12.467782020568848 -8.356748580932617 0.2560366672961707 -0.9119568804120913 0.3205930025264381 0.11817437125435988 0.35868905437970255 0.925946532066961 0 0 0 0 0 0
-16.86072540283203 12.375692367553711 -7.847736835479736 0.8630246526131704 -0.5023029401641534 0.05366754405004245 0.13555229090093965 0.3326107493528642 0.9332714856066445 0 0 0 0 0 0
-16.78970718383789 12.327986717224121 -7.337096691131592 0.9046685206583979 0.06533375360816052 -0.42107762748597066 0.35752820162836163 0.421256442921979 0.8334966072739056 0 0 0 0 0 0
-17.89618682861328 13.297456741333008 -6.997056484222412 -0.7120252417132084 -0.05134325187683538 -0.7002741789113454 -0.6515746038314926 -0.32335374429032365 0.6862163592448532 0 0 0 0 0 0
-18.35288429260254 13.294795036315918 -6.833329200744629 -0.275260116075264 -0.8021200039161024 -0.5299390227336199 -0.7002491316964042 -0.21040239979227493 0.6821891114053958 0 0 0 0 0 0
-18.81426239013672 13.248724937438965 -6.7409820556640625 0.34151432551962 -0.9305014869413185 0.1324195916957681 -0.7551291200583503 -0.18776219907069308 0.6281125445650956 0 0 0 0 0 0
-19.221235275268555 12.982605934143066 -6.535577297210693 0.7391332057362795 -0.4644830976734628 0.48778843380473386 -0.6564290829147025 -0.3344521552278719 0.6761971716645925 0 0 0 0 0 0
-19.43595314025879 12.573156356811523 -6.297449111938477 0.5897768868739124 0.38872850557300576 0.7078512362525717 -0.662841496230548 -0.26768117146161896 0.699276727283115 0 0 0 0 0 0
-20.480180740356445 13.07992935180664 -6.908112049102783 -0.7884213139926918 0.5941770072938923 0.15920275011855584 -0.3757144398671793 -0.2602225294270963 -0.8894508951335401 0 0 0 0 0 0
-20.85646629333496 12.8976411819458 -7.021823883056641 -0.16286907676480636 0.925916137370786 -0.34081222159738245 -0.5294660489708256 -0.37349578707206926 -0.7616866810090873 0 0 0 0 0 0
-21.26197052001953 13.01954174041748 -7.358757495880127 0.6376053985613322 0.41672876043726637 -0.6479170440340831 -0.6292497805930048 -0.20346225555877157 -0.7500985429839152 0 0 0 0 0 0
-20.98235511779785 12.428094863891602 -8.26710319519043 -0.296075442912342 0.6345992856379528 -0.7138788964327636 0.9548284523101946 0.21646496061148932 -0.20358179556724898 0 0 0 0 0 0
-20.586088180541992 12.450614929199219 -8.623255729675293 -0.33631495967118324 0.9224008784385868 -0.18991805432105094 0.9348797370908006 0.3513163497845758 0.05076120123753313 0 0 0 0 0 0
-20.274700164794922 12.610489845275879 -8.911917686462402 -0.2131156825021988 0.8136929661400881 0.5408192514378232 0.964518270880533 0.26350732756896206 -0.01638271818382144 0 0 0 0 0 0
-19.64894676208496 13.028263092041016 -9.059588432312012 -0.4384038142157038 0.523822915206067 -0.7303503605709661 -0.8828066507560183 -0.09845738908646501 0.4593022533313093 0 0 0 0 0 0
-20.011951446533203 13.339850425720215 -8.856736183166504 -0.42977528760731365 -0.30069392910498055 -0.8513967131493168 -0.8981437974429465 0.04534658420412467 0.43735729834516557 0 0 0 0 0 0
-20.49397087097168 13.516097068786621 -8.83095932006836 -0.11959173988698282 -0.8594955971982013 -0.49695586740445225 -0.9017254941963508 -0.11541813529081113 0.4166170749769372 0 0 0 0 0 0
-20.955272674560547 13.548903465270996 -8.938232421875 0.2535577759327844 -0.9405956367853544 0.22580589523830757 -0.9224682167547249 -0.1648631923091841 0.3491024447049648 0 0 0 0 0 0
-21.533061981201172 13.44529914855957 -8.868813514709473 0.42389449025494363 -0.8310615108335839 0.36006975205160247 -0.9042801654334395 -0.36599949667863435 0.2198220890508 0 0 0 0 0 0
-21.80711555480957 13.078673362731934 -9.030399322509766 0.2964578503111073 -0.4416707456405076 0.8467819645187746 -0.8371082466271088 -0.54698206255509 0.007772172917999834 0 0 0 0 0 0
-21.972553253173828 12.582906723022461 -9.084917068481445 -0.2582051180780062 0.28691682908596006 0.9225014093136014 -0.8384177091229866 -0.5409660639843448 -0.0664188425542691 0 0 0 0 0 0
-22.241029739379883 12.20203971862793 -8.976210594177246 -0.4605264810366693 0.8082912078431134 0.36685240027496535 -0.8869368717274027 -0.4355370865040604 -0.15378696905122857 0 0 0 0 0 0
-22.697494506835938 12.057478904724121 -8.674053192138672 -0.2684846708276743 0.8344363378411724 -0.481281601165854 -0.7722877253302628 -0.4850826335620973 -0.41020300818091127 0 0 0 0 0 0
-23.152639389038086 11.980103492736816 -8.735017776489258 0.3061776669429602 0.40018242648489216 -0.8637761641756674 -0.8196854367422628 -0.3506040480174637 -0.4529818829781318 0 0 0 0 0 0
-23.530675888061523 12.006610870361328 -9.075751304626465 0.8152485273675182 -0.26384915798053804 -0.5155128130881462 -0.5777632562878785 -0.3098692816321933 -0.7550964494581973 0 0 0 0 0 0
-23.720434188842773 12.050873756408691 -9.475333213806152 0.6002472617100919 -0.7988117509668634 0.040037623890410684 -0.48824067876540295 -0.40560647243463 -0.7727253257903707 0 0 0 0 0 0
-23.737682342529297 11.944215774536133 -10.022871017456055 0.20281180903237409 -0.8530465053552221 0.4808108045980864 -0.3768238121170394 -0.5211927874636225 -0.7657427067347632 0 0 0 0 0 0
-23.64582061767578 11.650862693786621 -10.442153930664062 -0.5972027598433144 -0.4919427871448632 0.6335149231167901 -0.3580411885814232 -0.5432702296612069 -0.7593839377041508 0 0 0 0 0 0
-23.684757232666016 11.257301330566406 -10.713663101196289 -0.8431025422087354 -0.10561788834551274 0.5272788303948893 -0.3545129953935396 -0.6281139286180453 -0.692671227042892 0 0 0 0 0 0
-23.954957962036133 10.870720863342285 -10.868826866149902 -0.7732824795482 0.6268337861905047 -0.09546523615360973 -0.4087888121429358 -0.6079560738497202 -0.6806475735180442 0 0 0 0 0 0
-24.23643684387207 10.520880699157715 -10.974774360656738 -0.48050793821693766 0.7788614495866154 -0.4030967174988454 -0.6213093492446405 -0.626719003530373 -0.47031689652307584 0 0 0 0 0 0
-24.62437629699707 10.283961296081543 -10.99388599395752 -0.032133466834047233 0.7354339205246859 -0.6768340925595541 -0.7405033308921605 -0.4723352412586455 -0.47807346381362 0 0 0 0 0 0
-25.122526168823242 10.285104751586914 -11.163262367248535 0.5451692726481189 0.07664736754202363 -0.8348147370579888 -0.7191743152183773 -0.46895536315273345 -0.5127076864066561 0 0 0 0 0 0
-25.852529525756836 9.127477645874023 -11.331274032592773 0.32042197593573674 -0.6822503275733347 -0.6571637907428525 -0.19939380382098243 -0.7267749254339381 0.6572977398092081 0 0 0 0 0 0
-26.14446449279785 8.895559310913086 -11.353777885437012 0.839060201529839 -0.45982345385411044 0.2907582664248481 -0.533045893900106 -0.5879543547456622 0.6084174157039302 0 0 0 0 0 0
-25.938594818115234 8.712018013000488 -11.871602058410645 0.9879289038923038 -0.15100934655844742 0.034534882454436686 -0.1240430427045183 -0.9047162209356099 -0.40755598772756835 0 0 0 0 0 0
-25.953990936279297 8.352599143981934 -12.21486759185791 0.825573086761763 -0.1888646137322336 0.5317511035197096 0.15377781502217427 -0.8313640988637174 -0.5340282003111119 0 0 0 0 0 0
-27.317991256713867 8.721757888793945 -11.604496955871582 -0.0611431369658925 0.027090753542206834 0.9977612980440189 0.21408753578471074 0.976722561724726 -0.0134001656526796 0 0 0 0 0 0
-27.59573745727539 9.145273208618164 -11.51649284362793 0.717510742203159 -0.17780772102598238 0.6734706743182055 0.16225616322940506 0.9829371677317696 0.08664561030727418 0 0 0 0 0 0
-27.590126037597656 9.508648872375488 -11.25085735321045 0.8970501801223497 -0.2162993197068418 -0.38537719008371174 0.18005535263196845 0.9752584575315751 -0.1282614946182624 0 0 0 0 0 0
-27.875486373901367 10.582311630249023 -11.05220890045166 -0.7266812496444673 0.5448070878720046 -0.41847293630482385 -0.42834410755679136 0.11690574797998998 0.896021412473282 0 0 0 0 0 0
-27.964998245239258 10.957071304321289 -10.689549446105957 -0.9498873418065575 -0.24872052643837494 -0.1893466070567142 -0.23579016930834554 0.17242579790395243 0.9563850376677414 0 0 0 0 0 0
-28.214418411254883 11.171490669250488 -10.329538345336914 -0.5716915355638085 -0.8059080163871986 -0.15388650781516028 -0.34723597751315605 0.0677215046031015 0.935329339716645 0 0 0 0 0 0
-28.798145294189453 10.812548637390137 -9.617003440856934 -0.9469827761132109 0.26201576604391213 -0.18593375188313174 0.13835298007739824 -0.1897461878249341 -0.9720364381593973 0 0 0 0 0 0
-28.89405632019043 10.47824764251709 -10.01654052734375 -0.3353511286700733 0.9044557460516128 -0.2636274339554375 0.26919148742161286 -0.1761705649630837 -0.946836773229857 0 0 0 0 0 0
-29.013063430786133 10.423559188842773 -10.458348274230957 0.6306574357055116 0.7728687586588167 0.0703212676117847 0.3585368811780667 -0.20979923376601076 -0.9096348642979225 0 0 0 0 0 0
-29.08145523071289 10.628680229187012 -10.93991470336914 0.9509554293726609 0.21396962078997903 0.2233848086277374 0.26328658059136634 -0.1808190003452253 -0.9476205282678608 0 0 0 0 0 0
-28.970760345458984 10.821141242980957 -11.347478866577148 0.7314932380591304 -0.6711450220775107 0.12034119001549681 0.13220214893876214 -0.03354213214330666 -0.9906550949686044 0 0 0 0 0 0
-28.765405654907227 10.92306137084961 -11.745262145996094 -0.2640637499499314 -0.9644087084988372 -0.013644740158216779 0.02467731258450573 0.0073867321737557745 -0.9996681781628343 0 0 0 0 0 0
-28.613357543945312 10.755311965942383 -12.268056869506836 -0.854509692361116 -0.4954567397199937 0.15599937412356915 -0.20232708611487327 0.040872537092456473 -0.978464708579666 0 0 0 0 0 0
-28.71422004699707 10.635167121887207 -12.729350090026855 -0.9108086734445493 0.17045297233278667 0.37599646886785826 -0.40553287516453934 -0.1989453066540029 -0.8921680627107917 0 0 0 0 0 0
-28.96868133544922 10.333637237548828 -12.849093437194824 -0.47041008269251583 0.8426617033284619 -0.261983983947103 -0.16420577063365568 -0.37528530870247884 -0.9122485417706584 0 0 0 0 0 0
-29.261394500732422 10.207842826843262 -13.267770767211914 0.1975102609208794 0.9653665073050949 -0.1704617358955616 -0.2325676972940312 -0.12277911461800567 -0.9647992305080734 0 0 0 0 0 0
-29.681116104125977 9.099432945251465 -13.232884407043457 -0.5822967491772308 -0.7089683096245627 -0.3978623277538593 0.6796224550871942 -0.1559390899984551 -0.7167958696530754 0 0 0 0 0 0
-29.27784538269043 9.474662780761719 -13.912369728088379 -0.6483631987821799 0.517777438580318 -0.5581502365511856 -0.422289705825457 0.36542736712483065 0.8295385727680562 0 0 0 0 0 0
-29.29183578491211 7.909952640533447 -13.903806686401367 0.15821579112347675 -0.9694007408117508 -0.18769647613314808 0.4078226950586015 -0.10896383631198535 0.9065360068807604 0 0 0 0 0 0
-29.181882858276367 7.736846923828125 -13.454365730285645 0.6875238361594332 -0.4431583874576223 -0.5752578711661205 0.6252688352293965 -0.04154888749809798 0.7793026200639545 0 0 0 0 0 0
-29.061948776245117 7.4941511154174805 -13.055519104003906 0.8120135782015107 0.3418027664864014 -0.47308013870656385 0.5367091927609873 -0.11885746791574643 0.8353539038793719 0 0 0 0 0 0
-30.017454147338867 6.9825944900512695 -13.371699333190918 -0.11984841426432657 -0.9284330114527547 -0.35163688777358826 -0.4568457461903286 -0.2628874279040666 0.8498130173383944 0 0 0 0 0 0
-30.435489654541016 6.859554767608643 -13.226236343383789 0.4098652209025722 -0.9060701205740077 0.10510678996852944 -0.6835563197550835 -0.22880753169782855 0.693107402327542 0 0 0 0 0 0
-30.774438858032227 6.404476165771484 -12.974957466125488 0.6787068914199448 -0.09810376203290484 0.7278273197772025 -0.7327369508235966 -0.15729804625445407 0.6620829899206516 0 0 0 0 0 0
-31.363513946533203 6.237238883972168 -13.612838745117188 -0.20751901304043954 -0.11652292000235476 0.9712663220460425 -0.7032035789495816 0.7079827207038915 -0.06530845073354248 0 0 0 0 0 0
-31.808204650878906 6.298943042755127 -13.483355522155762 0.44287488846789663 0.5854548817932471 0.6790466954112973 -0.747769159498707 0.6590576490818463 -0.08052514693750945 0 0 0 0 0 0
-32.23019027709961 6.553633213043213 -13.250234603881836 0.7623183633867566 0.573890456448409 -0.2991996939182489 -0.6424997538209689 0.7266827518991977 -0.24315888721616466 0 0 0 0 0 0
-32.37670135498047 7.022873401641846 -13.237678527832031 0.6530472701363096 -0.0018775454723204282 -0.7573148207915341 -0.6115537170613913 0.5885219691591895 -0.5288137129135231 0 0 0 0 0 0
-32.30030822753906 7.872201442718506 -12.970690727233887 -0.6592462918094475 0.7397006508978622 0.13504545085552358 0.18499206715079722 -0.014525789252256723 0.9826326559492484 0 0 0 0 0 0
-32.15694046020508 8.212052345275879 -12.534595489501953 -0.9963971888012622 -0.05209436871962954 -0.0669239784878719 -0.06522583031556756 -0.033644018107517805 0.997303199185296 0 0 0 0 0 0
